Unidade Responsável;UASG;Id do item no PCA;Categoria do Item;Identificador da Futura Contratação;Nome da Futura Contratação;Catálogo Utilizado;Classificação do Catálogo;Código da Classificação Superior (Classe/Grupo);Nome da Classificação Superior (Classe/Grupo);Código do PDM do Item;Nome do PDM do Item;Código do Item;Descrição do Item;Unidade de Fornecimento;Quantidade Estimada;Valor Unitário Estimado (R$);Valor Total Estimado (R$);Valor orçamentário estimado para o exercício (R$);Data Desejada
ERN - HOSPITAL DR JOSÉ PEDRO BEZERRA DE NATAL;925778;30;Serviço;925778-20/2026;Nutrição Parenteral;Catálogo do Compras.gov.br;Material;6505;DROGAS E MEDICAMENTOS;;;;;-;0,0000;0,0000;940799,7600;0,0000;30/12/2026
ERN - HOSPITAL DR JOSÉ PEDRO BEZERRA DE NATAL;925778;1836;Serviço;925778-4/2026;Serviços Diversos;Catálogo do Compras.gov.br;Serviço;872;SERVIÇOS DE REPARO DE OUTROS BENS;;;;;-;0,0000;0,0000;50000,0000;0,0000;31/12/2026
ERN - HOSPITAL DR JOSÉ PEDRO BEZERRA DE NATAL;925778;1837;Serviço;925778-4/2026;Serviços Diversos;Catálogo do Compras.gov.br;Serviço;545;TIPOS ESPECIAIS DE SERVIÇOS DE CONSTRUÇÃO;;;;;-;0,0000;0,0000;10000,0000;0,0000;31/12/2026
ERN - HOSPITAL DR JOSÉ PEDRO BEZERRA DE NATAL;925778;1;Material;925778-22/2026;Material de vestuários, tecidos, aviamentos;Catálogo do Compras.gov.br;Material;6532;VESTUÁRIO HOSPITALAR E CIRÚRGICO E ITENS CORRELATOS DE  FINALIDADES ESPECIAIS;30093;AVENTAL CIRÚRGICO - PARAMENTAÇÃO;604933;ESTERILIDADE: ESTERILIZÁVEL, GRAMATURA: MÍNIMO DE 200, MATERIAL: 100% ALGODÃO, MODELO MANGA: LONGA C/ PUNHO EM MALHA, TAMANHO: PEQUENO (P), TIPO FECHAMENTO: POSTERIOR P/ PESCOÇO E CINTURA;UN;500,0000;35,0000;17500,0000;0,0000;30/12/2026
ERN - HOSPITAL DR JOSÉ PEDRO BEZERRA DE NATAL;925778;2;Material;925778-22/2026;Material de vestuários, tecidos, aviamentos;Catálogo do Compras.gov.br;Material;6532;VESTUÁRIO HOSPITALAR E CIRÚRGICO E ITENS CORRELATOS DE  FINALIDADES ESPECIAIS;30093;AVENTAL CIRÚRGICO - PARAMENTAÇÃO;604934;ESTERILIDADE: ESTERILIZÁVEL, GRAMATURA: MÍNIMO DE 200, MATERIAL: 100% ALGODÃO, MODELO MANGA: LONGA C/ PUNHO EM MALHA, TAMANHO: MÉDIO (M), TIPO FECHAMENTO: POSTERIOR P/ PESCOÇO E CINTURA;UN;500,0000;35,0000;17500,0000;0,0000;30/12/2026
ERN - HOSPITAL DR JOSÉ PEDRO BEZERRA DE NATAL;925778;3;Material;925778-22/2026;Material de vestuários, tecidos, aviamentos;Catálogo do Compras.gov.br;Material;6532;VESTUÁRIO HOSPITALAR E CIRÚRGICO E ITENS CORRELATOS DE  FINALIDADES ESPECIAIS;30093;AVENTAL CIRÚRGICO - PARAMENTAÇÃO;604935;ESTERILIDADE: ESTERILIZÁVEL, GRAMATURA: MÍNIMO DE 200, MATERIAL: 100% ALGODÃO, MODELO MANGA: LONGA C/ PUNHO EM MALHA, TAMANHO: GRANDE (G), TIPO FECHAMENTO: POSTERIOR P/ PESCOÇO E CINTURA;UN;500,0000;35,0000;17500,0000;0,0000;30/12/2026
ERN - HOSPITAL DR JOSÉ PEDRO BEZERRA DE NATAL;925778;4;Material;925778-22/2026;Material de vestuários, tecidos, aviamentos;Catálogo do Compras.gov.br;Material;6532;VESTUÁRIO HOSPITALAR E CIRÚRGICO E ITENS CORRELATOS DE  FINALIDADES ESPECIAIS;19713;LENÇOL CAMA;617741;CARACTERÍSTICAS ADICIONAIS: CONFORME MODELO E PADRONAGEM DO ÓRGÃO., COR: BRANCO, MATERIAL: 100% ALGODÃO, MEDIDAS MÍNIMAS ( C X L ): 140 X 260;UN;5000,0000;26,8000;134000,0000;0,0000;30/12/2026
ERN - HOSPITAL DR JOSÉ PEDRO BEZERRA DE NATAL;925778;5;Material;925778-22/2026;Material de vestuários, tecidos, aviamentos;Catálogo do Compras.gov.br;Material;6532;VESTUÁRIO HOSPITALAR E CIRÚRGICO E ITENS CORRELATOS DE  FINALIDADES ESPECIAIS;19713;LENÇOL CAMA;483489;COR: BRANCO, IMPRESSÃO: COM LOGOMARCA, MATERIAL: 100% ALGODÃO, MEDIDAS MÍNIMAS ( C X L ): 2,80 X 1,80, TIPO FIXAÇÃO: SEM ELÁSTICO;UN;5000,0000;28,0000;140000,0000;0,0000;30/12/2026
ERN - HOSPITAL DR JOSÉ PEDRO BEZERRA DE NATAL;925778;6;Material;925778-22/2026;Material de vestuários, tecidos, aviamentos;Catálogo do Compras.gov.br;Material;6532;VESTUÁRIO HOSPITALAR E CIRÚRGICO E ITENS CORRELATOS DE  FINALIDADES ESPECIAIS;19713;LENÇOL CAMA;614551;COR: BRANCO, MATERIAL: 100% ALGODÃO, MEDIDAS MÍNIMAS ( C X L ): 1,88 X 0,88, TIPO FIXAÇÃO: SEM ELÁSTICO;UN;3000,0000;21,0000;63000,0000;0,0000;30/12/2026
ERN - HOSPITAL DR JOSÉ PEDRO BEZERRA DE NATAL;925778;7;Material;925778-22/2026;Material de vestuários, tecidos, aviamentos;Catálogo do Compras.gov.br;Material;6532;VESTUÁRIO HOSPITALAR E CIRÚRGICO E ITENS CORRELATOS DE  FINALIDADES ESPECIAIS;19713;LENÇOL CAMA;459623;COR: BRANCO, GRAMATURA MÍNIMA: 200, IMPRESSÃO: PERSONALIZADA E RESISTENTE A LAVAGEM INDUSTRIAL, MATERIAL: POLIÉSTER E ALGODÃO, MEDIDAS MÍNIMAS ( C X L ): 1,32 X 0,62, TIPO FIXAÇÃO: TRAÇADO SEM ELÁSTICO;UN;500,0000;17,0000;8500,0000;0,0000;30/12/2026
ERN - HOSPITAL DR JOSÉ PEDRO BEZERRA DE NATAL;925778;8;Material;925778-22/2026;Material de vestuários, tecidos, aviamentos;Catálogo do Compras.gov.br;Material;8305;TECIDOS;17262;TECIDO;481279;APLICAÇÃO: CONFECÇÃO DE ROUPAS HOSPITALARES, COR: AZUL-CLARO, LARGURA: 1,40, MATERIAL: 100% ALGODÃO;M;5000,0000;18,0000;90000,0000;0,0000;30/12/2026
ERN - HOSPITAL DR JOSÉ PEDRO BEZERRA DE NATAL;925778;9;Material;925778-22/2026;Material de vestuários, tecidos, aviamentos;Catálogo do Compras.gov.br;Material;8305;TECIDOS;17262;TECIDO;365724;APLICAÇÃO: CONFECÇÃO DE ROUPAS, CARACTERÍSTICAS ADICIONAIS: LOGOTIPO "UFMA-HOSPITAL UNIVERSITÁRIO", 30X30CM, COR: VERDE BANDEIRA, LARGURA: 1,60, MATERIAL: 100% ALGODÃO, TIPO: BRIM;M;5000,0000;45,0000;225000,0000;0,0000;30/12/2026
ERN - HOSPITAL DR JOSÉ PEDRO BEZERRA DE NATAL;925778;10;Material;925778-22/2026;Material de vestuários, tecidos, aviamentos;Catálogo do Compras.gov.br;Material;8305;TECIDOS;17262;TECIDO;369900;CARACTERÍSTICAS ADICIONAIS: ESTAMPA INFANTIL/PERSONALIZADO CONFORME COR/MODELO, COR: VERDE ÁGUA, LARGURA: 80, MATERIAL: LÃ NATURAL, TIPO: FLANELADO;M;1000,0000;20,0000;20000,0000;0,0000;30/12/2026
ERN - HOSPITAL DR JOSÉ PEDRO BEZERRA DE NATAL;925778;11;Material;925778-22/2026;Material de vestuários, tecidos, aviamentos;Catálogo do Compras.gov.br;Material;8305;TECIDOS;17262;TECIDO;329284;APLICAÇÃO: CONFECÇÃO DE ROUPAS, COR: AZUL ROYAL, LARGURA: 1,50, MATERIAL: 67% ALGODÃO E 33% POLIÉSTER, TIPO: OXFORDINE;M;3000,0000;17,0000;51000,0000;0,0000;30/12/2026
ERN - HOSPITAL DR JOSÉ PEDRO BEZERRA DE NATAL;925778;12;Material;925778-22/2026;Material de vestuários, tecidos, aviamentos;Catálogo do Compras.gov.br;Material;6532;VESTUÁRIO HOSPITALAR E CIRÚRGICO E ITENS CORRELATOS DE  FINALIDADES ESPECIAIS;19713;LENÇOL CAMA;459617;CARACTERÍSTICAS ADICIONAIS: USO HOSPITALAR COM COSTURA DUPLA, COR: BRANCO, GRAMATURA MÍNIMA: 300, MATERIAL: PERCAL 100% ALGODÃO, MEDIDAS MÍNIMAS ( C X L ): 1,80 X 0,52;UN;5000,0000;21,0000;105000,0000;0,0000;30/12/2026
ERN - HOSPITAL DR JOSÉ PEDRO BEZERRA DE NATAL;925778;13;Material;925778-22/2026;Material de vestuários, tecidos, aviamentos;Catálogo do Compras.gov.br;Material;6532;VESTUÁRIO HOSPITALAR E CIRÚRGICO E ITENS CORRELATOS DE  FINALIDADES ESPECIAIS;19713;LENÇOL CAMA;459619;CARACTERÍSTICAS ADICIONAIS: USO HOSPITALAR COM COSTURA DUPLA, COR: BRANCO, GRAMATURA MÍNIMA: 300, MATERIAL: PERCAL 100% ALGODÃO, MEDIDAS MÍNIMAS ( C X L ): 1,90 X 1,40;UN;3000,0000;23,0000;69000,0000;0,0000;30/12/2026
ERN - HOSPITAL DR JOSÉ PEDRO BEZERRA DE NATAL;925778;14;Material;925778-22/2026;Material de vestuários, tecidos, aviamentos;Catálogo do Compras.gov.br;Material;6532;VESTUÁRIO HOSPITALAR E CIRÚRGICO E ITENS CORRELATOS DE  FINALIDADES ESPECIAIS;30095;VESTIMENTA HOSPITALAR;619996;BOLSO: NA BLUSA E NA CALÇA, CARACTERÍSTICA: C/ COR, UNISSEX, CARACTERÍSTICA BERMUDA / CALÇA: AJUSTÁVEL, ESTERILIDADE: REUTILIZÁVEL, GRAMATURA: MÍNIMO DE 260, MATERIAL: ALGODÃO E POLIÉSTER - TECIDO MISTO, TAMANHO: ADULTO EXTRA EXTRA GRANDE (XXG), TIPO: CALÇA E BLUSA, TIPO MANGA: CURTA;UN;1000,0000;56,0000;56000,0000;0,0000;30/12/2026
ERN - HOSPITAL DR JOSÉ PEDRO BEZERRA DE NATAL;925778;15;Material;925778-22/2026;Material de vestuários, tecidos, aviamentos;Catálogo do Compras.gov.br;Material;6532;VESTUÁRIO HOSPITALAR E CIRÚRGICO E ITENS CORRELATOS DE  FINALIDADES ESPECIAIS;30095;VESTIMENTA HOSPITALAR;618192;BOLSO: NA BLUSA E NA CALÇA, CARACTERÍSTICA: C/ COR, UNISSEX, CARACTERÍSTICA BERMUDA / CALÇA: AJUSTÁVEL, ESTERILIDADE: REUTILIZÁVEL, GRAMATURA: MÍNIMO DE 200, MATERIAL: ALGODÃO E POLIÉSTER - TECIDO MISTO, TAMANHO: ADULTO GRANDE (G), TIPO: CALÇA E BLUSA, TIPO MANGA: LONGA;UN;1000,0000;56,0000;56000,0000;0,0000;30/12/2026
ERN - HOSPITAL DR JOSÉ PEDRO BEZERRA DE NATAL;925778;16;Material;925778-22/2026;Material de vestuários, tecidos, aviamentos;Catálogo do Compras.gov.br;Material;6532;VESTUÁRIO HOSPITALAR E CIRÚRGICO E ITENS CORRELATOS DE  FINALIDADES ESPECIAIS;30095;VESTIMENTA HOSPITALAR;618191;BOLSO: NA BLUSA E NA CALÇA, CARACTERÍSTICA: C/ COR, UNISSEX, CARACTERÍSTICA BERMUDA / CALÇA: AJUSTÁVEL, ESTERILIDADE: REUTILIZÁVEL, GRAMATURA: MÍNIMO DE 200, MATERIAL: ALGODÃO E POLIÉSTER - TECIDO MISTO, TAMANHO: ADULTO MÉDIO (M), TIPO: CALÇA E BLUSA, TIPO MANGA: LONGA;UN;1000,0000;56,0000;56000,0000;0,0000;30/12/2026
ERN - HOSPITAL DR JOSÉ PEDRO BEZERRA DE NATAL;925778;17;Material;925778-22/2026;Material de vestuários, tecidos, aviamentos;Catálogo do Compras.gov.br;Material;6510;MATERIAIS CIRÚRGICOS PARA CURATIVOS;30107;CAMPO CIRÚRGICO;607002;COR: C/ COR, DIMENSÕES: CERCA DE 60 X 60, ESTERILIDADE: ESTERILIZÁVEL, GRAMATURA: MÍNIMO DE 200, MATERIAL: 100% ALGODÃO, MODELO: DUPLO;UN;500,0000;21,0000;10500,0000;0,0000;30/12/2026
ERN - HOSPITAL DR JOSÉ PEDRO BEZERRA DE NATAL;925778;18;Material;925778-22/2026;Material de vestuários, tecidos, aviamentos;Catálogo do Compras.gov.br;Material;6510;MATERIAIS CIRÚRGICOS PARA CURATIVOS;30107;CAMPO CIRÚRGICO;607025;COR: C/ COR, DIMENSÕES: CERCA DE 75 X 75, ESTERILIDADE: ESTERILIZÁVEL, GRAMATURA: MÍNIMO DE 260, MATERIAL: 100% ALGODÃO, MODELO: DUPLO;UN;500,0000;27,5000;13750,0000;0,0000;30/12/2026
ERN - HOSPITAL DR JOSÉ PEDRO BEZERRA DE NATAL;925778;19;Material;925778-22/2026;Material de vestuários, tecidos, aviamentos;Catálogo do Compras.gov.br;Material;6532;VESTUÁRIO HOSPITALAR E CIRÚRGICO E ITENS CORRELATOS DE  FINALIDADES ESPECIAIS;19713;LENÇOL CAMA;459626;CARACTERÍSTICAS ADICIONAIS: USO HOSPITALAR COM COSTURA DUPLA, COR: LISTRADO, GRAMATURA MÍNIMA: 100, MATERIAL: POLIÉSTER E ALGODÃO, MEDIDAS MÍNIMAS ( C X L ): 1,90 X 0,90, TIPO FIXAÇÃO: SEM ELÁSTICO;UN;5000,0000;18,0000;90000,0000;0,0000;30/12/2026
ERN - HOSPITAL DR JOSÉ PEDRO BEZERRA DE NATAL;925778;20;Material;925778-22/2026;Material de vestuários, tecidos, aviamentos;Catálogo do Compras.gov.br;Material;8010;TINTAS, VERNIZES E PRODUTOS CORRELATOS;1598;TINTA / PASTA SERIGRÁFICA;361537;APLICAÇÃO: TECIDOS ALGODÃO, MISTO OU SINTÉTICO SEM GOMA, COMPONENTES: À BASE RESINA ACRÍLICA NÃO TÓXICAS, COR: BRANCA, PRAZO VALIDADE: 24, TEMPO SECAGEM: 10 MIN, TIPO SECAGEM: AR;EMB;60,0000;75,0000;4500,0000;0,0000;30/12/2026
ERN - HOSPITAL DR JOSÉ PEDRO BEZERRA DE NATAL;925778;21;Material;925778-22/2026;Material de vestuários, tecidos, aviamentos;Catálogo do Compras.gov.br;Material;8010;TINTAS, VERNIZES E PRODUTOS CORRELATOS;1598;TINTA / PASTA SERIGRÁFICA;366964;APLICAÇÃO: TECIDOS ALGODÃO, MISTO OU SINTÉTICO SEM GOMA, COMPONENTES: À BASE RESINA ACRÍLICA NÃO TÓXICAS, COR: VERDE BANDEIRA, PRAZO VALIDADE: 24, TEMPO SECAGEM: 10 MIN, TIPO SECAGEM: AR;EMB;60,0000;75,0000;4500,0000;0,0000;30/12/2026
ERN - HOSPITAL DR JOSÉ PEDRO BEZERRA DE NATAL;925778;22;Material;925778-22/2026;Material de vestuários, tecidos, aviamentos;Catálogo do Compras.gov.br;Material;8010;TINTAS, VERNIZES E PRODUTOS CORRELATOS;1598;TINTA / PASTA SERIGRÁFICA;361541;APLICAÇÃO: TECIDOS ALGODÃO, MISTO OU SINTÉTICO SEM GOMA, COMPONENTES: À BASE RESINA ACRÍLICA NÃO TÓXICAS, COR: AZUL MÉDIO, PRAZO VALIDADE: 24, TEMPO SECAGEM: 10 MIN, TIPO SECAGEM: AR;EMB;60,0000;75,0000;4500,0000;0,0000;30/12/2026
ERN - HOSPITAL DR JOSÉ PEDRO BEZERRA DE NATAL;925778;23;Material;925778-22/2026;Material de vestuários, tecidos, aviamentos;Catálogo do Compras.gov.br;Material;8010;TINTAS, VERNIZES E PRODUTOS CORRELATOS;1598;TINTA / PASTA SERIGRÁFICA;233009;APLICAÇÃO: TECIDO/VIDRO/PAPEL/PLÁSTICO E TELA DE METAL, ASPECTO FÍSICO: PASTOSO, COMPONENTES: ÁGUA/RESINA ACRÍLICA/PIGMENTOS INORGÂNICOS/CARGAS, COR: VERMELHO CLARO, PRAZO VALIDADE: 6, TEMPO SECAGEM: 5 MIN, TIPO SECAGEM: AR, VISCOSIDADE: 80.000 A 95.000, ÍNDICE ACIDEZ: 8,50 A 9,50 TQ;EMB;60,0000;75,0000;4500,0000;0,0000;30/12/2026
ERN - HOSPITAL DR JOSÉ PEDRO BEZERRA DE NATAL;925778;24;Material;925778-22/2026;Material de vestuários, tecidos, aviamentos;Catálogo do Compras.gov.br;Material;8315;MIUDEZAS E AVIAMENTOS PARA COSTURA;1485;TESOURA COSTURA;603865;CARACTERÍSTICAS ADICIONAIS: BORRACHA, COMPRIMENTO: 24, MATERIAL: LÃMINA TITÃNIO, TAMANHO: 9;UN;20,0000;60,0000;1200,0000;0,0000;30/12/2026
ERN - HOSPITAL DR JOSÉ PEDRO BEZERRA DE NATAL;925778;25;Material;925778-22/2026;Material de vestuários, tecidos, aviamentos;Catálogo do Compras.gov.br;Material;8315;MIUDEZAS E AVIAMENTOS PARA COSTURA;1541;FITA MÉTRICA COSTURA;223918;COMPRIMENTO: 150, COR: AMARELA, MATERIAL: POLIÉSTER E FIBRA VIDRO;UN;50,0000;8,5000;425,0000;0,0000;30/12/2026
ERN - HOSPITAL DR JOSÉ PEDRO BEZERRA DE NATAL;925778;26;Material;925778-22/2026;Material de vestuários, tecidos, aviamentos;Catálogo do Compras.gov.br;Material;8315;MIUDEZAS E AVIAMENTOS PARA COSTURA;1537;ZÍPER;603790;MATERIAL: 100% POLIÉSTER, TAMANHO: 20;UN;100,0000;2,5000;250,0000;0,0000;30/12/2026
ERN - HOSPITAL DR JOSÉ PEDRO BEZERRA DE NATAL;925778;27;Material;925778-22/2026;Material de vestuários, tecidos, aviamentos;Catálogo do Compras.gov.br;Material;8315;MIUDEZAS E AVIAMENTOS PARA COSTURA;17635;CURSOR PARA ZÍPER;611853;COR: AZUL MARINHO, MATERIAL: ZAMAK, TAMANHO: PARA ZÍPER Nº 05;UN;500,0000;2,1000;1050,0000;0,0000;30/12/2026
ERN - HOSPITAL DR JOSÉ PEDRO BEZERRA DE NATAL;925778;28;Material;925778-22/2026;Material de vestuários, tecidos, aviamentos;Catálogo do Compras.gov.br;Material;9330;ARTIGOS DE PLÁSTICO;4149;CAIXA PLÁSTICA;484432;ALTURA 01: 4,9, APLICAÇÃO: MULTIUSO, CARACTERÍSTICAS ADICIONAIS: 25 DIVISÕES FIXAS, COMPRIMENTO: 24, COR: INCOLOR, LARGURA: 33, MATERIAL: PLÁSTICO RESISTENTE, TRANSMITÂNCIA: TRANSPARENTE;UN;20,0000;28,0000;560,0000;0,0000;30/12/2026
ERN - HOSPITAL DR JOSÉ PEDRO BEZERRA DE NATAL;925778;29;Serviço;925778-21/2026;Locação de Equipamentos para Laboratório;Catálogo do Compras.gov.br;Serviço;732;SERVIÇOS DE LEASING OU ALUGUEL RELACIONADOS A OUTROS BENS;;;14206;LOCAÇÃO DE EQUIPAMENTO DE LABORATÓRIO;-;1,0000;1740000,0000;1740000,0000;0,0000;30/12/2026
ERN - HOSPITAL DR JOSÉ PEDRO BEZERRA DE NATAL;925778;31;Serviço;925778-19/2026;Cooperativa;Catálogo do Compras.gov.br;Serviço;959;SERVIÇOS FORNECIDOS POR OUTRAS ORGANIZAÇÕES DA SOCIEDADE(ASSOCIAÇÕES);;;;;-;0,0000;0,0000;750000,0000;0,0000;31/12/2026
ERN - HOSPITAL DR JOSÉ PEDRO BEZERRA DE NATAL;925778;32;Material;925778-18/2026;Reagentes;Catálogo do Compras.gov.br;Material;6550;SUBSTÂNCIAS PARA DIAGNÓSTICO "IN VITRO",  REAGENTES,  CONJUNTOS E JOGOS PARA TESTE;;;;;-;0,0000;0,0000;180000,0000;0,0000;31/12/2026
ERN - HOSPITAL DR JOSÉ PEDRO BEZERRA DE NATAL;925778;33;Material;925778-18/2026;Reagentes;Catálogo do Compras.gov.br;Material;6550;SUBSTÂNCIAS PARA DIAGNÓSTICO "IN VITRO",  REAGENTES,  CONJUNTOS E JOGOS PARA TESTE;11521;REAGENTE PARA DIAGNÓSTICO CLÍNICO 4;396946;APRESENTAÇÃO: TESTE, MÉTODO: COLORIMÉTRICO, TIPO: CONJUNTO COMPLETO, TIPO DE ANÁLISE: QUALITATIVO DE UREASE;FR;150,0000;2,1000;315,0000;0,0000;31/12/2026
ERN - HOSPITAL DR JOSÉ PEDRO BEZERRA DE NATAL;925778;34;Material;925778-18/2026;Reagentes;Catálogo do Compras.gov.br;Material;6550;SUBSTÂNCIAS PARA DIAGNÓSTICO "IN VITRO",  REAGENTES,  CONJUNTOS E JOGOS PARA TESTE;18996;INDICADOR QUÍMICO;332343;APRESENTAÇÃO: FITA ADESIVA, CARACTERÍSTICAS ADICIONAIS: PARA ESTERILIZAÇÃO A VAPOR, CLASSE: CLASSE I, TIPO USO: EXTERNO;UN;50,0000;3,8300;191,5000;0,0000;31/12/2026
ERN - HOSPITAL DR JOSÉ PEDRO BEZERRA DE NATAL;925778;35;Material;925778-18/2026;Reagentes;Catálogo do Compras.gov.br;Material;6550;SUBSTÂNCIAS PARA DIAGNÓSTICO "IN VITRO",  REAGENTES,  CONJUNTOS E JOGOS PARA TESTE;18996;INDICADOR QUÍMICO;340811;APRESENTAÇÃO: PACOTE PARA TESTE, CARACTERÍSTICAS ADICIONAIS: PARA ESTERILIZAÇÃO A VAPOR, CLASSE: CLASSE II, COMPONENTES ADICIONAIS: ALERTA E INDICADOR DE PROCESSO, TIPO: BOWIE DICK, TIPO USO: INTERNO;UN;160,0000;12,5000;2000,0000;0,0000;31/12/2026
ERN - HOSPITAL DR JOSÉ PEDRO BEZERRA DE NATAL;925778;36;Material;925778-18/2026;Reagentes;Catálogo do Compras.gov.br;Material;6550;SUBSTÂNCIAS PARA DIAGNÓSTICO "IN VITRO",  REAGENTES,  CONJUNTOS E JOGOS PARA TESTE;18984;REAGENTE PARA DIAGNÓSTICO CLÍNICO 5;381391;APRESENTAÇÃO: TIRA, CARACTERÍSTICAS ADICIONAIS: CAPILAR, VENOSO, ARTERIAL OU NEONATAL, TIPO DE ANÁLISE: QUANTITATIVO DE GLICOSE;UN;15000,0000;0,1700;2550,0000;0,0000;31/12/2026
ERN - HOSPITAL DR JOSÉ PEDRO BEZERRA DE NATAL;925778;37;Material;925778-18/2026;Reagentes;Catálogo do Compras.gov.br;Material;6550;SUBSTÂNCIAS PARA DIAGNÓSTICO "IN VITRO",  REAGENTES,  CONJUNTOS E JOGOS PARA TESTE;18996;INDICADOR QUÍMICO;332346;APRESENTAÇÃO: TIRA DE PAPEL, CARACTERÍSTICAS ADICIONAIS: PARA ESTERILIZAÇÃO A VAPOR, CLASSE: CLASSE V, TIPO: INTEGRADOR, TIPO USO: INTERNO;UN;465,0000;0,2000;93,0000;0,0000;31/12/2026
ERN - HOSPITAL DR JOSÉ PEDRO BEZERRA DE NATAL;925778;38;Material;925778-18/2026;Reagentes;Catálogo do Compras.gov.br;Material;6550;SUBSTÂNCIAS PARA DIAGNÓSTICO "IN VITRO",  REAGENTES,  CONJUNTOS E JOGOS PARA TESTE;18997;INDICADOR BIOLÓGICO;339648;APLICAÇÃO: PARA ESTERILIZAÇÃO A VAPOR, APRESENTAÇÃO: AUTOCONTIDO, AMPOLA COM MEIO DE CULTURA, CARACTERÍSTICAS ADICIONAIS: RESPOSTA EM 1 HORA, ESPÉCIE: BACILLUS STEAROTHERMOPHILLUS, TIPO: TERCEIRA GERAÇÃO;UN;150,0000;39,0000;5850,0000;0,0000;31/12/2026
ERN - HOSPITAL DR JOSÉ PEDRO BEZERRA DE NATAL;925778;39;Material;925778-17/2026;curativos;Catálogo do Compras.gov.br;Material;6510;MATERIAIS CIRÚRGICOS PARA CURATIVOS;18085;ALGODÃO USO MÉDICO;279726;APRESENTAÇÃO: EM MANTAS, CARACTERÍSTICAS ADICIONAIS: ENROLADO EM PAPEL APROPRIADO, ESTERILIDADE: NÃO ESTÉRIL, MATERIAL: ALVEJADO, PURIFICADO, ISENTO DE IMPUREZAS, TIPO: HIDRÓFILO, TIPO EMBALAGEM: EMBALAGEM INDIVIDUAL;EMB;1500,0000;7,6400;11460,0000;0,0000;31/12/2026
ERN - HOSPITAL DR JOSÉ PEDRO BEZERRA DE NATAL;925778;40;Material;925778-17/2026;curativos;Catálogo do Compras.gov.br;Material;6510;MATERIAIS CIRÚRGICOS PARA CURATIVOS;18085;ALGODÃO USO MÉDICO;279726;APRESENTAÇÃO: EM MANTAS, CARACTERÍSTICAS ADICIONAIS: ENROLADO EM PAPEL APROPRIADO, ESTERILIDADE: NÃO ESTÉRIL, MATERIAL: ALVEJADO, PURIFICADO, ISENTO DE IMPUREZAS, TIPO: HIDRÓFILO, TIPO EMBALAGEM: EMBALAGEM INDIVIDUAL;EMB;1500,0000;14,5000;21750,0000;0,0000;31/12/2026
ERN - HOSPITAL DR JOSÉ PEDRO BEZERRA DE NATAL;925778;41;Material;925778-17/2026;curativos;Catálogo do Compras.gov.br;Material;6510;MATERIAIS CIRÚRGICOS PARA CURATIVOS;18085;ALGODÃO USO MÉDICO;279726;APRESENTAÇÃO: EM MANTAS, CARACTERÍSTICAS ADICIONAIS: ENROLADO EM PAPEL APROPRIADO, ESTERILIDADE: NÃO ESTÉRIL, MATERIAL: ALVEJADO, PURIFICADO, ISENTO DE IMPUREZAS, TIPO: HIDRÓFILO, TIPO EMBALAGEM: EMBALAGEM INDIVIDUAL;EMB;1500,0000;14,5000;21750,0000;0,0000;31/12/2026
ERN - HOSPITAL DR JOSÉ PEDRO BEZERRA DE NATAL;925778;42;Material;925778-17/2026;curativos;Catálogo do Compras.gov.br;Material;6510;MATERIAIS CIRÚRGICOS PARA CURATIVOS;3104;ATADURA;460136;DIMENSÕES: 15, EMBALAGEM: EMBALAGEM INDIVIDUAL, ESTERILIDADE: ESTÉRIL, USO ÚNICO, MATERIAL 1: 100% ALGODÃO, TIPO 1: CREPOM;RO;1300,0000;0,6600;858,0000;0,0000;31/12/2026
ERN - HOSPITAL DR JOSÉ PEDRO BEZERRA DE NATAL;925778;43;Material;925778-17/2026;curativos;Catálogo do Compras.gov.br;Material;6510;MATERIAIS CIRÚRGICOS PARA CURATIVOS;3104;ATADURA;460134;DIMENSÕES: 20, EMBALAGEM: EMBALAGEM INDIVIDUAL, ESTERILIDADE: ESTÉRIL, USO ÚNICO, MATERIAL 1: 100% ALGODÃO, TIPO 1: CREPOM;RO;1500,0000;0,7500;1125,0000;0,0000;31/12/2026
ERN - HOSPITAL DR JOSÉ PEDRO BEZERRA DE NATAL;925778;44;Material;925778-17/2026;curativos;Catálogo do Compras.gov.br;Material;6510;MATERIAIS CIRÚRGICOS PARA CURATIVOS;3104;ATADURA;460133;DIMENSÕES: 10, EMBALAGEM: EMBALAGEM INDIVIDUAL, ESTERILIDADE: ESTÉRIL, USO ÚNICO, MATERIAL 1: 100% ALGODÃO, TIPO 1: CREPOM;RO;1355,0000;0,4500;609,7500;0,0000;31/12/2026
ERN - HOSPITAL DR JOSÉ PEDRO BEZERRA DE NATAL;925778;45;Material;925778-17/2026;curativos;Catálogo do Compras.gov.br;Material;6510;MATERIAIS CIRÚRGICOS PARA CURATIVOS;30274;COMPRESSA CAMPO OPERATÓRIO;623071;DIMENSÃO: CERCA DE 45 X 50, ESTERILIDADE: ESTÉRIL, USO ÚNICO, FIXAÇÃO: C/ DISPOSITIVO DE FIXAÇÃO, MATERIAL: 100% ALGODÃO, RADIOPACIDADE: C/ ELEMENTO RADIOPACO, TIPO: SEM PRÉ-ENCOLHIMENTO;EMB;50000,0000;5,4500;272500,0000;0,0000;31/12/2026
ERN - HOSPITAL DR JOSÉ PEDRO BEZERRA DE NATAL;925778;46;Material;925778-17/2026;curativos;Catálogo do Compras.gov.br;Material;6510;MATERIAIS CIRÚRGICOS PARA CURATIVOS;30274;COMPRESSA CAMPO OPERATÓRIO;623075;DIMENSÃO: CERCA DE 45 X 50, ESTERILIDADE: NÃO ESTÉRIL, USO ÚNICO, FIXAÇÃO: C/ DISPOSITIVO DE FIXAÇÃO, MATERIAL: 100% ALGODÃO, RADIOPACIDADE: C/ ELEMENTO RADIOPACO, TIPO: SEM PRÉ-ENCOLHIMENTO;EMB;650,0000;47,5000;30875,0000;0,0000;31/12/2026
ERN - HOSPITAL DR JOSÉ PEDRO BEZERRA DE NATAL;925778;47;Material;925778-17/2026;curativos;Catálogo do Compras.gov.br;Material;6510;MATERIAIS CIRÚRGICOS PARA CURATIVOS;373;COMPRESSA GAZE;615986;ADICIONAL: 5 DOBRAS, DIMENSÕES: CERCA DE 7,5 X 7,5, EMBALAGEM: EMBALAGEM INDIVIDUAL, ESTERILIDADE*: ESTÉRIL, USO ÚNICO, GRAMATURA: 13 FIOS/, MATERIAL: 100% ALGODÃO;PCT;43000,0000;0,4600;19780,0000;0,0000;31/12/2026
ERN - HOSPITAL DR JOSÉ PEDRO BEZERRA DE NATAL;925778;48;Material;925778-17/2026;curativos;Catálogo do Compras.gov.br;Material;6510;MATERIAIS CIRÚRGICOS PARA CURATIVOS;373;COMPRESSA GAZE;269989;CARACTERÍSTICAS ADICIONAIS: EMBALAGEM PLÁSTICA INDIVIDUAL, MATERIAL: TECIDO 100% ALGODÃO, MODELO: COR BRANCA,ISENTA DE IMPUREZAS, TIPO: TIPO QUEIJO, QUANTIDADE FIOS: 9 FIOS/CM2, LARGURA: 91, COMPRIMENTO: 91, DOBRAS: 8 DOBRAS;RO;50,0000;23,5000;1175,0000;0,0000;31/12/2026
ERN - HOSPITAL DR JOSÉ PEDRO BEZERRA DE NATAL;925778;49;Material;925778-17/2026;curativos;Catálogo do Compras.gov.br;Material;6510;MATERIAIS CIRÚRGICOS PARA CURATIVOS;17139;FITA HOSPITALAR;446603;CARACTERÍSTICAS ADICIONAIS: HIPOALERGÊNICO, COMPONENTES: ADESIVO À BASE DE ZINCO, COR: COM COR, DIMENSÕES: CERCA DE 10, MATERIAL: ALGODÃO, TIPO: ESPARADRAPO, IMPERMEÁVEL;RO;850,0000;7,8500;6672,5000;0,0000;31/12/2026
ERN - HOSPITAL DR JOSÉ PEDRO BEZERRA DE NATAL;925778;50;Material;925778-17/2026;curativos;Catálogo do Compras.gov.br;Material;6510;MATERIAIS CIRÚRGICOS PARA CURATIVOS;17139;FITA HOSPITALAR;446603;CARACTERÍSTICAS ADICIONAIS: HIPOALERGÊNICO, COMPONENTES: ADESIVO À BASE DE ZINCO, COR: COM COR, DIMENSÕES: CERCA DE 10, MATERIAL: ALGODÃO, TIPO: ESPARADRAPO, IMPERMEÁVEL;RO;850,0000;7,9800;6783,0000;0,0000;31/12/2026
ERN - HOSPITAL DR JOSÉ PEDRO BEZERRA DE NATAL;925778;51;Material;925778-17/2026;curativos;Catálogo do Compras.gov.br;Material;6510;MATERIAIS CIRÚRGICOS PARA CURATIVOS;17139;FITA HOSPITALAR;437868;CARACTERÍSTICAS ADICIONAIS: HIPOALERGÊNICO, COMPONENTES: ADESIVO ACRÍLICO, COR: COM COR, DIMENSÕES: CERCA DE 100, MATERIAL: DORSO EM NÃO TECIDO, TIPO: MICROPOROSA;RO;200,0000;6,8900;1378,0000;0,0000;31/12/2026
ERN - HOSPITAL DR JOSÉ PEDRO BEZERRA DE NATAL;925778;52;Material;925778-17/2026;curativos;Catálogo do Compras.gov.br;Material;6510;MATERIAIS CIRÚRGICOS PARA CURATIVOS;30022;CURATIVO / COBERTURA;485066;APLICAÇÃO: P/ FERIDA, ASPECTO FÍSICO: MALHA / GAZE, COMPONENTE 1: C/ POLIÉSTER, COMPONENTE 4: C/ PRATA, COMPOSIÇÃO: À BASE DE POLIETILENO, DIMENSÃO: CERCA DE 10 X 10, ESTERILIDADE: ESTÉRIL;UN;49,0000;92,0000;4508,0000;0,0000;31/12/2026
ERN - HOSPITAL DR JOSÉ PEDRO BEZERRA DE NATAL;925778;53;Material;925778-17/2026;curativos;Catálogo do Compras.gov.br;Material;6510;MATERIAIS CIRÚRGICOS PARA CURATIVOS;30022;CURATIVO / COBERTURA;485067;APLICAÇÃO: P/ FERIDA, ASPECTO FÍSICO: MALHA / GAZE, COMPONENTE 1: C/ POLIÉSTER, COMPONENTE 4: C/ PRATA, COMPOSIÇÃO: À BASE DE POLIETILENO, DIMENSÃO: CERCA DE 10 X 20, ESTERILIDADE: ESTÉRIL;UN;20,0000;173,0000;3460,0000;0,0000;31/12/2026
ERN - HOSPITAL DR JOSÉ PEDRO BEZERRA DE NATAL;925778;54;Material;925778-17/2026;curativos;Catálogo do Compras.gov.br;Material;6510;MATERIAIS CIRÚRGICOS PARA CURATIVOS;30022;CURATIVO / COBERTURA;484900;APLICAÇÃO: P/ FERIDA, ASPECTO FÍSICO: PLACA C/ BORDA, COMPONENTE 1: C/ PELÍCULA E ESPUMA PU, COMPONENTE 3: C/ SILICONE, COMPOSIÇÃO: À BASE DE HIDROFIBRA (CMC), ESTERILIDADE: ESTÉRIL, FORMATO: SACRAL, TAMANHO G;UN;216,0000;134,6600;29086,5600;0,0000;31/12/2026
ERN - HOSPITAL DR JOSÉ PEDRO BEZERRA DE NATAL;925778;55;Material;925778-17/2026;curativos;Catálogo do Compras.gov.br;Material;6510;MATERIAIS CIRÚRGICOS PARA CURATIVOS;30022;CURATIVO / COBERTURA;484899;APLICAÇÃO: P/ FERIDA, ASPECTO FÍSICO: PLACA C/ BORDA, COMPONENTE 1: C/ PELÍCULA E ESPUMA PU, COMPONENTE 3: C/ SILICONE, COMPOSIÇÃO: À BASE DE HIDROFIBRA (CMC), ESTERILIDADE: ESTÉRIL, FORMATO: CALCÂNEO, TAMANHO G;UN;150,0000;134,6600;20199,0000;0,0000;31/12/2026
ERN - HOSPITAL DR JOSÉ PEDRO BEZERRA DE NATAL;925778;56;Material;925778-17/2026;curativos;Catálogo do Compras.gov.br;Material;6510;MATERIAIS CIRÚRGICOS PARA CURATIVOS;30022;CURATIVO / COBERTURA;484869;APLICAÇÃO: P/ FERIDA, ASPECTO FÍSICO: PLACA, COMPONENTE 4: C/ PRATA, COMPOSIÇÃO: À BASE DE HIDROFIBRA (CMC), DIMENSÃO: CERCA DE 10 X 10, ESTERILIDADE: ESTÉRIL;UN;300,0000;57,5000;17250,0000;0,0000;31/12/2026
ERN - HOSPITAL DR JOSÉ PEDRO BEZERRA DE NATAL;925778;57;Material;925778-17/2026;curativos;Catálogo do Compras.gov.br;Material;6510;MATERIAIS CIRÚRGICOS PARA CURATIVOS;30022;CURATIVO / COBERTURA;484867;APLICAÇÃO: P/ FERIDA, ASPECTO FÍSICO: PLACA, COMPOSIÇÃO: À BASE DE HIDROFIBRA (CMC), DIMENSÃO: CERCA DE 15 X 15, ESTERILIDADE: ESTÉRIL;UN;50,0000;98,0000;4900,0000;0,0000;31/12/2026
ERN - HOSPITAL DR JOSÉ PEDRO BEZERRA DE NATAL;925778;58;Material;925778-17/2026;curativos;Catálogo do Compras.gov.br;Material;6510;MATERIAIS CIRÚRGICOS PARA CURATIVOS;30022;CURATIVO / COBERTURA;484840;APLICAÇÃO: P/ FERIDA, ASPECTO FÍSICO: PLACA, COMPOSIÇÃO: À BASE DE ALGINATO, DIMENSÃO: CERCA DE 10 X 10, ESTERILIDADE: ESTÉRIL;UN;100,0000;9,0000;900,0000;0,0000;31/12/2026
ERN - HOSPITAL DR JOSÉ PEDRO BEZERRA DE NATAL;925778;59;Material;925778-17/2026;curativos;Catálogo do Compras.gov.br;Material;6510;MATERIAIS CIRÚRGICOS PARA CURATIVOS;30022;CURATIVO / COBERTURA;484847;APLICAÇÃO: P/ FERIDA, ASPECTO FÍSICO: PLACA, COMPONENTE 2: C/ CMC, COMPOSIÇÃO: À BASE DE ALGINATO, DIMENSÃO: CERCA DE 15 X 15, ESTERILIDADE: ESTÉRIL;UN;150,0000;20,0000;3000,0000;0,0000;31/12/2026
ERN - HOSPITAL DR JOSÉ PEDRO BEZERRA DE NATAL;925778;60;Material;925778-17/2026;curativos;Catálogo do Compras.gov.br;Material;6510;MATERIAIS CIRÚRGICOS PARA CURATIVOS;30022;CURATIVO / COBERTURA;484821;APLICAÇÃO: P/ FERIDA, ASPECTO FÍSICO: PLACA C/ BORDA, COMPOSIÇÃO: À BASE DE HIDROCOLÓIDE, DIMENSÃO: CERCA DE 10 X 10, ESTERILIDADE: ESTÉRIL;UN;300,0000;4,2000;1260,0000;0,0000;31/12/2026
ERN - HOSPITAL DR JOSÉ PEDRO BEZERRA DE NATAL;925778;61;Material;925778-17/2026;curativos;Catálogo do Compras.gov.br;Material;6510;MATERIAIS CIRÚRGICOS PARA CURATIVOS;30022;CURATIVO / COBERTURA;484822;APLICAÇÃO: P/ FERIDA, ASPECTO FÍSICO: PLACA C/ BORDA, COMPOSIÇÃO: À BASE DE HIDROCOLÓIDE, DIMENSÃO: CERCA DE 15 X 15, ESTERILIDADE: ESTÉRIL;UN;300,0000;9,7600;2928,0000;0,0000;31/12/2026
ERN - HOSPITAL DR JOSÉ PEDRO BEZERRA DE NATAL;925778;62;Material;925778-17/2026;curativos;Catálogo do Compras.gov.br;Material;6510;MATERIAIS CIRÚRGICOS PARA CURATIVOS;30022;CURATIVO / COBERTURA;484921;APLICAÇÃO: P/ FERIDA, ASPECTO FÍSICO: FRASCO C/ GEL, COMPONENTE 2: C/ CMC, COMPOSIÇÃO: À BASE DE HIDROGEL, ESTERILIDADE: USO ÚNICO;UN;100,0000;35,0000;3500,0000;0,0000;31/12/2026
ERN - HOSPITAL DR JOSÉ PEDRO BEZERRA DE NATAL;925778;63;Material;925778-17/2026;curativos;Catálogo do Compras.gov.br;Material;6510;MATERIAIS CIRÚRGICOS PARA CURATIVOS;30022;CURATIVO / COBERTURA;485106;APLICAÇÃO: P/ FERIDA, ASPECTO FÍSICO: AGENTE TÓPICO CREME / POMADA / PASTA, COMPONENTES 5: CADEXÔMERO DE IODO, ESTERILIDADE: ESTÉRIL;UN;20,0000;429,0000;8580,0000;0,0000;31/12/2026
ERN - HOSPITAL DR JOSÉ PEDRO BEZERRA DE NATAL;925778;64;Material;925778-17/2026;curativos;Catálogo do Compras.gov.br;Material;6510;MATERIAIS CIRÚRGICOS PARA CURATIVOS;30021;PELÍCULA PROTETORA;484757;APRESENTAÇÃO: EM ROLO, COMPOSIÇÃO: À BASE DE POLIURETANO (PU), DIMENSÃO: CERCA DE 10, ESTERILIDADE: USO ÚNICO, TIPO: ADESIVA;M;300,0000;3,6300;1089,0000;0,0000;31/12/2026
ERN - HOSPITAL DR JOSÉ PEDRO BEZERRA DE NATAL;925778;65;Material;925778-17/2026;curativos;Catálogo do Compras.gov.br;Material;6510;MATERIAIS CIRÚRGICOS PARA CURATIVOS;30021;PELÍCULA PROTETORA;484758;APRESENTAÇÃO: EM ROLO, COMPOSIÇÃO: À BASE DE POLIURETANO (PU), DIMENSÃO: CERCA DE 15, ESTERILIDADE: USO ÚNICO, TIPO: ADESIVA;M;200,0000;3,6300;726,0000;0,0000;31/12/2026
ERN - HOSPITAL DR JOSÉ PEDRO BEZERRA DE NATAL;925778;66;Material;925778-17/2026;curativos;Catálogo do Compras.gov.br;Material;6510;MATERIAIS CIRÚRGICOS PARA CURATIVOS;30021;PELÍCULA PROTETORA;484753;COMPOSIÇÃO: À BASE DE POLIURETANO (PU), DIMENSÃO: CERCA DE 5 X 7,5, ESTERILIDADE: ESTÉRIL, TIPO: ADESIVA;UN;150,0000;1,5100;226,5000;0,0000;31/12/2026
ERN - HOSPITAL DR JOSÉ PEDRO BEZERRA DE NATAL;925778;67;Material;925778-17/2026;curativos;Catálogo do Compras.gov.br;Material;6510;MATERIAIS CIRÚRGICOS PARA CURATIVOS;30022;CURATIVO / COBERTURA;485104;APLICAÇÃO: P/ FERIDA, ASPECTO FÍSICO: MEMBRANA, COMPOSIÇÃO: À BASE DE CELULOSE, DIMENSÃO: CERCA DE 10 X 20, ESTERILIDADE: ESTÉRIL;UN;25,0000;166,5900;4164,7500;0,0000;31/12/2026
ERN - HOSPITAL DR JOSÉ PEDRO BEZERRA DE NATAL;925778;68;Material;925778-17/2026;curativos;Catálogo do Compras.gov.br;Material;6510;MATERIAIS CIRÚRGICOS PARA CURATIVOS;30017;MATERIAL P/ TERAPIA PRESSÃO SUBATMOSFÉRICA - VÁCUO;484285;COMPATIBILIDADE: COMPATIBILIDADE ESPECÍFICA, COMPONENTE 1: TUBO CONECTOR, DIMENSÃO 2: CERCA DE 20 X 25, EMBALAGEM: EMBALAGEM INDIVIDUAL, TIPO: PEÇA ÚNICA, TIPO CURATIVO: ESPONJA POLIURETANO C/ CARBOXIMETILCELULOSE, TIPO PELÍCULA: PELÍCULA ADESIVA POLIURETANO, TIPO USO: ESTÉRIL;UN;10,0000;1360,0000;13600,0000;0,0000;31/12/2026
ERN - HOSPITAL DR JOSÉ PEDRO BEZERRA DE NATAL;925778;69;Material;925778-17/2026;curativos;Catálogo do Compras.gov.br;Material;6510;MATERIAIS CIRÚRGICOS PARA CURATIVOS;16212;RESERVATÓRIO DE SUCÇÃO;625207;CAPACIDADE: CERCA DE 600, COMPONENTE: C/ VÁLVULA ANTIRREFLUXO E EXTENSOR C/ CLAMP, CONECTOR: C/ 2 VIAS, ESTERILIDADE: ESTÉRIL, USO ÚNICO, MATERIAL: POLÍMERO TRANSPARENTE, GRADUADO, MODELO: PRESSÃO NEGATIVA;UN;20,0000;1100,0000;22000,0000;0,0000;31/12/2026
ERN - HOSPITAL DR JOSÉ PEDRO BEZERRA DE NATAL;925778;70;Material;925778-17/2026;curativos;Catálogo do Compras.gov.br;Material;6510;MATERIAIS CIRÚRGICOS PARA CURATIVOS;30022;CURATIVO / COBERTURA;484980;APLICAÇÃO: P/ FERIDA, ASPECTO FÍSICO: PLACA, COMPONENTE 1: C/ PELÍCULA PU / POLIETILENO, COMPONENTE 4: C/ DACC, COMPOSIÇÃO: À BASE DE ESPUMA PU / HIDROPOLÍMERO / HIDROCELULAR, DIMENSÃO: CERCA DE 7,5 X 10, ESTERILIDADE: ESTÉRIL;UN;250,0000;38,0000;9500,0000;0,0000;31/12/2026
ERN - HOSPITAL DR JOSÉ PEDRO BEZERRA DE NATAL;925778;71;Material;925778-17/2026;curativos;Catálogo do Compras.gov.br;Material;6510;MATERIAIS CIRÚRGICOS PARA CURATIVOS;30022;CURATIVO / COBERTURA;603322;APLICAÇÃO: P/ FERIDA, ASPECTO FÍSICO: MALHA / GAZE, COMPONENTE 1: C/ POLIÉSTER, COMPOSIÇÃO: À BASE DE CMC E PARTÍCULAS LIPOFÍLICAS, DIMENSÃO: CERCA DE 15 X 15, ESTERILIDADE: ESTÉRIL;UN;200,0000;187,4900;37498,0000;0,0000;31/12/2026
ERN - HOSPITAL DR JOSÉ PEDRO BEZERRA DE NATAL;925778;72;Material;925778-17/2026;curativos;Catálogo do Compras.gov.br;Material;6510;MATERIAIS CIRÚRGICOS PARA CURATIVOS;30022;CURATIVO / COBERTURA;485862;APLICAÇÃO: P/ FERIDA, ASPECTO FÍSICO: FRASCO C/ GEL, COMPONENTE 4: C/ PHMB, COMPOSIÇÃO: À BASE DE HIDROGEL, ESTERILIDADE: ESTÉRIL;UN;500,0000;63,3000;31650,0000;0,0000;31/12/2026
ERN - HOSPITAL DR JOSÉ PEDRO BEZERRA DE NATAL;925778;73;Material;925778-17/2026;curativos;Catálogo do Compras.gov.br;Material;6510;MATERIAIS CIRÚRGICOS PARA CURATIVOS;19907;BANDAGEM;478154;COR: C/ COR, DIMENSÃO: CERCA DE 10 CM X 3 M E 10 CM X 6 M, EMBALAGEM: CONJUNTO C/ 2 ROLOS, ESPESSURA: CERCA DE 0,3 A 0,5 CM, MATERIAL: MALHA DE ALGODÃO E ESPUMA, TIPO: SISTEMA DE 2 CAMADAS, TIPO USO: REUTILIZÁVEL;UN;40,0000;168,2500;6730,0000;0,0000;31/12/2026
ERN - HOSPITAL DR JOSÉ PEDRO BEZERRA DE NATAL;925778;74;Material;925778-17/2026;curativos;Catálogo do Compras.gov.br;Material;6510;MATERIAIS CIRÚRGICOS PARA CURATIVOS;383;MALHA P/ FIXAÇÃO CURATIVO;446095;EMBALAGEM: EMBALAGEM INDIVIDUAL, LARGURA*: CERCA DE 30, MATERIAL*: TECIDO MISTO, TIPO: TUBULAR;RO;5,0000;228,9500;1144,7500;0,0000;31/12/2026
ERN - HOSPITAL DR JOSÉ PEDRO BEZERRA DE NATAL;925778;75;Material;925778-17/2026;curativos;Catálogo do Compras.gov.br;Material;6510;MATERIAIS CIRÚRGICOS PARA CURATIVOS;383;MALHA P/ FIXAÇÃO CURATIVO;446391;ADICIONAL: HIPOALERGÊNICA, APRESENTAÇÃO: ROLO, LARGURA*: CERCA DE 50, MATERIAL*: TECIDO MISTO, TIPO: TUBULAR, TIPO USO: DESCARTÁVEL;RO;10,0000;221,0000;2210,0000;0,0000;31/12/2026
ERN - HOSPITAL DR JOSÉ PEDRO BEZERRA DE NATAL;925778;76;Material;925778-16/2026;Material para higiene;Catálogo do Compras.gov.br;Material;6508;COSMÉTICOS E ARTIGOS DE TOUCADOR DE NATUREZA MEDICINAL;18179;ÁCIDOS GRAXOS ESSENCIAIS;281657;COMPONENTES: LINOLÊICO, LECITINA DE SOJA, COMPOSIÇÃO: COMPOSTO DOS ÁCIDOS CAPRÍLICO, CÁPRICO, LÁURICO, APRESENTAÇÃO: ASSOCIADOS COM VITAMINAS "A" E "E", TIPO: LOÇÃO OLEOSA;FR;60,0000;2,7600;165,6000;0,0000;31/12/2026
ERN - HOSPITAL DR JOSÉ PEDRO BEZERRA DE NATAL;925778;77;Material;925778-16/2026;Material para higiene;Catálogo do Compras.gov.br;Material;8530;ARTIGOS PARA HIGIENE PESSOAL;2676;APARELHO BARBEAR;283964;MATERIAL CABO: CABO PLÁSTICO, MATERIAL LÂMINA: LÂMINA AÇO INOX, QUANTIDADE LÂMINAS: 2 LÂMINAS, TIPO: DESCARTÁVEL;UN;420,0000;0,6000;252,0000;0,0000;31/12/2026
ERN - HOSPITAL DR JOSÉ PEDRO BEZERRA DE NATAL;925778;78;Material;925778-16/2026;Material para higiene;Catálogo do Compras.gov.br;Material;6508;COSMÉTICOS E ARTIGOS DE TOUCADOR DE NATUREZA MEDICINAL;5961;CREME HIDRATANTE;439095;COMPOSIÇÃO: À BASE DE PETROLATO E GLICERINA;BIS;80,0000;34,6600;2772,8000;0,0000;31/12/2026
ERN - HOSPITAL DR JOSÉ PEDRO BEZERRA DE NATAL;925778;79;Material;925778-16/2026;Material para higiene;Catálogo do Compras.gov.br;Material;6508;COSMÉTICOS E ARTIGOS DE TOUCADOR DE NATUREZA MEDICINAL;18179;ÁCIDOS GRAXOS ESSENCIAIS;455118;COMPONENTES: C/ ÓLEO DE COPAÍBA, ÓLEO DE MELALEUCA, COMPOSIÇÃO: TCM, FORMA FARMACÊUTICA: EM COMPRESSA GAZE, OUTROS COMPONENTES: ASSOCIADOS COM VITAMINAS "A" E "E";UN;350,0000;18,9900;6646,5000;0,0000;31/12/2026
ERN - HOSPITAL DR JOSÉ PEDRO BEZERRA DE NATAL;925778;80;Material;925778-16/2026;Material para higiene;Catálogo do Compras.gov.br;Material;6508;COSMÉTICOS E ARTIGOS DE TOUCADOR DE NATUREZA MEDICINAL;18179;ÁCIDOS GRAXOS ESSENCIAIS;455118;COMPONENTES: C/ ÓLEO DE COPAÍBA, ÓLEO DE MELALEUCA, COMPOSIÇÃO: TCM, FORMA FARMACÊUTICA: EM COMPRESSA GAZE, OUTROS COMPONENTES: ASSOCIADOS COM VITAMINAS "A" E "E";UN;150,0000;4,5000;675,0000;0,0000;31/12/2026
ERN - HOSPITAL DR JOSÉ PEDRO BEZERRA DE NATAL;925778;81;Material;925778-16/2026;Material para higiene;Catálogo do Compras.gov.br;Material;6508;COSMÉTICOS E ARTIGOS DE TOUCADOR DE NATUREZA MEDICINAL;5961;CREME HIDRATANTE;465091;CARACTERÍSTICAS ADICIONAIS*: FORMULAÇÃO ESPECIALMENTE MANIPULADA, COMPOSIÇÃO: À BASE DE DERIVADO DE URÉIA, OUTROS COMPONENTES: LACTATO DE AMÔNIA E ÓLEO DE AMÊNDOAS;BIS;150,0000;39,9000;5985,0000;0,0000;31/12/2026
ERN - HOSPITAL DR JOSÉ PEDRO BEZERRA DE NATAL;925778;82;Material;925778-16/2026;Material para higiene;Catálogo do Compras.gov.br;Material;7930;COMPOSTOS E PREPARADOS PARA LIMPEZA E POLIMENTO;715;ÁLCOOL ETÍLICO LIMPEZA DE AMBIENTES;429225;CARACTERÍSTICAS ADICIONAIS: GEL, CONCENTRAÇÃO: 70%, TIPO: ETÍLICO HIDRATADO;EMB;4000,0000;35,0000;140000,0000;0,0000;31/12/2026
ERN - HOSPITAL DR JOSÉ PEDRO BEZERRA DE NATAL;925778;83;Material;925778-16/2026;Material para higiene;Catálogo do Compras.gov.br;Material;7930;COMPOSTOS E PREPARADOS PARA LIMPEZA E POLIMENTO;11634;REMOVEDOR;248518;APLICAÇÃO: USO GERAL, ASPECTO FÍSICO: LÍQUIDO, COR: INCOLOR, TIPO: SOLVENTE COM HIDROCARBONETES AROMÁTICOS;EMB;100,0000;33,0000;3300,0000;0,0000;31/12/2026
ERN - HOSPITAL DR JOSÉ PEDRO BEZERRA DE NATAL;925778;84;Material;925778-15/2026;medicamentos;Catálogo do Compras.gov.br;Material;6505;DROGAS E MEDICAMENTOS;1824;ACETILCISTEÍNA;434110;CONCENTRAÇAO: 600, FORMA FARMACEUTICA: GRANULADO PARA SOLUÇÃO ORAL;ENV;300,0000;1,0485;314,5500;0,0000;31/12/2026
ERN - HOSPITAL DR JOSÉ PEDRO BEZERRA DE NATAL;925778;85;Material;925778-15/2026;medicamentos;Catálogo do Compras.gov.br;Material;6505;DROGAS E MEDICAMENTOS;1824;ACETILCISTEÍNA;335091;DOSAGEM: 100, FORMA FARMACÊUTICA: SOLUÇÃO INJETÁVEL;AM;20,0000;3,5000;70,0000;0,0000;31/12/2026
ERN - HOSPITAL DR JOSÉ PEDRO BEZERRA DE NATAL;925778;86;Material;925778-15/2026;medicamentos;Catálogo do Compras.gov.br;Material;6505;DROGAS E MEDICAMENTOS;363;ACICLOVIR;268375;DOSAGEM: 50, USO: CREME;BIS;15,0000;2,4110;36,1650;0,0000;31/12/2026
ERN - HOSPITAL DR JOSÉ PEDRO BEZERRA DE NATAL;925778;87;Material;925778-15/2026;medicamentos;Catálogo do Compras.gov.br;Material;6505;DROGAS E MEDICAMENTOS;363;ACICLOVIR;268374;DOSAGEM: 250, USO: INJETÁVEL;FR-AM;20,0000;5,3000;106,0000;0,0000;31/12/2026
ERN - HOSPITAL DR JOSÉ PEDRO BEZERRA DE NATAL;925778;88;Material;925778-15/2026;medicamentos;Catálogo do Compras.gov.br;Material;6505;DROGAS E MEDICAMENTOS;363;ACICLOVIR;268370;DOSAGEM: 200;COMPR;100,0000;0,1800;18,0000;0,0000;31/12/2026
ERN - HOSPITAL DR JOSÉ PEDRO BEZERRA DE NATAL;925778;89;Material;925778-15/2026;medicamentos;Catálogo do Compras.gov.br;Material;6505;DROGAS E MEDICAMENTOS;353;ÁCIDO ACETILSALICÍLICO;267502;DOSAGEM: 100;COMPR;400,0000;0,0470;18,8000;0,0000;31/12/2026
ERN - HOSPITAL DR JOSÉ PEDRO BEZERRA DE NATAL;925778;90;Material;925778-15/2026;medicamentos;Catálogo do Compras.gov.br;Material;6505;DROGAS E MEDICAMENTOS;1869;ÁCIDO AMINOCAPRÓICO;309045;DOSAGEM: 200, FORMA FARMACÊUTICA: SOLUÇÃO INJETÁVEL;FR;170,0000;26,7494;4547,3980;0,0000;31/12/2026
ERN - HOSPITAL DR JOSÉ PEDRO BEZERRA DE NATAL;925778;91;Material;925778-15/2026;medicamentos;Catálogo do Compras.gov.br;Material;6505;DROGAS E MEDICAMENTOS;1872;ÁCIDO ASCÓRBICO;448663;CONCENTRAÇÃO: 200, FORMA FARMACEUTICA: SOLUÇÃO INJETÁVEL;AM;1000,0000;0,8300;830,0000;0,0000;31/12/2026
ERN - HOSPITAL DR JOSÉ PEDRO BEZERRA DE NATAL;925778;92;Material;925778-15/2026;medicamentos;Catálogo do Compras.gov.br;Material;6505;DROGAS E MEDICAMENTOS;1872;ÁCIDO ASCÓRBICO;468946;CONCENTRAÇÃO: 500, FORMA FARMACEUTICA: COMPRIMIDO EFERVESCENTE;COMPR;200,0000;0,1267;25,3400;0,0000;31/12/2026
ERN - HOSPITAL DR JOSÉ PEDRO BEZERRA DE NATAL;925778;93;Material;925778-15/2026;medicamentos;Catálogo do Compras.gov.br;Material;6505;DROGAS E MEDICAMENTOS;1872;ÁCIDO ASCÓRBICO;271689;DOSAGEM: 200, TIPO USO: SOLUÇÃO ORAL;FR;50,0000;1,2600;63,0000;0,0000;31/12/2026
ERN - HOSPITAL DR JOSÉ PEDRO BEZERRA DE NATAL;925778;94;Material;925778-15/2026;medicamentos;Catálogo do Compras.gov.br;Material;6505;DROGAS E MEDICAMENTOS;354;ÁCIDO FÓLICO;267503;DOSAGEM: 5;COMPR;300,0000;0,0400;12,0000;0,0000;31/12/2026
ERN - HOSPITAL DR JOSÉ PEDRO BEZERRA DE NATAL;925778;95;Material;925778-15/2026;medicamentos;Catálogo do Compras.gov.br;Material;6505;DROGAS E MEDICAMENTOS;354;ÁCIDO FÓLICO;278489;DOSAGEM: 0,2, USO: SOLUÇÃO ORAL - GOTAS;FR;20,0000;3,2500;65,0000;0,0000;31/12/2026
ERN - HOSPITAL DR JOSÉ PEDRO BEZERRA DE NATAL;925778;96;Material;925778-15/2026;medicamentos;Catálogo do Compras.gov.br;Material;6505;DROGAS E MEDICAMENTOS;2032;ÁCIDO TRANEXÂMICO;327566;DOSAGEM: 50, FORMA FARMACÊUTICA: SOLUÇÃO INJETÁVEL;AM;600,0000;3,8900;2334,0000;0,0000;31/12/2026
ERN - HOSPITAL DR JOSÉ PEDRO BEZERRA DE NATAL;925778;97;Material;925778-15/2026;medicamentos;Catálogo do Compras.gov.br;Material;6505;DROGAS E MEDICAMENTOS;2035;ÁCIDO URSODESOXICÓLICO;269460;CONCENTRAÇÃO: 150;COMPR;180,0000;0,6800;122,4000;0,0000;31/12/2026
ERN - HOSPITAL DR JOSÉ PEDRO BEZERRA DE NATAL;925778;98;Material;925778-15/2026;medicamentos;Catálogo do Compras.gov.br;Material;6505;DROGAS E MEDICAMENTOS;2100;ADENOSINA;278281;DOSAGEM: 3, INDICAÇÃO: SOLUÇÃO INJETÁVEL;AM;50,0000;9,8300;491,5000;0,0000;31/12/2026
ERN - HOSPITAL DR JOSÉ PEDRO BEZERRA DE NATAL;925778;99;Material;925778-15/2026;medicamentos;Catálogo do Compras.gov.br;Material;6505;DROGAS E MEDICAMENTOS;350;ALBENDAZOL;459822;CONCENTRAÇÃO: 400, FORMA FARMACEUTICA: COMPRIMIDO MASTIGÁVEL;COMPR;40,0000;0,4107;16,4280;0,0000;31/12/2026
ERN - HOSPITAL DR JOSÉ PEDRO BEZERRA DE NATAL;925778;100;Material;925778-15/2026;medicamentos;Catálogo do Compras.gov.br;Material;6505;DROGAS E MEDICAMENTOS;2239;ALBUMINA HUMANA;268376;CONCENTRAÇÃO: 20%, USO: INJETÁVEL;FR;230,0000;159,9300;36783,9000;0,0000;31/12/2026
ERN - HOSPITAL DR JOSÉ PEDRO BEZERRA DE NATAL;925778;101;Material;925778-15/2026;medicamentos;Catálogo do Compras.gov.br;Material;6505;DROGAS E MEDICAMENTOS;2363;ALPROSTADIL;268380;DOSAGEM: 20, INDICAÇÃO: INJETÁVEL;AM;50,0000;88,4700;4423,5000;0,0000;31/12/2026
ERN - HOSPITAL DR JOSÉ PEDRO BEZERRA DE NATAL;925778;102;Material;925778-15/2026;medicamentos;Catálogo do Compras.gov.br;Material;6505;DROGAS E MEDICAMENTOS;2363;ALPROSTADIL;408617;CARACTERÍSTICA ADICIONAL: FORMULAÇÃO ESPECIALMENTE MANIPULADA, CONCENTRAÇAO: 250, FORMA FARMACEUTICA: PÓ LIÓFILO P/INJETÁVEL;FR-AM;30,0000;156,0000;4680,0000;0,0000;31/12/2026
ERN - HOSPITAL DR JOSÉ PEDRO BEZERRA DE NATAL;925778;103;Material;925778-15/2026;medicamentos;Catálogo do Compras.gov.br;Material;6505;DROGAS E MEDICAMENTOS;2363;ALPROSTADIL;333142;DOSAGEM: 500, FORMA FARMACÊUTICA: SOLUÇÃO INJETÁVEL;AM;20,0000;191,5200;3830,4000;0,0000;31/12/2026
ERN - HOSPITAL DR JOSÉ PEDRO BEZERRA DE NATAL;925778;104;Material;925778-15/2026;medicamentos;Catálogo do Compras.gov.br;Material;6505;DROGAS E MEDICAMENTOS;2365;ALTEPLASE;436418;CONCENTRAÇÃO: 50, FORMA FARMACÊUTICA: PÓ LIÓFILO P/ INJETÁVEL + DILUENTE;FR-AM;5,0000;2611,1500;13055,7500;0,0000;31/12/2026
ERN - HOSPITAL DR JOSÉ PEDRO BEZERRA DE NATAL;925778;105;Material;925778-15/2026;medicamentos;Catálogo do Compras.gov.br;Material;6505;DROGAS E MEDICAMENTOS;5130;AMBROXOL;446263;COMPOSIÇÃO: SAL CLORIDRATO, CONCENTRAÇÃO: 6, FORMA FARMACÊUTICA: XAROPE;FR;50,0000;2,9900;149,5000;0,0000;31/12/2026
ERN - HOSPITAL DR JOSÉ PEDRO BEZERRA DE NATAL;925778;106;Material;925778-15/2026;medicamentos;Catálogo do Compras.gov.br;Material;6505;DROGAS E MEDICAMENTOS;12320;AMICACINA SULFATO;268381;DOSAGEM: 250, INDICAÇÃO: SOLUÇÃO INJETÁVEL;AM;200,0000;4,4900;898,0000;0,0000;31/12/2026
ERN - HOSPITAL DR JOSÉ PEDRO BEZERRA DE NATAL;925778;107;Material;925778-15/2026;medicamentos;Catálogo do Compras.gov.br;Material;6505;DROGAS E MEDICAMENTOS;12320;AMICACINA SULFATO;268383;DOSAGEM: 50, INDICAÇÃO: SOLUÇÃO INJETÁVEL;AM;400,0000;9,0000;3600,0000;0,0000;31/12/2026
ERN - HOSPITAL DR JOSÉ PEDRO BEZERRA DE NATAL;925778;108;Material;925778-15/2026;medicamentos;Catálogo do Compras.gov.br;Material;6505;DROGAS E MEDICAMENTOS;351;AMINOFILINA;292402;DOSAGEM: 24, FORMA FARMACÊUTICA: SOLUÇÃO INJETÁVEL;AM;400,0000;6,0000;2400,0000;0,0000;31/12/2026
ERN - HOSPITAL DR JOSÉ PEDRO BEZERRA DE NATAL;925778;109;Material;925778-15/2026;medicamentos;Catálogo do Compras.gov.br;Material;6505;DROGAS E MEDICAMENTOS;2420;AMIODARONA;271710;DOSAGEM: 50MG/ML, INDICAÇÃO: INJETÁVEL;AM;200,0000;2,1000;420,0000;0,0000;31/12/2026
ERN - HOSPITAL DR JOSÉ PEDRO BEZERRA DE NATAL;925778;110;Material;925778-15/2026;medicamentos;Catálogo do Compras.gov.br;Material;6505;DROGAS E MEDICAMENTOS;2420;AMIODARONA;267510;DOSAGEM: 200 MG;COMPR;90,0000;0,3000;27,0000;0,0000;31/12/2026
ERN - HOSPITAL DR JOSÉ PEDRO BEZERRA DE NATAL;925778;111;Material;925778-15/2026;medicamentos;Catálogo do Compras.gov.br;Material;6505;DROGAS E MEDICAMENTOS;2436;AMOXICILINA;271089;CONCENTRAÇÃO: 500MG;CAPS;600,0000;0,2100;126,0000;0,0000;31/12/2026
ERN - HOSPITAL DR JOSÉ PEDRO BEZERRA DE NATAL;925778;112;Material;925778-15/2026;medicamentos;Catálogo do Compras.gov.br;Material;6505;DROGAS E MEDICAMENTOS;349;AMPICILINA;442689;COMPOSIÇÃO: ASSOCIADA AO SULBACTAM, CONCENTRAÇÃO: 2 G + 1, FORMA FARMACEUTICA: PÓ P/ SOLUÇÃO INJETÁVEL;FR-AM;50,0000;11,9900;599,5000;0,0000;31/12/2026
ERN - HOSPITAL DR JOSÉ PEDRO BEZERRA DE NATAL;925778;113;Material;925778-15/2026;medicamentos;Catálogo do Compras.gov.br;Material;6505;DROGAS E MEDICAMENTOS;349;AMPICILINA;268207;DOSAGEM: 1, TIPO USO: INJETÁVEL;FR-AM;300,0000;4,2400;1272,0000;0,0000;31/12/2026
ERN - HOSPITAL DR JOSÉ PEDRO BEZERRA DE NATAL;925778;114;Material;925778-15/2026;medicamentos;Catálogo do Compras.gov.br;Material;6505;DROGAS E MEDICAMENTOS;2517;ANFOTERICINA B;268395;DOSAGEM: 50, APLICAÇÃO: INJETÁVEL;FR-AM;25,0000;26,6000;665,0000;0,0000;31/12/2026
ERN - HOSPITAL DR JOSÉ PEDRO BEZERRA DE NATAL;925778;115;Material;925778-15/2026;medicamentos;Catálogo do Compras.gov.br;Material;6505;DROGAS E MEDICAMENTOS;2411;ANLODIPINO BESILATO;272434;DOSAGEM: 5;COMPR;270,0000;0,0300;8,1000;0,0000;31/12/2026
ERN - HOSPITAL DR JOSÉ PEDRO BEZERRA DE NATAL;925778;116;Material;925778-15/2026;medicamentos;Catálogo do Compras.gov.br;Material;6505;DROGAS E MEDICAMENTOS;2411;ANLODIPINO BESILATO;268896;DOSAGEM: 10;COMPR;330,0000;0,0500;16,5000;0,0000;31/12/2026
ERN - HOSPITAL DR JOSÉ PEDRO BEZERRA DE NATAL;925778;117;Material;925778-15/2026;medicamentos;Catálogo do Compras.gov.br;Material;6505;DROGAS E MEDICAMENTOS;3106;ATENOLOL;267516;DOSAGEM: 25;COMPR;300,0000;0,0422;12,6600;0,0000;31/12/2026
ERN - HOSPITAL DR JOSÉ PEDRO BEZERRA DE NATAL;925778;118;Material;925778-15/2026;medicamentos;Catálogo do Compras.gov.br;Material;6505;DROGAS E MEDICAMENTOS;3106;ATENOLOL;267517;DOSAGEM: 50;COMPR;60,0000;0,0450;2,7000;0,0000;31/12/2026
ERN - HOSPITAL DR JOSÉ PEDRO BEZERRA DE NATAL;925778;119;Material;925778-15/2026;medicamentos;Catálogo do Compras.gov.br;Material;6505;DROGAS E MEDICAMENTOS;355;ATROPINA SULFATO;268214;DOSAGEM: 0,25, USO: SOLUÇÃO INJETÁVEL;AM;3000,0000;0,8600;2580,0000;0,0000;31/12/2026
ERN - HOSPITAL DR JOSÉ PEDRO BEZERRA DE NATAL;925778;120;Material;925778-15/2026;medicamentos;Catálogo do Compras.gov.br;Material;6505;DROGAS E MEDICAMENTOS;3167;AZITROMICINA;267140;DOSAGEM: 500;COMPR;160,0000;0,8300;132,8000;0,0000;31/12/2026
ERN - HOSPITAL DR JOSÉ PEDRO BEZERRA DE NATAL;925778;121;Material;925778-15/2026;medicamentos;Catálogo do Compras.gov.br;Material;6505;DROGAS E MEDICAMENTOS;3167;AZITROMICINA;268952;DOSAGEM: 500, APRESENTAÇÃO: PÓ LIOFILIZADO PARA SOLUÇÃO INJETÁVEL;FR-AM;10,0000;12,0000;120,0000;0,0000;31/12/2026
ERN - HOSPITAL DR JOSÉ PEDRO BEZERRA DE NATAL;925778;122;Material;925778-15/2026;medicamentos;Catálogo do Compras.gov.br;Material;6505;DROGAS E MEDICAMENTOS;3169;AZTREONAM;442690;CONCENTRAÇÃO: 1, FORMA FARMACEUTICA: PÓ P/ SOLUÇÃO INJETÁVEL;FR-AM;200,0000;31,0200;6204,0000;0,0000;31/12/2026
ERN - HOSPITAL DR JOSÉ PEDRO BEZERRA DE NATAL;925778;123;Material;925778-15/2026;medicamentos;Catálogo do Compras.gov.br;Material;6505;DROGAS E MEDICAMENTOS;365;BENZILPENICILINA;270616;APRESENTAÇÃO: POTÁSSICA, DOSAGEM: 5.000.000UI, USO: INJETÁVEL;FR-AM;150,0000;9,8200;1473,0000;0,0000;31/12/2026
ERN - HOSPITAL DR JOSÉ PEDRO BEZERRA DE NATAL;925778;124;Material;925778-15/2026;medicamentos;Catálogo do Compras.gov.br;Material;6505;DROGAS E MEDICAMENTOS;365;BENZILPENICILINA;270612;APRESENTAÇÃO: BENZATINA, DOSAGEM: 1.200.000UI, USO: INJETÁVEL;FR-AM;50,0000;8,7400;437,0000;0,0000;31/12/2026
ERN - HOSPITAL DR JOSÉ PEDRO BEZERRA DE NATAL;925778;125;Material;925778-15/2026;medicamentos;Catálogo do Compras.gov.br;Material;6505;DROGAS E MEDICAMENTOS;1253;BETAMETASONA;270597;COMPOSIÇÃO: ACETATO, APRESENTAÇÃO: ASSOCIADA COM BETAMETASONA FOSFATO, DOSAGEM: 3MG + 3MG/ML, USO: INJETÁVEL;AM;250,0000;7,9500;1987,5000;0,0000;31/12/2026
ERN - HOSPITAL DR JOSÉ PEDRO BEZERRA DE NATAL;925778;126;Material;925778-15/2026;medicamentos;Catálogo do Compras.gov.br;Material;6505;DROGAS E MEDICAMENTOS;1249;BICARBONATO DE SÓDIO;268222;DOSAGEM: 8,4%, USO: SOLUÇÃO INJETÁVEL;AM;400,0000;0,7430;297,2000;0,0000;31/12/2026
ERN - HOSPITAL DR JOSÉ PEDRO BEZERRA DE NATAL;925778;127;Material;925778-15/2026;medicamentos;Catálogo do Compras.gov.br;Material;6505;DROGAS E MEDICAMENTOS;1249;BICARBONATO DE SÓDIO;268222;DOSAGEM: 8,4%, USO: SOLUÇÃO INJETÁVEL;FR;30,0000;17,0000;510,0000;0,0000;31/12/2026
ERN - HOSPITAL DR JOSÉ PEDRO BEZERRA DE NATAL;925778;128;Material;925778-15/2026;medicamentos;Catálogo do Compras.gov.br;Material;6505;DROGAS E MEDICAMENTOS;3570;BISACODIL;269603;DOSAGEM: 5;COMPR;300,0000;0,1000;30,0000;0,0000;31/12/2026
ERN - HOSPITAL DR JOSÉ PEDRO BEZERRA DE NATAL;925778;129;Material;925778-15/2026;medicamentos;Catálogo do Compras.gov.br;Material;6505;DROGAS E MEDICAMENTOS;3929;BROMOPRIDA;269958;DOSAGEM: 5, APRESENTAÇÃO: INJETÁVEL;AM;3200,0000;1,3400;4288,0000;0,0000;31/12/2026
ERN - HOSPITAL DR JOSÉ PEDRO BEZERRA DE NATAL;925778;130;Material;925778-15/2026;medicamentos;Catálogo do Compras.gov.br;Material;6505;DROGAS E MEDICAMENTOS;5144;BUPIVACAÍNA CLORIDRATO;270096;APRESENTAÇÃO: ASSOCIADA À EPINEFRINA, DOSAGEM: 0,5% + 1/200.000UI, TIPO: SOLUÇÃO INJETÁVEL;FR;25,0000;18,4700;461,7500;0,0000;31/12/2026
ERN - HOSPITAL DR JOSÉ PEDRO BEZERRA DE NATAL;925778;131;Material;925778-15/2026;medicamentos;Catálogo do Compras.gov.br;Material;6505;DROGAS E MEDICAMENTOS;5144;BUPIVACAÍNA CLORIDRATO;270095;APRESENTAÇÃO: ASSOCIADA À GLICOSE, DOSAGEM: 0,5% + 8%, TIPO: SOLUÇÃO INJETÁVEL;AM;700,0000;3,0500;2135,0000;0,0000;31/12/2026
ERN - HOSPITAL DR JOSÉ PEDRO BEZERRA DE NATAL;925778;132;Material;925778-15/2026;medicamentos;Catálogo do Compras.gov.br;Material;6505;DROGAS E MEDICAMENTOS;5144;BUPIVACAÍNA CLORIDRATO;269572;PUREZA: 0,5%, APLICAÇÃO: ISOBÁRICA, APRESENTAÇÃO: SOLUÇÃO INJETÁVEL;AM;200,0000;10,2830;2056,6000;0,0000;31/12/2026
ERN - HOSPITAL DR JOSÉ PEDRO BEZERRA DE NATAL;925778;133;Material;925778-15/2026;medicamentos;Catálogo do Compras.gov.br;Material;6505;DROGAS E MEDICAMENTOS;5144;BUPIVACAÍNA CLORIDRATO;269574;PUREZA: 0,5%, APRESENTAÇÃO: SOLUÇÃO INJETÁVEL;FR;25,0000;17,7900;444,7500;0,0000;31/12/2026
ERN - HOSPITAL DR JOSÉ PEDRO BEZERRA DE NATAL;925778;134;Material;925778-15/2026;medicamentos;Catálogo do Compras.gov.br;Material;6505;DROGAS E MEDICAMENTOS;3991;CABERGOLINA;268084;DOSAGEM: 0,5;COMPR;100,0000;7,1430;714,3000;0,0000;31/12/2026
ERN - HOSPITAL DR JOSÉ PEDRO BEZERRA DE NATAL;925778;135;Material;925778-15/2026;medicamentos;Catálogo do Compras.gov.br;Material;6505;DROGAS E MEDICAMENTOS;4104;CAFEÍNA;437940;CONCENTRAÇÃO: 20, FORMA FARMACÊUTICA: SOLUÇÃO INJETÁVEL;AM;1500,0000;111,3600;167040,0000;0,0000;31/12/2026
ERN - HOSPITAL DR JOSÉ PEDRO BEZERRA DE NATAL;925778;136;Material;925778-15/2026;medicamentos;Catálogo do Compras.gov.br;Material;6505;DROGAS E MEDICAMENTOS;4505;CAPTOPRIL;267613;CONCENTRAÇÃO: 25;COMPR;2500,0000;0,0390;97,5000;0,0000;31/12/2026
ERN - HOSPITAL DR JOSÉ PEDRO BEZERRA DE NATAL;925778;137;Material;925778-15/2026;medicamentos;Catálogo do Compras.gov.br;Material;6505;DROGAS E MEDICAMENTOS;18239;CARVÃO ATIVADO;477319;CARACTERÍSTICAS ADICIONAIS: FORMULAÇÃO ESPECIALMENTE MANIPULADA, FORMA FARMACÊUTICA: EM PÓ;FR;100,0000;8,3830;838,3000;0,0000;31/12/2026
ERN - HOSPITAL DR JOSÉ PEDRO BEZERRA DE NATAL;925778;138;Material;925778-15/2026;medicamentos;Catálogo do Compras.gov.br;Material;6505;DROGAS E MEDICAMENTOS;4677;CARVEDILOL;267566;DOSAGEM: 3,125;COMPR;150,0000;0,0905;13,5750;0,0000;31/12/2026
ERN - HOSPITAL DR JOSÉ PEDRO BEZERRA DE NATAL;925778;139;Material;925778-15/2026;medicamentos;Catálogo do Compras.gov.br;Material;6505;DROGAS E MEDICAMENTOS;4677;CARVEDILOL;267565;DOSAGEM: 6,25;COMPR;150,0000;0,0726;10,8900;0,0000;31/12/2026
ERN - HOSPITAL DR JOSÉ PEDRO BEZERRA DE NATAL;925778;140;Material;925778-15/2026;medicamentos;Catálogo do Compras.gov.br;Material;6505;DROGAS E MEDICAMENTOS;4720;CEFALEXINA;267625;DOSAGEM: 500;CAPS;750,0000;0,5500;412,5000;0,0000;31/12/2026
ERN - HOSPITAL DR JOSÉ PEDRO BEZERRA DE NATAL;925778;141;Material;925778-15/2026;medicamentos;Catálogo do Compras.gov.br;Material;6505;DROGAS E MEDICAMENTOS;4720;CEFALEXINA;331555;DOSAGEM: 50, FORMA FARMACÊUTICA: PÓ P/ SUSPENSÃO ORAL;FR;10,0000;7,9000;79,0000;0,0000;31/12/2026
ERN - HOSPITAL DR JOSÉ PEDRO BEZERRA DE NATAL;925778;142;Material;925778-15/2026;medicamentos;Catálogo do Compras.gov.br;Material;6505;DROGAS E MEDICAMENTOS;4722;CEFALOTINA SÓDICA;460699;CONCENTRAÇÃO: 1, FORMA FARMACEUTICA: PÓ LIÓFILO P/ INJETÁVEL;FR-AM;300,0000;3,0000;900,0000;0,0000;31/12/2026
ERN - HOSPITAL DR JOSÉ PEDRO BEZERRA DE NATAL;925778;143;Material;925778-15/2026;medicamentos;Catálogo do Compras.gov.br;Material;6505;DROGAS E MEDICAMENTOS;4723;CEFAZOLINA SÓDICA;442693;CONCENTRAÇÃO: 1, FORMA FARMACEUTICA: PÓ P/ SOLUÇÃO INJETÁVEL;FR-AM;1100,0000;3,5000;3850,0000;0,0000;31/12/2026
ERN - HOSPITAL DR JOSÉ PEDRO BEZERRA DE NATAL;925778;144;Material;925778-15/2026;medicamentos;Catálogo do Compras.gov.br;Material;6505;DROGAS E MEDICAMENTOS;4724;CEFEPIMA CLORIDRATO;339846;CONCENTRAÇÃO: 1, FORMA FARMACEUTICA: PÓ LIÓFILO P/ INJETÁVEL;FR-AM;100,0000;24,0000;2400,0000;0,0000;31/12/2026
ERN - HOSPITAL DR JOSÉ PEDRO BEZERRA DE NATAL;925778;145;Material;925778-15/2026;medicamentos;Catálogo do Compras.gov.br;Material;6505;DROGAS E MEDICAMENTOS;4724;CEFEPIMA CLORIDRATO;339847;CONCENTRAÇÃO: 2, FORMA FARMACEUTICA: PÓ LIÓFILO P/ INJETÁVEL;FR-AM;160,0000;30,0000;4800,0000;0,0000;31/12/2026
ERN - HOSPITAL DR JOSÉ PEDRO BEZERRA DE NATAL;925778;146;Material;925778-15/2026;medicamentos;Catálogo do Compras.gov.br;Material;6505;DROGAS E MEDICAMENTOS;4726;CEFOTAXIMA SÓDICA;268411;DOSAGEM: 1, INDICAÇÃO: INJETÁVEL;FR-AM;50,0000;7,0500;352,5000;0,0000;31/12/2026
ERN - HOSPITAL DR JOSÉ PEDRO BEZERRA DE NATAL;925778;147;Material;925778-15/2026;medicamentos;Catálogo do Compras.gov.br;Material;6505;DROGAS E MEDICAMENTOS;4730;CEFTAZIDIMA;456376;COMPOSIÇÃO: ASSOCIADO AO AVIBACTAM, CONCENTRAÇÃO: 2000 MG + 500, FORMA FARMACEUTICA: INJETÁVEL;FR-AM;100,0000;804,5700;80457,0000;0,0000;31/12/2026
ERN - HOSPITAL DR JOSÉ PEDRO BEZERRA DE NATAL;925778;148;Material;925778-15/2026;medicamentos;Catálogo do Compras.gov.br;Material;6505;DROGAS E MEDICAMENTOS;4730;CEFTAZIDIMA;442694;CONCENTRAÇÃO: 1, FORMA FARMACEUTICA: PÓ P/ SOLUÇÃO INJETÁVEL;FR-AM;120,0000;17,3000;2076,0000;0,0000;31/12/2026
ERN - HOSPITAL DR JOSÉ PEDRO BEZERRA DE NATAL;925778;149;Material;925778-15/2026;medicamentos;Catálogo do Compras.gov.br;Material;6505;DROGAS E MEDICAMENTOS;4731;CEFTRIAXONA SÓDICA;442701;CONCENTRAÇÃO: 1, FORMA FARMACEUTICA: PÓ P/ SOLUÇÃO INJETÁVEL;FR-AM;2200,0000;3,0000;6600,0000;0,0000;31/12/2026
ERN - HOSPITAL DR JOSÉ PEDRO BEZERRA DE NATAL;925778;150;Material;925778-15/2026;medicamentos;Catálogo do Compras.gov.br;Material;6505;DROGAS E MEDICAMENTOS;4803;CETOCONAZOL;308736;DOSAGEM: 20, FORMA FARMACÊUTICA: CREME TÓPICO;BIS;20,0000;2,8900;57,8000;0,0000;31/12/2026
ERN - HOSPITAL DR JOSÉ PEDRO BEZERRA DE NATAL;925778;151;Material;925778-15/2026;medicamentos;Catálogo do Compras.gov.br;Material;6505;DROGAS E MEDICAMENTOS;17993;CILOSTAZOL;276378;CONCENTRAÇÃO: 100;COMPR;120,0000;0,5500;66,0000;0,0000;31/12/2026
ERN - HOSPITAL DR JOSÉ PEDRO BEZERRA DE NATAL;925778;152;Material;925778-15/2026;medicamentos;Catálogo do Compras.gov.br;Material;6505;DROGAS E MEDICAMENTOS;5040;CIPROFLOXACINO CLORIDRATO;292418;DOSAGEM: 2, APRESENTAÇÃO: SOLUÇÃO INJETÁVEL;BOL;300,0000;9,8000;2940,0000;0,0000;31/12/2026
ERN - HOSPITAL DR JOSÉ PEDRO BEZERRA DE NATAL;925778;153;Material;925778-15/2026;medicamentos;Catálogo do Compras.gov.br;Material;6505;DROGAS E MEDICAMENTOS;5040;CIPROFLOXACINO CLORIDRATO;267632;DOSAGEM: 500;COMPR;240,0000;0,1956;46,9440;0,0000;31/12/2026
ERN - HOSPITAL DR JOSÉ PEDRO BEZERRA DE NATAL;925778;154;Material;925778-15/2026;medicamentos;Catálogo do Compras.gov.br;Material;6505;DROGAS E MEDICAMENTOS;5040;CIPROFLOXACINO CLORIDRATO;268431;DOSAGEM: 3, INDICAÇÃO: SOLUÇÃO OFTÁLMICA;FR;10,0000;6,6153;66,1530;0,0000;31/12/2026
ERN - HOSPITAL DR JOSÉ PEDRO BEZERRA DE NATAL;925778;155;Material;925778-15/2026;medicamentos;Catálogo do Compras.gov.br;Material;6505;DROGAS E MEDICAMENTOS;14231;CISATRACÚRIO BESILATO;340178;CONCENTRAÇÃO: 2, FORMA FARMACEUTICA: SOLUÇÃO INJETÁVEL;AM;30,0000;10,1900;305,7000;0,0000;31/12/2026
ERN - HOSPITAL DR JOSÉ PEDRO BEZERRA DE NATAL;925778;156;Material;925778-15/2026;medicamentos;Catálogo do Compras.gov.br;Material;6505;DROGAS E MEDICAMENTOS;5077;CLINDAMICINA;268436;DOSAGEM: 300;CAPS;100,0000;1,0000;100,0000;0,0000;31/12/2026
ERN - HOSPITAL DR JOSÉ PEDRO BEZERRA DE NATAL;925778;157;Material;925778-15/2026;medicamentos;Catálogo do Compras.gov.br;Material;6505;DROGAS E MEDICAMENTOS;5077;CLINDAMICINA;292419;DOSAGEM: 150, APRESENTAÇÃO: SOLUÇÃO INJETÁVEL;AM;2100,0000;2,8400;5964,0000;0,0000;31/12/2026
ERN - HOSPITAL DR JOSÉ PEDRO BEZERRA DE NATAL;925778;158;Material;925778-15/2026;medicamentos;Catálogo do Compras.gov.br;Material;6505;DROGAS E MEDICAMENTOS;5156;CLONIDINA CLORIDRATO;340206;CONCENTRAÇAO: 0,15, FORMA FARMACEUTICA: SOLUÇÃO INJETÁVEL;AM;60,0000;8,0458;482,7480;0,0000;31/12/2026
ERN - HOSPITAL DR JOSÉ PEDRO BEZERRA DE NATAL;925778;159;Material;925778-15/2026;medicamentos;Catálogo do Compras.gov.br;Material;6505;DROGAS E MEDICAMENTOS;5090;CLOPIDOGREL;272045;DOSAGEM: 75;COMPR;210,0000;0,4300;90,3000;0,0000;31/12/2026
ERN - HOSPITAL DR JOSÉ PEDRO BEZERRA DE NATAL;925778;160;Material;925778-15/2026;medicamentos;Catálogo do Compras.gov.br;Material;6505;DROGAS E MEDICAMENTOS;5116;CLORETO DE POTÁSSIO;393328;CONCENTRAÇÃO: 60, FORMA FARMACEUTICA: XAROPE;FR;20,0000;2,4200;48,4000;0,0000;31/12/2026
ERN - HOSPITAL DR JOSÉ PEDRO BEZERRA DE NATAL;925778;161;Material;925778-15/2026;medicamentos;Catálogo do Compras.gov.br;Material;6505;DROGAS E MEDICAMENTOS;5116;CLORETO DE POTÁSSIO;267162;DOSAGEM: 19,1%, APRESENTAÇÃO: SOLUÇÃO INJETÁVEL;AM;1100,0000;0,3000;330,0000;0,0000;31/12/2026
ERN - HOSPITAL DR JOSÉ PEDRO BEZERRA DE NATAL;925778;162;Material;925778-15/2026;medicamentos;Catálogo do Compras.gov.br;Material;6505;DROGAS E MEDICAMENTOS;5118;CLORETO DE SÓDIO;452796;CARACTERISTICA ADICIONAL: SISTEMA FECHADO, CARACTERÍSTICAS ADICIONAIS 1: BOLSA/FRASCO ISENTO DE PVC, CONCENTRAÇAO: 0,9 %, FORMA FARMACEUTICA: SOLUÇÃO INJETÁVEL;FR;8000,0000;2,9000;23200,0000;0,0000;31/12/2026
ERN - HOSPITAL DR JOSÉ PEDRO BEZERRA DE NATAL;925778;163;Material;925778-15/2026;medicamentos;Catálogo do Compras.gov.br;Material;6505;DROGAS E MEDICAMENTOS;5118;CLORETO DE SÓDIO;452796;CARACTERISTICA ADICIONAL: SISTEMA FECHADO, CARACTERÍSTICAS ADICIONAIS 1: BOLSA/FRASCO ISENTO DE PVC, CONCENTRAÇAO: 0,9 %, FORMA FARMACEUTICA: SOLUÇÃO INJETÁVEL;FR;2400,0000;3,8900;9336,0000;0,0000;31/12/2026
ERN - HOSPITAL DR JOSÉ PEDRO BEZERRA DE NATAL;925778;164;Material;925778-15/2026;medicamentos;Catálogo do Compras.gov.br;Material;6505;DROGAS E MEDICAMENTOS;5118;CLORETO DE SÓDIO;452796;CARACTERISTICA ADICIONAL: SISTEMA FECHADO, CARACTERÍSTICAS ADICIONAIS 1: BOLSA/FRASCO ISENTO DE PVC, CONCENTRAÇAO: 0,9 %, FORMA FARMACEUTICA: SOLUÇÃO INJETÁVEL;FR;5300,0000;4,9000;25970,0000;0,0000;31/12/2026
ERN - HOSPITAL DR JOSÉ PEDRO BEZERRA DE NATAL;925778;165;Material;925778-15/2026;medicamentos;Catálogo do Compras.gov.br;Material;6505;DROGAS E MEDICAMENTOS;5118;CLORETO DE SÓDIO;448699;CONCENTRAÇAO: 0,9 %, FORMA FARMACEUTICA: SOLUÇÃO INJETÁVEL;AM;7600,0000;0,2100;1596,0000;0,0000;31/12/2026
ERN - HOSPITAL DR JOSÉ PEDRO BEZERRA DE NATAL;925778;166;Material;925778-15/2026;medicamentos;Catálogo do Compras.gov.br;Material;6505;DROGAS E MEDICAMENTOS;5118;CLORETO DE SÓDIO;267574;DOSAGEM: 20%, USO: SOLUÇÃO INJETÁVEL;AM;600,0000;0,3500;210,0000;0,0000;31/12/2026
ERN - HOSPITAL DR JOSÉ PEDRO BEZERRA DE NATAL;925778;167;Material;925778-15/2026;medicamentos;Catálogo do Compras.gov.br;Material;6505;DROGAS E MEDICAMENTOS;5331;COLAGENASE;268958;CONCENTRAÇÃO: 0,6UI/G, USO: POMADA;BIS;50,0000;10,0357;501,7850;0,0000;31/12/2026
ERN - HOSPITAL DR JOSÉ PEDRO BEZERRA DE NATAL;925778;168;Material;925778-15/2026;medicamentos;Catálogo do Compras.gov.br;Material;6505;DROGAS E MEDICAMENTOS;16639;COLISTIMETATO DE SÓDIO;438633;CONCENTRAÇÃO: 1.000.000, FORMA FARMACÊUTICA: PÓ LIÓFILO P/ INJETÁVEL;FR-AM;50,0000;11,3000;565,0000;0,0000;31/12/2026
ERN - HOSPITAL DR JOSÉ PEDRO BEZERRA DE NATAL;925778;169;Material;925778-15/2026;medicamentos;Catálogo do Compras.gov.br;Material;6505;DROGAS E MEDICAMENTOS;13666;DANTROLENO SÓDICO;272475;CONCENTRAÇÃO: 20, APRESENTAÇÃO: INJETÁVEL, CARACTERÍSTICA ADICIONAL: KIT C/ 12FRS PÓ LIOFILIZADO + 12FRS C/ DILUENTE;FR-AM;12,0000;180,0000;2160,0000;0,0000;31/12/2026
ERN - HOSPITAL DR JOSÉ PEDRO BEZERRA DE NATAL;925778;170;Material;925778-15/2026;medicamentos;Catálogo do Compras.gov.br;Material;6505;DROGAS E MEDICAMENTOS;6102;DESLANÓSIDO;276283;DOSAGEM: 0,2 MG/ML, APRESENTAÇÃO: SOLUÇÃO INJETÁVEL;AM;50,0000;1,9500;97,5000;0,0000;31/12/2026
ERN - HOSPITAL DR JOSÉ PEDRO BEZERRA DE NATAL;925778;171;Material;925778-15/2026;medicamentos;Catálogo do Compras.gov.br;Material;6505;DROGAS E MEDICAMENTOS;6143;DEXAMETASONA;292427;DOSAGEM: 4, FORMA FARMACÊUTICA: SOLUÇÃO INJETÁVEL;AM;1300,0000;1,0900;1417,0000;0,0000;31/12/2026
ERN - HOSPITAL DR JOSÉ PEDRO BEZERRA DE NATAL;925778;172;Material;925778-15/2026;medicamentos;Catálogo do Compras.gov.br;Material;6505;DROGAS E MEDICAMENTOS;6143;DEXAMETASONA;268243;DOSAGEM: 0,1, APRESENTAÇÃO: ELIXIR;FR;20,0000;1,4699;29,3980;0,0000;31/12/2026
ERN - HOSPITAL DR JOSÉ PEDRO BEZERRA DE NATAL;925778;173;Material;925778-15/2026;medicamentos;Catálogo do Compras.gov.br;Material;6505;DROGAS E MEDICAMENTOS;6143;DEXAMETASONA;267187;DOSAGEM: 0,1%, APRESENTAÇÃO: SOLUÇÃO OFTÁLMICA;FR;10,0000;8,2700;82,7000;0,0000;31/12/2026
ERN - HOSPITAL DR JOSÉ PEDRO BEZERRA DE NATAL;925778;174;Material;925778-15/2026;medicamentos;Catálogo do Compras.gov.br;Material;6505;DROGAS E MEDICAMENTOS;6143;DEXAMETASONA;267643;DOSAGEM: 0,1%, APRESENTAÇÃO: CREME;BIS;60,0000;1,6877;101,2620;0,0000;31/12/2026
ERN - HOSPITAL DR JOSÉ PEDRO BEZERRA DE NATAL;925778;175;Material;925778-15/2026;medicamentos;Catálogo do Compras.gov.br;Material;6505;DROGAS E MEDICAMENTOS;9035;DEXCLORFENIRAMINA MALEATO;298454;CONCENTRAÇÃO: 0,4, APRESENTAÇÃO FARMACÊUTICA: XAROPE;FR;60,0000;12,1800;730,8000;0,0000;31/12/2026
ERN - HOSPITAL DR JOSÉ PEDRO BEZERRA DE NATAL;925778;176;Material;925778-15/2026;medicamentos;Catálogo do Compras.gov.br;Material;6505;DROGAS E MEDICAMENTOS;9035;DEXCLORFENIRAMINA MALEATO;267645;DOSAGEM: 2 MG;COMPR;240,0000;0,0400;9,6000;0,0000;31/12/2026
ERN - HOSPITAL DR JOSÉ PEDRO BEZERRA DE NATAL;925778;177;Material;925778-15/2026;medicamentos;Catálogo do Compras.gov.br;Material;6505;DROGAS E MEDICAMENTOS;5160;DEXMEDETOMIDINA CLORIDRATO;352204;CONCENTRAÇAO: 100, FORMA FARMACEUTICA: SOLUÇÃO INJETÁVEL;AM;200,0000;9,3930;1878,6000;0,0000;31/12/2026
ERN - HOSPITAL DR JOSÉ PEDRO BEZERRA DE NATAL;925778;178;Material;925778-15/2026;medicamentos;Catálogo do Compras.gov.br;Material;6505;DROGAS E MEDICAMENTOS;6171;DICLOFENACO;270992;APRESENTAÇÃO: SAL POTÁSSICO, DOSAGEM: 50 MG;COMPR;1800,0000;0,0490;88,2000;0,0000;31/12/2026
ERN - HOSPITAL DR JOSÉ PEDRO BEZERRA DE NATAL;925778;179;Material;925778-15/2026;medicamentos;Catálogo do Compras.gov.br;Material;6505;DROGAS E MEDICAMENTOS;6171;DICLOFENACO;271003;APRESENTAÇÃO: SAL SÓDICO, DOSAGEM: 25MG/ML, USO: SOLUÇÃO INJETÁVEL;AM;400,0000;0,7900;316,0000;0,0000;31/12/2026
ERN - HOSPITAL DR JOSÉ PEDRO BEZERRA DE NATAL;925778;180;Material;925778-15/2026;medicamentos;Catálogo do Compras.gov.br;Material;6505;DROGAS E MEDICAMENTOS;6200;DIGOXINA;267648;DOSAGEM: 0,05, APRESENTAÇÃO: ELIXIR;FR;5,0000;3,6849;18,4245;0,0000;31/12/2026
ERN - HOSPITAL DR JOSÉ PEDRO BEZERRA DE NATAL;925778;181;Material;925778-15/2026;medicamentos;Catálogo do Compras.gov.br;Material;6505;DROGAS E MEDICAMENTOS;6200;DIGOXINA;267647;DOSAGEM: 0,25;COMPR;30,0000;0,1600;4,8000;0,0000;31/12/2026
ERN - HOSPITAL DR JOSÉ PEDRO BEZERRA DE NATAL;925778;182;Material;925778-15/2026;medicamentos;Catálogo do Compras.gov.br;Material;6505;DROGAS E MEDICAMENTOS;6226;DIOSMINA;273818;COMPOSIÇÃO: ASSOCIADA À HESPERIDINA, CONCENTRAÇÃO: 450MG + 50MG;COMPR;60,0000;0,8300;49,8000;0,0000;31/12/2026
ERN - HOSPITAL DR JOSÉ PEDRO BEZERRA DE NATAL;925778;183;Material;925778-15/2026;medicamentos;Catálogo do Compras.gov.br;Material;6505;DROGAS E MEDICAMENTOS;17708;DIPIRONA SÓDICA;268252;APRESENTAÇÃO: SOLUÇÃO INJETÁVEL, DOSAGEM: 500;AM;6000,0000;0,9100;5460,0000;0,0000;31/12/2026
ERN - HOSPITAL DR JOSÉ PEDRO BEZERRA DE NATAL;925778;184;Material;925778-15/2026;medicamentos;Catálogo do Compras.gov.br;Material;6505;DROGAS E MEDICAMENTOS;17708;DIPIRONA SÓDICA;267205;APRESENTAÇÃO: SOLUÇÃO ORAL (GOTAS), DOSAGEM: 500;FR;800,0000;2,1120;1689,6000;0,0000;31/12/2026
ERN - HOSPITAL DR JOSÉ PEDRO BEZERRA DE NATAL;925778;185;Material;925778-15/2026;medicamentos;Catálogo do Compras.gov.br;Material;6505;DROGAS E MEDICAMENTOS;5166;DOBUTAMINA CLORIDRATO;268446;DOSAGEM: 12,5, INDICAÇÃO: INJETÁVEL;AM;150,0000;5,8300;874,5000;0,0000;31/12/2026
ERN - HOSPITAL DR JOSÉ PEDRO BEZERRA DE NATAL;925778;186;Material;925778-15/2026;medicamentos;Catálogo do Compras.gov.br;Material;6505;DROGAS E MEDICAMENTOS;6381;DOMPERIDONA;269963;DOSAGEM: 1, INDICAÇÃO: SUSPENSÃO ORAL;FR;10,0000;11,1000;111,0000;0,0000;31/12/2026
ERN - HOSPITAL DR JOSÉ PEDRO BEZERRA DE NATAL;925778;187;Material;925778-15/2026;medicamentos;Catálogo do Compras.gov.br;Material;6505;DROGAS E MEDICAMENTOS;6382;DOPAMINA;268960;DOSAGEM: 5 MG/ML, APRESENTAÇÃO: SOLUÇÃO INJETÁVEL;AM;350,0000;3,5000;1225,0000;0,0000;31/12/2026
ERN - HOSPITAL DR JOSÉ PEDRO BEZERRA DE NATAL;925778;188;Material;925778-15/2026;medicamentos;Catálogo do Compras.gov.br;Material;6505;DROGAS E MEDICAMENTOS;12329;EFEDRINA;287687;APRESENTAÇÃO: SULFATO, DOSAGEM: 50, APLICAÇÃO: SOLUÇÃO INJETÁVEL;AM;300,0000;5,3000;1590,0000;0,0000;31/12/2026
ERN - HOSPITAL DR JOSÉ PEDRO BEZERRA DE NATAL;925778;189;Material;925778-15/2026;medicamentos;Catálogo do Compras.gov.br;Material;6505;DROGAS E MEDICAMENTOS;9038;ENALAPRIL MALEATO;267651;DOSAGEM: 10;COMPR;300,0000;0,0275;8,2500;0,0000;31/12/2026
ERN - HOSPITAL DR JOSÉ PEDRO BEZERRA DE NATAL;925778;190;Material;925778-15/2026;medicamentos;Catálogo do Compras.gov.br;Material;6505;DROGAS E MEDICAMENTOS;9038;ENALAPRIL MALEATO;267650;DOSAGEM: 5;COMPR;120,0000;0,0200;2,4000;0,0000;31/12/2026
ERN - HOSPITAL DR JOSÉ PEDRO BEZERRA DE NATAL;925778;191;Material;925778-15/2026;medicamentos;Catálogo do Compras.gov.br;Material;6505;DROGAS E MEDICAMENTOS;6577;ENOXAPARINA;448982;CARACTERÍSTICAS ADICIONAIS 1: SERINGA PREENCHIDA, CONCENTRAÇÃO: 100, FORMA FARMACEUTICA: SOLUÇÃO INJETÁVEL;SER;100,0000;14,0000;1400,0000;0,0000;31/12/2026
ERN - HOSPITAL DR JOSÉ PEDRO BEZERRA DE NATAL;925778;192;Material;925778-15/2026;medicamentos;Catálogo do Compras.gov.br;Material;6505;DROGAS E MEDICAMENTOS;6577;ENOXAPARINA;448982;CARACTERÍSTICAS ADICIONAIS 1: SERINGA PREENCHIDA, CONCENTRAÇÃO: 100, FORMA FARMACEUTICA: SOLUÇÃO INJETÁVEL;SER;500,0000;15,4500;7725,0000;0,0000;31/12/2026
ERN - HOSPITAL DR JOSÉ PEDRO BEZERRA DE NATAL;925778;193;Material;925778-15/2026;medicamentos;Catálogo do Compras.gov.br;Material;6505;DROGAS E MEDICAMENTOS;6577;ENOXAPARINA;448982;CARACTERÍSTICAS ADICIONAIS 1: SERINGA PREENCHIDA, CONCENTRAÇÃO: 100, FORMA FARMACEUTICA: SOLUÇÃO INJETÁVEL;SER;150,0000;19,8900;2983,5000;0,0000;31/12/2026
ERN - HOSPITAL DR JOSÉ PEDRO BEZERRA DE NATAL;925778;194;Material;925778-15/2026;medicamentos;Catálogo do Compras.gov.br;Material;6505;DROGAS E MEDICAMENTOS;6614;EPINEFRINA;268255;DOSAGEM: 1MG/ML, USO: SOLUÇÃO INJETÁVEL;AM;500,0000;1,1100;555,0000;0,0000;31/12/2026
ERN - HOSPITAL DR JOSÉ PEDRO BEZERRA DE NATAL;925778;195;Material;925778-15/2026;medicamentos;Catálogo do Compras.gov.br;Material;6505;DROGAS E MEDICAMENTOS;14158;ESCINA;270889;COMPOSIÇÃO: SALICILATO DE DIETILAMINA, APRESENTAÇÃO: AMORFA, ASSOCIADA COM ESCINA POLISSULFONADA SÓDICA, CONCENTRAÇÃO: 10MG + 10MG + 50MG/G, APLICAÇÃO: GEL TÓPICO;BIS;50,0000;15,7085;785,4250;0,0000;31/12/2026
ERN - HOSPITAL DR JOSÉ PEDRO BEZERRA DE NATAL;925778;196;Material;925778-15/2026;medicamentos;Catálogo do Compras.gov.br;Material;6505;DROGAS E MEDICAMENTOS;8254;ESCOPOLAMINA BUTILBROMETO;270622;APRESENTAÇÃO: ASSOCIADA COM DIPIRONA SÓDICA, DOSAGEM: 6,67MG + 333MG/ML, INDICAÇÃO: SOLUÇÃO ORAL;FR;40,0000;6,0000;240,0000;0,0000;31/12/2026
ERN - HOSPITAL DR JOSÉ PEDRO BEZERRA DE NATAL;925778;310;Material;925778-15/2026;medicamentos;Catálogo do Compras.gov.br;Material;6505;DROGAS E MEDICAMENTOS;14170;RACECADOTRILA;275937;DOSAGEM: 100;CAPS;1000,0000;4,6600;4660,0000;0,0000;31/12/2026
ERN - HOSPITAL DR JOSÉ PEDRO BEZERRA DE NATAL;925778;197;Material;925778-15/2026;medicamentos;Catálogo do Compras.gov.br;Material;6505;DROGAS E MEDICAMENTOS;8254;ESCOPOLAMINA BUTILBROMETO;270621;APRESENTAÇÃO: ASSOCIADA COM DIPIRONA SÓDICA, DOSAGEM: 4MG + 500MG/ML, INDICAÇÃO: SOLUÇÃO INJETÁVEL;AM;800,0000;1,9400;1552,0000;0,0000;31/12/2026
ERN - HOSPITAL DR JOSÉ PEDRO BEZERRA DE NATAL;925778;198;Material;925778-15/2026;medicamentos;Catálogo do Compras.gov.br;Material;6505;DROGAS E MEDICAMENTOS;8254;ESCOPOLAMINA BUTILBROMETO;267282;DOSAGEM: 20, INDICAÇÃO: SOLUÇÃO INJETÁVEL;AM;600,0000;1,0000;600,0000;0,0000;31/12/2026
ERN - HOSPITAL DR JOSÉ PEDRO BEZERRA DE NATAL;925778;199;Material;925778-15/2026;medicamentos;Catálogo do Compras.gov.br;Material;6505;DROGAS E MEDICAMENTOS;8254;ESCOPOLAMINA BUTILBROMETO;267281;DOSAGEM: 10, INDICAÇÃO: SOLUÇÃO ORAL;FR;40,0000;7,6200;304,8000;0,0000;31/12/2026
ERN - HOSPITAL DR JOSÉ PEDRO BEZERRA DE NATAL;925778;200;Material;925778-15/2026;medicamentos;Catálogo do Compras.gov.br;Material;6505;DROGAS E MEDICAMENTOS;7024;ESPIRONOLACTONA;267653;DOSAGEM: 25;COMPR;350,0000;0,1780;62,3000;0,0000;31/12/2026
ERN - HOSPITAL DR JOSÉ PEDRO BEZERRA DE NATAL;925778;201;Material;925778-15/2026;medicamentos;Catálogo do Compras.gov.br;Material;6505;DROGAS E MEDICAMENTOS;10163;ETANOLAMINA OLEATO;282580;CONCENTRAÇÃO: 5%, TIPO USO: SOLUÇÃO INJETÁVEL;AM;12,0000;7,3292;87,9504;0,0000;31/12/2026
ERN - HOSPITAL DR JOSÉ PEDRO BEZERRA DE NATAL;925778;202;Material;925778-15/2026;medicamentos;Catálogo do Compras.gov.br;Material;6505;DROGAS E MEDICAMENTOS;5178;FENILEFRINA CLORIDRATO;271790;CONCENTRAÇÃO: 10%, INDICAÇÃO: SOLUÇÃO OFTÁLMICA;FR;5,0000;10,8800;54,4000;0,0000;31/12/2026
ERN - HOSPITAL DR JOSÉ PEDRO BEZERRA DE NATAL;925778;203;Material;925778-15/2026;medicamentos;Catálogo do Compras.gov.br;Material;6505;DROGAS E MEDICAMENTOS;17767;FITOMENADIONA;292399;DOSAGEM: 10, APRESENTAÇÃO: SOLUÇÃO INJETÁVEL;AM;700,0000;1,6200;1134,0000;0,0000;31/12/2026
ERN - HOSPITAL DR JOSÉ PEDRO BEZERRA DE NATAL;925778;204;Material;925778-15/2026;medicamentos;Catálogo do Compras.gov.br;Material;6505;DROGAS E MEDICAMENTOS;7644;FLUCONAZOL;271116;DOSAGEM: 2, USO: INJETÁVEL;BOL;60,0000;11,2500;675,0000;0,0000;31/12/2026
ERN - HOSPITAL DR JOSÉ PEDRO BEZERRA DE NATAL;925778;205;Material;925778-15/2026;medicamentos;Catálogo do Compras.gov.br;Material;6505;DROGAS E MEDICAMENTOS;7644;FLUCONAZOL;267662;DOSAGEM: 150;CAPS;30,0000;0,4100;12,3000;0,0000;31/12/2026
ERN - HOSPITAL DR JOSÉ PEDRO BEZERRA DE NATAL;925778;206;Material;925778-15/2026;medicamentos;Catálogo do Compras.gov.br;Material;6505;DROGAS E MEDICAMENTOS;7787;FOSFATO DE SÓDIO;267328;APRESENTAÇÃO: ENEMA, DOSAGEM: FOSFATO MONOBÁSICO 16% + FOSFATO DIBÁSICO 6%;FR;200,0000;4,9900;998,0000;0,0000;31/12/2026
ERN - HOSPITAL DR JOSÉ PEDRO BEZERRA DE NATAL;925778;207;Material;925778-15/2026;medicamentos;Catálogo do Compras.gov.br;Material;6505;DROGAS E MEDICAMENTOS;7878;FUROSEMIDA;267666;COMPOSIÇÃO: 10 MG/ML, APRESENTAÇÃO: SOLUÇÃO INJETÁVEL;AM;1300,0000;0,7260;943,8000;0,0000;31/12/2026
ERN - HOSPITAL DR JOSÉ PEDRO BEZERRA DE NATAL;925778;208;Material;925778-15/2026;medicamentos;Catálogo do Compras.gov.br;Material;6505;DROGAS E MEDICAMENTOS;7878;FUROSEMIDA;267663;DOSAGEM: 40;COMPR;260,0000;0,0644;16,7440;0,0000;31/12/2026
ERN - HOSPITAL DR JOSÉ PEDRO BEZERRA DE NATAL;925778;209;Material;925778-15/2026;medicamentos;Catálogo do Compras.gov.br;Material;6505;DROGAS E MEDICAMENTOS;7919;GANCICLOVIR SÓDICO;330113;DOSAGEM: 1, FORMA FARMACÊUTICA: SOLUÇÃO INJETÁVEL;BOL;5,0000;86,9000;434,5000;0,0000;31/12/2026
ERN - HOSPITAL DR JOSÉ PEDRO BEZERRA DE NATAL;925778;210;Material;925778-15/2026;medicamentos;Catálogo do Compras.gov.br;Material;6505;DROGAS E MEDICAMENTOS;14707;GENTAMICINA;269761;DOSAGEM: 20, APLICAÇÃO: SOLUÇÃO INJETÁVEL;AM;100,0000;2,1600;216,0000;0,0000;31/12/2026
ERN - HOSPITAL DR JOSÉ PEDRO BEZERRA DE NATAL;925778;211;Material;925778-15/2026;medicamentos;Catálogo do Compras.gov.br;Material;6505;DROGAS E MEDICAMENTOS;14707;GENTAMICINA;268256;DOSAGEM: 40, APLICAÇÃO: SOLUÇÃO INJETÁVEL;AM;300,0000;1,6899;506,9700;0,0000;31/12/2026
ERN - HOSPITAL DR JOSÉ PEDRO BEZERRA DE NATAL;925778;212;Material;925778-15/2026;medicamentos;Catálogo do Compras.gov.br;Material;6505;DROGAS E MEDICAMENTOS;8000;GLIBENCLAMIDA;267671;DOSAGEM: 5 MG;COMPR;30,0000;0,0400;1,2000;0,0000;31/12/2026
ERN - HOSPITAL DR JOSÉ PEDRO BEZERRA DE NATAL;925778;213;Material;925778-15/2026;medicamentos;Catálogo do Compras.gov.br;Material;6505;DROGAS E MEDICAMENTOS;14671;GLICEROL;269622;DOSAGEM: 12%, APRESENTAÇÃO: CLISTER;FR;30,0000;8,5800;257,4000;0,0000;31/12/2026
ERN - HOSPITAL DR JOSÉ PEDRO BEZERRA DE NATAL;925778;214;Material;925778-15/2026;medicamentos;Catálogo do Compras.gov.br;Material;6505;DROGAS E MEDICAMENTOS;8007;GLICOSE;604858;CARACTERISTICA ADICIONAL: SISTEMA FECHADO, BOLSA/FRASCO ISENTO DE PVC, CONCENTRAÇAO: 50%, FORMA FARMACEUTICA: SOLUÇÃO INJETÁVEL;AM;8500,0000;0,4500;3825,0000;0,0000;31/12/2026
ERN - HOSPITAL DR JOSÉ PEDRO BEZERRA DE NATAL;925778;215;Material;925778-15/2026;medicamentos;Catálogo do Compras.gov.br;Material;6505;DROGAS E MEDICAMENTOS;8007;GLICOSE;270092;CONCENTRAÇÃO: 5%, INDICAÇÃO: SOLUÇÃO INJETÁVEL, CARACTERÍSTICAS ADICIONAIS: SISTEMA FECHADO;BOL;2200,0000;2,8600;6292,0000;0,0000;31/12/2026
ERN - HOSPITAL DR JOSÉ PEDRO BEZERRA DE NATAL;925778;216;Material;925778-15/2026;medicamentos;Catálogo do Compras.gov.br;Material;6505;DROGAS E MEDICAMENTOS;8007;GLICOSE;270092;CONCENTRAÇÃO: 5%, INDICAÇÃO: SOLUÇÃO INJETÁVEL, CARACTERÍSTICAS ADICIONAIS: SISTEMA FECHADO;BOL;2200,0000;5,6000;12320,0000;0,0000;31/12/2026
ERN - HOSPITAL DR JOSÉ PEDRO BEZERRA DE NATAL;925778;217;Material;925778-15/2026;medicamentos;Catálogo do Compras.gov.br;Material;6505;DROGAS E MEDICAMENTOS;8019;GLICONATO DE CÁLCIO;270019;DOSAGEM: 10%, APRESENTAÇÃO: SOLUÇÃO INJETÁVEL;AM;600,0000;1,7900;1074,0000;0,0000;31/12/2026
ERN - HOSPITAL DR JOSÉ PEDRO BEZERRA DE NATAL;925778;218;Material;925778-15/2026;medicamentos;Catálogo do Compras.gov.br;Material;6505;DROGAS E MEDICAMENTOS;8200;HEPARINA SÓDICA;272796;DOSAGEM: 5.000UI/ML, INDICAÇÃO: INJETÁVEL;AM;400,0000;5,6000;2240,0000;0,0000;31/12/2026
ERN - HOSPITAL DR JOSÉ PEDRO BEZERRA DE NATAL;925778;219;Material;925778-15/2026;medicamentos;Catálogo do Compras.gov.br;Material;6505;DROGAS E MEDICAMENTOS;8200;HEPARINA SÓDICA;272796;DOSAGEM: 5.000UI/ML, INDICAÇÃO: INJETÁVEL;AM;50,0000;15,8000;790,0000;0,0000;31/12/2026
ERN - HOSPITAL DR JOSÉ PEDRO BEZERRA DE NATAL;925778;220;Material;925778-15/2026;medicamentos;Catálogo do Compras.gov.br;Material;6505;DROGAS E MEDICAMENTOS;8211;HIDRALAZINA;268115;DOSAGEM: 20, INDICAÇÃO: SOLUÇÃO INJETÁVEL;AM;200,0000;5,7000;1140,0000;0,0000;31/12/2026
ERN - HOSPITAL DR JOSÉ PEDRO BEZERRA DE NATAL;925778;221;Material;925778-15/2026;medicamentos;Catálogo do Compras.gov.br;Material;6505;DROGAS E MEDICAMENTOS;8211;HIDRALAZINA;268111;DOSAGEM: 25;DRAG;800,0000;0,3600;288,0000;0,0000;31/12/2026
ERN - HOSPITAL DR JOSÉ PEDRO BEZERRA DE NATAL;925778;222;Material;925778-15/2026;medicamentos;Catálogo do Compras.gov.br;Material;6505;DROGAS E MEDICAMENTOS;8220;HIDROCLOROTIAZIDA;267674;DOSAGEM: 25;COMPR;500,0000;0,0187;9,3500;0,0000;31/12/2026
ERN - HOSPITAL DR JOSÉ PEDRO BEZERRA DE NATAL;925778;223;Material;925778-15/2026;medicamentos;Catálogo do Compras.gov.br;Material;6505;DROGAS E MEDICAMENTOS;8222;HIDROCORTISONA;342135;COMPOSIÇÃO: SAL SUCCINATO SÓDICO, CONCENTRAÇÃO: 100, FORMA FARMACÊUTICA: PÓ LIÓFILO P/ INJETÁVEL;FR-AM;1500,0000;2,6700;4005,0000;0,0000;31/12/2026
ERN - HOSPITAL DR JOSÉ PEDRO BEZERRA DE NATAL;925778;224;Material;925778-15/2026;medicamentos;Catálogo do Compras.gov.br;Material;6505;DROGAS E MEDICAMENTOS;8222;HIDROCORTISONA;342134;COMPOSIÇÃO: SAL SUCCINATO SÓDICO, CONCENTRAÇÃO: 500, FORMA FARMACÊUTICA: PÓ LIÓFILO P/ INJETÁVEL;FR-AM;20,0000;4,4000;88,0000;0,0000;31/12/2026
ERN - HOSPITAL DR JOSÉ PEDRO BEZERRA DE NATAL;925778;225;Material;925778-15/2026;medicamentos;Catálogo do Compras.gov.br;Material;6505;DROGAS E MEDICAMENTOS;8231;HIDRÓXIDO DE ALUMÍNIO;397097;COMPOSIÇÃO: ASSOCIADO AO HIDRÓXIDO DE MAGNÉSIO E DIMETICONA, CONCENTRAÇÃO: 37 MG + 40 MG + 5, FORMA FARMACEUTICA: SUSPENSÃO ORAL;FR;30,0000;14,8500;445,5000;0,0000;31/12/2026
ERN - HOSPITAL DR JOSÉ PEDRO BEZERRA DE NATAL;925778;226;Material;925778-15/2026;medicamentos;Catálogo do Compras.gov.br;Material;6505;DROGAS E MEDICAMENTOS;2408;HETAMIDO;433293;CARACTERÍSTICA ADICIONAL: EM SISTEMA FECHADO, CONCENTRAÇÃO: SOLUÇÃO À 6%, 130/0,4, FORMA FARMACÊUTICA: SOLUÇÃO INJETÁVEL;BOL;30,0000;47,4400;1423,2000;0,0000;31/12/2026
ERN - HOSPITAL DR JOSÉ PEDRO BEZERRA DE NATAL;925778;227;Material;925778-15/2026;medicamentos;Catálogo do Compras.gov.br;Material;6505;DROGAS E MEDICAMENTOS;8249;HIDROXIZINA CLORIDRATO;273310;DOSAGEM: 25;COMPR;90,0000;0,2167;19,5030;0,0000;31/12/2026
ERN - HOSPITAL DR JOSÉ PEDRO BEZERRA DE NATAL;925778;228;Material;925778-15/2026;medicamentos;Catálogo do Compras.gov.br;Material;6505;DROGAS E MEDICAMENTOS;8249;HIDROXIZINA CLORIDRATO;394263;CONCENTRAÇÃO: 2, FORMA FARMACEUTICA: SOLUÇÃO ORAL;FR;20,0000;11,6000;232,0000;0,0000;31/12/2026
ERN - HOSPITAL DR JOSÉ PEDRO BEZERRA DE NATAL;925778;229;Material;925778-15/2026;medicamentos;Catálogo do Compras.gov.br;Material;6505;DROGAS E MEDICAMENTOS;8275;IBUPROFENO;294643;DOSAGEM: 50, FORMA FARMACÊUTICA: SUSPENSÃO ORAL;FR;10,0000;1,1100;11,1000;0,0000;31/12/2026
ERN - HOSPITAL DR JOSÉ PEDRO BEZERRA DE NATAL;925778;230;Material;925778-15/2026;medicamentos;Catálogo do Compras.gov.br;Material;6505;DROGAS E MEDICAMENTOS;2259;ÁLCOOL ETÍLICO;269941;TEOR ALCOÓLICO: 70%_(70°GL), TIPO: HIDRATADO, APRESENTAÇÃO: LÍQUIDO;L;1500,0000;5,1400;7710,0000;0,0000;31/12/2026
ERN - HOSPITAL DR JOSÉ PEDRO BEZERRA DE NATAL;925778;231;Material;925778-15/2026;medicamentos;Catálogo do Compras.gov.br;Material;6505;DROGAS E MEDICAMENTOS;8287;IMIPENEM;342258;COMPOSIÇÃO: ASSOCIADO À CILASTATINA SÓDICA, CONCENTRAÇÃO: 500, FORMA FARMACEUTICA: PÓ LIÓFILO P/ INJETÁVEL;FR-AM;50,0000;26,4700;1323,5000;0,0000;31/12/2026
ERN - HOSPITAL DR JOSÉ PEDRO BEZERRA DE NATAL;925778;232;Material;925778-15/2026;medicamentos;Catálogo do Compras.gov.br;Material;6505;DROGAS E MEDICAMENTOS;5804;CONTRASTE RADIOLÓGICO;316334;COMPOSIÇÃO: À BASE DE IOHEXOL, CONCENTRAÇÃO: 300MG DE IODO/ML, FORMA FARMACÊUTICA: SOLUÇÃO INJETÁVEL, TIPO: NÃO IÔNICO;FR;200,0000;100,6400;20128,0000;0,0000;31/12/2026
ERN - HOSPITAL DR JOSÉ PEDRO BEZERRA DE NATAL;925778;233;Material;925778-15/2026;medicamentos;Catálogo do Compras.gov.br;Material;6505;DROGAS E MEDICAMENTOS;5804;CONTRASTE RADIOLÓGICO;310452;COMPOSIÇÃO: À BASE DE ÓLEO DE PAPOULA IODADO, CONCENTRAÇÃO: A 38% P/P, COM 480 MG/ML DE IODO, FORMA FARMACÊUTICA: SOLUÇÃO INJETÁVEL;AM;5,0000;738,1200;3690,6000;0,0000;31/12/2026
ERN - HOSPITAL DR JOSÉ PEDRO BEZERRA DE NATAL;925778;234;Material;925778-15/2026;medicamentos;Catálogo do Compras.gov.br;Material;6505;DROGAS E MEDICAMENTOS;8325;IMUNOGLOBULINA HUMANA;448984;CONCENTRAÇÃO: 150, FORMA FARMACEUTICA: SOLUÇÃO INJETÁVEL, TIPO: ANTI RHO(D);SER;25,0000;204,0800;5102,0000;0,0000;31/12/2026
ERN - HOSPITAL DR JOSÉ PEDRO BEZERRA DE NATAL;925778;235;Material;925778-15/2026;medicamentos;Catálogo do Compras.gov.br;Material;6505;DROGAS E MEDICAMENTOS;8428;INSULINA;276234;ORIGEM: ASPART, DOSAGEM: 100U/ML, APLICAÇÃO: INJETÁVEL;FR;10,0000;105,0000;1050,0000;0,0000;31/12/2026
ERN - HOSPITAL DR JOSÉ PEDRO BEZERRA DE NATAL;925778;236;Material;925778-15/2026;medicamentos;Catálogo do Compras.gov.br;Material;6505;DROGAS E MEDICAMENTOS;8428;INSULINA;276233;ORIGEM: LISPRO, DOSAGEM: 100U/ML, APLICAÇÃO: INJETÁVEL;FR;10,0000;94,7900;947,9000;0,0000;31/12/2026
ERN - HOSPITAL DR JOSÉ PEDRO BEZERRA DE NATAL;925778;237;Material;925778-15/2026;medicamentos;Catálogo do Compras.gov.br;Material;6505;DROGAS E MEDICAMENTOS;8428;INSULINA;271157;TIPO: NPH, ORIGEM: HUMANA, DOSAGEM: 100U/ML, APLICAÇÃO: INJETÁVEL;FR;30,0000;24,7300;741,9000;0,0000;31/12/2026
ERN - HOSPITAL DR JOSÉ PEDRO BEZERRA DE NATAL;925778;238;Material;925778-15/2026;medicamentos;Catálogo do Compras.gov.br;Material;6505;DROGAS E MEDICAMENTOS;8428;INSULINA;271154;TIPO: REGULAR, ORIGEM: HUMANA, DOSAGEM: 100U/ML, APLICAÇÃO: INJETÁVEL;FR;30,0000;18,0000;540,0000;0,0000;31/12/2026
ERN - HOSPITAL DR JOSÉ PEDRO BEZERRA DE NATAL;925778;239;Material;925778-15/2026;medicamentos;Catálogo do Compras.gov.br;Material;6505;DROGAS E MEDICAMENTOS;8482;IPRATRÓPIO BROMETO;268331;DOSAGEM: 0,25, USO: SOLUÇÃO PARA INALAÇÃO;FR;20,0000;1,1000;22,0000;0,0000;31/12/2026
ERN - HOSPITAL DR JOSÉ PEDRO BEZERRA DE NATAL;925778;240;Material;925778-15/2026;medicamentos;Catálogo do Compras.gov.br;Material;6505;DROGAS E MEDICAMENTOS;6223;ISOSSORBIDA;273395;PRINCÍPIO ATIVO: SAL DINITRATO, DOSAGEM: 5, TIPO MEDICAMENTO: SUBLINGUAL;COMPR;60,0000;0,2800;16,8000;0,0000;31/12/2026
ERN - HOSPITAL DR JOSÉ PEDRO BEZERRA DE NATAL;925778;241;Material;925778-15/2026;medicamentos;Catálogo do Compras.gov.br;Material;6505;DROGAS E MEDICAMENTOS;6223;ISOSSORBIDA;273396;PRINCÍPIO ATIVO: SAL DINITRATO, DOSAGEM: 10;COMPR;500,0000;0,5300;265,0000;0,0000;31/12/2026
ERN - HOSPITAL DR JOSÉ PEDRO BEZERRA DE NATAL;925778;242;Material;925778-15/2026;medicamentos;Catálogo do Compras.gov.br;Material;6505;DROGAS E MEDICAMENTOS;6223;ISOSSORBIDA;273400;PRINCÍPIO ATIVO: SAL MONONITRATO, DOSAGEM: 20;COMPR;240,0000;0,1560;37,4400;0,0000;31/12/2026
ERN - HOSPITAL DR JOSÉ PEDRO BEZERRA DE NATAL;925778;243;Material;925778-15/2026;medicamentos;Catálogo do Compras.gov.br;Material;6505;DROGAS E MEDICAMENTOS;1795;IVERMECTINA;376767;CONCENTRAÇÃO: 6;COMPR;30,0000;0,3000;9,0000;0,0000;31/12/2026
ERN - HOSPITAL DR JOSÉ PEDRO BEZERRA DE NATAL;925778;244;Material;925778-15/2026;medicamentos;Catálogo do Compras.gov.br;Material;6505;DROGAS E MEDICAMENTOS;8605;LACTULOSE;383750;CONCENTRAÇÃO: 667, FORMA FARMACEUTICA: XAROPE;FR;70,0000;4,6800;327,6000;0,0000;31/12/2026
ERN - HOSPITAL DR JOSÉ PEDRO BEZERRA DE NATAL;925778;245;Material;925778-15/2026;medicamentos;Catálogo do Compras.gov.br;Material;6505;DROGAS E MEDICAMENTOS;8807;LEVOFLOXACINO;332985;DOSAGEM: 5, FORMA FARMACÊUTICA: SOLUÇÃO INJETÁVEL;BOL;60,0000;11,7600;705,6000;0,0000;31/12/2026
ERN - HOSPITAL DR JOSÉ PEDRO BEZERRA DE NATAL;925778;246;Material;925778-15/2026;medicamentos;Catálogo do Compras.gov.br;Material;6505;DROGAS E MEDICAMENTOS;8807;LEVOFLOXACINO;305270;DOSAGEM: 500;COMPR;60,0000;0,6600;39,6000;0,0000;31/12/2026
ERN - HOSPITAL DR JOSÉ PEDRO BEZERRA DE NATAL;925778;247;Material;925778-15/2026;medicamentos;Catálogo do Compras.gov.br;Material;6505;DROGAS E MEDICAMENTOS;17769;LEVOSIMENDANA;268609;DOSAGEM: 2,5, APRESENTAÇÃO: INJETÁVEL;FR;2,0000;5765,5900;11531,1800;0,0000;31/12/2026
ERN - HOSPITAL DR JOSÉ PEDRO BEZERRA DE NATAL;925778;248;Material;925778-15/2026;medicamentos;Catálogo do Compras.gov.br;Material;6505;DROGAS E MEDICAMENTOS;17807;LIDOCAÍNA CLORIDRATO;269845;DOSAGEM: 10%, APRESENTAÇÃO: SPRAY;FR;10,0000;39,5000;395,0000;0,0000;31/12/2026
ERN - HOSPITAL DR JOSÉ PEDRO BEZERRA DE NATAL;925778;249;Material;925778-15/2026;medicamentos;Catálogo do Compras.gov.br;Material;6505;DROGAS E MEDICAMENTOS;17807;LIDOCAÍNA CLORIDRATO;269846;DOSAGEM: 2%, APRESENTAÇÃO: GELÉIA;BIS;200,0000;8,5300;1706,0000;0,0000;31/12/2026
ERN - HOSPITAL DR JOSÉ PEDRO BEZERRA DE NATAL;925778;250;Material;925778-15/2026;medicamentos;Catálogo do Compras.gov.br;Material;6505;DROGAS E MEDICAMENTOS;17807;LIDOCAÍNA CLORIDRATO;269843;DOSAGEM: 2%, APRESENTAÇÃO: INJETÁVEL;AM;800,0000;1,0400;832,0000;0,0000;31/12/2026
ERN - HOSPITAL DR JOSÉ PEDRO BEZERRA DE NATAL;925778;251;Material;925778-15/2026;medicamentos;Catálogo do Compras.gov.br;Material;6505;DROGAS E MEDICAMENTOS;17807;LIDOCAÍNA CLORIDRATO;269852;COMPOSIÇÃO: ASSOCIADA COM EPINEFRINA, DOSAGEM: 2% + 1:200.000, APRESENTAÇÃO: INJETÁVEL;FR;10,0000;5,2000;52,0000;0,0000;31/12/2026
ERN - HOSPITAL DR JOSÉ PEDRO BEZERRA DE NATAL;925778;252;Material;925778-15/2026;medicamentos;Catálogo do Compras.gov.br;Material;6505;DROGAS E MEDICAMENTOS;17807;LIDOCAÍNA CLORIDRATO;269843;DOSAGEM: 2%, APRESENTAÇÃO: INJETÁVEL;FR;225,0000;3,6000;810,0000;0,0000;31/12/2026
ERN - HOSPITAL DR JOSÉ PEDRO BEZERRA DE NATAL;925778;253;Material;925778-15/2026;medicamentos;Catálogo do Compras.gov.br;Material;6505;DROGAS E MEDICAMENTOS;8857;LINEZOLIDA;273413;DOSAGEM: 2, TIPO MEDICAMENTO: SOLUÇÃO INJETÁVEL;BOL;400,0000;15,0000;6000,0000;0,0000;31/12/2026
ERN - HOSPITAL DR JOSÉ PEDRO BEZERRA DE NATAL;925778;254;Material;925778-15/2026;medicamentos;Catálogo do Compras.gov.br;Material;6505;DROGAS E MEDICAMENTOS;8922;LOSARTANA POTÁSSICA;268856;DOSAGEM: 50;COMPR;1400,0000;0,0385;53,9000;0,0000;31/12/2026
ERN - HOSPITAL DR JOSÉ PEDRO BEZERRA DE NATAL;925778;255;Material;925778-15/2026;medicamentos;Catálogo do Compras.gov.br;Material;6505;DROGAS E MEDICAMENTOS;17412;MANITOL;299675;DOSAGEM: 20%, FORMA FARMACÊUTICA: SOLUÇÃO INJETÁVEL, CARACTERÍSTICAS ADICIONAIS: SISTEMA FECHADO;BOL;10,0000;9,8200;98,2000;0,0000;31/12/2026
ERN - HOSPITAL DR JOSÉ PEDRO BEZERRA DE NATAL;925778;256;Material;925778-15/2026;medicamentos;Catálogo do Compras.gov.br;Material;6505;DROGAS E MEDICAMENTOS;9514;MEBENDAZOL;267694;DOSAGEM: 20, APRESENTAÇÃO: SUSPENSÃO ORAL;FR;10,0000;0,7900;7,9000;0,0000;31/12/2026
ERN - HOSPITAL DR JOSÉ PEDRO BEZERRA DE NATAL;925778;257;Material;925778-15/2026;medicamentos;Catálogo do Compras.gov.br;Material;6505;DROGAS E MEDICAMENTOS;9604;MEROPENEM;268488;DOSAGEM: 1 G, APRESENTAÇÃO: INJETÁVEL;FR-AM;1100,0000;17,8100;19591,0000;0,0000;31/12/2026
ERN - HOSPITAL DR JOSÉ PEDRO BEZERRA DE NATAL;925778;258;Material;925778-15/2026;medicamentos;Catálogo do Compras.gov.br;Material;6505;DROGAS E MEDICAMENTOS;16511;METARAMINOL;442581;CONCENTRAÇAO: 10, FORMA FARMACEUTICA: SOLUÇÃO INJETÁVEL;AM;1100,0000;5,8151;6396,6100;0,0000;31/12/2026
ERN - HOSPITAL DR JOSÉ PEDRO BEZERRA DE NATAL;925778;259;Material;925778-15/2026;medicamentos;Catálogo do Compras.gov.br;Material;6505;DROGAS E MEDICAMENTOS;5206;METFORMINA CLORIDRATO;267690;DOSAGEM: 500;COMPR;100,0000;0,1291;12,9100;0,0000;31/12/2026
ERN - HOSPITAL DR JOSÉ PEDRO BEZERRA DE NATAL;925778;260;Material;925778-15/2026;medicamentos;Catálogo do Compras.gov.br;Material;6505;DROGAS E MEDICAMENTOS;5206;METFORMINA CLORIDRATO;267691;DOSAGEM: 850;COMPR;300,0000;0,1076;32,2800;0,0000;31/12/2026
ERN - HOSPITAL DR JOSÉ PEDRO BEZERRA DE NATAL;925778;261;Material;925778-15/2026;medicamentos;Catálogo do Compras.gov.br;Material;6505;DROGAS E MEDICAMENTOS;9697;METILDOPA;267689;DOSAGEM: 250 MG;COMPR;1600,0000;0,3380;540,8000;0,0000;31/12/2026
ERN - HOSPITAL DR JOSÉ PEDRO BEZERRA DE NATAL;925778;262;Material;925778-15/2026;medicamentos;Catálogo do Compras.gov.br;Material;6505;DROGAS E MEDICAMENTOS;9697;METILDOPA;267688;DOSAGEM: 500 MG;COMPR;3000,0000;1,3300;3990,0000;0,0000;31/12/2026
ERN - HOSPITAL DR JOSÉ PEDRO BEZERRA DE NATAL;925778;263;Material;925778-15/2026;medicamentos;Catálogo do Compras.gov.br;Material;6505;DROGAS E MEDICAMENTOS;9040;METILERGOMETRINA MALEATO;268264;DOSAGEM: 0,2, INDICAÇÃO: SOLUÇÃO INJETÁVEL;AM;100,0000;2,1900;219,0000;0,0000;31/12/2026
ERN - HOSPITAL DR JOSÉ PEDRO BEZERRA DE NATAL;925778;264;Material;925778-15/2026;medicamentos;Catálogo do Compras.gov.br;Material;6505;DROGAS E MEDICAMENTOS;9699;METILPREDNISOLONA;271600;PRINCÍPIO ATIVO: SAL SUCCINATO, DOSAGEM: 125, APRESENTAÇÃO: PÓ LIOFILIZADO + DILUENTE, INJETÁVEL;FR-AM;25,0000;7,5000;187,5000;0,0000;31/12/2026
ERN - HOSPITAL DR JOSÉ PEDRO BEZERRA DE NATAL;925778;265;Material;925778-15/2026;medicamentos;Catálogo do Compras.gov.br;Material;6505;DROGAS E MEDICAMENTOS;9699;METILPREDNISOLONA;271599;PRINCÍPIO ATIVO: SAL SUCCINATO, DOSAGEM: 500, APRESENTAÇÃO: PÓ LIOFILIZADO + DILUENTE, INJETÁVEL;FR-AM;5,0000;7,3700;36,8500;0,0000;31/12/2026
ERN - HOSPITAL DR JOSÉ PEDRO BEZERRA DE NATAL;925778;266;Material;925778-15/2026;medicamentos;Catálogo do Compras.gov.br;Material;6505;DROGAS E MEDICAMENTOS;9703;METOPROLOL;345259;CONCENTRAÇÃO: 1, FORMA FARMACEUTICA: SOLUÇÃO INJETÁVEL;AM;20,0000;18,0000;360,0000;0,0000;31/12/2026
ERN - HOSPITAL DR JOSÉ PEDRO BEZERRA DE NATAL;925778;267;Material;925778-15/2026;medicamentos;Catálogo do Compras.gov.br;Material;6505;DROGAS E MEDICAMENTOS;9703;METOPROLOL;276656;PRINCÍPIO ATIVO: SAL SUCCINATO, DOSAGEM: 25, APRESENTAÇÃO: LIBERAÇÃO CONTROLADA;COMPR;500,0000;0,2800;140,0000;0,0000;31/12/2026
ERN - HOSPITAL DR JOSÉ PEDRO BEZERRA DE NATAL;925778;268;Material;925778-15/2026;medicamentos;Catálogo do Compras.gov.br;Material;6505;DROGAS E MEDICAMENTOS;9712;METRONIDAZOL;268498;DOSAGEM: 5MG/ML, APRESENTAÇÃO: SOLUÇÃO INJETÁVEL;BOL;2200,0000;4,0000;8800,0000;0,0000;31/12/2026
ERN - HOSPITAL DR JOSÉ PEDRO BEZERRA DE NATAL;925778;269;Material;925778-15/2026;medicamentos;Catálogo do Compras.gov.br;Material;6505;DROGAS E MEDICAMENTOS;9712;METRONIDAZOL;267717;DOSAGEM: 250 MG;COMPR;450,0000;0,1200;54,0000;0,0000;31/12/2026
ERN - HOSPITAL DR JOSÉ PEDRO BEZERRA DE NATAL;925778;270;Material;925778-15/2026;medicamentos;Catálogo do Compras.gov.br;Material;6505;DROGAS E MEDICAMENTOS;9712;METRONIDAZOL;266863;DOSAGEM: 40, APRESENTAÇÃO: SUSPENSÃO ORAL;FR;50,0000;1,5884;79,4200;0,0000;31/12/2026
ERN - HOSPITAL DR JOSÉ PEDRO BEZERRA DE NATAL;925778;271;Material;925778-15/2026;medicamentos;Catálogo do Compras.gov.br;Material;6505;DROGAS E MEDICAMENTOS;9712;METRONIDAZOL;345300;CONCENTRAÇAO: 100, FORMA FARMACEUTICA: CREME VAGINAL, CARACTERÍSTICA ADICIONAL: COM APLICADOR;BIS;20,0000;5,0700;101,4000;0,0000;31/12/2026
ERN - HOSPITAL DR JOSÉ PEDRO BEZERRA DE NATAL;925778;272;Material;925778-15/2026;medicamentos;Catálogo do Compras.gov.br;Material;6505;DROGAS E MEDICAMENTOS;9717;MICONAZOL NITRATO;268162;DOSAGEM: 2%, APRESENTAÇÃO: CREME VAGINAL;BIS;20,0000;3,3400;66,8000;0,0000;31/12/2026
ERN - HOSPITAL DR JOSÉ PEDRO BEZERRA DE NATAL;925778;273;Material;925778-15/2026;medicamentos;Catálogo do Compras.gov.br;Material;6505;DROGAS E MEDICAMENTOS;9765;MILRINONA;273474;DOSAGEM: 1, TIPO MEDICAMENTO: SOLUÇÃO INJETÁVEL;AM;50,0000;64,3300;3216,5000;0,0000;31/12/2026
ERN - HOSPITAL DR JOSÉ PEDRO BEZERRA DE NATAL;925778;274;Material;925778-15/2026;medicamentos;Catálogo do Compras.gov.br;Material;6505;DROGAS E MEDICAMENTOS;10023;MUPIROCINA;273455;CONCENTRAÇÃO: 20, USO: CREME;BIS;10,0000;17,5000;175,0000;0,0000;31/12/2026
ERN - HOSPITAL DR JOSÉ PEDRO BEZERRA DE NATAL;925778;275;Material;925778-15/2026;medicamentos;Catálogo do Compras.gov.br;Material;6505;DROGAS E MEDICAMENTOS;10073;NEOMICINA;273167;COMPOSIÇÃO: ASSOCIADA COM BACITRACINA, CONCENTRAÇÃO: 5MG + 250UI/G, TIPO MEDICAMENTO: POMADA;BIS;40,0000;2,4300;97,2000;0,0000;31/12/2026
ERN - HOSPITAL DR JOSÉ PEDRO BEZERRA DE NATAL;925778;276;Material;925778-15/2026;medicamentos;Catálogo do Compras.gov.br;Material;6505;DROGAS E MEDICAMENTOS;10076;NEOSTIGMINA METILSULFATO;273457;DOSAGEM: 0,5, APRESENTAÇÃO: SOLUÇÃO INJETÁVEL;AM;100,0000;1,1800;118,0000;0,0000;31/12/2026
ERN - HOSPITAL DR JOSÉ PEDRO BEZERRA DE NATAL;925778;277;Material;925778-15/2026;medicamentos;Catálogo do Compras.gov.br;Material;6505;DROGAS E MEDICAMENTOS;10082;NIFEDIPINO;448641;CARACTERÍSTICAS ADICIONAIS 1: LIBERAÇÃO PROLONGADA, CONCENTRAÇÃO: 20;COMPR;4000,0000;0,1700;680,0000;0,0000;31/12/2026
ERN - HOSPITAL DR JOSÉ PEDRO BEZERRA DE NATAL;925778;278;Material;925778-15/2026;medicamentos;Catálogo do Compras.gov.br;Material;6505;DROGAS E MEDICAMENTOS;10082;NIFEDIPINO;267729;DOSAGEM: 20;COMPR;300,0000;0,1070;32,1000;0,0000;31/12/2026
ERN - HOSPITAL DR JOSÉ PEDRO BEZERRA DE NATAL;925778;279;Material;925778-15/2026;medicamentos;Catálogo do Compras.gov.br;Material;6505;DROGAS E MEDICAMENTOS;10082;NIFEDIPINO;267728;DOSAGEM: 10;COMPR;2000,0000;0,1200;240,0000;0,0000;31/12/2026
ERN - HOSPITAL DR JOSÉ PEDRO BEZERRA DE NATAL;925778;280;Material;925778-15/2026;medicamentos;Catálogo do Compras.gov.br;Material;6505;DROGAS E MEDICAMENTOS;10084;NIMODIPINO;270007;DOSAGEM: 30 MG;COMPR;2000,0000;0,2400;480,0000;0,0000;31/12/2026
ERN - HOSPITAL DR JOSÉ PEDRO BEZERRA DE NATAL;925778;281;Material;925778-15/2026;medicamentos;Catálogo do Compras.gov.br;Material;6505;DROGAS E MEDICAMENTOS;10094;NISTATINA;267378;DOSAGEM: 100.000 UI/ML, APRESENTAÇÃO: SUSPENSÃO ORAL;FR;20,0000;7,4000;148,0000;0,0000;31/12/2026
ERN - HOSPITAL DR JOSÉ PEDRO BEZERRA DE NATAL;925778;282;Material;925778-15/2026;medicamentos;Catálogo do Compras.gov.br;Material;6505;DROGAS E MEDICAMENTOS;10094;NISTATINA;266788;DOSAGEM: 25.000 UI/G, APRESENTAÇÃO: CREME VAGINAL;BIS;35,0000;7,0400;246,4000;0,0000;31/12/2026
ERN - HOSPITAL DR JOSÉ PEDRO BEZERRA DE NATAL;925778;283;Material;925778-15/2026;medicamentos;Catálogo do Compras.gov.br;Material;6505;DROGAS E MEDICAMENTOS;10112;NITROGLICERINA;268970;DOSAGEM: 5, APLICAÇÃO: INJETÁVEL;AM;50,0000;36,0000;1800,0000;0,0000;31/12/2026
ERN - HOSPITAL DR JOSÉ PEDRO BEZERRA DE NATAL;925778;284;Material;925778-15/2026;medicamentos;Catálogo do Compras.gov.br;Material;6505;DROGAS E MEDICAMENTOS;10113;NITROPRUSSETO DE SÓDIO;453501;CONCENTRAÇÃO: 25, FORMA FARMACEUTICA: SOLUÇÃO INJETÁVEL;AM;80,0000;18,1000;1448,0000;0,0000;31/12/2026
ERN - HOSPITAL DR JOSÉ PEDRO BEZERRA DE NATAL;925778;285;Material;925778-15/2026;medicamentos;Catálogo do Compras.gov.br;Material;6505;DROGAS E MEDICAMENTOS;18672;NOREPINEFRINA;442584;CONCENTRAÇÃO: 2, FORMA FARMACÊUTICA: SOLUÇÃO INJETÁVEL;AM;900,0000;2,0000;1800,0000;0,0000;31/12/2026
ERN - HOSPITAL DR JOSÉ PEDRO BEZERRA DE NATAL;925778;286;Material;925778-15/2026;medicamentos;Catálogo do Compras.gov.br;Material;6505;DROGAS E MEDICAMENTOS;10140;OCITOCINA;268277;DOSAGEM: 5, INDICAÇÃO: SOLUÇÃO INJETÁVEL;AM;2200,0000;3,5000;7700,0000;0,0000;31/12/2026
ERN - HOSPITAL DR JOSÉ PEDRO BEZERRA DE NATAL;925778;287;Material;925778-15/2026;medicamentos;Catálogo do Compras.gov.br;Material;6505;DROGAS E MEDICAMENTOS;14597;PETROLATO;233632;ASPECTO FÍSICO: LÍQUIDO, TIPO: LAXATIVO, USO: ORAL;FR;100,0000;4,1500;415,0000;0,0000;31/12/2026
ERN - HOSPITAL DR JOSÉ PEDRO BEZERRA DE NATAL;925778;288;Material;925778-15/2026;medicamentos;Catálogo do Compras.gov.br;Material;6505;DROGAS E MEDICAMENTOS;10216;OMEPRAZOL;267712;CONCENTRAÇÃO: 20;CAPS;700,0000;0,0482;33,7400;0,0000;31/12/2026
ERN - HOSPITAL DR JOSÉ PEDRO BEZERRA DE NATAL;925778;289;Material;925778-15/2026;medicamentos;Catálogo do Compras.gov.br;Material;6505;DROGAS E MEDICAMENTOS;10216;OMEPRAZOL;268160;CONCENTRAÇÃO: 40, USO: INJETÁVEL;FR-AM;1700,0000;6,9000;11730,0000;0,0000;31/12/2026
ERN - HOSPITAL DR JOSÉ PEDRO BEZERRA DE NATAL;925778;290;Material;925778-15/2026;medicamentos;Catálogo do Compras.gov.br;Material;6505;DROGAS E MEDICAMENTOS;10217;ONDANSETRONA CLORIDRATO;268504;DOSAGEM: 2, INDICAÇÃO: INJETÁVEL;AM;1500,0000;1,5500;2325,0000;0,0000;31/12/2026
ERN - HOSPITAL DR JOSÉ PEDRO BEZERRA DE NATAL;925778;291;Material;925778-15/2026;medicamentos;Catálogo do Compras.gov.br;Material;6505;DROGAS E MEDICAMENTOS;360;OXACILINA;268513;COMPOSIÇÃO: INJETÁVEL, DOSAGEM: 500;FR-AM;600,0000;3,9760;2385,6000;0,0000;31/12/2026
ERN - HOSPITAL DR JOSÉ PEDRO BEZERRA DE NATAL;925778;292;Material;925778-15/2026;medicamentos;Catálogo do Compras.gov.br;Material;6505;DROGAS E MEDICAMENTOS;10348;PANTOPRAZOL;267892;DOSAGEM: 40;COMPR;5000,0000;0,2000;1000,0000;0,0000;31/12/2026
ERN - HOSPITAL DR JOSÉ PEDRO BEZERRA DE NATAL;925778;293;Material;925778-15/2026;medicamentos;Catálogo do Compras.gov.br;Material;6505;DROGAS E MEDICAMENTOS;10348;PANTOPRAZOL;352314;CONCENTRAÇÃO: 40, FORMA FARMACEUTICA: PÓ LIÓFILO P/ INJETÁVEL;FR-AM;11000,0000;9,2800;102080,0000;0,0000;31/12/2026
ERN - HOSPITAL DR JOSÉ PEDRO BEZERRA DE NATAL;925778;294;Material;925778-15/2026;medicamentos;Catálogo do Compras.gov.br;Material;6505;DROGAS E MEDICAMENTOS;10422;PARACETAMOL;267779;DOSAGEM COMPRIMIDO: 750;COMPR;120,0000;0,1700;20,4000;0,0000;31/12/2026
ERN - HOSPITAL DR JOSÉ PEDRO BEZERRA DE NATAL;925778;295;Material;925778-15/2026;medicamentos;Catálogo do Compras.gov.br;Material;6505;DROGAS E MEDICAMENTOS;10422;PARACETAMOL;267777;DOSAGEM SOLUÇÃO ORAL: 200, APRESENTAÇÃO: SOLUÇÃO ORAL;FR;220,0000;1,7900;393,8000;0,0000;31/12/2026
ERN - HOSPITAL DR JOSÉ PEDRO BEZERRA DE NATAL;925778;296;Material;925778-15/2026;medicamentos;Catálogo do Compras.gov.br;Material;6505;DROGAS E MEDICAMENTOS;10676;PERMETRINA;363597;CONCENTRAÇÃO: 50, FORMA FARMACEUTICA: LOÇÃO;FR;5,0000;1,9500;9,7500;0,0000;31/12/2026
ERN - HOSPITAL DR JOSÉ PEDRO BEZERRA DE NATAL;925778;297;Material;925778-15/2026;medicamentos;Catálogo do Compras.gov.br;Material;6505;DROGAS E MEDICAMENTOS;10676;PERMETRINA;312388;DOSAGEM: 10, FORMA FARMACÊUTICA: SHAMPOO;FR;5,0000;1,9900;9,9500;0,0000;31/12/2026
ERN - HOSPITAL DR JOSÉ PEDRO BEZERRA DE NATAL;925778;298;Material;925778-15/2026;medicamentos;Catálogo do Compras.gov.br;Material;6505;DROGAS E MEDICAMENTOS;10753;PIPERACILINA;271725;COMPOSIÇÃO: ASSOCIADA COM TAZOBACTAMA, CONCENTRAÇÃO: 4G + 500MG, APLICAÇÃO: INJETÁVEL;FR-AM;1000,0000;13,7000;13700,0000;0,0000;31/12/2026
ERN - HOSPITAL DR JOSÉ PEDRO BEZERRA DE NATAL;925778;299;Material;925778-15/2026;medicamentos;Catálogo do Compras.gov.br;Material;6505;DROGAS E MEDICAMENTOS;10962;POLIESTIRENOSSULFONATO;448769;COMPOSIÇÃO: DE CÁLCIO, CONCENTRAÇÃO: 900, FORMA FARMACEUTICA: PÓ P/ SUSPENSÃO ORAL;ENV;20,0000;23,9500;479,0000;0,0000;31/12/2026
ERN - HOSPITAL DR JOSÉ PEDRO BEZERRA DE NATAL;925778;300;Material;925778-15/2026;medicamentos;Catálogo do Compras.gov.br;Material;6505;DROGAS E MEDICAMENTOS;12343;POLIMIXINA B;436885;CONCENTRAÇÃO: 500.000, FORMA FARMACÊUTICA: PÓ LIÓFILO P/ INJETÁVEL;FR-AM;150,0000;10,0200;1503,0000;0,0000;31/12/2026
ERN - HOSPITAL DR JOSÉ PEDRO BEZERRA DE NATAL;925778;301;Material;925778-15/2026;medicamentos;Catálogo do Compras.gov.br;Material;6505;DROGAS E MEDICAMENTOS;11153;PREDNISOLONA;448595;COMPOSIÇÃO: FOSFATO SÓDICO, CONCENTRAÇÃO: 3, FORMA FARMACEUTICA: SOLUÇÃO ORAL;FR;10,0000;14,5600;145,6000;0,0000;31/12/2026
ERN - HOSPITAL DR JOSÉ PEDRO BEZERRA DE NATAL;925778;302;Material;925778-15/2026;medicamentos;Catálogo do Compras.gov.br;Material;6505;DROGAS E MEDICAMENTOS;11154;PREDNISONA;267743;DOSAGEM: 20 MG;COMPR;200,0000;0,1450;29,0000;0,0000;31/12/2026
ERN - HOSPITAL DR JOSÉ PEDRO BEZERRA DE NATAL;925778;303;Material;925778-15/2026;medicamentos;Catálogo do Compras.gov.br;Material;6505;DROGAS E MEDICAMENTOS;11154;PREDNISONA;267741;DOSAGEM: 5 MG;COMPR;100,0000;0,0800;8,0000;0,0000;31/12/2026
ERN - HOSPITAL DR JOSÉ PEDRO BEZERRA DE NATAL;925778;304;Material;925778-15/2026;medicamentos;Catálogo do Compras.gov.br;Material;6505;DROGAS E MEDICAMENTOS;11262;PROMETAZINA CLORIDRATO;267769;DOSAGEM: 25, APRESENTAÇÃO: SOLUÇÃO INJETÁVEL;AM;200,0000;3,5500;710,0000;0,0000;31/12/2026
ERN - HOSPITAL DR JOSÉ PEDRO BEZERRA DE NATAL;925778;305;Material;925778-15/2026;medicamentos;Catálogo do Compras.gov.br;Material;6505;DROGAS E MEDICAMENTOS;11262;PROMETAZINA CLORIDRATO;267768;DOSAGEM: 25;COMPR;60,0000;0,1600;9,6000;0,0000;31/12/2026
ERN - HOSPITAL DR JOSÉ PEDRO BEZERRA DE NATAL;925778;306;Material;925778-15/2026;medicamentos;Catálogo do Compras.gov.br;Material;6505;DROGAS E MEDICAMENTOS;11265;PROPATILNITRATO;273135;DOSAGEM: 10;COMPR;60,0000;0,4100;24,6000;0,0000;31/12/2026
ERN - HOSPITAL DR JOSÉ PEDRO BEZERRA DE NATAL;925778;307;Material;925778-15/2026;medicamentos;Catálogo do Compras.gov.br;Material;6505;DROGAS E MEDICAMENTOS;5235;PROPRANOLOL CLORIDRATO;267772;DOSAGEM: 40;COMPR;300,0000;0,0360;10,8000;0,0000;31/12/2026
ERN - HOSPITAL DR JOSÉ PEDRO BEZERRA DE NATAL;925778;308;Material;925778-15/2026;medicamentos;Catálogo do Compras.gov.br;Material;6505;DROGAS E MEDICAMENTOS;5237;PROTAMINA CLORIDRATO;272362;CONCENTRAÇÃO: 1%, APRESENTAÇÃO: SOLUÇÃO INJETÁVEL;AM;25,0000;3,8800;97,0000;0,0000;31/12/2026
ERN - HOSPITAL DR JOSÉ PEDRO BEZERRA DE NATAL;925778;309;Material;925778-15/2026;medicamentos;Catálogo do Compras.gov.br;Material;6505;DROGAS E MEDICAMENTOS;5238;PROXIMETACAÍNA CLORIDRATO;269571;DOSAGEM: 0,5%, INDICAÇÃO: COLÍRIO;FR;5,0000;9,1600;45,8000;0,0000;31/12/2026
ERN - HOSPITAL DR JOSÉ PEDRO BEZERRA DE NATAL;925778;311;Material;925778-15/2026;medicamentos;Catálogo do Compras.gov.br;Material;6505;DROGAS E MEDICAMENTOS;3920;ROCURÔNIO BROMETO;268521;DOSAGEM: 10, INDICAÇÃO: SOLUÇÃO INJETÁVEL;AM;120,0000;9,7500;1170,0000;0,0000;31/12/2026
ERN - HOSPITAL DR JOSÉ PEDRO BEZERRA DE NATAL;925778;312;Material;925778-15/2026;medicamentos;Catálogo do Compras.gov.br;Material;6505;DROGAS E MEDICAMENTOS;5241;ROPIVACAÍNA CLORIDRATO;269470;DOSAGEM: 0,75%, APRESENTAÇÃO: SOLUÇÃO INJETÁVEL;AM;25,0000;13,3300;333,2500;0,0000;31/12/2026
ERN - HOSPITAL DR JOSÉ PEDRO BEZERRA DE NATAL;925778;313;Material;925778-15/2026;medicamentos;Catálogo do Compras.gov.br;Material;6505;DROGAS E MEDICAMENTOS;19584;PROBIÓTICO;449022;COMPOSIÇÃO: SACCHAROMYCES BOULARDII - 17, CONCENTRAÇÃO: 100;CAPS;1000,0000;0,8400;840,0000;0,0000;31/12/2026
ERN - HOSPITAL DR JOSÉ PEDRO BEZERRA DE NATAL;925778;314;Material;925778-15/2026;medicamentos;Catálogo do Compras.gov.br;Material;6505;DROGAS E MEDICAMENTOS;11912;SAIS PARA REIDRATAÇÃO ORAL;446105;COMPOSIÇÃO: SÓDIO, POTÁSSIO, CLORETO, CITRATO E GLICOSE, CONCENTRAÇÃO: 90 MEQ/L + 20 MEQ/L + 80 MEQ/L + 30 MEQ/L + 111, FORMA FARMACÊUTICA: PÓ P/ SOLUÇÃO ORAL;ENV;20,0000;1,0100;20,2000;0,0000;31/12/2026
ERN - HOSPITAL DR JOSÉ PEDRO BEZERRA DE NATAL;925778;315;Material;925778-15/2026;medicamentos;Catálogo do Compras.gov.br;Material;6505;DROGAS E MEDICAMENTOS;11917;SALBUTAMOL;294887;DOSAGEM: 100MCG/DOSE, FORMA FARMACÊUTICA: AEROSOL ORAL;FR;40,0000;13,7900;551,6000;0,0000;31/12/2026
ERN - HOSPITAL DR JOSÉ PEDRO BEZERRA DE NATAL;925778;316;Material;925778-15/2026;medicamentos;Catálogo do Compras.gov.br;Material;6505;DROGAS E MEDICAMENTOS;11969;SECNIDAZOL;268299;CONCENTRAÇÃO: 1.000;COMPR;10,0000;1,1900;11,9000;0,0000;31/12/2026
ERN - HOSPITAL DR JOSÉ PEDRO BEZERRA DE NATAL;925778;317;Material;925778-15/2026;medicamentos;Catálogo do Compras.gov.br;Material;6505;DROGAS E MEDICAMENTOS;14559;SIMETICONA;412966;CONCENTRAÇÃO: 75, FORMA FARMACÊUTICA: EMULSÃO ORAL - GOTAS;FR;1600,0000;1,6000;2560,0000;0,0000;31/12/2026
ERN - HOSPITAL DR JOSÉ PEDRO BEZERRA DE NATAL;925778;318;Material;925778-15/2026;medicamentos;Catálogo do Compras.gov.br;Material;6505;DROGAS E MEDICAMENTOS;12096;SINVASTATINA;267747;DOSAGEM: 20 MG;COMPR;600,0000;0,0800;48,0000;0,0000;31/12/2026
ERN - HOSPITAL DR JOSÉ PEDRO BEZERRA DE NATAL;925778;319;Material;925778-15/2026;medicamentos;Catálogo do Compras.gov.br;Material;6505;DROGAS E MEDICAMENTOS;11750;RINGER;352192;CARACTERÍSTICA ADICIONAL: SISTEMA FECHADO, COMPOSIÇÃO: SIMPLES, FORMA FARMACÊUTICA: SOLUÇÃO INJETÁVEL;BOL;1800,0000;5,4700;9846,0000;0,0000;31/12/2026
ERN - HOSPITAL DR JOSÉ PEDRO BEZERRA DE NATAL;925778;320;Material;925778-15/2026;medicamentos;Catálogo do Compras.gov.br;Material;6505;DROGAS E MEDICAMENTOS;11750;RINGER;303292;CARACTERÍSTICA ADICIONAL: SISTEMA FECHADO, COMPOSIÇÃO: ASSOCIADO COM LACTATO DE SÓDIO, FORMA FARMACÊUTICA: SOLUÇÃO INJETÁVEL;BOL;2100,0000;5,7900;12159,0000;0,0000;31/12/2026
ERN - HOSPITAL DR JOSÉ PEDRO BEZERRA DE NATAL;925778;321;Material;925778-15/2026;medicamentos;Catálogo do Compras.gov.br;Material;6505;DROGAS E MEDICAMENTOS;10458;SUGAMADEX;389863;COMPOSIÇÃO: SAL SÓDICO, CONCENTRAÇÃO: 100, FORMA FARMACÊUTICA: SOLUÇÃO INJETÁVEL;FR;250,0000;43,0000;10750,0000;0,0000;31/12/2026
ERN - HOSPITAL DR JOSÉ PEDRO BEZERRA DE NATAL;925778;322;Material;925778-15/2026;medicamentos;Catálogo do Compras.gov.br;Material;6505;DROGAS E MEDICAMENTOS;12314;SULFADIAZINA;272088;PRINCÍPIO ATIVO: DE PRATA ASSOCIADA COM NITRATO DE CÉRIO, DOSAGEM: 1% + 0,4%, INDICAÇÃO: CREME;BIS;10,0000;17,2000;172,0000;0,0000;31/12/2026
ERN - HOSPITAL DR JOSÉ PEDRO BEZERRA DE NATAL;925778;323;Material;925778-15/2026;medicamentos;Catálogo do Compras.gov.br;Material;6505;DROGAS E MEDICAMENTOS;12315;SULFAMETOXAZOL;318992;COMPOSIÇÃO: ASSOCIADO À TRIMETOPRIMA, CONCENTRAÇÃO: 80MG + 16MG/ML, FORMA FARMACÊUTICA: SUSPENSÃO ORAL;FR;20,0000;4,2000;84,0000;0,0000;31/12/2026
ERN - HOSPITAL DR JOSÉ PEDRO BEZERRA DE NATAL;925778;324;Material;925778-15/2026;medicamentos;Catálogo do Compras.gov.br;Material;6505;DROGAS E MEDICAMENTOS;12315;SULFAMETOXAZOL;308885;COMPOSIÇÃO: ASSOCIADO À TRIMETOPRIMA, CONCENTRAÇÃO: 80MG + 16MG/ML, FORMA FARMACÊUTICA: SOLUÇÃO INJETÁVEL;AM;100,0000;3,7500;375,0000;0,0000;31/12/2026
ERN - HOSPITAL DR JOSÉ PEDRO BEZERRA DE NATAL;925778;325;Material;925778-15/2026;medicamentos;Catálogo do Compras.gov.br;Material;6505;DROGAS E MEDICAMENTOS;12315;SULFAMETOXAZOL;308882;COMPOSIÇÃO: ASSOCIADO À TRIMETOPRIMA, CONCENTRAÇÃO: 400MG + 80MG;COMPR;20,0000;0,1700;3,4000;0,0000;31/12/2026
ERN - HOSPITAL DR JOSÉ PEDRO BEZERRA DE NATAL;925778;326;Material;925778-15/2026;medicamentos;Catálogo do Compras.gov.br;Material;6505;DROGAS E MEDICAMENTOS;12315;SULFAMETOXAZOL;308883;COMPOSIÇÃO: ASSOCIADO À TRIMETOPRIMA, CONCENTRAÇÃO: 800MG + 160MG;COMPR;20,0000;0,4600;9,2000;0,0000;31/12/2026
ERN - HOSPITAL DR JOSÉ PEDRO BEZERRA DE NATAL;925778;327;Material;925778-15/2026;medicamentos;Catálogo do Compras.gov.br;Material;6505;DROGAS E MEDICAMENTOS;12335;SULFATO DE MAGNÉSIO;268076;CONCENTRAÇÃO: 10%, USO: SOLUÇÃO INJETÁVEL;AM;400,0000;1,0900;436,0000;0,0000;31/12/2026
ERN - HOSPITAL DR JOSÉ PEDRO BEZERRA DE NATAL;925778;328;Material;925778-15/2026;medicamentos;Catálogo do Compras.gov.br;Material;6505;DROGAS E MEDICAMENTOS;12335;SULFATO DE MAGNÉSIO;268075;CONCENTRAÇÃO: 50%, USO: SOLUÇÃO INJETÁVEL;AM;600,0000;5,3200;3192,0000;0,0000;31/12/2026
ERN - HOSPITAL DR JOSÉ PEDRO BEZERRA DE NATAL;925778;329;Material;925778-15/2026;medicamentos;Catálogo do Compras.gov.br;Material;6505;DROGAS E MEDICAMENTOS;12357;SULFATO FERROSO;292344;DOSAGEM FERRO: 40MG DE FERRO II;COMPR;2200,0000;0,0500;110,0000;0,0000;31/12/2026
ERN - HOSPITAL DR JOSÉ PEDRO BEZERRA DE NATAL;925778;330;Material;925778-15/2026;medicamentos;Catálogo do Compras.gov.br;Material;6505;DROGAS E MEDICAMENTOS;12357;SULFATO FERROSO;292345;DOSAGEM FERRO: 25MG/ML DE FERRO II, FORMA FARMACÊUTICA: SOLUÇÃO ORAL-GOTAS;FR;10,0000;1,0200;10,2000;0,0000;31/12/2026
ERN - HOSPITAL DR JOSÉ PEDRO BEZERRA DE NATAL;925778;331;Material;925778-15/2026;medicamentos;Catálogo do Compras.gov.br;Material;6505;DROGAS E MEDICAMENTOS;12437;SURFACTANTE PULMONAR;353398;COMPOSIÇÃO: FRAÇÃO FOSFOLIPÍDICA DE PULMÃO PORCINO, CONCENTRAÇÃO: 80, FORMA FARMACEUTICA: SUSPENSÃO PARA INSTILAÇÃO ENDOTRAQUEOBRÔNQUICA;FR;20,0000;1704,1700;34083,4000;0,0000;31/12/2026
ERN - HOSPITAL DR JOSÉ PEDRO BEZERRA DE NATAL;925778;332;Material;925778-15/2026;medicamentos;Catálogo do Compras.gov.br;Material;6505;DROGAS E MEDICAMENTOS;12437;SURFACTANTE PULMONAR;353398;COMPOSIÇÃO: FRAÇÃO FOSFOLIPÍDICA DE PULMÃO PORCINO, CONCENTRAÇÃO: 80, FORMA FARMACEUTICA: SUSPENSÃO PARA INSTILAÇÃO ENDOTRAQUEOBRÔNQUICA;FR;60,0000;1919,7700;115186,2000;0,0000;31/12/2026
ERN - HOSPITAL DR JOSÉ PEDRO BEZERRA DE NATAL;925778;333;Material;925778-15/2026;medicamentos;Catálogo do Compras.gov.br;Material;6505;DROGAS E MEDICAMENTOS;12450;SUXAMETÔNIO CLORETO;268442;DOSAGEM: 100, INDICAÇÃO: INJETÁVEL;FR-AM;40,0000;23,0000;920,0000;0,0000;31/12/2026
ERN - HOSPITAL DR JOSÉ PEDRO BEZERRA DE NATAL;925778;334;Material;925778-15/2026;medicamentos;Catálogo do Compras.gov.br;Material;6505;DROGAS E MEDICAMENTOS;12587;TEICOPLANINA;268528;DOSAGEM: 400, INDICAÇÃO: INJETÁVEL;FR-AM;10,0000;38,7200;387,2000;0,0000;31/12/2026
ERN - HOSPITAL DR JOSÉ PEDRO BEZERRA DE NATAL;925778;335;Material;925778-15/2026;medicamentos;Catálogo do Compras.gov.br;Material;6505;DROGAS E MEDICAMENTOS;12632;TENOXICAM;268531;DOSAGEM: 20;COMPR;180,0000;0,4800;86,4000;0,0000;31/12/2026
ERN - HOSPITAL DR JOSÉ PEDRO BEZERRA DE NATAL;925778;336;Material;925778-15/2026;medicamentos;Catálogo do Compras.gov.br;Material;6505;DROGAS E MEDICAMENTOS;12632;TENOXICAM;268533;DOSAGEM: 40, INDICAÇÃO: INJETÁVEL;FR-AM;700,0000;10,5700;7399,0000;0,0000;31/12/2026
ERN - HOSPITAL DR JOSÉ PEDRO BEZERRA DE NATAL;925778;337;Material;925778-15/2026;medicamentos;Catálogo do Compras.gov.br;Material;6505;DROGAS E MEDICAMENTOS;12639;TERBUTALINA SULFATO;269818;DOSAGEM: 0,5, APRESENTAÇÃO: INJETÁVEL;AM;100,0000;1,1150;111,5000;0,0000;31/12/2026
ERN - HOSPITAL DR JOSÉ PEDRO BEZERRA DE NATAL;925778;338;Material;925778-15/2026;medicamentos;Catálogo do Compras.gov.br;Material;6505;DROGAS E MEDICAMENTOS;12715;TIAMINA;272341;DOSAGEM: 300;COMPR;60,0000;0,2100;12,6000;0,0000;31/12/2026
ERN - HOSPITAL DR JOSÉ PEDRO BEZERRA DE NATAL;925778;339;Material;925778-15/2026;medicamentos;Catálogo do Compras.gov.br;Material;6505;DROGAS E MEDICAMENTOS;12715;TIAMINA;272343;DOSAGEM: 100, TIPO MEDICAMENTO: SOLUÇÃO INJETÁVEL;AM;100,0000;8,4300;843,0000;0,0000;31/12/2026
ERN - HOSPITAL DR JOSÉ PEDRO BEZERRA DE NATAL;925778;340;Material;925778-15/2026;medicamentos;Catálogo do Compras.gov.br;Material;6505;DROGAS E MEDICAMENTOS;18988;TIGECICLINA;331539;CONCENTRAÇÃO: 50, FORMA FARMACÊUTICA: PÓ LIÓFILO P/ INJETÁVEL;FR-AM;50,0000;58,9800;2949,0000;0,0000;31/12/2026
ERN - HOSPITAL DR JOSÉ PEDRO BEZERRA DE NATAL;925778;341;Material;925778-15/2026;medicamentos;Catálogo do Compras.gov.br;Material;6505;DROGAS E MEDICAMENTOS;12795;TOBRAMICINA;271581;DOSAGEM: 0,3%, APRESENTAÇÃO: SOLUÇÃO OFTÁLMICA;FR;15,0000;5,4900;82,3500;0,0000;31/12/2026
ERN - HOSPITAL DR JOSÉ PEDRO BEZERRA DE NATAL;925778;342;Material;925778-15/2026;medicamentos;Catálogo do Compras.gov.br;Material;6505;DROGAS E MEDICAMENTOS;17906;TROPICAMIDA;274561;DOSAGEM: 1%, APRESENTAÇÃO: SOLUÇÃO OFTÁLMICA;FR;5,0000;16,7900;83,9500;0,0000;31/12/2026
ERN - HOSPITAL DR JOSÉ PEDRO BEZERRA DE NATAL;925778;343;Material;925778-15/2026;medicamentos;Catálogo do Compras.gov.br;Material;6505;DROGAS E MEDICAMENTOS;13297;VANCOMICINA CLORIDRATO;448772;CONCENTRAÇÃO: 500, FORMA FARMACEUTICA: PÓ LIÓFILO P/ INJETÁVEL + DILUENTE;FR-AM;550,0000;4,7500;2612,5000;0,0000;31/12/2026
ERN - HOSPITAL DR JOSÉ PEDRO BEZERRA DE NATAL;925778;344;Material;925778-15/2026;medicamentos;Catálogo do Compras.gov.br;Material;6505;DROGAS E MEDICAMENTOS;13483;VARFARINA SÓDICA;279269;DOSAGEM: 5;COMPR;30,0000;0,1200;3,6000;0,0000;31/12/2026
ERN - HOSPITAL DR JOSÉ PEDRO BEZERRA DE NATAL;925778;345;Material;925778-15/2026;medicamentos;Catálogo do Compras.gov.br;Material;6505;DROGAS E MEDICAMENTOS;13325;VASOPRESSINA;332917;CONCENTRAÇÃO: 20, FORMA FARMACÊUTICA: SOLUÇÃO INJETÁVEL;AM;100,0000;23,8200;2382,0000;0,0000;31/12/2026
ERN - HOSPITAL DR JOSÉ PEDRO BEZERRA DE NATAL;925778;346;Material;925778-15/2026;medicamentos;Catálogo do Compras.gov.br;Material;6505;DROGAS E MEDICAMENTOS;15247;RETINOL;465011;COMPOSIÇÃO: ASSOCIADA COM COLECALCIFEROL E ÓXIDO DE ZINCO, CONCENTRAÇÃO: 1.000 UI/G + 400 UI/G + 100, FORMA FARMACÊUTICA: POMADA;BIS;40,0000;3,7100;148,4000;0,0000;31/12/2026
ERN - HOSPITAL DR JOSÉ PEDRO BEZERRA DE NATAL;925778;347;Material;925778-15/2026;medicamentos;Catálogo do Compras.gov.br;Material;6505;DROGAS E MEDICAMENTOS;15247;RETINOL;399414;COMPOSIÇÃO: ASSOCIADA COM COLECALCIFEROL, CONCENTRAÇÃO: 50.000 UI + 10.000, FORMA FARMACÊUTICA: SOLUÇÃO ORAL - GOTAS;FR;20,0000;5,8000;116,0000;0,0000;31/12/2026
ERN - HOSPITAL DR JOSÉ PEDRO BEZERRA DE NATAL;925778;348;Material;925778-15/2026;medicamentos;Catálogo do Compras.gov.br;Material;6505;DROGAS E MEDICAMENTOS;13470;VITAMINAS DO COMPLEXO B;449137;COMPOSIÇÃO BÁSICA: B1, B2, B3, B6;COMPR;350,0000;0,0500;17,5000;0,0000;31/12/2026
ERN - HOSPITAL DR JOSÉ PEDRO BEZERRA DE NATAL;925778;349;Material;925778-15/2026;medicamentos;Catálogo do Compras.gov.br;Material;6505;DROGAS E MEDICAMENTOS;13470;VITAMINAS DO COMPLEXO B;272091;COMPOSIÇÃO BÁSICA: VITAMINAS: B1,B2,B6,B12 E PP, USO: SOLUÇÃO INJETÁVEL;AM;200,0000;0,9300;186,0000;0,0000;31/12/2026
ERN - HOSPITAL DR JOSÉ PEDRO BEZERRA DE NATAL;925778;350;Material;925778-15/2026;medicamentos;Catálogo do Compras.gov.br;Material;6505;DROGAS E MEDICAMENTOS;13470;VITAMINAS DO COMPLEXO B;272092;COMPOSIÇÃO BÁSICA: VITAMINAS: B1,B2,B6,B12 E PP, USO: SOLUÇÃO ORAL - GOTAS;FR;15,0000;4,4000;66,0000;0,0000;31/12/2026
ERN - HOSPITAL DR JOSÉ PEDRO BEZERRA DE NATAL;925778;351;Material;925778-15/2026;medicamentos;Catálogo do Compras.gov.br;Material;6505;DROGAS E MEDICAMENTOS;2277;ALFENTANILA CLORIDRATO;268378;CONCENTRAÇÃO: 0,544, INDICAÇÃO: SOLUÇÃO INJETÁVEL;AM;5,0000;18,2500;91,2500;0,0000;31/12/2026
ERN - HOSPITAL DR JOSÉ PEDRO BEZERRA DE NATAL;925778;352;Material;925778-15/2026;medicamentos;Catálogo do Compras.gov.br;Material;6505;DROGAS E MEDICAMENTOS;5134;AMITRIPTILINA CLORIDRATO;267512;DOSAGEM: 25;COMPR;40,0000;0,0587;2,3480;0,0000;31/12/2026
ERN - HOSPITAL DR JOSÉ PEDRO BEZERRA DE NATAL;925778;353;Material;925778-15/2026;medicamentos;Catálogo do Compras.gov.br;Material;6505;DROGAS E MEDICAMENTOS;3567;BIPERIDENO;270140;DOSAGEM: 2;COMPR;30,0000;0,2500;7,5000;0,0000;31/12/2026
ERN - HOSPITAL DR JOSÉ PEDRO BEZERRA DE NATAL;925778;354;Material;925778-15/2026;medicamentos;Catálogo do Compras.gov.br;Material;6505;DROGAS E MEDICAMENTOS;4509;CARBAMAZEPINA;392264;CONCENTRAÇÃO: 20, FORMA FARMACEUTICA: XAROPE;FR;5,0000;8,5000;42,5000;0,0000;31/12/2026
ERN - HOSPITAL DR JOSÉ PEDRO BEZERRA DE NATAL;925778;355;Material;925778-15/2026;medicamentos;Catálogo do Compras.gov.br;Material;6505;DROGAS E MEDICAMENTOS;4509;CARBAMAZEPINA;267618;DOSAGEM: 200;COMPR;180,0000;0,1586;28,5480;0,0000;31/12/2026
ERN - HOSPITAL DR JOSÉ PEDRO BEZERRA DE NATAL;925778;356;Material;925778-15/2026;medicamentos;Catálogo do Compras.gov.br;Material;6505;DROGAS E MEDICAMENTOS;5087;CLONAZEPAM;270120;DOSAGEM: 2,5, APRESENTAÇÃO: SOLUÇÃO ORAL- GOTAS;FR;5,0000;2,7400;13,7000;0,0000;31/12/2026
ERN - HOSPITAL DR JOSÉ PEDRO BEZERRA DE NATAL;925778;357;Material;925778-15/2026;medicamentos;Catálogo do Compras.gov.br;Material;6505;DROGAS E MEDICAMENTOS;5275;CLORPROMAZINA;268069;DOSAGEM: 5, APRESENTAÇÃO: SOLUÇÃO INJETÁVEL;AM;40,0000;2,1500;86,0000;0,0000;31/12/2026
ERN - HOSPITAL DR JOSÉ PEDRO BEZERRA DE NATAL;925778;358;Material;925778-15/2026;medicamentos;Catálogo do Compras.gov.br;Material;6505;DROGAS E MEDICAMENTOS;5275;CLORPROMAZINA;340207;CONCENTRAÇÃO: 40, FORMA FARMACEUTICA: SOLUÇÃO ORAL - GOTAS;FR;5,0000;6,9900;34,9500;0,0000;31/12/2026
ERN - HOSPITAL DR JOSÉ PEDRO BEZERRA DE NATAL;925778;359;Material;925778-15/2026;medicamentos;Catálogo do Compras.gov.br;Material;6505;DROGAS E MEDICAMENTOS;5275;CLORPROMAZINA;267635;DOSAGEM: 25 MG;COMPR;60,0000;0,2660;15,9600;0,0000;31/12/2026
ERN - HOSPITAL DR JOSÉ PEDRO BEZERRA DE NATAL;925778;360;Material;925778-15/2026;medicamentos;Catálogo do Compras.gov.br;Material;6505;DROGAS E MEDICAMENTOS;5275;CLORPROMAZINA;267638;DOSAGEM: 100;COMPR;60,0000;0,3329;19,9740;0,0000;31/12/2026
ERN - HOSPITAL DR JOSÉ PEDRO BEZERRA DE NATAL;925778;361;Material;925778-15/2026;medicamentos;Catálogo do Compras.gov.br;Material;6505;DROGAS E MEDICAMENTOS;6168;DIAZEPAM;267194;DOSAGEM: 5, APRESENTAÇÃO: SOLUÇÃO INJETÁVEL;AM;50,0000;0,9400;47,0000;0,0000;31/12/2026
ERN - HOSPITAL DR JOSÉ PEDRO BEZERRA DE NATAL;925778;362;Material;925778-15/2026;medicamentos;Catálogo do Compras.gov.br;Material;6505;DROGAS E MEDICAMENTOS;6168;DIAZEPAM;267197;DOSAGEM: 10;COMPR;200,0000;0,0650;13,0000;0,0000;31/12/2026
ERN - HOSPITAL DR JOSÉ PEDRO BEZERRA DE NATAL;925778;363;Material;925778-15/2026;medicamentos;Catálogo do Compras.gov.br;Material;6505;DROGAS E MEDICAMENTOS;6168;DIAZEPAM;267195;DOSAGEM: 5;COMPR;250,0000;0,0600;15,0000;0,0000;31/12/2026
ERN - HOSPITAL DR JOSÉ PEDRO BEZERRA DE NATAL;925778;364;Material;925778-15/2026;medicamentos;Catálogo do Compras.gov.br;Material;6505;DROGAS E MEDICAMENTOS;30073;ESCETAMINA;602763;CONCENTRAÇÃO: 50, FORMA FARMACÊUTICA: SOLUÇÃO INJETÁVEL;FR;75,0000;78,0000;5850,0000;0,0000;31/12/2026
ERN - HOSPITAL DR JOSÉ PEDRO BEZERRA DE NATAL;925778;365;Material;925778-15/2026;medicamentos;Catálogo do Compras.gov.br;Material;6505;DROGAS E MEDICAMENTOS;7232;ETOMIDATO;270116;DOSAGEM: 2, APRESENTAÇÃO: SOLUÇÃO INJETÁVEL;AM;25,0000;10,5000;262,5000;0,0000;31/12/2026
ERN - HOSPITAL DR JOSÉ PEDRO BEZERRA DE NATAL;925778;366;Material;925778-15/2026;medicamentos;Catálogo do Compras.gov.br;Material;6505;DROGAS E MEDICAMENTOS;7351;FENITOÍNA SÓDICA;267657;DOSAGEM: 100;COMPR;100,0000;0,1600;16,0000;0,0000;31/12/2026
ERN - HOSPITAL DR JOSÉ PEDRO BEZERRA DE NATAL;925778;367;Material;925778-15/2026;medicamentos;Catálogo do Compras.gov.br;Material;6505;DROGAS E MEDICAMENTOS;7351;FENITOÍNA SÓDICA;267107;DOSAGEM: 50, APRESENTAÇÃO: SOLUÇÃO INJETÁVEL;AM;250,0000;2,0900;522,5000;0,0000;31/12/2026
ERN - HOSPITAL DR JOSÉ PEDRO BEZERRA DE NATAL;925778;368;Material;925778-15/2026;medicamentos;Catálogo do Compras.gov.br;Material;6505;DROGAS E MEDICAMENTOS;7355;FENOBARBITAL SÓDICO;300725;DOSAGEM: 100, FORMA FARMACÊUTICA: SOLUÇÃO INJETÁVEL;AM;150,0000;2,3000;345,0000;0,0000;31/12/2026
ERN - HOSPITAL DR JOSÉ PEDRO BEZERRA DE NATAL;925778;369;Material;925778-15/2026;medicamentos;Catálogo do Compras.gov.br;Material;6505;DROGAS E MEDICAMENTOS;7355;FENOBARBITAL SÓDICO;300723;DOSAGEM: 40, FORMA FARMACÊUTICA: SOLUÇÃO ORAL - GOTAS;FR;5,0000;4,7300;23,6500;0,0000;31/12/2026
ERN - HOSPITAL DR JOSÉ PEDRO BEZERRA DE NATAL;925778;370;Material;925778-15/2026;medicamentos;Catálogo do Compras.gov.br;Material;6505;DROGAS E MEDICAMENTOS;7355;FENOBARBITAL SÓDICO;267660;DOSAGEM: 100;COMPR;60,0000;0,1300;7,8000;0,0000;31/12/2026
ERN - HOSPITAL DR JOSÉ PEDRO BEZERRA DE NATAL;925778;371;Material;925778-15/2026;medicamentos;Catálogo do Compras.gov.br;Material;6505;DROGAS E MEDICAMENTOS;7364;FENTANILA;424712;COMPOSIÇÃO: SAL CITRATO, CONCENTRAÇÃO: 78,5, FORMA FARMACÊUTICA: SOLUÇÃO INJETÁVEL;AM;150,0000;1,4900;223,5000;0,0000;31/12/2026
ERN - HOSPITAL DR JOSÉ PEDRO BEZERRA DE NATAL;925778;372;Material;925778-15/2026;medicamentos;Catálogo do Compras.gov.br;Material;6505;DROGAS E MEDICAMENTOS;7364;FENTANILA;271950;APRESENTAÇÃO: SAL CITRATO, DOSAGEM: 0,05, INDICAÇÃO: SOLUÇÃO INJETÁVEL;AM;1600,0000;2,8500;4560,0000;0,0000;31/12/2026
ERN - HOSPITAL DR JOSÉ PEDRO BEZERRA DE NATAL;925778;373;Material;925778-15/2026;medicamentos;Catálogo do Compras.gov.br;Material;6505;DROGAS E MEDICAMENTOS;7653;FLUMAZENIL;268510;DOSAGEM: 0,1, INDICAÇÃO: SOLUÇÃO INJETÁVEL;AM;25,0000;5,8000;145,0000;0,0000;31/12/2026
ERN - HOSPITAL DR JOSÉ PEDRO BEZERRA DE NATAL;925778;374;Material;925778-15/2026;medicamentos;Catálogo do Compras.gov.br;Material;6505;DROGAS E MEDICAMENTOS;8164;HALOPERIDOL;292196;CONCENTRAÇÃO: 5, TIPO USO: SOLUÇÃO INJETÁVEL;AM;50,0000;1,7290;86,4500;0,0000;31/12/2026
ERN - HOSPITAL DR JOSÉ PEDRO BEZERRA DE NATAL;925778;375;Material;925778-15/2026;medicamentos;Catálogo do Compras.gov.br;Material;6505;DROGAS E MEDICAMENTOS;8164;HALOPERIDOL;292195;CONCENTRAÇÃO: 2, TIPO USO: SOLUÇÃO ORAL-GOTAS;FR;5,0000;3,3000;16,5000;0,0000;31/12/2026
ERN - HOSPITAL DR JOSÉ PEDRO BEZERRA DE NATAL;925778;376;Material;925778-15/2026;medicamentos;Catálogo do Compras.gov.br;Material;6505;DROGAS E MEDICAMENTOS;5200;LEVOMEPROMAZINA;268130;DOSAGEM: 40, APRESENTAÇÃO: SOLUÇÃO ORAL;FR;5,0000;11,0000;55,0000;0,0000;31/12/2026
ERN - HOSPITAL DR JOSÉ PEDRO BEZERRA DE NATAL;925778;377;Material;925778-15/2026;medicamentos;Catálogo do Compras.gov.br;Material;6505;DROGAS E MEDICAMENTOS;5200;LEVOMEPROMAZINA;268129;DOSAGEM: 100;COMPR;30,0000;0,6000;18,0000;0,0000;31/12/2026
ERN - HOSPITAL DR JOSÉ PEDRO BEZERRA DE NATAL;925778;378;Material;925778-15/2026;medicamentos;Catálogo do Compras.gov.br;Material;6505;DROGAS E MEDICAMENTOS;5200;LEVOMEPROMAZINA;268128;DOSAGEM: 25;COMPR;30,0000;0,3200;9,6000;0,0000;31/12/2026
ERN - HOSPITAL DR JOSÉ PEDRO BEZERRA DE NATAL;925778;379;Material;925778-15/2026;medicamentos;Catálogo do Compras.gov.br;Material;6505;DROGAS E MEDICAMENTOS;9682;METADONA;268093;DOSAGEM: 10;COMPR;330,0000;1,4400;475,2000;0,0000;31/12/2026
ERN - HOSPITAL DR JOSÉ PEDRO BEZERRA DE NATAL;925778;380;Material;925778-15/2026;medicamentos;Catálogo do Compras.gov.br;Material;6505;DROGAS E MEDICAMENTOS;9682;METADONA;268092;DOSAGEM: 5;COMPR;330,0000;0,5800;191,4000;0,0000;31/12/2026
ERN - HOSPITAL DR JOSÉ PEDRO BEZERRA DE NATAL;925778;381;Material;925778-15/2026;medicamentos;Catálogo do Compras.gov.br;Material;6505;DROGAS E MEDICAMENTOS;9762;MIDAZOLAM;268481;DOSAGEM: 5, APLICAÇÃO: INJETÁVEL;AM;400,0000;1,5100;604,0000;0,0000;31/12/2026
ERN - HOSPITAL DR JOSÉ PEDRO BEZERRA DE NATAL;925778;382;Material;925778-15/2026;medicamentos;Catálogo do Compras.gov.br;Material;6505;DROGAS E MEDICAMENTOS;9762;MIDAZOLAM;268481;DOSAGEM: 5, APLICAÇÃO: INJETÁVEL;AM;700,0000;2,9300;2051,0000;0,0000;31/12/2026
ERN - HOSPITAL DR JOSÉ PEDRO BEZERRA DE NATAL;925778;383;Material;925778-15/2026;medicamentos;Catálogo do Compras.gov.br;Material;6505;DROGAS E MEDICAMENTOS;9907;MORFINA;304872;APRESENTAÇÃO: SULFATO, CONCENTRAÇÃO: 0,2MG/ML, FORMA FARMACÊUTICA: SOLUÇÃO INJETÁVEL;AM;600,0000;3,6000;2160,0000;0,0000;31/12/2026
ERN - HOSPITAL DR JOSÉ PEDRO BEZERRA DE NATAL;925778;384;Material;925778-15/2026;medicamentos;Catálogo do Compras.gov.br;Material;6505;DROGAS E MEDICAMENTOS;9907;MORFINA;304871;APRESENTAÇÃO: SULFATO, CONCENTRAÇÃO: 10MG/ML, FORMA FARMACÊUTICA: SOLUÇÃO INJETÁVEL;AM;200,0000;1,9000;380,0000;0,0000;31/12/2026
ERN - HOSPITAL DR JOSÉ PEDRO BEZERRA DE NATAL;925778;385;Material;925778-15/2026;medicamentos;Catálogo do Compras.gov.br;Material;6505;DROGAS E MEDICAMENTOS;5218;NALOXONA CLORIDRATO;272326;DOSAGEM: 0,4, APRESENTAÇÃO: SOLUÇÃO INJETÁVEL;AM;15,0000;5,2200;78,3000;0,0000;31/12/2026
ERN - HOSPITAL DR JOSÉ PEDRO BEZERRA DE NATAL;925778;386;Material;925778-15/2026;medicamentos;Catálogo do Compras.gov.br;Material;6505;DROGAS E MEDICAMENTOS;11276;PROPOFOL;305935;DOSAGEM: 10, FORMA FARMACÊUTICA: EMULSÃO INJETÁVEL;AM;150,0000;8,5000;1275,0000;0,0000;31/12/2026
ERN - HOSPITAL DR JOSÉ PEDRO BEZERRA DE NATAL;925778;387;Material;925778-15/2026;medicamentos;Catálogo do Compras.gov.br;Material;6505;DROGAS E MEDICAMENTOS;12053;SEVOFLURANO;308877;FORMA FARMACÊUTICA: LÍQUIDO INALANTE;FR;10,0000;287,5000;2875,0000;0,0000;31/12/2026
ERN - HOSPITAL DR JOSÉ PEDRO BEZERRA DE NATAL;925778;388;Material;925778-15/2026;medicamentos;Catálogo do Compras.gov.br;Material;6505;DROGAS E MEDICAMENTOS;5254;TRAMADOL CLORIDRATO;292382;DOSAGEM: 50, FORMA FARMACÊUTICA: SOLUÇÃO INJETÁVEL;AM;1300,0000;1,7900;2327,0000;0,0000;31/12/2026
ERN - HOSPITAL DR JOSÉ PEDRO BEZERRA DE NATAL;925778;389;Material;925778-15/2026;medicamentos;Catálogo do Compras.gov.br;Material;6505;DROGAS E MEDICAMENTOS;5254;TRAMADOL CLORIDRATO;309436;DOSAGEM: 50, FORMA FARMACÊUTICA: LIBERAÇÃO LENTA;CAPS;30,0000;0,1700;5,1000;0,0000;31/12/2026
ERN - HOSPITAL DR JOSÉ PEDRO BEZERRA DE NATAL;925778;390;Material;925778-15/2026;medicamentos;Catálogo do Compras.gov.br;Material;6505;DROGAS E MEDICAMENTOS;2360;ALOPURINOL;267508;DOSAGEM: 100 MG;COMPR;30,0000;0,1520;4,5600;0,0000;31/12/2026
ERN - HOSPITAL DR JOSÉ PEDRO BEZERRA DE NATAL;925778;391;Material;925778-15/2026;medicamentos;Catálogo do Compras.gov.br;Material;6505;DROGAS E MEDICAMENTOS;4677;CARVEDILOL;267564;DOSAGEM: 12,5;COMPR;600,0000;0,1100;66,0000;0,0000;31/12/2026
ERN - HOSPITAL DR JOSÉ PEDRO BEZERRA DE NATAL;925778;392;Material;925778-15/2026;medicamentos;Catálogo do Compras.gov.br;Material;6505;DROGAS E MEDICAMENTOS;17708;DIPIRONA SÓDICA;270633;COMPOSIÇÃO: ASSOCIADA À CAFEÍNA E ISOMETEPTENO, CONCENTRAÇÃO: 300MG + 30MG + 30MG;COMPR;300,0000;0,3700;111,0000;0,0000;31/12/2026
ERN - HOSPITAL DR JOSÉ PEDRO BEZERRA DE NATAL;925778;393;Material;925778-15/2026;medicamentos;Catálogo do Compras.gov.br;Material;6505;DROGAS E MEDICAMENTOS;8211;HIDRALAZINA;268112;DOSAGEM: 50;COMPR;2000,0000;0,2000;400,0000;0,0000;31/12/2026
ERN - HOSPITAL DR JOSÉ PEDRO BEZERRA DE NATAL;925778;394;Material;925778-15/2026;medicamentos;Catálogo do Compras.gov.br;Material;6505;DROGAS E MEDICAMENTOS;8514;ITRACONAZOL;268861;DOSAGEM: 100;CAPS;30,0000;0,8400;25,2000;0,0000;31/12/2026
ERN - HOSPITAL DR JOSÉ PEDRO BEZERRA DE NATAL;925778;395;Material;925778-15/2026;medicamentos;Catálogo do Compras.gov.br;Material;6505;DROGAS E MEDICAMENTOS;17872;SILDENAFILA;273820;COMPOSIÇÃO: SAL CITRATO, CONCENTRAÇÃO: 25;COMPR;60,0000;2,2700;136,2000;0,0000;31/12/2026
ERN - HOSPITAL DR JOSÉ PEDRO BEZERRA DE NATAL;925778;396;Material;925778-15/2026;medicamentos;Catálogo do Compras.gov.br;Material;6505;DROGAS E MEDICAMENTOS;2436;AMOXICILINA;271111;CONCENTRAÇÃO: 50MG/ML, APRESENTAÇÃO: PÓ PARA SUSPENSÃO ORAL;FR;10,0000;5,8000;58,0000;0,0000;31/12/2026
ERN - HOSPITAL DR JOSÉ PEDRO BEZERRA DE NATAL;925778;397;Material;925778-15/2026;medicamentos;Catálogo do Compras.gov.br;Material;6505;DROGAS E MEDICAMENTOS;2436;AMOXICILINA;448841;CONCENTRAÇÃO: 50 MG/ML + 12,5, FORMA FARMACÊUTICA: SUSPENSÃO ORAL, PRINCÍPIO ATIVO: ASSOCIADA COM CLAVULANATO DE POTÁSSIO;FR;10,0000;22,7000;227,0000;0,0000;31/12/2026
ERN - HOSPITAL DR JOSÉ PEDRO BEZERRA DE NATAL;925778;398;Material;925778-15/2026;medicamentos;Catálogo do Compras.gov.br;Material;6505;DROGAS E MEDICAMENTOS;15247;RETINOL;274918;COMPOSIÇÃO: ASSOCIADO C/AMINOÁCIDOS+ METIONINA+ CLORANFENICOL, CONCENTRAÇÃO: 10.000UI + 25MG + 5MG + 5MG/G, APLICAÇÃO: POMADA OFTÁLMICA;BIS;10,0000;12,6100;126,1000;0,0000;31/12/2026
ERN - HOSPITAL DR JOSÉ PEDRO BEZERRA DE NATAL;925778;399;Material;925778-15/2026;medicamentos;Catálogo do Compras.gov.br;Material;6505;DROGAS E MEDICAMENTOS;5092;ANIDULAFUNGINA;379002;CONCENTRAÇÃO: 100, FORMA FARMACÊUTICA: PÓ LIÓFILO P/ INJETÁVEL;FR-AM;5,0000;361,3100;1806,5500;0,0000;31/12/2026
ERN - HOSPITAL DR JOSÉ PEDRO BEZERRA DE NATAL;925778;400;Material;925778-15/2026;medicamentos;Catálogo do Compras.gov.br;Material;6505;DROGAS E MEDICAMENTOS;10633;PENTOXIFILINA;335112;DOSAGEM: 20, FORMA FARMACÊUTICA: SOLUÇÃO INJETÁVEL;AM;100,0000;1,5800;158,0000;0,0000;31/12/2026
ERN - HOSPITAL DR JOSÉ PEDRO BEZERRA DE NATAL;925778;401;Material;925778-15/2026;medicamentos;Catálogo do Compras.gov.br;Material;6505;DROGAS E MEDICAMENTOS;2036;ÁCIDO VALPRÓICO;308732;DOSAGEM: 50, FORMA FARMACÊUTICA: XAROPE;FR;5,0000;4,9900;24,9500;0,0000;31/12/2026
ERN - HOSPITAL DR JOSÉ PEDRO BEZERRA DE NATAL;925778;402;Material;925778-15/2026;medicamentos;Catálogo do Compras.gov.br;Material;6505;DROGAS E MEDICAMENTOS;9907;MORFINA;271392;APRESENTAÇÃO: SULFATO, CONCENTRAÇÃO: 10MG;COMPR;30,0000;0,7000;21,0000;0,0000;31/12/2026
ERN - HOSPITAL DR JOSÉ PEDRO BEZERRA DE NATAL;925778;403;Material;925778-15/2026;medicamentos;Catálogo do Compras.gov.br;Material;6505;DROGAS E MEDICAMENTOS;17689;QUETIAPINA;272831;DOSAGEM: 25;COMPR;300,0000;0,2500;75,0000;0,0000;31/12/2026
ERN - HOSPITAL DR JOSÉ PEDRO BEZERRA DE NATAL;925778;404;Material;925778-15/2026;medicamentos;Catálogo do Compras.gov.br;Material;6505;DROGAS E MEDICAMENTOS;10144;OCTREOTIDA;305725;DOSAGEM: 0,1, FORMA FARMACÊUTICA: SOLUÇÃO INJETÁVEL;AM;100,0000;51,4300;5143,0000;0,0000;31/12/2026
ERN - HOSPITAL DR JOSÉ PEDRO BEZERRA DE NATAL;925778;405;Material;925778-15/2026;medicamentos;Catálogo do Compras.gov.br;Material;6505;DROGAS E MEDICAMENTOS;14229;TERLIPRESSINA;332908;COMPOSIÇÃO: ACETATO, CONCENTRAÇÃO: 1, FORMA FARMACEUTICA: PÓ LIÓFILO P/ INJETÁVEL;FR-AM;50,0000;259,2000;12960,0000;0,0000;31/12/2026
ERN - HOSPITAL DR JOSÉ PEDRO BEZERRA DE NATAL;925778;406;Material;925778-15/2026;medicamentos;Catálogo do Compras.gov.br;Material;6505;DROGAS E MEDICAMENTOS;8428;INSULINA;273836;ORIGEM: GLARGINA, DOSAGEM: 100UI/ML, APLICAÇÃO: INJETÁVEL;FR;50,0000;96,5600;4828,0000;0,0000;31/12/2026
ERN - HOSPITAL DR JOSÉ PEDRO BEZERRA DE NATAL;925778;407;Material;925778-15/2026;medicamentos;Catálogo do Compras.gov.br;Material;6505;DROGAS E MEDICAMENTOS;17357;CLOREXIDINA DIGLUCONATO;269878;DOSAGEM: 0,5%, APLICAÇÃO: SOLUÇÃO ALCOÓLICA;FR;125,0000;12,8000;1600,0000;0,0000;31/12/2026
ERN - HOSPITAL DR JOSÉ PEDRO BEZERRA DE NATAL;925778;408;Material;925778-15/2026;medicamentos;Catálogo do Compras.gov.br;Material;6505;DROGAS E MEDICAMENTOS;17357;CLOREXIDINA DIGLUCONATO;269880;DOSAGEM: 2%, APLICAÇÃO: SOLUÇÃO TÓPICA;FR;115,0000;12,8000;1472,0000;0,0000;31/12/2026
ERN - HOSPITAL DR JOSÉ PEDRO BEZERRA DE NATAL;925778;409;Material;925778-15/2026;medicamentos;Catálogo do Compras.gov.br;Material;6505;DROGAS E MEDICAMENTOS;17357;CLOREXIDINA DIGLUCONATO;269876;DOSAGEM: 2%, APLICAÇÃO: DEGERMANTE;FR;90,0000;12,8000;1152,0000;0,0000;31/12/2026
ERN - HOSPITAL DR JOSÉ PEDRO BEZERRA DE NATAL;925778;410;Material;925778-15/2026;medicamentos;Catálogo do Compras.gov.br;Material;6505;DROGAS E MEDICAMENTOS;17357;CLOREXIDINA DIGLUCONATO;341174;CONCENTRAÇÃO: 0,12%, FORMA FARMACÊUTICA: COLUTÓRIO;FR;50,0000;6,2500;312,5000;0,0000;31/12/2026
ERN - HOSPITAL DR JOSÉ PEDRO BEZERRA DE NATAL;925778;411;Material;925778-15/2026;medicamentos;Catálogo do Compras.gov.br;Material;6505;DROGAS E MEDICAMENTOS;17357;CLOREXIDINA DIGLUCONATO;269878;DOSAGEM: 0,5%, APLICAÇÃO: SOLUÇÃO ALCOÓLICA;FR;6000,0000;2,9000;17400,0000;0,0000;31/12/2026
ERN - HOSPITAL DR JOSÉ PEDRO BEZERRA DE NATAL;925778;412;Material;925778-15/2026;medicamentos;Catálogo do Compras.gov.br;Material;6505;DROGAS E MEDICAMENTOS;17357;CLOREXIDINA DIGLUCONATO;269880;DOSAGEM: 2%, APLICAÇÃO: SOLUÇÃO TÓPICA;FR;6400,0000;1,9200;12288,0000;0,0000;31/12/2026
ERN - HOSPITAL DR JOSÉ PEDRO BEZERRA DE NATAL;925778;413;Material;925778-15/2026;medicamentos;Catálogo do Compras.gov.br;Material;6505;DROGAS E MEDICAMENTOS;17357;CLOREXIDINA DIGLUCONATO;269876;DOSAGEM: 2%, APLICAÇÃO: DEGERMANTE;FR;8000,0000;2,8000;22400,0000;0,0000;31/12/2026
ERN - HOSPITAL DR JOSÉ PEDRO BEZERRA DE NATAL;925778;414;Material;925778-15/2026;medicamentos;Catálogo do Compras.gov.br;Material;6505;DROGAS E MEDICAMENTOS;2259;ÁLCOOL ETÍLICO;269941;TEOR ALCOÓLICO: 70%_(70°GL), TIPO: HIDRATADO, APRESENTAÇÃO: LÍQUIDO;FR;50000,0000;2,2500;112500,0000;0,0000;31/12/2026
ERN - HOSPITAL DR JOSÉ PEDRO BEZERRA DE NATAL;925778;415;Material;925778-15/2026;medicamentos;Catálogo do Compras.gov.br;Material;6505;DROGAS E MEDICAMENTOS;17773;COMPLEXO PROTROMBÍNICO;450291;ATIVIDADE: 500, FORMA FARMACÊUTICA: PÓ LIÓFILO P/ INJETÁVEL + DILUENTE, TIPO: HUMANO;FR-AM;10,0000;1079,0000;10790,0000;0,0000;31/12/2026
ERN - HOSPITAL DR JOSÉ PEDRO BEZERRA DE NATAL;925778;416;Material;925778-15/2026;medicamentos;Catálogo do Compras.gov.br;Material;6505;DROGAS E MEDICAMENTOS;10977;POLIHEXANIDA;389088;CONCENTRAÇÃO: 0,1%, FORMA FARMACÊUTICA: SABONETE LÍQUIDO;FR;500,0000;36,0000;18000,0000;0,0000;31/12/2026
ERN - HOSPITAL DR JOSÉ PEDRO BEZERRA DE NATAL;925778;417;Material;925778-15/2026;medicamentos;Catálogo do Compras.gov.br;Material;6505;DROGAS E MEDICAMENTOS;6381;DOMPERIDONA;269962;DOSAGEM: 10;COMPR;1000,0000;0,0900;90,0000;0,0000;31/12/2026
ERN - HOSPITAL DR JOSÉ PEDRO BEZERRA DE NATAL;925778;418;Material;925778-15/2026;medicamentos;Catálogo do Compras.gov.br;Material;6505;DROGAS E MEDICAMENTOS;2259;ÁLCOOL ETÍLICO;610972;COMPOSIÇÃO BÁSICA: COM EMOLIENTE, FORMA FARMACÊUTICA: ESPUMA, TEOR ALCOÓLICO: 70% V/V;FR;80,0000;300,0000;24000,0000;0,0000;31/12/2026
ERN - HOSPITAL DR JOSÉ PEDRO BEZERRA DE NATAL;925778;419;Material;925778-14/2026;Materias para escritorio, acondicionamento;Catálogo do Compras.gov.br;Material;7510;ARTIGOS PARA ESCRITÓRIO;18071;FITA ADESIVA;350646;APLICAÇÃO: MULTIUSO, COMPRIMENTO: 50, COR: BRANCA, LARGURA: 19, MATERIAL: CREPE, TIPO: MONOFACE;UN;300,0000;3,8000;1140,0000;0,0000;31/12/2026
ERN - HOSPITAL DR JOSÉ PEDRO BEZERRA DE NATAL;925778;420;Material;925778-14/2026;Materias para escritorio, acondicionamento;Catálogo do Compras.gov.br;Material;8135;MATERIAIS A GRANEL PARA ACONDICIONAMENTO E EMBALAGEM;1346;PALETE;609916;ALTURA: 15, COMPRIMENTO: 60, COR: PRETA, LARGURA: 50, MATERIAL: POLIPROPILENO;UN;100,0000;116,6200;11662,0000;0,0000;31/12/2026
ERN - HOSPITAL DR JOSÉ PEDRO BEZERRA DE NATAL;925778;484;Material;925778-14/2026;Materias para escritorio, acondicionamento;Catálogo do Compras.gov.br;Material;7510;ARTIGOS PARA ESCRITÓRIO;33;COLCHETE FIXAÇÃO;278614;MATERIAL: AÇO, TAMANHO: Nº 15, TRATAMENTO SUPERFICIAL: LATONADO;CX;100,0000;9,5000;950,0000;0,0000;31/12/2026
ERN - HOSPITAL DR JOSÉ PEDRO BEZERRA DE NATAL;925778;421;Material;925778-14/2026;Materias para escritorio, acondicionamento;Catálogo do Compras.gov.br;Material;8145;RECIPIENTES ESPECIALIZADOS PARA TRANSPORTE E ARMAZENAGEM;18087;FRASCO - TIPO ALMOTOLIA;279893;CAPACIDADE: 250, COR: TRANSPARENTE, MATERIAL: EM POLIETILENO (PLÁSTICO), TIPO BICO: BICO RETO, LONGO, ESTREITO, COM PROTETOR, TIPO TAMPA: TAMPA EM ROSCA;UN;250,0000;3,3400;835,0000;0,0000;31/12/2026
ERN - HOSPITAL DR JOSÉ PEDRO BEZERRA DE NATAL;925778;422;Material;925778-14/2026;Materias para escritorio, acondicionamento;Catálogo do Compras.gov.br;Material;8135;MATERIAIS A GRANEL PARA ACONDICIONAMENTO E EMBALAGEM;1346;PALETE;613955;ALTURA: 15, CAPACIDADE: CARGA ESTÁTICA 3.000KG, CARGA DINÂMICA 1.500 KG, COMPRIMENTO: 1200, COR: PRETA, LARGURA: 1000, MATERIAL: PLÁSTICO;UN;250,0000;174,3000;43575,0000;0,0000;31/12/2026
ERN - HOSPITAL DR JOSÉ PEDRO BEZERRA DE NATAL;925778;423;Material;925778-14/2026;Materias para escritorio, acondicionamento;Catálogo do Compras.gov.br;Material;8540;ARTIGOS DE PAPEL PARA HIGIENE;10383;PAPEL HIGIÊNICO;327844;CARACTERÍSTICAS ADICIONAIS: BIODEGRADÁVEL, COMPRIMENTO: 300, LARGURA: 10, MATERIAL: 100% FIBRAS CELULÓSICAS, TIPO: BOA QUALIDADE;FD;960,0000;10,8500;10416,0000;0,0000;31/12/2026
ERN - HOSPITAL DR JOSÉ PEDRO BEZERRA DE NATAL;925778;424;Material;925778-14/2026;Materias para escritorio, acondicionamento;Catálogo do Compras.gov.br;Material;8510;PERFUMES, ARTIGOS PARA TOALETE E TOUCADOR;14305;DESODORIZADOR SANITÁRIO;279248;ASPECTO FÍSICO: TABLETE SÓLIDO, COMPOSIÇÃO: PARADICLORO BENZENO-99%, ESSÊNCIA: EUCALIPTO;UN;960,0000;2,3000;2208,0000;0,0000;31/12/2026
ERN - HOSPITAL DR JOSÉ PEDRO BEZERRA DE NATAL;925778;425;Material;925778-14/2026;Materias para escritorio, acondicionamento;Catálogo do Compras.gov.br;Material;8105;SACOS E BOLSAS;11903;SACO PLÁSTICO LIXO;625955;ALTURA: 95, CAPACIDADE: 100, CARACTERÍSTICAS ADICIONAIS: INFECTANTE LEITOSO, COR: BRANCA, LARGURA: 90, MATERIAL: POLIETILENO ALTA DENSIDADE;PCT;9600,0000;96,0000;921600,0000;0,0000;31/12/2026
ERN - HOSPITAL DR JOSÉ PEDRO BEZERRA DE NATAL;925778;426;Material;925778-14/2026;Materias para escritorio, acondicionamento;Catálogo do Compras.gov.br;Material;8105;SACOS E BOLSAS;11903;SACO PLÁSTICO LIXO;470833;APLICAÇÃO: COLETA DE LIXO, CAPACIDADE: 100, COR: PRETA, MATERIAL: POLIETILENO;PCT;9600,0000;38,0000;364800,0000;0,0000;31/12/2026
ERN - HOSPITAL DR JOSÉ PEDRO BEZERRA DE NATAL;925778;427;Material;925778-14/2026;Materias para escritorio, acondicionamento;Catálogo do Compras.gov.br;Material;8105;SACOS E BOLSAS;11903;SACO PLÁSTICO LIXO;470832;APLICAÇÃO: COLETA DE LIXO, CAPACIDADE: 60, COR: PRETA, MATERIAL: POLIETILENO;PCT;4800,0000;42,0000;201600,0000;0,0000;31/12/2026
ERN - HOSPITAL DR JOSÉ PEDRO BEZERRA DE NATAL;925778;428;Material;925778-14/2026;Materias para escritorio, acondicionamento;Catálogo do Compras.gov.br;Material;8105;SACOS E BOLSAS;11903;SACO PLÁSTICO LIXO;615648;CAPACIDADE: 200, CARACTERÍSTICAS ADICIONAIS: 95X150 CM, COR: PRETA, ESPESSURA: 0.2O MM, MATERIAL: POLIPROPILENO;PCT;9600,0000;1,0000;9600,0000;0,0000;31/12/2026
ERN - HOSPITAL DR JOSÉ PEDRO BEZERRA DE NATAL;925778;429;Material;925778-14/2026;Materias para escritorio, acondicionamento;Catálogo do Compras.gov.br;Material;7510;ARTIGOS PARA ESCRITÓRIO;37;AGENDA;203564;COMPRIMENTO: 230, GRAMATURA: 75, LARGURA: 150, QUANTIDADE FOLHAS: 100, REVESTIMENTO CAPA: PLÁSTICO, TIPO: ANUAL, TIPO ENCADERNAÇÃO: COSTURADA;UN;60,0000;30,0000;1800,0000;0,0000;31/12/2026
ERN - HOSPITAL DR JOSÉ PEDRO BEZERRA DE NATAL;925778;430;Material;925778-14/2026;Materias para escritorio, acondicionamento;Catálogo do Compras.gov.br;Material;7510;ARTIGOS PARA ESCRITÓRIO;38;ALFINETE MAPA;316632;COR: VARIADA, MATERIAL: AÇO, MATERIAL CABEÇA: PLÁSTICO, FORMATO CABEÇA: REDONDO;CX;20,0000;2,5500;51,0000;0,0000;31/12/2026
ERN - HOSPITAL DR JOSÉ PEDRO BEZERRA DE NATAL;925778;431;Material;925778-14/2026;Materias para escritorio, acondicionamento;Catálogo do Compras.gov.br;Material;7520;ACESSÓRIOS E DISPOSITIVOS PARA ESCRITÓRIO;22;ALMOFADA CARIMBO;486056;COMPRIMENTO: 110, LARGURA: 70, MATERIAL ALMOFADA: ESPONJA ABSORVENTE, MATERIAL CAIXA: METAL;UN;60,0000;9,2000;552,0000;0,0000;31/12/2026
ERN - HOSPITAL DR JOSÉ PEDRO BEZERRA DE NATAL;925778;432;Material;925778-14/2026;Materias para escritorio, acondicionamento;Catálogo do Compras.gov.br;Material;7520;ACESSÓRIOS E DISPOSITIVOS PARA ESCRITÓRIO;279;APAGADOR QUADRO BRANCO;289329;COMPRIMENTO: 15, LARGURA: 6, MATERIAL BASE: FELTRO, MATERIAL CORPO: PLÁSTICO;UN;48,0000;15,0000;720,0000;0,0000;31/12/2026
ERN - HOSPITAL DR JOSÉ PEDRO BEZERRA DE NATAL;925778;433;Material;925778-14/2026;Materias para escritorio, acondicionamento;Catálogo do Compras.gov.br;Material;7520;ACESSÓRIOS E DISPOSITIVOS PARA ESCRITÓRIO;46;APONTADOR LÁPIS;287639;MATERIAL: PLÁSTICO, QUANTIDADE FUROS: 1, TAMANHO: PEQUENO, TIPO: ESCOLAR;CX;10,0000;6,0000;60,0000;0,0000;31/12/2026
ERN - HOSPITAL DR JOSÉ PEDRO BEZERRA DE NATAL;925778;434;Material;925778-14/2026;Materias para escritorio, acondicionamento;Catálogo do Compras.gov.br;Material;7540;FORMULÁRIOS PADRONIZADOS;346;BLOCO RECADO;335010;CARACTERÍSTICAS ADICIONAIS: AUTO-ADESIVO COM 1 CM, POST IT, COMPRIMENTO: 75, COR: AMARELA, LARGURA: 75, MATERIAL: PAPEL, QUANTIDADE FOLHAS: 100;BL;120,0000;4,0000;480,0000;0,0000;31/12/2026
ERN - HOSPITAL DR JOSÉ PEDRO BEZERRA DE NATAL;925778;435;Material;925778-14/2026;Materias para escritorio, acondicionamento;Catálogo do Compras.gov.br;Material;7540;FORMULÁRIOS PADRONIZADOS;346;BLOCO RECADO;447930;CARACTERÍSTICAS ADICIONAIS: AUTO-ADESIVO, REMOVÍVEL, POST-IT, COMPRIMENTO: 51, COR: AMARELA, LARGURA: 38, MATERIAL: PAPEL, QUANTIDADE FOLHAS: 100;BL;120,0000;3,8000;456,0000;0,0000;31/12/2026
ERN - HOSPITAL DR JOSÉ PEDRO BEZERRA DE NATAL;925778;436;Material;925778-14/2026;Materias para escritorio, acondicionamento;Catálogo do Compras.gov.br;Material;7540;FORMULÁRIOS PADRONIZADOS;346;BLOCO RECADO;249596;CARACTERÍSTICAS ADICIONAIS: AUTO-ADESIVO, COMPRIMENTO: 102, COR: AMARELA, LARGURA: 76, MATERIAL: CELULOSE VEGETAL, QUANTIDADE FOLHAS: 100, TIPO: REMOVÍVEL;BL;120,0000;3,5000;420,0000;0,0000;31/12/2026
ERN - HOSPITAL DR JOSÉ PEDRO BEZERRA DE NATAL;925778;437;Material;925778-14/2026;Materias para escritorio, acondicionamento;Catálogo do Compras.gov.br;Material;7510;ARTIGOS PARA ESCRITÓRIO;205;BORRACHA APAGADORA ESCRITA;486054;ALTURA: 8, APLICAÇÃO: PARA LÁPIS E TINTA, COMPRIMENTO: 53, LARGURA: 18, MATERIAL: BORRACHA, TIPO: MACIA;UN;240,0000;0,4500;108,0000;0,0000;31/12/2026
ERN - HOSPITAL DR JOSÉ PEDRO BEZERRA DE NATAL;925778;438;Material;925778-14/2026;Materias para escritorio, acondicionamento;Catálogo do Compras.gov.br;Material;7510;ARTIGOS PARA ESCRITÓRIO;205;BORRACHA APAGADORA ESCRITA;293121;APLICAÇÃO: LÁPIS E CANETA, COMPRIMENTO: 50, COR: AZUL E VERMELHA, LARGURA: 20, MATERIAL: BORRACHA;UN;240,0000;0,6000;144,0000;0,0000;31/12/2026
ERN - HOSPITAL DR JOSÉ PEDRO BEZERRA DE NATAL;925778;439;Material;925778-14/2026;Materias para escritorio, acondicionamento;Catálogo do Compras.gov.br;Material;7510;ARTIGOS PARA ESCRITÓRIO;205;BORRACHA APAGADORA ESCRITA;381339;ALTURA: 10, CARACTERÍSTICAS ADICIONAIS: CAPA PLÁSTICA PROTETORA, COMPRIMENTO: 53, COR: BRANCA, LARGURA: 31, MATERIAL: BORRACHA, TIPO: MACIA;UN;240,0000;1,9000;456,0000;0,0000;31/12/2026
ERN - HOSPITAL DR JOSÉ PEDRO BEZERRA DE NATAL;925778;440;Material;925778-14/2026;Materias para escritorio, acondicionamento;Catálogo do Compras.gov.br;Material;7510;ARTIGOS PARA ESCRITÓRIO;196;CADERNO;332976;CARACTERÍSTICAS ADICIONAIS: FOLHAS PAUTADAS E CAPA DURA, COMPRIMENTO: 275, LARGURA: 200, MATERIAL: CELULOSE VEGETAL, QUANTIDADE FOLHAS: 96;UN;48,0000;12,0000;576,0000;0,0000;31/12/2026
ERN - HOSPITAL DR JOSÉ PEDRO BEZERRA DE NATAL;925778;441;Material;925778-14/2026;Materias para escritorio, acondicionamento;Catálogo do Compras.gov.br;Material;7510;ARTIGOS PARA ESCRITÓRIO;19708;CAIXA ARQUIVO;462554;COR: COLORIDO, DIMENSÃO (C X L X A): 35,0 X 15,0 X 25,0, IMPRESSÃO: SEM IMPRESSÃO, MATERIAL: PLÁSTICO CORRUGADO;UN;1800,0000;2,5000;4500,0000;0,0000;31/12/2026
ERN - HOSPITAL DR JOSÉ PEDRO BEZERRA DE NATAL;925778;442;Material;925778-14/2026;Materias para escritorio, acondicionamento;Catálogo do Compras.gov.br;Material;7510;ARTIGOS PARA ESCRITÓRIO;19708;CAIXA ARQUIVO;459416;CARACTERÍSTICAS ADICIONAIS: COM TRAVA, COR: PARDO, DIMENSÃO (C X L X A): 38,0 X 17,0 X 29,0, IMPRESSÃO: PADRÃO, MATERIAL: PLÁSTICO CORRUGADO;UN;1800,0000;2,3000;4140,0000;0,0000;31/12/2026
ERN - HOSPITAL DR JOSÉ PEDRO BEZERRA DE NATAL;925778;443;Material;925778-14/2026;Materias para escritorio, acondicionamento;Catálogo do Compras.gov.br;Material;7520;ACESSÓRIOS E DISPOSITIVOS PARA ESCRITÓRIO;280;CAIXA CORRESPONDÊNCIA;266286;ALTURA: 210, CARACTERÍSTICAS ADICIONAIS: FIXA, COMPRIMENTO: 370, COR: INCOLOR, LARGURA: 255, MATERIAL: ACRÍLICO, TIPO: TRIPLA;UN;36,0000;35,0000;1260,0000;0,0000;31/12/2026
ERN - HOSPITAL DR JOSÉ PEDRO BEZERRA DE NATAL;925778;444;Material;925778-14/2026;Materias para escritorio, acondicionamento;Catálogo do Compras.gov.br;Material;7510;ARTIGOS PARA ESCRITÓRIO;99;CANETA ESFEROGRÁFICA;306569;CARACTERÍSTICAS ADICIONAIS: CORPO SEXTAVADO, COR TINTA: AZUL, MATERIAL: PLÁSTICO CRISTAL, MATERIAL PONTA: METÁLICA COM ESFERA DE TUNGSTÊNIO, TIPO ESCRITA: MÉDIA;UN;3000,0000;0,8800;2640,0000;0,0000;31/12/2026
ERN - HOSPITAL DR JOSÉ PEDRO BEZERRA DE NATAL;925778;445;Material;925778-14/2026;Materias para escritorio, acondicionamento;Catálogo do Compras.gov.br;Material;8540;ARTIGOS DE PAPEL PARA HIGIENE;10383;PAPEL HIGIÊNICO;391397;CARACTERÍSTICAS ADICIONAIS: SOLÚVEL EM ÁGUA, COR: BRANCA, LARGURA: 10, MATERIAL: CELULOSE VIRGEM;UN;960,0000;10,9000;10464,0000;0,0000;31/12/2026
ERN - HOSPITAL DR JOSÉ PEDRO BEZERRA DE NATAL;925778;446;Material;925778-14/2026;Materias para escritorio, acondicionamento;Catálogo do Compras.gov.br;Material;8540;ARTIGOS DE PAPEL PARA HIGIENE;10383;PAPEL HIGIÊNICO;364307;CARACTERÍSTICAS ADICIONAIS: FOLHA DUPLA SEM PERFUME, COR: EXTRA BRANCO, LARGURA: 10, MATERIAL: CELULOSE VEGETAL;PCT;960,0000;6,5000;6240,0000;0,0000;31/12/2026
ERN - HOSPITAL DR JOSÉ PEDRO BEZERRA DE NATAL;925778;447;Material;925778-14/2026;Materias para escritorio, acondicionamento;Catálogo do Compras.gov.br;Material;8540;ARTIGOS DE PAPEL PARA HIGIENE;10383;PAPEL HIGIÊNICO;224638;CARACTERÍSTICAS ADICIONAIS: COM PERFUME, COMPRIMENTO: 30, COR: BRANCA, LARGURA: 10, MATERIAL: CELULOSE VIRGEM, QUANTIDADE FOLHAS: DUPLA, TIPO: PICOTADO;FD;960,0000;75,6100;72585,6000;0,0000;31/12/2026
ERN - HOSPITAL DR JOSÉ PEDRO BEZERRA DE NATAL;925778;448;Material;925778-14/2026;Materias para escritorio, acondicionamento;Catálogo do Compras.gov.br;Material;7510;ARTIGOS PARA ESCRITÓRIO;99;CANETA ESFEROGRÁFICA;432816;CARACTERÍSTICAS ADICIONAIS: CORPO SEXTAVADO E TAMPA VENTIDADA, COR TINTA: PRETA, MATERIAL: ACRÍLICO TRANSPARENTE, MATERIAL PONTA: ESFERA DE TUNGSTÊNIO, QUANTIDADE CARGAS: 1, TIPO ESCRITA: FINA;UN;2400,0000;0,8800;2112,0000;0,0000;31/12/2026
ERN - HOSPITAL DR JOSÉ PEDRO BEZERRA DE NATAL;925778;449;Material;925778-14/2026;Materias para escritorio, acondicionamento;Catálogo do Compras.gov.br;Material;8540;ARTIGOS DE PAPEL PARA HIGIENE;12792;TOALHA DE PAPEL;440834;CARACTERÍSTICAS ADICIONAIS: ALTO GRAU DE ABSORÇÃO, COMPRIMENTO: 44, COR: BRANCA, LARGURA: 25, MATERIAL: CELULOSE (100% FIBRAS NATURAIS);BOB;100,0000;116,8500;11685,0000;0,0000;31/12/2026
ERN - HOSPITAL DR JOSÉ PEDRO BEZERRA DE NATAL;925778;450;Material;925778-14/2026;Materias para escritorio, acondicionamento;Catálogo do Compras.gov.br;Material;7510;ARTIGOS PARA ESCRITÓRIO;99;CANETA ESFEROGRÁFICA;335747;CARACTERÍSTICAS ADICIONAIS: TINTA BASE ÓLEO/GRIP EMBORRACHADA TRIANGULAR MACIA, COR TINTA: VERMELHA, MATERIAL: PLÁSTICO CRISTAL, MATERIAL PONTA: AÇO INOXIDÁVEL COM ESFERA DE TUNGSTÊNIO, QUANTIDADE CARGAS: 1, TIPO ESCRITA: FINA;UN;1200,0000;0,8800;1056,0000;0,0000;31/12/2026
ERN - HOSPITAL DR JOSÉ PEDRO BEZERRA DE NATAL;925778;451;Material;925778-14/2026;Materias para escritorio, acondicionamento;Catálogo do Compras.gov.br;Material;8540;ARTIGOS DE PAPEL PARA HIGIENE;12792;TOALHA DE PAPEL;436328;CARACTERÍSTICAS ADICIONAIS: INTERFOLHADA, COMPRIMENTO: 20, COR: BRANCA, LARGURA: 21, MATERIAL: 100% CELULOSE VIRGEM, TIPO FOLHA: 2 DOBRAS;FD;960,0000;18,4900;17750,4000;0,0000;31/12/2026
ERN - HOSPITAL DR JOSÉ PEDRO BEZERRA DE NATAL;925778;452;Material;925778-14/2026;Materias para escritorio, acondicionamento;Catálogo do Compras.gov.br;Material;7510;ARTIGOS PARA ESCRITÓRIO;18075;CANETA MARCA-TEXTO;339197;CARACTERÍSTICAS ADICIONAIS: TRAÇO 4 MM, COR: FLUORESCENTE AMARELA, MATERIAL: PLÁSTICO, TIPO PONTA: CHANFRADA;CX;50,0000;15,0000;750,0000;0,0000;31/12/2026
ERN - HOSPITAL DR JOSÉ PEDRO BEZERRA DE NATAL;925778;453;Material;925778-14/2026;Materias para escritorio, acondicionamento;Catálogo do Compras.gov.br;Material;7510;ARTIGOS PARA ESCRITÓRIO;18075;CANETA MARCA-TEXTO;335178;CARACTERÍSTICAS ADICIONAIS: TRAÇO 5 MM, COR: ROSA, MATERIAL: PLÁSTICO, TIPO PONTA: FLUORESCENTE;CX;50,0000;15,0000;750,0000;0,0000;31/12/2026
ERN - HOSPITAL DR JOSÉ PEDRO BEZERRA DE NATAL;925778;454;Material;925778-14/2026;Materias para escritorio, acondicionamento;Catálogo do Compras.gov.br;Material;8540;ARTIGOS DE PAPEL PARA HIGIENE;12792;TOALHA DE PAPEL;415258;COMPRIMENTO: 23, COR: BRANCA, LARGURA: 22,50, MATERIAL: PAPEL ALTA ALVURA, TIPO FOLHA: SIMPLES;FD;19200,0000;8,0000;153600,0000;0,0000;31/12/2026
ERN - HOSPITAL DR JOSÉ PEDRO BEZERRA DE NATAL;925778;455;Material;925778-14/2026;Materias para escritorio, acondicionamento;Catálogo do Compras.gov.br;Material;7510;ARTIGOS PARA ESCRITÓRIO;18075;CANETA MARCA-TEXTO;338917;CARACTERÍSTICAS ADICIONAIS: TRAÇO 2,5MM, COR: AZUL, MATERIAL: PLÁSTICO, TIPO: RECARREGÁVEL, TIPO PONTA: POROSA;CX;50,0000;15,0000;750,0000;0,0000;31/12/2026
ERN - HOSPITAL DR JOSÉ PEDRO BEZERRA DE NATAL;925778;456;Material;925778-14/2026;Materias para escritorio, acondicionamento;Catálogo do Compras.gov.br;Material;8540;ARTIGOS DE PAPEL PARA HIGIENE;12792;TOALHA DE PAPEL;415258;COMPRIMENTO: 23, COR: BRANCA, LARGURA: 22,50, MATERIAL: PAPEL ALTA ALVURA, TIPO FOLHA: SIMPLES;EMB;19200,0000;8,0000;153600,0000;0,0000;31/12/2026
ERN - HOSPITAL DR JOSÉ PEDRO BEZERRA DE NATAL;925778;457;Material;925778-14/2026;Materias para escritorio, acondicionamento;Catálogo do Compras.gov.br;Material;9310;PAPÉIS E PAPELÕES;172;CARTOLINA;401739;COMPRIMENTO: 660, COR: AMARELA, GRAMATURA: 180, LARGURA: 500, MATERIAL: CELULOSE VEGETAL;UN;120,0000;0,9000;108,0000;0,0000;31/12/2026
ERN - HOSPITAL DR JOSÉ PEDRO BEZERRA DE NATAL;925778;458;Material;925778-14/2026;Materias para escritorio, acondicionamento;Catálogo do Compras.gov.br;Material;9310;PAPÉIS E PAPELÕES;172;CARTOLINA;398740;COMPRIMENTO: 297, COR: AZUL CLARO, GRAMATURA: 180, LARGURA: 210, MATERIAL: CELULOSE VEGETAL;UN;120,0000;0,9000;108,0000;0,0000;31/12/2026
ERN - HOSPITAL DR JOSÉ PEDRO BEZERRA DE NATAL;925778;459;Material;925778-14/2026;Materias para escritorio, acondicionamento;Catálogo do Compras.gov.br;Material;9310;PAPÉIS E PAPELÕES;172;CARTOLINA;385512;CARACTERÍSTICAS ADICIONAIS: DUPLA FACE, COMPRIMENTO: 660, COR: AZUL, GRAMATURA: 180, LARGURA: 500, MATERIAL: CELULOSE VEGETAL;UN;120,0000;0,9000;108,0000;0,0000;31/12/2026
ERN - HOSPITAL DR JOSÉ PEDRO BEZERRA DE NATAL;925778;460;Material;925778-14/2026;Materias para escritorio, acondicionamento;Catálogo do Compras.gov.br;Material;9310;PAPÉIS E PAPELÕES;172;CARTOLINA;373130;COMPRIMENTO: 660, COR: ROSA, GRAMATURA: 180, LARGURA: 500, MATERIAL: CELULOSE VEGETAL;UN;120,0000;0,9000;108,0000;0,0000;31/12/2026
ERN - HOSPITAL DR JOSÉ PEDRO BEZERRA DE NATAL;925778;461;Material;925778-14/2026;Materias para escritorio, acondicionamento;Catálogo do Compras.gov.br;Material;9310;PAPÉIS E PAPELÕES;172;CARTOLINA;373130;COMPRIMENTO: 660, COR: ROSA, GRAMATURA: 180, LARGURA: 500, MATERIAL: CELULOSE VEGETAL;UN;120,0000;0,9000;108,0000;0,0000;31/12/2026
ERN - HOSPITAL DR JOSÉ PEDRO BEZERRA DE NATAL;925778;462;Material;925778-14/2026;Materias para escritorio, acondicionamento;Catálogo do Compras.gov.br;Material;9310;PAPÉIS E PAPELÕES;172;CARTOLINA;353380;CARACTERÍSTICAS ADICIONAIS: CARD SET, COMPRIMENTO: 730, COR: VERDE, GRAMATURA: 180, LARGURA: 550, MATERIAL: CELULOSE FIBRAS CURTAS BRANQUEADAS;UN;120,0000;0,9000;108,0000;0,0000;31/12/2026
ERN - HOSPITAL DR JOSÉ PEDRO BEZERRA DE NATAL;925778;463;Material;925778-14/2026;Materias para escritorio, acondicionamento;Catálogo do Compras.gov.br;Material;9310;PAPÉIS E PAPELÕES;172;CARTOLINA;319523;COMPRIMENTO: 675, COR: VERMELHA, GRAMATURA: 240, LARGURA: 480, MATERIAL: CELULOSE VEGETAL;UN;120,0000;0,9000;108,0000;0,0000;31/12/2026
ERN - HOSPITAL DR JOSÉ PEDRO BEZERRA DE NATAL;925778;464;Material;925778-14/2026;Materias para escritorio, acondicionamento;Catálogo do Compras.gov.br;Material;9310;PAPÉIS E PAPELÕES;172;CARTOLINA;302147;COMPRIMENTO: 960, COR: PRETA, GRAMATURA: 180, LARGURA: 660, MATERIAL: CELULOSE VEGETAL, TIPO: DUPLA FACE;UN;120,0000;0,9000;108,0000;0,0000;31/12/2026
ERN - HOSPITAL DR JOSÉ PEDRO BEZERRA DE NATAL;925778;465;Material;925778-14/2026;Materias para escritorio, acondicionamento;Catálogo do Compras.gov.br;Material;9310;PAPÉIS E PAPELÕES;172;CARTOLINA;290828;COMPRIMENTO: 660, COR: LARANJA, GRAMATURA: 240, LARGURA: 500, MATERIAL: CELULOSE VEGETAL;UN;120,0000;0,9000;108,0000;0,0000;31/12/2026
ERN - HOSPITAL DR JOSÉ PEDRO BEZERRA DE NATAL;925778;466;Material;925778-14/2026;Materias para escritorio, acondicionamento;Catálogo do Compras.gov.br;Material;9310;PAPÉIS E PAPELÕES;172;CARTOLINA;233530;COMPRIMENTO: 730, COR: VERDE MUSGO, GRAMATURA: 180, LARGURA: 550, MATERIAL: CELULOSE VEGETAL;UN;120,0000;0,9000;108,0000;0,0000;31/12/2026
ERN - HOSPITAL DR JOSÉ PEDRO BEZERRA DE NATAL;925778;467;Material;925778-14/2026;Materias para escritorio, acondicionamento;Catálogo do Compras.gov.br;Material;7540;FORMULÁRIOS PADRONIZADOS;75;PAPEL CARTOLINA;601408;COMPRIMENTO: 660, COR: BRANCA, GRAMATURA: 240, LARGURA: 500, MATERIAL: CELULOSE VEGETAL;UN;120,0000;2,3000;276,0000;0,0000;31/12/2026
ERN - HOSPITAL DR JOSÉ PEDRO BEZERRA DE NATAL;925778;468;Material;925778-14/2026;Materias para escritorio, acondicionamento;Catálogo do Compras.gov.br;Material;7540;FORMULÁRIOS PADRONIZADOS;75;PAPEL CARTOLINA;486138;COMPRIMENTO: 730, COR: AZUL CLARO, GRAMATURA: 240, LARGURA: 550, MATERIAL: CELULOSE VEGETAL;UN;120,0000;2,3000;276,0000;0,0000;31/12/2026
ERN - HOSPITAL DR JOSÉ PEDRO BEZERRA DE NATAL;925778;469;Material;925778-14/2026;Materias para escritorio, acondicionamento;Catálogo do Compras.gov.br;Material;7540;FORMULÁRIOS PADRONIZADOS;75;PAPEL CARTOLINA;486137;COMPRIMENTO: 675, COR: VERMELHA, GRAMATURA: 240, LARGURA: 480, MATERIAL: CELULOSE VEGETAL;UN;120,0000;2,3000;276,0000;0,0000;31/12/2026
ERN - HOSPITAL DR JOSÉ PEDRO BEZERRA DE NATAL;925778;470;Material;925778-14/2026;Materias para escritorio, acondicionamento;Catálogo do Compras.gov.br;Material;7540;FORMULÁRIOS PADRONIZADOS;75;PAPEL CARTOLINA;432835;CARACTERÍSTICAS ADICIONAIS: CERTIFICAÇÃO AMBIENTAL, COMPRIMENTO: 730, COR: AMARELA, GRAMATURA: 240, LARGURA: 550, MATERIAL: CELULOSE VEGETAL;UN;120,0000;2,3000;276,0000;0,0000;31/12/2026
ERN - HOSPITAL DR JOSÉ PEDRO BEZERRA DE NATAL;925778;471;Material;925778-14/2026;Materias para escritorio, acondicionamento;Catálogo do Compras.gov.br;Material;7510;ARTIGOS PARA ESCRITÓRIO;11;CLIPE;239819;FORMATO: PARALELO, MATERIAL: ARAME DE AÇO, TAMANHO: 4/0, TRATAMENTO SUPERFICIAL: NIQUELADO;CX;600,0000;2,0000;1200,0000;0,0000;31/12/2026
ERN - HOSPITAL DR JOSÉ PEDRO BEZERRA DE NATAL;925778;472;Material;925778-14/2026;Materias para escritorio, acondicionamento;Catálogo do Compras.gov.br;Material;7510;ARTIGOS PARA ESCRITÓRIO;11;CLIPE;256803;APLICAÇÃO: FIXAR PAPÉIS E SIMILARES, FORMATO: PARALELO, MATERIAL: ARAME DE AÇO, TAMANHO: 8/0, TRATAMENTO SUPERFICIAL: NIQUELADO;CX;300,0000;1,8000;540,0000;0,0000;31/12/2026
ERN - HOSPITAL DR JOSÉ PEDRO BEZERRA DE NATAL;925778;473;Material;925778-14/2026;Materias para escritorio, acondicionamento;Catálogo do Compras.gov.br;Material;7510;ARTIGOS PARA ESCRITÓRIO;13894;COLA;335527;APLICAÇÃO: ESCOLAR, CARACTERÍSTICAS ADICIONAIS: LAVÁVEL, NÃO TÓXICA, COMPOSIÇÃO: POLIVINIL ACETATO - PVA, COR: BRANCA, TIPO: LÍQUIDO;FR;100,0000;15,0000;1500,0000;0,0000;31/12/2026
ERN - HOSPITAL DR JOSÉ PEDRO BEZERRA DE NATAL;925778;474;Material;925778-14/2026;Materias para escritorio, acondicionamento;Catálogo do Compras.gov.br;Material;7510;ARTIGOS PARA ESCRITÓRIO;13894;COLA;390028;APLICAÇÃO: ESCOLAR, CARACTERÍSTICAS ADICIONAIS: LAVÁVEL E ATÓXICA, COMPOSIÇÃO: POLIVINIL ACETATO - PVA, COR: BRANCA, TIPO: PASTOSA;FR;24,0000;30,0000;720,0000;0,0000;31/12/2026
ERN - HOSPITAL DR JOSÉ PEDRO BEZERRA DE NATAL;925778;475;Material;925778-14/2026;Materias para escritorio, acondicionamento;Catálogo do Compras.gov.br;Material;8540;ARTIGOS DE PAPEL PARA HIGIENE;8122;GUARDANAPO DE PAPEL;304403;COMPRIMENTO: 20, COR: BRANCA, LARGURA: 20, MATERIAL: CELULOSE;PCT;15000,0000;1,0000;15000,0000;0,0000;31/12/2026
ERN - HOSPITAL DR JOSÉ PEDRO BEZERRA DE NATAL;925778;476;Material;925778-14/2026;Materias para escritorio, acondicionamento;Catálogo do Compras.gov.br;Material;8540;ARTIGOS DE PAPEL PARA HIGIENE;8122;GUARDANAPO DE PAPEL;338359;CARACTERÍSTICAS ADICIONAIS: ALTA CLASSE, COMPRIMENTO: 33, LARGURA: 30, MATERIAL: CELULOSE, TIPO FOLHAS: DUPLA;PCT;15000,0000;2,5000;37500,0000;0,0000;31/12/2026
ERN - HOSPITAL DR JOSÉ PEDRO BEZERRA DE NATAL;925778;477;Material;925778-14/2026;Materias para escritorio, acondicionamento;Catálogo do Compras.gov.br;Material;8540;ARTIGOS DE PAPEL PARA HIGIENE;8122;GUARDANAPO DE PAPEL;392703;COMPRIMENTO: 24, COR: BRANCA, LARGURA: 22, MATERIAL: CELULOSE, TIPO FOLHAS: SIMPLES;PCT;15000,0000;1,0000;15000,0000;0,0000;31/12/2026
ERN - HOSPITAL DR JOSÉ PEDRO BEZERRA DE NATAL;925778;478;Material;925778-14/2026;Materias para escritorio, acondicionamento;Catálogo do Compras.gov.br;Material;7510;ARTIGOS PARA ESCRITÓRIO;13894;COLA;413297;COMPOSIÇÃO: RESINA, CATALISADOR E CALCÁRIO, COR: INCOLOR, TIPO: LÍQUIDA;BIS;50,0000;11,0000;550,0000;0,0000;31/12/2026
ERN - HOSPITAL DR JOSÉ PEDRO BEZERRA DE NATAL;925778;479;Material;925778-14/2026;Materias para escritorio, acondicionamento;Catálogo do Compras.gov.br;Material;7510;ARTIGOS PARA ESCRITÓRIO;33;COLCHETE FIXAÇÃO;278607;MATERIAL: AÇO, TAMANHO: Nº 6, TRATAMENTO SUPERFICIAL: LATONADO;CX;100,0000;6,0000;600,0000;0,0000;31/12/2026
ERN - HOSPITAL DR JOSÉ PEDRO BEZERRA DE NATAL;925778;480;Material;925778-14/2026;Materias para escritorio, acondicionamento;Catálogo do Compras.gov.br;Material;7510;ARTIGOS PARA ESCRITÓRIO;33;COLCHETE FIXAÇÃO;279430;MATERIAL: AÇO, TAMANHO: Nº 08, TRATAMENTO SUPERFICIAL: LATONADO;CX;100,0000;7,0000;700,0000;0,0000;31/12/2026
ERN - HOSPITAL DR JOSÉ PEDRO BEZERRA DE NATAL;925778;481;Material;925778-14/2026;Materias para escritorio, acondicionamento;Catálogo do Compras.gov.br;Material;7510;ARTIGOS PARA ESCRITÓRIO;33;COLCHETE FIXAÇÃO;278610;MATERIAL: AÇO, TAMANHO: Nº 10, TRATAMENTO SUPERFICIAL: LATONADO;CX;100,0000;8,5000;850,0000;0,0000;31/12/2026
ERN - HOSPITAL DR JOSÉ PEDRO BEZERRA DE NATAL;925778;482;Material;925778-14/2026;Materias para escritorio, acondicionamento;Catálogo do Compras.gov.br;Material;7510;ARTIGOS PARA ESCRITÓRIO;33;COLCHETE FIXAÇÃO;278611;MATERIAL: AÇO, TAMANHO: Nº 12, TRATAMENTO SUPERFICIAL: LATONADO;CX;100,0000;9,0000;900,0000;0,0000;31/12/2026
ERN - HOSPITAL DR JOSÉ PEDRO BEZERRA DE NATAL;925778;483;Material;925778-14/2026;Materias para escritorio, acondicionamento;Catálogo do Compras.gov.br;Material;7510;ARTIGOS PARA ESCRITÓRIO;33;COLCHETE FIXAÇÃO;278612;MATERIAL: AÇO, TAMANHO: Nº 14, TRATAMENTO SUPERFICIAL: LATONADO;CX;100,0000;9,0000;900,0000;0,0000;31/12/2026
ERN - HOSPITAL DR JOSÉ PEDRO BEZERRA DE NATAL;925778;485;Material;925778-14/2026;Materias para escritorio, acondicionamento;Catálogo do Compras.gov.br;Material;7510;ARTIGOS PARA ESCRITÓRIO;15014;CORRETIVO FITA;302880;APLICAÇÃO: APAGAR CANETA ESFEROGRÁFICA, COMPRIMENTO: 6, LARGURA: 5, MATERIAL: BASE DE POLIACRILATO;UN;240,0000;5,0000;1200,0000;0,0000;31/12/2026
ERN - HOSPITAL DR JOSÉ PEDRO BEZERRA DE NATAL;925778;486;Material;925778-14/2026;Materias para escritorio, acondicionamento;Catálogo do Compras.gov.br;Material;7510;ARTIGOS PARA ESCRITÓRIO;18;CORRETIVO LÍQUIDO;292776;APLICAÇÃO: PAPEL COMUM, CARACTERÍSTICAS ADICIONAIS: ATÓXICO E LAVÁVEL, MATERIAL: BASE D'ÁGUA, PIGMENTOS BRANCOS E RESINA SINTÉTICA, APRESENTAÇÃO: FRASCO, VOLUME: 18;UN;360,0000;2,5000;900,0000;0,0000;31/12/2026
ERN - HOSPITAL DR JOSÉ PEDRO BEZERRA DE NATAL;925778;487;Material;925778-14/2026;Materias para escritorio, acondicionamento;Catálogo do Compras.gov.br;Material;7510;ARTIGOS PARA ESCRITÓRIO;32;CINTA ELÁSTICA;401408;APLICAÇÃO: ORGANIZAÇÃO MATERIAL EXPEDIENTE, COR: AMARELA, MATERIAL: BORRACHA, TAMANHO: 18;PCT;240,0000;15,0000;3600,0000;0,0000;31/12/2026
ERN - HOSPITAL DR JOSÉ PEDRO BEZERRA DE NATAL;925778;488;Material;925778-14/2026;Materias para escritorio, acondicionamento;Catálogo do Compras.gov.br;Material;7510;ARTIGOS PARA ESCRITÓRIO;19705;ENVELOPE;467021;COR: OURO, GRAMATURA: 80, MATERIAL: KRAFT, MODELO: SACO PADRÃO, TAMANHO (C X L): 240 X 340;UN;1000,0000;0,7500;750,0000;0,0000;31/12/2026
ERN - HOSPITAL DR JOSÉ PEDRO BEZERRA DE NATAL;925778;489;Material;925778-14/2026;Materias para escritorio, acondicionamento;Catálogo do Compras.gov.br;Material;7510;ARTIGOS PARA ESCRITÓRIO;19705;ENVELOPE;459324;COR: PARDA, GRAMATURA: 75, MATERIAL: APERGAMINHADO, MODELO: SACO PADRÃO, TAMANHO (C X L): 240 X 340;UN;1000,0000;0,7500;750,0000;0,0000;31/12/2026
ERN - HOSPITAL DR JOSÉ PEDRO BEZERRA DE NATAL;925778;490;Material;925778-14/2026;Materias para escritorio, acondicionamento;Catálogo do Compras.gov.br;Material;7510;ARTIGOS PARA ESCRITÓRIO;19705;ENVELOPE;467021;COR: OURO, GRAMATURA: 80, MATERIAL: KRAFT, MODELO: SACO PADRÃO, TAMANHO (C X L): 240 X 340;UN;1000,0000;0,7500;750,0000;0,0000;31/12/2026
ERN - HOSPITAL DR JOSÉ PEDRO BEZERRA DE NATAL;925778;491;Material;925778-14/2026;Materias para escritorio, acondicionamento;Catálogo do Compras.gov.br;Material;7520;ACESSÓRIOS E DISPOSITIVOS PARA ESCRITÓRIO;1499;ESTILETE;326848;CARACTERÍSTICAS ADICIONAIS: LÂMINA AÇO C/ TRATAMENTO SUPERFICIAL GALVANIZADO, ESPESSURA: 18, MATERIAL CORPO: PLÁSTICO, TIPO: LARGO, TIPO FIXAÇÃO LÂMINA: ENCAIXE POR PRESSÃO;UN;120,0000;2,5000;300,0000;0,0000;31/12/2026
ERN - HOSPITAL DR JOSÉ PEDRO BEZERRA DE NATAL;925778;492;Material;925778-14/2026;Materias para escritorio, acondicionamento;Catálogo do Compras.gov.br;Material;7520;ACESSÓRIOS E DISPOSITIVOS PARA ESCRITÓRIO;1499;ESTILETE;471415;CARACTERÍSTICAS ADICIONAIS: LÂMINA DE AÇO CARBONO, ESPESSURA: 9, MATERIAL CORPO: POLIPROPILENO, TIPO: ESTREITO;UN;120,0000;1,5000;180,0000;0,0000;31/12/2026
ERN - HOSPITAL DR JOSÉ PEDRO BEZERRA DE NATAL;925778;493;Material;925778-14/2026;Materias para escritorio, acondicionamento;Catálogo do Compras.gov.br;Material;7510;ARTIGOS PARA ESCRITÓRIO;21;ETIQUETA ADESIVA;311119;ALTURA: 12,70, APLICAÇÃO: IMPRESSORA LASER, CARACTERÍSTICAS ADICIONAIS 1: COM 80 ETIQUETAS EM 100 FOLHAS, TAMANHO A4, COR: BRANCA, LARGURA: 44,45, MATERIAL: PAPEL;CX;240,0000;180,0000;43200,0000;0,0000;31/12/2026
ERN - HOSPITAL DR JOSÉ PEDRO BEZERRA DE NATAL;925778;494;Material;925778-14/2026;Materias para escritorio, acondicionamento;Catálogo do Compras.gov.br;Material;7520;ACESSÓRIOS E DISPOSITIVOS PARA ESCRITÓRIO;18066;EXTRATOR GRAMPO;429012;CARACTERÍSTICAS ADICIONAIS: PRENSADO A FRIO, ESPESSURA: 1MM, COMPRIMENTO: 150, LARGURA: 15, MATERIAL: AÇO INOXIDÁVEL, TIPO: ESPÁTULA, TRATAMENTO SUPERFICIAL: CROMADO;UN;120,0000;2,5000;300,0000;0,0000;31/12/2026
ERN - HOSPITAL DR JOSÉ PEDRO BEZERRA DE NATAL;925778;495;Material;925778-14/2026;Materias para escritorio, acondicionamento;Catálogo do Compras.gov.br;Material;7510;ARTIGOS PARA ESCRITÓRIO;18071;FITA ADESIVA;323863;APLICAÇÃO: MULTIUSO, COMPRIMENTO: 50, COR: BEGE, LARGURA: 24, MATERIAL: CREPE, TIPO: MONOFACE;RO;240,0000;25,0000;6000,0000;0,0000;31/12/2026
ERN - HOSPITAL DR JOSÉ PEDRO BEZERRA DE NATAL;925778;496;Material;925778-14/2026;Materias para escritorio, acondicionamento;Catálogo do Compras.gov.br;Material;7510;ARTIGOS PARA ESCRITÓRIO;18071;FITA ADESIVA;463261;APLICAÇÃO: EMPACOTAMENTO, COMPRIMENTO: 45, COR: MARROM, LARGURA: 45, MATERIAL: ACETATO, TIPO: MONOFACE;RO;240,0000;15,0000;3600,0000;0,0000;31/12/2026
ERN - HOSPITAL DR JOSÉ PEDRO BEZERRA DE NATAL;925778;497;Material;925778-14/2026;Materias para escritorio, acondicionamento;Catálogo do Compras.gov.br;Material;7510;ARTIGOS PARA ESCRITÓRIO;18071;FITA ADESIVA;461799;APLICAÇÃO: MULTIUSO, COMPRIMENTO: 50, COR: VERMELHA, LARGURA: 50, MATERIAL: CREPE, TIPO: MONOFACE;RO;50,0000;15,0000;750,0000;0,0000;31/12/2026
ERN - HOSPITAL DR JOSÉ PEDRO BEZERRA DE NATAL;925778;498;Material;925778-14/2026;Materias para escritorio, acondicionamento;Catálogo do Compras.gov.br;Material;7510;ARTIGOS PARA ESCRITÓRIO;18071;FITA ADESIVA;461796;APLICAÇÃO: MULTIUSO, COMPRIMENTO: 50, COR: AZUL, LARGURA: 50, MATERIAL: CREPE, TIPO: MONOFACE;RO;50,0000;15,0000;750,0000;0,0000;31/12/2026
ERN - HOSPITAL DR JOSÉ PEDRO BEZERRA DE NATAL;925778;499;Material;925778-14/2026;Materias para escritorio, acondicionamento;Catálogo do Compras.gov.br;Material;7510;ARTIGOS PARA ESCRITÓRIO;18071;FITA ADESIVA;461794;APLICAÇÃO: MULTIUSO, COMPRIMENTO: 50, COR: AMARELA, LARGURA: 50, MATERIAL: CREPE, TIPO: MONOFACE;RO;50,0000;15,0000;750,0000;0,0000;31/12/2026
ERN - HOSPITAL DR JOSÉ PEDRO BEZERRA DE NATAL;925778;500;Material;925778-14/2026;Materias para escritorio, acondicionamento;Catálogo do Compras.gov.br;Material;7510;ARTIGOS PARA ESCRITÓRIO;18071;FITA ADESIVA;445375;APLICAÇÃO: EMPACOTAMENTO, COMPRIMENTO: 50, LARGURA: 50, MATERIAL: POLIPROPILENO, TIPO: TRANSPARENTE;RO;240,0000;15,0000;3600,0000;0,0000;31/12/2026
ERN - HOSPITAL DR JOSÉ PEDRO BEZERRA DE NATAL;925778;501;Material;925778-14/2026;Materias para escritorio, acondicionamento;Catálogo do Compras.gov.br;Material;7510;ARTIGOS PARA ESCRITÓRIO;7613;FITILHO;293848;COR: CINZA, MATERIAL: PLÁSTICO, PESO: 1.000;RO;120,0000;8,0000;960,0000;0,0000;31/12/2026
ERN - HOSPITAL DR JOSÉ PEDRO BEZERRA DE NATAL;925778;502;Material;925778-14/2026;Materias para escritorio, acondicionamento;Catálogo do Compras.gov.br;Material;7520;ACESSÓRIOS E DISPOSITIVOS PARA ESCRITÓRIO;27;GRAMPEADOR;438601;CAPACIDADE: 30, CARACTERÍSTICAS ADICIONAIS: APOIO EMBORRACHADO, MATERIAL: METAL, TAMANHO GRAMPO: 26/6, TIPO: ALICATE;UN;48,0000;68,0000;3264,0000;0,0000;31/12/2026
ERN - HOSPITAL DR JOSÉ PEDRO BEZERRA DE NATAL;925778;503;Material;925778-14/2026;Materias para escritorio, acondicionamento;Catálogo do Compras.gov.br;Material;7520;ACESSÓRIOS E DISPOSITIVOS PARA ESCRITÓRIO;27;GRAMPEADOR;410442;CAPACIDADE: ATÉ 100, MATERIAL: METAL, TAMANHO GRAMPO: 23/6, 23/8, 23/10, E 23/13, TIPO: MESA;UN;50,0000;83,0000;4150,0000;0,0000;31/12/2026
ERN - HOSPITAL DR JOSÉ PEDRO BEZERRA DE NATAL;925778;504;Material;925778-14/2026;Materias para escritorio, acondicionamento;Catálogo do Compras.gov.br;Material;7510;ARTIGOS PARA ESCRITÓRIO;28;GRAMPO GRAMPEADOR;609330;MATERIAL: METAL, TAMANHO: 106/8, TRATAMENTO SUPERFICIAL: GALVANIZADO, USO: GRAMPEADOR;CX;10,0000;30,0000;300,0000;0,0000;31/12/2026
ERN - HOSPITAL DR JOSÉ PEDRO BEZERRA DE NATAL;925778;505;Material;925778-14/2026;Materias para escritorio, acondicionamento;Catálogo do Compras.gov.br;Material;7510;ARTIGOS PARA ESCRITÓRIO;28;GRAMPO GRAMPEADOR;203144;MATERIAL: METAL, TAMANHO: 26/6, TRATAMENTO SUPERFICIAL: GALVANIZADO;CX;120,0000;5,0000;600,0000;0,0000;31/12/2026
ERN - HOSPITAL DR JOSÉ PEDRO BEZERRA DE NATAL;925778;506;Material;925778-14/2026;Materias para escritorio, acondicionamento;Catálogo do Compras.gov.br;Material;7510;ARTIGOS PARA ESCRITÓRIO;28;GRAMPO GRAMPEADOR;203146;MATERIAL: METAL, TAMANHO: 9/14, TRATAMENTO SUPERFICIAL: GALVANIZADO;CX;48,0000;45,0000;2160,0000;0,0000;31/12/2026
ERN - HOSPITAL DR JOSÉ PEDRO BEZERRA DE NATAL;925778;507;Material;925778-14/2026;Materias para escritorio, acondicionamento;Catálogo do Compras.gov.br;Material;7520;ACESSÓRIOS E DISPOSITIVOS PARA ESCRITÓRIO;15543;LÂMINA ESTILETE;321724;LARGURA: 9, MATERIAL: AÇO, TIPO USO: DESCARTÁVEL;EMB;20,0000;3,9000;78,0000;0,0000;31/12/2026
ERN - HOSPITAL DR JOSÉ PEDRO BEZERRA DE NATAL;925778;508;Material;925778-14/2026;Materias para escritorio, acondicionamento;Catálogo do Compras.gov.br;Material;7520;ACESSÓRIOS E DISPOSITIVOS PARA ESCRITÓRIO;15543;LÂMINA ESTILETE;427106;COMPRIMENTO: 100, LARGURA: 18, MATERIAL: AÇO CARBONO;EMB;20,0000;20,0000;400,0000;0,0000;31/12/2026
ERN - HOSPITAL DR JOSÉ PEDRO BEZERRA DE NATAL;925778;509;Material;925778-14/2026;Materias para escritorio, acondicionamento;Catálogo do Compras.gov.br;Material;7510;ARTIGOS PARA ESCRITÓRIO;15;LÁPIS BORRACHA;225570;APLICAÇÃO: TINTA/GRAFITE, COMPRIMENTO TOTAL: 175, DIÂMETRO CARGA: 4, DIÂMETRO CORPO: 8, FORMATO CORPO: CILÍNDRICO, MATERIAL: MADEIRA;UN;60,0000;8,9000;534,0000;0,0000;31/12/2026
ERN - HOSPITAL DR JOSÉ PEDRO BEZERRA DE NATAL;925778;510;Material;925778-14/2026;Materias para escritorio, acondicionamento;Catálogo do Compras.gov.br;Material;7510;ARTIGOS PARA ESCRITÓRIO;12;LÁPIS PRETO;333316;CARACTERÍSTICAS ADICIONAIS: ENVERNIZADO E APONTADO, DUREZA CARGA: HB, FORMATO CORPO: SEXTAVADO, MATERIAL CARGA: GRAFITE Nº 2, MATERIAL CORPO: MADEIRA;CX;10,0000;72,0000;720,0000;0,0000;31/12/2026
ERN - HOSPITAL DR JOSÉ PEDRO BEZERRA DE NATAL;925778;511;Material;925778-14/2026;Materias para escritorio, acondicionamento;Catálogo do Compras.gov.br;Material;7510;ARTIGOS PARA ESCRITÓRIO;12;LÁPIS PRETO;272345;CARACTERÍSTICAS ADICIONAIS: COM BORRACHA APAGADORA, DIÂMETRO CARGA: 2, DUREZA CARGA: 2B, MATERIAL CARGA: GRAFITE, MATERIAL CORPO: MADEIRA;CX;10,0000;8,0000;80,0000;0,0000;31/12/2026
ERN - HOSPITAL DR JOSÉ PEDRO BEZERRA DE NATAL;925778;512;Material;925778-14/2026;Materias para escritorio, acondicionamento;Catálogo do Compras.gov.br;Material;7510;ARTIGOS PARA ESCRITÓRIO;32;CINTA ELÁSTICA;339215;APLICAÇÃO: UNIR PROCESSOS, COR: AMARELA, FORMA: CIRCULAR, MATERIAL: BORRACHA, TAMANHO: 18;PCT;24,0000;30,0000;720,0000;0,0000;31/12/2026
ERN - HOSPITAL DR JOSÉ PEDRO BEZERRA DE NATAL;925778;513;Material;925778-14/2026;Materias para escritorio, acondicionamento;Catálogo do Compras.gov.br;Material;7540;FORMULÁRIOS PADRONIZADOS;200;LIVRO ATA;424373;CARACTERÍSTICAS ADICIONAIS: CAPA DURA/NUMERADO/SEM MARGENS, COMPRIMENTO: 298, GRAMATURA: 56, LARGURA: 203, MATERIAL: PAPEL ALTA ALVURA, QUANTIDADE FOLHAS: 100;UN;240,0000;20,0000;4800,0000;0,0000;31/12/2026
ERN - HOSPITAL DR JOSÉ PEDRO BEZERRA DE NATAL;925778;514;Material;925778-14/2026;Materias para escritorio, acondicionamento;Catálogo do Compras.gov.br;Material;7540;FORMULÁRIOS PADRONIZADOS;200;LIVRO ATA;357412;CARACTERÍSTICAS ADICIONAIS: CAPA DE PAPELÃO PLASTIFICADO 700 G/M2 PRETA, COMPRIMENTO: 300, GRAMATURA: 56, LARGURA: 205, MATERIAL: PAPEL OFF-SET, QUANTIDADE FOLHAS: 200;UN;240,0000;75,0000;18000,0000;0,0000;31/12/2026
ERN - HOSPITAL DR JOSÉ PEDRO BEZERRA DE NATAL;925778;515;Material;925778-14/2026;Materias para escritorio, acondicionamento;Catálogo do Compras.gov.br;Material;7540;FORMULÁRIOS PADRONIZADOS;201;LIVRO PROTOCOLO;248739;CARACTERÍSTICAS ADICIONAIS: COM FOLHAS PAUTADAS E NUMERADAS SEQÜENCIALMENTE, COMPRIMENTO: 216, GRAMATURA FOLHAS: 54, LARGURA: 153, MATERIAL CAPA: PAPELÃO, QUANTIDADE FOLHAS: 104, TIPO CAPA: DURA, MATERIAL: PAPEL OFF-SET;UN;120,0000;17,0000;2040,0000;0,0000;31/12/2026
ERN - HOSPITAL DR JOSÉ PEDRO BEZERRA DE NATAL;925778;516;Material;925778-14/2026;Materias para escritorio, acondicionamento;Catálogo do Compras.gov.br;Material;7520;ACESSÓRIOS E DISPOSITIVOS PARA ESCRITÓRIO;114;MOLHA-DEDOS;201847;MATERIAL BASE: PLÁSTICO, MATERIAL CARGA: CREME ATÓXICO, MATERIAL TAMPA: PLÁSTICO, TAMANHO: ÚNICO, VALIDADE CARGA: 2 ANOS;UN;100,0000;2,2500;225,0000;0,0000;31/12/2026
ERN - HOSPITAL DR JOSÉ PEDRO BEZERRA DE NATAL;925778;517;Material;925778-14/2026;Materias para escritorio, acondicionamento;Catálogo do Compras.gov.br;Material;9310;PAPÉIS E PAPELÕES;19746;PAPEL PARA IMPRESSÃO FORMATADO;461819;COR: BRANCO, GRAMATURA: 75, TAMANHO (C X L): 297 X 210, TIPO: SULFITE/APERGAMINHADO/OFÍCIO;EMB;3000,0000;29,0000;87000,0000;0,0000;31/12/2026
ERN - HOSPITAL DR JOSÉ PEDRO BEZERRA DE NATAL;925778;518;Material;925778-14/2026;Materias para escritorio, acondicionamento;Catálogo do Compras.gov.br;Material;7510;ARTIGOS PARA ESCRITÓRIO;26;PAPEL CARBONO;326826;APLICAÇÃO: ESCRITA MANUAL, COMPRIMENTO: 297, COR: PRETA, LARGURA: 210, MATERIAL: PAPEL, TIPO: MONOFACE;CX;30,0000;345,0000;10350,0000;0,0000;31/12/2026
ERN - HOSPITAL DR JOSÉ PEDRO BEZERRA DE NATAL;925778;797;Material;925778-11/2026;Materiais para manutenção;Catálogo do Compras.gov.br;Material;5340;FERRAGENS DIVERSAS;566;FECHADURA;354740;ACABAMENTO SUPERFICIAL: CROMADO, APLICAÇÃO: PORTA, CARACTERÍSTICAS ADICIONAIS: MAÇANETA TIPO ALAVANCA, COMPONENTES: 2 CHAVES EM LATÃO NIQUELADO, MATERIAL CAIXA: AÇO, TIPO: INTERNA/EXTERNA;UN;50,0000;49,0000;2450,0000;0,0000;31/12/2026
ERN - HOSPITAL DR JOSÉ PEDRO BEZERRA DE NATAL;925778;798;Material;925778-11/2026;Materiais para manutenção;Catálogo do Compras.gov.br;Material;5340;FERRAGENS DIVERSAS;13880;DOBRADIÇA;441347;MATERIAL: AÇO GALVANIZADO, TAMANHO: 2 1/2 X 3, TIPO PINO: SOLTO;UN;60,0000;15,0000;900,0000;0,0000;31/12/2026
ERN - HOSPITAL DR JOSÉ PEDRO BEZERRA DE NATAL;925778;799;Material;925778-11/2026;Materiais para manutenção;Catálogo do Compras.gov.br;Material;5350;MATERIAIS ABRASIVOS;585;LIXA;231506;APRESENTAÇÃO: FOLHA, COMPRIMENTO: 275, LARGURA: 225, MATERIAL: ÓXIDO ALUMÍNIO, TIPO: LIXA FERRO, TIPO GRÃO: 50;UN;50,0000;3,2000;160,0000;0,0000;31/12/2026
ERN - HOSPITAL DR JOSÉ PEDRO BEZERRA DE NATAL;925778;800;Material;925778-11/2026;Materiais para manutenção;Catálogo do Compras.gov.br;Material;5350;MATERIAIS ABRASIVOS;585;LIXA;231507;APRESENTAÇÃO: FOLHA, COMPRIMENTO: 275, LARGURA: 225, MATERIAL: ÓXIDO ALUMÍNIO, TIPO: LIXA FERRO, TIPO GRÃO: 100;UN;100,0000;3,5000;350,0000;0,0000;31/12/2026
ERN - HOSPITAL DR JOSÉ PEDRO BEZERRA DE NATAL;925778;519;Material;925778-14/2026;Materias para escritorio, acondicionamento;Catálogo do Compras.gov.br;Material;9310;PAPÉIS E PAPELÕES;145;PAPEL CARTÃO;255142;CARACTERÍSTICAS ADICIONAIS: OFF-SET, COMPRIMENTO: 297, COR: BRANCA, GRAMATURA: 120, LARGURA: 210, MATERIAL: PAPEL ALCALINO;PCT;20,0000;67,0000;1340,0000;0,0000;31/12/2026
ERN - HOSPITAL DR JOSÉ PEDRO BEZERRA DE NATAL;925778;520;Material;925778-14/2026;Materias para escritorio, acondicionamento;Catálogo do Compras.gov.br;Material;9310;PAPÉIS E PAPELÕES;145;PAPEL CARTÃO;255141;CARACTERÍSTICAS ADICIONAIS: OFF-SET, COMPRIMENTO: 297, COR: VERDE, GRAMATURA: 120, LARGURA: 210, MATERIAL: PAPEL ALCALINO;PCT;20,0000;67,0000;1340,0000;0,0000;31/12/2026
ERN - HOSPITAL DR JOSÉ PEDRO BEZERRA DE NATAL;925778;521;Material;925778-14/2026;Materias para escritorio, acondicionamento;Catálogo do Compras.gov.br;Material;9310;PAPÉIS E PAPELÕES;145;PAPEL CARTÃO;255110;CARACTERÍSTICAS ADICIONAIS: OFF-SET, COMPRIMENTO: 297, COR: AMARELA, GRAMATURA: 120, LARGURA: 210, MATERIAL: PAPEL ALCALINO;PCT;20,0000;67,0000;1340,0000;0,0000;31/12/2026
ERN - HOSPITAL DR JOSÉ PEDRO BEZERRA DE NATAL;925778;522;Material;925778-14/2026;Materias para escritorio, acondicionamento;Catálogo do Compras.gov.br;Material;7510;ARTIGOS PARA ESCRITÓRIO;74;PAPEL AUTO-ADESIVO;300701;COR: INCOLOR, LARGURA: 450, MATERIAL: PLÁSTICO, TIPO: CONTACT;RO;20,0000;30,0000;600,0000;0,0000;31/12/2026
ERN - HOSPITAL DR JOSÉ PEDRO BEZERRA DE NATAL;925778;523;Material;925778-14/2026;Materias para escritorio, acondicionamento;Catálogo do Compras.gov.br;Material;7510;ARTIGOS PARA ESCRITÓRIO;20;PASTA ARQUIVO;262641;APLICAÇÃO: ARQUIVO, LOMBADA: ESTREITA, MATERIAL: CARTÃO PRENSADO PLASTIFICADO, TIPO: AZ, TAMANHO: OFÍCIO;UN;120,0000;15,5000;1860,0000;0,0000;31/12/2026
ERN - HOSPITAL DR JOSÉ PEDRO BEZERRA DE NATAL;925778;524;Material;925778-14/2026;Materias para escritorio, acondicionamento;Catálogo do Compras.gov.br;Material;7510;ARTIGOS PARA ESCRITÓRIO;20;PASTA ARQUIVO;402797;ALTURA: 335, CAPACIDADE: 100 SACOS PLÁSTICOS, CARACTERÍSTICAS ADICIONAIS 2: PRENDEDOR INTERNO, COR: PRETA, LARGURA: 245, MATERIAL: PAPELÃO REVESTIDO DE PVC, TIPO: CATÁLOGO;UN;100,0000;19,2900;1929,0000;0,0000;31/12/2026
ERN - HOSPITAL DR JOSÉ PEDRO BEZERRA DE NATAL;925778;525;Material;925778-14/2026;Materias para escritorio, acondicionamento;Catálogo do Compras.gov.br;Material;7510;ARTIGOS PARA ESCRITÓRIO;20;PASTA ARQUIVO;451551;ALTURA: 440, APLICAÇÃO: ARQUIVO DE DOCUMENTO, CARACTERÍSTICAS ADICIONAIS: TRANSPARENTE, LARGURA: 310, MATERIAL: POLIPROPILENO, TIPO:  L;UN;1000,0000;0,6000;600,0000;0,0000;31/12/2026
ERN - HOSPITAL DR JOSÉ PEDRO BEZERRA DE NATAL;925778;526;Material;925778-14/2026;Materias para escritorio, acondicionamento;Catálogo do Compras.gov.br;Material;7510;ARTIGOS PARA ESCRITÓRIO;20;PASTA ARQUIVO;423578;ALTURA: 180, LARGURA: 245, LOMBADA: 25, MATERIAL: POLIPROPILENO TRANSPARENTE, TIPO: COM ALÁSTICO, TAMANHO: 1/2 OFÍCIO;UN;20,0000;22,7000;454,0000;0,0000;31/12/2026
ERN - HOSPITAL DR JOSÉ PEDRO BEZERRA DE NATAL;925778;527;Material;925778-14/2026;Materias para escritorio, acondicionamento;Catálogo do Compras.gov.br;Material;7510;ARTIGOS PARA ESCRITÓRIO;20;PASTA ARQUIVO;348958;ALTURA: 335, CAPACIDADE: 50 SACOS PLÁSTICOS, CARACTERÍSTICAS ADICIONAIS 2: 4 COLCHETES, COR: PRETA, LARGURA: 245, MATERIAL: PAPELÃO REVESTIDO DE PVC, TIPO: CATÁLOGO;UN;50,0000;11,3200;566,0000;0,0000;31/12/2026
ERN - HOSPITAL DR JOSÉ PEDRO BEZERRA DE NATAL;925778;528;Material;925778-14/2026;Materias para escritorio, acondicionamento;Catálogo do Compras.gov.br;Material;7510;ARTIGOS PARA ESCRITÓRIO;20;PASTA ARQUIVO;365551;ALTURA: 270, CARACTERÍSTICAS ADICIONAIS 2: 31 DIVISÔES, LARGURA: 370, MATERIAL: PLÁSTICO PVC, TIPO: SANFONADA;UN;10,0000;74,4000;744,0000;0,0000;31/12/2026
ERN - HOSPITAL DR JOSÉ PEDRO BEZERRA DE NATAL;925778;529;Material;925778-14/2026;Materias para escritorio, acondicionamento;Catálogo do Compras.gov.br;Material;7510;ARTIGOS PARA ESCRITÓRIO;20;PASTA ARQUIVO;415585;ALTURA: 245, CARACTERÍSTICAS ADICIONAIS: COM ELÁSTICO, COR: FUMÊ, LARGURA: 180, LOMBADA: 25, MATERIAL: PLÁSTICO;UN;200,0000;2,5000;500,0000;0,0000;31/12/2026
ERN - HOSPITAL DR JOSÉ PEDRO BEZERRA DE NATAL;925778;530;Material;925778-14/2026;Materias para escritorio, acondicionamento;Catálogo do Compras.gov.br;Material;7510;ARTIGOS PARA ESCRITÓRIO;20;PASTA ARQUIVO;348071;ALTURA: 335, CARACTERÍSTICAS ADICIONAIS: COM ELÁSTICO, LARGURA: 245, LOMBADA: 40, MATERIAL: PLÁSTICO, TIPO: COM ABAS;UN;200,0000;3,1000;620,0000;0,0000;31/12/2026
ERN - HOSPITAL DR JOSÉ PEDRO BEZERRA DE NATAL;925778;531;Material;925778-14/2026;Materias para escritorio, acondicionamento;Catálogo do Compras.gov.br;Material;7510;ARTIGOS PARA ESCRITÓRIO;20;PASTA ARQUIVO;464317;CARACTERÍSTICAS ADICIONAIS 1: COM GRAMPO TRILHO, COR: VARIADA, GRAMATURA: 180, MATERIAL: PLÁSTICO, TAMANHO: OFÍCIO;UN;500,0000;1,4000;700,0000;0,0000;31/12/2026
ERN - HOSPITAL DR JOSÉ PEDRO BEZERRA DE NATAL;925778;532;Material;925778-14/2026;Materias para escritorio, acondicionamento;Catálogo do Compras.gov.br;Material;7520;ACESSÓRIOS E DISPOSITIVOS PARA ESCRITÓRIO;56;PERFURADOR PAPEL;413723;CAPACIDADE PERFURAÇÃO: 100, CARACTERÍSTICAS ADICIONAIS: FURO REDONDO, MARGEADOR, REGULAGEM DE PROFUNDIDADE, FUNCIONAMENTO: MANUAL, MATERIAL: FERRO FUNDIDO, QUANTIDADE FUROS: 2, TIPO: MESA;UN;10,0000;240,0000;2400,0000;0,0000;31/12/2026
ERN - HOSPITAL DR JOSÉ PEDRO BEZERRA DE NATAL;925778;533;Material;925778-14/2026;Materias para escritorio, acondicionamento;Catálogo do Compras.gov.br;Material;7520;ACESSÓRIOS E DISPOSITIVOS PARA ESCRITÓRIO;56;PERFURADOR PAPEL;410264;CAPACIDADE PERFURAÇÃO: 40, CARACTERÍSTICAS ADICIONAIS: BASE PLÁSTICA PROTETORA, FUNCIONAMENTO: MANUAL, MATERIAL: AÇO, QUANTIDADE FUROS: 2, TIPO: MESA;UN;20,0000;37,9000;758,0000;0,0000;31/12/2026
ERN - HOSPITAL DR JOSÉ PEDRO BEZERRA DE NATAL;925778;534;Material;925778-14/2026;Materias para escritorio, acondicionamento;Catálogo do Compras.gov.br;Material;7510;ARTIGOS PARA ESCRITÓRIO;108;PINCEL ATÔMICO;432764;CARACTERÍSTICAS ADICIONAIS: PONTA GROSSA RETANGULAR CHANFRADA, COR TINTA: AZUL, MATERIAL: PLÁSTICO RÍGIDO, TIPO CARGA: RECARREGÁVEL, TIPO PONTA: FELTRO;UN;600,0000;4,8500;2910,0000;0,0000;31/12/2026
ERN - HOSPITAL DR JOSÉ PEDRO BEZERRA DE NATAL;925778;535;Material;925778-14/2026;Materias para escritorio, acondicionamento;Catálogo do Compras.gov.br;Material;7510;ARTIGOS PARA ESCRITÓRIO;108;PINCEL ATÔMICO;420095;APLICAÇÃO: TRANSPARÊNCIA, CARACTERÍSTICAS ADICIONAIS: PONTA ARREDONDADA, ESCRITA FINA, TAMANHO 10, COR TINTA: PRETA, MATERIAL: PLÁSTICO, TIPO PONTA: FELTRO;UN;600,0000;4,8500;2910,0000;0,0000;31/12/2026
ERN - HOSPITAL DR JOSÉ PEDRO BEZERRA DE NATAL;925778;536;Material;925778-14/2026;Materias para escritorio, acondicionamento;Catálogo do Compras.gov.br;Material;7510;ARTIGOS PARA ESCRITÓRIO;108;PINCEL ATÔMICO;394478;CARACTERÍSTICAS ADICIONAIS: DIÂMETRO DA PONTA: 6 MM, COR TINTA: VERMELHA, MATERIAL: PLÁSTICO, TIPO CARGA: RECARREGÁVEL, TIPO PONTA: FELTRO;UN;600,0000;4,8500;2910,0000;0,0000;31/12/2026
ERN - HOSPITAL DR JOSÉ PEDRO BEZERRA DE NATAL;925778;537;Material;925778-14/2026;Materias para escritorio, acondicionamento;Catálogo do Compras.gov.br;Material;7510;ARTIGOS PARA ESCRITÓRIO;10736;PINCEL QUADRO BRANCO / MAGNÉTICO;420088;CARACTERÍSTICAS ADICIONAIS: TAMANHO: 10, COR: AZUL, MATERIAL: PLÁSTICO, MATERIAL PONTA: FELTRO, TIPO CARGA: DESCARTÁVEL;UN;600,0000;2,9000;1740,0000;0,0000;31/12/2026
ERN - HOSPITAL DR JOSÉ PEDRO BEZERRA DE NATAL;925778;538;Material;925778-14/2026;Materias para escritorio, acondicionamento;Catálogo do Compras.gov.br;Material;7510;ARTIGOS PARA ESCRITÓRIO;10736;PINCEL QUADRO BRANCO / MAGNÉTICO;420089;CARACTERÍSTICAS ADICIONAIS: TAMANHO: 10, COR: PRETA, MATERIAL: PLÁSTICO, MATERIAL PONTA: FELTRO, TIPO CARGA: DESCARTÁVEL;UN;600,0000;2,9000;1740,0000;0,0000;31/12/2026
ERN - HOSPITAL DR JOSÉ PEDRO BEZERRA DE NATAL;925778;539;Material;925778-14/2026;Materias para escritorio, acondicionamento;Catálogo do Compras.gov.br;Material;7510;ARTIGOS PARA ESCRITÓRIO;10736;PINCEL QUADRO BRANCO / MAGNÉTICO;420090;CARACTERÍSTICAS ADICIONAIS: TAMANHO: 10, COR: VERMELHA, MATERIAL: PLÁSTICO, MATERIAL PONTA: FELTRO, TIPO CARGA: DESCARTÁVEL;UN;600,0000;2,9000;1740,0000;0,0000;31/12/2026
ERN - HOSPITAL DR JOSÉ PEDRO BEZERRA DE NATAL;925778;540;Material;925778-14/2026;Materias para escritorio, acondicionamento;Catálogo do Compras.gov.br;Material;7520;ACESSÓRIOS E DISPOSITIVOS PARA ESCRITÓRIO;47;PORTA-LÁPIS/CLIPE/LEMBRETE;202541;COR: FUMÊ, MATERIAL: ACRÍLICO, TIPO: CONJUGADO;UN;50,0000;8,6700;433,5000;0,0000;31/12/2026
ERN - HOSPITAL DR JOSÉ PEDRO BEZERRA DE NATAL;925778;541;Material;925778-14/2026;Materias para escritorio, acondicionamento;Catálogo do Compras.gov.br;Material;7520;ACESSÓRIOS E DISPOSITIVOS PARA ESCRITÓRIO;18065;PRANCHETA PORTÁTIL;383451;CARACTERÍSTICAS ADICIONAIS: COM PREDENDOR DE METAL E CANTOS ARRENDONDADOS, COMPRIMENTO: 340, COR: FUMÊ, ESPESSURA: 2, LARGURA: 235, MATERIAL: ACRÍLICO;UN;600,0000;15,0000;9000,0000;0,0000;31/12/2026
ERN - HOSPITAL DR JOSÉ PEDRO BEZERRA DE NATAL;925778;542;Material;925778-14/2026;Materias para escritorio, acondicionamento;Catálogo do Compras.gov.br;Material;7520;ACESSÓRIOS E DISPOSITIVOS PARA ESCRITÓRIO;11363;QUADRO MAGNÉTICO;486289;APLICAÇÃO: TREINAMENTO, CARACTERÍSTICAS ADICIONAIS: SUPORTE PARA APAGADOR E PINCEL, COMPRIMENTO: 120, COR: BRANCA, LARGURA: 150, MATERIAL: LAMINADO MELAMÍNICO, MATERIAL MOLDURA: ALUMÍNIO;UN;20,0000;150,0000;3000,0000;0,0000;31/12/2026
ERN - HOSPITAL DR JOSÉ PEDRO BEZERRA DE NATAL;925778;543;Material;925778-14/2026;Materias para escritorio, acondicionamento;Catálogo do Compras.gov.br;Material;7520;ACESSÓRIOS E DISPOSITIVOS PARA ESCRITÓRIO;11363;QUADRO MAGNÉTICO;485412;CARACTERÍSTICAS ADICIONAIS: COM TRIPÉ, COMPRIMENTO: 90, COR: BRANCA, LARGURA: 120, MATERIAL: LOUSA, MATERIAL MOLDURA: ALUMÍNIO;UN;10,0000;110,0000;1100,0000;0,0000;31/12/2026
ERN - HOSPITAL DR JOSÉ PEDRO BEZERRA DE NATAL;925778;544;Material;925778-14/2026;Materias para escritorio, acondicionamento;Catálogo do Compras.gov.br;Material;7510;ARTIGOS PARA ESCRITÓRIO;24;RÉGUA ESCRITÓRIO;232396;COMPRIMENTO: 20, COR: INCOLOR, GRADUAÇÃO: CENTÍMETRO, MATERIAL: ACRÍLICO, TIPO MATERIAL: FLEXÍVEL, TRANSMITÂNCIA: TRANSPARENTE;UN;100,0000;6,0000;600,0000;0,0000;31/12/2026
ERN - HOSPITAL DR JOSÉ PEDRO BEZERRA DE NATAL;925778;545;Material;925778-14/2026;Materias para escritorio, acondicionamento;Catálogo do Compras.gov.br;Material;7510;ARTIGOS PARA ESCRITÓRIO;24;RÉGUA ESCRITÓRIO;394469;CARACTERÍSTICAS ADICIONAIS: TRANSPARENTE/LARGURA DE 3,5 CM, COMPRIMENTO: 30, COR: CRISTAL, GRADUAÇÃO: CENTÍMETRO/MILÍMETRO, MATERIAL: ACRÍLICO, TIPO MATERIAL: RÍGIDO;UN;100,0000;6,0000;600,0000;0,0000;31/12/2026
ERN - HOSPITAL DR JOSÉ PEDRO BEZERRA DE NATAL;925778;546;Material;925778-14/2026;Materias para escritorio, acondicionamento;Catálogo do Compras.gov.br;Material;7510;ARTIGOS PARA ESCRITÓRIO;24;RÉGUA ESCRITÓRIO;446935;COMPRIMENTO: 40, COR: CRISTAL, GRADUAÇÃO: CENTÍMETRO/MILÍMETRO, MATERIAL: ACRÍLICO, TIPO MATERIAL: RÍGIDO;UN;100,0000;20,0000;2000,0000;0,0000;31/12/2026
ERN - HOSPITAL DR JOSÉ PEDRO BEZERRA DE NATAL;925778;547;Material;925778-14/2026;Materias para escritorio, acondicionamento;Catálogo do Compras.gov.br;Material;7510;ARTIGOS PARA ESCRITÓRIO;24;RÉGUA ESCRITÓRIO;428937;CARACTERÍSTICAS ADICIONAIS: LARGURA 30MM, COMPRIMENTO: 50, COR: CRISTAL, GRADUAÇÃO: CENTÍMETRO/MILÍMETRO, MATERIAL: ACRÍLICO, TIPO MATERIAL: RÍGIDO;UN;100,0000;8,0000;800,0000;0,0000;31/12/2026
ERN - HOSPITAL DR JOSÉ PEDRO BEZERRA DE NATAL;925778;548;Material;925778-14/2026;Materias para escritorio, acondicionamento;Catálogo do Compras.gov.br;Material;7520;ACESSÓRIOS E DISPOSITIVOS PARA ESCRITÓRIO;249;TESOURA;461462;CARACTERÍSTICAS ADICIONAIS: SEM PONTA, COMPRIMENTO: 13, MATERIAL: AÇO INOXIDÁVEL, MATERIAL CABO: POLIPROPILENO;UN;120,0000;5,0000;600,0000;0,0000;31/12/2026
ERN - HOSPITAL DR JOSÉ PEDRO BEZERRA DE NATAL;925778;549;Material;925778-14/2026;Materias para escritorio, acondicionamento;Catálogo do Compras.gov.br;Material;7520;ACESSÓRIOS E DISPOSITIVOS PARA ESCRITÓRIO;249;TESOURA;376266;CARACTERÍSTICAS ADICIONAIS: CABO ANATÔMICO, COMPRIMENTO: 21, MATERIAL: AÇO INOXIDÁVEL, MATERIAL CABO: POLIPROPILENO;UN;50,0000;25,0000;1250,0000;0,0000;31/12/2026
ERN - HOSPITAL DR JOSÉ PEDRO BEZERRA DE NATAL;925778;550;Material;925778-14/2026;Materias para escritorio, acondicionamento;Catálogo do Compras.gov.br;Material;7520;ACESSÓRIOS E DISPOSITIVOS PARA ESCRITÓRIO;249;TESOURA;376266;CARACTERÍSTICAS ADICIONAIS: CABO ANATÔMICO, COMPRIMENTO: 21, MATERIAL: AÇO INOXIDÁVEL, MATERIAL CABO: POLIPROPILENO;UN;50,0000;25,0000;1250,0000;0,0000;31/12/2026
ERN - HOSPITAL DR JOSÉ PEDRO BEZERRA DE NATAL;925778;551;Material;925778-14/2026;Materias para escritorio, acondicionamento;Catálogo do Compras.gov.br;Material;7520;ACESSÓRIOS E DISPOSITIVOS PARA ESCRITÓRIO;249;TESOURA;278333;CARACTERÍSTICAS ADICIONAIS: SEM PONTA, COMPRIMENTO: 11, MATERIAL: AÇO INOXIDÁVEL, MATERIAL CABO: PLÁSTICO;UN;100,0000;14,0000;1400,0000;0,0000;31/12/2026
ERN - HOSPITAL DR JOSÉ PEDRO BEZERRA DE NATAL;925778;552;Material;925778-14/2026;Materias para escritorio, acondicionamento;Catálogo do Compras.gov.br;Material;7510;ARTIGOS PARA ESCRITÓRIO;18258;TINTA PARA CARIMBO;283589;APLICAÇÃO: ALMOFADA, ASPECTO FÍSICO: LÍQUIDO, COMPONENTES: ÁGUA, PIGMENTOS, COR: PRETA, CAPACIDADE FRASCO: 40;UN;24,0000;6,0000;144,0000;0,0000;31/12/2026
ERN - HOSPITAL DR JOSÉ PEDRO BEZERRA DE NATAL;925778;553;Material;925778-14/2026;Materias para escritorio, acondicionamento;Catálogo do Compras.gov.br;Material;7510;ARTIGOS PARA ESCRITÓRIO;18258;TINTA PARA CARIMBO;284286;APLICAÇÃO: ALMOFADA, ASPECTO FÍSICO: LÍQUIDO, COMPONENTES: ÁGUA, PIGMENTOS, COR: AZUL, CAPACIDADE FRASCO: 40;UN;24,0000;6,0000;144,0000;0,0000;31/12/2026
ERN - HOSPITAL DR JOSÉ PEDRO BEZERRA DE NATAL;925778;554;Material;925778-14/2026;Materias para escritorio, acondicionamento;Catálogo do Compras.gov.br;Material;8105;SACOS E BOLSAS;11903;SACO PLÁSTICO LIXO;345595;ALTURA: 105, APLICAÇÃO: COLETA DE LIXO, CAPACIDADE: 100, CARACTERÍSTICAS ADICIONAIS: COM SOLDA CONTÍNUA, COR: AZUL, ESPESSURA: 8 MICRA, LARGURA: 75;PCT;400,0000;79,0000;31600,0000;0,0000;31/12/2026
ERN - HOSPITAL DR JOSÉ PEDRO BEZERRA DE NATAL;925778;555;Material;925778-14/2026;Materias para escritorio, acondicionamento;Catálogo do Compras.gov.br;Material;8105;SACOS E BOLSAS;11903;SACO PLÁSTICO LIXO;412494;ALTURA: 80, CAPACIDADE: 50, CARACTERÍSTICAS ADICIONAIS: COM SIMBOLOGIA DE SUBSTÂNCIA INFECTANTE, COR: BRANCO LEITOSO, LARGURA: 63, MATERIAL: RESINA TERMOPLÁSTICA, NORMAS TÉCNICAS: CLASSE II - NBR 9191;PCT;4800,0000;25,0000;120000,0000;0,0000;31/12/2026
ERN - HOSPITAL DR JOSÉ PEDRO BEZERRA DE NATAL;925778;556;Material;925778-14/2026;Materias para escritorio, acondicionamento;Catálogo do Compras.gov.br;Material;8105;SACOS E BOLSAS;11903;SACO PLÁSTICO LIXO;375948;CAPACIDADE: 200, CARACTERÍSTICAS ADICIONAIS: COM SIMBOLOGIA DE SUBSTÂNCIA INFECTANTE, COR: BRANCO LEITOSO, MATERIAL: POLIETILENO, NORMAS TÉCNICAS: NBR 7500, NBR 9191;PCT;9600,0000;51,5000;494400,0000;0,0000;31/12/2026
ERN - HOSPITAL DR JOSÉ PEDRO BEZERRA DE NATAL;925778;557;Material;925778-14/2026;Materias para escritorio, acondicionamento;Catálogo do Compras.gov.br;Material;7520;ACESSÓRIOS E DISPOSITIVOS PARA ESCRITÓRIO;27;GRAMPEADOR;470315;MATERIAL: ALUMÍNIO, TAMANHO GRAMPO: 9/16 , 1/2 , 3/8 . 5/16 , 1/4 ., TIPO: TAPECEIRO;UN;2,0000;177,0000;354,0000;0,0000;31/12/2026
ERN - HOSPITAL DR JOSÉ PEDRO BEZERRA DE NATAL;925778;558;Material;925778-14/2026;Materias para escritorio, acondicionamento;Catálogo do Compras.gov.br;Material;8110;TAMBORES E LATAS;3799;BOMBONA;483538;APLICAÇÃO: TRANSPORTE COMBUSTÍVEL, CAPACIDADE: 5, DIMENSÕES: 29CM X 20CM X 13CM, MATERIAL: POLIETILENO;L;50,0000;4,1000;205,0000;0,0000;31/12/2026
ERN - HOSPITAL DR JOSÉ PEDRO BEZERRA DE NATAL;925778;559;Material;925778-14/2026;Materias para escritorio, acondicionamento;Catálogo do Compras.gov.br;Material;8145;RECIPIENTES ESPECIALIZADOS PARA TRANSPORTE E ARMAZENAGEM;5798;CONTENTOR;388623;APLICAÇÃO: HORTIFRUTIGRANJEIROS, CAPACIDADE: 50, CARACTERÍSTICAS ADICIONAIS: VAZADO COM ENCAIXES LATERAIS, COR: BRANCA, DIMENSÕES EXTERNAS: 600 X 400 X 400, MATERIAL: POLIETILENO ALTA DENSIDADE;UN;24,0000;47,0000;1128,0000;0,0000;31/12/2026
ERN - HOSPITAL DR JOSÉ PEDRO BEZERRA DE NATAL;925778;560;Material;925778-14/2026;Materias para escritorio, acondicionamento;Catálogo do Compras.gov.br;Material;8115;CAIXAS, CAIXOTES E ENGRADADOS;1429;EMBALAGEM ISOPOR;337998;ALTURA: 335, CAPACIDADE: 13, CARACTERÍSTICAS ADICIONAIS: COM TAMPA, COMPRIMENTO: 340, ESPESSURA: 23, FORMA: CAIXA TÉRMICA, LARGURA: 230;UN;30,0000;14,0000;420,0000;0,0000;31/12/2026
ERN - HOSPITAL DR JOSÉ PEDRO BEZERRA DE NATAL;925778;561;Material;925778-14/2026;Materias para escritorio, acondicionamento;Catálogo do Compras.gov.br;Material;8115;CAIXAS, CAIXOTES E ENGRADADOS;1429;EMBALAGEM ISOPOR;442691;ALTURA: 170, CAPACIDADE: 3, COMPRIMENTO: 180, FORMA: CAIXA TÉRMICA, LARGURA: 300;UN;50,0000;4,8000;240,0000;0,0000;31/12/2026
ERN - HOSPITAL DR JOSÉ PEDRO BEZERRA DE NATAL;925778;562;Material;925778-14/2026;Materias para escritorio, acondicionamento;Catálogo do Compras.gov.br;Material;8145;RECIPIENTES ESPECIALIZADOS PARA TRANSPORTE E ARMAZENAGEM;7824;FRASCO;417122;CAPACIDADE: 300, CARACTERÍSTICAS ADICIONAIS: GRADUAÇÃO 50ML, ATÓXICO, TAMPA ROSQUEÁVEL, COR: INCOLOR, MATERIAL: POLIETILENO;UN;2000,0000;1,5000;3000,0000;0,0000;31/12/2026
ERN - HOSPITAL DR JOSÉ PEDRO BEZERRA DE NATAL;925778;563;Material;925778-14/2026;Materias para escritorio, acondicionamento;Catálogo do Compras.gov.br;Material;8145;RECIPIENTES ESPECIALIZADOS PARA TRANSPORTE E ARMAZENAGEM;7824;FRASCO;247540;APLICAÇÃO: ALIMENTAÇÃO ENTERAL - IOGURTE, CAPACIDADE: 500, CARACTERÍSTICAS ADICIONAIS: TAMPA ROSQUEADA, COR: INCOLOR, MATERIAL: POLIETILENO;UN;3000,0000;1,2200;3660,0000;0,0000;31/12/2026
ERN - HOSPITAL DR JOSÉ PEDRO BEZERRA DE NATAL;925778;564;Material;925778-14/2026;Materias para escritorio, acondicionamento;Catálogo do Compras.gov.br;Material;8125;GARRAFAS E JARROS;1281;GARRAFÃO;402921;APLICAÇÃO: ÁGUA MINERAL, CAPACIDADE: 20, CARACTERÍSTICAS ADICIONAIS: VAZIO, TRANSPARENTE, RETORNÁVEL, NBR 14222/14328, MATERIAL: PLÁSTICO;UN;14400,0000;4,4500;64080,0000;0,0000;31/12/2026
ERN - HOSPITAL DR JOSÉ PEDRO BEZERRA DE NATAL;925778;565;Material;925778-14/2026;Materias para escritorio, acondicionamento;Catálogo do Compras.gov.br;Material;8135;MATERIAIS A GRANEL PARA ACONDICIONAMENTO E EMBALAGEM;14831;LACRE SEGURANÇA;468999;APLICAÇÃO: FECHAMENTO DE PORTAS, CARACTERÍSTICAS ADICIONAIS: SEM NUMERAÇÃO COM 7 DÍGITOS, COMPRIMENTO: 23, COR: AZUL, MATERIAL: PLÁSTICO, TIPO: ESPINHA DE PEIXE;PCT;50,0000;15,0000;750,0000;0,0000;31/12/2026
ERN - HOSPITAL DR JOSÉ PEDRO BEZERRA DE NATAL;925778;566;Material;925778-14/2026;Materias para escritorio, acondicionamento;Catálogo do Compras.gov.br;Material;8105;SACOS E BOLSAS;9053;MALOTE;241827;ACABAMENTO FUNDO: COURO, CARACTERÍSTICAS ADICIONAIS: VISOR IDENTIFICAÇÃO NA COR AZUL, MATERIAL: LONA DE ALGODÃO;UN;10,0000;98,9000;989,0000;0,0000;31/12/2026
ERN - HOSPITAL DR JOSÉ PEDRO BEZERRA DE NATAL;925778;567;Material;925778-14/2026;Materias para escritorio, acondicionamento;Catálogo do Compras.gov.br;Material;8135;MATERIAIS A GRANEL PARA ACONDICIONAMENTO E EMBALAGEM;1389;PAPEL ALUMÍNIO;252642;APLICAÇÃO: USO DOMÉSTICO, APRESENTAÇÃO: ROLO, COMPRIMENTO: 100, LARGURA: 30, MATERIAL: ALUMÍNIO;UN;50,0000;46,0000;2300,0000;0,0000;31/12/2026
ERN - HOSPITAL DR JOSÉ PEDRO BEZERRA DE NATAL;925778;568;Material;925778-14/2026;Materias para escritorio, acondicionamento;Catálogo do Compras.gov.br;Material;8135;MATERIAIS A GRANEL PARA ACONDICIONAMENTO E EMBALAGEM;1389;PAPEL ALUMÍNIO;304990;APRESENTAÇÃO: ROLO, COMPRIMENTO: 30, LARGURA: 30;UN;20,0000;21,8500;437,0000;0,0000;31/12/2026
ERN - HOSPITAL DR JOSÉ PEDRO BEZERRA DE NATAL;925778;569;Material;925778-14/2026;Materias para escritorio, acondicionamento;Catálogo do Compras.gov.br;Material;8135;MATERIAIS A GRANEL PARA ACONDICIONAMENTO E EMBALAGEM;1310;PAPEL EMBRULHO;220038;APRESENTAÇÃO: FOLHA, COMPRIMENTO: 96, COR: AMARELA, LARGURA: 66, MODELO: LISO, PESO: NÃO APLICÁVEL, TIPO PAPEL: KRAFT;PCT;6,0000;124,9500;749,7000;0,0000;31/12/2026
ERN - HOSPITAL DR JOSÉ PEDRO BEZERRA DE NATAL;925778;570;Material;925778-14/2026;Materias para escritorio, acondicionamento;Catálogo do Compras.gov.br;Material;8135;MATERIAIS A GRANEL PARA ACONDICIONAMENTO E EMBALAGEM;1347;PAPEL FILME;220981;APLICAÇÃO: DOMÉSTICA, APRESENTAÇÃO: ROLO, COMPRIMENTO: 300, LARGURA: 29, MATERIAL: PVC - CLORETO DE POLIVINILA;UN;20,0000;50,4000;1008,0000;0,0000;31/12/2026
ERN - HOSPITAL DR JOSÉ PEDRO BEZERRA DE NATAL;925778;571;Material;925778-14/2026;Materias para escritorio, acondicionamento;Catálogo do Compras.gov.br;Material;8135;MATERIAIS A GRANEL PARA ACONDICIONAMENTO E EMBALAGEM;1347;PAPEL FILME;232826;APLICAÇÃO: DOMÉSTICA, APRESENTAÇÃO: ROLO, COMPRIMENTO: 30, LARGURA: 29, MATERIAL: PVC - CLORETO DE POLIVINILA;UN;50,0000;3,8600;193,0000;0,0000;31/12/2026
ERN - HOSPITAL DR JOSÉ PEDRO BEZERRA DE NATAL;925778;572;Material;925778-14/2026;Materias para escritorio, acondicionamento;Catálogo do Compras.gov.br;Material;8135;MATERIAIS A GRANEL PARA ACONDICIONAMENTO E EMBALAGEM;1347;PAPEL FILME;270050;APLICAÇÃO: USO ODONTOLÓGICO, APRESENTAÇÃO: ROLO, COMPRIMENTO: 100, LARGURA: 28, MATERIAL: PVC - CLORETO DE POLIVINILA;RO;20,0000;28,7000;574,0000;0,0000;31/12/2026
ERN - HOSPITAL DR JOSÉ PEDRO BEZERRA DE NATAL;925778;573;Material;925778-14/2026;Materias para escritorio, acondicionamento;Catálogo do Compras.gov.br;Material;8135;MATERIAIS A GRANEL PARA ACONDICIONAMENTO E EMBALAGEM;1310;PAPEL EMBRULHO;486339;APLICAÇÃO: EMBALAGEM, APRESENTAÇÃO: BOBINA, COR: PARDA, GRAMATURA: 80, LARGURA: 80, PESO: 5, TIPO PAPEL: KRAFT;BOB;10,0000;109,0000;1090,0000;0,0000;31/12/2026
ERN - HOSPITAL DR JOSÉ PEDRO BEZERRA DE NATAL;925778;574;Material;925778-14/2026;Materias para escritorio, acondicionamento;Catálogo do Compras.gov.br;Material;7510;ARTIGOS PARA ESCRITÓRIO;269;SACO DOCUMENTO;375632;APLICAÇÃO: ACONDIONAMEMTO DE DOCUMENTOS, CAPACIDADE FOLHAS: 10, COMPRIMENTO: 270, LARGURA: 120, MATERIAL: PLÁSTICO TRANSPARENTE, NÚMERO FUROS: SEM FUROS;UN;1000,0000;5,7500;5750,0000;0,0000;31/12/2026
ERN - HOSPITAL DR JOSÉ PEDRO BEZERRA DE NATAL;925778;575;Material;925778-14/2026;Materias para escritorio, acondicionamento;Catálogo do Compras.gov.br;Material;8105;SACOS E BOLSAS;11902;SACO;474252;APLICAÇÃO: LABORATORIAL, CAPACIDADE: 20, CARACTERÍSTICAS ADICIONAIS 1: P/ AUTOCLAVE, RESISTENTE Á TEMPERATURA DE 121°C, MATERIAL: POLIETILENO ALTA DENSIDADE, TRANSMITÂNCIA: FOSCO TRANSPARENTE;PCT;1000,0000;12,6100;12610,0000;0,0000;31/12/2026
ERN - HOSPITAL DR JOSÉ PEDRO BEZERRA DE NATAL;925778;576;Material;925778-14/2026;Materias para escritorio, acondicionamento;Catálogo do Compras.gov.br;Material;8105;SACOS E BOLSAS;11902;SACO;474253;APLICAÇÃO: LABORATORIAL, CAPACIDADE: 60, CARACTERÍSTICAS ADICIONAIS 1: P/ AUTOCLAVE, RESISTENTE Á TEMPERATURA DE 121°C, MATERIAL: POLIETILENO ALTA DENSIDADE, TRANSMITÂNCIA: FOSCO TRANSPARENTE;PCT;1000,0000;37,0000;37000,0000;0,0000;31/12/2026
ERN - HOSPITAL DR JOSÉ PEDRO BEZERRA DE NATAL;925778;577;Material;925778-14/2026;Materias para escritorio, acondicionamento;Catálogo do Compras.gov.br;Material;8105;SACOS E BOLSAS;11903;SACO PLÁSTICO LIXO;384050;ALTURA: 130, CAPACIDADE: 240, COR: PRETA, LARGURA: 88;PCT;100,0000;100,0000;10000,0000;0,0000;31/12/2026
ERN - HOSPITAL DR JOSÉ PEDRO BEZERRA DE NATAL;925778;578;Material;925778-14/2026;Materias para escritorio, acondicionamento;Catálogo do Compras.gov.br;Material;8105;SACOS E BOLSAS;11903;SACO PLÁSTICO LIXO;292565;ALTURA: 105, APLICAÇÃO: COLETA DE LIXO, CAPACIDADE: 100, LARGURA: 75, NORMAS TÉCNICAS: CLASSE I, TIPO E;PCT;3000,0000;22,0000;66000,0000;0,0000;31/12/2026
ERN - HOSPITAL DR JOSÉ PEDRO BEZERRA DE NATAL;925778;579;Material;925778-14/2026;Materias para escritorio, acondicionamento;Catálogo do Compras.gov.br;Material;8105;SACOS E BOLSAS;11903;SACO PLÁSTICO LIXO;353776;ALTURA: 105, APLICAÇÃO: HOSPITALAR, CAPACIDADE: 100, COR: BRANCO LEITOSO, LARGURA: 75, MATERIAL: POLIETILENO ALTA DENSIDADE;UN;30000,0000;0,2000;6000,0000;0,0000;31/12/2026
ERN - HOSPITAL DR JOSÉ PEDRO BEZERRA DE NATAL;925778;580;Material;925778-14/2026;Materias para escritorio, acondicionamento;Catálogo do Compras.gov.br;Material;8105;SACOS E BOLSAS;11903;SACO PLÁSTICO LIXO;328295;ALTURA: 50, APLICAÇÃO: COLETA DE LIXO, CAPACIDADE: 100, COR: PRETA, ESPESSURA: 0,012 MICRA, LARGURA: 75;PCT;2000,0000;30,4600;60920,0000;0,0000;31/12/2026
ERN - HOSPITAL DR JOSÉ PEDRO BEZERRA DE NATAL;925778;581;Material;925778-14/2026;Materias para escritorio, acondicionamento;Catálogo do Compras.gov.br;Material;8105;SACOS E BOLSAS;11902;SACO;307322;APLICAÇÃO: COLETA DE LIXO, CAPACIDADE: 200, CARACTERÍSTICAS ADICIONAIS: OPACO, SUPER RESISTENTE, COR: PRETA, MATERIAL: POLIETILENO;PCT;2000,0000;35,3000;70600,0000;0,0000;31/12/2026
ERN - HOSPITAL DR JOSÉ PEDRO BEZERRA DE NATAL;925778;582;Material;925778-14/2026;Materias para escritorio, acondicionamento;Catálogo do Compras.gov.br;Material;8105;SACOS E BOLSAS;11903;SACO PLÁSTICO LIXO;355268;CAPACIDADE: 20, CARACTERÍSTICAS ADICIONAIS: REFORÇADO, COR: PRETA;PCT;200,0000;45,0000;9000,0000;0,0000;31/12/2026
ERN - HOSPITAL DR JOSÉ PEDRO BEZERRA DE NATAL;925778;583;Material;925778-14/2026;Materias para escritorio, acondicionamento;Catálogo do Compras.gov.br;Material;8105;SACOS E BOLSAS;11903;SACO PLÁSTICO LIXO;470829;APLICAÇÃO: COLETA DE LIXO, CAPACIDADE: 40, COR: PRETA, MATERIAL: POLIETILENO;PCT;300,0000;29,2800;8784,0000;0,0000;31/12/2026
ERN - HOSPITAL DR JOSÉ PEDRO BEZERRA DE NATAL;925778;584;Material;925778-14/2026;Materias para escritorio, acondicionamento;Catálogo do Compras.gov.br;Material;8105;SACOS E BOLSAS;11903;SACO PLÁSTICO LIXO;361618;ALTURA: 60, CAPACIDADE: 50, CARACTERÍSTICAS ADICIONAIS: RESISTENTE AO PESO MÍNIMO DE 5 KG, COR: PRETA, LARGURA: 40;PCT;300,0000;21,2500;6375,0000;0,0000;31/12/2026
ERN - HOSPITAL DR JOSÉ PEDRO BEZERRA DE NATAL;925778;585;Material;925778-14/2026;Materias para escritorio, acondicionamento;Catálogo do Compras.gov.br;Material;8105;SACOS E BOLSAS;11903;SACO PLÁSTICO LIXO;470832;APLICAÇÃO: COLETA DE LIXO, CAPACIDADE: 60, COR: PRETA, MATERIAL: POLIETILENO;PCT;1000,0000;46,0000;46000,0000;0,0000;31/12/2026
ERN - HOSPITAL DR JOSÉ PEDRO BEZERRA DE NATAL;925778;586;Material;925778-14/2026;Materias para escritorio, acondicionamento;Catálogo do Compras.gov.br;Material;8105;SACOS E BOLSAS;11903;SACO PLÁSTICO LIXO;376026;CAPACIDADE: 100, CARACTERÍSTICAS ADICIONAIS: COM SIMBOLOGIA DE SUBSTÂNCIA INFECTANTE, COR: BRANCO LEITOSO, MATERIAL: POLIETILENO, NORMAS TÉCNICAS: NBR 7500, NBR 9191;PCT;2000,0000;34,9200;69840,0000;0,0000;31/12/2026
ERN - HOSPITAL DR JOSÉ PEDRO BEZERRA DE NATAL;925778;587;Material;925778-14/2026;Materias para escritorio, acondicionamento;Catálogo do Compras.gov.br;Material;8105;SACOS E BOLSAS;11903;SACO PLÁSTICO LIXO;246551;ALTURA: 100, APLICAÇÃO: COLETA DE RESÍDUOS DE SERVIÇOS DE SAÚDE, CAPACIDADE: 200, CARACTERÍSTICAS ADICIONAIS: COM TARJA VERMELHA "LIXO HOSPITALAR", COR: BRANCA, LARGURA: 115, APRESENTAÇÃO: PEÇA ÚNICA;PCT;2000,0000;50,0000;100000,0000;0,0000;31/12/2026
ERN - HOSPITAL DR JOSÉ PEDRO BEZERRA DE NATAL;925778;588;Material;925778-14/2026;Materias para escritorio, acondicionamento;Catálogo do Compras.gov.br;Material;8105;SACOS E BOLSAS;11903;SACO PLÁSTICO LIXO;375948;CAPACIDADE: 200, CARACTERÍSTICAS ADICIONAIS: COM SIMBOLOGIA DE SUBSTÂNCIA INFECTANTE, COR: BRANCO LEITOSO, MATERIAL: POLIETILENO, NORMAS TÉCNICAS: NBR 7500, NBR 9191;PCT;2000,0000;36,8000;73600,0000;0,0000;31/12/2026
ERN - HOSPITAL DR JOSÉ PEDRO BEZERRA DE NATAL;925778;589;Material;925778-14/2026;Materias para escritorio, acondicionamento;Catálogo do Compras.gov.br;Material;8105;SACOS E BOLSAS;11903;SACO PLÁSTICO LIXO;353775;ALTURA: 62, APLICAÇÃO: HOSPITALAR, CAPACIDADE: 30, COR: BRANCO LEITOSO, LARGURA: 59, MATERIAL: POLIETILENO ALTA DENSIDADE;PCT;2000,0000;6,9500;13900,0000;0,0000;31/12/2026
ERN - HOSPITAL DR JOSÉ PEDRO BEZERRA DE NATAL;925778;590;Material;925778-14/2026;Materias para escritorio, acondicionamento;Catálogo do Compras.gov.br;Material;8105;SACOS E BOLSAS;11903;SACO PLÁSTICO LIXO;331916;APLICAÇÃO: COLETA DE LIXO, CAPACIDADE: 40, CARACTERÍSTICAS ADICIONAIS: LEITOSO SUPER RESISTENTE, COR: BRANCA;PCT;300,0000;64,9000;19470,0000;0,0000;31/12/2026
ERN - HOSPITAL DR JOSÉ PEDRO BEZERRA DE NATAL;925778;591;Material;925778-14/2026;Materias para escritorio, acondicionamento;Catálogo do Compras.gov.br;Material;8105;SACOS E BOLSAS;11903;SACO PLÁSTICO LIXO;412494;ALTURA: 80, CAPACIDADE: 50, CARACTERÍSTICAS ADICIONAIS: COM SIMBOLOGIA DE SUBSTÂNCIA INFECTANTE, COR: BRANCO LEITOSO, LARGURA: 63, MATERIAL: RESINA TERMOPLÁSTICA, NORMAS TÉCNICAS: CLASSE II - NBR 9191;PCT;300,0000;23,6300;7089,0000;0,0000;31/12/2026
ERN - HOSPITAL DR JOSÉ PEDRO BEZERRA DE NATAL;925778;592;Material;925778-14/2026;Materias para escritorio, acondicionamento;Catálogo do Compras.gov.br;Material;8105;SACOS E BOLSAS;11902;SACO;343336;APLICAÇÃO: COPA E COZINHA, CAPACIDADE: 1/2, MATERIAL: POLIETILENO ALTA DENSIDADE;PCT;5000,0000;1,6900;8450,0000;0,0000;31/12/2026
ERN - HOSPITAL DR JOSÉ PEDRO BEZERRA DE NATAL;925778;593;Material;925778-14/2026;Materias para escritorio, acondicionamento;Catálogo do Compras.gov.br;Material;8105;SACOS E BOLSAS;11902;SACO;309099;APLICAÇÃO: ACONDICIONAMENTO DE ALIMENTOS, CAPACIDADE: 1, MATERIAL: PLÁSTICO TRANSPARENTE;PCT;2000,0000;6,1000;12200,0000;0,0000;31/12/2026
ERN - HOSPITAL DR JOSÉ PEDRO BEZERRA DE NATAL;925778;594;Material;925778-14/2026;Materias para escritorio, acondicionamento;Catálogo do Compras.gov.br;Material;8105;SACOS E BOLSAS;11902;SACO;304142;ALTURA: 35, APLICAÇÃO: ACONDICIONAMENTO DE ALIMENTOS, CAPACIDADE: 2, CARACTERÍSTICAS ADICIONAIS: BOBINA PICOTADA, ESPESSURA: 0,04, LARGURA: 25, MATERIAL: PLÁSTICO;BOB;1000,0000;15,0000;15000,0000;0,0000;31/12/2026
ERN - HOSPITAL DR JOSÉ PEDRO BEZERRA DE NATAL;925778;595;Material;925778-14/2026;Materias para escritorio, acondicionamento;Catálogo do Compras.gov.br;Material;8105;SACOS E BOLSAS;11902;SACO;460049;ALTURA: 35, CAPACIDADE: 3, CARACTERÍSTICAS ADICIONAIS: BOBINA PICOTADA, LARGURA: 25, MATERIAL: PLÁSTICO;BOB;1000,0000;14,0000;14000,0000;0,0000;31/12/2026
ERN - HOSPITAL DR JOSÉ PEDRO BEZERRA DE NATAL;925778;596;Material;925778-14/2026;Materias para escritorio, acondicionamento;Catálogo do Compras.gov.br;Material;8105;SACOS E BOLSAS;11902;SACO;304138;ALTURA: 60, APLICAÇÃO: ACONDICIONAMENTO DE ALIMENTOS, CAPACIDADE: 10, CARACTERÍSTICAS ADICIONAIS: BOBINA PICOTADA, ESPESSURA: 0,04, LARGURA: 40, MATERIAL: PLÁSTICO;BOB;300,0000;23,8100;7143,0000;0,0000;31/12/2026
ERN - HOSPITAL DR JOSÉ PEDRO BEZERRA DE NATAL;925778;597;Material;925778-14/2026;Materias para escritorio, acondicionamento;Catálogo do Compras.gov.br;Material;8105;SACOS E BOLSAS;11902;SACO;444822;ALTURA: 14, CARACTERÍSTICAS ADICIONAIS: ZIP LOCK,HERMÉTICO,COM TARJA, LARGURA: 8,5, MATERIAL: POLIETILENO, TRANSMITÂNCIA: TRANSPARENTE;PCT;100,0000;20,0000;2000,0000;0,0000;31/12/2026
ERN - HOSPITAL DR JOSÉ PEDRO BEZERRA DE NATAL;925778;598;Material;925778-14/2026;Materias para escritorio, acondicionamento;Catálogo do Compras.gov.br;Material;8145;RECIPIENTES ESPECIALIZADOS PARA TRANSPORTE E ARMAZENAGEM;6502;EMBALAGEM;304397;CARACTERÍSTICAS ADICIONAIS: COM TAMPA, Nº 8, MATERIAL: ALUMÍNIO, TIPO: QUENTINHA;CX;125,0000;100,0000;12500,0000;0,0000;31/12/2026
ERN - HOSPITAL DR JOSÉ PEDRO BEZERRA DE NATAL;925778;599;Material;925778-14/2026;Materias para escritorio, acondicionamento;Catálogo do Compras.gov.br;Material;8145;RECIPIENTES ESPECIALIZADOS PARA TRANSPORTE E ARMAZENAGEM;6502;EMBALAGEM;337382;APLICAÇÃO: ARMAZENAMENTO DE ALIMENTOS, CARACTERÍSTICAS ADICIONAIS: COM TAMPA, REDONDA, Nº 9, MATERIAL: ALUMÍNIO, TIPO: QUENTINHA;CX;200,0000;22,4000;4480,0000;0,0000;31/12/2026
ERN - HOSPITAL DR JOSÉ PEDRO BEZERRA DE NATAL;925778;600;Material;925778-14/2026;Materias para escritorio, acondicionamento;Catálogo do Compras.gov.br;Material;8135;MATERIAIS A GRANEL PARA ACONDICIONAMENTO E EMBALAGEM;13731;MARMITA DESCARTÁVEL;300740;ALTURA: 20, CAPACIDADE: 480, CARACTERÍSTICAS ADICIONAIS: COM TAMPA, FORMATO: REDONDO, MATERIAL: ALUMÍNIO, TAMANHO: Nº 7;CX;200,0000;80,0000;16000,0000;0,0000;31/12/2026
ERN - HOSPITAL DR JOSÉ PEDRO BEZERRA DE NATAL;925778;601;Material;925778-14/2026;Materias para escritorio, acondicionamento;Catálogo do Compras.gov.br;Material;8135;MATERIAIS A GRANEL PARA ACONDICIONAMENTO E EMBALAGEM;13731;MARMITA DESCARTÁVEL;450213;CAPACIDADE: 750, CARACTERÍSTICAS ADICIONAIS: COM TAMPA, MATERIAL: ISOPOR;CX;200,0000;36,6400;7328,0000;0,0000;31/12/2026
ERN - HOSPITAL DR JOSÉ PEDRO BEZERRA DE NATAL;925778;602;Material;925778-14/2026;Materias para escritorio, acondicionamento;Catálogo do Compras.gov.br;Material;8105;SACOS E BOLSAS;11902;SACO;460146;ALTURA: 80, GRAMATURA: 0,20, LARGURA: 50, MATERIAL: PLÁSTICO, TRANSMITÂNCIA: TRANSPARENTE;PCT;100,0000;90,0000;9000,0000;0,0000;31/12/2026
ERN - HOSPITAL DR JOSÉ PEDRO BEZERRA DE NATAL;925778;603;Material;925778-14/2026;Materias para escritorio, acondicionamento;Catálogo do Compras.gov.br;Material;8105;SACOS E BOLSAS;11902;SACO;308425;ALTURA: 25, APLICAÇÃO: EMBALAGEM, COR: INCOLOR, ESPESSURA: 0,5, LARGURA: 5, MATERIAL: PLÁSTICO;PCT;500,0000;10,0000;5000,0000;0,0000;31/12/2026
ERN - HOSPITAL DR JOSÉ PEDRO BEZERRA DE NATAL;925778;604;Material;925778-13/2026;Produtos quimicos, tintas, pisos, oleos;Catálogo do Compras.gov.br;Material;6850;ESPECIALIDADES QUÍMICAS DIVERSAS;2162;ÁGUA DESTILADA;352317;ASPECTO FÍSICO: ESTÉRIL E APIROGÊNICA, TIPO EMBALAGEM: EM SISTEMA FECHADO;BOL;1000,0000;4,9000;4900,0000;0,0000;31/12/2026
ERN - HOSPITAL DR JOSÉ PEDRO BEZERRA DE NATAL;925778;605;Material;925778-13/2026;Produtos quimicos, tintas, pisos, oleos;Catálogo do Compras.gov.br;Material;6850;ESPECIALIDADES QUÍMICAS DIVERSAS;2162;ÁGUA DESTILADA;352317;ASPECTO FÍSICO: ESTÉRIL E APIROGÊNICA, TIPO EMBALAGEM: EM SISTEMA FECHADO;AM;31000,0000;0,2100;6510,0000;0,0000;31/12/2026
ERN - HOSPITAL DR JOSÉ PEDRO BEZERRA DE NATAL;925778;606;Material;925778-13/2026;Produtos quimicos, tintas, pisos, oleos;Catálogo do Compras.gov.br;Material;6810;PRODUTOS QUÍMICOS;790;HIPOCLORITO DE SÓDIO;437161;ASPECTO FÍSICO: SOLUÇÃO AQUOSA, CONCENTRAÇÃO: TEOR 1% DE CLORO ATIVO;L;2000,0000;2,4000;4800,0000;0,0000;31/12/2026
ERN - HOSPITAL DR JOSÉ PEDRO BEZERRA DE NATAL;925778;607;Material;925778-13/2026;Produtos quimicos, tintas, pisos, oleos;Catálogo do Compras.gov.br;Material;6840;PESTICIDAS E DESINFETANTES;14235;DETERGENTE ENZIMÁTICO;328077;COMPOSIÇÃO: A BASE DE AMILASE, PROTEASE E LIPASE;L;130,0000;18,9400;2462,2000;0,0000;31/12/2026
ERN - HOSPITAL DR JOSÉ PEDRO BEZERRA DE NATAL;925778;608;Material;925778-13/2026;Produtos quimicos, tintas, pisos, oleos;Catálogo do Compras.gov.br;Material;6850;ESPECIALIDADES QUÍMICAS DIVERSAS;18331;ÓLEO DE SILICONE;289671;APLICAÇÃO: LUBRIFICANTE, ASPECTO FÍSICO: LÍQUIDO VISCOSO, VISCOSIDADE: 100;FR;2,0000;60,0000;120,0000;0,0000;31/12/2026
ERN - HOSPITAL DR JOSÉ PEDRO BEZERRA DE NATAL;925778;609;Material;925778-13/2026;Produtos quimicos, tintas, pisos, oleos;Catálogo do Compras.gov.br;Material;6810;PRODUTOS QUÍMICOS;7739;FORMALDEÍDO (FORMOL);345486;ASPECTO FÍSICO: LÍQUIDO INCOLOR, LÍMPIDO, CONCENTRAÇÃO: À 10%, CARACTERÍSTICA ADICIONAL: EM SOLUÇÃO AQUOSA;L;38,0000;8,2000;311,6000;0,0000;31/12/2026
ERN - HOSPITAL DR JOSÉ PEDRO BEZERRA DE NATAL;925778;610;Material;925778-13/2026;Produtos quimicos, tintas, pisos, oleos;Catálogo do Compras.gov.br;Material;6850;ESPECIALIDADES QUÍMICAS DIVERSAS;4186;CAL SODADA;301510;APLICAÇÃO: FILTRAGEM DE CO2 SISTEMA VENTILAÇÃO FECHADO, ASPECTO FÍSICO: GRANULADO, CARACTERÍSTICAS ADICIONAIS: GRAU DE DUREZA COM RUPTURA DE GRÃO ACIMA DE 700 G, COMPOSIÇÃO: HO2, COR: BRANCA, USO: ANESTESIA;EMB;2,0000;188,0000;376,0000;0,0000;31/12/2026
ERN - HOSPITAL DR JOSÉ PEDRO BEZERRA DE NATAL;925778;611;Material;925778-13/2026;Produtos quimicos, tintas, pisos, oleos;Catálogo do Compras.gov.br;Material;6850;ESPECIALIDADES QUÍMICAS DIVERSAS;2162;ÁGUA DESTILADA;352317;ASPECTO FÍSICO: ESTÉRIL E APIROGÊNICA, TIPO EMBALAGEM: EM SISTEMA FECHADO;BOL;200,0000;4,0000;800,0000;0,0000;31/12/2026
ERN - HOSPITAL DR JOSÉ PEDRO BEZERRA DE NATAL;925778;612;Material;925778-13/2026;Produtos quimicos, tintas, pisos, oleos;Catálogo do Compras.gov.br;Material;7920;VASSOURAS, ESCOVAS, RODOS, ESPONJAS E ESFREGÕES;7042;ESPONJA LIMPEZA;481018;APLICAÇÃO: LIMPEZA GERAL, MATERIAL: LÃ AÇO;PCT;3000,0000;1,7800;5340,0000;0,0000;31/12/2026
ERN - HOSPITAL DR JOSÉ PEDRO BEZERRA DE NATAL;925778;613;Material;925778-13/2026;Produtos quimicos, tintas, pisos, oleos;Catálogo do Compras.gov.br;Material;7920;VASSOURAS, ESCOVAS, RODOS, ESPONJAS E ESFREGÕES;7042;ESPONJA LIMPEZA;481020;APLICAÇÃO: UTENSÍLIOS DOMÉSTICOS, CARACTERÍSTICAS ADICIONAIS: DUPLA FACE, FORMATO: RETANGULAR, MATERIAL: ESPUMA / FIBRA;UN;4800,0000;2,0000;9600,0000;0,0000;31/12/2026
ERN - HOSPITAL DR JOSÉ PEDRO BEZERRA DE NATAL;925778;614;Material;925778-13/2026;Produtos quimicos, tintas, pisos, oleos;Catálogo do Compras.gov.br;Material;7920;VASSOURAS, ESCOVAS, RODOS, ESPONJAS E ESFREGÕES;6950;ESCOVA LIMPEZA GERAL;333358;APLICAÇÃO: VASO SANITÁRIO, CARACTERÍSTICAS ADICIONAIS: FORMATO ARREDONDADO, MATERIAL CERDAS: NÁILON, MATERIAL CORPO: PLÁSTICO;UN;120,0000;27,3000;3276,0000;0,0000;31/12/2026
ERN - HOSPITAL DR JOSÉ PEDRO BEZERRA DE NATAL;925778;615;Material;925778-13/2026;Produtos quimicos, tintas, pisos, oleos;Catálogo do Compras.gov.br;Material;7930;COMPOSTOS E PREPARADOS PARA LIMPEZA E POLIMENTO;6136;DETERGENTE;232373;APLICAÇÃO: REMOÇÃO GORDURA E SUJEIRA EM GERAL., AROMA: NEUTRO, CARACTERÍSTICAS ADICIONAIS: CONTÉM TENSOATIVO BIODEGRADÁVEL, COMPONENTE ATIVO: LINEAR ALQUIBENZENO SULFONATO DE SÓDIO, COMPOSIÇÃO: AGENTE ALCALINO SOLUENTE E DETERGENTE SINTÉTICO.;EMB;1800,0000;9,0000;16200,0000;0,0000;31/12/2026
ERN - HOSPITAL DR JOSÉ PEDRO BEZERRA DE NATAL;925778;616;Material;925778-13/2026;Produtos quimicos, tintas, pisos, oleos;Catálogo do Compras.gov.br;Material;7930;COMPOSTOS E PREPARADOS PARA LIMPEZA E POLIMENTO;6136;DETERGENTE;317367;ASPECTO FÍSICO: LÍQUIDO OPACO, CARACTERÍSTICAS ADICIONAIS: PH (1%) 11,70 A 13,70%, ALCALINIDADE LIVRE NAOH 44, COMPOSIÇÃO: HIDRÓXIDO DE SÓDIO,TENSOATIVO NÃO-IÔNICO,ÁCIDO FOS, DENSIDADE A 25° CELSIUS: 1,48 A 1,52;BOM;432,0000;270,0000;116640,0000;0,0000;31/12/2026
ERN - HOSPITAL DR JOSÉ PEDRO BEZERRA DE NATAL;925778;617;Material;925778-13/2026;Produtos quimicos, tintas, pisos, oleos;Catálogo do Compras.gov.br;Material;6850;ESPECIALIDADES QUÍMICAS DIVERSAS;6109;DESODORANTE / AROMATIZANTE DE AMBIENTE;457804;AROMA: VARIADO, CARACTERÍSTICAS ADICIONAIS: SPRAY, TIPO: AEROSOL;CX;360,0000;200,0000;72000,0000;0,0000;31/12/2026
ERN - HOSPITAL DR JOSÉ PEDRO BEZERRA DE NATAL;925778;794;Material;925778-11/2026;Materiais para manutenção;Catálogo do Compras.gov.br;Material;5610;MATERIAIS DE ORIGEM MINERAL PARA CONSTRUÇÃO, A GRANEL;867;CIMENTO PORTLAND;426440;MATERIAL: POZOLÂNICO, TIPO: CP II-Z-32RS;SC;120,0000;29,0000;3480,0000;0,0000;31/12/2026
ERN - HOSPITAL DR JOSÉ PEDRO BEZERRA DE NATAL;925778;618;Material;925778-13/2026;Produtos quimicos, tintas, pisos, oleos;Catálogo do Compras.gov.br;Material;7930;COMPOSTOS E PREPARADOS PARA LIMPEZA E POLIMENTO;2387;AMACIANTE DE ROUPA;349194;ASPECTO FÍSICO: LÍQUIDO VISCOSO, CARACTERÍSTICAS ADICIONAIS: EMBALAGEM PLÁSTICA TAMPA E ALÇA E BIODEGRADÁVEL, COMPOSIÇÃO: CLORETO DE DIALQUILDIMETILAMÔNIO;BOM;216,0000;635,0000;137160,0000;0,0000;31/12/2026
ERN - HOSPITAL DR JOSÉ PEDRO BEZERRA DE NATAL;925778;619;Material;925778-13/2026;Produtos quimicos, tintas, pisos, oleos;Catálogo do Compras.gov.br;Material;7920;VASSOURAS, ESCOVAS, RODOS, ESPONJAS E ESFREGÕES;14028;CABO MOP;427359;APLICAÇÃO: MOP PÓ, COMPONENTES: MANOPLA EM POLIPROPILENO, COMPRIMENTO: 1,50, MATERIAL: ALUMÍNIO;UN;24,0000;65,0000;1560,0000;0,0000;31/12/2026
ERN - HOSPITAL DR JOSÉ PEDRO BEZERRA DE NATAL;925778;620;Material;925778-13/2026;Produtos quimicos, tintas, pisos, oleos;Catálogo do Compras.gov.br;Material;6840;PESTICIDAS E DESINFETANTES;14487;DESINFETANTE;479541;FORMA FÍSICA: SOLUÇÃO AQUOSA, PRINCÍPIO ATIVO: CLORETO ALQUIL DIMETIL BENZIL AMÔNIO, TEOR ATIVO: 2,4% (P/P);L;750,0000;2,6000;1950,0000;0,0000;31/12/2026
ERN - HOSPITAL DR JOSÉ PEDRO BEZERRA DE NATAL;925778;621;Material;925778-13/2026;Produtos quimicos, tintas, pisos, oleos;Catálogo do Compras.gov.br;Material;7920;VASSOURAS, ESCOVAS, RODOS, ESPONJAS E ESFREGÕES;14441;VASSOURINHA;278323;APLICAÇÃO: LIMPEZA SANITÁRIO, MATERIAL CABO: PLÁSTICO, MATERIAL CERDA: NÁILON;UN;120,0000;13,0000;1560,0000;0,0000;31/12/2026
ERN - HOSPITAL DR JOSÉ PEDRO BEZERRA DE NATAL;925778;622;Material;925778-13/2026;Produtos quimicos, tintas, pisos, oleos;Catálogo do Compras.gov.br;Material;7920;VASSOURAS, ESCOVAS, RODOS, ESPONJAS E ESFREGÕES;7630;FLANELA;420506;COMPRIMENTO: 60, COR: AMARELA, LARGURA: 30, MATERIAL: 100% ALGODÃO;UN;240,0000;3,8000;912,0000;0,0000;31/12/2026
ERN - HOSPITAL DR JOSÉ PEDRO BEZERRA DE NATAL;925778;623;Material;925778-13/2026;Produtos quimicos, tintas, pisos, oleos;Catálogo do Compras.gov.br;Material;7920;VASSOURAS, ESCOVAS, RODOS, ESPONJAS E ESFREGÕES;14031;MOP PÓ;307861;APLICAÇÃO: LIMPEZA, CARACTERÍSTICAS ADICIONAIS: CABO INCLUSO, 300G, LAVÁVEL E ADAPTÁVEL A MODELOS, COMPRIMENTO: 40, COR: BRANCA, GRAMATURA: 150, LARGURA: 12, MATERIAL: MICROFIBRAS DE ALGODÃO COSTURADAS NA BASE DE METAL;UN;480,0000;47,0000;22560,0000;0,0000;31/12/2026
ERN - HOSPITAL DR JOSÉ PEDRO BEZERRA DE NATAL;925778;624;Material;925778-13/2026;Produtos quimicos, tintas, pisos, oleos;Catálogo do Compras.gov.br;Material;7920;VASSOURAS, ESCOVAS, RODOS, ESPONJAS E ESFREGÕES;13989;MOP ÚMIDO;307875;APLICAÇÃO: LIMPEZA, CARACTERÍSTICAS ADICIONAIS: COSTURA REFORÇADA, TIPO ESFREGÃO E LAVÁVEL, COMPRIMENTO: 20, COR: BRANCA, GRAMATURA: 100, LARGURA: 22, MATERIAL: FIO DE ALGODÃO DE ALTA QUALIDADE, PESO: 300, TIPO PONTA: DOBRADA;UN;480,0000;52,9000;25392,0000;0,0000;31/12/2026
ERN - HOSPITAL DR JOSÉ PEDRO BEZERRA DE NATAL;925778;625;Material;925778-13/2026;Produtos quimicos, tintas, pisos, oleos;Catálogo do Compras.gov.br;Material;7920;VASSOURAS, ESCOVAS, RODOS, ESPONJAS E ESFREGÕES;14017;PÁ COLETORA LIXO;395513;CARACTERÍSTICAS ADICIONAIS: PERFIL DE BORRACHA, COMPRIMENTO: 20, COMPRIMENTO CABO: 85, LARGURA: 25, MATERIAL CABO: AÇO REVESTIDO COM PLÁSTICO, MATERIAL COLETOR: PLÁSTICO RESISTENTE, MODELO: SEM TAMPA;UN;120,0000;4,0000;480,0000;0,0000;31/12/2026
ERN - HOSPITAL DR JOSÉ PEDRO BEZERRA DE NATAL;925778;626;Material;925778-13/2026;Produtos quimicos, tintas, pisos, oleos;Catálogo do Compras.gov.br;Material;7930;COMPOSTOS E PREPARADOS PARA LIMPEZA E POLIMENTO;11863;SABÃO BARRA;238156;COMPOSIÇÃO BÁSICA: SABÃO GLICERINADO, TIPO: GLICERINA;UN;600,0000;2,9000;1740,0000;0,0000;31/12/2026
ERN - HOSPITAL DR JOSÉ PEDRO BEZERRA DE NATAL;925778;627;Material;925778-13/2026;Produtos quimicos, tintas, pisos, oleos;Catálogo do Compras.gov.br;Material;7920;VASSOURAS, ESCOVAS, RODOS, ESPONJAS E ESFREGÕES;13327;VASSOURA;476381;CARACTERÍSTICAS ADICIONAIS: CABO ROSQUEÁVEL, 1,50 M, COMPRIMENTO CEPA: 40, MATERIAL CEPA: PLÁSTICO, MATERIAL CERDAS: PET (RECICLADO);UN;300,0000;18,0000;5400,0000;0,0000;31/12/2026
ERN - HOSPITAL DR JOSÉ PEDRO BEZERRA DE NATAL;925778;628;Material;925778-13/2026;Produtos quimicos, tintas, pisos, oleos;Catálogo do Compras.gov.br;Material;7930;COMPOSTOS E PREPARADOS PARA LIMPEZA E POLIMENTO;2166;ÁGUA SANITÁRIA;226700;COMPOSIÇÃO QUÍMICA: HIPOCLORITO DE SÓDIO, HIDRÓXIDO DE SÓDIO, CLORETO, COR: AMARELA ESVERDEADA BASTANTE FRACA, DENSIDADE: DE 1,20 A 1, TEOR CLORO ATIVO: VARIA DE 2 A 2,50%, TIPO: COMUM, CLASSE CORROSIVO: CLASSE 8, NÚMERO RISCO: 85, RISCO SAÚDE: 3, CORROSIVIDADE: 1, PESO MOLECULAR CLORO: 74,50, APLICAÇÃO: LAVAGEM E ALVEJANTE DE ROUPAS, BANHEIRAS, PIAS,;GRF;360,0000;8,5000;3060,0000;0,0000;31/12/2026
ERN - HOSPITAL DR JOSÉ PEDRO BEZERRA DE NATAL;925778;629;Material;925778-13/2026;Produtos quimicos, tintas, pisos, oleos;Catálogo do Compras.gov.br;Material;7930;COMPOSTOS E PREPARADOS PARA LIMPEZA E POLIMENTO;2166;ÁGUA SANITÁRIA;226700;COMPOSIÇÃO QUÍMICA: HIPOCLORITO DE SÓDIO, HIDRÓXIDO DE SÓDIO, CLORETO, COR: AMARELA ESVERDEADA BASTANTE FRACA, DENSIDADE: DE 1,20 A 1, TEOR CLORO ATIVO: VARIA DE 2 A 2,50%, TIPO: COMUM, CLASSE CORROSIVO: CLASSE 8, NÚMERO RISCO: 85, RISCO SAÚDE: 3, CORROSIVIDADE: 1, PESO MOLECULAR CLORO: 74,50, APLICAÇÃO: LAVAGEM E ALVEJANTE DE ROUPAS, BANHEIRAS, PIAS,;GRF;1800,0000;1,7900;3222,0000;0,0000;31/12/2026
ERN - HOSPITAL DR JOSÉ PEDRO BEZERRA DE NATAL;925778;630;Material;925778-13/2026;Produtos quimicos, tintas, pisos, oleos;Catálogo do Compras.gov.br;Material;7930;COMPOSTOS E PREPARADOS PARA LIMPEZA E POLIMENTO;2387;AMACIANTE DE ROUPA;349194;ASPECTO FÍSICO: LÍQUIDO VISCOSO, CARACTERÍSTICAS ADICIONAIS: EMBALAGEM PLÁSTICA TAMPA E ALÇA E BIODEGRADÁVEL, COMPOSIÇÃO: CLORETO DE DIALQUILDIMETILAMÔNIO;BOM;288,0000;400,0000;115200,0000;0,0000;31/12/2026
ERN - HOSPITAL DR JOSÉ PEDRO BEZERRA DE NATAL;925778;631;Material;925778-13/2026;Produtos quimicos, tintas, pisos, oleos;Catálogo do Compras.gov.br;Material;9160;CERAS, ÓLEOS E GORDURAS DIVERSOS;681;CERA;292586;APLICAÇÃO: LIMPEZA DE PISOS, CARACTERÍSTICAS ADICIONAIS: ANTIDERRAPANTE, IMPERMEABILIZANTE, COMPOSIÇÃO: A BASE DE ÁGUA, CARNAÚBA E RESINAS METALIZADAS, COR: INCOLOR LEITOSO, TIPO: LÍQUIDA;BOM;180,0000;75,9500;13671,0000;0,0000;31/12/2026
ERN - HOSPITAL DR JOSÉ PEDRO BEZERRA DE NATAL;925778;632;Material;925778-13/2026;Produtos quimicos, tintas, pisos, oleos;Catálogo do Compras.gov.br;Material;6840;PESTICIDAS E DESINFETANTES;14487;DESINFETANTE;410279;CARACTERÍSTICA ADICIONAL: SEM AROMA, FORMA FÍSICA: SOLUÇÃO AQUOSA CONCENTRADA, PRINCÍPIO ATIVO: À BASE DE PERÓXIDO DE HIDROGÊNIO E ÁCIDO FOSFÓRICO, TEOR ATIVO: TEOR ATIVO 4,25%;L;1800,0000;46,6000;83880,0000;0,0000;31/12/2026
ERN - HOSPITAL DR JOSÉ PEDRO BEZERRA DE NATAL;925778;633;Material;925778-13/2026;Produtos quimicos, tintas, pisos, oleos;Catálogo do Compras.gov.br;Material;7930;COMPOSTOS E PREPARADOS PARA LIMPEZA E POLIMENTO;6136;DETERGENTE;249960;APLICAÇÃO: LAVAGEM TALHERES, LOUÇAS, PISOS, AZULEJOS, AROMA: INODORO, CARACTERÍSTICAS ADICIONAIS: LÍQUIDO VISCOSO, COR MEL, PH (100%): 6,7 À 7,0,  E, COMPONENTE ATIVO: TENSOATIVO ANIÔNICO (TODECILBENZENO SULFANATO DE, COMPOSIÇÃO: AGENTE SEQUESTRANTE, ESTABILIZANTE, UMECTANTE,;EMB;200,0000;12,4000;2480,0000;0,0000;31/12/2026
ERN - HOSPITAL DR JOSÉ PEDRO BEZERRA DE NATAL;925778;634;Material;925778-13/2026;Produtos quimicos, tintas, pisos, oleos;Catálogo do Compras.gov.br;Material;8030;COMPOSTOS PRESERVATIVOS E VEDANTES;8295;IMPERMEABILIZANTE;351129;APLICAÇÃO: PISO, ASPECTO FÍSICO: LÍQUIDO, COMPOSIÇÃO BÁSICA: EMULSÃO DE POLÍMEROS, EMULSÃO DE CERA, ALCANIZANTE, COR: INCOLOR;BOM;180,0000;188,4600;33922,8000;0,0000;31/12/2026
ERN - HOSPITAL DR JOSÉ PEDRO BEZERRA DE NATAL;925778;653;Material;925778-13/2026;Produtos quimicos, tintas, pisos, oleos;Catálogo do Compras.gov.br;Material;6810;PRODUTOS QUÍMICOS;14564;NEUTRALIZANTE QUÍMICO;424509;APLICAÇÃO: REDUTOR DE PH, CARACTERÍSTICAS ADICIONAIS: SOLÚVEL EM ÁGUA, COMPOSIÇÃO: ÁCIDO CLORIDRICO;BD;48,0000;620,0000;29760,0000;0,0000;31/12/2026
ERN - HOSPITAL DR JOSÉ PEDRO BEZERRA DE NATAL;925778;635;Material;925778-13/2026;Produtos quimicos, tintas, pisos, oleos;Catálogo do Compras.gov.br;Material;7930;COMPOSTOS E PREPARADOS PARA LIMPEZA E POLIMENTO;13773;LUSTRADOR MADEIRA;244593;APLICAÇÃO: RENOVAÇÃO/REALCE MÓVEIS E MADEIRAS EM GERAL, AROMA: PEROBA, COMPONENTES: ÓLEOS  MINERAL  E  VEGETAL,  SOLVENTES  MINERAL  E, MÉTODO APLICAÇÃO: À SUPERFICIE;UN;150,0000;2,8000;420,0000;0,0000;31/12/2026
ERN - HOSPITAL DR JOSÉ PEDRO BEZERRA DE NATAL;925778;636;Material;925778-13/2026;Produtos quimicos, tintas, pisos, oleos;Catálogo do Compras.gov.br;Material;7920;VASSOURAS, ESCOVAS, RODOS, ESPONJAS E ESFREGÕES;14017;PÁ COLETORA LIXO;395513;CARACTERÍSTICAS ADICIONAIS: PERFIL DE BORRACHA, COMPRIMENTO: 20, COMPRIMENTO CABO: 85, LARGURA: 25, MATERIAL CABO: AÇO REVESTIDO COM PLÁSTICO, MATERIAL COLETOR: PLÁSTICO RESISTENTE, MODELO: SEM TAMPA;UN;120,0000;3,9000;468,0000;0,0000;31/12/2026
ERN - HOSPITAL DR JOSÉ PEDRO BEZERRA DE NATAL;925778;637;Material;925778-13/2026;Produtos quimicos, tintas, pisos, oleos;Catálogo do Compras.gov.br;Material;7920;VASSOURAS, ESCOVAS, RODOS, ESPONJAS E ESFREGÕES;11781;RODO;333131;CARACTERÍSTICAS ADICIONAIS: CABO APROXIMADAMENTE 1,50 M, COM ROSCA, COMPRIMENTO SUPORTE: 50, MATERIAL CABO: ALUMÍNIO, MATERIAL SUPORTE: ALUMÍNIO, QUANTIDADE BORRACHAS: 2;UN;120,0000;28,0000;3360,0000;0,0000;31/12/2026
ERN - HOSPITAL DR JOSÉ PEDRO BEZERRA DE NATAL;925778;638;Material;925778-13/2026;Produtos quimicos, tintas, pisos, oleos;Catálogo do Compras.gov.br;Material;7920;VASSOURAS, ESCOVAS, RODOS, ESPONJAS E ESFREGÕES;11781;RODO;417262;COMPRIMENTO SUPORTE: 40, MATERIAL CABO: ALUMÍNIO, MATERIAL SUPORTE: ALUMÍNIO, QUANTIDADE BORRACHAS: 2;UN;120,0000;25,0000;3000,0000;0,0000;31/12/2026
ERN - HOSPITAL DR JOSÉ PEDRO BEZERRA DE NATAL;925778;639;Material;925778-13/2026;Produtos quimicos, tintas, pisos, oleos;Catálogo do Compras.gov.br;Material;7920;VASSOURAS, ESCOVAS, RODOS, ESPONJAS E ESFREGÕES;11781;RODO;295691;CARACTERÍSTICAS ADICIONAIS: CABO APROXIMADAMENTE 1,50 M, COMPRIMENTO SUPORTE: 30, MATERIAL CABO: ALUMÍNIO, QUANTIDADE BORRACHAS: 2;UN;120,0000;23,0000;2760,0000;0,0000;31/12/2026
ERN - HOSPITAL DR JOSÉ PEDRO BEZERRA DE NATAL;925778;640;Material;925778-13/2026;Produtos quimicos, tintas, pisos, oleos;Catálogo do Compras.gov.br;Material;7920;VASSOURAS, ESCOVAS, RODOS, ESPONJAS E ESFREGÕES;14032;LIMPADOR VIDRO;312908;CARACTERÍSTICAS ADICIONAIS: 2 LADOS: BORRACHA ESPECIAL E ESPONJA SINTÉTICA, COMPRIMENTO BASE: 20,50, COMPRIMENTO CABO: 45, MATERIAL BASE: POLIPROPILENO, MATERIAL CABO: PVC;UN;48,0000;27,8400;1336,3200;0,0000;31/12/2026
ERN - HOSPITAL DR JOSÉ PEDRO BEZERRA DE NATAL;925778;641;Material;925778-13/2026;Produtos quimicos, tintas, pisos, oleos;Catálogo do Compras.gov.br;Material;7920;VASSOURAS, ESCOVAS, RODOS, ESPONJAS E ESFREGÕES;13327;VASSOURA;621603;CARACTERÍSTICAS ADICIONAIS: CABO 28 MM X 1,40M, COMPRIMENTO CEPA: 26, LARGURA CEPA: 9, MATERIAL CEPA: PLÁSTICO, MATERIAL CERDAS: P.E.T.;UN;480,0000;15,5000;7440,0000;0,0000;31/12/2026
ERN - HOSPITAL DR JOSÉ PEDRO BEZERRA DE NATAL;925778;642;Material;925778-13/2026;Produtos quimicos, tintas, pisos, oleos;Catálogo do Compras.gov.br;Material;7920;VASSOURAS, ESCOVAS, RODOS, ESPONJAS E ESFREGÕES;13327;VASSOURA;446269;CARACTERÍSTICAS ADICIONAIS: CABO DE MADEIRA PLASTIFICADA, COMPRIMENTO CEPA: 40, DIÂMETRO CEPA: 25, MATERIAL CEPA: POLIPROPILENO, MATERIAL CERDAS: PÊLO SINTÉTICO;UN;300,0000;19,0000;5700,0000;0,0000;31/12/2026
ERN - HOSPITAL DR JOSÉ PEDRO BEZERRA DE NATAL;925778;643;Material;925778-13/2026;Produtos quimicos, tintas, pisos, oleos;Catálogo do Compras.gov.br;Material;7920;VASSOURAS, ESCOVAS, RODOS, ESPONJAS E ESFREGÕES;10344;PANO LIMPEZA;329708;APLICAÇÃO: LIMPEZA GERAL, CARACTERÍSTICAS ADICIONAIS: LAVADO, ALVEJADO, BAINHA, COMPRIMENTO: 120, LARGURA: 100, MATERIAL: 100% ALGODÃO;UN;1500,0000;5,5000;8250,0000;0,0000;31/12/2026
ERN - HOSPITAL DR JOSÉ PEDRO BEZERRA DE NATAL;925778;644;Material;925778-13/2026;Produtos quimicos, tintas, pisos, oleos;Catálogo do Compras.gov.br;Material;7920;VASSOURAS, ESCOVAS, RODOS, ESPONJAS E ESFREGÕES;10344;PANO LIMPEZA;449804;APLICAÇÃO: LIMPEZA PESADA, COMPRIMENTO: 300, LARGURA: 33, MATERIAL: TNT Á BASE DE POLIÉSTER E VISCOSE, TIPO: BOBIMA;BOB;100,0000;140,0000;14000,0000;0,0000;31/12/2026
ERN - HOSPITAL DR JOSÉ PEDRO BEZERRA DE NATAL;925778;645;Material;925778-13/2026;Produtos quimicos, tintas, pisos, oleos;Catálogo do Compras.gov.br;Material;7920;VASSOURAS, ESCOVAS, RODOS, ESPONJAS E ESFREGÕES;6946;ESCOVA ROUPA;446274;COR CERDAS: BRANCA E AZUL, MATERIAL CERDAS: PET, MATERIAL CORPO: PLÁSTICO;UN;48,0000;7,1000;340,8000;0,0000;31/12/2026
ERN - HOSPITAL DR JOSÉ PEDRO BEZERRA DE NATAL;925778;646;Material;925778-13/2026;Produtos quimicos, tintas, pisos, oleos;Catálogo do Compras.gov.br;Material;7930;COMPOSTOS E PREPARADOS PARA LIMPEZA E POLIMENTO;8952;POLIDOR;485831;APLICAÇÃO: POLIMENTO, ASPECTO FÍSICO: LÍQUIDO, COMPOSIÇÃO: ÓXIDO DE ALUMÍNIO;FR;150,0000;1,9700;295,5000;0,0000;31/12/2026
ERN - HOSPITAL DR JOSÉ PEDRO BEZERRA DE NATAL;925778;647;Material;925778-13/2026;Produtos quimicos, tintas, pisos, oleos;Catálogo do Compras.gov.br;Material;7930;COMPOSTOS E PREPARADOS PARA LIMPEZA E POLIMENTO;11634;REMOVEDOR;259298;APLICAÇÃO: REMOÇÃO CERA ACRÍLICA E SUJEIRAS EM GERAL, ASPECTO FÍSICO: LÍQUIDO, CARACTERÍSTICAS ADICIONAIS: TEOR DE NÃO VOLÁTEIS MÍNIMO DE 17%, DILUIÇÃO: 1 LITRO PARA 6 LITROS DE ÁGUA, TEOR ACIDEZ: PH DE 13 A 14%, TIPO: ALCALINIZANTES E SOLVENTES ESPECIAIS;BOM;100,0000;78,9000;7890,0000;0,0000;31/12/2026
ERN - HOSPITAL DR JOSÉ PEDRO BEZERRA DE NATAL;925778;648;Material;925778-13/2026;Produtos quimicos, tintas, pisos, oleos;Catálogo do Compras.gov.br;Material;8010;TINTAS, VERNIZES E PRODUTOS CORRELATOS;8295;IMPERMEABILIZANTE;362344;APLICAÇÃO: PISO, ASPECTO FÍSICO: LÍQUIDO, COMPOSIÇÃO BÁSICA: RESINAS ACRÍLICAS METALIZADAS, SURFACTANTES, PLAS, COR: INCOLOR;BOM;120,0000;219,0000;26280,0000;0,0000;31/12/2026
ERN - HOSPITAL DR JOSÉ PEDRO BEZERRA DE NATAL;925778;649;Material;925778-13/2026;Produtos quimicos, tintas, pisos, oleos;Catálogo do Compras.gov.br;Material;6840;PESTICIDAS E DESINFETANTES;14487;DESINFETANTE;616691;COMPOSIÇÃO: À BASE DE QUATERNÁRIOS DE AMÔNIO, FORMA FÍSICA: SOLUÇÃO AQUOSA CONCENTRADA, PRINCÍPIO ATIVO: ASSOCIADO À BIGUANIDA (PHMB), TEOR ATIVO: 20,57% P/P + 0,9% P/P;L;150,0000;44,0000;6600,0000;0,0000;31/12/2026
ERN - HOSPITAL DR JOSÉ PEDRO BEZERRA DE NATAL;925778;650;Material;925778-13/2026;Produtos quimicos, tintas, pisos, oleos;Catálogo do Compras.gov.br;Material;7930;COMPOSTOS E PREPARADOS PARA LIMPEZA E POLIMENTO;6136;DETERGENTE;453374;APLICAÇÃO: REMOÇÃO GORDURA E SUJEIRA EM GERAL., ASPECTO FÍSICO: LÍQUIDO LEVEMENTE AMARELADO, CARACTERÍSTICAS ADICIONAIS: DESENCRUSTANTE PH (PURO) 12,5 A 13,5)  DENSIDADE, COMPOSIÇÃO: HIDRÓXIDO DE SÓDIO, COADJUVANTE, DISPERSANTE SEQU-;EMB;48,0000;20,2300;971,0400;0,0000;31/12/2026
ERN - HOSPITAL DR JOSÉ PEDRO BEZERRA DE NATAL;925778;651;Material;925778-13/2026;Produtos quimicos, tintas, pisos, oleos;Catálogo do Compras.gov.br;Material;7930;COMPOSTOS E PREPARADOS PARA LIMPEZA E POLIMENTO;6136;DETERGENTE;226698;APLICAÇÃO: REMOÇÃO DE GORDURAS DE LOUÇAS, TALHERES E PANELAS, AROMA: NEUTRO, CARACTERÍSTICAS ADICIONAIS: CONTÉM TENSOATIVO BIODEGRADÁVEL, COMPONENTE ATIVO: LINEAR ALQUIBENZENO SULFONATO DE SÓDIO, COMPOSIÇÃO: TESOATIVOS ANIÔNICOS, COADJUVANTE, PRESERVANTES,;FR;150,0000;3,8400;576,0000;0,0000;31/12/2026
ERN - HOSPITAL DR JOSÉ PEDRO BEZERRA DE NATAL;925778;652;Material;925778-13/2026;Produtos quimicos, tintas, pisos, oleos;Catálogo do Compras.gov.br;Material;6840;PESTICIDAS E DESINFETANTES;14235;DETERGENTE ENZIMÁTICO;476022;ADICIONAL: PARA AUTOMAÇÃO, COMPOSIÇÃO: A BASE DE AMILASE, PROTEASE, LIPASE E CARBOIDRASE;L;10800,0000;17,1200;184896,0000;0,0000;31/12/2026
ERN - HOSPITAL DR JOSÉ PEDRO BEZERRA DE NATAL;925778;654;Material;925778-13/2026;Produtos quimicos, tintas, pisos, oleos;Catálogo do Compras.gov.br;Material;7920;VASSOURAS, ESCOVAS, RODOS, ESPONJAS E ESFREGÕES;6950;ESCOVA LIMPEZA GERAL;383563;CARACTERÍSTICAS ADICIONAIS: CABO ANTIDERRAPANTE, COMPRIMENTO: 18, MATERIAL CERDAS: AÇO INOX, FINAS E SUAVES, MATERIAL CORPO: PLÁSTICO;UN;10,0000;26,0000;260,0000;0,0000;31/12/2026
ERN - HOSPITAL DR JOSÉ PEDRO BEZERRA DE NATAL;925778;655;Material;925778-13/2026;Produtos quimicos, tintas, pisos, oleos;Catálogo do Compras.gov.br;Material;8020;PINCEL PARA ARTISTAS E PINTORES;1567;BROXA PINTURA;328973;APLICAÇÃO: CAIAÇÃO E PISOS, BITOLA: 185 X 80, COR CABO: PRETA, FORMATO: RETANGULAR, MATERIAL BASE: PLÁSTICO, MATERIAL CABO: PLÁSTICO, MATERIAL CERDAS: SINTÉTICO E FIBRAS NATURAIS, TAMANHO: GRANDE;UN;60,0000;15,0000;900,0000;0,0000;31/12/2026
ERN - HOSPITAL DR JOSÉ PEDRO BEZERRA DE NATAL;925778;656;Material;925778-13/2026;Produtos quimicos, tintas, pisos, oleos;Catálogo do Compras.gov.br;Material;8030;COMPOSTOS PRESERVATIVOS E VEDANTES;12065;SILICONE;612300;APRESENTAÇÃO: PASTOSA, COMPOSIÇÃO QUÍMICA: ADESIVO SELANTE TIXOTRÓPICO MONOCOMPONENTE, TIPO: ACÉTICO;FR;50,0000;35,0000;1750,0000;0,0000;31/12/2026
ERN - HOSPITAL DR JOSÉ PEDRO BEZERRA DE NATAL;925778;657;Material;925778-13/2026;Produtos quimicos, tintas, pisos, oleos;Catálogo do Compras.gov.br;Material;8010;TINTAS, VERNIZES E PRODUTOS CORRELATOS;12746;TINTA ESMALTE;392676;APLICAÇÃO: METAIS NÃO FERROSOS/FIBRA DE VIDRO/AZULEJOS, CARACTERÍSTICAS ADICIONAIS: SEM CHUMBO/PROTEÇÃO CONTRA MOFO E FUNGOS, COR: BRANCA, MATERIAL: ESMALTE SINTÉTICO/POLIESMALTE A BASE D'ÁGUA, TIPO ACABAMENTO: SEMI-BRILHO;GL;50,0000;145,0000;7250,0000;0,0000;31/12/2026
ERN - HOSPITAL DR JOSÉ PEDRO BEZERRA DE NATAL;925778;658;Material;925778-13/2026;Produtos quimicos, tintas, pisos, oleos;Catálogo do Compras.gov.br;Material;8010;TINTAS, VERNIZES E PRODUTOS CORRELATOS;1501;TINTA ACRÍLICA;453737;ASPECTO FÍSICO: LÍQUIDO VISCOSO, COMPONENTES: RESINA A BASE DE DISPERSÃO AQUOSA DE COPOLÍMERO,, COR: BRANCA, TIPO ACABAMENTO: SEMI-BRILHO;BD;120,0000;469,0000;56280,0000;0,0000;31/12/2026
ERN - HOSPITAL DR JOSÉ PEDRO BEZERRA DE NATAL;925778;659;Material;925778-13/2026;Produtos quimicos, tintas, pisos, oleos;Catálogo do Compras.gov.br;Material;8010;TINTAS, VERNIZES E PRODUTOS CORRELATOS;1501;TINTA ACRÍLICA;446955;ASPECTO FÍSICO: LÍQUIDO VISCOSO, CARACTERÍSTICAS ADICIONAIS: APLICAÇÃO INTERNA/EXTERNA, COMPONENTES: ÁGUA, RESINA ACRÍLICA, PIGMENTOS ORGÂNICOS E INOR-, COR: BRANCO NEVE, TIPO ACABAMENTO: SEMI-BRILHO;BD;60,0000;459,0000;27540,0000;0,0000;31/12/2026
ERN - HOSPITAL DR JOSÉ PEDRO BEZERRA DE NATAL;925778;660;Material;925778-13/2026;Produtos quimicos, tintas, pisos, oleos;Catálogo do Compras.gov.br;Material;8010;TINTAS, VERNIZES E PRODUTOS CORRELATOS;1501;TINTA ACRÍLICA;453756;ASPECTO FÍSICO: LÍQUIDO VISCOSO, COMPONENTES: RESINA A BASE DE DISPERSÃO AQUOSA DE COPOLÍMERO,, COR: PALHA, TIPO ACABAMENTO: SEMI-BRILHO;BD;100,0000;489,0000;48900,0000;0,0000;31/12/2026
ERN - HOSPITAL DR JOSÉ PEDRO BEZERRA DE NATAL;925778;661;Material;925778-13/2026;Produtos quimicos, tintas, pisos, oleos;Catálogo do Compras.gov.br;Material;8030;COMPOSTOS PRESERVATIVOS E VEDANTES;9119;MANTA ASFÁLTICA;440472;ACABAMENTO: LÂMINA DE ALUMÍNIO, APRESENTAÇÃO: ROLO, COMPOSIÇÃO: ASFALTO MODIFICADO COM POLÍMEROS, COMPRIMENTO: 10, LARGURA: 45;RO;10,0000;65,0000;650,0000;0,0000;31/12/2026
ERN - HOSPITAL DR JOSÉ PEDRO BEZERRA DE NATAL;925778;662;Material;925778-13/2026;Produtos quimicos, tintas, pisos, oleos;Catálogo do Compras.gov.br;Material;8010;TINTAS, VERNIZES E PRODUTOS CORRELATOS;1508;MASSA CORRIDA;356009;COMPOSIÇÃO BÁSICA: EMULSÃO ACRÍLICA ESTIRENADA, HIDROCARBONETOS ALIFÁ, SOLUBILIDADE: ÁGUA, TEMPO SECAGEM: 4;EMB;50,0000;140,0000;7000,0000;0,0000;31/12/2026
ERN - HOSPITAL DR JOSÉ PEDRO BEZERRA DE NATAL;925778;663;Material;925778-13/2026;Produtos quimicos, tintas, pisos, oleos;Catálogo do Compras.gov.br;Material;8010;TINTAS, VERNIZES E PRODUTOS CORRELATOS;11979;SELADOR / FUNDO PREPARADOR;453732;ACABAMENTO: FOSCO, APLICAÇÃO: SUPERFÍCIE ALVENARIA, COR: BRANCA, MÉTODO APLICAÇÃO: ROLO, PINCEL, PISTOLA OU BONECA;LT;30,0000;225,0000;6750,0000;0,0000;31/12/2026
ERN - HOSPITAL DR JOSÉ PEDRO BEZERRA DE NATAL;925778;664;Material;925778-13/2026;Produtos quimicos, tintas, pisos, oleos;Catálogo do Compras.gov.br;Material;8010;TINTAS, VERNIZES E PRODUTOS CORRELATOS;11979;SELADOR / FUNDO PREPARADOR;453732;ACABAMENTO: FOSCO, APLICAÇÃO: SUPERFÍCIE ALVENARIA, COR: BRANCA, MÉTODO APLICAÇÃO: ROLO, PINCEL, PISTOLA OU BONECA;LT;30,0000;225,0000;6750,0000;0,0000;31/12/2026
ERN - HOSPITAL DR JOSÉ PEDRO BEZERRA DE NATAL;925778;665;Material;925778-13/2026;Produtos quimicos, tintas, pisos, oleos;Catálogo do Compras.gov.br;Material;8020;PINCEL PARA ARTISTAS E PINTORES;1573;TRINCHA;602368;MATERIAL CABO: ANATOMICO, MATERIAL CERDAS: CERDAS DE PORCO., TAMANHO: 1/2" - 1" - 2".;UN;100,0000;2,0000;200,0000;0,0000;31/12/2026
ERN - HOSPITAL DR JOSÉ PEDRO BEZERRA DE NATAL;925778;666;Material;925778-13/2026;Produtos quimicos, tintas, pisos, oleos;Catálogo do Compras.gov.br;Material;8020;PINCEL PARA ARTISTAS E PINTORES;1573;TRINCHA;466338;CARACTERÍSTICAS ADICIONAIS: BASE CERDAS EM METAL, MATERIAL CABO: PLÁSTICO, MATERIAL CERDAS: PÊLO CRINA DE CAVALO, TAMANHO: 1, TIPO CABO: CURTO;UN;100,0000;4,5000;450,0000;0,0000;31/12/2026
ERN - HOSPITAL DR JOSÉ PEDRO BEZERRA DE NATAL;925778;667;Material;925778-13/2026;Produtos quimicos, tintas, pisos, oleos;Catálogo do Compras.gov.br;Material;8020;PINCEL PARA ARTISTAS E PINTORES;1573;TRINCHA;466611;CARACTERÍSTICAS ADICIONAIS: BASE CERDAS EM METAL, MATERIAL CABO: PLÁSTICO, MATERIAL CERDAS: PÊLO CRINA DE CAVALO, TAMANHO: 2, TIPO CABO: CURTO;UN;100,0000;5,5000;550,0000;0,0000;31/12/2026
ERN - HOSPITAL DR JOSÉ PEDRO BEZERRA DE NATAL;925778;668;Material;925778-13/2026;Produtos quimicos, tintas, pisos, oleos;Catálogo do Compras.gov.br;Material;8020;PINCEL PARA ARTISTAS E PINTORES;1573;TRINCHA;466026;CARACTERÍSTICAS ADICIONAIS: BASE CERDAS EM METAL, MATERIAL CABO: PLÁSTICO, MATERIAL CERDAS: PÊLO CRINA DE CAVALO, TAMANHO: 3, TIPO CABO: CURTO;UN;100,0000;13,5000;1350,0000;0,0000;31/12/2026
ERN - HOSPITAL DR JOSÉ PEDRO BEZERRA DE NATAL;925778;669;Material;925778-13/2026;Produtos quimicos, tintas, pisos, oleos;Catálogo do Compras.gov.br;Material;8020;PINCEL PARA ARTISTAS E PINTORES;1573;TRINCHA;467560;MATERIAL CABO: PLÁSTICO, MATERIAL CERDAS: SINTÉTICA, TAMANHO: 4;UN;100,0000;18,0000;1800,0000;0,0000;31/12/2026
ERN - HOSPITAL DR JOSÉ PEDRO BEZERRA DE NATAL;925778;670;Material;925778-13/2026;Produtos quimicos, tintas, pisos, oleos;Catálogo do Compras.gov.br;Material;8010;TINTAS, VERNIZES E PRODUTOS CORRELATOS;1501;TINTA ACRÍLICA;446955;ASPECTO FÍSICO: LÍQUIDO VISCOSO, CARACTERÍSTICAS ADICIONAIS: APLICAÇÃO INTERNA/EXTERNA, COMPONENTES: ÁGUA, RESINA ACRÍLICA, PIGMENTOS ORGÂNICOS E INOR-, COR: BRANCO NEVE, TIPO ACABAMENTO: SEMI-BRILHO;BD;130,0000;387,0000;50310,0000;0,0000;31/12/2026
ERN - HOSPITAL DR JOSÉ PEDRO BEZERRA DE NATAL;925778;671;Material;925778-13/2026;Produtos quimicos, tintas, pisos, oleos;Catálogo do Compras.gov.br;Material;8010;TINTAS, VERNIZES E PRODUTOS CORRELATOS;12746;TINTA ESMALTE;472317;APLICAÇÃO: METAL E MADEIRA, CARACTERÍSTICAS ADICIONAIS: DILUIÇÃO COM ÁGUA, COR: BRANCA, TIPO ACABAMENTO: BRILHANTE;GL;5,0000;157,0000;785,0000;0,0000;31/12/2026
ERN - HOSPITAL DR JOSÉ PEDRO BEZERRA DE NATAL;925778;672;Material;925778-13/2026;Produtos quimicos, tintas, pisos, oleos;Catálogo do Compras.gov.br;Material;8010;TINTAS, VERNIZES E PRODUTOS CORRELATOS;12746;TINTA ESMALTE;471064;APLICAÇÃO: PAREDE / MADEIRA / ESTRUTURA METÁLICA, COR: AMARELA, TIPO ACABAMENTO: SINTÉTICO;GL;10,0000;103,0000;1030,0000;0,0000;31/12/2026
ERN - HOSPITAL DR JOSÉ PEDRO BEZERRA DE NATAL;925778;673;Material;925778-13/2026;Produtos quimicos, tintas, pisos, oleos;Catálogo do Compras.gov.br;Material;8040;ADESIVOS;11348;ADESIVO CONEXÃO HIDRÁULICA;241330;COMPOSIÇÃO: ACETONA/METILETILCETONA/TOLUAL E RESINA PVC, PRAZO VALIDADE: 1 ANO APÓS FABRICAÇÃO, APLICAÇÃO: TUBOS E CONEXÕES DE PVC, APRESENTAÇÃO: TUBO DE 75GR;BIS;100,0000;14,0000;1400,0000;0,0000;31/12/2026
ERN - HOSPITAL DR JOSÉ PEDRO BEZERRA DE NATAL;925778;674;Material;925778-13/2026;Produtos quimicos, tintas, pisos, oleos;Catálogo do Compras.gov.br;Material;7220;REVESTIMENTOS PARA PISOS;757;REVESTIMENTO PISO;610902;APLICAÇÃO: PISOS EM GERAL, COMPRIMENTO: 60, LARGURA: 60, MATERIAL: CERÂMICA, TIPO: RETIFICADO;M2;500,0000;45,0000;22500,0000;0,0000;31/12/2026
ERN - HOSPITAL DR JOSÉ PEDRO BEZERRA DE NATAL;925778;675;Material;925778-13/2026;Produtos quimicos, tintas, pisos, oleos;Catálogo do Compras.gov.br;Material;7220;REVESTIMENTOS PARA PISOS;757;REVESTIMENTO PISO;471738;APLICAÇÃO: PISOS EM GERAL, CARACTERÍSTICAS ADICIONAIS: ANTIDERRAPANTE, COMPRIMENTO: 50, COR BÁSICA: CREME, LARGURA: 50, MATERIAL: CERÂMICA;M2;500,0000;35,0000;17500,0000;0,0000;31/12/2026
ERN - HOSPITAL DR JOSÉ PEDRO BEZERRA DE NATAL;925778;676;Material;925778-13/2026;Produtos quimicos, tintas, pisos, oleos;Catálogo do Compras.gov.br;Material;8020;PINCEL PARA ARTISTAS E PINTORES;1572;ROLO PINTURA PREDIAL;319658;ALTURA: 1,30, CARACTERÍSTICAS ADICIONAIS: SUPORTE FERRO GALVANIZADO, COMPRIMENTO: 9, MATERIAL: LÃ DE CARNEIRO, MATERIAL TUBO: FENÓLICO, APLICAÇÃO: SUPERFÍCIE ESMALTE E ÓLEO, MATERIAL CABO: PLÁSTICO RESISTENTE;UN;60,0000;14,0000;840,0000;0,0000;31/12/2026
ERN - HOSPITAL DR JOSÉ PEDRO BEZERRA DE NATAL;925778;677;Material;925778-13/2026;Produtos quimicos, tintas, pisos, oleos;Catálogo do Compras.gov.br;Material;8020;PINCEL PARA ARTISTAS E PINTORES;1572;ROLO PINTURA PREDIAL;373904;CARACTERÍSTICAS ADICIONAIS: COM CABO, COMPRIMENTO: 15, MATERIAL: ESPUMA POLIÉSTER;UN;60,0000;18,0000;1080,0000;0,0000;31/12/2026
ERN - HOSPITAL DR JOSÉ PEDRO BEZERRA DE NATAL;925778;678;Material;925778-13/2026;Produtos quimicos, tintas, pisos, oleos;Catálogo do Compras.gov.br;Material;8020;PINCEL PARA ARTISTAS E PINTORES;1572;ROLO PINTURA PREDIAL;292135;COMPRIMENTO: 23, MATERIAL: LÃ SINTÉTICA;UN;120,0000;15,0000;1800,0000;0,0000;31/12/2026
ERN - HOSPITAL DR JOSÉ PEDRO BEZERRA DE NATAL;925778;679;Material;925778-13/2026;Produtos quimicos, tintas, pisos, oleos;Catálogo do Compras.gov.br;Material;8020;PINCEL PARA ARTISTAS E PINTORES;1572;ROLO PINTURA PREDIAL;224139;ALTURA: 6, MATERIAL: LÃ DE CARNEIRO, MATERIAL TUBO: PLÁSTICO, APLICAÇÃO: SUPERFÍCIE LISA/ACRÍLICA E EPOXI;UN;60,0000;8,0000;480,0000;0,0000;31/12/2026
ERN - HOSPITAL DR JOSÉ PEDRO BEZERRA DE NATAL;925778;680;Material;925778-13/2026;Produtos quimicos, tintas, pisos, oleos;Catálogo do Compras.gov.br;Material;8020;PINCEL PARA ARTISTAS E PINTORES;1572;ROLO PINTURA PREDIAL;224139;ALTURA: 6, MATERIAL: LÃ DE CARNEIRO, MATERIAL TUBO: PLÁSTICO, APLICAÇÃO: SUPERFÍCIE LISA/ACRÍLICA E EPOXI;UN;60,0000;7,0000;420,0000;0,0000;31/12/2026
ERN - HOSPITAL DR JOSÉ PEDRO BEZERRA DE NATAL;925778;681;Material;925778-12/2026;Materiais diversos almoxarifado;Catálogo do Compras.gov.br;Material;9905;CARTAZES, MOSTRUÁRIOS E PLACAS DE IDENTIFICAÇÃO;11338;PULSEIRA IDENTIFICAÇÃO;479732;APLICAÇÃO: CONTROLE HOSPITALAR, CARACTERÍSTICAS ADICIONAIS: NUMERADA, INVIOLÁVEL, AJUSTÁVEL, USO ÚNICO, TIPO: KIT P/ MÃE E RECÉM NASCIDO - RN ÚNICO, TIPO MATERIAL: IMPERMEÁVEL, ANTIALÉRGICO, USO: PULSO;UN;600,0000;0,6500;390,0000;0,0000;31/12/2026
ERN - HOSPITAL DR JOSÉ PEDRO BEZERRA DE NATAL;925778;682;Material;925778-12/2026;Materiais diversos almoxarifado;Catálogo do Compras.gov.br;Material;9905;CARTAZES, MOSTRUÁRIOS E PLACAS DE IDENTIFICAÇÃO;10832;PLACA IDENTIFICAÇÃO;;;-;0,0000;0,0000;8000,0000;0,0000;31/12/2026
ERN - HOSPITAL DR JOSÉ PEDRO BEZERRA DE NATAL;925778;683;Material;925778-12/2026;Materiais diversos almoxarifado;Catálogo do Compras.gov.br;Material;9320;ARTIGOS DE BORRACHA;8958;LUVA BORRACHA;264215;CARACTERÍSTICAS ADICIONAIS: RESISTENTE PRODUTOS QUÍMICOS, MATERIAL: LÁTEX NATURAL, TAMANHO: GRANDE, MATERIAL FORRO: ALGODÃO;PAR;480,0000;2,5000;1200,0000;0,0000;31/12/2026
ERN - HOSPITAL DR JOSÉ PEDRO BEZERRA DE NATAL;925778;684;Material;925778-12/2026;Materiais diversos almoxarifado;Catálogo do Compras.gov.br;Material;9320;ARTIGOS DE BORRACHA;8958;LUVA BORRACHA;273360;CARACTERÍSTICAS ADICIONAIS: RESISTENTE PRODUTOS QUÍMICOS, MATERIAL: LÁTEX NATURAL, TAMANHO: MÉDIO, MATERIAL FORRO: ALGODÃO, TAMANHO CANO: MÉDIO;PAR;480,0000;2,5000;1200,0000;0,0000;31/12/2026
ERN - HOSPITAL DR JOSÉ PEDRO BEZERRA DE NATAL;925778;685;Material;925778-12/2026;Materiais diversos almoxarifado;Catálogo do Compras.gov.br;Material;9320;ARTIGOS DE BORRACHA;8958;LUVA BORRACHA;282302;MATERIAL: LÁTEX NATURAL, TAMANHO: PEQUENO, USO: MULTIUSO;PAR;480,0000;2,5000;1200,0000;0,0000;31/12/2026
ERN - HOSPITAL DR JOSÉ PEDRO BEZERRA DE NATAL;925778;686;Material;925778-12/2026;Materiais diversos almoxarifado;Catálogo do Compras.gov.br;Material;9540;PERFIS ESTRUTURAIS DE METAIS NÃO FERROSOS;10649;PERFIL ALUMÍNIO;611092;ALTURA: 3, CARACTERÍSTICAS ADICIONAIS: ACABAMENTO DE CANTO ANGULAR 90º, COMPRIMENTO: 60, COR: NATURAL, FORMATO SEÇÃO: "L", LARGURA: 60, SEÇÃO: 60 X 60, TRATAMENTO SUPERFICIAL: ANODIZADO;BR;20,0000;62,0000;1240,0000;0,0000;31/12/2026
ERN - HOSPITAL DR JOSÉ PEDRO BEZERRA DE NATAL;925778;687;Material;925778-12/2026;Materiais diversos almoxarifado;Catálogo do Compras.gov.br;Material;9330;ARTIGOS DE PLÁSTICO;4149;CAIXA PLÁSTICA;372749;ALTURA: 27, APLICAÇÃO: ALIMENTOS, CARACTERÍSTICAS ADICIONAIS: TAMPA PRESSÃO, TRAVAS LATERAIS, ALTA DENSIDADE, COMPRIMENTO: 56, LARGURA: 30, MATERIAL: POLIPROPILENO, TRANSMITÂNCIA: TRANSPARENTE;UN;30,0000;122,0000;3660,0000;0,0000;31/12/2026
ERN - HOSPITAL DR JOSÉ PEDRO BEZERRA DE NATAL;925778;688;Material;925778-12/2026;Materiais diversos almoxarifado;Catálogo do Compras.gov.br;Material;9330;ARTIGOS DE PLÁSTICO;4149;CAIXA PLÁSTICA;314499;CAPACIDADE: 30, COR: BRANCA, TIPO: ORGANIZADOR COM TAMPA, DIMENSÕES: 425 X 305 X 304;UN;50,0000;50,0000;2500,0000;0,0000;31/12/2026
ERN - HOSPITAL DR JOSÉ PEDRO BEZERRA DE NATAL;925778;689;Material;925778-12/2026;Materiais diversos almoxarifado;Catálogo do Compras.gov.br;Material;9390;PRODUTOS DIVERSOS NÃO METÁLICOS;4175;CAIXA TÉRMICA;373315;CAPACIDADE: 18, CARACTERÍSTICAS ADICIONAIS: TAMPA ARTICULADA/TRINCO EMBUTIDO/ALÇA DUPLA/DREN0, DENSIDADE: 35, MATERIAL: POLIURETANO EXPANDIDO;UN;10,0000;61,5000;615,0000;0,0000;31/12/2026
ERN - HOSPITAL DR JOSÉ PEDRO BEZERRA DE NATAL;925778;690;Material;925778-12/2026;Materiais diversos almoxarifado;Catálogo do Compras.gov.br;Material;9390;PRODUTOS DIVERSOS NÃO METÁLICOS;4175;CAIXA TÉRMICA;373317;CAPACIDADE: 45, CARACTERÍSTICAS ADICIONAIS: TAMPA ARTICULADA/TRINCO EMBUTIDO/ALÇA DUPLA/DREN0, DENSIDADE: 35, MATERIAL: POLIURETANO EXPANDIDO;UN;10,0000;200,0000;2000,0000;0,0000;31/12/2026
ERN - HOSPITAL DR JOSÉ PEDRO BEZERRA DE NATAL;925778;691;Material;925778-12/2026;Materiais diversos almoxarifado;Catálogo do Compras.gov.br;Material;9390;PRODUTOS DIVERSOS NÃO METÁLICOS;4175;CAIXA TÉRMICA;306887;APLICAÇÃO: TRANSPORTE MATERIAL PERECÍVEL, CAPACIDADE: 6, CARACTERÍSTICAS ADICIONAIS: DUPLA CAMADA DE PVC E ISOLAMENTO ENTRE PAREDES EM, MATERIAL: TERMOPLÁSTICO;UN;10,0000;148,5000;1485,0000;0,0000;31/12/2026
ERN - HOSPITAL DR JOSÉ PEDRO BEZERRA DE NATAL;925778;750;Material;925778-11/2026;Materiais para manutenção;Catálogo do Compras.gov.br;Material;5610;MATERIAIS DE ORIGEM MINERAL PARA CONSTRUÇÃO, A GRANEL;862;AREIA;216954;GRANULOMETRIA: MÉDIA, TIPO: LAVADA;M3;10,0000;100,0000;1000,0000;0,0000;31/12/2026
ERN - HOSPITAL DR JOSÉ PEDRO BEZERRA DE NATAL;925778;692;Material;925778-12/2026;Materiais diversos almoxarifado;Catálogo do Compras.gov.br;Material;9390;PRODUTOS DIVERSOS NÃO METÁLICOS;4175;CAIXA TÉRMICA;475419;CAPACIDADE: 12, CARACTERÍSTICAS ADICIONAIS: COM ALÇA E TAMPA, TAMANHO CERCA DE 40 X 25 X 26 CM, MATERIAL: POLIPROPILENO;UN;12,0000;60,0000;720,0000;0,0000;31/12/2026
ERN - HOSPITAL DR JOSÉ PEDRO BEZERRA DE NATAL;925778;693;Material;925778-12/2026;Materiais diversos almoxarifado;Catálogo do Compras.gov.br;Material;9999;ITENS DIVERSOS;13531;POTE;461128;CAPACIDADE: 1, CARACTERÍSTICAS ADICIONAIS: COM TAMPA ROSQUEÁVEL, MATERIAL: POLIETILENO;UN;100,0000;1,1000;110,0000;0,0000;31/12/2026
ERN - HOSPITAL DR JOSÉ PEDRO BEZERRA DE NATAL;925778;694;Material;925778-12/2026;Materiais diversos almoxarifado;Catálogo do Compras.gov.br;Material;9999;ITENS DIVERSOS;13531;POTE;461130;CAPACIDADE: 500, CARACTERÍSTICAS ADICIONAIS: COM TAMPA ROSQUEÁVEL, MATERIAL: POLIETILENO;UN;200,0000;1,0000;200,0000;0,0000;31/12/2026
ERN - HOSPITAL DR JOSÉ PEDRO BEZERRA DE NATAL;925778;695;Material;925778-12/2026;Materiais diversos almoxarifado;Catálogo do Compras.gov.br;Material;9930;EQUIPAMENTOS E ARTIGOS MORTUÁRIOS E DE CEMITÉRIO;11906;COBRE CORPO;356741;CARACTERÍSTICAS ADICIONAIS: ADULTO E ZÍPER  C/ETIQUETA DE IDENTIFICAÇÃO, COMPRIMENTO: 2,20, LARGURA: 0,90, MATERIAL: PVC LAMINADO;UN;2000,0000;17,3800;34760,0000;0,0000;31/12/2026
ERN - HOSPITAL DR JOSÉ PEDRO BEZERRA DE NATAL;925778;696;Material;925778-12/2026;Materiais diversos almoxarifado;Catálogo do Compras.gov.br;Material;9999;ITENS DIVERSOS;16898;PEÇAS / ACESSÓRIOS EQUIPAMENTOS ESPECIALIZADOS;465379;APLICAÇÃO 3: LAVADORA DE PISOS T-16, REFERÊNCIA 1: TN1220191, TIPO 8: ESCOVA DISCO;UN;60,0000;107,0000;6420,0000;0,0000;31/12/2026
ERN - HOSPITAL DR JOSÉ PEDRO BEZERRA DE NATAL;925778;697;Material;925778-11/2026;Materiais para manutenção;Catálogo do Compras.gov.br;Material;6130;CONVERSORES ELÉTRICOS ESTÁTICOS;4569;CARREGADOR BATERIA;623361;CAPACIDADE: 04 PILHAS TIPO AA, TENSÃO ALIMENTAÇÃO: 110-220-12, TIPO: AUTOMÁTICO PARA QUATRO BATERIAS;UN;20,0000;65,0000;1300,0000;0,0000;31/12/2026
ERN - HOSPITAL DR JOSÉ PEDRO BEZERRA DE NATAL;925778;698;Material;925778-11/2026;Materiais para manutenção;Catálogo do Compras.gov.br;Material;6130;CONVERSORES ELÉTRICOS ESTÁTICOS;4569;CARREGADOR BATERIA;473317;CAPACIDADE BATERIA: 2700, CARACTERÍSTICAS ADICIONAIS: DESLIGAMENTO AUTOMÁTICO, COM PADRÃO NOVO TOMADA, TENSÃO ALIMENTAÇÃO: BIVOLT, TENSÃO BATERIA: 9, TIPO BATERIA: RECARREGÁVEIS AA, AAA E 9 VOLTS, VELOCIDADE CARGA: EXTRA RÁPIDO;UN;10,0000;60,0000;600,0000;0,0000;31/12/2026
ERN - HOSPITAL DR JOSÉ PEDRO BEZERRA DE NATAL;925778;699;Material;925778-11/2026;Materiais para manutenção;Catálogo do Compras.gov.br;Material;6515;INSTRUMENTOS, EQUIPAMENTOS E SUPRIMENTOS MÉDICOS  E  CIRÚRGICOS;10354;PAPEL PARA IMPRESSÃO DE EXAMES - USO HOSPITALAR;438059;APRESENTAÇÃO: BOBINA, COMPATIBILIDADE: COMPATIBILIDADE C/ EQUIPAMENTO, DIMENSÕES: CERCA 80, MATERIAL: TERMOSENSÍVEL, MODELO: MILIMETRADO;BOB;120,0000;10,0000;1200,0000;0,0000;31/12/2026
ERN - HOSPITAL DR JOSÉ PEDRO BEZERRA DE NATAL;925778;700;Material;925778-11/2026;Materiais para manutenção;Catálogo do Compras.gov.br;Material;6135;BATERIAS NAO RECARREGÁVEIS;10708;PILHA;435129;CARACTERÍSTICAS ADICIONAIS: NÃO CONTÉM MERCÚRIO E CÁDMIO, MODELO: C, SISTEMA ELETROQUÍMICO: ALCALINA, TAMANHO: MÉDIA, TENSÃO NOMINAL: 1,5;UN;60,0000;7,0000;420,0000;0,0000;31/12/2026
ERN - HOSPITAL DR JOSÉ PEDRO BEZERRA DE NATAL;925778;701;Material;925778-11/2026;Materiais para manutenção;Catálogo do Compras.gov.br;Material;6135;BATERIAS NAO RECARREGÁVEIS;10708;PILHA;419860;CARACTERÍSTICAS ADICIONAIS: NÃO RECARREGÁVEL, MODELO: AAA, SISTEMA ELETROQUÍMICO: ALCALINA, TAMANHO: PALITO, TENSÃO NOMINAL: 1,5;UN;1200,0000;4,0000;4800,0000;0,0000;31/12/2026
ERN - HOSPITAL DR JOSÉ PEDRO BEZERRA DE NATAL;925778;702;Material;925778-11/2026;Materiais para manutenção;Catálogo do Compras.gov.br;Material;6135;BATERIAS NAO RECARREGÁVEIS;10708;PILHA;419859;CARACTERÍSTICAS ADICIONAIS: NÃO RECARREGÁVEL, MODELO: AA, SISTEMA ELETROQUÍMICO: ALCALINA, TAMANHO: PEQUENA, TENSÃO NOMINAL: 1,5;UN;2400,0000;4,0000;9600,0000;0,0000;31/12/2026
ERN - HOSPITAL DR JOSÉ PEDRO BEZERRA DE NATAL;925778;703;Material;925778-11/2026;Materiais para manutenção;Catálogo do Compras.gov.br;Material;4510;DISPOSITIVOS E ACESSÓRIOS PARA INSTALAÇÕES HIDRÁULICAS;11057;PORTA-TOALHA;327783;APLICAÇÃO: DOMÉSTICO, CARACTERÍSTICAS ADICIONAIS: TIPO BOBINA, COR: BRANCA, MATERIAL: PLÁSTICO, TIPO FIXAÇÃO: EM PAREDE COM BUCHA/PARAFUSO, TIPO USO: TOALHA DE PAPEL;UN;60,0000;39,8000;2388,0000;0,0000;31/12/2026
ERN - HOSPITAL DR JOSÉ PEDRO BEZERRA DE NATAL;925778;704;Material;925778-11/2026;Materiais para manutenção;Catálogo do Compras.gov.br;Material;4540;EQUIPAMENTOS DIVERSOS DE INSTALAÇÕES HIDRÁULICAS, SANITÁRIASE DE CALEFAÇÃO;6090;DESENTUPIDOR PIA;355561;ALTURA: 7, COMPRIMENTO CABO: 10, COR: PRETA, DIÂMETRO: 11, MATERIAL: BORRACHA FLEXÍVEL, MATERIAL CABO: PLÁSTICO;UN;48,0000;27,0000;1296,0000;0,0000;31/12/2026
ERN - HOSPITAL DR JOSÉ PEDRO BEZERRA DE NATAL;925778;705;Material;925778-11/2026;Materiais para manutenção;Catálogo do Compras.gov.br;Material;5110;FERRAMENTAS MANUAIS DE CORTE, NÃO ACIONADAS POR FORÇA MOTRIZ;695;ARCO SERRA;311040;CARACTERÍSTICAS ADICIONAIS: PROFUNDIDADE DE CORTE DE 90 MM, LÂMINA SERRA: STANDARD 12 POLEGADAS, MATERIAL CABO: POLIPROPILENO, TIPO: REGULÁVEL, TRATAMENTO SUPERFICIAL: NIQUELADO, TAMANHO: 12;UN;6,0000;30,0000;180,0000;0,0000;31/12/2026
ERN - HOSPITAL DR JOSÉ PEDRO BEZERRA DE NATAL;925778;706;Material;925778-11/2026;Materiais para manutenção;Catálogo do Compras.gov.br;Material;5120;FERRAMENTAS MANUAIS SEM CORTE, NÃO ACIONADAS  POR  FORÇA  MOTRIZ;4711;CAVADEIRA TIPO ALAVANCA;270716;ALTURA: 250, LARGURA: 80, MATERIAL: AÇO CARBONO, MATERIAL CABO: FERRO;UN;2,0000;90,0000;180,0000;0,0000;31/12/2026
ERN - HOSPITAL DR JOSÉ PEDRO BEZERRA DE NATAL;925778;707;Material;925778-11/2026;Materiais para manutenção;Catálogo do Compras.gov.br;Material;5210;INSTRUMENTOS DE MEDIÇÃO PARA ARTÍFICES;2304;ALICATE AMPERÍMETRO;623915;ABERTURA DA GARRA: 30, ALIMENTAÇÃO: 3 PILHAS AAA DE 1,5V, CARACTERÍSTICAS ADICIONAIS: DISPLAY LCD, TESTE DE CONTINUIDADE, NCV, TRUE RMS, CATEGORIA: CAT IV 600V / CAT III 1000V, COMPONENTES ADICIONAIS: BOLSA DE TRANSPORTE/  PONTOS DE PROVA, CORRENTE: DC: 200U/60/600A/1000A - AC: 60/600/1000A, MATERIAL: PLÁSTICO, RESISTÊNCIA: 400 OHM/ 4000 OHM/ 40, TEMPERATURA: -20~1000, TIPO: DIGITAL, VOLTAGEM BATERIA: 1,5;UN;2,0000;139,0000;278,0000;0,0000;31/12/2026
ERN - HOSPITAL DR JOSÉ PEDRO BEZERRA DE NATAL;925778;708;Material;925778-11/2026;Materiais para manutenção;Catálogo do Compras.gov.br;Material;5110;FERRAMENTAS MANUAIS DE CORTE, NÃO ACIONADAS POR FORÇA MOTRIZ;2308;ALICATE DE CORTE;303943;COMPRIMENTO: 6, MATERIAL: AÇO CROMO VANÁDIO, MATERIAL CABO: AÇO CROMO VANÁDIO PLASTIFICADO, TIPO CABO: ISOLADO, TIPO CORTE: DIAGONAL, USO: ELÉTRICO, TIPO: PROFISSIONAL;UN;2,0000;30,0000;60,0000;0,0000;31/12/2026
ERN - HOSPITAL DR JOSÉ PEDRO BEZERRA DE NATAL;925778;709;Material;925778-11/2026;Materiais para manutenção;Catálogo do Compras.gov.br;Material;5120;FERRAMENTAS MANUAIS SEM CORTE, NÃO ACIONADAS  POR  FORÇA  MOTRIZ;2318;ALICATE REBITADOR PEÇAS / ACESSÓRIOS;486503;BICOS: 3,0MM - 4,0MM - 5,0MM, MATERIAL CABO: PVC, MATERIAL CORPO: AÇO, TIPO: MANUAL;UN;2,0000;95,0000;190,0000;0,0000;31/12/2026
ERN - HOSPITAL DR JOSÉ PEDRO BEZERRA DE NATAL;925778;710;Material;925778-11/2026;Materiais para manutenção;Catálogo do Compras.gov.br;Material;5110;FERRAMENTAS MANUAIS DE CORTE, NÃO ACIONADAS POR FORÇA MOTRIZ;702;ALICATE UNIVERSAL;445372;COMPRIMENTO: 8, MATERIAL: AÇO CROMO VANÁDIO, MATERIAL CABO: PLÁSTICO, TIPO CABO: ISOLADO 1.OOO VOLTS, TIPO CORTE: LATERAL;UN;2,0000;46,0000;92,0000;0,0000;31/12/2026
ERN - HOSPITAL DR JOSÉ PEDRO BEZERRA DE NATAL;925778;711;Material;925778-11/2026;Materiais para manutenção;Catálogo do Compras.gov.br;Material;5325;DISPOSITIVOS PARA FIXAÇÃO;578;ABRAÇADEIRA;393905;APLICAÇÃO: FIXAÇÃO TUBOS E CANOS, DIÂMETRO AMARRAÇÃO: 3/4, MATERIAL: AÇO CARBONO, MODELO: "D";UN;50,0000;3,5000;175,0000;0,0000;31/12/2026
ERN - HOSPITAL DR JOSÉ PEDRO BEZERRA DE NATAL;925778;712;Material;925778-11/2026;Materiais para manutenção;Catálogo do Compras.gov.br;Material;5110;FERRAMENTAS MANUAIS DE CORTE, NÃO ACIONADAS POR FORÇA MOTRIZ;2308;ALICATE DE CORTE;303943;COMPRIMENTO: 6, MATERIAL: AÇO CROMO VANÁDIO, MATERIAL CABO: AÇO CROMO VANÁDIO PLASTIFICADO, TIPO CABO: ISOLADO, TIPO CORTE: DIAGONAL, USO: ELÉTRICO, TIPO: PROFISSIONAL;UN;2,0000;30,0000;60,0000;0,0000;31/12/2026
ERN - HOSPITAL DR JOSÉ PEDRO BEZERRA DE NATAL;925778;713;Material;925778-11/2026;Materiais para manutenção;Catálogo do Compras.gov.br;Material;5110;FERRAMENTAS MANUAIS DE CORTE, NÃO ACIONADAS POR FORÇA MOTRIZ;2305;ALICATE BICO;398739;APLICAÇÃO: MANUTENÇÃO EQUIPAMENTOS ELETRÔNICOS, COMPRIMENTO: 6, MATERIAL: AÇO CROMO VANÁDIO, TIPO: FINO E RETO;UN;2,0000;30,0000;60,0000;0,0000;31/12/2026
ERN - HOSPITAL DR JOSÉ PEDRO BEZERRA DE NATAL;925778;714;Material;925778-11/2026;Materiais para manutenção;Catálogo do Compras.gov.br;Material;5120;FERRAMENTAS MANUAIS SEM CORTE, NÃO ACIONADAS  POR  FORÇA  MOTRIZ;2313;ALICATE PARA CLIMPAR;234766;CARACTERÍSTICAS ADICIONAIS: COM SISTEMA DE COMPRESSÃO, MATERIAL: METAL, TIPO CABO: ISOLADO, APLICAÇÃO: CONECTORES RJ11 E RJ45;UN;2,0000;50,0000;100,0000;0,0000;31/12/2026
ERN - HOSPITAL DR JOSÉ PEDRO BEZERRA DE NATAL;925778;715;Material;925778-11/2026;Materiais para manutenção;Catálogo do Compras.gov.br;Material;5120;FERRAMENTAS MANUAIS SEM CORTE, NÃO ACIONADAS  POR  FORÇA  MOTRIZ;2311;ALICATE DE PRESSÃO;288270;CARACTERÍSTICAS ADICIONAIS: ISOLAMENTO NO CABO, COMPRIMENTO: 10, MATERIAL: FERRO, MORDENTE INFERIOR: CURVO, TRATAMENTO SUPERFICIAL: AÇO VANÁDIO, AJUSTE: UMA POSIÇÃO;UN;2,0000;42,0000;84,0000;0,0000;31/12/2026
ERN - HOSPITAL DR JOSÉ PEDRO BEZERRA DE NATAL;925778;716;Material;925778-11/2026;Materiais para manutenção;Catálogo do Compras.gov.br;Material;5133;BROCAS, ALARGADORES, ESCARIADORES, MANUAIS E PARA USO EM  MÁQUINAS;3883;BROCA CHATA;367298;APLICAÇÃO: MADEIRA, COMPRIMENTO: 150, DIAMETRO: 1/2, MATERIAL: AÇO CARBONO;UN;10,0000;10,0000;100,0000;0,0000;31/12/2026
ERN - HOSPITAL DR JOSÉ PEDRO BEZERRA DE NATAL;925778;717;Material;925778-11/2026;Materiais para manutenção;Catálogo do Compras.gov.br;Material;5133;BROCAS, ALARGADORES, ESCARIADORES, MANUAIS E PARA USO EM  MÁQUINAS;3883;BROCA CHATA;367299;APLICAÇÃO: MADEIRA, COMPRIMENTO: 150, DIAMETRO: 3/4, MATERIAL: AÇO CARBONO;UN;6,0000;8,0000;48,0000;0,0000;31/12/2026
ERN - HOSPITAL DR JOSÉ PEDRO BEZERRA DE NATAL;925778;718;Material;925778-11/2026;Materiais para manutenção;Catálogo do Compras.gov.br;Material;5133;BROCAS, ALARGADORES, ESCARIADORES, MANUAIS E PARA USO EM  MÁQUINAS;3883;BROCA CHATA;367297;APLICAÇÃO: MADEIRA, COMPRIMENTO: 150, DIAMETRO: 3/8, MATERIAL: AÇO CARBONO;UN;6,0000;32,0000;192,0000;0,0000;31/12/2026
ERN - HOSPITAL DR JOSÉ PEDRO BEZERRA DE NATAL;925778;719;Material;925778-11/2026;Materiais para manutenção;Catálogo do Compras.gov.br;Material;5133;BROCAS, ALARGADORES, ESCARIADORES, MANUAIS E PARA USO EM  MÁQUINAS;3883;BROCA CHATA;252869;APLICAÇÃO: MADEIRA, COMPRIMENTO: 157, DIAMETRO: 5/16, MATERIAL: ACO SAE 1066, PESO: 381;UN;6,0000;19,0000;114,0000;0,0000;31/12/2026
ERN - HOSPITAL DR JOSÉ PEDRO BEZERRA DE NATAL;925778;720;Material;925778-11/2026;Materiais para manutenção;Catálogo do Compras.gov.br;Material;5133;BROCAS, ALARGADORES, ESCARIADORES, MANUAIS E PARA USO EM  MÁQUINAS;3883;BROCA CHATA;252669;APLICAÇÃO: MADEIRA, COMPRIMENTO: 157, DIAMETRO: 5/8, MATERIAL: ACO SAE 1066, PESO: 562;UN;6,0000;44,0000;264,0000;0,0000;31/12/2026
ERN - HOSPITAL DR JOSÉ PEDRO BEZERRA DE NATAL;925778;721;Material;925778-11/2026;Materiais para manutenção;Catálogo do Compras.gov.br;Material;5133;BROCAS, ALARGADORES, ESCARIADORES, MANUAIS E PARA USO EM  MÁQUINAS;3883;BROCA CHATA;252672;APLICAÇÃO: MADEIRA, COMPRIMENTO: 157, DIAMETRO: 1, MATERIAL: ACO SAE 1066, PESO: 704;UN;20,0000;26,0000;520,0000;0,0000;31/12/2026
ERN - HOSPITAL DR JOSÉ PEDRO BEZERRA DE NATAL;925778;722;Material;925778-11/2026;Materiais para manutenção;Catálogo do Compras.gov.br;Material;5133;BROCAS, ALARGADORES, ESCARIADORES, MANUAIS E PARA USO EM  MÁQUINAS;3879;BROCA;345529;APLICAÇÃO: ALVENARIA, CARACTERÍSTICAS ADICIONAIS: LONGA, DIÂMETRO: 10, MATERIAL: AÇO RÁPIDO;UN;10,0000;15,0000;150,0000;0,0000;31/12/2026
ERN - HOSPITAL DR JOSÉ PEDRO BEZERRA DE NATAL;925778;723;Material;925778-11/2026;Materiais para manutenção;Catálogo do Compras.gov.br;Material;5133;BROCAS, ALARGADORES, ESCARIADORES, MANUAIS E PARA USO EM  MÁQUINAS;3879;BROCA;345434;APLICAÇÃO: ALVENARIA, CARACTERÍSTICAS ADICIONAIS: LONGA, DIÂMETRO: 8, MATERIAL: AÇO RÁPIDO;UN;10,0000;15,0000;150,0000;0,0000;31/12/2026
ERN - HOSPITAL DR JOSÉ PEDRO BEZERRA DE NATAL;925778;724;Material;925778-11/2026;Materiais para manutenção;Catálogo do Compras.gov.br;Material;5133;BROCAS, ALARGADORES, ESCARIADORES, MANUAIS E PARA USO EM  MÁQUINAS;3879;BROCA;345433;APLICAÇÃO: ALVENARIA, CARACTERÍSTICAS ADICIONAIS: LONGA, DIÂMETRO: 6, MATERIAL: AÇO RÁPIDO;UN;20,0000;13,0000;260,0000;0,0000;31/12/2026
ERN - HOSPITAL DR JOSÉ PEDRO BEZERRA DE NATAL;925778;725;Material;925778-11/2026;Materiais para manutenção;Catálogo do Compras.gov.br;Material;5133;BROCAS, ALARGADORES, ESCARIADORES, MANUAIS E PARA USO EM  MÁQUINAS;3879;BROCA;353425;APLICAÇÃO: CONCRETO, CARACTERÍSTICAS ADICIONAIS: TIPO ENCAIXE SDS, COMPRIMENTO: 260, DIÂMETRO: 12, MATERIAL: AÇO RÁPIDO;UN;10,0000;20,0000;200,0000;0,0000;31/12/2026
ERN - HOSPITAL DR JOSÉ PEDRO BEZERRA DE NATAL;925778;726;Material;925778-11/2026;Materiais para manutenção;Catálogo do Compras.gov.br;Material;5133;BROCAS, ALARGADORES, ESCARIADORES, MANUAIS E PARA USO EM  MÁQUINAS;3879;BROCA;377395;COMPRIMENTO: 12,50, DIÂMETRO: 5, MATERIAL: AÇO RÁPIDO HSS, NORMAS TÉCNICAS: DIN 333-A;UN;20,0000;8,0000;160,0000;0,0000;31/12/2026
ERN - HOSPITAL DR JOSÉ PEDRO BEZERRA DE NATAL;925778;727;Material;925778-11/2026;Materiais para manutenção;Catálogo do Compras.gov.br;Material;5133;BROCAS, ALARGADORES, ESCARIADORES, MANUAIS E PARA USO EM  MÁQUINAS;3879;BROCA;377396;COMPRIMENTO: 10, DIÂMETRO: 4, MATERIAL: AÇO RÁPIDO HSS, NORMAS TÉCNICAS: DIN 333-A;UN;20,0000;6,0000;120,0000;0,0000;31/12/2026
ERN - HOSPITAL DR JOSÉ PEDRO BEZERRA DE NATAL;925778;728;Material;925778-11/2026;Materiais para manutenção;Catálogo do Compras.gov.br;Material;5133;BROCAS, ALARGADORES, ESCARIADORES, MANUAIS E PARA USO EM  MÁQUINAS;3879;BROCA;378576;CARACTERÍSTICAS ADICIONAIS: ENCAIXE TIPO SDS, COMPRIMENTO: 100, DIÂMETRO: 3, MATERIAL: AÇO RÁPIDO;UN;20,0000;16,0000;320,0000;0,0000;31/12/2026
ERN - HOSPITAL DR JOSÉ PEDRO BEZERRA DE NATAL;925778;729;Material;925778-11/2026;Materiais para manutenção;Catálogo do Compras.gov.br;Material;5133;BROCAS, ALARGADORES, ESCARIADORES, MANUAIS E PARA USO EM  MÁQUINAS;3879;BROCA;454300;COMPRIMENTO: 120, DIÂMETRO: 9, MATERIAL: AÇO RÁPIDO, TIPO HASTE: CILÍNDRICA;UN;10,0000;23,0000;230,0000;0,0000;31/12/2026
ERN - HOSPITAL DR JOSÉ PEDRO BEZERRA DE NATAL;925778;751;Material;925778-11/2026;Materiais para manutenção;Catálogo do Compras.gov.br;Material;5610;MATERIAIS DE ORIGEM MINERAL PARA CONSTRUÇÃO, A GRANEL;862;AREIA;216953;GRANULOMETRIA: FINA, TIPO: LAVADA;M3;10,0000;100,0000;1000,0000;0,0000;31/12/2026
ERN - HOSPITAL DR JOSÉ PEDRO BEZERRA DE NATAL;925778;730;Material;925778-11/2026;Materiais para manutenção;Catálogo do Compras.gov.br;Material;5133;BROCAS, ALARGADORES, ESCARIADORES, MANUAIS E PARA USO EM  MÁQUINAS;3879;BROCA;619921;APLICAÇÃO: USINAGEM, COMPRIMENTO: 109, DIÂMETRO 1: 7,10, MATERIAL: AÇO RÁPIDO, NORMAS TÉCNICAS: DIN 338, TIPO HASTE: RETA;UN;20,0000;5,0000;100,0000;0,0000;31/12/2026
ERN - HOSPITAL DR JOSÉ PEDRO BEZERRA DE NATAL;925778;731;Material;925778-11/2026;Materiais para manutenção;Catálogo do Compras.gov.br;Material;5133;BROCAS, ALARGADORES, ESCARIADORES, MANUAIS E PARA USO EM  MÁQUINAS;18615;CONJUNTO BROCA;400917;APLICAÇÃO: CONCRETO, COMPONENTES: 10 PEÇAS DE 3,4,5,6,7,8,9,10,11 E 12 MM, MATERIAL: VÍDEA;UN;20,0000;50,0000;1000,0000;0,0000;31/12/2026
ERN - HOSPITAL DR JOSÉ PEDRO BEZERRA DE NATAL;925778;732;Material;925778-11/2026;Materiais para manutenção;Catálogo do Compras.gov.br;Material;5120;FERRAMENTAS MANUAIS SEM CORTE, NÃO ACIONADAS  POR  FORÇA  MOTRIZ;15249;CHAVE DE FENDA;405096;CABO: POLIPROPILENO, MATERIAL: CARBONO TEMPERADO, TAMANHO: 6 X 250, TIPO PONTA: CHATA;UN;5,0000;21,0000;105,0000;0,0000;31/12/2026
ERN - HOSPITAL DR JOSÉ PEDRO BEZERRA DE NATAL;925778;733;Material;925778-11/2026;Materiais para manutenção;Catálogo do Compras.gov.br;Material;5120;FERRAMENTAS MANUAIS SEM CORTE, NÃO ACIONADAS  POR  FORÇA  MOTRIZ;15249;CHAVE DE FENDA;269683;CABO: POLIPROPILENO, MATERIAL: CARBONO TEMPERADO, TAMANHO: 8 X 300;UN;5,0000;17,0000;85,0000;0,0000;31/12/2026
ERN - HOSPITAL DR JOSÉ PEDRO BEZERRA DE NATAL;925778;734;Material;925778-11/2026;Materiais para manutenção;Catálogo do Compras.gov.br;Material;5180;JOGOS E CONJUNTOS DE FERRAMENTAS MANUAIS;14637;JOGO CHAVE;467899;ACABAMENTO SUPERFICIAL: CROMADO, APLICAÇÃO: INFORMÁTICA, CARACTERÍSTICAS ADICIONAIS: ESTOJO  COM 38 PEÇAS, COMPONENTES: CONTENDO JOGO BITS / PONTEIRAS SEXTAVADAS 1/4 POL., MATERIAL: AÇO CROMO VANÁDIO, MATERIAL CABO: POLIPROPILENO, QUANTIDADE PEÇAS: 38, TIPO: PHILIPS, TRATAMENTO SUPERFICIAL PONTA: MAGNETIZADA;JG;3,0000;133,0000;399,0000;0,0000;31/12/2026
ERN - HOSPITAL DR JOSÉ PEDRO BEZERRA DE NATAL;925778;735;Material;925778-11/2026;Materiais para manutenção;Catálogo do Compras.gov.br;Material;5120;FERRAMENTAS MANUAIS SEM CORTE, NÃO ACIONADAS  POR  FORÇA  MOTRIZ;599;COLHER PEDREIRO;441609;CARACTERÍSTICAS ADICIONAIS: RETA - INTEIRIÇA, MATERIAL: AÇO CARBONO, MATERIAL CABO: MADEIRA ENVERNIZADA, TAMANHO: 8;UN;4,0000;14,0000;56,0000;0,0000;31/12/2026
ERN - HOSPITAL DR JOSÉ PEDRO BEZERRA DE NATAL;925778;736;Material;925778-11/2026;Materiais para manutenção;Catálogo do Compras.gov.br;Material;5120;FERRAMENTAS MANUAIS SEM CORTE, NÃO ACIONADAS  POR  FORÇA  MOTRIZ;599;COLHER PEDREIRO;423357;CARACTERÍSTICAS ADICIONAIS: CANTO ARREDONDADO, MATERIAL: AÇO CARBONO, MATERIAL CABO: MADEIRA, TAMANHO: 10;UN;4,0000;28,0000;112,0000;0,0000;31/12/2026
ERN - HOSPITAL DR JOSÉ PEDRO BEZERRA DE NATAL;925778;737;Material;925778-11/2026;Materiais para manutenção;Catálogo do Compras.gov.br;Material;5120;FERRAMENTAS MANUAIS SEM CORTE, NÃO ACIONADAS  POR  FORÇA  MOTRIZ;13975;CONJUNTO CHAVES COMBINADAS;601979;CARACTERÍSTICAS ADICIONAIS: INCLINAÇÃO DA BOCA EM RELAÇÃO AO CORPO DE 15º, MATERIAL: AÇO CROMO VANÁDIO, QUANTIDADE DE PEÇAS: 9, TAMANHO: 8, 10, 11, 12, 13, 14, 15, 17 E 19, TIPO: BOCA + ESTRELA, TRATAMENTO SUPERFICIAL: NIQUELADO E CROMADO;CJ;1,0000;54,0000;54,0000;0,0000;31/12/2026
ERN - HOSPITAL DR JOSÉ PEDRO BEZERRA DE NATAL;925778;738;Material;925778-11/2026;Materiais para manutenção;Catálogo do Compras.gov.br;Material;5345;DISCOS E PEDRAS ABRASIVOS;567;DISCO CORTE;311625;DIÂMETRO: 7, DIÂMETRO FURO: 7/8, MATERIAL: ÓXIDO DE ALUMÍNIO E FIBRA DE VIDRO, TIPO: POLICORTE;UN;10,0000;55,0000;550,0000;0,0000;31/12/2026
ERN - HOSPITAL DR JOSÉ PEDRO BEZERRA DE NATAL;925778;739;Material;925778-11/2026;Materiais para manutenção;Catálogo do Compras.gov.br;Material;5345;DISCOS E PEDRAS ABRASIVOS;569;DISCO DESBASTE;625254;DIÂMETRO: 7, DIÂMETRO FURO: 7/8, ESPESSURA: 1/4 POL., MATERIAL: ÓXIDO ALUMÍNIO;UN;4,0000;15,0000;60,0000;0,0000;31/12/2026
ERN - HOSPITAL DR JOSÉ PEDRO BEZERRA DE NATAL;925778;740;Material;925778-11/2026;Materiais para manutenção;Catálogo do Compras.gov.br;Material;5345;DISCOS E PEDRAS ABRASIVOS;568;DISCO DIAMANTADO;376674;APLICAÇÃO: CONCRETO, CARACTERÍSTICAS ADICIONAIS: REFRIGERADO A AR, DIÂMETRO: 110, DIÂMETRO FURO: 20, MATERIAL: DIAMANTE, TIPO: SEGMENTADO;UN;20,0000;40,0000;800,0000;0,0000;31/12/2026
ERN - HOSPITAL DR JOSÉ PEDRO BEZERRA DE NATAL;925778;741;Material;925778-11/2026;Materiais para manutenção;Catálogo do Compras.gov.br;Material;5110;FERRAMENTAS MANUAIS DE CORTE, NÃO ACIONADAS POR FORÇA MOTRIZ;6595;ENXADA;436575;COMPRIMENTO CABO: 180, LARGURA: 30, MATERIAL: AÇO ALTO CARBONO 1070, MATERIAL CABO: MADEIRA;UN;3,0000;59,0000;177,0000;0,0000;31/12/2026
ERN - HOSPITAL DR JOSÉ PEDRO BEZERRA DE NATAL;925778;742;Material;925778-11/2026;Materiais para manutenção;Catálogo do Compras.gov.br;Material;5440;EQUIPAMENTOS PARA MONTAGEM DE ANDAIME E FORMAS DE CONCRETO;6885;ESCADA;613885;CAPACIDADE: 120, CARACTERÍSTICAS ADICIONAIS: PÉS ANTIDERRAPANTES, TRAVA DE SEGURANÇA, MATERIAL: ALUMÍNIO, QUANTIDADE DEGRAUS: 7, TIPO: DOBRÁVEL;UN;3,0000;190,0000;570,0000;0,0000;31/12/2026
ERN - HOSPITAL DR JOSÉ PEDRO BEZERRA DE NATAL;925778;743;Material;925778-11/2026;Materiais para manutenção;Catálogo do Compras.gov.br;Material;5325;DISPOSITIVOS PARA FIXAÇÃO;578;ABRAÇADEIRA;614214;APLICAÇÃO: AMARRAÇÃO DE CABOS E FIOS, CARACTERÍSTICAS ADICIONAIS: PCT 100 UN, COMPRIMENTO TOTAL: 200, COR: BRANCA, LARGURA: 4,8, MATERIAL: NÁILON, TIPO: COM RANHURAS;PCT;10,0000;24,0000;240,0000;0,0000;31/12/2026
ERN - HOSPITAL DR JOSÉ PEDRO BEZERRA DE NATAL;925778;744;Material;925778-11/2026;Materiais para manutenção;Catálogo do Compras.gov.br;Material;5325;DISPOSITIVOS PARA FIXAÇÃO;578;ABRAÇADEIRA;454426;COMPRIMENTO TOTAL: 350, LARGURA: 5, MATERIAL: PLÁSTICO;PCT;10,0000;35,0000;350,0000;0,0000;31/12/2026
ERN - HOSPITAL DR JOSÉ PEDRO BEZERRA DE NATAL;925778;745;Material;925778-11/2026;Materiais para manutenção;Catálogo do Compras.gov.br;Material;5325;DISPOSITIVOS PARA FIXAÇÃO;578;ABRAÇADEIRA;440974;COMPRIMENTO TOTAL: 400, LARGURA: 4,80, MATERIAL: NÁILON, TIPO: COM RANHURAS;PCT;10,0000;102,0000;1020,0000;0,0000;31/12/2026
ERN - HOSPITAL DR JOSÉ PEDRO BEZERRA DE NATAL;925778;746;Material;925778-11/2026;Materiais para manutenção;Catálogo do Compras.gov.br;Material;5325;DISPOSITIVOS PARA FIXAÇÃO;578;ABRAÇADEIRA;340501;APLICAÇÃO: FIXAÇÃO DE CABOS ELÉTRICOS, COMPRIMENTO TOTAL: 200, LARGURA: 2,50, MATERIAL: NÁILON, TIPO: COM RANHURAS;PCT;10,0000;14,4300;144,3000;0,0000;31/12/2026
ERN - HOSPITAL DR JOSÉ PEDRO BEZERRA DE NATAL;925778;747;Material;925778-11/2026;Materiais para manutenção;Catálogo do Compras.gov.br;Material;5340;FERRAGENS DIVERSAS;563;PORTA-CADEADO;217189;ACABAMENTO SUPERFICIAL: NÃO APLICÁVEL, ALTURA: 19, CARACTERÍSTICAS ADICIONAIS: NÃO APLICÁVEL, COMPRIMENTO: 50, COMPRIMENTO PARAFUSOS: 12, DIÂMETRO PARAFUSOS: 2,50, ESPESSURA: 1,06, ESPESSURA FIO PASSANTE: NÃO APLICÁVEL, LARGURA FIO PASSANTE: NÃO APLICÁVEL, MATERIAL: FERRO, QUANTIDADE PARAFUSOS: 5, TRATAMENTO SUPERFICIAL: NIQUELADO;UN;60,0000;5,0000;300,0000;0,0000;31/12/2026
ERN - HOSPITAL DR JOSÉ PEDRO BEZERRA DE NATAL;925778;748;Material;925778-11/2026;Materiais para manutenção;Catálogo do Compras.gov.br;Material;5340;FERRAGENS DIVERSAS;563;PORTA-CADEADO;480495;ALTURA: 45, COMPRIMENTO: 31,2, ESPESSURA: 3, MATERIAL: AÇO INOXIDÁVEL;UN;60,0000;8,6200;517,2000;0,0000;31/12/2026
ERN - HOSPITAL DR JOSÉ PEDRO BEZERRA DE NATAL;925778;749;Material;925778-11/2026;Materiais para manutenção;Catálogo do Compras.gov.br;Material;5610;MATERIAIS DE ORIGEM MINERAL PARA CONSTRUÇÃO, A GRANEL;862;AREIA;216955;GRANULOMETRIA: GROSSA, TIPO: LAVADA;M3;10,0000;115,0000;1150,0000;0,0000;31/12/2026
ERN - HOSPITAL DR JOSÉ PEDRO BEZERRA DE NATAL;925778;752;Material;925778-11/2026;Materiais para manutenção;Catálogo do Compras.gov.br;Material;5440;EQUIPAMENTOS PARA MONTAGEM DE ANDAIME E FORMAS DE CONCRETO;6885;ESCADA;273884;ALTURA: 2,25, CARACTERÍSTICAS ADICIONAIS: DEGRÁUS E PATAMAR EMBORRACHADOS ANTI-DERRAPANTE, MATERIAL: AÇO, QUANTIDADE DEGRAUS: 6, TIPO: DOBRÁVEL;UN;11,0000;247,0000;2717,0000;0,0000;31/12/2026
ERN - HOSPITAL DR JOSÉ PEDRO BEZERRA DE NATAL;925778;753;Material;925778-11/2026;Materiais para manutenção;Catálogo do Compras.gov.br;Material;5650;MATERIAIS PARA TELHADOS E REVESTIMENTO DE PAREDES;14331;ARGAMASSA;616640;COMPOSIÇÃO: CIMENTO, AGREGADOS MINERAIS E ADITIVOS QUIMICOS, COR: BRANCA, TIPO: AC III;SC;120,0000;25,0000;3000,0000;0,0000;31/12/2026
ERN - HOSPITAL DR JOSÉ PEDRO BEZERRA DE NATAL;925778;754;Material;925778-11/2026;Materiais para manutenção;Catálogo do Compras.gov.br;Material;5310;PORCAS E ARRUELAS;642;ARRUELA;485977;CARACTERÍSTICAS ADICIONAIS: FORMA "A", DIÂMETRO INTERNO: 3/16, MATERIAL: AÇO CARBONO, TIPO: LISA, TRATAMENTO SUPERFICIAL: GALVANIZADO;UN;1000,0000;0,1300;130,0000;0,0000;31/12/2026
ERN - HOSPITAL DR JOSÉ PEDRO BEZERRA DE NATAL;925778;755;Material;925778-11/2026;Materiais para manutenção;Catálogo do Compras.gov.br;Material;5130;FERRAMENTAS MANUAIS ACIONADAS POR FORÇA MOTRIZ;16083;ESMERILHADEIRA;449083;DIÂMETRO DISCO: 4 1/2, POTÊNCIA: 720, ROTAÇÃO: 11.000, TIPO: ANGULAR, VOLTAGEM: 220;UN;2,0000;215,0000;430,0000;0,0000;31/12/2026
ERN - HOSPITAL DR JOSÉ PEDRO BEZERRA DE NATAL;925778;756;Material;925778-11/2026;Materiais para manutenção;Catálogo do Compras.gov.br;Material;5310;PORCAS E ARRUELAS;642;ARRUELA;485978;DIÂMETRO INTERNO: 3/8, MATERIAL: AÇO INOXIDÁVEL, TIPO: LISA;UN;1000,0000;0,0630;63,0000;0,0000;31/12/2026
ERN - HOSPITAL DR JOSÉ PEDRO BEZERRA DE NATAL;925778;757;Material;925778-11/2026;Materiais para manutenção;Catálogo do Compras.gov.br;Material;5120;FERRAMENTAS MANUAIS SEM CORTE, NÃO ACIONADAS  POR  FORÇA  MOTRIZ;1569;ESPÁTULA;372826;APLICAÇÃO: MASSA E RASPAGEM, MATERIAL CABO: PLÁSTICO, MATERIAL LÂMINA: METAL, TAMANHO: 3;UN;20,0000;22,0000;440,0000;0,0000;31/12/2026
ERN - HOSPITAL DR JOSÉ PEDRO BEZERRA DE NATAL;925778;758;Material;925778-11/2026;Materiais para manutenção;Catálogo do Compras.gov.br;Material;5120;FERRAMENTAS MANUAIS SEM CORTE, NÃO ACIONADAS  POR  FORÇA  MOTRIZ;1569;ESPÁTULA;338023;APLICAÇÃO: MASSA E RASPAGEM, MATERIAL CABO: MADEIRA, MATERIAL LÂMINA: METAL, TAMANHO: 4;UN;20,0000;30,0000;600,0000;0,0000;31/12/2026
ERN - HOSPITAL DR JOSÉ PEDRO BEZERRA DE NATAL;925778;759;Material;925778-11/2026;Materiais para manutenção;Catálogo do Compras.gov.br;Material;5120;FERRAMENTAS MANUAIS SEM CORTE, NÃO ACIONADAS  POR  FORÇA  MOTRIZ;1569;ESPÁTULA;292206;APLICAÇÃO: MASSA E RASPAGEM, MATERIAL CABO: MADEIRA, MATERIAL LÂMINA: METAL, TAMANHO: 2;UN;20,0000;25,0000;500,0000;0,0000;31/12/2026
ERN - HOSPITAL DR JOSÉ PEDRO BEZERRA DE NATAL;925778;760;Material;925778-11/2026;Materiais para manutenção;Catálogo do Compras.gov.br;Material;5120;FERRAMENTAS MANUAIS SEM CORTE, NÃO ACIONADAS  POR  FORÇA  MOTRIZ;1569;ESPÁTULA;337970;APLICAÇÃO: MASSA E RASPAGEM, MATERIAL CABO: MADEIRA, MATERIAL LÂMINA: METAL, TAMANHO: 1/2 POL;UN;20,0000;10,0000;200,0000;0,0000;31/12/2026
ERN - HOSPITAL DR JOSÉ PEDRO BEZERRA DE NATAL;925778;761;Material;925778-11/2026;Materiais para manutenção;Catálogo do Compras.gov.br;Material;5110;FERRAMENTAS MANUAIS DE CORTE, NÃO ACIONADAS POR FORÇA MOTRIZ;6595;ENXADA;471020;COMPRIMENTO CABO: 110, LARGURA: 9,5, MATERIAL: AÇO CARBONO, MATERIAL CABO: MADEIRA;UN;4,0000;53,0000;212,0000;0,0000;31/12/2026
ERN - HOSPITAL DR JOSÉ PEDRO BEZERRA DE NATAL;925778;762;Material;925778-11/2026;Materiais para manutenção;Catálogo do Compras.gov.br;Material;5110;FERRAMENTAS MANUAIS DE CORTE, NÃO ACIONADAS POR FORÇA MOTRIZ;696;FACÃO;231772;CARACTERÍSTICAS ADICIONAIS: COM BAINHA, COMPRIMENTO: 14, MATERIAL CABO: POLIPROPILENO, MATERIAL LÂMINA: AÇO, TIPO: PARA MATO;UN;6,0000;20,0000;120,0000;0,0000;31/12/2026
ERN - HOSPITAL DR JOSÉ PEDRO BEZERRA DE NATAL;925778;763;Material;925778-11/2026;Materiais para manutenção;Catálogo do Compras.gov.br;Material;3439;SUPRIMENTOS E ACESSÓRIOS PARA SOLDAS DIVERSAS, FRACAS E  FORTES;7401;FERRO DE SOLDAR;292243;APLICAÇÃO: SERVIÇOS DE MANUTENÇÃO, FORMATO PONTA: MACHADINHA, POTÊNCIA: 200, TENSÃO: 220;UN;2,0000;250,0000;500,0000;0,0000;31/12/2026
ERN - HOSPITAL DR JOSÉ PEDRO BEZERRA DE NATAL;925778;764;Material;925778-11/2026;Materiais para manutenção;Catálogo do Compras.gov.br;Material;3439;SUPRIMENTOS E ACESSÓRIOS PARA SOLDAS DIVERSAS, FRACAS E  FORTES;7401;FERRO DE SOLDAR;355341;APLICAÇÃO: SERVIÇOS DE MANUTENÇÃO, CARACTERÍSTICAS ADICIONAIS: COM SUPORTE PARA DESCANSO, FORMATO PONTA: CÔNICA, POTÊNCIA: 40, TENSÃO: 220, TIPO PONTA: REMOVÍVEL;UN;2,0000;29,0000;58,0000;0,0000;31/12/2026
ERN - HOSPITAL DR JOSÉ PEDRO BEZERRA DE NATAL;925778;765;Material;925778-11/2026;Materiais para manutenção;Catálogo do Compras.gov.br;Material;5110;FERRAMENTAS MANUAIS DE CORTE, NÃO ACIONADAS POR FORÇA MOTRIZ;7733;FORMÃO;249750;BITOLA: 1/4, MATERIAL CABO: MADEIRA, MATERIAL CORPO: CROMO VANÁDIO;UN;2,0000;30,0000;60,0000;0,0000;31/12/2026
ERN - HOSPITAL DR JOSÉ PEDRO BEZERRA DE NATAL;925778;766;Material;925778-11/2026;Materiais para manutenção;Catálogo do Compras.gov.br;Material;5130;FERRAMENTAS MANUAIS ACIONADAS POR FORÇA MOTRIZ;7868;FURADEIRA;613831;CAPACIDADE PERFURAÇÃO ALUMÍNIO: 13, CARACTERÍSTICAS ADICIONAIS: DUAS VELOCIDADES, VARIÁVEL E REVERSÍVEL, POTÊNCIA: 750, TAMANHO MANDRIL: 1/2", TENSÃO ALIMENTAÇÃO: 220, TIPO: IMPACTO, VELOCIDADE: 0 A 3.000;UN;2,0000;420,0000;840,0000;0,0000;31/12/2026
ERN - HOSPITAL DR JOSÉ PEDRO BEZERRA DE NATAL;925778;767;Material;925778-11/2026;Materiais para manutenção;Catálogo do Compras.gov.br;Material;5310;PORCAS E ARRUELAS;642;ARRUELA;390866;CARACTERÍSTICAS ADICIONAIS: PADRÃO 994 COMUM, DIÂMETRO EXTERNO: 20, DIÂMETRO INTERNO: 5/16, ESPESSURA: 1,20, MATERIAL: AÇO INOXIDÁVEL, TIPO: LISA, TRATAMENTO SUPERFICIAL: GALVANIZADO;UN;1000,0000;0,0900;90,0000;0,0000;31/12/2026
ERN - HOSPITAL DR JOSÉ PEDRO BEZERRA DE NATAL;925778;768;Material;925778-11/2026;Materiais para manutenção;Catálogo do Compras.gov.br;Material;5130;FERRAMENTAS MANUAIS ACIONADAS POR FORÇA MOTRIZ;7868;FURADEIRA;257586;POTÊNCIA: 450, TAMANHO MANDRIL: 3/8, TENSÃO ALIMENTAÇÃO: 220, TIPO: IMPACTO;UN;2,0000;192,0000;384,0000;0,0000;31/12/2026
ERN - HOSPITAL DR JOSÉ PEDRO BEZERRA DE NATAL;925778;769;Material;925778-11/2026;Materiais para manutenção;Catálogo do Compras.gov.br;Material;5110;FERRAMENTAS MANUAIS DE CORTE, NÃO ACIONADAS POR FORÇA MOTRIZ;8831;LIMA MANUAL;620281;CARACTERÍSTICAS ADICIONAIS: CABO PLÁSTICO EMBORRACHADO, COMPRIMENTO: 10, FORMATO: FACA, TIPO: MURÇA;UN;2,0000;68,0000;136,0000;0,0000;31/12/2026
ERN - HOSPITAL DR JOSÉ PEDRO BEZERRA DE NATAL;925778;770;Material;925778-11/2026;Materiais para manutenção;Catálogo do Compras.gov.br;Material;5110;FERRAMENTAS MANUAIS DE CORTE, NÃO ACIONADAS POR FORÇA MOTRIZ;8831;LIMA MANUAL;621821;CARACTERÍSTICAS ADICIONAIS: METAL DURO, COMPRIMENTO: 19, DIÂMETRO: 6, FORMATO: CILINDRICA, TIPO: ROTATIVA;UN;2,0000;44,0000;88,0000;0,0000;31/12/2026
ERN - HOSPITAL DR JOSÉ PEDRO BEZERRA DE NATAL;925778;771;Material;925778-11/2026;Materiais para manutenção;Catálogo do Compras.gov.br;Material;5120;FERRAMENTAS MANUAIS SEM CORTE, NÃO ACIONADAS  POR  FORÇA  MOTRIZ;14637;JOGO CHAVE;483814;CARACTERÍSTICAS ADICIONAIS: ABAULADA, MATERIAL: AÇO CROMO VANÁDIO, QUANTIDADE PEÇAS: 9, TAMANHO: 2, 3, 4, 5, 6, 8, 10, 12, 14 MM, TIPO: ALLEN, TRATAMENTO SUPERFICIAL PONTA: FOSFATIZADO;JG;1,0000;37,0000;37,0000;0,0000;31/12/2026
ERN - HOSPITAL DR JOSÉ PEDRO BEZERRA DE NATAL;925778;772;Material;925778-11/2026;Materiais para manutenção;Catálogo do Compras.gov.br;Material;5120;FERRAMENTAS MANUAIS SEM CORTE, NÃO ACIONADAS  POR  FORÇA  MOTRIZ;14637;JOGO CHAVE;602117;COMPONENTES: 3/16 A 3/8 POL., MATERIAL: AÇO CROMO VANÁDIO, TIPO: CATRACA;JG;1,0000;105,0000;105,0000;0,0000;31/12/2026
ERN - HOSPITAL DR JOSÉ PEDRO BEZERRA DE NATAL;925778;773;Material;925778-11/2026;Materiais para manutenção;Catálogo do Compras.gov.br;Material;5120;FERRAMENTAS MANUAIS SEM CORTE, NÃO ACIONADAS  POR  FORÇA  MOTRIZ;14637;JOGO CHAVE;477539;ACABAMENTO SUPERFICIAL: FOSFATIZADO, APLICAÇÃO: SERVIÇOS GERAIS - OFICINA, COMPONENTES: 0,7 A 24 MM / 1,16 A 1 POL, MATERIAL: AÇO CROMO VANÁDIO, QUANTIDADE PEÇAS: 41, TIPO: ALLEN;JG;1,0000;170,0000;170,0000;0,0000;31/12/2026
ERN - HOSPITAL DR JOSÉ PEDRO BEZERRA DE NATAL;925778;774;Material;925778-11/2026;Materiais para manutenção;Catálogo do Compras.gov.br;Material;5610;MATERIAIS DE ORIGEM MINERAL PARA CONSTRUÇÃO, A GRANEL;863;BRITA;216958;MATERIAL: ROCHA TRITURADA, TAMANHO: BRITA 2;M3;10,0000;80,0000;800,0000;0,0000;31/12/2026
ERN - HOSPITAL DR JOSÉ PEDRO BEZERRA DE NATAL;925778;775;Material;925778-11/2026;Materiais para manutenção;Catálogo do Compras.gov.br;Material;5130;FERRAMENTAS MANUAIS ACIONADAS POR FORÇA MOTRIZ;1054;LIXADEIRA;605246;CARACTERÍSTICAS ADICIONAIS: EXTRAÇÃO PÓ E ANTIVIBRAÇÃO, POTÊNCIA: 400, TENSÃO ALIMENTAÇÃO: 220, TIPO: ORBITAL, VELOCIDADE: 12.000;UN;1,0000;380,0000;380,0000;0,0000;31/12/2026
ERN - HOSPITAL DR JOSÉ PEDRO BEZERRA DE NATAL;925778;776;Material;925778-11/2026;Materiais para manutenção;Catálogo do Compras.gov.br;Material;5120;FERRAMENTAS MANUAIS SEM CORTE, NÃO ACIONADAS  POR  FORÇA  MOTRIZ;9390;MARRETA;443271;MATERIAL: AÇO FORJADO E TEMPERADO, MATERIAL CABO: MADEIRA, PESO: 2, TIPO: OITAVADO;UN;2,0000;113,0000;226,0000;0,0000;31/12/2026
ERN - HOSPITAL DR JOSÉ PEDRO BEZERRA DE NATAL;925778;777;Material;925778-11/2026;Materiais para manutenção;Catálogo do Compras.gov.br;Material;5120;FERRAMENTAS MANUAIS SEM CORTE, NÃO ACIONADAS  POR  FORÇA  MOTRIZ;9390;MARRETA;377500;ACABAMENTO SUPERFICIAL: PINTURA ELETROSTÁTICA, MATERIAL: AÇO CARBONO FORJADO E TEMPERADO, MATERIAL CABO: MADEIRA, PESO: 1, TIPO: OITAVADO;UN;2,0000;77,0000;154,0000;0,0000;31/12/2026
ERN - HOSPITAL DR JOSÉ PEDRO BEZERRA DE NATAL;925778;778;Material;925778-11/2026;Materiais para manutenção;Catálogo do Compras.gov.br;Material;5120;FERRAMENTAS MANUAIS SEM CORTE, NÃO ACIONADAS  POR  FORÇA  MOTRIZ;13589;MARTELO;400942;MATERIAL: AÇO FORJADO, MATERIAL CABO: FIBRA, TAMANHO: 33,50, TIPO: UNHA;UN;2,0000;43,0000;86,0000;0,0000;31/12/2026
ERN - HOSPITAL DR JOSÉ PEDRO BEZERRA DE NATAL;925778;779;Material;925778-11/2026;Materiais para manutenção;Catálogo do Compras.gov.br;Material;5120;FERRAMENTAS MANUAIS SEM CORTE, NÃO ACIONADAS  POR  FORÇA  MOTRIZ;13589;MARTELO;391960;MATERIAL: AÇO CARBONO, MATERIAL CABO: MADEIRA, TIPO: FERRADOR;UN;1,0000;181,0000;181,0000;0,0000;31/12/2026
ERN - HOSPITAL DR JOSÉ PEDRO BEZERRA DE NATAL;925778;780;Material;925778-11/2026;Materiais para manutenção;Catálogo do Compras.gov.br;Material;6625;INSTRUMENTO DE TESTE E DE MEDIÇÃO DE PROPRIEDADES ELÉTRICAS E ELETRÔNICAS;10012;MULTÍMETRO;616913;CARACTERÍSTICAS ADICIONAIS: DISPLAY LCD 3 1/2 DÍGITOS, TESTE DIODO, CORRENTE DC: 10, DIMENSÕES: 183 X 91 X 49,50, RESISTÊNCIA: 400, TENSÃO AC: 1.000, TIPO: DIGITAL E PORTÁTIL;UN;1,0000;99,0000;99,0000;0,0000;31/12/2026
ERN - HOSPITAL DR JOSÉ PEDRO BEZERRA DE NATAL;925778;781;Material;925778-11/2026;Materiais para manutenção;Catálogo do Compras.gov.br;Material;5305;PARAFUSOS SEM PORCA;634;BUCHA PARAFUSO;613897;CARACTERÍSTICAS ADICIONAIS: COM PARAFUSO TIPO PHILLIPS, MATERIAL: PLÁSTICO, TAMANHO: 8MM;UN;1000,0000;0,3100;310,0000;0,0000;31/12/2026
ERN - HOSPITAL DR JOSÉ PEDRO BEZERRA DE NATAL;925778;782;Material;925778-11/2026;Materiais para manutenção;Catálogo do Compras.gov.br;Material;5120;FERRAMENTAS MANUAIS SEM CORTE, NÃO ACIONADAS  POR  FORÇA  MOTRIZ;10273;PÁ;470913;APLICAÇÃO: CONSTRUÇÃO CIVIL, CARACTERÍSTICAS ADICIONAIS: CABO MADEIRA EM Y, COMPRIMENTO CABO: 0,74, FORMATO: QUADRADA, MATERIAL: AÇO CARBONO, MATERIAL CABO: MADEIRA, TAMANHO: 330 X 275;UN;4,0000;80,0000;320,0000;0,0000;31/12/2026
ERN - HOSPITAL DR JOSÉ PEDRO BEZERRA DE NATAL;925778;783;Material;925778-11/2026;Materiais para manutenção;Catálogo do Compras.gov.br;Material;5510;TÁBUAS E ARTIGOS CORRELATOS À BASE DE MADEIRA;16115;BUCHA FIXAÇÃO;250740;APLICAÇÃO: FIO DE TELEFONE, COMPRIMENTO: 3, TAMANHO: 8, TIPO: GRAMPO;UN;1000,0000;0,1000;100,0000;0,0000;31/12/2026
ERN - HOSPITAL DR JOSÉ PEDRO BEZERRA DE NATAL;925778;784;Material;925778-11/2026;Materiais para manutenção;Catálogo do Compras.gov.br;Material;5510;TÁBUAS E ARTIGOS CORRELATOS À BASE DE MADEIRA;16115;BUCHA FIXAÇÃO;250739;APLICAÇÃO: FIO DE TELEFONE, COMPRIMENTO: 3, TAMANHO: 6, TIPO: GRAMPO;UN;1000,0000;0,0600;60,0000;0,0000;31/12/2026
ERN - HOSPITAL DR JOSÉ PEDRO BEZERRA DE NATAL;925778;785;Material;925778-11/2026;Materiais para manutenção;Catálogo do Compras.gov.br;Material;5340;FERRAGENS DIVERSAS;554;CADEADO;608906;ALTURA: 40, CARACTERÍSTICAS ADICIONAIS: LOTE DE 60 CADEADOS COM O MESMO SEGREDO, LARGURA: 20, MATERIAL: LATÃO MACIÇO, MATERIAL HASTE: AÇO CEMENTADO/CROMADO;UN;30,0000;22,0000;660,0000;0,0000;31/12/2026
ERN - HOSPITAL DR JOSÉ PEDRO BEZERRA DE NATAL;925778;786;Material;925778-11/2026;Materiais para manutenção;Catálogo do Compras.gov.br;Material;5340;FERRAGENS DIVERSAS;554;CADEADO;476081;ALTURA: 50, CARACTERÍSTICAS ADICIONAIS: CORPO, PINOS E CONTRAPINOS EM LATÃO, LARGURA: 25, MATERIAL: LATÃO MACIÇO, MATERIAL HASTE: AÇO;UN;30,0000;25,0000;750,0000;0,0000;31/12/2026
ERN - HOSPITAL DR JOSÉ PEDRO BEZERRA DE NATAL;925778;787;Material;925778-11/2026;Materiais para manutenção;Catálogo do Compras.gov.br;Material;5340;FERRAGENS DIVERSAS;554;CADEADO;607770;ALTURA: 55, CARACTERÍSTICAS ADICIONAIS: MESTRADO, LARGURA: 30, MATERIAL: LATÃO MACIÇO, MATERIAL HASTE: AÇO CEMENTADO/CROMADO;UN;30,0000;29,0000;870,0000;0,0000;31/12/2026
ERN - HOSPITAL DR JOSÉ PEDRO BEZERRA DE NATAL;925778;788;Material;925778-11/2026;Materiais para manutenção;Catálogo do Compras.gov.br;Material;5340;FERRAGENS DIVERSAS;554;CADEADO;449289;ALTURA: 70, COR: DOURADO, LARGURA: 40, MATERIAL: ZAMAC, MATERIAL HASTE: AÇO TEMPERADO;UN;20,0000;43,0000;860,0000;0,0000;31/12/2026
ERN - HOSPITAL DR JOSÉ PEDRO BEZERRA DE NATAL;925778;789;Material;925778-11/2026;Materiais para manutenção;Catálogo do Compras.gov.br;Material;5340;FERRAGENS DIVERSAS;554;CADEADO;396020;ALTURA: 72,50, CARACTERÍSTICAS ADICIONAIS: TRAVA DUPLO/MOLAS EM AÇO INOX/AUTOBLOCÁVEL/TETRA, LARGURA: 60, MATERIAL: LATÃO MACIÇO, MATERIAL HASTE: AÇO TEMPERADO;UN;10,0000;54,0000;540,0000;0,0000;31/12/2026
ERN - HOSPITAL DR JOSÉ PEDRO BEZERRA DE NATAL;925778;790;Material;925778-11/2026;Materiais para manutenção;Catálogo do Compras.gov.br;Material;5670;COMPONENTES PRÉ-FABRICADOS PARA CONSTRUÇÃO;4117;CAIXA D'ÁGUA;237630;CAPACIDADE: 500, MATERIAL: FIBRA VIDRO E RESINA, TIPO: TAÇA, TRATAMENTO SUPERFICIAL: LAMINADO COM RESINA DE POLIÉSTER, REVESTIMENTO: INTERNO - GEL COAT ISOFITÁLICO;UN;2,0000;350,0000;700,0000;0,0000;31/12/2026
ERN - HOSPITAL DR JOSÉ PEDRO BEZERRA DE NATAL;925778;791;Material;925778-11/2026;Materiais para manutenção;Catálogo do Compras.gov.br;Material;5670;COMPONENTES PRÉ-FABRICADOS PARA CONSTRUÇÃO;4117;CAIXA D'ÁGUA;257504;CAPACIDADE: 1.000, CARACTERÍSTICAS ADICIONAIS: COM TAMPA, MATERIAL: FIBRA VIDRO E RESINA, TIPO: TAÇA, TRATAMENTO SUPERFICIAL: LAMINADO COM RESINA DE POLIÉSTER, REVESTIMENTO: INTERNO - GEL COAT ISOFITÁLICO;UN;2,0000;450,0000;900,0000;0,0000;31/12/2026
ERN - HOSPITAL DR JOSÉ PEDRO BEZERRA DE NATAL;925778;792;Material;925778-11/2026;Materiais para manutenção;Catálogo do Compras.gov.br;Material;4510;DISPOSITIVOS E ACESSÓRIOS PARA INSTALAÇÕES HIDRÁULICAS;17358;ASSENTO VASO SANITÁRIO;428250;CARACTERÍSTICAS ADICIONAIS: COMPATÍVEL:VASO SANITARIO DECA MODELO MONTE CARLO, COR: BRANCA, MATERIAL: PLÁSTICO;UN;200,0000;25,0000;5000,0000;0,0000;31/12/2026
ERN - HOSPITAL DR JOSÉ PEDRO BEZERRA DE NATAL;925778;793;Material;925778-11/2026;Materiais para manutenção;Catálogo do Compras.gov.br;Material;5680;MATERIAIS DIVERSOS PARA CONSTRUÇÃO;866;CIMENTO BRANCO;216964;TIPO CIMENTO: PORTLAND, COR: BRANCA;SC;50,0000;13,0000;650,0000;0,0000;31/12/2026
ERN - HOSPITAL DR JOSÉ PEDRO BEZERRA DE NATAL;925778;795;Material;925778-11/2026;Materiais para manutenção;Catálogo do Compras.gov.br;Material;5530;COMPENSADOS E FOLHEADOS;10825;PLACA COMPENSADO;257783;ACABAMENTO EXTERNO: RESINADO, COMPRIMENTO: 2,20, ESPESSURA: 10, LARGURA: 1,10, TIPO: COMUM, TIPO MIOLO: LÂMINAS DE MADEIRA;UN;5,0000;198,0000;990,0000;0,0000;31/12/2026
ERN - HOSPITAL DR JOSÉ PEDRO BEZERRA DE NATAL;925778;796;Material;925778-11/2026;Materiais para manutenção;Catálogo do Compras.gov.br;Material;5340;FERRAGENS DIVERSAS;557;DOBRADIÇA PORTA;423247;MATERIAL: AÇO, TRATAMENTO SUPERFICIAL: CROMADO, ALTURA: 2.1/2, LARGURA: 3;UN;50,0000;15,0000;750,0000;0,0000;31/12/2026
ERN - HOSPITAL DR JOSÉ PEDRO BEZERRA DE NATAL;925778;1122;Material;925778-9/2026;material permanente;Catálogo do Compras.gov.br;Material;6515;INSTRUMENTOS, EQUIPAMENTOS E SUPRIMENTOS MÉDICOS  E  CIRÚRGICOS;18229;SONDA TRATO DIGESTIVO;435903;APLICAÇÃO: ORO OU NASOGÁSTRICA, CALIBRE: Nº 6, COMPONENTES: PONTA DISTAL FECHADA, C/ ORIFÍCIOS LATERAIS, COMPRIMENTO: CERCA 50, CONECTOR: CONECTOR PADRÃO C/ TAMPA, EMBALAGEM: EMBALAGEM INDIVIDUAL, ESTERILIDADE: ESTÉRIL, DESCARTÁVEL, MATERIAL: PVC, MODELO: LEVINE, TAMANHO: CURTA;UN;250,0000;0,5400;135,0000;0,0000;30/12/2026
ERN - HOSPITAL DR JOSÉ PEDRO BEZERRA DE NATAL;925778;1123;Material;925778-9/2026;material permanente;Catálogo do Compras.gov.br;Material;6515;INSTRUMENTOS, EQUIPAMENTOS E SUPRIMENTOS MÉDICOS  E  CIRÚRGICOS;18229;SONDA TRATO DIGESTIVO;440103;ADICIONAIS: CONJUNTO COMPLETO P/ VIA ENDOSCÓPICA PERCUTÂNEA, APLICAÇÃO: P/ GASTROSTOMIA, CALIBRE: CERCA DE 20, COMPONENTES: SISTEMA PARA FIXAÇÃO, CONECTOR: CONECTOR PADRÃO EM Y, CLAMP E TAMPA, EMBALAGEM: EMBALAGEM INDIVIDUAL, ESTERILIDADE: ESTÉRIL, DESCARTÁVEL, MATERIAL: SILICONE, OUTROS COMPONENTES: DISTAL - INTRA GÁSTRICA E PERIOSTOMAL;UN;5,0000;425,0292;2125,1460;0,0000;30/12/2026
ERN - HOSPITAL DR JOSÉ PEDRO BEZERRA DE NATAL;925778;1124;Material;925778-9/2026;material permanente;Catálogo do Compras.gov.br;Material;6515;INSTRUMENTOS, EQUIPAMENTOS E SUPRIMENTOS MÉDICOS  E  CIRÚRGICOS;19949;ESCOVA LIMPEZA - CME;481963;APLICAÇÃO: P/ ENDOSCÓPIO, COMPRIMENTO TOTAL: CERCA DE 200, DIÂMETRO PONTA: CERCA DE 3, HASTE: HASTE FLEXÍVEL, MATERIAL CERDAS: CERDAS DE NYLON, PONTA ATIVA: NAS DUAS EXTREMIDADES, TIPO USO: DESCARTÁVEL;UN;10,0000;26,9200;269,2000;0,0000;30/12/2026
ERN - HOSPITAL DR JOSÉ PEDRO BEZERRA DE NATAL;925778;1125;Material;925778-9/2026;material permanente;Catálogo do Compras.gov.br;Material;7125;ARMÁRIOS E ESTANTES;13563;ESTANTE;;;-;0,0000;0,0000;15000,0000;0,0000;30/12/2026
ERN - HOSPITAL DR JOSÉ PEDRO BEZERRA DE NATAL;925778;1126;Material;925778-9/2026;material permanente;Catálogo do Compras.gov.br;Material;6515;INSTRUMENTOS, EQUIPAMENTOS E SUPRIMENTOS MÉDICOS  E  CIRÚRGICOS;30044;FIO DE SUTURA S/ AGULHA;600145;APRESENTAÇÃO: EMBALAGEM INDIVIDUAL, COMPRIMENTO: 15 X CERCA DE 45, DIÂMETRO: 0 / 1-0, ESTERILIDADE: ESTÉRIL, MATERIAL: POLIÉSTER C/ ALGODÃO PRETO, MODELO: MULTIFILAMENTAR;UN;24,0000;1,6700;40,0800;0,0000;30/12/2026
ERN - HOSPITAL DR JOSÉ PEDRO BEZERRA DE NATAL;925778;1127;Material;925778-9/2026;material permanente;Catálogo do Compras.gov.br;Material;6515;INSTRUMENTOS, EQUIPAMENTOS E SUPRIMENTOS MÉDICOS  E  CIRÚRGICOS;18219;ESPAÇADOR USO MÉDICO;357699;APLICAÇÃO: INALAÇÃO DE BRONCODILATADOR, CARACTERÍSTICAS ADICIONAIS: RESERVATÓRIO RÍGIDO TRANSLÚCIDO, MODELO: MÁSCARA PVC TAMANHO P DE 0 A 2 ANOS, TIPO: ENCAIXE UNIVERSAL, BOCAL COM VÁLVULA UNIDIRECIONAL;UN;200,0000;22,0000;4400,0000;0,0000;30/12/2026
ERN - HOSPITAL DR JOSÉ PEDRO BEZERRA DE NATAL;925778;1128;Material;925778-9/2026;material permanente;Catálogo do Compras.gov.br;Material;6515;INSTRUMENTOS, EQUIPAMENTOS E SUPRIMENTOS MÉDICOS  E  CIRÚRGICOS;19697;TUBO HOSPITALAR;459106;DIÂMETRO INTERNO: CERCA DE 6,0 MM, ESTERILIDADE: AUTOCLAVÁVEL, MATERIAL: BORRACHA DE LÁTEX NATURAL, REFERÊNCIA: Nº 204;RO;40,0000;87,5000;3500,0000;0,0000;30/12/2026
ERN - HOSPITAL DR JOSÉ PEDRO BEZERRA DE NATAL;925778;1129;Material;925778-9/2026;material permanente;Catálogo do Compras.gov.br;Material;6515;INSTRUMENTOS, EQUIPAMENTOS E SUPRIMENTOS MÉDICOS  E  CIRÚRGICOS;18087;FRASCO - TIPO ALMOTOLIA;279887;CAPACIDADE: 250, COR: ÂMBAR, MATERIAL: EM POLIETILENO (PLÁSTICO), TIPO BICO: BICO RETO, LONGO, ESTREITO, COM PROTETOR, TIPO TAMPA: TAMPA EM ROSCA;UN;100,0000;3,0400;304,0000;0,0000;30/12/2026
ERN - HOSPITAL DR JOSÉ PEDRO BEZERRA DE NATAL;925778;1130;Material;925778-9/2026;material permanente;Catálogo do Compras.gov.br;Material;6515;INSTRUMENTOS, EQUIPAMENTOS E SUPRIMENTOS MÉDICOS  E  CIRÚRGICOS;30075;AGULHA ESCLEROTERAPIA VIA ENDOSCÓPICA;603005;COMPATIBILIDADE: P/ CANAL CERCA DE 2,8 MM X 230 CM, DIMENSÃO AGULHA: CERCA DE 23 G X 5 MM, ESTERILIDADE: ESTÉRIL, USO ÚNICO, MATERIAL AGULHA: AÇO INOXIDÁVEL, MATERIAL CATETER: CATETER EM PTFE, PEÇA DE MÃO: MANOPLA, C/ INJETOR ÚNICO;UN;50,0000;76,4150;3820,7500;0,0000;30/12/2026
ERN - HOSPITAL DR JOSÉ PEDRO BEZERRA DE NATAL;925778;1131;Material;925778-9/2026;material permanente;Catálogo do Compras.gov.br;Material;6515;INSTRUMENTOS, EQUIPAMENTOS E SUPRIMENTOS MÉDICOS  E  CIRÚRGICOS;18351;EMBALAGEM P/ ESTERILIZAÇÃO;443438;APRESENTAÇÃO: ROLO, COMPONENTES: C/ INDICADOR QUÍMICO, COMPONENTES ADICIONAIS: TERMOSSELANTE, COMPOSIÇÃO: C/ FILME POLÍMERO MULTILAMINADO, GRAMATURA / ESPESSURA: CERCA DE 60, MATERIAL: PAPEL GRAU CIRÚRGICO, TAMANHO: CERCA DE 15, TIPO USO: USO ÚNICO;RO;30,0000;69,6300;2088,9000;0,0000;30/12/2026
ERN - HOSPITAL DR JOSÉ PEDRO BEZERRA DE NATAL;925778;1132;Material;925778-9/2026;material permanente;Catálogo do Compras.gov.br;Material;6515;INSTRUMENTOS, EQUIPAMENTOS E SUPRIMENTOS MÉDICOS  E  CIRÚRGICOS;16538;CONJUNTO PARA PAPANICOLAU;405739;COMPONENTES ADICIONAIS: 1 LÂMINA COM FRASCO DE TRANSPORTE, COMPOSIÇÃO BÁSICA: 1 ESPÉCULO VAGINAL MÉDIO, 1 ESPÁTULA DE AYRES, EMBALAGEM: ESTÉRIL, EMBALAGEM INDIVIDUAL, OUTROS COMPONENTES: 1 ESCOVA CERVICAL, 1 PINÇA CHERON, TIPO: COMPOSIÇÃO BÁSICA:;UN;100,0000;3,4600;346,0000;0,0000;30/12/2026
ERN - HOSPITAL DR JOSÉ PEDRO BEZERRA DE NATAL;925778;1133;Material;925778-9/2026;material permanente;Catálogo do Compras.gov.br;Material;6515;INSTRUMENTOS, EQUIPAMENTOS E SUPRIMENTOS MÉDICOS  E  CIRÚRGICOS;8203;DRENO CIRÚRGICO;438507;CALIBRE: 16, COMPRIMENTO: CERCA DE 50, EMBALAGEM: EMBALAGEM INDIVIDUAL, MATERIAL: BORRACHA, MODELO: KEHR EM "T", TIPO USO: ESTÉRIL, DESCARTÁVEL;UN;10,0000;7,7300;77,3000;0,0000;30/12/2026
ERN - HOSPITAL DR JOSÉ PEDRO BEZERRA DE NATAL;925778;1134;Material;925778-9/2026;material permanente;Catálogo do Compras.gov.br;Material;6515;INSTRUMENTOS, EQUIPAMENTOS E SUPRIMENTOS MÉDICOS  E  CIRÚRGICOS;19947;FIXADOR P/ DISPOSITIVO MÉDICO;481537;APLICAÇÃO: P/ GASTROSTOMIA, COMPONENTE ADICIONAL: C/ PRESILHA DE FIXAÇÃO, EMBALAGEM: EMBALAGEM INDIVIDUAL, MATERIAL: BASE ADESIVA E HIDROCOLÓIDE, TAMANHO: TAMANHO ÚNICO, TIPO USO: ESTÉRIL;UN;20,0000;141,8700;2837,4000;0,0000;30/12/2026
ERN - HOSPITAL DR JOSÉ PEDRO BEZERRA DE NATAL;925778;1135;Material;925778-9/2026;material permanente;Catálogo do Compras.gov.br;Material;6515;INSTRUMENTOS, EQUIPAMENTOS E SUPRIMENTOS MÉDICOS  E  CIRÚRGICOS;15284;LÂMINA BISTURI;313631;CARACTERÍSTICAS ADICIONAIS: EMBALADA INDIVIDUALMENTE, ESTERILIDADE: ESTÉRIL, MATERIAL: AÇO CARBONO, TAMANHO: Nº 23, TIPO: DESCARTÁVEL;UN;2100,0000;0,2400;504,0000;0,0000;30/12/2026
ERN - HOSPITAL DR JOSÉ PEDRO BEZERRA DE NATAL;925778;1629;Material;925778-7/2026;Material uso consumo nutrição;Catálogo do Compras.gov.br;Material;7330;UTENSÍLIOS E FERRAMENTAS MANUAIS DE COZINHA;14460;ESCORREDOR;424014;CARACTERÍSTICAS ADICIONAIS: COM ALÇAS, DIÂMETRO: 26, MATERIAL: ALUMÍNIO;UN;6,0000;80,0000;480,0000;0,0000;31/12/2026
ERN - HOSPITAL DR JOSÉ PEDRO BEZERRA DE NATAL;925778;801;Material;925778-11/2026;Materiais para manutenção;Catálogo do Compras.gov.br;Material;5350;MATERIAIS ABRASIVOS;585;LIXA;213811;APRESENTAÇÃO: FOLHA, COMPRIMENTO: 275, DIÂMETRO: NÃO APLICÁVEL, LARGURA: 225, MATERIAL: ÓXIDO ALUMÍNIO, TIPO: LIXA MASSA, TIPO GRÃO: 80, ESPESSURA: NÃO APLICÁVEL;UN;200,0000;1,2000;240,0000;0,0000;31/12/2026
ERN - HOSPITAL DR JOSÉ PEDRO BEZERRA DE NATAL;925778;802;Material;925778-11/2026;Materiais para manutenção;Catálogo do Compras.gov.br;Material;5350;MATERIAIS ABRASIVOS;585;LIXA;385143;APRESENTAÇÃO: FOLHA, COMPRIMENTO: 275, LARGURA: 225, MATERIAL: CARBURETO SILÍCIO, TIPO: LIXA FERRO, TIPO GRÃO: 36;UN;100,0000;3,5000;350,0000;0,0000;31/12/2026
ERN - HOSPITAL DR JOSÉ PEDRO BEZERRA DE NATAL;925778;803;Material;925778-11/2026;Materiais para manutenção;Catálogo do Compras.gov.br;Material;5350;MATERIAIS ABRASIVOS;585;LIXA;361959;APRESENTAÇÃO: FOLHA, COMPRIMENTO: 275, LARGURA: 225, MATERIAL: PAPEL, TIPO: LIXA MADEIRA, TIPO GRÃO: 60;UN;50,0000;1,2000;60,0000;0,0000;31/12/2026
ERN - HOSPITAL DR JOSÉ PEDRO BEZERRA DE NATAL;925778;804;Material;925778-11/2026;Materiais para manutenção;Catálogo do Compras.gov.br;Material;5340;FERRAGENS DIVERSAS;566;FECHADURA;343460;CARACTERÍSTICAS ADICIONAIS: MAÇANETA TIPO ALAVANCA E FOLHA DA PORTA 25/40 MM, MATERIAL CAIXA: AÇO, TIPO: EXTERNA;UN;100,0000;65,0000;6500,0000;0,0000;31/12/2026
ERN - HOSPITAL DR JOSÉ PEDRO BEZERRA DE NATAL;925778;805;Material;925778-11/2026;Materiais para manutenção;Catálogo do Compras.gov.br;Material;5340;FERRAGENS DIVERSAS;566;FECHADURA;354740;ACABAMENTO SUPERFICIAL: CROMADO, APLICAÇÃO: PORTA, CARACTERÍSTICAS ADICIONAIS: MAÇANETA TIPO ALAVANCA, COMPONENTES: 2 CHAVES EM LATÃO NIQUELADO, MATERIAL CAIXA: AÇO, TIPO: INTERNA/EXTERNA;UN;100,0000;65,0000;6500,0000;0,0000;31/12/2026
ERN - HOSPITAL DR JOSÉ PEDRO BEZERRA DE NATAL;925778;806;Material;925778-11/2026;Materiais para manutenção;Catálogo do Compras.gov.br;Material;5340;FERRAGENS DIVERSAS;566;FECHADURA;406257;ACABAMENTO SUPERFICIAL: CROMADO BRILHANTE, ALTURA: 22,40, APLICAÇÃO: PORTA, CARACTERÍSTICAS ADICIONAIS: CILINDRO OVAL COM 5 PINOS, COMPRIMENTO: 15,50, ESPESSURA: 2,50, MATERIAL CAIXA: LATÃO, MATERIAL LINGUETA: LATÃO, MATERIAL TAMBOR SEGREDO: LATÃO, TIPO: EXTERNA;UN;50,0000;158,0000;7900,0000;0,0000;31/12/2026
ERN - HOSPITAL DR JOSÉ PEDRO BEZERRA DE NATAL;925778;807;Material;925778-11/2026;Materiais para manutenção;Catálogo do Compras.gov.br;Material;5340;FERRAGENS DIVERSAS;566;FECHADURA;322228;ACABAMENTO SUPERFICIAL: CROMADO BRILHANTE, APLICAÇÃO: DIVISÓRIA, CARACTERÍSTICAS ADICIONAIS: MAÇANETA TIPO BOLA, COMPONENTES: 2 CHAVES EM LATÃO NIQUELADO, MATERIAL CAIXA: AÇO ZINCADO, MATERIAL LINGUETA: AÇO, MATERIAL TAMPA: AÇO, COR TAMPA: CROMADA;UN;50,0000;119,0000;5950,0000;0,0000;31/12/2026
ERN - HOSPITAL DR JOSÉ PEDRO BEZERRA DE NATAL;925778;808;Material;925778-11/2026;Materiais para manutenção;Catálogo do Compras.gov.br;Material;5340;FERRAGENS DIVERSAS;566;FECHADURA;357246;ACABAMENTO SUPERFICIAL: PINTADO - PRETO FOSCO, APLICAÇÃO: PORTA DE DIVISÓRIA, CARACTERÍSTICAS ADICIONAIS: COM CHAVE DE UM LADO E PINO DO OUTRO, MATERIAL CAIXA: AÇO, TIPO: TUBULAR;UN;50,0000;97,0000;4850,0000;0,0000;31/12/2026
ERN - HOSPITAL DR JOSÉ PEDRO BEZERRA DE NATAL;925778;809;Material;925778-11/2026;Materiais para manutenção;Catálogo do Compras.gov.br;Material;4720;MANGUEIRAS E TUBULAÇÕES FLEXÍVEIS;616;MANGUEIRA JARDIM;214148;CARACTERÍSTICAS ADICIONAIS: NÃO APLICÁVEL, COMPRIMENTO: 100, COR: VERDE, DIÂMETRO: 1/2, ESPESSURA: 2, MATERIAL: PVC-TRAÇADO EM NÁILON, PRESSÃO MÁXIMA: 6;M;200,0000;8,0000;1600,0000;0,0000;31/12/2026
ERN - HOSPITAL DR JOSÉ PEDRO BEZERRA DE NATAL;925778;810;Material;925778-11/2026;Materiais para manutenção;Catálogo do Compras.gov.br;Material;5305;PARAFUSOS SEM PORCA;14522;PARAFUSO;480820;CARACTERÍSTICAS ADICIONAIS: FENDA PHILIPS, COMPRIMENTO: 25, DIÂMETRO: 3, MATERIAL: LATÃO, TIPO: CABEÇA CHATA, TIPO ROSCA: SOBERBA;UN;1000,0000;0,1200;120,0000;0,0000;31/12/2026
ERN - HOSPITAL DR JOSÉ PEDRO BEZERRA DE NATAL;925778;811;Material;925778-11/2026;Materiais para manutenção;Catálogo do Compras.gov.br;Material;5305;PARAFUSOS SEM PORCA;14522;PARAFUSO;624382;APLICAÇÃO: MADEIRA, CARACTERÍSTICAS ADICIONAIS: COM FENDA TIPO PHILIPS, COMPRIMENTO: 65, DIÂMETRO: 4,8, MATERIAL: AÇO, TIPO: CABEÇA CHATA;UN;1000,0000;0,1300;130,0000;0,0000;31/12/2026
ERN - HOSPITAL DR JOSÉ PEDRO BEZERRA DE NATAL;925778;812;Material;925778-11/2026;Materiais para manutenção;Catálogo do Compras.gov.br;Material;5305;PARAFUSOS SEM PORCA;14522;PARAFUSO;622778;CARACTERÍSTICAS ADICIONAIS: COM FENDA, COMPRIMENTO: 38, DIÂMETRO: 4,20, MATERIAL: AÇO ZINCADO, TIPO: CABEÇA CHATA;UN;1000,0000;0,1200;120,0000;0,0000;31/12/2026
ERN - HOSPITAL DR JOSÉ PEDRO BEZERRA DE NATAL;925778;813;Material;925778-11/2026;Materiais para manutenção;Catálogo do Compras.gov.br;Material;5305;PARAFUSOS SEM PORCA;10453;PARAFUSO CABEÇA CHATA;448297;CARACTERÍSTICAS ADICIONAIS: FENDA PHILIPS, COMPRIMENTO NOMINAL: 5, DIÂMETRO NOMINAL: 6, MATERIAL: AÇO;UN;1000,0000;0,3600;360,0000;0,0000;31/12/2026
ERN - HOSPITAL DR JOSÉ PEDRO BEZERRA DE NATAL;925778;814;Material;925778-11/2026;Materiais para manutenção;Catálogo do Compras.gov.br;Material;5130;FERRAMENTAS MANUAIS ACIONADAS POR FORÇA MOTRIZ;10424;PARAFUSADEIRA;483094;CARACTERÍSTICAS ADICIONAIS: 2 VELOCIDADES, COMPONENTES: MALETA, MANDRIL DE APERTO, CARREGADOR E BATERIA, POTÊNCIA: 1.300, TIPO ALIMENTAÇÃO: BATERIA, VELOCIDADE: REVERSÍVEL, VOLTAGEM: 220;UN;2,0000;800,0000;1600,0000;0,0000;31/12/2026
ERN - HOSPITAL DR JOSÉ PEDRO BEZERRA DE NATAL;925778;815;Material;925778-11/2026;Materiais para manutenção;Catálogo do Compras.gov.br;Material;5120;FERRAMENTAS MANUAIS SEM CORTE, NÃO ACIONADAS  POR  FORÇA  MOTRIZ;10700;PICARETA;603268;ACABAMENTO: PINTURA ELETROSTÁTICA A PÓ, CARACTERISTICAS ADICIONAIS: LARGURA DA PONTA:4,4 CM, DIÂMETRO DO OLHO: 7 CM, DIMENSÕES: 6,3 X 6,7 X (A X L), MATERIAL: AÇO CARBONO;UN;2,0000;116,0000;232,0000;0,0000;31/12/2026
ERN - HOSPITAL DR JOSÉ PEDRO BEZERRA DE NATAL;925778;816;Material;925778-11/2026;Materiais para manutenção;Catálogo do Compras.gov.br;Material;5110;FERRAMENTAS MANUAIS DE CORTE, NÃO ACIONADAS POR FORÇA MOTRIZ;1353;PLAINA;615132;ACESSÓRIOS: 3 FACAS, APLICAÇÃO: CARPINTARIA / MARCENARIA, COMPRIMENTO MESA: 1.800, DIMENSÕES: 1860 X 908 X 1024, LARGURA CORTE: 350, LARGURA MESA: 350, MATERIAL MESA: FERRO FUNDIDO, PESO: 240, POTÊNCIA: 3, PROFUNDIDADE CORTE: 3, ROTAÇÃO: 3600, VOLTAGEM: 110/220;UN;3,0000;634,0000;1902,0000;0,0000;31/12/2026
ERN - HOSPITAL DR JOSÉ PEDRO BEZERRA DE NATAL;925778;817;Material;925778-11/2026;Materiais para manutenção;Catálogo do Compras.gov.br;Material;5120;FERRAMENTAS MANUAIS SEM CORTE, NÃO ACIONADAS  POR  FORÇA  MOTRIZ;11440;REBITADEIRA MANUAL;475374;APLICAÇÃO: REBITE DE REPUXO DE ALUMÍNIO, COBRE, AÇO, AÇO INOX, CARACTERÍSTICAS ADICIONAIS: CABO COM EMPUNHADURA ANTIDESLIZANTES TAMANHO 17", DIÂMETRO REBITES: 2,40, 3,20, 4, 4,80 E 6, MATERIAL: AÇO CARBONO;UN;2,0000;105,0000;210,0000;0,0000;31/12/2026
ERN - HOSPITAL DR JOSÉ PEDRO BEZERRA DE NATAL;925778;818;Material;925778-11/2026;Materiais para manutenção;Catálogo do Compras.gov.br;Material;5180;JOGOS E CONJUNTOS DE FERRAMENTAS MANUAIS;14636;CONJUNTO FERRAMENTAS;625256;APLICAÇÃO: USO EM FURADEIRA / PARAFUSADEIRA, CARACTERÍSTICAS ADICIONAIS: ESTOJO, COMPONENTES: 34 PONTAS PHILLIPS, FENDA, QUADRADA E TORX, COMPONENTES ADICIONAIS: 2 SOQUESTES, 1 EXTENSOR E 1 ESTOJO, TIPO: KIT DE ACESSÓRIOS COM 37 PEÇAS;UN;2,0000;234,0000;468,0000;0,0000;31/12/2026
ERN - HOSPITAL DR JOSÉ PEDRO BEZERRA DE NATAL;925778;858;Material;925778-11/2026;Materiais para manutenção;Catálogo do Compras.gov.br;Material;5320;REBITES;610;REBITE POP;315518;CARACTERÍSTICAS ADICIONAIS: ASTM B-209, LIGA 5052, CEGO, MANDRIL DE AÇO GALVA-, COMPRIMENTO: 16, DIÂMETRO CORPO: 5, MATERIAL: ALUMÍNIO, TIPO: COMUM, TIPO ABA: ABAULADO;UN;1000,0000;0,0920;92,0000;0,0000;31/12/2026
ERN - HOSPITAL DR JOSÉ PEDRO BEZERRA DE NATAL;925778;819;Material;925778-11/2026;Materiais para manutenção;Catálogo do Compras.gov.br;Material;5110;FERRAMENTAS MANUAIS DE CORTE, NÃO ACIONADAS POR FORÇA MOTRIZ;12044;SERRA TICO-TICO MANUAL;624148;APLICAÇÃO: ALUMÍNIO, DIVERSOS, INOX, MADEIRA, METAL, PLÁSTICO, CAPACIDADE CORTE ALUMÍNIO: 20, CAPACIDADE CORTE AÇO: 10, CAPACIDADE CORTE MADEIRA: 90, CARACTERÍSTICAS ADICIONAIS: 2 BATERIAS 12V 4,0 AH, 1 CARREGADOR, 1 MALETA, ROTAÇÃO: 800-3000, TENSÃO: 110/220, TIPO: BATERIA;UN;1,0000;160,0000;160,0000;0,0000;31/12/2026
ERN - HOSPITAL DR JOSÉ PEDRO BEZERRA DE NATAL;925778;820;Material;925778-11/2026;Materiais para manutenção;Catálogo do Compras.gov.br;Material;5305;PARAFUSOS SEM PORCA;14522;PARAFUSO;455663;COMPRIMENTO: 65, DIÂMETRO: 1/4, MATERIAL: AÇO GALVANIZADO, TIPO: CABEÇA SEXTAVADA, TIPO ROSCA: SOBERBA;UN;200,0000;0,6000;120,0000;0,0000;31/12/2026
ERN - HOSPITAL DR JOSÉ PEDRO BEZERRA DE NATAL;925778;821;Material;925778-11/2026;Materiais para manutenção;Catálogo do Compras.gov.br;Material;5110;FERRAMENTAS MANUAIS DE CORTE, NÃO ACIONADAS POR FORÇA MOTRIZ;821;SERROTE PROFISSIONAL;216763;MATERIAL CABO: MADEIRA, MATERIAL LÂMINA: AÇO ALTO CARBONO, QUANTIDADE DENTES: 5 POR POLEGADA, TAMANHO: 20, TIPO: TRAVADO, TRATAMENTO SUPERFICIAL: TEMPERADO E LIXADO;UN;2,0000;62,0000;124,0000;0,0000;31/12/2026
ERN - HOSPITAL DR JOSÉ PEDRO BEZERRA DE NATAL;925778;822;Material;925778-11/2026;Materiais para manutenção;Catálogo do Compras.gov.br;Material;4410;CALDEIRAS INDUSTRIAIS;14932;SOPRADOR;483797;ACIONAMENTO: ELÉTRICO, POTÊNCIA: 1.400, TIPO: TÉRMICO, VOLTAGEM: 110/220;UN;2,0000;159,0000;318,0000;0,0000;31/12/2026
ERN - HOSPITAL DR JOSÉ PEDRO BEZERRA DE NATAL;925778;823;Material;925778-11/2026;Materiais para manutenção;Catálogo do Compras.gov.br;Material;5120;FERRAMENTAS MANUAIS SEM CORTE, NÃO ACIONADAS  POR  FORÇA  MOTRIZ;1269;SOQUETE COM ENCAIXE PARA FERRAMENTA;220022;MATERIAL: AÇO INOXIDÁVEL, TAMANHO: 3/4, TIPO: ESTRIADO, TRATAMENTO SUPERFICIAL: CROMADO;UN;2,0000;65,0000;130,0000;0,0000;31/12/2026
ERN - HOSPITAL DR JOSÉ PEDRO BEZERRA DE NATAL;925778;824;Material;925778-11/2026;Materiais para manutenção;Catálogo do Compras.gov.br;Material;5110;FERRAMENTAS MANUAIS DE CORTE, NÃO ACIONADAS POR FORÇA MOTRIZ;628;TALHADEIRA;612462;APLICAÇÃO: PEDREIRO, CARACTERÍSTICAS ADICIONAIS: COM APUNHADURA, COMPRIMENTO TOTAL: 14°, MATERIAL: AÇO, PESO: 0,90, TIPO: CHATO;UN;4,0000;78,0000;312,0000;0,0000;31/12/2026
ERN - HOSPITAL DR JOSÉ PEDRO BEZERRA DE NATAL;925778;825;Material;925778-11/2026;Materiais para manutenção;Catálogo do Compras.gov.br;Material;5305;PARAFUSOS SEM PORCA;10453;PARAFUSO CABEÇA CHATA;368695;CARACTERÍSTICAS ADICIONAIS: FENDA PHILIPS, COMPRIMENTO NOMINAL: 45, DIÂMETRO NOMINAL: 4, MATERIAL: AÇO;UN;500,0000;0,1100;55,0000;0,0000;31/12/2026
ERN - HOSPITAL DR JOSÉ PEDRO BEZERRA DE NATAL;925778;826;Material;925778-11/2026;Materiais para manutenção;Catálogo do Compras.gov.br;Material;5305;PARAFUSOS SEM PORCA;14522;PARAFUSO;458719;APLICAÇÃO: USO GERAL, CARACTERÍSTICAS ADICIONAIS: FENDA PHILIPS, COMPRIMENTO: 50, DIÂMETRO: 5, MATERIAL: BICROMATIZADO, TIPO: CABEÇA CHATA;UN;1000,0000;0,0400;40,0000;0,0000;31/12/2026
ERN - HOSPITAL DR JOSÉ PEDRO BEZERRA DE NATAL;925778;827;Material;925778-11/2026;Materiais para manutenção;Catálogo do Compras.gov.br;Material;5305;PARAFUSOS SEM PORCA;14522;PARAFUSO;354043;APLICAÇÃO: USO GERAL, CARACTERÍSTICAS ADICIONAIS: ROSCA SOBERBA, COMPRIMENTO: 80, DIÂMETRO: 10, MATERIAL: METAL CROMADO, TIPO: CABEÇA SEXTAVADA;UN;500,0000;0,6000;300,0000;0,0000;31/12/2026
ERN - HOSPITAL DR JOSÉ PEDRO BEZERRA DE NATAL;925778;828;Material;925778-11/2026;Materiais para manutenção;Catálogo do Compras.gov.br;Material;5305;PARAFUSOS SEM PORCA;14522;PARAFUSO;307515;CARACTERÍSTICAS ADICIONAIS: ROSCA SOBERBA, COMPRIMENTO: 60, DIÂMETRO: 5/16, MATERIAL: AÇO INOXIDÁVEL, TIPO: CABEÇA SEXTAVADA;UN;200,0000;0,4500;90,0000;0,0000;31/12/2026
ERN - HOSPITAL DR JOSÉ PEDRO BEZERRA DE NATAL;925778;829;Material;925778-11/2026;Materiais para manutenção;Catálogo do Compras.gov.br;Material;5305;PARAFUSOS SEM PORCA;14522;PARAFUSO;615660;CARACTERISTICA 1: COM CABEÇA CHATA, FENDA PHILLIPS, COMPRIMENTO: 25, DIÂMETRO: 6,8, MATERIAL: AÇO BAIXO CARBONO, TIPO: CABEÇA CHATA;UN;1000,0000;0,0400;40,0000;0,0000;31/12/2026
ERN - HOSPITAL DR JOSÉ PEDRO BEZERRA DE NATAL;925778;830;Material;925778-11/2026;Materiais para manutenção;Catálogo do Compras.gov.br;Material;5305;PARAFUSOS SEM PORCA;14522;PARAFUSO;610947;CARACTERÍSTICAS ADICIONAIS: COM FENDA TIPO PHILIPS, COMPRIMENTO: 13, DIÂMETRO: 4,20, MATERIAL: AÇO, TIPO: AUTO BROCANTE;UN;1000,0000;0,0200;20,0000;0,0000;31/12/2026
ERN - HOSPITAL DR JOSÉ PEDRO BEZERRA DE NATAL;925778;831;Material;925778-11/2026;Materiais para manutenção;Catálogo do Compras.gov.br;Material;5305;PARAFUSOS SEM PORCA;14522;PARAFUSO;480820;CARACTERÍSTICAS ADICIONAIS: FENDA PHILIPS, COMPRIMENTO: 25, DIÂMETRO: 3, MATERIAL: LATÃO, TIPO: CABEÇA CHATA, TIPO ROSCA: SOBERBA;UN;1000,0000;0,0200;20,0000;0,0000;31/12/2026
ERN - HOSPITAL DR JOSÉ PEDRO BEZERRA DE NATAL;925778;832;Material;925778-11/2026;Materiais para manutenção;Catálogo do Compras.gov.br;Material;5305;PARAFUSOS SEM PORCA;14522;PARAFUSO;476816;CARACTERÍSTICAS ADICIONAIS: ROSCA INTEIRA, COMPRIMENTO: 2, DIÂMETRO: 1/4, MATERIAL: AÇO CARBONO, TIPO: CABEÇA SEXTAVADA, TRATAMENTO SUPERFICIAL: ZINCADO;UN;500,0000;0,0400;20,0000;0,0000;31/12/2026
ERN - HOSPITAL DR JOSÉ PEDRO BEZERRA DE NATAL;925778;833;Material;925778-11/2026;Materiais para manutenção;Catálogo do Compras.gov.br;Material;5325;DISPOSITIVOS PARA FIXAÇÃO;578;ABRAÇADEIRA;353368;APLICAÇÃO: AMARRAÇÃO E FIXAÇÃO, CARACTERÍSTICAS ADICIONAIS: COM SISTEMA FIXAÇÃO, COMPRIMENTO TOTAL: 100, ESPESSURA: 1, LARGURA: 2,50, MATERIAL: NÁILON, TIPO: COM RANHURAS;PCT;10,0000;6,0000;60,0000;0,0000;31/12/2026
ERN - HOSPITAL DR JOSÉ PEDRO BEZERRA DE NATAL;925778;834;Material;925778-11/2026;Materiais para manutenção;Catálogo do Compras.gov.br;Material;5305;PARAFUSOS SEM PORCA;14522;PARAFUSO;472959;COMPRIMENTO: 2, DIÂMETRO: 3/16, MATERIAL: AÇO INOX 304, NORMAS TÉCNICAS: ASME B18.2.1, CLASSE 8.8, TIPO: CABEÇA SEXTAVADA, TIPO ROSCA: UNC;UN;500,0000;0,0450;22,5000;0,0000;31/12/2026
ERN - HOSPITAL DR JOSÉ PEDRO BEZERRA DE NATAL;925778;835;Material;925778-11/2026;Materiais para manutenção;Catálogo do Compras.gov.br;Material;5962;MICROCIRCUITOS ELETRÔNICOS;1673;ACESSÓRIO/COMPONENTE ELÉTRICO ELETRÔNICO;410684;APLICAÇÃO: TOMADA NOVO PADRÃO BRASILEIRO, COR: BRANCA, MATERIAL: PLÁSTICO POLIPROPILENO, TIPO: PROTETOR DE TOMADA, TIPO FIXAÇÃO: ENCAIXE;UN;200,0000;5,0000;1000,0000;0,0000;31/12/2026
ERN - HOSPITAL DR JOSÉ PEDRO BEZERRA DE NATAL;925778;836;Material;925778-11/2026;Materiais para manutenção;Catálogo do Compras.gov.br;Material;5935;CONECTORES ELÉTRICOS;2085;ADAPTADOR;424787;CONEXÃO: TOMADA 2P+T, QUANTIDADE PINOS: 3, TENSÃO NOMINAL: 110/220;UN;100,0000;10,0000;1000,0000;0,0000;31/12/2026
ERN - HOSPITAL DR JOSÉ PEDRO BEZERRA DE NATAL;925778;837;Material;925778-11/2026;Materiais para manutenção;Catálogo do Compras.gov.br;Material;5975;FERRAGENS E SUPRIMENTOS DE ELETRICIDADE;15710;PASSA FIO;379008;CARACTERÍSTICAS ADICIONAIS: COM PONTA FLEXÍVEL, COMPRIMENTO: 20, MATERIAL: AÇO;UN;10,0000;25,0000;250,0000;0,0000;31/12/2026
ERN - HOSPITAL DR JOSÉ PEDRO BEZERRA DE NATAL;925778;838;Material;925778-11/2026;Materiais para manutenção;Catálogo do Compras.gov.br;Material;5935;CONECTORES ELÉTRICOS;2085;ADAPTADOR;420121;APLICAÇÃO: REDE ELÉTRICA, CONEXÃO: TOMADA 2P + T NOVO PADRÃO(VELHO PARA NOVO), QUANTIDADE PÓLOS: 2 P + T, TIPO: PLUGUE;UN;100,0000;15,0000;1500,0000;0,0000;31/12/2026
ERN - HOSPITAL DR JOSÉ PEDRO BEZERRA DE NATAL;925778;859;Material;925778-11/2026;Materiais para manutenção;Catálogo do Compras.gov.br;Material;5320;REBITES;610;REBITE POP;257738;COMPRIMENTO: 12, DIÂMETRO CORPO: 4, MATERIAL: AÇO INOXIDÁVEL, MATERIAL CORPO: ALUMÍNIO, MATERIAL PINO: AÇO CARBONO, TIPO: COMUM, TIPO ABA: COMUM;UN;1000,0000;0,0890;89,0000;0,0000;31/12/2026
ERN - HOSPITAL DR JOSÉ PEDRO BEZERRA DE NATAL;925778;839;Material;925778-11/2026;Materiais para manutenção;Catálogo do Compras.gov.br;Material;5210;INSTRUMENTOS DE MEDIÇÃO PARA ARTÍFICES;2304;ALICATE AMPERÍMETRO;460100;ALIMENTAÇÃO: BATERIA, APLICAÇÃO: ELETRICIDADE, CORRENTE: 20 A/ 200 A/ 1.000 A, MATERIAL: PLÁSTICO, RESISTÊNCIA: 2, TIPO: DIGITAL, VOLTAGEM: 750V AC E 1000V DC, VOLTAGEM BATERIA: 9;UN;2,0000;200,0000;400,0000;0,0000;31/12/2026
ERN - HOSPITAL DR JOSÉ PEDRO BEZERRA DE NATAL;925778;840;Material;925778-11/2026;Materiais para manutenção;Catálogo do Compras.gov.br;Material;5945;RELÉS E SOLENÓIDES;586;BASE RELÉ FOTOELÉTRICO ILUMINAÇÃO;213731;CORRENTE NOMINAL: 10, NORMAS TÉCNICAS: NBR 5.123/82, TENSÃO NOMINAL: 110/220, TIPO MONTAGEM: POSTE;UN;20,0000;26,0000;520,0000;0,0000;31/12/2026
ERN - HOSPITAL DR JOSÉ PEDRO BEZERRA DE NATAL;925778;841;Material;925778-11/2026;Materiais para manutenção;Catálogo do Compras.gov.br;Material;5315;PREGOS, CHAVETAS E PINOS;632;PREGO ARDOX COM CABEÇA;214369;ACABAMENTO SUPERFICIAL: POLIDO, APLICAÇÃO: PLATAFORMA, BITOLA: 15 X 15, MATERIAL: ARAME PARA PREGO, TIPO CABEÇA: CÔNICA AXADREZADA, TIPO CORPO: HELICOIDAL, TIPO PONTA: DIAMANTE;PCT;4,0000;25,0000;100,0000;0,0000;31/12/2026
ERN - HOSPITAL DR JOSÉ PEDRO BEZERRA DE NATAL;925778;842;Material;925778-11/2026;Materiais para manutenção;Catálogo do Compras.gov.br;Material;6135;BATERIAS NAO RECARREGÁVEIS;3479;BATERIA NÃO RECARREGÁVEL;419863;DIMENSÕES: 25X45X15, FORMATO: RETANGULAR, SISTEMA ELETROQUÍMICO: ALCALINA, TENSÃO NOMINAL: 9;UN;48,0000;20,0000;960,0000;0,0000;31/12/2026
ERN - HOSPITAL DR JOSÉ PEDRO BEZERRA DE NATAL;925778;843;Material;925778-11/2026;Materiais para manutenção;Catálogo do Compras.gov.br;Material;5315;PREGOS, CHAVETAS E PINOS;632;PREGO ARDOX COM CABEÇA;214368;ACABAMENTO SUPERFICIAL: POLIDO, APLICAÇÃO: PLATAFORMA, BITOLA: 18 X 30, MATERIAL: ARAME PARA PREGO, TIPO CABEÇA: CÔNICA AXADREZADA, TIPO CORPO: HELICOIDAL, TIPO PONTA: DIAMANTE;PCT;3,0000;30,0000;90,0000;0,0000;31/12/2026
ERN - HOSPITAL DR JOSÉ PEDRO BEZERRA DE NATAL;925778;844;Material;925778-11/2026;Materiais para manutenção;Catálogo do Compras.gov.br;Material;5315;PREGOS, CHAVETAS E PINOS;635;PREGO COM CABEÇA;376942;ACABAMENTO SUPERFICIAL: GALVANIZADO, BITOLA: 2 1/2 X 10, MATERIAL: AÇO, TIPO CABEÇA: CHATA, TIPO CORPO: LISO, TIPO PONTA: COMUM;PCT;3,0000;26,0000;78,0000;0,0000;31/12/2026
ERN - HOSPITAL DR JOSÉ PEDRO BEZERRA DE NATAL;925778;845;Material;925778-11/2026;Materiais para manutenção;Catálogo do Compras.gov.br;Material;6145;FIOS E CABOS ELÉTRICOS;4009;CABO ELÉTRICO FLEXÍVEL;419884;COR DA COBERTURA: BRANCA, FORMAÇÃO DO CABO: 2 X 1,5, MATERIAL DO CONDUTOR: COBRE ELETROLÍTICO, MATERIAL ISOLAMENTO: ISOLAÇÃO EXTRUDADA DE PVC ANTI CHAMA, NORMAS TÉCNICAS: NBR-6148, NBR-6245, NBR-6812 E NBR-6880, TEMPERATURA OPERAÇÃO: 70, TENSÃO ISOLAMENTO: 750, TÊMPERA CONDUTOR: MOLE;M;100,0000;4,0000;400,0000;0,0000;31/12/2026
ERN - HOSPITAL DR JOSÉ PEDRO BEZERRA DE NATAL;925778;846;Material;925778-11/2026;Materiais para manutenção;Catálogo do Compras.gov.br;Material;6145;FIOS E CABOS ELÉTRICOS;4009;CABO ELÉTRICO FLEXÍVEL;428341;FORMAÇÃO DO CABO: 3 X 4, MATERIAL DO CONDUTOR: COBRE, TENSÃO ISOLAMENTO: 750, TIPO: PP TRIFÁSICO;M;100,0000;13,0000;1300,0000;0,0000;31/12/2026
ERN - HOSPITAL DR JOSÉ PEDRO BEZERRA DE NATAL;925778;847;Material;925778-11/2026;Materiais para manutenção;Catálogo do Compras.gov.br;Material;6145;FIOS E CABOS ELÉTRICOS;4009;CABO ELÉTRICO FLEXÍVEL;370734;CARACTERÍSTICAS ADICIONAIS: DESLIZANTE, UNIPOLAR, COMPRIMENTO: 100, COR DA ISOLAÇÃO: AZUL CLARO, MATERIAL COBERTURA: PVC ANTI-CHAMA, MATERIAL DO CONDUTOR: COBRE, SEÇÃO NOMINAL: 1,5, TENSÃO ISOLAMENTO: 450/750, TIPO: BWF;RO;2,0000;160,0000;320,0000;0,0000;31/12/2026
ERN - HOSPITAL DR JOSÉ PEDRO BEZERRA DE NATAL;925778;848;Material;925778-11/2026;Materiais para manutenção;Catálogo do Compras.gov.br;Material;6145;FIOS E CABOS ELÉTRICOS;4009;CABO ELÉTRICO FLEXÍVEL;365169;APLICAÇÃO: INSTALAÇÃO ELÉTRICA, COR DA ISOLAÇÃO: AMARELA, MATERIAL DO CONDUTOR: COBRE, SEÇÃO NOMINAL: 16, TENSÃO ISOLAMENTO: 750;RO;2,0000;160,0000;320,0000;0,0000;31/12/2026
ERN - HOSPITAL DR JOSÉ PEDRO BEZERRA DE NATAL;925778;849;Material;925778-11/2026;Materiais para manutenção;Catálogo do Compras.gov.br;Material;6145;FIOS E CABOS ELÉTRICOS;4009;CABO ELÉTRICO FLEXÍVEL;365174;APLICAÇÃO: INSTALAÇÃO ELÉTRICA, COR DA ISOLAÇÃO: BRANCA, MATERIAL DO CONDUTOR: COBRE, SEÇÃO NOMINAL: 2,5, TENSÃO ISOLAMENTO: 750;RO;2,0000;160,0000;320,0000;0,0000;31/12/2026
ERN - HOSPITAL DR JOSÉ PEDRO BEZERRA DE NATAL;925778;850;Material;925778-11/2026;Materiais para manutenção;Catálogo do Compras.gov.br;Material;6145;FIOS E CABOS ELÉTRICOS;4009;CABO ELÉTRICO FLEXÍVEL;370750;CARACTERÍSTICAS ADICIONAIS: DESLIZANTE, UNIPOLAR, COMPRIMENTO: 100, COR DA ISOLAÇÃO: PRETA, MATERIAL COBERTURA: PVC ANTI-CHAMA, MATERIAL DO CONDUTOR: COBRE, NORMAS TÉCNICAS: NBR 5410, SEÇÃO NOMINAL: 2,5, TENSÃO ISOLAMENTO: 450/750, TIPO: BWF;RO;2,0000;160,0000;320,0000;0,0000;31/12/2026
ERN - HOSPITAL DR JOSÉ PEDRO BEZERRA DE NATAL;925778;851;Material;925778-11/2026;Materiais para manutenção;Catálogo do Compras.gov.br;Material;6145;FIOS E CABOS ELÉTRICOS;4009;CABO ELÉTRICO FLEXÍVEL;370754;CARACTERÍSTICAS ADICIONAIS: DESLIZANTE, UNIPOLAR, COMPRIMENTO: 100, COR DA ISOLAÇÃO: VERDE, MATERIAL COBERTURA: PVC ANTI-CHAMA, MATERIAL DO CONDUTOR: COBRE, NORMAS TÉCNICAS: NBR 5410, SEÇÃO NOMINAL: 2,5, TENSÃO ISOLAMENTO: 450/750, TIPO: BWF;RO;2,0000;110,0000;220,0000;0,0000;31/12/2026
ERN - HOSPITAL DR JOSÉ PEDRO BEZERRA DE NATAL;925778;852;Material;925778-11/2026;Materiais para manutenção;Catálogo do Compras.gov.br;Material;6145;FIOS E CABOS ELÉTRICOS;4009;CABO ELÉTRICO FLEXÍVEL;401838;CLASSE ENCORDOAMENTO: 5, COR DA COBERTURA: BRANCA, MATERIAL DO CONDUTOR: COBRE, MATERIAL ISOLAMENTO: PVC - CLORETO DE POLIVINILA, NORMAS TÉCNICAS: NBR13248, SEÇÃO NOMINAL: 2,5, TENSÃO ISOLAMENTO: 450/750;RO;2,0000;250,0000;500,0000;0,0000;31/12/2026
ERN - HOSPITAL DR JOSÉ PEDRO BEZERRA DE NATAL;925778;853;Material;925778-11/2026;Materiais para manutenção;Catálogo do Compras.gov.br;Material;6145;FIOS E CABOS ELÉTRICOS;4009;CABO ELÉTRICO FLEXÍVEL;401844;CLASSE ENCORDOAMENTO: 5, COR DA COBERTURA: PRETA, MATERIAL DO CONDUTOR: COBRE, MATERIAL ISOLAMENTO: PVC - CLORETO DE POLIVINILA, NORMAS TÉCNICAS: NBR13248, SEÇÃO NOMINAL: 4, TENSÃO ISOLAMENTO: 450/750;RO;2,0000;250,0000;500,0000;0,0000;31/12/2026
ERN - HOSPITAL DR JOSÉ PEDRO BEZERRA DE NATAL;925778;854;Material;925778-11/2026;Materiais para manutenção;Catálogo do Compras.gov.br;Material;6145;FIOS E CABOS ELÉTRICOS;4009;CABO ELÉTRICO FLEXÍVEL;329246;FORMAÇÃO DO CABO: 2 X 2,5, MATERIAL DO CONDUTOR: COBRE, TENSÃO ISOLAMENTO: 300, TIPO: PARALELO, ANTI-CHAMA;RO;2,0000;450,0000;900,0000;0,0000;31/12/2026
ERN - HOSPITAL DR JOSÉ PEDRO BEZERRA DE NATAL;925778;855;Material;925778-11/2026;Materiais para manutenção;Catálogo do Compras.gov.br;Material;5320;REBITES;610;REBITE POP;236487;COMPRIMENTO: 12, DIÂMETRO CORPO: 3, MATERIAL: ALUMÍNIO, TIPO: COMUM, TIPO ABA: ABAULADO;UN;1000,0000;0,0960;96,0000;0,0000;31/12/2026
ERN - HOSPITAL DR JOSÉ PEDRO BEZERRA DE NATAL;925778;856;Material;925778-11/2026;Materiais para manutenção;Catálogo do Compras.gov.br;Material;5320;REBITES;610;REBITE POP;271419;COMPRIMENTO: 16, DIÂMETRO CORPO: 4, MATERIAL: ALUMÍNIO, TIPO: COMUM, TIPO ABA: ABAULADO;UN;1000,0000;0,0870;87,0000;0,0000;31/12/2026
ERN - HOSPITAL DR JOSÉ PEDRO BEZERRA DE NATAL;925778;857;Material;925778-11/2026;Materiais para manutenção;Catálogo do Compras.gov.br;Material;6150;EQUIPAMENTOS DIVERSOS PARA GERAÇÃO E DISTRIBUIÇÃO DE ENERGIA;4009;CABO ELÉTRICO FLEXÍVEL;329604;COR DA COBERTURA: PRETA, COR DA ISOLAÇÃO: PRETA, FORMAÇÃO CONDUTOR: 2 X 2,5 MM, MATERIAL DO CONDUTOR: COBRE, TENSÃO ISOLAMENTO: 750;M;100,0000;8,0000;800,0000;0,0000;31/12/2026
ERN - HOSPITAL DR JOSÉ PEDRO BEZERRA DE NATAL;925778;860;Material;925778-11/2026;Materiais para manutenção;Catálogo do Compras.gov.br;Material;5610;MATERIAIS DE ORIGEM MINERAL PARA CONSTRUÇÃO, A GRANEL;14331;ARGAMASSA;370313;COMPOSIÇÃO: CIMENTO ESTRUTURAL,AGREGADOS PIGMENTOS INORGÂNICOS, COR: BRANCA, TIPO: REJUNTE;PCT;120,0000;9,3000;1116,0000;0,0000;31/12/2026
ERN - HOSPITAL DR JOSÉ PEDRO BEZERRA DE NATAL;925778;861;Material;925778-11/2026;Materiais para manutenção;Catálogo do Compras.gov.br;Material;6150;EQUIPAMENTOS DIVERSOS PARA GERAÇÃO E DISTRIBUIÇÃO DE ENERGIA;4009;CABO ELÉTRICO FLEXÍVEL;418703;APLICAÇÃO: AR CONDICIONADO SPLIT, FORMAÇÃO CONDUTOR: 4 X 1,5, MATERIAL DO CONDUTOR: COBRE, TENSÃO ISOLAMENTO: 750, TIPO: PP;M;200,0000;6,0000;1200,0000;0,0000;31/12/2026
ERN - HOSPITAL DR JOSÉ PEDRO BEZERRA DE NATAL;925778;862;Material;925778-11/2026;Materiais para manutenção;Catálogo do Compras.gov.br;Material;5935;CONECTORES ELÉTRICOS;15261;CAIXA TOMADA;364919;APLICAÇÃO: INSTALAÇÕES ELÉTRICAS, CARACTERÍSTICAS ADICIONAIS: TIPO EXPORTAÇÃO, COR CORPO: AMARELA, DIMENSÕES: 4 X 2, MATERIAL: PVC;UN;200,0000;2,0000;400,0000;0,0000;31/12/2026
ERN - HOSPITAL DR JOSÉ PEDRO BEZERRA DE NATAL;925778;863;Material;925778-11/2026;Materiais para manutenção;Catálogo do Compras.gov.br;Material;5935;CONECTORES ELÉTRICOS;15261;CAIXA TOMADA;328206;APLICAÇÃO: PROTEÇÃO CIRCUITO ELÉTRICO, CARACTERÍSTICAS ADICIONAIS: COM ESPELHO / 4 X 4, COR CORPO: BRANCA, CORRENTE NOMINAL: 15, DIMENSÕES: 4 X 4, FORMATO CONTATO: UNIVERSAL, FORMATO CORPO: QUADRADO, MATERIAL: PVC, NÚMERO PÓLOS: 2 P + T, TENSÃO NOMINAL: 127/220, TIPO: SOBREPOR;UN;200,0000;4,0000;800,0000;0,0000;31/12/2026
ERN - HOSPITAL DR JOSÉ PEDRO BEZERRA DE NATAL;925778;864;Material;925778-11/2026;Materiais para manutenção;Catálogo do Compras.gov.br;Material;5975;FERRAGENS E SUPRIMENTOS DE ELETRICIDADE;14260;CANALETA;460764;APLICAÇÃO: INSTALAÇÃO ELÉTRICA, CARACTERÍSTICAS ADICIONAIS: COM DIVISÓRIA / COM ADESIVO DUPLA FACE, COR: BRANCA, DIMENSÕES: 20X12X2000 (LXAXC), MATERIAL: PVC - CLORETO DE POLIVINILA, USO: SISTEMA "X";UN;40,0000;6,0000;240,0000;0,0000;31/12/2026
ERN - HOSPITAL DR JOSÉ PEDRO BEZERRA DE NATAL;925778;865;Material;925778-11/2026;Materiais para manutenção;Catálogo do Compras.gov.br;Material;5910;CAPACITORES;19176;CAPACITOR FIXO ELETROLÍTICO ALUMINÍO;418051;APLICAÇÃO: VENTILADOR REFRIGERAÇÃO, CAPACITÂNCIA NOMINAL: 15, TENSÃO NOMINAL: 250, TIPO: DUPLO (FASE E PARTIDA);UN;20,0000;8,0000;160,0000;0,0000;31/12/2026
ERN - HOSPITAL DR JOSÉ PEDRO BEZERRA DE NATAL;925778;866;Material;925778-11/2026;Materiais para manutenção;Catálogo do Compras.gov.br;Material;5910;CAPACITORES;19176;CAPACITOR FIXO ELETROLÍTICO ALUMINÍO;400095;APLICAÇÃO: AR CONDICIONADO, CAPACITÂNCIA NOMINAL: 10, FREQUÊNCIA NOMINAL: 60, TENSÃO NOMINAL: 370, TIPO: ELETRÔNICO DUPLO;UN;20,0000;18,0000;360,0000;0,0000;31/12/2026
ERN - HOSPITAL DR JOSÉ PEDRO BEZERRA DE NATAL;925778;867;Material;925778-11/2026;Materiais para manutenção;Catálogo do Compras.gov.br;Material;5650;MATERIAIS PARA TELHADOS E REVESTIMENTO DE PAREDES;813;TELHA;237552;COMPRIMENTO: 213, ESPESSURA: 6, LARGURA: 110, MATERIAL: FIBROCIMENTO, TIPO: ONDULADA;UN;100,0000;115,0000;11500,0000;0,0000;31/12/2026
ERN - HOSPITAL DR JOSÉ PEDRO BEZERRA DE NATAL;925778;868;Material;925778-11/2026;Materiais para manutenção;Catálogo do Compras.gov.br;Material;5650;MATERIAIS PARA TELHADOS E REVESTIMENTO DE PAREDES;813;TELHA;326632;COMPRIMENTO: 240, ESPESSURA: 6, LARGURA: 110, MATERIAL: FIBROCIMENTO, TIPO: ONDULADA;UN;100,0000;125,0000;12500,0000;0,0000;31/12/2026
ERN - HOSPITAL DR JOSÉ PEDRO BEZERRA DE NATAL;925778;869;Material;925778-11/2026;Materiais para manutenção;Catálogo do Compras.gov.br;Material;5930;CHAVES ELÉTRICAS;4917;CHAVE MAGNÉTICA;436353;CARACTERÍSTICAS ADICIONAIS: TRIFÁSICA, PARA POTÊNCIA DE ATÉ 2CV, CORRENTE NOMINAL: 7, TENSÃO NOMINAL: 220, TIPO: PARTIDA DIRETA;UN;2,0000;249,9000;499,8000;0,0000;31/12/2026
ERN - HOSPITAL DR JOSÉ PEDRO BEZERRA DE NATAL;925778;870;Material;925778-11/2026;Materiais para manutenção;Catálogo do Compras.gov.br;Material;5930;CHAVES ELÉTRICAS;590;CONTATOR AUXILIAR;424970;APLICAÇÃO: CAFETEIRA, CORRENTE TÉRMICA NOMINAL: 10, MODELO: 44E (SIEMENS), NÚMERO E TIPO DE CONTATOS: 4NA + 4NF, SISTEMA FIXAÇÃO: POR PARAFUSO, TENSÃO NOMINAL BOBINA: 24, TIPO: TRIPOLAR;UN;2,0000;65,5000;131,0000;0,0000;31/12/2026
ERN - HOSPITAL DR JOSÉ PEDRO BEZERRA DE NATAL;925778;871;Material;925778-11/2026;Materiais para manutenção;Catálogo do Compras.gov.br;Material;6625;INSTRUMENTO DE TESTE E DE MEDIÇÃO DE PROPRIEDADES ELÉTRICAS E ELETRÔNICAS;4897;CHAVE DE TESTE ELÉTRICO;251315;APLICAÇÃO: IDENTIFICAÇÃO DE FASE EM CONDUTORES, CARACTERÍSTICAS ADICIONAIS: COM LÂMPADA NEON E CLIPE, COMPRIMENTO: 135, COR CABO: AZUL, MATERIAL CABO: PLÁSTICO, MATERIAL HASTE: AÇO CROMO VANÁDIO, TIPO PONTA: CHATA, TIPO HASTE: ISOLADA;UN;4,0000;8,5000;34,0000;0,0000;31/12/2026
ERN - HOSPITAL DR JOSÉ PEDRO BEZERRA DE NATAL;925778;872;Material;925778-11/2026;Materiais para manutenção;Catálogo do Compras.gov.br;Material;5998;CONJUNTOS ELÉTRICOS E ELETRÔNICOS, PLACAS, CARTÕES  E  ITENSCORRELATOS;18937;CONJUNTO ELÉTRICO;395523;APLICAÇÃO: INSTALAÇÃO AR CONDICIONADO, CARACTERÍSTICAS ADICIONAIS: CONJUNTO ASTOP DE SOBREPOR, COMPONENTES: TOMADA 3P, DISJUNTOR MONOPOLAR 16 A, TENSÃO ALIMENTAÇÃO: 250;UN;10,0000;85,0600;850,6000;0,0000;31/12/2026
ERN - HOSPITAL DR JOSÉ PEDRO BEZERRA DE NATAL;925778;873;Material;925778-11/2026;Materiais para manutenção;Catálogo do Compras.gov.br;Material;5930;CHAVES ELÉTRICAS;14517;CONTATOR;342345;APLICAÇÃO: SUBESTAÇÃO, CORRENTE TRABALHO: 25, NÚMERO E TIPO DE CONTATOS AUXILIARES: 1 NA, TENSÃO TRABALHO: 220, TIPO: TRIPOLAR;UN;4,0000;65,9000;263,6000;0,0000;31/12/2026
ERN - HOSPITAL DR JOSÉ PEDRO BEZERRA DE NATAL;925778;874;Material;925778-11/2026;Materiais para manutenção;Catálogo do Compras.gov.br;Material;5930;CHAVES ELÉTRICAS;14517;CONTATOR;233121;CORRENTE MÁXIMA BOBINA: 32, CORRENTE TRABALHO: 25, FREQUÊNCIA: 60, TENSÃO NOMINAL BOBINA: 220, TENSÃO TRABALHO: 220 / 380 / 660, TIPO: 1NA + 1NF / TRIPOLAR, TENSÃO MÁXIMA BOBINA: 500;UN;4,0000;184,7200;738,8800;0,0000;31/12/2026
ERN - HOSPITAL DR JOSÉ PEDRO BEZERRA DE NATAL;925778;875;Material;925778-11/2026;Materiais para manutenção;Catálogo do Compras.gov.br;Material;5975;FERRAGENS E SUPRIMENTOS DE ELETRICIDADE;14343;CURVA ELETRODUTO;469284;ANGULAÇÃO: 90°, APLICAÇÃO: INSTALAÇÃO ELÉTRICA, CARACTERÍSTICAS ADICIONAIS: PARA CONEXÃO COM TUBO ELETRODUTO CONDULETE DE 3/4, COR: CINZA, DIÂMETRO NOMINAL: 1, MATERIAL: PVC RÍGIDO, TIPO FIXAÇÃO: SOBREPOR;UN;50,0000;1,9100;95,5000;0,0000;31/12/2026
ERN - HOSPITAL DR JOSÉ PEDRO BEZERRA DE NATAL;925778;876;Material;925778-11/2026;Materiais para manutenção;Catálogo do Compras.gov.br;Material;5975;FERRAGENS E SUPRIMENTOS DE ELETRICIDADE;14343;CURVA ELETRODUTO;458349;ANGULAÇÃO: 90°, APLICAÇÃO: INSTALAÇÃO ELÉTRICA, CARACTERÍSTICAS ADICIONAIS: PARA CONEXÃO COM TUBO ELETRODUTO CONDULETE DE 3/4, COR: VERMELHA, DIÂMETRO NOMINAL: 3/4, MATERIAL: PVC ANTI-CHAMA;UN;50,0000;3,5000;175,0000;0,0000;31/12/2026
ERN - HOSPITAL DR JOSÉ PEDRO BEZERRA DE NATAL;925778;877;Material;925778-11/2026;Materiais para manutenção;Catálogo do Compras.gov.br;Material;5925;DISJUNTORES;4;DISJUNTOR BAIXA TENSÃO;484202;APLICAÇÃO: INSTALAÇÕES ELÉTRICAS, CORRENTE NOMINAL: 100, CURVA DE DISPARO: C, FUNCIONAMENTO: TERMOMAGNÉTICO, NÚMERO DE FASES: TRIPOLAR, PADRÃO: DIN, TENSÃO MÁXIMA OPERAÇÃO: 127/220;UN;5,0000;97,9200;489,6000;0,0000;31/12/2026
ERN - HOSPITAL DR JOSÉ PEDRO BEZERRA DE NATAL;925778;878;Material;925778-11/2026;Materiais para manutenção;Catálogo do Compras.gov.br;Material;5925;DISJUNTORES;4;DISJUNTOR BAIXA TENSÃO;484204;APLICAÇÃO: INSTALAÇÕES ELÉTRICAS, CORRENTE NOMINAL: 125, CURVA DE DISPARO: C, FUNCIONAMENTO: MAGNÉTICO, NÚMERO DE FASES: TRIPOLAR, PADRÃO: DIN, TENSÃO MÁXIMA OPERAÇÃO: 127/220;UN;5,0000;109,0000;545,0000;0,0000;31/12/2026
ERN - HOSPITAL DR JOSÉ PEDRO BEZERRA DE NATAL;925778;879;Material;925778-11/2026;Materiais para manutenção;Catálogo do Compras.gov.br;Material;5925;DISJUNTORES;4;DISJUNTOR BAIXA TENSÃO;452700;APLICAÇÃO: INSTALAÇÕES ELÉTRICAS, CORRENTE NOMINAL: 25, CURVA DE DISPARO: B, FUNCIONAMENTO: TERMOMAGNÉTICO, NÚMERO DE FASES: BIFÁSICO, PADRÃO: DIN, TIPO: 5SX1;UN;10,0000;20,0000;200,0000;0,0000;31/12/2026
ERN - HOSPITAL DR JOSÉ PEDRO BEZERRA DE NATAL;925778;880;Material;925778-11/2026;Materiais para manutenção;Catálogo do Compras.gov.br;Material;5670;COMPONENTES PRÉ-FABRICADOS PARA CONSTRUÇÃO;811;TIJOLO;447914;APLICAÇÃO: CONSTRUÇÃO CIVIL, COMPRIMENTO: 21, COR: VERMELHA, ESPESSURA: 5,50, LARGURA: 10, MATERIAL: BARRO COZIDO, TIPO: MACIÇO;UN;2000,0000;2,0000;4000,0000;0,0000;31/12/2026
ERN - HOSPITAL DR JOSÉ PEDRO BEZERRA DE NATAL;925778;881;Material;925778-11/2026;Materiais para manutenção;Catálogo do Compras.gov.br;Material;5925;DISJUNTORES;4;DISJUNTOR BAIXA TENSÃO;358771;APLICAÇÃO: ENGENHARIA, CORRENTE NOMINAL: 15, NÚMERO DE FASES: MONOFÁSICO, TENSÃO NOMINAL: 220;UN;15,0000;10,0000;150,0000;0,0000;31/12/2026
ERN - HOSPITAL DR JOSÉ PEDRO BEZERRA DE NATAL;925778;882;Material;925778-11/2026;Materiais para manutenção;Catálogo do Compras.gov.br;Material;5670;COMPONENTES PRÉ-FABRICADOS PARA CONSTRUÇÃO;811;TIJOLO;382067;APLICAÇÃO: CONSTRUÇÃO CIVIL, COMPRIMENTO: 19, ESPESSURA: 9, LARGURA: 19, MATERIAL: BARRO COZIDO, QUANTIDADE FUROS: 8, TIPO: FURADO;UN;2000,0000;2,1900;4380,0000;0,0000;31/12/2026
ERN - HOSPITAL DR JOSÉ PEDRO BEZERRA DE NATAL;925778;883;Material;925778-11/2026;Materiais para manutenção;Catálogo do Compras.gov.br;Material;5925;DISJUNTORES;4;DISJUNTOR BAIXA TENSÃO;337899;CORRENTE NOMINAL: 25, CURVA DE DISPARO: C, NÚMERO DE FASES: TRIFÁSICO, REFERÊNCIA: SISTEMA N;UN;10,0000;60,0000;600,0000;0,0000;31/12/2026
ERN - HOSPITAL DR JOSÉ PEDRO BEZERRA DE NATAL;925778;884;Material;925778-11/2026;Materiais para manutenção;Catálogo do Compras.gov.br;Material;5925;DISJUNTORES;4;DISJUNTOR BAIXA TENSÃO;314490;CORRENTE NOMINAL: 30, NÚMERO DE FASES: MONOFÁSICO, TENSÃO NOMINAL: 220;UN;10,0000;10,0000;100,0000;0,0000;31/12/2026
ERN - HOSPITAL DR JOSÉ PEDRO BEZERRA DE NATAL;925778;885;Material;925778-11/2026;Materiais para manutenção;Catálogo do Compras.gov.br;Material;5925;DISJUNTORES;4;DISJUNTOR BAIXA TENSÃO;337899;CORRENTE NOMINAL: 25, CURVA DE DISPARO: C, NÚMERO DE FASES: TRIFÁSICO, REFERÊNCIA: SISTEMA N;UN;10,0000;60,0000;600,0000;0,0000;31/12/2026
ERN - HOSPITAL DR JOSÉ PEDRO BEZERRA DE NATAL;925778;886;Material;925778-11/2026;Materiais para manutenção;Catálogo do Compras.gov.br;Material;5925;DISJUNTORES;4;DISJUNTOR BAIXA TENSÃO;314490;CORRENTE NOMINAL: 30, NÚMERO DE FASES: MONOFÁSICO, TENSÃO NOMINAL: 220;UN;10,0000;12,0000;120,0000;0,0000;31/12/2026
ERN - HOSPITAL DR JOSÉ PEDRO BEZERRA DE NATAL;925778;887;Material;925778-11/2026;Materiais para manutenção;Catálogo do Compras.gov.br;Material;5925;DISJUNTORES;4;DISJUNTOR BAIXA TENSÃO;337858;CORRENTE NOMINAL: 40, CURVA DE DISPARO: C, NÚMERO DE FASES: MONOFÁSICO, REFERÊNCIA: SISTEMA N;UN;12,0000;10,0000;120,0000;0,0000;31/12/2026
ERN - HOSPITAL DR JOSÉ PEDRO BEZERRA DE NATAL;925778;888;Material;925778-11/2026;Materiais para manutenção;Catálogo do Compras.gov.br;Material;5925;DISJUNTORES;4;DISJUNTOR BAIXA TENSÃO;368568;APLICAÇÃO: PROTEÇÃO QUADRO ELÉTRICO, CORRENTE NOMINAL: 60, CURVA DE DISPARO: C, NÚMERO DE FASES: MONOFÁSICO, REFERÊNCIA: SISTEMA N;UN;12,0000;15,0000;180,0000;0,0000;31/12/2026
ERN - HOSPITAL DR JOSÉ PEDRO BEZERRA DE NATAL;925778;889;Material;925778-11/2026;Materiais para manutenção;Catálogo do Compras.gov.br;Material;5925;DISJUNTORES;4;DISJUNTOR BAIXA TENSÃO;337818;CORRENTE NOMINAL: 20, CURVA DE DISPARO: C, NÚMERO DE FASES: MONOFÁSICO, REFERÊNCIA: SISTEMA N;UN;12,0000;11,9900;143,8800;0,0000;31/12/2026
ERN - HOSPITAL DR JOSÉ PEDRO BEZERRA DE NATAL;925778;890;Material;925778-11/2026;Materiais para manutenção;Catálogo do Compras.gov.br;Material;5925;DISJUNTORES;4;DISJUNTOR BAIXA TENSÃO;337895;CORRENTE NOMINAL: 20, CURVA DE DISPARO: C, NÚMERO DE FASES: TRIFÁSICO, REFERÊNCIA: SISTEMA N;UN;12,0000;48,5400;582,4800;0,0000;31/12/2026
ERN - HOSPITAL DR JOSÉ PEDRO BEZERRA DE NATAL;925778;891;Material;925778-11/2026;Materiais para manutenção;Catálogo do Compras.gov.br;Material;5925;DISJUNTORES;4;DISJUNTOR BAIXA TENSÃO;337857;CORRENTE NOMINAL: 32, CURVA DE DISPARO: C, NÚMERO DE FASES: MONOFÁSICO, REFERÊNCIA: SISTEMA N;UN;15,0000;7,4000;111,0000;0,0000;31/12/2026
ERN - HOSPITAL DR JOSÉ PEDRO BEZERRA DE NATAL;925778;892;Material;925778-11/2026;Materiais para manutenção;Catálogo do Compras.gov.br;Material;5925;DISJUNTORES;4;DISJUNTOR BAIXA TENSÃO;337912;CORRENTE NOMINAL: 80, CURVA DE DISPARO: C, NÚMERO DE FASES: TRIFÁSICO, REFERÊNCIA: SISTEMA N;UN;10,0000;72,3000;723,0000;0,0000;31/12/2026
ERN - HOSPITAL DR JOSÉ PEDRO BEZERRA DE NATAL;925778;893;Material;925778-11/2026;Materiais para manutenção;Catálogo do Compras.gov.br;Material;5925;DISJUNTORES;4;DISJUNTOR BAIXA TENSÃO;421691;CORRENTE NOMINAL: 10, FUNCIONAMENTO: TERMOMAGNÉTICO, NÚMERO DE FASES: BIFÁSICO, TIPO: DR, SENSIBILIDADE: 30;UN;12,0000;30,0000;360,0000;0,0000;31/12/2026
ERN - HOSPITAL DR JOSÉ PEDRO BEZERRA DE NATAL;925778;894;Material;925778-11/2026;Materiais para manutenção;Catálogo do Compras.gov.br;Material;5925;DISJUNTORES;4;DISJUNTOR BAIXA TENSÃO;323717;CARACTERÍSTICAS ADICIONAIS: PADRÃO NEMA, CORRENTE NOMINAL: 35, FUNCIONAMENTO: TERMOMAGNÉTICO, TENSÃO NOMINAL: 220/380, NÚMERO PÓLOS: 3, CAPACIDADE INTERRUPÇÃO SIMÉTRICA: 5, REFERÊNCIA: ELETROMAR;UN;4,0000;118,9000;475,6000;0,0000;31/12/2026
ERN - HOSPITAL DR JOSÉ PEDRO BEZERRA DE NATAL;925778;895;Material;925778-11/2026;Materiais para manutenção;Catálogo do Compras.gov.br;Material;5925;DISJUNTORES;4;DISJUNTOR BAIXA TENSÃO;452694;APLICAÇÃO: INSTALAÇÕES ELÉTRICAS, CORRENTE NOMINAL: 50, CURVA DE DISPARO: B, FUNCIONAMENTO: TERMOMAGNÉTICO, NÚMERO DE FASES: MONOFÁSICO, PADRÃO: DIN, TIPO: RX3;UN;10,0000;15,0000;150,0000;0,0000;31/12/2026
ERN - HOSPITAL DR JOSÉ PEDRO BEZERRA DE NATAL;925778;896;Material;925778-11/2026;Materiais para manutenção;Catálogo do Compras.gov.br;Material;5925;DISJUNTORES;4;DISJUNTOR BAIXA TENSÃO;339620;CORRENTE NOMINAL: 70, FUNCIONAMENTO: TERMOMAGNÉTICO, NÚMERO DE FASES: TRIFÁSICO, TENSÃO NOMINAL: 220;UN;6,0000;60,0000;360,0000;0,0000;31/12/2026
ERN - HOSPITAL DR JOSÉ PEDRO BEZERRA DE NATAL;925778;897;Material;925778-11/2026;Materiais para manutenção;Catálogo do Compras.gov.br;Material;5925;DISJUNTORES;4;DISJUNTOR BAIXA TENSÃO;424808;CORRENTE NOMINAL: 125, CURVA DE DISPARO: C, FUNCIONAMENTO: TERMOMAGNÉTICO, NÚMERO PÓLOS: 3, CAPACIDADE INTERRUPÇÃO SIMÉTRICA: 10;UN;4,0000;150,0000;600,0000;0,0000;31/12/2026
ERN - HOSPITAL DR JOSÉ PEDRO BEZERRA DE NATAL;925778;898;Material;925778-11/2026;Materiais para manutenção;Catálogo do Compras.gov.br;Material;5925;DISJUNTORES;4;DISJUNTOR BAIXA TENSÃO;334158;CORRENTE NOMINAL: 70, FUNCIONAMENTO: TERMOMAGNÉTICO, NÚMERO PÓLOS: 3;UN;8,0000;55,0000;440,0000;0,0000;31/12/2026
ERN - HOSPITAL DR JOSÉ PEDRO BEZERRA DE NATAL;925778;899;Material;925778-11/2026;Materiais para manutenção;Catálogo do Compras.gov.br;Material;5925;DISJUNTORES;19169;DISJUNTOR MÉDIA TENSÃO;396588;ACIONAMENTO: ALAVANCA, CAPACIDADE INTERRUPÇÃO SIMÉTRICA: 3, CLASSE TENSÃO: 440, CORRENTE NOMINAL: 20, FUNCIONAMENTO: TERMOMAGNÉTICO, NORMAS TÉCNICAS: NBRNM 60898:2004;UN;12,0000;20,0000;240,0000;0,0000;31/12/2026
ERN - HOSPITAL DR JOSÉ PEDRO BEZERRA DE NATAL;925778;900;Material;925778-11/2026;Materiais para manutenção;Catálogo do Compras.gov.br;Material;5925;DISJUNTORES;19169;DISJUNTOR MÉDIA TENSÃO;616745;CAPACIDADE INTERRUPÇÃO SIMÉTRICA: 25, CARACTERÍSTICAS ADICIONAIS: CAIXA MOLDADA, CLASSE TENSÃO: 380, CORRENTE NOMINAL: 225, TIPO: TRIPOLAR;UN;2,0000;247,0000;494,0000;0,0000;31/12/2026
ERN - HOSPITAL DR JOSÉ PEDRO BEZERRA DE NATAL;925778;901;Material;925778-11/2026;Materiais para manutenção;Catálogo do Compras.gov.br;Material;5925;DISJUNTORES;19169;DISJUNTOR MÉDIA TENSÃO;422023;ACIONAMENTO: ALAVANCA TERMOMAGNÉTICA, APLICAÇÃO: INSTALAÇÃO ELÉTRICA, CLASSE TENSÃO: 380/440, CORRENTE NOMINAL: 100, NÚMERO DE FASES: TRIFÁSICO;UN;4,0000;98,9000;395,6000;0,0000;31/12/2026
ERN - HOSPITAL DR JOSÉ PEDRO BEZERRA DE NATAL;925778;902;Material;925778-11/2026;Materiais para manutenção;Catálogo do Compras.gov.br;Material;5925;DISJUNTORES;4;DISJUNTOR BAIXA TENSÃO;458347;APLICAÇÃO: SISTEMA DE AR CONDICIONADO, CORRENTE NOMINAL: 10, CURVA DE DISPARO: C, FREQÜÊNCIA NOMINAL: 50/60, FUNCIONAMENTO: TERMOMAGNÉTICO, NÚMERO DE FASES: TRIFÁSICO, PADRÃO: DIN, TENSÃO NOMINAL: 415;UN;5,0000;71,2200;356,1000;0,0000;31/12/2026
ERN - HOSPITAL DR JOSÉ PEDRO BEZERRA DE NATAL;925778;903;Material;925778-11/2026;Materiais para manutenção;Catálogo do Compras.gov.br;Material;5340;FERRAGENS DIVERSAS;557;DOBRADIÇA PORTA;456562;CARACTERÍSTICAS ADICIONAIS: CÔR CINZA, PARA DIVISÓRIA, MATERIAL: FERRO POLIDO, TRATAMENTO SUPERFICIAL: PINTURA, ALTURA: 3 1/2, LARGURA: 2 1/4;UN;50,0000;11,5000;575,0000;0,0000;31/12/2026
ERN - HOSPITAL DR JOSÉ PEDRO BEZERRA DE NATAL;925778;904;Material;925778-11/2026;Materiais para manutenção;Catálogo do Compras.gov.br;Material;5340;FERRAGENS DIVERSAS;12991;TRINCO;480866;APLICAÇÃO: PORTA, COMPRIMENTO: 15,24, LARGURA: 40, MATERIAL: AÇO ZINCADO, QUANTIDADE PARAFUSOS: 6, TIPO ENCAIXE: FIO REDONDO, TIPO PINO: FIXADO NA PORTA, TIPO TRAVA: FIXADA NO BATENTE;UN;50,0000;6,5000;325,0000;0,0000;31/12/2026
ERN - HOSPITAL DR JOSÉ PEDRO BEZERRA DE NATAL;925778;905;Material;925778-11/2026;Materiais para manutenção;Catálogo do Compras.gov.br;Material;4510;DISPOSITIVOS E ACESSÓRIOS PARA INSTALAÇÕES HIDRÁULICAS;13322;VASO SANITÁRIO;264236;CARACTERÍSTICAS ADICIONAIS: ACOPLADO COM DESCARGA, COR: BRANCA, MATERIAL: LOUÇA, TIPO: CONVENCIONAL;UN;50,0000;254,0000;12700,0000;0,0000;31/12/2026
ERN - HOSPITAL DR JOSÉ PEDRO BEZERRA DE NATAL;925778;906;Material;925778-11/2026;Materiais para manutenção;Catálogo do Compras.gov.br;Material;5340;FERRAGENS DIVERSAS;11805;ROLDANA;480499;CARACTERÍSTICAS ADICIONAIS: CAVIDADE INTERNA DE 6 MM, COMPRIMENTO: 8, DIÂMETRO: 30, MATERIAL: NÁILON, MODELO: CANAL U, PROFUNDIDADE: 3, USO: PORTA DE CORRER;UN;20,0000;30,0000;600,0000;0,0000;31/12/2026
ERN - HOSPITAL DR JOSÉ PEDRO BEZERRA DE NATAL;925778;907;Material;925778-11/2026;Materiais para manutenção;Catálogo do Compras.gov.br;Material;4730;ACESSÓRIOS E FERRAGENS ESPECIAIS PARA  MANGUEIRAS, CANOS  E TUBOS;13546;CONEXÃO HIDRÁULICA;625288;BITOLA: 40, MATERIAL: PVC - CLORETO DE POLIVINILA, TIPO: TÊ;UN;100,0000;10,5000;1050,0000;0,0000;31/12/2026
ERN - HOSPITAL DR JOSÉ PEDRO BEZERRA DE NATAL;925778;908;Material;925778-11/2026;Materiais para manutenção;Catálogo do Compras.gov.br;Material;4730;ACESSÓRIOS E FERRAGENS ESPECIAIS PARA  MANGUEIRAS, CANOS  E TUBOS;13546;CONEXÃO HIDRÁULICA;625287;BITOLA: 20, MATERIAL: PVC - CLORETO DE POLIVINILA, TIPO: TÊ;UN;100,0000;0,6000;60,0000;0,0000;31/12/2026
ERN - HOSPITAL DR JOSÉ PEDRO BEZERRA DE NATAL;925778;909;Material;925778-11/2026;Materiais para manutenção;Catálogo do Compras.gov.br;Material;4730;ACESSÓRIOS E FERRAGENS ESPECIAIS PARA  MANGUEIRAS, CANOS  E TUBOS;13546;CONEXÃO HIDRÁULICA;462376;BITOLA: 20, MATERIAL: PVC - CLORETO DE POLIVINILA, TIPO: JOELHO, TIPO FIXAÇÃO: SOLDÁVEL;UN;100,0000;0,6500;65,0000;0,0000;31/12/2026
ERN - HOSPITAL DR JOSÉ PEDRO BEZERRA DE NATAL;925778;910;Material;925778-11/2026;Materiais para manutenção;Catálogo do Compras.gov.br;Material;4730;ACESSÓRIOS E FERRAGENS ESPECIAIS PARA  MANGUEIRAS, CANOS  E TUBOS;13546;CONEXÃO HIDRÁULICA;236654;APLICAÇÃO: REDE HIDRÁULICA E ESGOTO, BITOLA LADO SOLDÁVEL: 20, MATERIAL: PVC - CLORETO DE POLIVINILA, TIPO: ADAPTADOR CURTO, TIPO FIXAÇÃO: SOLDÁVEL E ROSCÁVEL, BITOLA LADO ROSCÁVEL: 1/2;UN;100,0000;1,0500;105,0000;0,0000;31/12/2026
ERN - HOSPITAL DR JOSÉ PEDRO BEZERRA DE NATAL;925778;911;Material;925778-11/2026;Materiais para manutenção;Catálogo do Compras.gov.br;Material;4730;ACESSÓRIOS E FERRAGENS ESPECIAIS PARA  MANGUEIRAS, CANOS  E TUBOS;13546;CONEXÃO HIDRÁULICA;236656;APLICAÇÃO: REDE HIDRÁULICA E ESGOTO, BITOLA LADO SOLDÁVEL: 25, MATERIAL: PVC - CLORETO DE POLIVINILA, TIPO: ADAPTADOR CURTO, TIPO FIXAÇÃO: SOLDÁVEL E ROSCÁVEL, BITOLA LADO ROSCÁVEL: 3/4;UN;100,0000;1,1500;115,0000;0,0000;31/12/2026
ERN - HOSPITAL DR JOSÉ PEDRO BEZERRA DE NATAL;925778;912;Material;925778-11/2026;Materiais para manutenção;Catálogo do Compras.gov.br;Material;4730;ACESSÓRIOS E FERRAGENS ESPECIAIS PARA  MANGUEIRAS, CANOS  E TUBOS;13546;CONEXÃO HIDRÁULICA;384117;BITOLA LADO SOLDÁVEL: 25, CARACTERÍSTICAS ADICIONAIS: COM BUCHA DE LATÃO, COR: AZUL, MATERIAL: PVC - CLORETO DE POLIVINILA, TIPO: TÊ, TIPO FIXAÇÃO: SOLDÁVEL E ROSCÁVEL, BITOLA LADO ROSCÁVEL: 3/4;UN;100,0000;6,5000;650,0000;0,0000;31/12/2026
ERN - HOSPITAL DR JOSÉ PEDRO BEZERRA DE NATAL;925778;913;Material;925778-11/2026;Materiais para manutenção;Catálogo do Compras.gov.br;Material;4730;ACESSÓRIOS E FERRAGENS ESPECIAIS PARA  MANGUEIRAS, CANOS  E TUBOS;13546;CONEXÃO HIDRÁULICA;407292;APLICAÇÃO: INSTALAÇÕES PREDIAIS ÁGUA FRIA, BITOLA LADO SOLDÁVEL: 25, CARACTERÍSTICAS ADICIONAIS: COM BUCHA DE LATÃO, MATERIAL: PVC - CLORETO DE POLIVINILA, TIPO: JOELHO 90°, TIPO FIXAÇÃO: SOLDÁVEL E ROSCÁVEL, BITOLA LADO ROSCÁVEL: 1/2;UN;50,0000;1,4500;72,5000;0,0000;31/12/2026
ERN - HOSPITAL DR JOSÉ PEDRO BEZERRA DE NATAL;925778;914;Material;925778-11/2026;Materiais para manutenção;Catálogo do Compras.gov.br;Material;4730;ACESSÓRIOS E FERRAGENS ESPECIAIS PARA  MANGUEIRAS, CANOS  E TUBOS;13546;CONEXÃO HIDRÁULICA;240426;APLICAÇÃO: INSTALAÇÃO SANITÁRIA, BITOLA: 40 MM, MATERIAL: PVC - CLORETO DE POLIVINILA, TIPO: JOELHO 90°, TIPO FIXAÇÃO: SOLDÁVEL;UN;100,0000;2,5000;250,0000;0,0000;31/12/2026
ERN - HOSPITAL DR JOSÉ PEDRO BEZERRA DE NATAL;925778;915;Material;925778-11/2026;Materiais para manutenção;Catálogo do Compras.gov.br;Material;4730;ACESSÓRIOS E FERRAGENS ESPECIAIS PARA  MANGUEIRAS, CANOS  E TUBOS;13546;CONEXÃO HIDRÁULICA;240541;APLICAÇÃO: INSTALAÇÕES PREDIAIS ÁGUA FRIA E QUENTE, BITOLA: 1 1/2", MATERIAL: FERRO GALVANIZADO, TIPO: LUVA, TIPO FIXAÇÃO: ROSCÁVEL;UN;10,0000;36,0000;360,0000;0,0000;31/12/2026
ERN - HOSPITAL DR JOSÉ PEDRO BEZERRA DE NATAL;925778;916;Material;925778-11/2026;Materiais para manutenção;Catálogo do Compras.gov.br;Material;4730;ACESSÓRIOS E FERRAGENS ESPECIAIS PARA  MANGUEIRAS, CANOS  E TUBOS;13546;CONEXÃO HIDRÁULICA;462335;APLICAÇÃO: INSTALAÇÕES ESGOTO, BITOLA: 40, MATERIAL: PVC - CLORETO DE POLIVINILA, TIPO: CURVA 90° LONGA, TIPO FIXAÇÃO: ENCAIXE;UN;20,0000;5,5000;110,0000;0,0000;31/12/2026
ERN - HOSPITAL DR JOSÉ PEDRO BEZERRA DE NATAL;925778;917;Material;925778-11/2026;Materiais para manutenção;Catálogo do Compras.gov.br;Material;4730;ACESSÓRIOS E FERRAGENS ESPECIAIS PARA  MANGUEIRAS, CANOS  E TUBOS;13546;CONEXÃO HIDRÁULICA;253381;BITOLA: 40 MM, MATERIAL: PVC - CLORETO DE POLIVINILA, TIPO: CAP, TIPO FIXAÇÃO: SOLDÁVEL;UN;20,0000;3,0000;60,0000;0,0000;31/12/2026
ERN - HOSPITAL DR JOSÉ PEDRO BEZERRA DE NATAL;925778;918;Material;925778-11/2026;Materiais para manutenção;Catálogo do Compras.gov.br;Material;4730;ACESSÓRIOS E FERRAGENS ESPECIAIS PARA  MANGUEIRAS, CANOS  E TUBOS;13546;CONEXÃO HIDRÁULICA;253382;BITOLA: 50 MM, MATERIAL: PVC - CLORETO DE POLIVINILA, TIPO: CAP, TIPO FIXAÇÃO: SOLDÁVEL;UN;20,0000;6,0000;120,0000;0,0000;31/12/2026
ERN - HOSPITAL DR JOSÉ PEDRO BEZERRA DE NATAL;925778;919;Material;925778-11/2026;Materiais para manutenção;Catálogo do Compras.gov.br;Material;4730;ACESSÓRIOS E FERRAGENS ESPECIAIS PARA  MANGUEIRAS, CANOS  E TUBOS;13546;CONEXÃO HIDRÁULICA;297971;APLICAÇÃO: INSTALAÇÃO HIDRÁULICA, BITOLA LADO SOLDÁVEL: 25, COR: MARROM, MATERIAL: PVC RÍGIDO, TIPO: LUVA DE REDUÇÃO, TIPO FIXAÇÃO: SOLDÁVEL E ROSCÁVEL, BITOLA LADO ROSCÁVEL: 1/2;UN;50,0000;8,5000;425,0000;0,0000;31/12/2026
ERN - HOSPITAL DR JOSÉ PEDRO BEZERRA DE NATAL;925778;920;Material;925778-11/2026;Materiais para manutenção;Catálogo do Compras.gov.br;Material;4730;ACESSÓRIOS E FERRAGENS ESPECIAIS PARA  MANGUEIRAS, CANOS  E TUBOS;13546;CONEXÃO HIDRÁULICA;245133;APLICAÇÃO: INSTALAÇÕES PREDIAIS ÁGUA FRIA, BITOLA: 20 MM, MATERIAL: PVC - CLORETO DE POLIVINILA, TIPO: LUVA, TIPO FIXAÇÃO: SOLDÁVEL;UN;100,0000;0,8500;85,0000;0,0000;31/12/2026
ERN - HOSPITAL DR JOSÉ PEDRO BEZERRA DE NATAL;925778;921;Material;925778-11/2026;Materiais para manutenção;Catálogo do Compras.gov.br;Material;4730;ACESSÓRIOS E FERRAGENS ESPECIAIS PARA  MANGUEIRAS, CANOS  E TUBOS;13546;CONEXÃO HIDRÁULICA;242790;APLICAÇÃO: INSTALAÇÕES PREDIAIS ÁGUA FRIA, BITOLA: 25 MM, MATERIAL: PVC - CLORETO DE POLIVINILA, TIPO: LUVA, TIPO FIXAÇÃO: SOLDÁVEL;UN;100,0000;2,1000;210,0000;0,0000;31/12/2026
ERN - HOSPITAL DR JOSÉ PEDRO BEZERRA DE NATAL;925778;922;Material;925778-11/2026;Materiais para manutenção;Catálogo do Compras.gov.br;Material;4730;ACESSÓRIOS E FERRAGENS ESPECIAIS PARA  MANGUEIRAS, CANOS  E TUBOS;13546;CONEXÃO HIDRÁULICA;353504;APLICAÇÃO: INSTALAÇÕES ESGOTO, BITOLA: 100, MATERIAL: PVC, TIPO: LUVA SIMPLES, TIPO FIXAÇÃO: SOLDÁVEL;UN;10,0000;17,0000;170,0000;0,0000;31/12/2026
ERN - HOSPITAL DR JOSÉ PEDRO BEZERRA DE NATAL;925778;923;Material;925778-11/2026;Materiais para manutenção;Catálogo do Compras.gov.br;Material;4730;ACESSÓRIOS E FERRAGENS ESPECIAIS PARA  MANGUEIRAS, CANOS  E TUBOS;13546;CONEXÃO HIDRÁULICA;364376;APLICAÇÃO: INSTALAÇÕES PREDIAIS ÁGUA FRIA, BITOLA I: 3/4, MATERIAL: PVC - CLORETO DE POLIVINILA, TIPO: TÊ, TIPO FIXAÇÃO: ROSCÁVEL;UN;30,0000;16,0000;480,0000;0,0000;31/12/2026
ERN - HOSPITAL DR JOSÉ PEDRO BEZERRA DE NATAL;925778;924;Material;925778-11/2026;Materiais para manutenção;Catálogo do Compras.gov.br;Material;4730;ACESSÓRIOS E FERRAGENS ESPECIAIS PARA  MANGUEIRAS, CANOS  E TUBOS;13546;CONEXÃO HIDRÁULICA;351414;APLICAÇÃO: INSTALAÇÕES PREDIAIS ÁGUA FRIA, BITOLA LADO SOLDÁVEL: 25, MATERIAL: PVC - CLORETO DE POLIVINILA, NORMAS TÉCNICAS: NBR 5648, TIPO: TÊ, TIPO FIXAÇÃO: SOLDÁVEL E ROSCÁVEL, BITOLA LADO ROSCÁVEL: 1/2;UN;20,0000;6,5000;130,0000;0,0000;31/12/2026
ERN - HOSPITAL DR JOSÉ PEDRO BEZERRA DE NATAL;925778;925;Material;925778-11/2026;Materiais para manutenção;Catálogo do Compras.gov.br;Material;4730;ACESSÓRIOS E FERRAGENS ESPECIAIS PARA  MANGUEIRAS, CANOS  E TUBOS;13546;CONEXÃO HIDRÁULICA;351415;APLICAÇÃO: INSTALAÇÕES PREDIAIS ÁGUA FRIA, BITOLA LADO SOLDÁVEL: 25, MATERIAL: PVC - CLORETO DE POLIVINILA, NORMAS TÉCNICAS: NBR 5648, TIPO: TÊ, TIPO FIXAÇÃO: SOLDÁVEL E ROSCÁVEL, BITOLA LADO ROSCÁVEL: 3/4;UN;30,0000;7,5000;225,0000;0,0000;31/12/2026
ERN - HOSPITAL DR JOSÉ PEDRO BEZERRA DE NATAL;925778;926;Material;925778-11/2026;Materiais para manutenção;Catálogo do Compras.gov.br;Material;4730;ACESSÓRIOS E FERRAGENS ESPECIAIS PARA  MANGUEIRAS, CANOS  E TUBOS;13546;CONEXÃO HIDRÁULICA;370195;APLICAÇÃO: INSTALAÇÕES PREDIAIS ÁGUA FRIA, BITOLA I: 1 1/4, CARACTERÍSTICAS ADICIONAIS: COM ANEL DE BORRACHA FLEXÍVEL PARA VEDAÇÃO, MATERIAL: PVC, TIPO: LUVA DE CORRER, TIPO FIXAÇÃO: SOLDÁVEL;UN;20,0000;22,4000;448,0000;0,0000;31/12/2026
ERN - HOSPITAL DR JOSÉ PEDRO BEZERRA DE NATAL;925778;927;Material;925778-11/2026;Materiais para manutenção;Catálogo do Compras.gov.br;Material;4730;ACESSÓRIOS E FERRAGENS ESPECIAIS PARA  MANGUEIRAS, CANOS  E TUBOS;13546;CONEXÃO HIDRÁULICA;295919;BITOLA: 20, MATERIAL: PVC RÍGIDO, TIPO: LUVA DE CORRER, TIPO FIXAÇÃO: SOLDÁVEL;UN;50,0000;8,5000;425,0000;0,0000;31/12/2026
ERN - HOSPITAL DR JOSÉ PEDRO BEZERRA DE NATAL;925778;928;Material;925778-11/2026;Materiais para manutenção;Catálogo do Compras.gov.br;Material;5975;FERRAGENS E SUPRIMENTOS DE ELETRICIDADE;6462;ELETRODUTO;327947;COMPRIMENTO: 3, MATERIAL: PVC, TIPO FIXAÇÃO: ROSCADO, BITOLA: 3/4;UN;20,0000;14,2900;285,8000;0,0000;31/12/2026
ERN - HOSPITAL DR JOSÉ PEDRO BEZERRA DE NATAL;925778;929;Material;925778-11/2026;Materiais para manutenção;Catálogo do Compras.gov.br;Material;5935;CONECTORES ELÉTRICOS;14716;ESPELHO TOMADA;437733;APLICAÇÃO: INSTALAÇÃO ELÉTRICA, CARACTERÍSTICAS ADICIONAIS: COM 01 JANELA PARA 03 MÓDULOS ENCAIXÁVEL, FORMATO: RETANGULAR, MATERIAL: TERMOPLÁSTICO, TAMANHO: 4 X 2;UN;50,0000;16,0000;800,0000;0,0000;31/12/2026
ERN - HOSPITAL DR JOSÉ PEDRO BEZERRA DE NATAL;925778;930;Material;925778-11/2026;Materiais para manutenção;Catálogo do Compras.gov.br;Material;5915;FILTROS E REDES;7472;FILTRO LINHA;232306;CARACTERÍSTICAS ADICIONAIS: COM CHAVE ON/OFF / FUSÍVEIS E LED INDICADOR, CORRENTE MÁXIMA: 10, POTÊNCIA MÁXIMA: 1.500, QUANTIDADE SAÍDA: 5 TOMADAS COM 3 PINOS TIPO FÊMEA COM ATERRAMENTO, TENSÃO ALIMENTAÇÃO: 110/220;UN;10,0000;27,2000;272,0000;0,0000;31/12/2026
ERN - HOSPITAL DR JOSÉ PEDRO BEZERRA DE NATAL;925778;931;Material;925778-11/2026;Materiais para manutenção;Catálogo do Compras.gov.br;Material;6150;EQUIPAMENTOS DIVERSOS PARA GERAÇÃO E DISTRIBUIÇÃO DE ENERGIA;5714;EXTENSÃO ELÉTRICA;612557;COMPONENTES: 5 TOMADAS, 2P+T, COMPRIMENTO: 30, CONEXÕES: 1(UMA) ENTRADA 2P+T E 5 SAÍDAS 2P+T, CORRENTE NOMINAL: 10, FORMATO CONTATO: PADRÃO BRASILEIRO, FORMAÇÃO DO CABO: 3 X 2,5, GRAU PROTEÇÃO: IP44, MATERIAL: TERMOPLÁSTICO ANTI-CHAMA, NORMAS TÉCNICAS: NBR 14136, NÚMERO PÓLOS: 2P + T, POTÊNCIA MÁXIMA: 2.200, REFERÊNCIA: FORCE LINE 0181200019, SEÇÃO NOMINAL: 2,5, TEMPERATURA OPERAÇÃO: 70°, TENSÃO ENTRADA: 110-127, TENSÃO NOMINAL: 110/220, TIPO: CARRETEL;UN;1,0000;500,0000;500,0000;0,0000;31/12/2026
ERN - HOSPITAL DR JOSÉ PEDRO BEZERRA DE NATAL;925778;932;Material;925778-11/2026;Materiais para manutenção;Catálogo do Compras.gov.br;Material;5915;FILTROS E REDES;7472;FILTRO LINHA;473407;CARACTERÍSTICAS ADICIONAIS: CHAVE LIGA/DESLIGA, FUSÍVEL 7A, QUANTIDADE SAÍDA: 6 TOMADAS MOD.UNIVERSAL, TENSÃO ALIMENTAÇÃO: 110/220;UN;10,0000;27,0000;270,0000;0,0000;31/12/2026
ERN - HOSPITAL DR JOSÉ PEDRO BEZERRA DE NATAL;925778;933;Material;925778-11/2026;Materiais para manutenção;Catálogo do Compras.gov.br;Material;5970;ISOLADORES ELÉTRICOS E MATERIAIS ISOLANTES;7592;FITA ISOLANTE ELÉTRICA;464018;CLASSE TEMPERATURA: 90, COMPRIMENTO NOMINAL: 20, COR: PRETA, ESPESSURA NOMINAL: 0,18, LARGURA NOMINAL: 12, MATERIAL BÁSICO: FILME DE PVC, RESISTÊNCIA À TENSÃO: ATÉ 750;UN;20,0000;3,8000;76,0000;0,0000;31/12/2026
ERN - HOSPITAL DR JOSÉ PEDRO BEZERRA DE NATAL;925778;934;Material;925778-11/2026;Materiais para manutenção;Catálogo do Compras.gov.br;Material;5970;ISOLADORES ELÉTRICOS E MATERIAIS ISOLANTES;18853;FITA ISOLANTE ELÉTRICA ADESIVA;419864;COMPRIMENTO NOMINAL: 20, COR: PRETA, LARGURA NOMINAL: 19, MATERIAL DORSO: FILME DE PVC ANTI-CHAMA;UN;20,0000;5,0000;100,0000;0,0000;31/12/2026
ERN - HOSPITAL DR JOSÉ PEDRO BEZERRA DE NATAL;925778;935;Material;925778-11/2026;Materiais para manutenção;Catálogo do Compras.gov.br;Material;5970;ISOLADORES ELÉTRICOS E MATERIAIS ISOLANTES;7592;FITA ISOLANTE ELÉTRICA;450105;APLICAÇÃO: ISOLAÇÃO PRIMÁRIA E VEDAÇÃO DE EMENDAS, CARACTERÍSTICAS ADICIONAIS: AUTOFUSÃO, CLASSE TEMPERATURA: 105, COMPRIMENTO NOMINAL: 10, LARGURA NOMINAL: 19, MATERIAL BÁSICO: BORRACHA ETILENO-PROPILENO (EPR), RESISTÊNCIA À TENSÃO: ATÉ 69.000;UN;2,0000;42,0000;84,0000;0,0000;31/12/2026
ERN - HOSPITAL DR JOSÉ PEDRO BEZERRA DE NATAL;925778;936;Material;925778-11/2026;Materiais para manutenção;Catálogo do Compras.gov.br;Material;5970;ISOLADORES ELÉTRICOS E MATERIAIS ISOLANTES;7592;FITA ISOLANTE ELÉTRICA;349549;CARACTERÍSTICAS ADICIONAIS: AUTO FUSÃO, COMPRIMENTO NOMINAL: 10, LARGURA NOMINAL: 19;UN;10,0000;12,1700;121,7000;0,0000;31/12/2026
ERN - HOSPITAL DR JOSÉ PEDRO BEZERRA DE NATAL;925778;937;Material;925778-11/2026;Materiais para manutenção;Catálogo do Compras.gov.br;Material;5975;FERRAGENS E SUPRIMENTOS DE ELETRICIDADE;495;HASTE ATERRAMENTO;439747;CARACTERÍSTICAS ADICIONAIS: COM CONECTOR DE COBRE, COMPRIMENTO: 2.400, DIÂMETRO: 3/4, MATERIAL: COBRE, REVESTIMENTO: COBRE, TIPO: CILÍNDRICA;UN;10,0000;75,0000;750,0000;0,0000;31/12/2026
ERN - HOSPITAL DR JOSÉ PEDRO BEZERRA DE NATAL;925778;938;Material;925778-11/2026;Materiais para manutenção;Catálogo do Compras.gov.br;Material;5975;FERRAGENS E SUPRIMENTOS DE ELETRICIDADE;495;HASTE ATERRAMENTO;454245;COMPRIMENTO: 1.000, DIÂMETRO: 1/2, MATERIAL: COBRE ELETROLÍTICO;UN;10,0000;50,0000;500,0000;0,0000;31/12/2026
ERN - HOSPITAL DR JOSÉ PEDRO BEZERRA DE NATAL;925778;939;Material;925778-11/2026;Materiais para manutenção;Catálogo do Compras.gov.br;Material;5975;FERRAGENS E SUPRIMENTOS DE ELETRICIDADE;472;INTERRUPTOR;452735;ACABAMENTO: COM PLACA E PARAFUSO, APLICAÇÃO: CAIXA 4 X 2 POL, CARACTERÍSTICAS ADICIONAIS: CONJUGADO COM PLACA 4" X 2", CORRENTE NOMINAL: 10, FORMATO: RETANGULAR, MATERIAL: TERMOPLÁSTICO AUTO-EXTINGUÍVEL, POSIÇÃO RELATIVA: EMBUTIR, QUANTIDADE SEÇÕES: 1, TENSÃO NOMINAL: 250, TIPO: BIPOLAR  SIMPLES, TIPO ACIONAMENTO: TECLA SIMPLES HORIZONTAL;UN;50,0000;5,0000;250,0000;0,0000;31/12/2026
ERN - HOSPITAL DR JOSÉ PEDRO BEZERRA DE NATAL;925778;940;Material;925778-11/2026;Materiais para manutenção;Catálogo do Compras.gov.br;Material;5975;FERRAGENS E SUPRIMENTOS DE ELETRICIDADE;472;INTERRUPTOR;452736;ACABAMENTO: COM PLACA E PARAFUSO, APLICAÇÃO: CAIXA 4 X 2 POL, CARACTERÍSTICAS ADICIONAIS: CONJUGADO COM PLACA 4" X 2", CORRENTE NOMINAL: 10, FORMATO: RETANGULAR, MATERIAL: TERMOPLÁSTICO AUTO-EXTINGUÍVEL, POSIÇÃO RELATIVA: EMBUTIR, QUANTIDADE SEÇÕES: 2, TENSÃO NOMINAL: 250, TIPO: BIPOLAR  SIMPLES, TIPO ACIONAMENTO: TECLA SIMPLES HORIZONTAL;UN;50,0000;10,0000;500,0000;0,0000;31/12/2026
ERN - HOSPITAL DR JOSÉ PEDRO BEZERRA DE NATAL;925778;941;Material;925778-11/2026;Materiais para manutenção;Catálogo do Compras.gov.br;Material;5925;DISJUNTORES;4;DISJUNTOR BAIXA TENSÃO;337911;CORRENTE NOMINAL: 70, CURVA DE DISPARO: C, NÚMERO DE FASES: TRIFÁSICO, REFERÊNCIA: SISTEMA N;UN;10,0000;80,0000;800,0000;0,0000;31/12/2026
ERN - HOSPITAL DR JOSÉ PEDRO BEZERRA DE NATAL;925778;942;Material;925778-11/2026;Materiais para manutenção;Catálogo do Compras.gov.br;Material;6240;LÂMPADAS ELÉTRICAS;8662;LÂMPADA FLUORESCENTE COMPACTA;446016;COR: BRANCA, POTÊNCIA NOMINAL: 45, TIPO: ELETRÔNICA, TIPO BASE: ROSCÁVEL E-27, TIPO BULBO: ESPIRAL;UN;20,0000;44,0000;880,0000;0,0000;31/12/2026
ERN - HOSPITAL DR JOSÉ PEDRO BEZERRA DE NATAL;925778;943;Material;925778-11/2026;Materiais para manutenção;Catálogo do Compras.gov.br;Material;6240;LÂMPADAS ELÉTRICAS;19095;LÂMPADA LED;436927;APLICAÇÃO: AMBIENTE INTERNO, COR: BRANCA, DIMENSÕES: 590 X 28, FLUXO LUMINOSO: 900, FORMATO: TUBULAR T8, FREQUÊNCIA NOMINAL: 50/60, POTÊNCIA NOMINAL: 10, TEMPERATURA DE COR: 6400, TENSÃO NOMINAL: BIVOLT, TIPO BASE: G13, TIPO BULBO: T8, VIDA MÉDIA: 3000;UN;20,0000;10,0000;200,0000;0,0000;31/12/2026
ERN - HOSPITAL DR JOSÉ PEDRO BEZERRA DE NATAL;925778;944;Material;925778-11/2026;Materiais para manutenção;Catálogo do Compras.gov.br;Material;6240;LÂMPADAS ELÉTRICAS;19095;LÂMPADA LED;449306;COMPRIMENTO: 1200, COR: BRANCA FRIA, EQUIVALÊNCIA: FLUORESCENTE DE 40W, FATOR POTÊNCIA: > 0,92, FLUXO LUMINOSO: MÍN. 1850, FORMATO: TUBULAR T8, FREQUÊNCIA NOMINAL: 60, POTÊNCIA NOMINAL: 18, TEMPERATURA DE COR: 6500, TENSÃO NOMINAL: BIVOLT, TIPO BASE: G13, TIPO BULBO: POLICARBONATO LEITOSO, VIDA MÉDIA: 30.000, ÍNDICE DE REPRODUÇÃO DE COR - IRC: >0,80;UN;15,0000;30,0000;450,0000;0,0000;31/12/2026
ERN - HOSPITAL DR JOSÉ PEDRO BEZERRA DE NATAL;925778;945;Material;925778-11/2026;Materiais para manutenção;Catálogo do Compras.gov.br;Material;6240;LÂMPADAS ELÉTRICAS;19095;LÂMPADA LED;454051;POTÊNCIA NOMINAL: 40, TEMPERATURA DE COR: 6500, TENSÃO NOMINAL: BIVOLT, TIPO BASE: E-27;UN;20,0000;20,0000;400,0000;0,0000;31/12/2026
ERN - HOSPITAL DR JOSÉ PEDRO BEZERRA DE NATAL;925778;946;Material;925778-11/2026;Materiais para manutenção;Catálogo do Compras.gov.br;Material;6240;LÂMPADAS ELÉTRICAS;19095;LÂMPADA LED;603065;APLICAÇÃO: ILUMINAÇÃO, EFICIÊNCIA LUMINOSA: 95, FLUXO LUMINOSO: 3800, FORMATO: TUBULAR, MODELO: LED, POTÊNCIA NOMINAL: 40, TIPO BASE: G13;UN;20,0000;20,0000;400,0000;0,0000;31/12/2026
ERN - HOSPITAL DR JOSÉ PEDRO BEZERRA DE NATAL;925778;947;Material;925778-11/2026;Materiais para manutenção;Catálogo do Compras.gov.br;Material;6230;EQUIPAMENTOS DE ILUMINAÇÃO ELÉTRICA MANUAL E PORTÁTIL;8712;LANTERNA ELÉTRICA;427978;CARACTERÍSTICAS ADICIONAIS: DUAS INTENSIDADES DE LUZ, COR: BRANCA, MATERIAL: ALUMÍNIO, QUANTIDADE LÂMPADAS: 30, TENSÃO NOMINAL: 110/220, TIPO BATERIA: RECARREGÁVEL, TIPO LÂMPADA: LED;UN;4,0000;40,0000;160,0000;0,0000;31/12/2026
ERN - HOSPITAL DR JOSÉ PEDRO BEZERRA DE NATAL;925778;948;Material;925778-11/2026;Materiais para manutenção;Catálogo do Compras.gov.br;Material;6260;EQUIPAMENTOS DE ILUMINAÇÃO NÃO ELÉTRICOS;8713;LANTERNA NÃO ELÉTRICA;480045;ALIMENTAÇÃO: PILHA, COMPRIMENTO: 18, COR: AMARELA, MATERIAL: PLÁSTICO RESISTENTE, QUANTIDADE PILHAS: 2, TAMANHO PILHA: D, TIPO LÂMPADA: LED;UN;4,0000;20,0000;80,0000;0,0000;31/12/2026
ERN - HOSPITAL DR JOSÉ PEDRO BEZERRA DE NATAL;925778;949;Material;925778-11/2026;Materiais para manutenção;Catálogo do Compras.gov.br;Material;6210;APARELHOS DE ILUMINAÇÃO ELÉTRICA DE USO INTERNO E EXTERNO;6631;LUZ EMERGÊNCIA;428209;BATERIA: RECARREGÁVEL, AUTONOMIA 7H, CARACTERÍSTICAS ADICIONAIS: FUSÍVEL PROTEÇÃO CORRENTE E CARREGADOR BATERIA AUT, COR: BRANCA, FLUXO LUMINOSO: 600, MATERIAL: POLIESTIREN NA LATERAL E TAMPA ACRÍLICO MARTELADO, POTÊNCIA LÂMPADA: 2, REFERÊNCIA FABRICANTE: GOLDEN, TAMANHO: 212 X 112 X 108, TENSÃO ALIMENTAÇÃO: 127/220, TIPO LÂMPADA: LED;UN;20,0000;23,0000;460,0000;0,0000;31/12/2026
ERN - HOSPITAL DR JOSÉ PEDRO BEZERRA DE NATAL;925778;969;Material;925778-11/2026;Materiais para manutenção;Catálogo do Compras.gov.br;Material;5975;FERRAGENS E SUPRIMENTOS DE ELETRICIDADE;15568;SUPORTE CAIXA;290887;APLICAÇÃO: FIXAÇÃO/ENCAIXE DE TOMADAS E INTERRUPTORES, REFERÊNCIA: 612124, USO: PARA 6 MÓDULOS HORIZONTAL 4" X 4";UN;100,0000;16,0000;1600,0000;0,0000;31/12/2026
ERN - HOSPITAL DR JOSÉ PEDRO BEZERRA DE NATAL;925778;950;Material;925778-11/2026;Materiais para manutenção;Catálogo do Compras.gov.br;Material;6210;APARELHOS DE ILUMINAÇÃO ELÉTRICA DE USO INTERNO E EXTERNO;6792;LUMINÁRIA;452430;COR: BRANCA, DIMENSÕES: (LXAXP) 190 X 92 X 140, FORMATO: RETANGULAR, INSTALAÇÃO: TETO OU PAREDE, MATERIAL CORPO: PLÁSTICO, POTÊNCIA NOMINAL LÂMPADA: 32, QUANTIDADE LÂMPADAS: 1, TENSÃO NOMINAL: BIVOLT, TIPO: SOBREPOR, TIPO LÂMPADA: LED;UN;20,0000;39,0000;780,0000;0,0000;31/12/2026
ERN - HOSPITAL DR JOSÉ PEDRO BEZERRA DE NATAL;925778;951;Material;925778-11/2026;Materiais para manutenção;Catálogo do Compras.gov.br;Material;6210;APARELHOS DE ILUMINAÇÃO ELÉTRICA DE USO INTERNO E EXTERNO;6792;LUMINÁRIA;600195;ACABAMENTO SUPERFICIAL CORPO: PINTURA EM EPÓXI, APLICAÇÃO: ILUMINAÇÃO INTERNA, COR: BRANCA, DIMENSÕES: 121 X 7,5 X 2, FORMATO: TUBULAR, MATERIAL CORPO: PLÁSTICO, MATERIAL REFLETOR: ALUMÍNIO, POSIÇÃO RELATIVA: SOBREPOR, POTÊNCIA NOMINAL LÂMPADA: 36, QUANTIDADE LÂMPADAS: 2, TEMPERATURA DE COR: 6.000, TENSÃO NOMINAL: 127/220, TIPO: SOBREPOR, TIPO ILUMINAÇÃO: TONALIDADE BRANCA FRIA, TIPO LÂMPADA: LED;UN;20,0000;17,0000;340,0000;0,0000;31/12/2026
ERN - HOSPITAL DR JOSÉ PEDRO BEZERRA DE NATAL;925778;952;Material;925778-11/2026;Materiais para manutenção;Catálogo do Compras.gov.br;Material;5925;DISJUNTORES;4;DISJUNTOR BAIXA TENSÃO;622252;ACIONAMENTO: ALAVANCA, APLICAÇÃO: INSTALAÇÕES ELÉTRICAS, CORRENTE NOMINAL: 40, CURVA DE DISPARO: D, FUNCIONAMENTO: TERMOMAGNÉTICO, NÚMERO DE FASES: TRIPOLAR, PADRÃO: IEC, REFERÊNCIA 1: MODELO 5SY8 340-8, TENSÃO NOMINAL: 400, TIPO: MINI;UN;4,0000;99,0000;396,0000;0,0000;31/12/2026
ERN - HOSPITAL DR JOSÉ PEDRO BEZERRA DE NATAL;925778;953;Material;925778-11/2026;Materiais para manutenção;Catálogo do Compras.gov.br;Material;6135;BATERIAS NAO RECARREGÁVEIS;10708;PILHA;419861;CARACTERÍSTICAS ADICIONAIS: NÃO RECARREGÁVEL, MODELO: D, SISTEMA ELETROQUÍMICO: ALCALINA, TAMANHO: GRANDE, TENSÃO NOMINAL: 1,5;EMB;50,0000;4,4500;222,5000;0,0000;31/12/2026
ERN - HOSPITAL DR JOSÉ PEDRO BEZERRA DE NATAL;925778;954;Material;925778-11/2026;Materiais para manutenção;Catálogo do Compras.gov.br;Material;6135;BATERIAS NAO RECARREGÁVEIS;10708;PILHA;419862;CARACTERÍSTICAS ADICIONAIS: NÃO RECARREGÁVEL, MODELO: C, SISTEMA ELETROQUÍMICO: ALCALINA, TAMANHO: MÉDIA, TENSÃO NOMINAL: 1,5;EMB;100,0000;5,0000;500,0000;0,0000;31/12/2026
ERN - HOSPITAL DR JOSÉ PEDRO BEZERRA DE NATAL;925778;955;Material;925778-11/2026;Materiais para manutenção;Catálogo do Compras.gov.br;Material;6135;BATERIAS NAO RECARREGÁVEIS;10708;PILHA;419860;CARACTERÍSTICAS ADICIONAIS: NÃO RECARREGÁVEL, MODELO: AAA, SISTEMA ELETROQUÍMICO: ALCALINA, TAMANHO: PALITO, TENSÃO NOMINAL: 1,5;UN;1000,0000;5,0000;5000,0000;0,0000;31/12/2026
ERN - HOSPITAL DR JOSÉ PEDRO BEZERRA DE NATAL;925778;956;Material;925778-11/2026;Materiais para manutenção;Catálogo do Compras.gov.br;Material;6135;BATERIAS NAO RECARREGÁVEIS;10708;PILHA;419859;CARACTERÍSTICAS ADICIONAIS: NÃO RECARREGÁVEL, MODELO: AA, SISTEMA ELETROQUÍMICO: ALCALINA, TAMANHO: PEQUENA, TENSÃO NOMINAL: 1,5;UN;1000,0000;2,3000;2300,0000;0,0000;31/12/2026
ERN - HOSPITAL DR JOSÉ PEDRO BEZERRA DE NATAL;925778;957;Material;925778-11/2026;Materiais para manutenção;Catálogo do Compras.gov.br;Material;5330;GAXETAS E OUTROS MATERIAIS PARA VEDAÇÃO;552;ANEL VEDAÇÃO;367406;CARACTERÍSTICAS ADICIONAIS: VASO SANITÁRIO, MATERIAL: MASSA EMBORRACHADA;UN;120,0000;11,0000;1320,0000;0,0000;31/12/2026
ERN - HOSPITAL DR JOSÉ PEDRO BEZERRA DE NATAL;925778;958;Material;925778-11/2026;Materiais para manutenção;Catálogo do Compras.gov.br;Material;4510;DISPOSITIVOS E ACESSÓRIOS PARA INSTALAÇÕES HIDRÁULICAS;17358;ASSENTO VASO SANITÁRIO;428250;CARACTERÍSTICAS ADICIONAIS: COMPATÍVEL:VASO SANITARIO DECA MODELO MONTE CARLO, COR: BRANCA, MATERIAL: PLÁSTICO;UN;200,0000;32,0000;6400,0000;0,0000;31/12/2026
ERN - HOSPITAL DR JOSÉ PEDRO BEZERRA DE NATAL;925778;959;Material;925778-11/2026;Materiais para manutenção;Catálogo do Compras.gov.br;Material;4510;DISPOSITIVOS E ACESSÓRIOS PARA INSTALAÇÕES HIDRÁULICAS;3654;BÓIA CAIXA D'ÁGUA;261991;BITOLA: 2, MATERIAL: METAL, TIPO: MACHO, APLICAÇÃO: CAIXA DE ÁGUA, CISTERNA;UN;10,0000;225,0000;2250,0000;0,0000;31/12/2026
ERN - HOSPITAL DR JOSÉ PEDRO BEZERRA DE NATAL;925778;960;Material;925778-11/2026;Materiais para manutenção;Catálogo do Compras.gov.br;Material;4510;DISPOSITIVOS E ACESSÓRIOS PARA INSTALAÇÕES HIDRÁULICAS;3654;BÓIA CAIXA D'ÁGUA;253897;BITOLA: 3/4, MATERIAL: METAL, TIPO: PRESSÃO;UN;10,0000;23,0000;230,0000;0,0000;31/12/2026
ERN - HOSPITAL DR JOSÉ PEDRO BEZERRA DE NATAL;925778;961;Material;925778-11/2026;Materiais para manutenção;Catálogo do Compras.gov.br;Material;4510;DISPOSITIVOS E ACESSÓRIOS PARA INSTALAÇÕES HIDRÁULICAS;11383;ENGATE HIDRÁULICO;378885;APLICAÇÃO: INSTALAÇÕES PREDIAIS ÁGUA FRIA, BITOLA: 1/2, COMPRIMENTO: 60, MATERIAL: METAL;UN;100,0000;13,0000;1300,0000;0,0000;31/12/2026
ERN - HOSPITAL DR JOSÉ PEDRO BEZERRA DE NATAL;925778;962;Material;925778-11/2026;Materiais para manutenção;Catálogo do Compras.gov.br;Material;4510;DISPOSITIVOS E ACESSÓRIOS PARA INSTALAÇÕES HIDRÁULICAS;11383;ENGATE HIDRÁULICO;355256;APLICAÇÃO: INSTALAÇÕES PREDIAIS ÁGUA FRIA, BITOLA: 1/2, COMPRIMENTO: 50, MATERIAL: PVC FLEXÍVEL;UN;100,0000;11,0000;1100,0000;0,0000;31/12/2026
ERN - HOSPITAL DR JOSÉ PEDRO BEZERRA DE NATAL;925778;963;Material;925778-11/2026;Materiais para manutenção;Catálogo do Compras.gov.br;Material;4730;ACESSÓRIOS E FERRAGENS ESPECIAIS PARA  MANGUEIRAS, CANOS  E TUBOS;13546;CONEXÃO HIDRÁULICA;470400;BITOLA: 1/2, CARACTERÍSTICAS ADICIONAIS: PARA MANGUEIRA, MATERIAL: PVC - CLORETO DE POLIVINILA, TIPO FIXAÇÃO: ENGATE RÁPIDO;UN;20,0000;25,0000;500,0000;0,0000;31/12/2026
ERN - HOSPITAL DR JOSÉ PEDRO BEZERRA DE NATAL;925778;964;Material;925778-11/2026;Materiais para manutenção;Catálogo do Compras.gov.br;Material;4510;DISPOSITIVOS E ACESSÓRIOS PARA INSTALAÇÕES HIDRÁULICAS;11383;ENGATE HIDRÁULICO;397063;APLICAÇÃO: INSTALAÇÕES PREDIAIS ÁGUA FRIA, BITOLA: 1/2, CARACTERÍSTICAS ADICIONAIS: COM NIPLE, COMPRIMENTO: 30, MATERIAL: PVC FLEXÍVEL;UN;50,0000;14,0000;700,0000;0,0000;31/12/2026
ERN - HOSPITAL DR JOSÉ PEDRO BEZERRA DE NATAL;925778;965;Material;925778-11/2026;Materiais para manutenção;Catálogo do Compras.gov.br;Material;4510;DISPOSITIVOS E ACESSÓRIOS PARA INSTALAÇÕES HIDRÁULICAS;11383;ENGATE HIDRÁULICO;397067;APLICAÇÃO: INSTALAÇÕES PREDIAIS ÁGUA FRIA, BITOLA: 1/2, CARACTERÍSTICAS ADICIONAIS: COM NIPLE, COMPRIMENTO: 40, MATERIAL: PVC FLEXÍVEL;UN;100,0000;16,0000;1600,0000;0,0000;31/12/2026
ERN - HOSPITAL DR JOSÉ PEDRO BEZERRA DE NATAL;925778;966;Material;925778-11/2026;Materiais para manutenção;Catálogo do Compras.gov.br;Material;5330;GAXETAS E OUTROS MATERIAIS PARA VEDAÇÃO;7612;FITA VEDA ROSCA;225708;COMPRIMENTO: 25, ESPESSURA: 0,06 A 0,08, LARGURA: 18, MATERIAL: TEFLON, NORMAS TÉCNICAS: ABNT, MIL SPEC T-27730-A, RESISTÊNCIA TEMPERATURA: -200 A 260;UN;120,0000;10,0000;1200,0000;0,0000;31/12/2026
ERN - HOSPITAL DR JOSÉ PEDRO BEZERRA DE NATAL;925778;967;Material;925778-11/2026;Materiais para manutenção;Catálogo do Compras.gov.br;Material;5975;FERRAGENS E SUPRIMENTOS DE ELETRICIDADE;7009;PLACA CEGA;329231;COR: BRANCA, DIMENSÕES: 4 X 2, MATERIAL: PVC, REFERÊNCIA: PRM 44211 (LUNARE);UN;100,0000;3,5000;350,0000;0,0000;31/12/2026
ERN - HOSPITAL DR JOSÉ PEDRO BEZERRA DE NATAL;925778;968;Material;925778-11/2026;Materiais para manutenção;Catálogo do Compras.gov.br;Material;5975;FERRAGENS E SUPRIMENTOS DE ELETRICIDADE;7009;PLACA CEGA;329232;COR: BRANCA, DIMENSÕES: 4 X 4, MATERIAL: PVC, REFERÊNCIA: PRM 44461 (LUNARE);UN;100,0000;6,8000;680,0000;0,0000;31/12/2026
ERN - HOSPITAL DR JOSÉ PEDRO BEZERRA DE NATAL;925778;970;Material;925778-11/2026;Materiais para manutenção;Catálogo do Compras.gov.br;Material;6250;LUSTRES, SUPORTES PARA LÂMPADAS E ELEMENTOS DE PARTIDA;10877;PLAFONIER;446451;CARACTERÍSTICAS ADICIONAIS: SIMPLES SOQUETE DE PORCELANA, BASE E-27, COR: BRANCA, FORMATO: REDONDO, MATERIAL CORPO: PVC;UN;50,0000;4,0000;200,0000;0,0000;31/12/2026
ERN - HOSPITAL DR JOSÉ PEDRO BEZERRA DE NATAL;925778;971;Material;925778-11/2026;Materiais para manutenção;Catálogo do Compras.gov.br;Material;4730;ACESSÓRIOS E FERRAGENS ESPECIAIS PARA  MANGUEIRAS, CANOS  E TUBOS;13546;CONEXÃO HIDRÁULICA;240419;APLICAÇÃO: INSTALAÇÕES PREDIAIS ÁGUA FRIA, BITOLA: 40 MM, MATERIAL: PVC - CLORETO DE POLIVINILA, TIPO: JOELHO 90°, TIPO FIXAÇÃO: SOLDÁVEL;UN;30,0000;12,0000;360,0000;0,0000;31/12/2026
ERN - HOSPITAL DR JOSÉ PEDRO BEZERRA DE NATAL;925778;972;Material;925778-11/2026;Materiais para manutenção;Catálogo do Compras.gov.br;Material;5935;CONECTORES ELÉTRICOS;480;PLUGUE;422690;CORRENTE NOMINAL: 20, MATERIAL: PLÁSTICO POLIAMIDA ANTI-CHAMA, NÚMERO PÓLOS: 2 P + T, TENSÃO NOMINAL: 250, TIPO: FÊMEA;UN;50,0000;7,0000;350,0000;0,0000;31/12/2026
ERN - HOSPITAL DR JOSÉ PEDRO BEZERRA DE NATAL;925778;973;Material;925778-11/2026;Materiais para manutenção;Catálogo do Compras.gov.br;Material;5935;CONECTORES ELÉTRICOS;480;PLUGUE;403543;CORRENTE NOMINAL: 20, NORMAS TÉCNICAS: NBR 14136 IEC 60884, NÚMERO PÓLOS: 2 P + T, TIPO: MACHO, TIPO SAÍDA: RADIAL;UN;50,0000;15,0000;750,0000;0,0000;31/12/2026
ERN - HOSPITAL DR JOSÉ PEDRO BEZERRA DE NATAL;925778;974;Material;925778-11/2026;Materiais para manutenção;Catálogo do Compras.gov.br;Material;6250;LUSTRES, SUPORTES PARA LÂMPADAS E ELEMENTOS DE PARTIDA;13628;REATOR LÂMPADA;382546;APLICAÇÃO: LÂMPADAS FLUORESCENTES, POTÊNCIA NOMINAL LÂMPADA: 40, QUANTIDADE LÂMPADAS: 2, TENSÃO ALIMENTAÇÃO: 127/220, TIPO: ELETRÔNICO;UN;12,0000;70,0000;840,0000;0,0000;31/12/2026
ERN - HOSPITAL DR JOSÉ PEDRO BEZERRA DE NATAL;925778;975;Material;925778-11/2026;Materiais para manutenção;Catálogo do Compras.gov.br;Material;4730;ACESSÓRIOS E FERRAGENS ESPECIAIS PARA  MANGUEIRAS, CANOS  E TUBOS;13546;CONEXÃO HIDRÁULICA;306205;APLICAÇÃO: INSTALAÇÕES PREDIAIS ÁGUA FRIA, BITOLA LADO SOLDÁVEL: 40, CARACTERÍSTICAS ADICIONAIS: COM ANEL DE BORRACHA PARA VEDAÇÃO NAS EXTREMIDADES, COR: MARROM, MATERIAL: PVC RÍGIDO, NORMAS TÉCNICAS: NBR 5.648, TIPO: LUVA DE CORRER, TIPO FIXAÇÃO: SOLDÁVEL;UN;20,0000;35,0000;700,0000;0,0000;31/12/2026
ERN - HOSPITAL DR JOSÉ PEDRO BEZERRA DE NATAL;925778;976;Material;925778-11/2026;Materiais para manutenção;Catálogo do Compras.gov.br;Material;6250;LUSTRES, SUPORTES PARA LÂMPADAS E ELEMENTOS DE PARTIDA;13628;REATOR LÂMPADA;377142;APLICAÇÃO: LÂMPADA FLUORESCENTE TUBULAR, CARACTERÍSTICAS ADICIONAIS: PARA LAMPADA T8, SELO INMETRO, GARANTIA 1 ANO, FATOR POTÊNCIA: ALTO, POTÊNCIA NOMINAL LÂMPADA: 20, QUANTIDADE LÂMPADAS: 2, TENSÃO ALIMENTAÇÃO: 127/220, TIPO: ELETRÔNICO;UN;12,0000;50,0000;600,0000;0,0000;31/12/2026
ERN - HOSPITAL DR JOSÉ PEDRO BEZERRA DE NATAL;925778;977;Material;925778-11/2026;Materiais para manutenção;Catálogo do Compras.gov.br;Material;6210;APARELHOS DE ILUMINAÇÃO ELÉTRICA DE USO INTERNO E EXTERNO;15806;REFLETOR;458576;MATERIAL CORPO: ALUMÍNIO, POTÊNCIA LÂMPADA: 100, TENSÃO ALIMENTAÇÃO: BIVOLT, TIPO LÂMPADA: LED;UN;100,0000;100,0000;10000,0000;0,0000;31/12/2026
ERN - HOSPITAL DR JOSÉ PEDRO BEZERRA DE NATAL;925778;978;Material;925778-11/2026;Materiais para manutenção;Catálogo do Compras.gov.br;Material;6210;APARELHOS DE ILUMINAÇÃO ELÉTRICA DE USO INTERNO E EXTERNO;15806;REFLETOR;453345;MATERIAL CORPO: ALUMÍNIO, POTÊNCIA LÂMPADA: 200, TEMPERATURA DE COR: 64.000, TENSÃO ALIMENTAÇÃO: BIVOLT, TIPO LÂMPADA: LED, ÂNGULO DE ABERTURA DA LENTE: 120°;UN;100,0000;296,0000;29600,0000;0,0000;31/12/2026
ERN - HOSPITAL DR JOSÉ PEDRO BEZERRA DE NATAL;925778;979;Material;925778-11/2026;Materiais para manutenção;Catálogo do Compras.gov.br;Material;6210;APARELHOS DE ILUMINAÇÃO ELÉTRICA DE USO INTERNO E EXTERNO;15806;REFLETOR;470263;APLICAÇÃO: SISTEMA DE ILUMINAÇÃO, CARACTERÍSTICAS ADICIONAIS: HASTE DIRECIONÁVEL, FLUXO LUMINOSO: 3.800, GRAU PROTEÇÃO: IP65 (TABELA INGRESS PROTECTION), MATERIAL CORPO: ALUMÍNIO INJETADO, POTÊNCIA LÂMPADA: 50, TEMPERATURA DE COR: 6.500, TENSÃO ALIMENTAÇÃO: BIVOLT, TIPO LÂMPADA: LED;UN;50,0000;128,0000;6400,0000;0,0000;31/12/2026
ERN - HOSPITAL DR JOSÉ PEDRO BEZERRA DE NATAL;925778;980;Material;925778-11/2026;Materiais para manutenção;Catálogo do Compras.gov.br;Material;5945;RELÉS E SOLENÓIDES;18829;RELÉ FALTA DE FASE E TERRA;375544;CARACTERÍSTICAS ADICIONAIS: SENSIBILIDADE DE 5 A 20%, FREQUÊNCIA NOMINAL: 60, TENSÃO NOMINAL CONTATOS: 380, TIPO CONSTRUTIVO: ELETROMECÂNICO;UN;10,0000;153,0000;1530,0000;0,0000;31/12/2026
ERN - HOSPITAL DR JOSÉ PEDRO BEZERRA DE NATAL;925778;981;Material;925778-11/2026;Materiais para manutenção;Catálogo do Compras.gov.br;Material;5945;RELÉS E SOLENÓIDES;13630;RELÉ FOTELÉTRICO;396755;CARACTERÍSTICAS ADICIONAIS: COM BASE PADRÃO, POTÊNCIA NOMINAL: 1000W/1800VA, TENSÃO NOMINAL: 220;UN;50,0000;34,9000;1745,0000;0,0000;31/12/2026
ERN - HOSPITAL DR JOSÉ PEDRO BEZERRA DE NATAL;925778;982;Material;925778-11/2026;Materiais para manutenção;Catálogo do Compras.gov.br;Material;5945;RELÉS E SOLENÓIDES;13630;RELÉ FOTELÉTRICO;339103;POTÊNCIA NOMINAL: 1000, TENSÃO NOMINAL: 220;UN;10,0000;56,6300;566,3000;0,0000;31/12/2026
ERN - HOSPITAL DR JOSÉ PEDRO BEZERRA DE NATAL;925778;983;Material;925778-11/2026;Materiais para manutenção;Catálogo do Compras.gov.br;Material;5945;RELÉS E SOLENÓIDES;11616;RELÉ TÉRMICO;380279;APLICAÇÃO: SISTEMA DE AR CONDICIONADO, CARACTERÍSTICAS ADICIONAIS: POSSUINDO TERMINAIS DE CONEXÃO DIRETA EM CONTATORE, CLASSE DE DISPARO: 10, FREQUÊNCIA NOMINAL: 60, NÚMERO DE FASES: TRIFÁSICO, NÚMERO PÓLOS: 3, REFERÊNCIA: RW27D (WEG), TENSÃO NOMINAL: 220, FAIXA DE AJUSTE DE CORRENTE DE PROTEÇÃO: 15 A 23;UN;4,0000;136,0000;544,0000;0,0000;31/12/2026
ERN - HOSPITAL DR JOSÉ PEDRO BEZERRA DE NATAL;925778;984;Material;925778-11/2026;Materiais para manutenção;Catálogo do Compras.gov.br;Material;6250;LUSTRES, SUPORTES PARA LÂMPADAS E ELEMENTOS DE PARTIDA;833;SOQUETE LÂMPADA;402151;CARACTERÍSTICAS ADICIONAIS: SEM RABICHO, CORRENTE NOMINAL: 2, MATERIAL: POLIPROPILENO, TENSÃO MÁXIMA OPERAÇÃO: 250, TIPO: PUSH-IN ANTIVIBRATÓRIO, TIPO BASE: G13 DE ENGATE RÁPIDO, TIPO BULBO: T8, TIPO LÂMPADA: FLUORESCENTE TUBULAR;UN;50,0000;20,0000;1000,0000;0,0000;31/12/2026
ERN - HOSPITAL DR JOSÉ PEDRO BEZERRA DE NATAL;925778;985;Material;925778-11/2026;Materiais para manutenção;Catálogo do Compras.gov.br;Material;4730;ACESSÓRIOS E FERRAGENS ESPECIAIS PARA  MANGUEIRAS, CANOS  E TUBOS;13546;CONEXÃO HIDRÁULICA;233999;APLICAÇÃO: REDE HIDRÁULICA E ESGOTO, BITOLA: 25, MATERIAL: PVC - CLORETO DE POLIVINILA, TIPO: LUVA, TIPO FIXAÇÃO: SOLDÁVEL;UN;100,0000;1,1000;110,0000;0,0000;31/12/2026
ERN - HOSPITAL DR JOSÉ PEDRO BEZERRA DE NATAL;925778;986;Material;925778-11/2026;Materiais para manutenção;Catálogo do Compras.gov.br;Material;4730;ACESSÓRIOS E FERRAGENS ESPECIAIS PARA  MANGUEIRAS, CANOS  E TUBOS;13546;CONEXÃO HIDRÁULICA;358240;APLICAÇÃO: INSTALAÇÃO HIDRÁULICA, BITOLA I: 25 MM X 3/4, MATERIAL: PVC - CLORETO DE POLIVINILA, TIPO: LUVA, TIPO FIXAÇÃO: SOLDÁVEL E ROSCÁVEL;UN;50,0000;3,5000;175,0000;0,0000;31/12/2026
ERN - HOSPITAL DR JOSÉ PEDRO BEZERRA DE NATAL;925778;987;Material;925778-11/2026;Materiais para manutenção;Catálogo do Compras.gov.br;Material;4730;ACESSÓRIOS E FERRAGENS ESPECIAIS PARA  MANGUEIRAS, CANOS  E TUBOS;13546;CONEXÃO HIDRÁULICA;265081;APLICAÇÃO: INSTALAÇÃO HIDRÁULICA, BITOLA: 3/4", MATERIAL: PVC RÍGIDO, TIPO: LUVA, TIPO FIXAÇÃO: ROSCÁVEL;UN;50,0000;6,0000;300,0000;0,0000;31/12/2026
ERN - HOSPITAL DR JOSÉ PEDRO BEZERRA DE NATAL;925778;988;Material;925778-11/2026;Materiais para manutenção;Catálogo do Compras.gov.br;Material;4510;DISPOSITIVOS E ACESSÓRIOS PARA INSTALAÇÕES HIDRÁULICAS;11563;REGISTRO PRESSÃO;265069;APLICAÇÃO: MATERIAL HIDRÁULICO, DIÂMETRO: 3/4, MATERIAL: METAL, TIPO: CRUZETA, TIPO ACABAMENTO: COM CANOPLA POLIDA;UN;30,0000;44,0000;1320,0000;0,0000;31/12/2026
ERN - HOSPITAL DR JOSÉ PEDRO BEZERRA DE NATAL;925778;989;Material;925778-11/2026;Materiais para manutenção;Catálogo do Compras.gov.br;Material;4510;DISPOSITIVOS E ACESSÓRIOS PARA INSTALAÇÕES HIDRÁULICAS;14461;REGISTRO ESFERA;415541;APLICAÇÃO: INSTALAÇÃO HIDRÁULICA, BITOLA: 3/4", MATERIAL: PVC, TIPO: MANUAL, TIPO FIXAÇÃO: SOLDÁVEL;UN;30,0000;15,0000;450,0000;0,0000;31/12/2026
ERN - HOSPITAL DR JOSÉ PEDRO BEZERRA DE NATAL;925778;990;Material;925778-11/2026;Materiais para manutenção;Catálogo do Compras.gov.br;Material;4510;DISPOSITIVOS E ACESSÓRIOS PARA INSTALAÇÕES HIDRÁULICAS;14461;REGISTRO ESFERA;432658;APLICAÇÃO: INSTALAÇÃO HIDRÁULICA, BITOLA: 25 MM, MATERIAL: PVC, TIPO: BORBOLETA, TIPO FIXAÇÃO: ROSCÁVEL;UN;20,0000;15,0000;300,0000;0,0000;31/12/2026
ERN - HOSPITAL DR JOSÉ PEDRO BEZERRA DE NATAL;925778;991;Material;925778-11/2026;Materiais para manutenção;Catálogo do Compras.gov.br;Material;4510;DISPOSITIVOS E ACESSÓRIOS PARA INSTALAÇÕES HIDRÁULICAS;14461;REGISTRO ESFERA;294595;BITOLA: 3/4", MATERIAL: PVC, TIPO: VS, TIPO FIXAÇÃO: ROSCÁVEL;UN;30,0000;8,0000;240,0000;0,0000;31/12/2026
ERN - HOSPITAL DR JOSÉ PEDRO BEZERRA DE NATAL;925778;992;Material;925778-11/2026;Materiais para manutenção;Catálogo do Compras.gov.br;Material;4510;DISPOSITIVOS E ACESSÓRIOS PARA INSTALAÇÕES HIDRÁULICAS;14461;REGISTRO ESFERA;269503;BITOLA: 1/2", MATERIAL: PVC, TIPO: VS, TIPO FIXAÇÃO: ROSCÁVEL;UN;30,0000;9,0000;270,0000;0,0000;31/12/2026
ERN - HOSPITAL DR JOSÉ PEDRO BEZERRA DE NATAL;925778;993;Material;925778-11/2026;Materiais para manutenção;Catálogo do Compras.gov.br;Material;4510;DISPOSITIVOS E ACESSÓRIOS PARA INSTALAÇÕES HIDRÁULICAS;15305;CONJUNTO OBTURADOR CAIXA DESCARGA;613232;APLICAÇÃO: CAIXA DE DESCARGA ACOPLADA DE 6 LITROS, PADRAO UNI, COMPONENTES: BORRACHA, FLUTUADOR, GUIA, HASTE, REGULADORES E, OUTROS COMPONENTES: PENEIRA EMBUTIDA, BOTÃO DE ACIONAMENTO DUPLO, CONJ;UN;50,0000;48,0000;2400,0000;0,0000;31/12/2026
ERN - HOSPITAL DR JOSÉ PEDRO BEZERRA DE NATAL;925778;994;Material;925778-11/2026;Materiais para manutenção;Catálogo do Compras.gov.br;Material;4510;DISPOSITIVOS E ACESSÓRIOS PARA INSTALAÇÕES HIDRÁULICAS;12820;TORNEIRA;375137;ACABAMENTO SUPERFICIAL: CROMADO, APLICAÇÃO: JARDIM, DIÂMETRO: 1/2, MATERIAL CORPO: METAL, TIPO: ESFERA;UN;30,0000;20,0000;600,0000;0,0000;31/12/2026
ERN - HOSPITAL DR JOSÉ PEDRO BEZERRA DE NATAL;925778;995;Material;925778-11/2026;Materiais para manutenção;Catálogo do Compras.gov.br;Material;4510;DISPOSITIVOS E ACESSÓRIOS PARA INSTALAÇÕES HIDRÁULICAS;12820;TORNEIRA;320503;APLICAÇÃO: LAVATÓRIO, COR: BRANCA, DIÂMETRO: 1/2, MATERIAL CORPO: PVC, TIPO: ALAVANCA;UN;30,0000;26,0000;780,0000;0,0000;31/12/2026
ERN - HOSPITAL DR JOSÉ PEDRO BEZERRA DE NATAL;925778;996;Material;925778-11/2026;Materiais para manutenção;Catálogo do Compras.gov.br;Material;4510;DISPOSITIVOS E ACESSÓRIOS PARA INSTALAÇÕES HIDRÁULICAS;12820;TORNEIRA;617243;ACABAMENTO SUPERFICIAL: CROMADO, APLICAÇÃO: PIA, DIÂMETRO: 1/2, MATERIAL CORPO: LATÃO, TIPO: ALAVANCA;UN;30,0000;42,0000;1260,0000;0,0000;31/12/2026
ERN - HOSPITAL DR JOSÉ PEDRO BEZERRA DE NATAL;925778;1651;Material;925778-7/2026;Material uso consumo nutrição;Catálogo do Compras.gov.br;Material;7330;UTENSÍLIOS E FERRAMENTAS MANUAIS DE COZINHA;1287;JARRA;424328;ALTURA: 26, CAPACIDADE: 3, DIÂMETRO INFERIOR: 14, MATERIAL: POLIPROPILENO, MODELO: COM TAMPA E GRADUADA;UN;50,0000;20,0000;1000,0000;0,0000;31/12/2026
ERN - HOSPITAL DR JOSÉ PEDRO BEZERRA DE NATAL;925778;1652;Material;925778-7/2026;Material uso consumo nutrição;Catálogo do Compras.gov.br;Material;7330;UTENSÍLIOS E FERRAMENTAS MANUAIS DE COZINHA;1287;JARRA;407597;CAPACIDADE: 3, CARACTERÍSTICAS ADICIONAIS: COM ALÇA E TAMPA REMOVÍVEL, MATERIAL: PLÁSTICO;UN;20,0000;35,0000;700,0000;0,0000;31/12/2026
ERN - HOSPITAL DR JOSÉ PEDRO BEZERRA DE NATAL;925778;1653;Material;925778-7/2026;Material uso consumo nutrição;Catálogo do Compras.gov.br;Material;7330;UTENSÍLIOS E FERRAMENTAS MANUAIS DE COZINHA;1287;JARRA;283809;APLICAÇÃO: COPA E COZINHA, CAPACIDADE: 1, CARACTERÍSTICAS ADICIONAIS: GRADUADA, MATERIAL: PLÁSTICO;UN;10,0000;30,0000;300,0000;0,0000;31/12/2026
ERN - HOSPITAL DR JOSÉ PEDRO BEZERRA DE NATAL;925778;1654;Material;925778-7/2026;Material uso consumo nutrição;Catálogo do Compras.gov.br;Material;7330;UTENSÍLIOS E FERRAMENTAS MANUAIS DE COZINHA;10617;PENEIRA COZINHA;617108;DIÂMETRO: 16, MATERIAL: PLÁSTICO, MATERIAL CABO: PLÁSTICO;UN;20,0000;25,0000;500,0000;0,0000;31/12/2026
ERN - HOSPITAL DR JOSÉ PEDRO BEZERRA DE NATAL;925778;1655;Material;925778-7/2026;Material uso consumo nutrição;Catálogo do Compras.gov.br;Material;7330;UTENSÍLIOS E FERRAMENTAS MANUAIS DE COZINHA;10617;PENEIRA COZINHA;331945;CARACTERÍSTICAS ADICIONAIS: CABO, ARO E TELA MÉDIA DE PLÁSTICO, DIÂMETRO: 20, MATERIAL: PLÁSTICO;UN;20,0000;30,0000;600,0000;0,0000;31/12/2026
ERN - HOSPITAL DR JOSÉ PEDRO BEZERRA DE NATAL;925778;1656;Material;925778-7/2026;Material uso consumo nutrição;Catálogo do Compras.gov.br;Material;9330;ARTIGOS DE PLÁSTICO;4149;CAIXA PLÁSTICA;614427;ALTURA 01: 31,5, APLICAÇÃO: ACONDICIONAMENTO DE HORTIFRUTIGRANJEIROS., CAPACIDADE: 20, CARACTERÍSTICAS ADICIONAIS: SPAÇO PARA GRAVAÇÃO PERSONALIZADA,, COMPRIMENTO: 56, COR: PRETA, LARGURA: 36, MATERIAL: POLIETILENO, MODELO: SEM TAMPA;UN;50,0000;60,0000;3000,0000;0,0000;31/12/2026
ERN - HOSPITAL DR JOSÉ PEDRO BEZERRA DE NATAL;925778;1657;Material;925778-7/2026;Material uso consumo nutrição;Catálogo do Compras.gov.br;Material;9330;ARTIGOS DE PLÁSTICO;4149;CAIXA PLÁSTICA;315047;ALTURA: 18, APLICAÇÃO: ALIMENTOS, CAPACIDADE: 40, CARACTERÍSTICAS ADICIONAIS: REFORÇO E ENCAIXE PARA EMPILHAMENTO, TRAVAS    NAS, COMPRIMENTO: 61, COR: NATURAL, LARGURA: 42, MATERIAL: POLIETILENO;UN;40,0000;150,0000;6000,0000;0,0000;31/12/2026
ERN - HOSPITAL DR JOSÉ PEDRO BEZERRA DE NATAL;925778;1658;Material;925778-7/2026;Material uso consumo nutrição;Catálogo do Compras.gov.br;Material;9330;ARTIGOS DE PLÁSTICO;4149;CAIXA PLÁSTICA;389420;ALTURA: 31, CAPACIDADE: 50, CARACTERÍSTICAS ADICIONAIS: SEM TAMPA, EMPILHÁVEL, COMPRIMENTO: 55, COR: BRANCA, LARGURA: 35,50, MATERIAL: POLIETILENO, TIPO: VAZADA, MONOBLOCO;UN;20,0000;200,0000;4000,0000;0,0000;31/12/2026
ERN - HOSPITAL DR JOSÉ PEDRO BEZERRA DE NATAL;925778;1659;Material;925778-7/2026;Material uso consumo nutrição;Catálogo do Compras.gov.br;Material;8115;CAIXAS, CAIXOTES E ENGRADADOS;4149;CAIXA PLÁSTICA;338807;APLICAÇÃO: ALIMENTOS, CAPACIDADE: 10, CARACTERÍSTICAS ADICIONAIS: COM TAMPA, MATERIAL: POLIPROPILENO;UN;30,0000;100,0000;3000,0000;0,0000;31/12/2026
ERN - HOSPITAL DR JOSÉ PEDRO BEZERRA DE NATAL;925778;1660;Material;925778-7/2026;Material uso consumo nutrição;Catálogo do Compras.gov.br;Material;8115;CAIXAS, CAIXOTES E ENGRADADOS;4149;CAIXA PLÁSTICA;606324;ALTURA: 69, APLICAÇÃO: MULTIUSO, CAPACIDADE: 1, CARACTERÍSTICAS ADICIONAIS: TAMPA E TRAVAS, COMPRIMENTO: 186, LARGURA: 145, MATERIAL: PLÁSTICO RESISTENTE, TRANSMITÂNCIA: TRANSPARENTE;UN;10,0000;50,0000;500,0000;0,0000;31/12/2026
ERN - HOSPITAL DR JOSÉ PEDRO BEZERRA DE NATAL;925778;1661;Material;925778-7/2026;Material uso consumo nutrição;Catálogo do Compras.gov.br;Material;7330;UTENSÍLIOS E FERRAMENTAS MANUAIS DE COZINHA;12461;PRANCHA ALIMENTOS;386046;APLICAÇÃO: CORTES EM GERAL, CARACTERÍSTICAS ADICIONAIS: SEM ALÇA, COMPRIMENTO: 50, COR: BRANCA, ESPESSURA: 2, LARGURA: 40, MATERIAL: POLIPROPILENO RÍGIDO;UN;5,0000;70,0000;350,0000;0,0000;31/12/2026
ERN - HOSPITAL DR JOSÉ PEDRO BEZERRA DE NATAL;925778;1662;Material;925778-7/2026;Material uso consumo nutrição;Catálogo do Compras.gov.br;Material;7330;UTENSÍLIOS E FERRAMENTAS MANUAIS DE COZINHA;12461;PRANCHA ALIMENTOS;378064;COMPRIMENTO: 50, COR: VERMELHA, ESPESSURA: 1, LARGURA: 30, MATERIAL: POLIETILENO;UN;5,0000;70,0000;350,0000;0,0000;31/12/2026
ERN - HOSPITAL DR JOSÉ PEDRO BEZERRA DE NATAL;925778;1663;Material;925778-7/2026;Material uso consumo nutrição;Catálogo do Compras.gov.br;Material;7330;UTENSÍLIOS E FERRAMENTAS MANUAIS DE COZINHA;12461;PRANCHA ALIMENTOS;378063;COMPRIMENTO: 50, COR: VERDE, ESPESSURA: 1, LARGURA: 30, MATERIAL: POLIETILENO;UN;5,0000;70,0000;350,0000;0,0000;31/12/2026
ERN - HOSPITAL DR JOSÉ PEDRO BEZERRA DE NATAL;925778;1664;Material;925778-7/2026;Material uso consumo nutrição;Catálogo do Compras.gov.br;Material;7330;UTENSÍLIOS E FERRAMENTAS MANUAIS DE COZINHA;12461;PRANCHA ALIMENTOS;339880;COMPRIMENTO: 50, COR: AZUL, LARGURA: 30, MATERIAL: POLIETILENO;UN;5,0000;70,0000;350,0000;0,0000;31/12/2026
ERN - HOSPITAL DR JOSÉ PEDRO BEZERRA DE NATAL;925778;1665;Material;925778-7/2026;Material uso consumo nutrição;Catálogo do Compras.gov.br;Material;7330;UTENSÍLIOS E FERRAMENTAS MANUAIS DE COZINHA;12461;PRANCHA ALIMENTOS;315421;COMPRIMENTO: 50, COR: AMARELA, ESPESSURA: 2, LARGURA: 50, MATERIAL: POLIPROPILENO;UN;5,0000;70,0000;350,0000;0,0000;31/12/2026
ERN - HOSPITAL DR JOSÉ PEDRO BEZERRA DE NATAL;925778;1666;Material;925778-7/2026;Material uso consumo nutrição;Catálogo do Compras.gov.br;Material;7330;UTENSÍLIOS E FERRAMENTAS MANUAIS DE COZINHA;12461;PRANCHA ALIMENTOS;315411;COMPRIMENTO: 50, COR: VERMELHA, ESPESSURA: 2, LARGURA: 50, MATERIAL: POLIPROPILENO;UN;5,0000;70,0000;350,0000;0,0000;31/12/2026
ERN - HOSPITAL DR JOSÉ PEDRO BEZERRA DE NATAL;925778;1667;Material;925778-7/2026;Material uso consumo nutrição;Catálogo do Compras.gov.br;Material;7310;EQUIPAMENTOS PARA COZINHAR, ASSAR E SERVIR ALIMENTOS;3249;BALCÃO TÉRMICO;451566;ALTURA: 91, CARACTERÍSTICAS ADICIONAIS: BANHO MARIA, COMPONENTES: CUBAS, COMPRIMENTO: 175, LARGURA: 76, MATERIAL: AÇO INOXIDÁVEL, QUANTIDADE RECIPIENTE: 4;UN;1,0000;7400,0000;7400,0000;0,0000;31/12/2026
ERN - HOSPITAL DR JOSÉ PEDRO BEZERRA DE NATAL;925778;997;Material;925778-11/2026;Materiais para manutenção;Catálogo do Compras.gov.br;Material;4510;DISPOSITIVOS E ACESSÓRIOS PARA INSTALAÇÕES HIDRÁULICAS;12820;TORNEIRA;435944;APLICAÇÃO: LAVATÓRIO E PIA CLÍNICO/HOSPITALAR, CARACTERISTICAS ADICIONAIS: ABERTURA/FECHAMENTO MOVIMENTO LATERALDO COTOVELO, DIÂMETRO: 1/2, MATERIAL CORPO: AÇO INOXIDÁVEL, TIPO: ALAVANCA;UN;30,0000;95,0000;2850,0000;0,0000;31/12/2026
ERN - HOSPITAL DR JOSÉ PEDRO BEZERRA DE NATAL;925778;998;Material;925778-11/2026;Materiais para manutenção;Catálogo do Compras.gov.br;Material;4510;DISPOSITIVOS E ACESSÓRIOS PARA INSTALAÇÕES HIDRÁULICAS;12820;TORNEIRA;320503;APLICAÇÃO: LAVATÓRIO, COR: BRANCA, DIÂMETRO: 1/2, MATERIAL CORPO: PVC, TIPO: ALAVANCA;UN;50,0000;25,0000;1250,0000;0,0000;31/12/2026
ERN - HOSPITAL DR JOSÉ PEDRO BEZERRA DE NATAL;925778;999;Material;925778-11/2026;Materiais para manutenção;Catálogo do Compras.gov.br;Material;4710;CANOS E TUBOS;659;TUBO PVC SOLDÁVEL;396867;APLICAÇÃO: HIDRÁULICA, COMPRIMENTO: 6, COR: MARROM, DIÂMETRO NOMINAL: 20, MATERIAL: PVC RÍGIDO;UN;30,0000;20,0000;600,0000;0,0000;31/12/2026
ERN - HOSPITAL DR JOSÉ PEDRO BEZERRA DE NATAL;925778;1000;Material;925778-11/2026;Materiais para manutenção;Catálogo do Compras.gov.br;Material;4710;CANOS E TUBOS;659;TUBO PVC SOLDÁVEL;396865;APLICAÇÃO: HIDRÁULICA, COMPRIMENTO: 6, COR: MARROM, DIÂMETRO NOMINAL: 25, MATERIAL: PVC RÍGIDO;TBO;30,0000;60,0000;1800,0000;0,0000;31/12/2026
ERN - HOSPITAL DR JOSÉ PEDRO BEZERRA DE NATAL;925778;1001;Material;925778-11/2026;Materiais para manutenção;Catálogo do Compras.gov.br;Material;4510;DISPOSITIVOS E ACESSÓRIOS PARA INSTALAÇÕES HIDRÁULICAS;14144;VÁLVULA ESCOAMENTO;376637;APLICAÇÃO: LAVATÓRIO, CARACTERÍSTICAS ADICIONAIS: LONGO, COMPONENTES: COM LADRÃO PARA LAVATÓRIO, DIÂMETRO: 3/4, MATERIAL: PVC;UN;50,0000;12,0000;600,0000;0,0000;31/12/2026
ERN - HOSPITAL DR JOSÉ PEDRO BEZERRA DE NATAL;925778;1002;Material;925778-11/2026;Materiais para manutenção;Catálogo do Compras.gov.br;Material;4510;DISPOSITIVOS E ACESSÓRIOS PARA INSTALAÇÕES HIDRÁULICAS;14630;CAIXA DESCARGA;480852;ALTURA: 354, CAPACIDADE: 9, COR: BRANCA, LARGURA: 320, MATERIAL: PVC, PROFUNDIDADE: 153;UN;100,0000;40,0000;4000,0000;0,0000;31/12/2026
ERN - HOSPITAL DR JOSÉ PEDRO BEZERRA DE NATAL;925778;1003;Material;925778-11/2026;Materiais para manutenção;Catálogo do Compras.gov.br;Material;5935;CONECTORES ELÉTRICOS;484;TOMADA;460969;APLICAÇÃO: INSTALAÇÃO ELÉTRICA, CARACTERÍSTICAS ADICIONAIS: SISTEMA X, 2 PINOS + TERRA, COR CORPO: BRANCA, CORRENTE NOMINAL: 10, MATERIAL: TERMOPLÁSTICO, MODELO: DUPLA, NORMAS TÉCNICAS: NBR 14136, TENSÃO NOMINAL: 250, TIPO: EXTERNA;UN;100,0000;10,0000;1000,0000;0,0000;31/12/2026
ERN - HOSPITAL DR JOSÉ PEDRO BEZERRA DE NATAL;925778;1004;Material;925778-11/2026;Materiais para manutenção;Catálogo do Compras.gov.br;Material;5935;CONECTORES ELÉTRICOS;484;TOMADA;440981;COR CORPO: BRANCA, CORRENTE NOMINAL: 20, NORMAS TÉCNICAS: NBR 14136, TENSÃO NOMINAL: 127/220, FORMATO CORPO: RETANGULAR, POSIÇÃO RELATIVA: EMBUTIR, NÚMERO PÓLOS: 2 P + T;UN;100,0000;15,0000;1500,0000;0,0000;31/12/2026
ERN - HOSPITAL DR JOSÉ PEDRO BEZERRA DE NATAL;925778;1005;Material;925778-11/2026;Materiais para manutenção;Catálogo do Compras.gov.br;Material;5935;CONECTORES ELÉTRICOS;484;TOMADA;399272;CARACTERÍSTICAS ADICIONAIS: SISTEMA "X", MODELO: RJ45, POSIÇÃO RELATIVA: SOBREPOR;UN;100,0000;15,0000;1500,0000;0,0000;31/12/2026
ERN - HOSPITAL DR JOSÉ PEDRO BEZERRA DE NATAL;925778;1006;Material;925778-11/2026;Materiais para manutenção;Catálogo do Compras.gov.br;Material;5935;CONECTORES ELÉTRICOS;484;TOMADA;460971;APLICAÇÃO: INSTALAÇÃO ELÉTRICA, CARACTERÍSTICAS ADICIONAIS: SISTEMA X, 2 PINOS + TERRA, COR CORPO: BRANCA, CORRENTE NOMINAL: 10, MATERIAL: TERMOPLÁSTICO, MODELO: SIMPLES, NORMAS TÉCNICAS: NBR 14136, TENSÃO NOMINAL: 250, TIPO: EXTERNA;UN;100,0000;20,0000;2000,0000;0,0000;31/12/2026
ERN - HOSPITAL DR JOSÉ PEDRO BEZERRA DE NATAL;925778;1007;Material;925778-11/2026;Materiais para manutenção;Catálogo do Compras.gov.br;Material;5935;CONECTORES ELÉTRICOS;484;TOMADA;460970;APLICAÇÃO: INSTALAÇÃO ELÉTRICA, CARACTERÍSTICAS ADICIONAIS: SISTEMA X, 2 PINOS + TERRA, COR CORPO: BRANCA, CORRENTE NOMINAL: 20, MATERIAL: TERMOPLÁSTICO, MODELO: SIMPLES, NORMAS TÉCNICAS: NBR 14136, TENSÃO NOMINAL: 250, TIPO: EXTERNA;UN;100,0000;6,0500;605,0000;0,0000;31/12/2026
ERN - HOSPITAL DR JOSÉ PEDRO BEZERRA DE NATAL;925778;1008;Material;925778-11/2026;Materiais para manutenção;Catálogo do Compras.gov.br;Material;4020;CABOS DE FIBRA, CORDOALHAS E BARBANTES;7613;FITILHO;371907;MATERIAL: NYLON, PESO: 800;RO;50,0000;6,0000;300,0000;0,0000;31/12/2026
ERN - HOSPITAL DR JOSÉ PEDRO BEZERRA DE NATAL;925778;1009;Material;925778-11/2026;Materiais para manutenção;Catálogo do Compras.gov.br;Material;4020;CABOS DE FIBRA, CORDOALHAS E BARBANTES;3324;BARBANTE;416792;COR: NATURAL, DIÂMETRO: 1,50, MATERIAL: SISAL;RO;50,0000;6,1000;305,0000;0,0000;31/12/2026
ERN - HOSPITAL DR JOSÉ PEDRO BEZERRA DE NATAL;925778;1010;Material;925778-11/2026;Materiais para manutenção;Catálogo do Compras.gov.br;Material;5510;TÁBUAS E ARTIGOS CORRELATOS À BASE DE MADEIRA;9018;PALITO MADEIRA;401617;ACABAMENTO: POLIDO, COMPRIMENTO: 12, TIPO USO: MANICURI/PEDICURI;EMB;50,0000;10,0000;500,0000;0,0000;31/12/2026
ERN - HOSPITAL DR JOSÉ PEDRO BEZERRA DE NATAL;925778;1011;Material;925778-11/2026;Materiais para manutenção;Catálogo do Compras.gov.br;Material;5670;COMPONENTES PRÉ-FABRICADOS PARA CONSTRUÇÃO;12820;TORNEIRA;606238;CARACTERISTICAS ADICIONAIS: FECHAMENTO RÁPIDO, APLICAÇÃO: CISTERNA, DIÂMETRO: 2, MATERIAL CORPO: METAL, TIPO: BÓIA CAIXA-D'ÁGUA;UN;5,0000;225,0000;1125,0000;0,0000;31/12/2026
ERN - HOSPITAL DR JOSÉ PEDRO BEZERRA DE NATAL;925778;1012;Material;925778-11/2026;Materiais para manutenção;Catálogo do Compras.gov.br;Material;5670;COMPONENTES PRÉ-FABRICADOS PARA CONSTRUÇÃO;12820;TORNEIRA;482763;ACABAMENTO SUPERFICIAL: CROMADO, APLICAÇÃO: INSTALAÇÃO HIDRÁULICA, CARACTERISTICAS ADICIONAIS: COM BICA MÓVEL LONGA E BICO AREJADOR, COR: PRATEADA, DIÂMETRO: 1,2, MATERIAL CORPO: METAL CROMADO, TIPO: MESA;UN;50,0000;129,0000;6450,0000;0,0000;31/12/2026
ERN - HOSPITAL DR JOSÉ PEDRO BEZERRA DE NATAL;925778;1013;Material;925778-11/2026;Materiais para manutenção;Catálogo do Compras.gov.br;Material;5670;COMPONENTES PRÉ-FABRICADOS PARA CONSTRUÇÃO;12820;TORNEIRA;412726;DIÂMETRO: 3/4, MATERIAL CORPO: PVC, TIPO: BÓIA CAIXA-D'ÁGUA;UN;10,0000;25,0000;250,0000;0,0000;31/12/2026
ERN - HOSPITAL DR JOSÉ PEDRO BEZERRA DE NATAL;925778;1014;Material;925778-11/2026;Materiais para manutenção;Catálogo do Compras.gov.br;Material;5670;COMPONENTES PRÉ-FABRICADOS PARA CONSTRUÇÃO;12820;TORNEIRA;348021;APLICAÇÃO: JARDIM, DIÂMETRO: 1/2, MATERIAL CORPO: PVC, TIPO: CURTA;UN;50,0000;15,0000;750,0000;0,0000;31/12/2026
ERN - HOSPITAL DR JOSÉ PEDRO BEZERRA DE NATAL;925778;1015;Material;925778-11/2026;Materiais para manutenção;Catálogo do Compras.gov.br;Material;6515;INSTRUMENTOS, EQUIPAMENTOS E SUPRIMENTOS MÉDICOS  E  CIRÚRGICOS;10354;PAPEL PARA IMPRESSÃO DE EXAMES - USO HOSPITALAR;454803;APLICAÇÃO*: P/ CARDIOTOCÓGRAFO, APRESENTAÇÃO: FORMULÁRIO CONTÍNUO, DOBRA EM "Z", COMPATIBILIDADE: COMPATIBILIDADE C/ EQUIPAMENTO, DIMENSÕES: CERCA 150 X 90, MATERIAL: TERMOSENSÍVEL;UN;360,0000;35,0000;12600,0000;0,0000;31/12/2026
ERN - HOSPITAL DR JOSÉ PEDRO BEZERRA DE NATAL;925778;1016;Material;925778-10/2026;acessórios;Catálogo do Compras.gov.br;Material;5935;CONECTORES ELÉTRICOS;484;TOMADA;618467;APLICAÇÃO: INSTALAÇÃO ELÉTRICA, COR CORPO: BRANCA, CORRENTE NOMINAL: 20, FORMATO CONTATO: 2P + T, MODELO: DUPLA, TENSÃO NOMINAL: 250;UN;24,0000;195,0000;4680,0000;0,0000;31/12/2026
ERN - HOSPITAL DR JOSÉ PEDRO BEZERRA DE NATAL;925778;1017;Material;925778-10/2026;acessórios;Catálogo do Compras.gov.br;Material;5935;CONECTORES ELÉTRICOS;484;TOMADA;614591;CARACTERÍSTICAS ADICIONAIS: COM PRENSA CABO PLÁSTICO, CORRENTE NOMINAL: 10, FORMATO CONTATO: 2P + T, MATERIAL: PVC - CLORETO DE POLIVINILA, MODELO: PLUGUE, NORMAS TÉCNICAS: NBR 14136, REFERÊNCIA: PIAL 615833, TENSÃO NOMINAL: 250, TIPO: MACHO;UN;24,0000;132,5000;3180,0000;0,0000;31/12/2026
ERN - HOSPITAL DR JOSÉ PEDRO BEZERRA DE NATAL;925778;1018;Material;925778-10/2026;acessórios;Catálogo do Compras.gov.br;Material;4810;VÁLVULAS ACIONADAS POR FORÇA MOTRIZ;30261;VÁLVULA REGULADORA PARA GASES MEDICINAIS;621810;COMPATIBILIDADE: P/ CILINDRO, COMPONENTE: C/ 2 MANÔMETROS, MATERIAL: LATÃO CROMADO E POLÍMERO, MODELO: VÁLVULA REGULADORA DE PRESSÃO, TIPO DE GÁS: P/ GÁS CARBÔNICO;UN;36,0000;382,9900;13787,6400;0,0000;31/12/2026
ERN - HOSPITAL DR JOSÉ PEDRO BEZERRA DE NATAL;925778;1019;Material;925778-10/2026;acessórios;Catálogo do Compras.gov.br;Material;7060;PEÇAS E ACESSÓRIOS PARA COMPUTADORES;6669;MONITOR COMPUTADOR;619127;AJUSTE: COM REGULAGEM DE ALTURA, ALIMENTAÇÃO: BIVOLT, FORMATO TELA: WIDESCREEN, GARANTIA ON SITE: SUPERIOR A 36, INTERATIVIDADE DA TELA: SEM INTERATIVIDADE, QUALIDADE DE IMAGEM: FULL HD, TAMANHO TELA: ATÉ 22, TIPO DE TELA: LED;UN;50,0000;2500,0000;125000,0000;0,0000;31/12/2026
ERN - HOSPITAL DR JOSÉ PEDRO BEZERRA DE NATAL;925778;1020;Material;925778-10/2026;acessórios;Catálogo do Compras.gov.br;Material;7060;PEÇAS E ACESSÓRIOS PARA COMPUTADORES;6669;MONITOR COMPUTADOR;485769;AJUSTE: COM REGULAGEM DE ALTURA, ALIMENTAÇÃO: BIVOLT, FORMATO TELA: WIDESCREEN, GARANTIA ON SITE: SUPERIOR A 36, INTERATIVIDADE DA TELA: SEM INTERATIVIDADE, QUALIDADE DE IMAGEM: HD, TAMANHO TELA: 23 A 30, TIPO DE TELA: LED;UN;50,0000;2500,0000;125000,0000;0,0000;31/12/2026
ERN - HOSPITAL DR JOSÉ PEDRO BEZERRA DE NATAL;925778;1021;Material;925778-10/2026;acessórios;Catálogo do Compras.gov.br;Material;7060;PEÇAS E ACESSÓRIOS PARA COMPUTADORES;6669;MONITOR COMPUTADOR;460039;AJUSTE: AJUSTE DE ROTAÇÃO, ALTURA E INCLINAÇÃO DO DISPLAY, ALIMENTAÇÃO: BIVOLT, FORMATO TELA: WIDESCREEN, GARANTIA ON SITE: SUPERIOR A 36, INTERATIVIDADE DA TELA: SEM INTERATIVIDADE, QUALIDADE DE IMAGEM: FULL HD, TAMANHO TELA: 23 A 30, TIPO DE TELA: LED;UN;50,0000;2500,0000;125000,0000;0,0000;31/12/2026
ERN - HOSPITAL DR JOSÉ PEDRO BEZERRA DE NATAL;925778;1022;Material;925778-9/2026;material permanente;Catálogo do Compras.gov.br;Material;5440;EQUIPAMENTOS PARA MONTAGEM DE ANDAIME E FORMAS DE CONCRETO;6885;ESCADA;614170;CARACTERÍSTICAS ADICIONAIS: ANTIDERRAPANTE, CORRIMÃO, PATAMAR COM GUARDA COPO, MATERIAL: ALUMÍNIO, QUANTIDADE DEGRAUS: 17, TIPO: TREPADEIRA;UN;4,0000;683,7300;2734,9200;0,0000;30/12/2026
ERN - HOSPITAL DR JOSÉ PEDRO BEZERRA DE NATAL;925778;1023;Material;925778-9/2026;material permanente;Catálogo do Compras.gov.br;Material;5440;EQUIPAMENTOS PARA MONTAGEM DE ANDAIME E FORMAS DE CONCRETO;6885;ESCADA;619440;ALTURA: 3,15, CAPACIDADE: 150, CARACTERÍSTICAS ADICIONAIS: PÉS ANTIDERRAPANTES, TRAVA DE SEGURANÇA, MATERIAL: ALUMÍNIO, QUANTIDADE DEGRAUS: 10, TIPO: TELESCÓPICA;UN;4,0000;810,0000;3240,0000;0,0000;30/12/2026
ERN - HOSPITAL DR JOSÉ PEDRO BEZERRA DE NATAL;925778;1024;Material;925778-9/2026;material permanente;Catálogo do Compras.gov.br;Material;5440;EQUIPAMENTOS PARA MONTAGEM DE ANDAIME E FORMAS DE CONCRETO;6885;ESCADA;262686;CARACTERÍSTICAS ADICIONAIS: CALÇO DE BORRACHA NOS PÉS, ABRE FORMA DE CAVALETE, MATERIAL: ALUMÍNIO, QUANTIDADE DEGRAUS: 13, TIPO: DUPLA;UN;4,0000;683,7300;2734,9200;0,0000;30/12/2026
ERN - HOSPITAL DR JOSÉ PEDRO BEZERRA DE NATAL;925778;1025;Material;925778-9/2026;material permanente;Catálogo do Compras.gov.br;Material;5440;EQUIPAMENTOS PARA MONTAGEM DE ANDAIME E FORMAS DE CONCRETO;6885;ESCADA;451542;ALTURA: 3, CARACTERÍSTICAS ADICIONAIS: ANTIDERRAPANTE, COM RODÍZIOS, CORRIMÃO EM ALUMÍNIO, MATERIAL: ALUMÍNIO, QUANTIDADE DEGRAUS: 11, TIPO: TREPADEIRA;UN;4,0000;640,6100;2562,4400;0,0000;30/12/2026
ERN - HOSPITAL DR JOSÉ PEDRO BEZERRA DE NATAL;925778;1026;Material;925778-9/2026;material permanente;Catálogo do Compras.gov.br;Material;5440;EQUIPAMENTOS PARA MONTAGEM DE ANDAIME E FORMAS DE CONCRETO;6885;ESCADA;395394;CARACTERÍSTICAS ADICIONAIS: PÉS EMBORRACHADOS ANTIDERRAPANTES/TRAVAMENTO AUTO-, MATERIAL: ALUMÍNIO, QUANTIDADE DEGRAUS: 8, TIPO: ARTICULADA;UN;4,0000;819,9000;3279,6000;0,0000;30/12/2026
ERN - HOSPITAL DR JOSÉ PEDRO BEZERRA DE NATAL;925778;1027;Material;925778-9/2026;material permanente;Catálogo do Compras.gov.br;Material;6515;INSTRUMENTOS, EQUIPAMENTOS E SUPRIMENTOS MÉDICOS  E  CIRÚRGICOS;8127;GUIA P/ INTUBAÇÃO TRAQUEAL;452988;ESTERILIDADE*: ESTÉRIL, DESCARTÁVEL, MATERIAL HASTE: POLÍMERO, MODELO: TIPO BOUGIE, TAMANHO*: ADULTO;UN;3,0000;12,0000;36,0000;0,0000;30/12/2026
ERN - HOSPITAL DR JOSÉ PEDRO BEZERRA DE NATAL;925778;1028;Material;925778-9/2026;material permanente;Catálogo do Compras.gov.br;Material;6515;INSTRUMENTOS, EQUIPAMENTOS E SUPRIMENTOS MÉDICOS  E  CIRÚRGICOS;2205;TELA CIRÚRGICA;435030;APLICAÇÃO: NÃO ABSORVÍVEL, DIMENSÕES: CERCA DE 30 X 30, ESTERILIDADE: ESTÉRIL, MATERIAL: MONOFILAMENTO DE POLIPROPILENO, MODELO: IMPLANTÁVEL, TIPO USO: USO ÚNICO;UN;10,0000;34,0000;340,0000;0,0000;30/12/2026
ERN - HOSPITAL DR JOSÉ PEDRO BEZERRA DE NATAL;925778;1029;Material;925778-9/2026;material permanente;Catálogo do Compras.gov.br;Material;6515;INSTRUMENTOS, EQUIPAMENTOS E SUPRIMENTOS MÉDICOS  E  CIRÚRGICOS;8609;LAÇO DE CAPTURA;427456;APLICAÇÃO: RETIRADA CORPO ESTRANHO, CARACTERÍSTICAS: ELÁSTICO, FLEXÍVEL, RESISTENTE A DOBRAS E TORÇÕES, COMPRIMENTO: 65, DIÂMETRO: 25, ESTERILIDADE: ESTÉRIL, USO ÚNICO, MATERIAL: TUNGSTÊNIO E OURO, TIPO: TIPO LAÇO 90°, USO: USO C/ CATETER 6FR, CERCA DE 50CM;UN;10,0000;925,4829;9254,8290;0,0000;30/12/2026
ERN - HOSPITAL DR JOSÉ PEDRO BEZERRA DE NATAL;925778;1030;Material;925778-9/2026;material permanente;Catálogo do Compras.gov.br;Material;6515;INSTRUMENTOS, EQUIPAMENTOS E SUPRIMENTOS MÉDICOS  E  CIRÚRGICOS;2639;SONDA TRATO URINÁRIO;436008;CALIBRE: 10, COMPONENTES: C/ ORIFÍCIOS LATERAIS, CONECTOR: CONECTORES PADRÃO, EMBALAGEM: EMBALAGEM INDIVIDUAL, ESTERILIDADE: ESTÉRIL, DESCARTÁVEL, MATERIAL: BORRACHA, MODELO: FOLEY, TIPO PONTA: PONTA DISTAL CILÍNDRICA FECHADA, VIAS: 2 VIAS, VOLUME: C/ BALÃO CERCA 30;UN;20,0000;1,7200;34,4000;0,0000;30/12/2026
ERN - HOSPITAL DR JOSÉ PEDRO BEZERRA DE NATAL;925778;1031;Material;925778-9/2026;material permanente;Catálogo do Compras.gov.br;Material;6545;JOGOS E CONJUNTOS MÉDICOS;5728;CÂNULA DE TRAQUEOSTOMIA;483955;ACESSÓRIOS 02: CONECTOR UNIVERSAL, CARACTERÍSTICAS ADICIONAIS*: SUPERFÍCIE LISA PONTA ARREDONDADA, COMPONENTES*: SEM BALÃO, DIÂMETRO: CERCA DE 2,5, EMBALAGEM: EMBALAGEM INDIVIDUAL, ESTERELIDADE: ESTÉRIL, DESCARTÁVEL, MATERIAL*: SILICONE, TIPO: RADIOPACO;UN;5,0000;22,2700;111,3500;0,0000;30/12/2026
ERN - HOSPITAL DR JOSÉ PEDRO BEZERRA DE NATAL;925778;1032;Material;925778-9/2026;material permanente;Catálogo do Compras.gov.br;Material;6515;INSTRUMENTOS, EQUIPAMENTOS E SUPRIMENTOS MÉDICOS  E  CIRÚRGICOS;30040;FIO DE SUTURA AGULHADO;487416;APRESENTAÇÃO: EMBALAGEM INDIVIDUAL, COMPRIMENTO AGULHA: CERCA DE 20, COMPRIMENTO FIO: CERCA DE 45, DIÂMETRO FIO: 5-0, ESTERILIDADE: ESTÉRIL, MATERIAL FIO: NYLON / POLIAMIDA PRETO, MODELO AGULHA: CORTANTE REVERSA / INVERTIDA, MODELO FIO: MONOFILAMENTAR, TIPO AGULHA: AGULHA 3/8 CÍRCULO;UN;48,0000;1,3900;66,7200;0,0000;30/12/2026
ERN - HOSPITAL DR JOSÉ PEDRO BEZERRA DE NATAL;925778;1033;Material;925778-9/2026;material permanente;Catálogo do Compras.gov.br;Material;6532;VESTUÁRIO HOSPITALAR E CIRÚRGICO E ITENS CORRELATOS DE  FINALIDADES ESPECIAIS;30183;FRALDA DESCARTÁVEL;616018;CARACTERÍSTICA ADICIONAL: P/ FLUXO INTENSO / NOTURNO, BARREIRA ANTIVAZAMENTO, MATERIAL: TELA POLÍMERICA E NÚCLEO ABSORVENTE, REVESTIMENTO EXTERNO: IMPERMEÁVEL, TAMANHO: ADULTO GRANDE, TIPO FIXAÇÃO: TIRAS AJUSTÁVEIS E REPOSICIONÁVEIS;UN;3500,0000;1,2200;4270,0000;0,0000;30/12/2026
ERN - HOSPITAL DR JOSÉ PEDRO BEZERRA DE NATAL;925778;1034;Material;925778-9/2026;material permanente;Catálogo do Compras.gov.br;Material;6515;INSTRUMENTOS, EQUIPAMENTOS E SUPRIMENTOS MÉDICOS  E  CIRÚRGICOS;18229;SONDA TRATO DIGESTIVO;435900;ADICIONAIS: RADIOPACA, APLICAÇÃO: NASOENTERAL, CALIBRE: Nº 8, COMPONENTES: PONTA DISTAL FECHADA, C/ ORIFÍCIOS LATERAIS, COMPRIMENTO: CERCA 100, CONECTOR: CONECTOR EM Y C/ TAMPA, EMBALAGEM: EMBALAGEM INDIVIDUAL, ESTERILIDADE: ESTÉRIL, DESCARTÁVEL, GRADUAÇÃO: GRADUADA, MATERIAL: SILICONE, OUTROS COMPONENTES: C/ FIO GUIA, PESO METÁLICO;UN;30,0000;7,6500;229,5000;0,0000;30/12/2026
ERN - HOSPITAL DR JOSÉ PEDRO BEZERRA DE NATAL;925778;1035;Material;925778-9/2026;material permanente;Catálogo do Compras.gov.br;Material;6515;INSTRUMENTOS, EQUIPAMENTOS E SUPRIMENTOS MÉDICOS  E  CIRÚRGICOS;30135;EQUIPO P/ BOMBA DE INFUSÃO;620775;ADICIONAL: C/ CLAMP, COMPATIBILIDADE: C/ EQUIPAMENTO, COMPRIMENTO TOTAL DO TUBO: ACIMA DE 181 CM, CONECTOR PACIENTE: LUER, CONECTOR SOLUÇÃO: PONTA PERFURANTE, CÂMARA GOTEJAMENTO: MACROGOTAS, FLEXÍVEL, C/ RESPIRO E FILTRO, ESTERILIDADE: ESTÉRIL, USO ÚNICO, MATERIAL: PVC TRANSPARENTE, SEM DEHP, MATERIAL ADICIONAL: COM SEGMENTO DE SILICONE, REGULADOR DE FLUXO MANUAL: PINÇA ROLETE, TIPO EMBALAGEM: INDIVIDUAL, TIPO INJETOR LATERAL: C/ 1 INJETOR, AUTOCICATRIZANTE;UN;900,0000;15,0000;13500,0000;0,0000;30/12/2026
ERN - HOSPITAL DR JOSÉ PEDRO BEZERRA DE NATAL;925778;1036;Material;925778-9/2026;material permanente;Catálogo do Compras.gov.br;Material;6515;INSTRUMENTOS, EQUIPAMENTOS E SUPRIMENTOS MÉDICOS  E  CIRÚRGICOS;18229;SONDA TRATO DIGESTIVO;435905;APLICAÇÃO: ORO OU NASOGÁSTRICA, CALIBRE: Nº 4, COMPONENTES: PONTA DISTAL FECHADA, C/ ORIFÍCIOS LATERAIS, COMPRIMENTO: CERCA 50, CONECTOR: CONECTOR PADRÃO C/ TAMPA, EMBALAGEM: EMBALAGEM INDIVIDUAL, ESTERILIDADE: ESTÉRIL, DESCARTÁVEL, MATERIAL: PVC, MODELO: LEVINE, TAMANHO: CURTA;UN;30,0000;0,5400;16,2000;0,0000;30/12/2026
ERN - HOSPITAL DR JOSÉ PEDRO BEZERRA DE NATAL;925778;1037;Material;925778-9/2026;material permanente;Catálogo do Compras.gov.br;Material;6532;VESTUÁRIO HOSPITALAR E CIRÚRGICO E ITENS CORRELATOS DE  FINALIDADES ESPECIAIS;30247;LUVA P/ PROCEDIMENTO DE SAÚDE NÃO CIRÚRGICO C/ ANVISA;619841;COR: C/ COR, ESTERILIDADE: NÃO ESTÉRIL, USO ÚNICO, FORMATO: AMBIDESTRA, MATERIAL: BORRACHA NATURAL - LÁTEX, PÓ: COM PÓ BIOABSORVÍVEL, SUPERFÍCIE: SUPERFÍCIE LISA, TAMANHO: MÉDIO - M;UN;120000,0000;0,3400;40800,0000;0,0000;30/12/2026
ERN - HOSPITAL DR JOSÉ PEDRO BEZERRA DE NATAL;925778;1038;Material;925778-9/2026;material permanente;Catálogo do Compras.gov.br;Material;6515;INSTRUMENTOS, EQUIPAMENTOS E SUPRIMENTOS MÉDICOS  E  CIRÚRGICOS;19947;FIXADOR P/ DISPOSITIVO MÉDICO;481526;APLICAÇÃO: P/ TUBO ENDOTRAQUEAL, CARACTERÍSTICA: 2 BANDAS ACOLCHOADAS, COMPONENTE: C/ VELCRO AJUSTÁVEL, EMBALAGEM: EMBALAGEM INDIVIDUAL, MATERIAL: TIRA ALGODÃO, TAMANHO: ADULTO, TIPO USO: USO ÚNICO;UN;400,0000;8,4500;3380,0000;0,0000;30/12/2026
ERN - HOSPITAL DR JOSÉ PEDRO BEZERRA DE NATAL;925778;1039;Material;925778-9/2026;material permanente;Catálogo do Compras.gov.br;Material;6515;INSTRUMENTOS, EQUIPAMENTOS E SUPRIMENTOS MÉDICOS  E  CIRÚRGICOS;2224;TUBO ENDOTRAQUEAL;451316;CALIBRE: 5,0, COMPONENTE 1: BALÃO ALTO VOLUME E BAIXA PRESSÃO, COMPONENTE 2: RADIOPACO, GRADUADO, ESTERILIDADE: ESTÉRIL, USO ÚNICO, MATERIAL: PVC SILICONIZADO, MODELO: CURVA MAGILL, TIPO CONECTOR: CONECTOR PADRÃO, TIPO PONTA: C/ PONTA DISTAL ATRAUMÁTICA E ORIFÍCIO MURPHY;UN;10,0000;3,0700;30,7000;0,0000;30/12/2026
ERN - HOSPITAL DR JOSÉ PEDRO BEZERRA DE NATAL;925778;1040;Material;925778-9/2026;material permanente;Catálogo do Compras.gov.br;Material;6515;INSTRUMENTOS, EQUIPAMENTOS E SUPRIMENTOS MÉDICOS  E  CIRÚRGICOS;2639;SONDA TRATO URINÁRIO;436004;CALIBRE: 22, COMPONENTES: C/ ORIFÍCIOS LATERAIS, CONECTOR: CONECTORES PADRÃO, EMBALAGEM: EMBALAGEM INDIVIDUAL, ESTERILIDADE: ESTÉRIL, DESCARTÁVEL, MATERIAL: BORRACHA, MODELO: FOLEY, TIPO PONTA: PONTA DISTAL CILÍNDRICA FECHADA, VIAS: 2 VIAS, VOLUME: C/ BALÃO CERCA 30;UN;10,0000;1,7200;17,2000;0,0000;30/12/2026
ERN - HOSPITAL DR JOSÉ PEDRO BEZERRA DE NATAL;925778;1041;Material;925778-9/2026;material permanente;Catálogo do Compras.gov.br;Material;6515;INSTRUMENTOS, EQUIPAMENTOS E SUPRIMENTOS MÉDICOS  E  CIRÚRGICOS;30040;FIO DE SUTURA AGULHADO;487629;APRESENTAÇÃO: EMBALAGEM INDIVIDUAL, COMPRIMENTO AGULHA: CERCA DE 30, COMPRIMENTO FIO: CERCA DE 70, DIÂMETRO FIO: 0 / 1-0, ESTERILIDADE: ESTÉRIL, MATERIAL FIO: POLIÉSTER C/ ALGODÃO AZUL, MODELO AGULHA: CILÍNDRICA, MODELO FIO: MULTIFILAMENTAR, TIPO AGULHA: AGULHA 3/8 CÍRCULO;UN;84,0000;2,2000;184,8000;0,0000;30/12/2026
ERN - HOSPITAL DR JOSÉ PEDRO BEZERRA DE NATAL;925778;1042;Material;925778-9/2026;material permanente;Catálogo do Compras.gov.br;Material;6515;INSTRUMENTOS, EQUIPAMENTOS E SUPRIMENTOS MÉDICOS  E  CIRÚRGICOS;8203;DRENO CIRÚRGICO;438496;CALIBRE: 10, COMPONENTE II: RADIOPACO, COMPRIMENTO: CERCA DE 50, CONECTOR UNIVERSAL: C/ CONECTOR, EMBALAGEM: EMBALAGEM INDIVIDUAL, MATERIAL: SILICONE, MODELO: TORÁCICO, TIPO USO: ESTÉRIL, DESCARTÁVEL;UN;20,0000;36,6700;733,4000;0,0000;30/12/2026
ERN - HOSPITAL DR JOSÉ PEDRO BEZERRA DE NATAL;925778;1043;Material;925778-9/2026;material permanente;Catálogo do Compras.gov.br;Material;6515;INSTRUMENTOS, EQUIPAMENTOS E SUPRIMENTOS MÉDICOS  E  CIRÚRGICOS;4302;EXTENSOR INFUSÃO VASCULAR;459685;CALIBRE: CERCA 12, COMPONENTE ADICIONAL: C/ CLAMP, COMPRIMENTO: CERCA 20, MATERIAL: POLÍMERO, PRESSÃO MÁXIMA: ATÉ CERCA DE 100, TIPO CONEXÃO: LUER LOCK / SLIP, TIPO USO: ESTÉRIL, USO ÚNICO, VIAS: 2 VIAS;UN;3000,0000;0,6900;2070,0000;0,0000;30/12/2026
ERN - HOSPITAL DR JOSÉ PEDRO BEZERRA DE NATAL;925778;1044;Material;925778-9/2026;material permanente;Catálogo do Compras.gov.br;Material;6515;INSTRUMENTOS, EQUIPAMENTOS E SUPRIMENTOS MÉDICOS  E  CIRÚRGICOS;19920;FILTRO TERAPIA RESPIRATÓRIA;479620;APLICAÇÃO: P/ CIRCUITO RESPIRATÓRIO, COMPONENTE: CONEXÕES PADRÃO C/ VIA P/ CAPNOGRAFIA, COMPONENTE ADICIONAL: C/ TRAQUÉIA CORRUGADA, ESTERILIDADE: ESTÉRIL, MODELO: HMEF, TAMANHO: ADULTO, TIPO: TROCA CALOR E UMIDADE C/ BARREIRA MICROBIOLÓGICA, TIPO MEMBRANA: HIDRÓFOBICO E HIGROSCÓPICO;UN;100,0000;6,2500;625,0000;0,0000;30/12/2026
ERN - HOSPITAL DR JOSÉ PEDRO BEZERRA DE NATAL;925778;1045;Material;925778-9/2026;material permanente;Catálogo do Compras.gov.br;Material;6515;INSTRUMENTOS, EQUIPAMENTOS E SUPRIMENTOS MÉDICOS  E  CIRÚRGICOS;2178;AGULHA ANESTÉSICA;389953;APLICAÇÃO: P/ RAQUIDIANA, CARACTERÍSTICA ADICIONAL: P/ OBESOS, COMPONENTE: C/ MANDRIL AJUSTADO, CONECTOR UNIVERSAL: CONECTOR LUER LOCK, C/ VISOR TRANSPARENTE, DIMENSÃO: 27 G X 4 3/4", ESTERILIDADE: ESTÉRIL, MATERIAL: AÇO INOXIDÁVEL, TIPO PONTA: PONTA QUINCKE, TIPO USO: DESCARTÁVEL;UN;100,0000;12,0000;1200,0000;0,0000;30/12/2026
ERN - HOSPITAL DR JOSÉ PEDRO BEZERRA DE NATAL;925778;1046;Material;925778-9/2026;material permanente;Catálogo do Compras.gov.br;Material;6515;INSTRUMENTOS, EQUIPAMENTOS E SUPRIMENTOS MÉDICOS  E  CIRÚRGICOS;14736;CATETER ASPIRAÇÃO TRAQUEAL;279765;CARACTERÍSTICAS ADICIONAIS: PONTA ATRAUMÁTICA, ORIFÍCIOS DISTAIS LATERALIZADOS, ESPESSURA: Nº 10, MATERIAL: PVC ATÓXICO FLEXÍVEL, TIPO EMBALAGEM: ESTÉRIL, EMBALAGEM INDIVIDUAL, TIPO USO: DESCARTÁVEL;UN;150,0000;0,5500;82,5000;0,0000;30/12/2026
ERN - HOSPITAL DR JOSÉ PEDRO BEZERRA DE NATAL;925778;1047;Material;925778-9/2026;material permanente;Catálogo do Compras.gov.br;Material;6545;JOGOS E CONJUNTOS MÉDICOS;5728;CÂNULA DE TRAQUEOSTOMIA;615901;ACESSÓRIOS: C/ FITA P/ FIXAÇÃO, ACESSÓRIOS 02: CONECTOR UNIVERSAL, CARACTERÍSTICAS ADICIONAIS*: C/ ASA DE FIXAÇÃO LATERAL FLEXÍVEL, COMPONENTES*: BALÃO DE ALTO VOLUME E BAIXA PRESSÃO, DIÂMETRO: CERCA DE 3,0, EMBALAGEM: EMBALAGEM INDIVIDUAL, ESTERELIDADE: ESTÉRIL, DESCARTÁVEL, MATERIAL*: PVC, TIPO: RADIOPACO;UN;5,0000;23,9000;119,5000;0,0000;30/12/2026
ERN - HOSPITAL DR JOSÉ PEDRO BEZERRA DE NATAL;925778;1048;Material;925778-9/2026;material permanente;Catálogo do Compras.gov.br;Material;6515;INSTRUMENTOS, EQUIPAMENTOS E SUPRIMENTOS MÉDICOS  E  CIRÚRGICOS;2224;TUBO ENDOTRAQUEAL;451281;CALIBRE: 3,0, COMPONENTE 2: RADIOPACO, GRADUADO, ESTERILIDADE: ESTÉRIL, USO ÚNICO, MATERIAL: PVC SILICONIZADO, MODELO: CURVA MAGILL, TIPO CONECTOR: CONECTOR PADRÃO, TIPO PONTA: C/ PONTA DISTAL ATRAUMÁTICA E ORIFÍCIO MURPHY;UN;60,0000;3,2100;192,6000;0,0000;30/12/2026
ERN - HOSPITAL DR JOSÉ PEDRO BEZERRA DE NATAL;925778;1049;Material;925778-9/2026;material permanente;Catálogo do Compras.gov.br;Material;6515;INSTRUMENTOS, EQUIPAMENTOS E SUPRIMENTOS MÉDICOS  E  CIRÚRGICOS;4169;BOLSA COLETORA DE HEMODERIVADOS;422499;APLICAÇÃO: PARA BIOPROCESSAMENTO, CAPACIDADE: 2000, COMPOSIÇÃO: 3 VIAS, C/ CONECTORES, ESTERILIDADE: ESTÉRIL,ATÓXICA,APIROGÊNICA, MATERIAL: EVA, OUTROS COMPONENTES: FILTRO, SENSORES;UN;100,0000;79,0000;7900,0000;0,0000;30/12/2026
ERN - HOSPITAL DR JOSÉ PEDRO BEZERRA DE NATAL;925778;1050;Material;925778-9/2026;material permanente;Catálogo do Compras.gov.br;Material;6545;JOGOS E CONJUNTOS MÉDICOS;5728;CÂNULA DE TRAQUEOSTOMIA;428136;ACESSÓRIOS 02: CONECTOR UNIVERSAL, CARACTERÍSTICAS ADICIONAIS*: SUPERFÍCIE LISA PONTA ARREDONDADA, DIÂMETRO: CERCA DE 5,0, EMBALAGEM: EMBALAGEM INDIVIDUAL, ESTERELIDADE: ESTÉRIL, DESCARTÁVEL, MATERIAL*: POLÍMERO, TIPO: RADIOPACO;UN;1,0000;16,5000;16,5000;0,0000;30/12/2026
ERN - HOSPITAL DR JOSÉ PEDRO BEZERRA DE NATAL;925778;1051;Material;925778-9/2026;material permanente;Catálogo do Compras.gov.br;Material;6515;INSTRUMENTOS, EQUIPAMENTOS E SUPRIMENTOS MÉDICOS  E  CIRÚRGICOS;5359;BOLSA COLETORA DE URINA SISTEMA FECHADO;426378;CAPACIDADE*: BURETA DE 150, CARACTERÍSTICAS ADICIONAIS*: BOLSA RESERVATÓRIO DE 400ML, COMPONENTES: C/ EXTENSOR EM PVC, TORNEIRA 3 VIAS, ESTERILIDADE*: ESTÉRIL, DESCARTÁVEL, GRADUAÇÃO: GRADUADA, MATERIAL*: CONJUNTO C/ SONDA URETRAL 4FR, MODELO: NEONATAL, TIPO*: SISTEMA FECHADO, VÁLVULA: VÁLVULA ANTI-REFLUXO;UN;150,0000;6,0000;900,0000;0,0000;30/12/2026
ERN - HOSPITAL DR JOSÉ PEDRO BEZERRA DE NATAL;925778;1052;Material;925778-9/2026;material permanente;Catálogo do Compras.gov.br;Material;6515;INSTRUMENTOS, EQUIPAMENTOS E SUPRIMENTOS MÉDICOS  E  CIRÚRGICOS;2639;SONDA TRATO URINÁRIO;436011;CALIBRE: 14, COMPONENTES: C/ ORIFÍCIOS LATERAIS, CONECTOR: CONECTORES PADRÃO, EMBALAGEM: EMBALAGEM INDIVIDUAL, ESTERILIDADE: ESTÉRIL, DESCARTÁVEL, MATERIAL: BORRACHA, MODELO: FOLEY, TIPO PONTA: PONTA DISTAL CILÍNDRICA FECHADA, VIAS: 3 VIAS, VOLUME: C/ BALÃO CERCA 30;UN;300,0000;1,7200;516,0000;0,0000;30/12/2026
ERN - HOSPITAL DR JOSÉ PEDRO BEZERRA DE NATAL;925778;1053;Material;925778-9/2026;material permanente;Catálogo do Compras.gov.br;Material;6515;INSTRUMENTOS, EQUIPAMENTOS E SUPRIMENTOS MÉDICOS  E  CIRÚRGICOS;2178;AGULHA ANESTÉSICA;615496;APLICAÇÃO: P/ PERIDURAL, COMPONENTE: C/ MANDRIL AJUSTADO, COMPONENTE II: C/ ALETAS, CONECTOR UNIVERSAL: CONECTOR LUER LOCK TRANSPARENTE, DIMENSÃO: 18 G X 3 1/4", ESTERILIDADE: ESTÉRIL, MATERIAL: AÇO INOXIDÁVEL, CENTIMETRADA, TIPO PONTA: PONTA CURVA TUOHY, TIPO USO: DESCARTÁVEL;UN;50,0000;5,2000;260,0000;0,0000;30/12/2026
ERN - HOSPITAL DR JOSÉ PEDRO BEZERRA DE NATAL;925778;1054;Material;925778-9/2026;material permanente;Catálogo do Compras.gov.br;Material;6515;INSTRUMENTOS, EQUIPAMENTOS E SUPRIMENTOS MÉDICOS  E  CIRÚRGICOS;18229;SONDA TRATO DIGESTIVO;463621;APLICAÇÃO: P/ GASTROSTOMIA, CALIBRE: 16, COMPONENTES: SISTEMA PARA FIXAÇÃO, CONECTOR: CONECTOR PADRÃO C/ TAMPA, EMBALAGEM: EMBALAGEM INDIVIDUAL, ESTERILIDADE: ESTÉRIL, DESCARTÁVEL, MATERIAL: SILICONE, MODELO: DE TROCA, OUTROS COMPONENTES: DISTAL - INTRA GÁSTRICA E PERIOSTOMAL, VIAS: 3 VIAS;UN;10,0000;44,6000;446,0000;0,0000;30/12/2026
ERN - HOSPITAL DR JOSÉ PEDRO BEZERRA DE NATAL;925778;1055;Material;925778-9/2026;material permanente;Catálogo do Compras.gov.br;Material;6532;VESTUÁRIO HOSPITALAR E CIRÚRGICO E ITENS CORRELATOS DE  FINALIDADES ESPECIAIS;30183;FRALDA DESCARTÁVEL;616006;CARACTERÍSTICA ADICIONAL: P/ FLUXO INTENSO / NOTURNO, BARREIRA ANTIVAZAMENTO, MATERIAL: TELA POLÍMERICA E NÚCLEO ABSORVENTE, REVESTIMENTO EXTERNO: IMPERMEÁVEL, TAMANHO: INFANTIL PEQUENO, TIPO FIXAÇÃO: TIRAS AJUSTÁVEIS E REPOSICIONÁVEIS;UN;2500,0000;0,4000;1000,0000;0,0000;30/12/2026
ERN - HOSPITAL DR JOSÉ PEDRO BEZERRA DE NATAL;925778;1056;Material;925778-9/2026;material permanente;Catálogo do Compras.gov.br;Material;6515;INSTRUMENTOS, EQUIPAMENTOS E SUPRIMENTOS MÉDICOS  E  CIRÚRGICOS;2639;SONDA TRATO URINÁRIO;452538;CALIBRE: 4, COMPONENTES: C/ ORIFÍCIOS LATERAIS, COMPRIMENTO: CERCA 20, CONECTOR: CONECTOR PADRÃO C/ TAMPA, EMBALAGEM: EMBALAGEM INDIVIDUAL, ESTERILIDADE: ESTÉRIL, DESCARTÁVEL, MATERIAL: PVC, MODELO: URETRAL, TIPO PONTA: PONTA DISTAL CILÍNDRICA FECHADA;UN;130,0000;0,5000;65,0000;0,0000;30/12/2026
ERN - HOSPITAL DR JOSÉ PEDRO BEZERRA DE NATAL;925778;1057;Material;925778-9/2026;material permanente;Catálogo do Compras.gov.br;Material;6515;INSTRUMENTOS, EQUIPAMENTOS E SUPRIMENTOS MÉDICOS  E  CIRÚRGICOS;19920;FILTRO TERAPIA RESPIRATÓRIA;479624;APLICAÇÃO: P/ TRAQUEOSTOMIA, COMPONENTE: CONEXÃO OXIGÊNIO, ESTERILIDADE: USO ÚNICO, MODELO: HME, TAMANHO: ADULTO, TIPO: TROCA CALOR E UMIDADE, TIPO MEMBRANA: HIGROSCÓPICO;UN;100,0000;8,5800;858,0000;0,0000;30/12/2026
ERN - HOSPITAL DR JOSÉ PEDRO BEZERRA DE NATAL;925778;1058;Material;925778-9/2026;material permanente;Catálogo do Compras.gov.br;Material;6515;INSTRUMENTOS, EQUIPAMENTOS E SUPRIMENTOS MÉDICOS  E  CIRÚRGICOS;17428;SERINGA;439710;ADICIONAL: GRADUADA, NUMERADA, APRESENTAÇÃO: EMBALAGEM INDIVIDUAL, CAPACIDADE: 20, ESTERILIDADE: ESTÉRIL, DESCARTÁVEL, MATERIAL: POLIPROPILENO, TIPO AGULHA: C/ AGULHA 22 G X 1", TIPO BICO: BICO CENTRAL LUER LOCK OU SLIP, TIPO VEDAÇÃO: ÊMBOLO DE BORRACHA;UN;16000,0000;0,4200;6720,0000;0,0000;30/12/2026
ERN - HOSPITAL DR JOSÉ PEDRO BEZERRA DE NATAL;925778;1059;Material;925778-9/2026;material permanente;Catálogo do Compras.gov.br;Material;6515;INSTRUMENTOS, EQUIPAMENTOS E SUPRIMENTOS MÉDICOS  E  CIRÚRGICOS;2639;SONDA TRATO URINÁRIO;435997;CALIBRE: 18, COMPONENTES: C/ ORIFÍCIOS LATERAIS, CONECTOR: CONECTORES PADRÃO, EMBALAGEM: EMBALAGEM INDIVIDUAL, ESTERILIDADE: ESTÉRIL, DESCARTÁVEL, MATERIAL: SILICONE, MODELO: FOLEY, TIPO PONTA: PONTA DISTAL CILÍNDRICA FECHADA, VIAS: 2 VIAS, VOLUME: C/ BALÃO CERCA 5;UN;50,0000;1,7200;86,0000;0,0000;30/12/2026
ERN - HOSPITAL DR JOSÉ PEDRO BEZERRA DE NATAL;925778;1060;Material;925778-9/2026;material permanente;Catálogo do Compras.gov.br;Material;6515;INSTRUMENTOS, EQUIPAMENTOS E SUPRIMENTOS MÉDICOS  E  CIRÚRGICOS;18219;ESPAÇADOR USO MÉDICO;321787;APLICAÇÃO: COM MÁSCARA ADULTO ULTRA-FLEXÍVEL BIVALVULADA, CARACTERÍSTICAS ADICIONAIS: TRANSPARENTE,CÂMARA INQUEBRÁVEL, TIPO: ADAPTADOR UNIVERSAL PARA SPRAY AEROSSOL;UN;400,0000;22,0000;8800,0000;0,0000;30/12/2026
ERN - HOSPITAL DR JOSÉ PEDRO BEZERRA DE NATAL;925778;1061;Material;925778-9/2026;material permanente;Catálogo do Compras.gov.br;Material;6515;INSTRUMENTOS, EQUIPAMENTOS E SUPRIMENTOS MÉDICOS  E  CIRÚRGICOS;14736;CATETER ASPIRAÇÃO TRAQUEAL;279763;CARACTERÍSTICAS ADICIONAIS: PONTA ATRAUMÁTICA, ORIFÍCIOS DISTAIS LATERALIZADOS, ESPESSURA: Nº 8, MATERIAL: PVC ATÓXICO FLEXÍVEL, TIPO EMBALAGEM: ESTÉRIL, EMBALAGEM INDIVIDUAL, TIPO USO: DESCARTÁVEL;UN;1100,0000;0,5500;605,0000;0,0000;30/12/2026
ERN - HOSPITAL DR JOSÉ PEDRO BEZERRA DE NATAL;925778;1062;Material;925778-9/2026;material permanente;Catálogo do Compras.gov.br;Material;6515;INSTRUMENTOS, EQUIPAMENTOS E SUPRIMENTOS MÉDICOS  E  CIRÚRGICOS;2224;TUBO ENDOTRAQUEAL;451286;CALIBRE: 4,0, COMPONENTE 2: RADIOPACO, GRADUADO, ESTERILIDADE: ESTÉRIL, USO ÚNICO, MATERIAL: PVC SILICONIZADO, MODELO: CURVA MAGILL, TIPO CONECTOR: CONECTOR PADRÃO, TIPO PONTA: C/ PONTA DISTAL ATRAUMÁTICA E ORIFÍCIO MURPHY;UN;60,0000;2,2700;136,2000;0,0000;30/12/2026
ERN - HOSPITAL DR JOSÉ PEDRO BEZERRA DE NATAL;925778;1063;Material;925778-9/2026;material permanente;Catálogo do Compras.gov.br;Material;6515;INSTRUMENTOS, EQUIPAMENTOS E SUPRIMENTOS MÉDICOS  E  CIRÚRGICOS;14572;CÂNULA OROFARÍNGEA GUEDEL;450966;MATERIAL*: POLÍMERO, TAMANHO*: TAMANHO Nº 4;UN;2,0000;2,4900;4,9800;0,0000;30/12/2026
ERN - HOSPITAL DR JOSÉ PEDRO BEZERRA DE NATAL;925778;1064;Material;925778-9/2026;material permanente;Catálogo do Compras.gov.br;Material;6515;INSTRUMENTOS, EQUIPAMENTOS E SUPRIMENTOS MÉDICOS  E  CIRÚRGICOS;2224;TUBO ENDOTRAQUEAL;451325;CALIBRE: 6,5, COMPONENTE 1: BALÃO ALTO VOLUME E BAIXA PRESSÃO, COMPONENTE 2: RADIOPACO, GRADUADO, ESTERILIDADE: ESTÉRIL, USO ÚNICO, MATERIAL: PVC SILICONIZADO, MODELO: CURVA MAGILL, TIPO CONECTOR: CONECTOR PADRÃO, TIPO PONTA: C/ PONTA DISTAL ATRAUMÁTICA E ORIFÍCIO MURPHY;UN;10,0000;3,0700;30,7000;0,0000;30/12/2026
ERN - HOSPITAL DR JOSÉ PEDRO BEZERRA DE NATAL;925778;1065;Material;925778-9/2026;material permanente;Catálogo do Compras.gov.br;Material;6515;INSTRUMENTOS, EQUIPAMENTOS E SUPRIMENTOS MÉDICOS  E  CIRÚRGICOS;7043;HEMOSTÁTICO ABSORVÍVEL;431232;APRESENTAÇÃO: MALHA, DIMENSÕES: CERCA DE 5 X 7,5, ESTERILIDADE*: DESCARTÁVEL E ESTÉRIL, PRINCÍPIO ATIVO: CELULOSE OXIDADA REGENERADA;ENV;33,0000;58,0000;1914,0000;0,0000;30/12/2026
ERN - HOSPITAL DR JOSÉ PEDRO BEZERRA DE NATAL;925778;1066;Material;925778-9/2026;material permanente;Catálogo do Compras.gov.br;Material;6532;VESTUÁRIO HOSPITALAR E CIRÚRGICO E ITENS CORRELATOS DE  FINALIDADES ESPECIAIS;30247;LUVA P/ PROCEDIMENTO DE SAÚDE NÃO CIRÚRGICO C/ ANVISA;619851;COR: C/ COR, ESTERILIDADE: NÃO ESTÉRIL, USO ÚNICO, FORMATO: AMBIDESTRA, MATERIAL: BORRACHA NATURAL - LÁTEX, PÓ: COM PÓ BIOABSORVÍVEL, SUPERFÍCIE: SUPERFÍCIE TEXTURIZADA, TAMANHO: GRANDE - G;UN;14000,0000;0,3400;4760,0000;0,0000;30/12/2026
ERN - HOSPITAL DR JOSÉ PEDRO BEZERRA DE NATAL;925778;1067;Material;925778-9/2026;material permanente;Catálogo do Compras.gov.br;Material;6515;INSTRUMENTOS, EQUIPAMENTOS E SUPRIMENTOS MÉDICOS  E  CIRÚRGICOS;30129;EQUIPO DE TRANSFUSÃO DE HEMOCOMPONENTES;610183;COMPATIBILIDADE: C/ EQUIPAMENTO, COMPRIMENTO TUBO: ACIMA DE 181 CM, CONECTOR PACIENTE: LUER, CÂMARA GOTEJAMENTO: MACROGOTAS, CÂMARA DUPLA, C/ FILTRO, ESTERILIDADE: ESTÉRIL, USO ÚNICO, MATERIAL: SEM PVC E DEHP, TRANSPARENTE, REGULADOR DE FLUXO MANUAL: PINÇA ROLETE, TIPO: P/ BOMBA DE INFUSÃO, SEM SEGMENTO DE SILICONE, TIPO EMBALAGEM: INDIVIDUAL;UN;1000,0000;15,0000;15000,0000;0,0000;30/12/2026
ERN - HOSPITAL DR JOSÉ PEDRO BEZERRA DE NATAL;925778;1068;Material;925778-9/2026;material permanente;Catálogo do Compras.gov.br;Material;6515;INSTRUMENTOS, EQUIPAMENTOS E SUPRIMENTOS MÉDICOS  E  CIRÚRGICOS;19697;TUBO HOSPITALAR;459097;ADICIONAIS: C/ CONECTORES, COMPRIMENTO: 3,0 M, DIÂMETRO INTERNO: CERCA DE 6,0 MM, ESTERILIDADE: ESTÉRIL, USO ÚNICO, MATERIAL: PVC TRANSPARENTE, REFERÊNCIA: Nº 204;UN;2000,0000;4,5000;9000,0000;0,0000;30/12/2026
ERN - HOSPITAL DR JOSÉ PEDRO BEZERRA DE NATAL;925778;1069;Material;925778-9/2026;material permanente;Catálogo do Compras.gov.br;Material;6515;INSTRUMENTOS, EQUIPAMENTOS E SUPRIMENTOS MÉDICOS  E  CIRÚRGICOS;30233;RESERVATÓRIO P/ COLETA DE AMOSTRA BIOLÓGICA;621946;APLICAÇÃO: P/ COLETA DE ASPIRADO BRONCOALVEOLAR, COMPONENTE: PONTA DISTAL C/ PROTEÇÃO TAMPÃO, ESTERILIDADE: ESTÉRIL, USO ÚNICO, MATERIAL: POLÍMERO MALEÁVEL TRANSPARENTE, MODELO: CATETER, TAMANHO: ADULTO;UN;200,0000;8,7700;1754,0000;0,0000;30/12/2026
ERN - HOSPITAL DR JOSÉ PEDRO BEZERRA DE NATAL;925778;1070;Material;925778-9/2026;material permanente;Catálogo do Compras.gov.br;Material;6515;INSTRUMENTOS, EQUIPAMENTOS E SUPRIMENTOS MÉDICOS  E  CIRÚRGICOS;19898;ADJUVANTE P/ ESTOMIA;477276;APLICAÇÃO: INTESTINAL / URINÁRIA, ASPECTO FÍSICO: PASTA, MATERIAL: RESINA SINTÉTICA, S/ ÁLCOOL, TIPO: PROTETOR DE PELE PERIESTOMIA;UN;20,0000;35,0000;700,0000;0,0000;30/12/2026
ERN - HOSPITAL DR JOSÉ PEDRO BEZERRA DE NATAL;925778;1071;Material;925778-9/2026;material permanente;Catálogo do Compras.gov.br;Material;6515;INSTRUMENTOS, EQUIPAMENTOS E SUPRIMENTOS MÉDICOS  E  CIRÚRGICOS;30129;EQUIPO DE TRANSFUSÃO DE HEMOCOMPONENTES;609778;ADICIONAL: C/ CLAMP, CARACTERÍSTICAS BURETA: GRADUADA, C/ ALÇA, RESPIRO, INJETOR E FILTRO, COMPRIMENTO TUBO: ATÉ 180 CM, CONECTOR PACIENTE: LUER, CÂMARA GOTEJAMENTO: MICROGOTAS, CÂMARA ÚNICA, S/ FILTRO, ESTERILIDADE: ESTÉRIL, USO ÚNICO, MATERIAL: PVC TRANSPARENTE, REGULADOR DE FLUXO MANUAL: PINÇA ROLETE, TIPO: GRAVITACIONAL, 1 VIA, TIPO EMBALAGEM: INDIVIDUAL, VOLUME BURETA: BURETA CERCA DE 150;UN;200,0000;4,0800;816,0000;0,0000;30/12/2026
ERN - HOSPITAL DR JOSÉ PEDRO BEZERRA DE NATAL;925778;1072;Material;925778-9/2026;material permanente;Catálogo do Compras.gov.br;Material;6515;INSTRUMENTOS, EQUIPAMENTOS E SUPRIMENTOS MÉDICOS  E  CIRÚRGICOS;14736;CATETER ASPIRAÇÃO TRAQUEAL;279761;CARACTERÍSTICAS ADICIONAIS: PONTA ATRAUMÁTICA, ORIFÍCIOS DISTAIS LATERALIZADOS, ESPESSURA: Nº 14, MATERIAL: PVC ATÓXICO FLEXÍVEL, TIPO EMBALAGEM: ESTÉRIL, EMBALAGEM INDIVIDUAL, TIPO USO: DESCARTÁVEL;UN;160,0000;0,5800;92,8000;0,0000;30/12/2026
ERN - HOSPITAL DR JOSÉ PEDRO BEZERRA DE NATAL;925778;1073;Material;925778-9/2026;material permanente;Catálogo do Compras.gov.br;Material;6515;INSTRUMENTOS, EQUIPAMENTOS E SUPRIMENTOS MÉDICOS  E  CIRÚRGICOS;30040;FIO DE SUTURA AGULHADO;487408;APRESENTAÇÃO: EMBALAGEM INDIVIDUAL, COMPRIMENTO AGULHA: CERCA DE 20, COMPRIMENTO FIO: CERCA DE 45, DIÂMETRO FIO: 6-0, ESTERILIDADE: ESTÉRIL, MATERIAL FIO: NYLON / POLIAMIDA PRETO, MODELO AGULHA: CORTANTE REVERSA / INVERTIDA, MODELO FIO: MONOFILAMENTAR, TIPO AGULHA: AGULHA 3/8 CÍRCULO;UN;24,0000;1,3900;33,3600;0,0000;30/12/2026
ERN - HOSPITAL DR JOSÉ PEDRO BEZERRA DE NATAL;925778;1074;Material;925778-9/2026;material permanente;Catálogo do Compras.gov.br;Material;6515;INSTRUMENTOS, EQUIPAMENTOS E SUPRIMENTOS MÉDICOS  E  CIRÚRGICOS;8203;DRENO CIRÚRGICO;438492;CALIBRE: 38, COMPONENTE II: RADIOPACO, COMPRIMENTO: CERCA DE 50, CONECTOR UNIVERSAL: C/ CONECTOR, EMBALAGEM: EMBALAGEM INDIVIDUAL, MATERIAL: SILICONE, MODELO: TORÁCICO, TIPO USO: ESTÉRIL, DESCARTÁVEL;UN;6,0000;23,9000;143,4000;0,0000;30/12/2026
ERN - HOSPITAL DR JOSÉ PEDRO BEZERRA DE NATAL;925778;1075;Material;925778-9/2026;material permanente;Catálogo do Compras.gov.br;Material;6515;INSTRUMENTOS, EQUIPAMENTOS E SUPRIMENTOS MÉDICOS  E  CIRÚRGICOS;7510;CATETER CENTRAL;437290;APLICAÇÃO: VENOSO, COMPONENTE: KIT INTRODUTOR COMPLETO, COMPRIMENTO: CERCA 30, CONECTOR: CONECTORES PADRÃO, CLAMP E TAMPA, LÚMEN: 16, MATÉRIA PRIMA: POLIURETANO RADIOPACO, TIPO FIXAÇÃO: FIXAÇÃO SUBCUTÂNEA, TIPO USO: ESTÉRIL, DESCARTÁVEL, EMBALAGEM INDIVIDUAL, VIAS: MONO LÚMEN;UN;10,0000;25,4000;254,0000;0,0000;30/12/2026
ERN - HOSPITAL DR JOSÉ PEDRO BEZERRA DE NATAL;925778;1076;Material;925778-9/2026;material permanente;Catálogo do Compras.gov.br;Material;6532;VESTUÁRIO HOSPITALAR E CIRÚRGICO E ITENS CORRELATOS DE  FINALIDADES ESPECIAIS;30032;MÁSCARA PROTEÇÃO RESP. C/ ANVISA;485531;ADICIONAL: CARVÃO ATIVADO, ADICIONAL 2: S/ VÁLVULA, CLASSE: PFF2, N95 OU EQUIVALENTE, COMPONENTE: CLIPE NASAL, COR: C/ COR, ESTERILIDADE: DESCARTÁVEL, FILTRO: EFICIÊNCIA FILTRAÇÃO MÍN. 94% S, MATERIAL: CAMADAS FIBRAS SINTÉTICAS, MODELO: RESPIRADOR TIPO CONCHA, TAMANHO: ADULTO, TIPO FIXAÇÃO: TIRAS VEDAÇÃO ANATÔMICA;UN;200,0000;3,1500;630,0000;0,0000;30/12/2026
ERN - HOSPITAL DR JOSÉ PEDRO BEZERRA DE NATAL;925778;1077;Material;925778-9/2026;material permanente;Catálogo do Compras.gov.br;Material;6515;INSTRUMENTOS, EQUIPAMENTOS E SUPRIMENTOS MÉDICOS  E  CIRÚRGICOS;30040;FIO DE SUTURA AGULHADO;486954;APRESENTAÇÃO: EMBALAGEM INDIVIDUAL, COMPRIMENTO AGULHA: CERCA DE 30, COMPRIMENTO FIO: CERCA DE 70, DIÂMETRO FIO: 3-0, ESTERILIDADE: ESTÉRIL, MATERIAL FIO: CATGUT SIMPLES, MODELO AGULHA: CILÍNDRICA, MODELO FIO: MULTIFILAMENTAR, TIPO AGULHA: AGULHA 1/2 CÍRCULO;UN;24,0000;3,6800;88,3200;0,0000;30/12/2026
ERN - HOSPITAL DR JOSÉ PEDRO BEZERRA DE NATAL;925778;1178;Material;925778-9/2026;material permanente;Catálogo do Compras.gov.br;Material;6515;INSTRUMENTOS, EQUIPAMENTOS E SUPRIMENTOS MÉDICOS  E  CIRÚRGICOS;15284;LÂMINA BISTURI;299240;CARACTERÍSTICAS ADICIONAIS: EMBALADA INDIVIDUALMENTE, ESTERILIDADE: ESTÉRIL, MATERIAL: AÇO CARBONO, TAMANHO: Nº 24, TIPO: DESCARTÁVEL;UN;1000,0000;0,2400;240,0000;0,0000;30/12/2026
ERN - HOSPITAL DR JOSÉ PEDRO BEZERRA DE NATAL;925778;1078;Material;925778-9/2026;material permanente;Catálogo do Compras.gov.br;Material;6515;INSTRUMENTOS, EQUIPAMENTOS E SUPRIMENTOS MÉDICOS  E  CIRÚRGICOS;30260;CATETER NASAL PARA OXIGÊNIO;621787;APLICAÇÃO: P/ OXIGENOTERAPIA, COMPRIMENTO: CERCA DE 40 CM, CONECTOR: COMPATÍVEL C/ FONTE O2, ESTERILIDADE: NÃO ESTÉRIL, USO ÚNICO, MATERIAL: TUBO DE SILICONE, MODELO: TIPO SONDA, TAMANHO: Nº 12;UN;250,0000;1,0700;267,5000;0,0000;30/12/2026
ERN - HOSPITAL DR JOSÉ PEDRO BEZERRA DE NATAL;925778;1079;Material;925778-9/2026;material permanente;Catálogo do Compras.gov.br;Material;6515;INSTRUMENTOS, EQUIPAMENTOS E SUPRIMENTOS MÉDICOS  E  CIRÚRGICOS;8203;DRENO CIRÚRGICO;440502;COMPONENTE II: RADIOPACO, DIMENSÕES: CERCA DE 25 MM X 30, EMBALAGEM: EMBALAGEM INDIVIDUAL, MATERIAL: BORRACHA, MODELO: DE PENROSE, TIPO USO: ESTÉRIL, DESCARTÁVEL;UN;2,0000;2,5000;5,0000;0,0000;30/12/2026
ERN - HOSPITAL DR JOSÉ PEDRO BEZERRA DE NATAL;925778;1080;Material;925778-9/2026;material permanente;Catálogo do Compras.gov.br;Material;6515;INSTRUMENTOS, EQUIPAMENTOS E SUPRIMENTOS MÉDICOS  E  CIRÚRGICOS;18229;SONDA TRATO DIGESTIVO;435895;APLICAÇÃO: ESOFÁGICA, CALIBRE: Nº 21, COMPONENTES: C/ ORIFÍCIOS E 2 BALÕES (GÁSTRICO / ESOFÁGICO), COMPRIMENTO: CERCA 100, EMBALAGEM: EMBALAGEM INDIVIDUAL, ESTERILIDADE: ESTÉRIL, DESCARTÁVEL, MATERIAL: BORRACHA, MODELO: SENGSTAKEN-BLAKEMORE, VIAS: 3 VIAS;UN;2,0000;459,6250;919,2500;0,0000;30/12/2026
ERN - HOSPITAL DR JOSÉ PEDRO BEZERRA DE NATAL;925778;1081;Material;925778-9/2026;material permanente;Catálogo do Compras.gov.br;Material;6515;INSTRUMENTOS, EQUIPAMENTOS E SUPRIMENTOS MÉDICOS  E  CIRÚRGICOS;18229;SONDA TRATO DIGESTIVO;435907;APLICAÇÃO: ORO OU NASOGÁSTRICA, CALIBRE: Nº 12, COMPONENTES: PONTA DISTAL FECHADA, C/ ORIFÍCIOS LATERAIS, COMPRIMENTO: CERCA 120, CONECTOR: CONECTOR PADRÃO C/ TAMPA, EMBALAGEM: EMBALAGEM INDIVIDUAL, ESTERILIDADE: ESTÉRIL, DESCARTÁVEL, MATERIAL: PVC, MODELO: LEVINE, TAMANHO: LONGA;UN;10,0000;0,7200;7,2000;0,0000;30/12/2026
ERN - HOSPITAL DR JOSÉ PEDRO BEZERRA DE NATAL;925778;1082;Material;925778-9/2026;material permanente;Catálogo do Compras.gov.br;Material;6515;INSTRUMENTOS, EQUIPAMENTOS E SUPRIMENTOS MÉDICOS  E  CIRÚRGICOS;19898;ADJUVANTE P/ ESTOMIA;477276;APLICAÇÃO: INTESTINAL / URINÁRIA, ASPECTO FÍSICO: PASTA, MATERIAL: RESINA SINTÉTICA, S/ ÁLCOOL, TIPO: PROTETOR DE PELE PERIESTOMIA;UN;24,0000;36,0000;864,0000;0,0000;30/12/2026
ERN - HOSPITAL DR JOSÉ PEDRO BEZERRA DE NATAL;925778;1083;Material;925778-9/2026;material permanente;Catálogo do Compras.gov.br;Material;6515;INSTRUMENTOS, EQUIPAMENTOS E SUPRIMENTOS MÉDICOS  E  CIRÚRGICOS;7510;CATETER CENTRAL;437471;APLICAÇÃO: VENOSO, COMPONENTE: KIT INTRODUTOR COMPLETO, COMPRIMENTO: CERCA 30, CONECTOR: CONECTORES PADRÃO, CLAMP EM TODAS VIAS E TAMPAS, DIÂMETRO: CERCA 2 FR, MATÉRIA PRIMA: POLIURETANO RADIOPACO, TIPO IMPLANTE: INSERÇÃO PERIFÉRICA, TIPO USO: ESTÉRIL, DESCARTÁVEL, EMBALAGEM INDIVIDUAL, VIAS: DUPLO LÚMEN;UN;200,0000;212,0000;42400,0000;0,0000;30/12/2026
ERN - HOSPITAL DR JOSÉ PEDRO BEZERRA DE NATAL;925778;1084;Material;925778-9/2026;material permanente;Catálogo do Compras.gov.br;Material;6515;INSTRUMENTOS, EQUIPAMENTOS E SUPRIMENTOS MÉDICOS  E  CIRÚRGICOS;2639;SONDA TRATO URINÁRIO;435992;CALIBRE: 10, COMPONENTES: C/ ORIFÍCIOS LATERAIS, COMPRIMENTO: CERCA 40, CONECTOR: CONECTOR PADRÃO C/ TAMPA, EMBALAGEM: EMBALAGEM INDIVIDUAL, ESTERILIDADE: ESTÉRIL, DESCARTÁVEL, MATERIAL: POLIURETANO, MODELO: URETRAL, TIPO PONTA: PONTA DISTAL CILÍNDRICA FECHADA;UN;100,0000;0,5800;58,0000;0,0000;30/12/2026
ERN - HOSPITAL DR JOSÉ PEDRO BEZERRA DE NATAL;925778;1085;Material;925778-9/2026;material permanente;Catálogo do Compras.gov.br;Material;6515;INSTRUMENTOS, EQUIPAMENTOS E SUPRIMENTOS MÉDICOS  E  CIRÚRGICOS;3701;CATETER PERIFÉRICO;437167;APLICAÇÃO: VENOSO, COMPONENTE 2: C/ SISTEMA SEGURANÇA SEGUNDO NR/32, COMPONENTE ADICIONAL: C/ ASA DE FIXAÇÃO, TUBO EXTENSOR, CONECTOR: CONECTOR PADRÃO C/ TAMPA, DIAMETRO: 23, MATERIAL AGULHA: AGULHA AÇO INOX, MODELO: TIPO ESCALPE, TIPO USO: ESTÉRIL, DESCARTÁVEL, EMBALAGEM INDIVIDUAL;UN;780,0000;0,3200;249,6000;0,0000;30/12/2026
ERN - HOSPITAL DR JOSÉ PEDRO BEZERRA DE NATAL;925778;1086;Material;925778-9/2026;material permanente;Catálogo do Compras.gov.br;Material;6515;INSTRUMENTOS, EQUIPAMENTOS E SUPRIMENTOS MÉDICOS  E  CIRÚRGICOS;10403;PAPEL TÉRMICO;301379;APLICAÇÃO: APARELHO ULTRA-SONOGRAFIA, MARCA SONY UPP 110 S, CARACTERÍSTICAS ADICIONAIS: PRINTER PRETO E BRANCO, LARGURA: 110;UN;50,0000;48,7000;2435,0000;0,0000;30/12/2026
ERN - HOSPITAL DR JOSÉ PEDRO BEZERRA DE NATAL;925778;1087;Material;925778-9/2026;material permanente;Catálogo do Compras.gov.br;Material;6532;VESTUÁRIO HOSPITALAR E CIRÚRGICO E ITENS CORRELATOS DE  FINALIDADES ESPECIAIS;30247;LUVA P/ PROCEDIMENTO DE SAÚDE NÃO CIRÚRGICO C/ ANVISA;619819;COR: C/ COR, ESTERILIDADE: NÃO ESTÉRIL, USO ÚNICO, FORMATO: AMBIDESTRA, MATERIAL: BORRACHA SINTÉTICA ? NITRILO, PÓ: SEM PÓ, SUPERFÍCIE: SUPERFÍCIE TEXTURIZADA, TAMANHO: MÉDIO - M;UN;150000,0000;0,4000;60000,0000;0,0000;30/12/2026
ERN - HOSPITAL DR JOSÉ PEDRO BEZERRA DE NATAL;925778;1088;Material;925778-9/2026;material permanente;Catálogo do Compras.gov.br;Material;6515;INSTRUMENTOS, EQUIPAMENTOS E SUPRIMENTOS MÉDICOS  E  CIRÚRGICOS;30040;FIO DE SUTURA AGULHADO;487184;APRESENTAÇÃO: EMBALAGEM INDIVIDUAL, COMPRIMENTO AGULHA: CERCA DE 40, COMPRIMENTO FIO: CERCA DE 70, DIÂMETRO FIO: Nº 2, ESTERILIDADE: ESTÉRIL, MATERIAL FIO: POLIGLACTINA VIOLETA, MODELO AGULHA: CORTANTE REVERSA / INVERTIDA, MODELO FIO: MULTIFILAMENTAR, TIPO AGULHA: AGULHA 1/2 CÍRCULO;UN;24,0000;5,1200;122,8800;0,0000;30/12/2026
ERN - HOSPITAL DR JOSÉ PEDRO BEZERRA DE NATAL;925778;1089;Material;925778-9/2026;material permanente;Catálogo do Compras.gov.br;Material;6515;INSTRUMENTOS, EQUIPAMENTOS E SUPRIMENTOS MÉDICOS  E  CIRÚRGICOS;14572;CÂNULA OROFARÍNGEA GUEDEL;450962;MATERIAL*: POLÍMERO, TAMANHO*: TAMANHO Nº 0;UN;2,0000;2,4900;4,9800;0,0000;30/12/2026
ERN - HOSPITAL DR JOSÉ PEDRO BEZERRA DE NATAL;925778;1090;Material;925778-9/2026;material permanente;Catálogo do Compras.gov.br;Material;6515;INSTRUMENTOS, EQUIPAMENTOS E SUPRIMENTOS MÉDICOS  E  CIRÚRGICOS;19947;FIXADOR P/ DISPOSITIVO MÉDICO;483840;APLICAÇÃO: P/ CATETER / SONDA, COMPONENTE ADICIONAL: FENESTRADO, DIMENSÕES: CERCA DE 5,0 X 6,0, EMBALAGEM: EMBALAGEM INDIVIDUAL, MATERIAL: FILME ADESIVO TRANSPARENTE, TIPO USO: ESTÉRIL;UN;150,0000;1,6000;240,0000;0,0000;30/12/2026
ERN - HOSPITAL DR JOSÉ PEDRO BEZERRA DE NATAL;925778;1091;Material;925778-9/2026;material permanente;Catálogo do Compras.gov.br;Material;6515;INSTRUMENTOS, EQUIPAMENTOS E SUPRIMENTOS MÉDICOS  E  CIRÚRGICOS;3701;CATETER PERIFÉRICO;437187;APLICAÇÃO: VENOSO, COMPONENTE 2: C/ SISTEMA SEGURANÇA SEGUNDO NR/32, COMPONENTE ADICIONAL: C/ ASA DE FIXAÇÃO, TUBO EXTENSOR, CONECTOR: CONECTOR PADRÃO C/ TAMPA, DIAMETRO: 27, MATERIAL AGULHA: AGULHA AÇO INOX, MODELO: TIPO ESCALPE, TIPO USO: ESTÉRIL, DESCARTÁVEL, EMBALAGEM INDIVIDUAL;UN;150,0000;0,3200;48,0000;0,0000;30/12/2026
ERN - HOSPITAL DR JOSÉ PEDRO BEZERRA DE NATAL;925778;1092;Material;925778-9/2026;material permanente;Catálogo do Compras.gov.br;Material;6515;INSTRUMENTOS, EQUIPAMENTOS E SUPRIMENTOS MÉDICOS  E  CIRÚRGICOS;2178;AGULHA ANESTÉSICA;389941;APLICAÇÃO: P/ RAQUIDIANA, COMPONENTE: C/ MANDRIL AJUSTADO, CONECTOR UNIVERSAL: CONECTOR LUER LOCK, C/ VISOR TRANSPARENTE, DIMENSÃO: 27 G X 3 1/2", ESTERILIDADE: ESTÉRIL, MATERIAL: AÇO INOXIDÁVEL, TIPO PONTA: PONTA QUINCKE, TIPO USO: DESCARTÁVEL;UN;300,0000;5,4500;1635,0000;0,0000;30/12/2026
ERN - HOSPITAL DR JOSÉ PEDRO BEZERRA DE NATAL;925778;1093;Material;925778-9/2026;material permanente;Catálogo do Compras.gov.br;Material;6515;INSTRUMENTOS, EQUIPAMENTOS E SUPRIMENTOS MÉDICOS  E  CIRÚRGICOS;8023;GLUTARALDEÍDO;389527;CONCENTRAÇÃO: A 2%, FORMA FÍSICA: SOLUÇÃO AQUOSA, CARACTERÍSTICA ADICIONAL: PRÉ-ATIVADO;GL;40,0000;170,6600;6826,4000;0,0000;30/12/2026
ERN - HOSPITAL DR JOSÉ PEDRO BEZERRA DE NATAL;925778;1094;Material;925778-9/2026;material permanente;Catálogo do Compras.gov.br;Material;6515;INSTRUMENTOS, EQUIPAMENTOS E SUPRIMENTOS MÉDICOS  E  CIRÚRGICOS;19802;INSTRUMENTAL P/ ENDOSCÓPIO;465279;COMPONENTE 2: MANOPLA C/ CONEXÃO P/ BISTURI ELÉTRICO, DIMENSÃO: P/ CANAL CERCA DE 2,8 MM X 230 CM, DIÂMETRO PONTA: CERCA DE 15, ESTERILIDADE: ESTÉRIL, USO ÚNICO, HASTE: HASTE ISOLADA, TIPO: ALÇA POLIPECTOMIA, TIPO FIO: FIO AÇO INOXIDÁVEL, MONOFILAMENTAR, TIPO PONTA: OVAL;UN;5,0000;100,1714;500,8570;0,0000;30/12/2026
ERN - HOSPITAL DR JOSÉ PEDRO BEZERRA DE NATAL;925778;1095;Material;925778-9/2026;material permanente;Catálogo do Compras.gov.br;Material;6515;INSTRUMENTOS, EQUIPAMENTOS E SUPRIMENTOS MÉDICOS  E  CIRÚRGICOS;30129;EQUIPO DE TRANSFUSÃO DE HEMOCOMPONENTES;609777;ADICIONAL: C/ CLAMP, COMPRIMENTO TUBO: ATÉ 180 CM, CONECTOR PACIENTE: LUER, CÂMARA GOTEJAMENTO: MACROGOTAS, CÂMARA DUPLA, C/ FILTRO, ESTERILIDADE: ESTÉRIL, USO ÚNICO, MATERIAL: PVC TRANSPARENTE, REGULADOR DE FLUXO MANUAL: PINÇA ROLETE, TIPO: GRAVITACIONAL, 1 VIA, TIPO EMBALAGEM: INDIVIDUAL;UN;350,0000;3,0100;1053,5000;0,0000;30/12/2026
ERN - HOSPITAL DR JOSÉ PEDRO BEZERRA DE NATAL;925778;1096;Material;925778-9/2026;material permanente;Catálogo do Compras.gov.br;Material;6515;INSTRUMENTOS, EQUIPAMENTOS E SUPRIMENTOS MÉDICOS  E  CIRÚRGICOS;2171;AGULHA HIPODÉRMICA;397502;CARACTERÍSTICA ADICIONAL: COM SISTEMA SEGURANÇA SEGUNDO NR/32, DIMENSÃO: 21 G X 1", MATERIAL: AÇO INOXIDÁVEL SILICONIZADO, TIPO CONEXÃO: CONECTOR LUER LOCK EM PLÁSTICO, TIPO FIXAÇÃO: PROTETOR PLÁSTICO, TIPO PONTA: BISEL CURTO TRIFACETADO, TIPO USO: ESTÉRIL, DESCARTÁVEL, EMBALAGEM INDIVIDUAL;UN;5000,0000;0,1700;850,0000;0,0000;30/12/2026
ERN - HOSPITAL DR JOSÉ PEDRO BEZERRA DE NATAL;925778;1097;Material;925778-9/2026;material permanente;Catálogo do Compras.gov.br;Material;6515;INSTRUMENTOS, EQUIPAMENTOS E SUPRIMENTOS MÉDICOS  E  CIRÚRGICOS;18351;EMBALAGEM P/ ESTERILIZAÇÃO;443438;APRESENTAÇÃO: ROLO, COMPONENTES: C/ INDICADOR QUÍMICO, COMPONENTES ADICIONAIS: TERMOSSELANTE, COMPOSIÇÃO: C/ FILME POLÍMERO MULTILAMINADO, GRAMATURA / ESPESSURA: CERCA DE 60, MATERIAL: PAPEL GRAU CIRÚRGICO, TAMANHO: CERCA DE 15, TIPO USO: USO ÚNICO;RO;30,0000;69,6300;2088,9000;0,0000;30/12/2026
ERN - HOSPITAL DR JOSÉ PEDRO BEZERRA DE NATAL;925778;1098;Material;925778-9/2026;material permanente;Catálogo do Compras.gov.br;Material;6515;INSTRUMENTOS, EQUIPAMENTOS E SUPRIMENTOS MÉDICOS  E  CIRÚRGICOS;18257;CLIPADOR;445450;APLICAÇÃO*: P/ ENDOSCOPIA, COMPRIMENTO HASTE: COMPRIMENTO CERCA DE 230, DIÂMETRO HASTE: P/ CANAL DE TRABALHO 2,8, HASTE: MANOPLA EM POLÍMERO, MODELO*: CARREGADO C/ CLIP AÇO INOXIDÁVEL, TIPO USO*: ESTÉRIL, DESCARTÁVEL;UN;20,0000;567,7682;11355,3640;0,0000;30/12/2026
ERN - HOSPITAL DR JOSÉ PEDRO BEZERRA DE NATAL;925778;1099;Material;925778-9/2026;material permanente;Catálogo do Compras.gov.br;Material;6515;INSTRUMENTOS, EQUIPAMENTOS E SUPRIMENTOS MÉDICOS  E  CIRÚRGICOS;30040;FIO DE SUTURA AGULHADO;486998;APRESENTAÇÃO: EMBALAGEM INDIVIDUAL, COMPRIMENTO AGULHA: CERCA DE 22, COMPRIMENTO FIO: CERCA DE 70, DIÂMETRO FIO: 3-0, ESTERILIDADE: ESTÉRIL, MATERIAL FIO: CATGUT CROMADO, MODELO AGULHA: CILÍNDRICA, MODELO FIO: MULTIFILAMENTAR, TIPO AGULHA: AGULHA 1/2 CÍRCULO;UN;24,0000;3,8400;92,1600;0,0000;30/12/2026
ERN - HOSPITAL DR JOSÉ PEDRO BEZERRA DE NATAL;925778;1100;Material;925778-9/2026;material permanente;Catálogo do Compras.gov.br;Material;6515;INSTRUMENTOS, EQUIPAMENTOS E SUPRIMENTOS MÉDICOS  E  CIRÚRGICOS;8203;DRENO CIRÚRGICO;464741;CALIBRE: 10, COMPONENTE: INTRODUTOR EM AÇO INOXIDÁVEL, COMPONENTE ADICIONAL: C/ RESERVATÓRIO GRADUADO - PRESSÃO NEGATIVA, COMPONENTE I: C/ VÁLVULA ANTIRREFLUXO E EXTENSOR C/ CLAMP, COMPONENTE II: RADIOPACO, CONECTOR UNIVERSAL: C/ CONECTOR DUPLO, EMBALAGEM: EMBALAGEM INDIVIDUAL, MATERIAL: SILICONE, MODELO: TUBULAR, TIPO USO: ESTÉRIL, DESCARTÁVEL, VOLUME: CERCA DE 600;UN;3,0000;16,0200;48,0600;0,0000;30/12/2026
ERN - HOSPITAL DR JOSÉ PEDRO BEZERRA DE NATAL;925778;1101;Material;925778-9/2026;material permanente;Catálogo do Compras.gov.br;Material;6515;INSTRUMENTOS, EQUIPAMENTOS E SUPRIMENTOS MÉDICOS  E  CIRÚRGICOS;2178;AGULHA ANESTÉSICA;389231;APLICAÇÃO: P/ RAQUIDIANA, CARACTERÍSTICA ADICIONAL: P/ OBESOS, COMPONENTE: C/ MANDRIL, CONECTOR UNIVERSAL: CONECTOR LUER LOCK, CÔNICO E TRANSPARENTE, DIMENSÃO: 25 G X 4 3/4", ESTERILIDADE: ESTÉRIL, MATERIAL: AÇO INOXIDÁVEL, TIPO PONTA: PONTA QUINCKE, TIPO USO: DESCARTÁVEL;UN;100,0000;12,0000;1200,0000;0,0000;30/12/2026
ERN - HOSPITAL DR JOSÉ PEDRO BEZERRA DE NATAL;925778;1102;Material;925778-9/2026;material permanente;Catálogo do Compras.gov.br;Material;6515;INSTRUMENTOS, EQUIPAMENTOS E SUPRIMENTOS MÉDICOS  E  CIRÚRGICOS;2171;AGULHA HIPODÉRMICA;397513;CARACTERÍSTICA ADICIONAL: COM SISTEMA SEGURANÇA SEGUNDO NR/32, DIMENSÃO: 26 G X 1/2", MATERIAL: AÇO INOXIDÁVEL SILICONIZADO, TIPO CONEXÃO: CONECTOR LUER LOCK EM PLÁSTICO, TIPO FIXAÇÃO: PROTETOR PLÁSTICO, TIPO PONTA: BISEL CURTO TRIFACETADO, TIPO USO: ESTÉRIL, DESCARTÁVEL, EMBALAGEM INDIVIDUAL;UN;10000,0000;0,1700;1700,0000;0,0000;30/12/2026
ERN - HOSPITAL DR JOSÉ PEDRO BEZERRA DE NATAL;925778;1103;Material;925778-9/2026;material permanente;Catálogo do Compras.gov.br;Material;6515;INSTRUMENTOS, EQUIPAMENTOS E SUPRIMENTOS MÉDICOS  E  CIRÚRGICOS;19898;ADJUVANTE P/ ESTOMIA;477288;APLICAÇÃO: INTESTINAL / URINÁRIA, APRESENTAÇÃO: SPRAY, ASPECTO FÍSICO: LÍQUIDO, MATERIAL: SOLUÇÃO POLIMÉRICA, S/ ÁLCOOL, TIPO: PROTETOR DE PELE PERIESTOMIA, TIPO USO: P/ FORMAR PELÍCULA;UN;30,0000;33,5000;1005,0000;0,0000;30/12/2026
ERN - HOSPITAL DR JOSÉ PEDRO BEZERRA DE NATAL;925778;1104;Material;925778-9/2026;material permanente;Catálogo do Compras.gov.br;Material;6515;INSTRUMENTOS, EQUIPAMENTOS E SUPRIMENTOS MÉDICOS  E  CIRÚRGICOS;30044;FIO DE SUTURA S/ AGULHA;600144;APRESENTAÇÃO: EMBALAGEM INDIVIDUAL, COMPRIMENTO: 15 X CERCA DE 45, DIÂMETRO: 2-0, ESTERILIDADE: ESTÉRIL, MATERIAL: POLIÉSTER C/ ALGODÃO PRETO, MODELO: MULTIFILAMENTAR;UN;24,0000;1,6700;40,0800;0,0000;30/12/2026
ERN - HOSPITAL DR JOSÉ PEDRO BEZERRA DE NATAL;925778;1105;Material;925778-9/2026;material permanente;Catálogo do Compras.gov.br;Material;6515;INSTRUMENTOS, EQUIPAMENTOS E SUPRIMENTOS MÉDICOS  E  CIRÚRGICOS;2178;AGULHA ANESTÉSICA;389250;APLICAÇÃO: P/ RAQUIDIANA, COMPONENTE: C/ MANDRIL, CONECTOR UNIVERSAL: CONECTOR LUER LOCK, CÔNICO E TRANSPARENTE, DIMENSÃO: 26 G X 3 1/2", ESTERILIDADE: ESTÉRIL, MATERIAL: AÇO INOXIDÁVEL, TIPO PONTA: PONTA QUINCKE, TIPO USO: DESCARTÁVEL;UN;250,0000;5,4500;1362,5000;0,0000;30/12/2026
ERN - HOSPITAL DR JOSÉ PEDRO BEZERRA DE NATAL;925778;1106;Material;925778-9/2026;material permanente;Catálogo do Compras.gov.br;Material;6515;INSTRUMENTOS, EQUIPAMENTOS E SUPRIMENTOS MÉDICOS  E  CIRÚRGICOS;18351;EMBALAGEM P/ ESTERILIZAÇÃO;442384;APRESENTAÇÃO: ROLO, COMPONENTES: C/ INDICADOR QUÍMICO, COMPONENTES ADICIONAIS: TERMOSSELANTE, COMPOSIÇÃO: C/ FILME POLÍMERO MULTILAMINADO, GRAMATURA / ESPESSURA: CERCA DE 60, MATERIAL: PAPEL GRAU CIRÚRGICO, TAMANHO: CERCA DE 20, TIPO USO: USO ÚNICO;RO;30,0000;91,5600;2746,8000;0,0000;30/12/2026
ERN - HOSPITAL DR JOSÉ PEDRO BEZERRA DE NATAL;925778;1107;Material;925778-9/2026;material permanente;Catálogo do Compras.gov.br;Material;6515;INSTRUMENTOS, EQUIPAMENTOS E SUPRIMENTOS MÉDICOS  E  CIRÚRGICOS;19947;FIXADOR P/ DISPOSITIVO MÉDICO;483388;APLICAÇÃO: P/ CATETER / SONDA, COMPONENTE ADICIONAL: FENESTRADO, DIMENSÕES: CERCA DE 9,0 X 12, EMBALAGEM: EMBALAGEM INDIVIDUAL, MATERIAL: FILME ADESIVO TRANSPARENTE, TIPO USO: ESTÉRIL;UN;200,0000;1,6000;320,0000;0,0000;30/12/2026
ERN - HOSPITAL DR JOSÉ PEDRO BEZERRA DE NATAL;925778;1108;Material;925778-9/2026;material permanente;Catálogo do Compras.gov.br;Material;6545;JOGOS E CONJUNTOS MÉDICOS;5728;CÂNULA DE TRAQUEOSTOMIA;427876;ACESSÓRIOS: C/ FITA P/ FIXAÇÃO, ACESSÓRIOS 01: OBTURADOR, ACESSÓRIOS 02: CÂNULA INTERNA, COMPONENTES*: BALÃO DE ALTO VOLUME E BAIXA PRESSÃO, DIÂMETRO: CERCA DE 9,0, ESTERELIDADE: ESTÉRIL, MATERIAL*: POLÍMERO, MODELO: FENESTRADA, OUTROS COMPONENTES*: MALEÁVEL, TERMOSENSÍVEL, ISENTO DE LÁTEX, TIPO: RADIOPACO;UN;2,0000;12,0000;24,0000;0,0000;30/12/2026
ERN - HOSPITAL DR JOSÉ PEDRO BEZERRA DE NATAL;925778;1109;Material;925778-9/2026;material permanente;Catálogo do Compras.gov.br;Material;6515;INSTRUMENTOS, EQUIPAMENTOS E SUPRIMENTOS MÉDICOS  E  CIRÚRGICOS;7510;CATETER CENTRAL;437841;APLICAÇÃO: VENOSO / ARTERIAL, COMPRIMENTO: CERCA 40, CONECTOR: CONECTORES PADRÃO, CLAMP E TAMPA, DIÂMETRO: CERCA 5 FR, MATÉRIA PRIMA: PVC RADIOPACO, TIPO IMPLANTE: UMBILICAL, TIPO USO: ESTÉRIL, DESCARTÁVEL, EMBALAGEM INDIVIDUAL, VIAS: MONO LÚMEN;UN;150,0000;23,8200;3573,0000;0,0000;30/12/2026
ERN - HOSPITAL DR JOSÉ PEDRO BEZERRA DE NATAL;925778;1110;Material;925778-9/2026;material permanente;Catálogo do Compras.gov.br;Material;6515;INSTRUMENTOS, EQUIPAMENTOS E SUPRIMENTOS MÉDICOS  E  CIRÚRGICOS;2224;TUBO ENDOTRAQUEAL;451283;CALIBRE: 2,5, COMPONENTE 2: RADIOPACO, GRADUADO, ESTERILIDADE: ESTÉRIL, USO ÚNICO, MATERIAL: PVC SILICONIZADO, MODELO: CURVA MAGILL, TIPO CONECTOR: CONECTOR PADRÃO, TIPO PONTA: C/ PONTA DISTAL ATRAUMÁTICA E ORIFÍCIO MURPHY;UN;20,0000;2,4200;48,4000;0,0000;30/12/2026
ERN - HOSPITAL DR JOSÉ PEDRO BEZERRA DE NATAL;925778;1111;Material;925778-9/2026;material permanente;Catálogo do Compras.gov.br;Material;6515;INSTRUMENTOS, EQUIPAMENTOS E SUPRIMENTOS MÉDICOS  E  CIRÚRGICOS;30040;FIO DE SUTURA AGULHADO;487620;APRESENTAÇÃO: EMBALAGEM INDIVIDUAL, COMPRIMENTO AGULHA: CERCA DE 30, COMPRIMENTO FIO: CERCA DE 45, DIÂMETRO FIO: 2-0, ESTERILIDADE: ESTÉRIL, MATERIAL FIO: POLIÉSTER C/ ALGODÃO AZUL, MODELO AGULHA: CORTANTE REVERSA / INVERTIDA, MODELO FIO: MULTIFILAMENTAR, TIPO AGULHA: AGULHA 3/8 CÍRCULO;UN;120,0000;3,4500;414,0000;0,0000;30/12/2026
ERN - HOSPITAL DR JOSÉ PEDRO BEZERRA DE NATAL;925778;1112;Material;925778-9/2026;material permanente;Catálogo do Compras.gov.br;Material;6515;INSTRUMENTOS, EQUIPAMENTOS E SUPRIMENTOS MÉDICOS  E  CIRÚRGICOS;7510;CATETER CENTRAL;465679;APLICAÇÃO: VENOSO, COMPONENTE: KIT INTRODUTOR COMPLETO, COMPONENTE II: REVESTIDO C/ ANTIMICROBIANO/ANTIFÚNGICO, COMPRIMENTO: CERCA 20, CONECTOR: CONECTORES PADRÃO, DIÂMETRO: CERCA 7 FR, LÚMEN: 14 A 18, MATÉRIA PRIMA: POLIURETANO RADIOPACO, TIPO USO: ESTÉRIL, DESCARTÁVEL, EMBALAGEM INDIVIDUAL, VIAS: DUPLO LÚMEN;UN;50,0000;37,4900;1874,5000;0,0000;30/12/2026
ERN - HOSPITAL DR JOSÉ PEDRO BEZERRA DE NATAL;925778;1113;Material;925778-9/2026;material permanente;Catálogo do Compras.gov.br;Material;6515;INSTRUMENTOS, EQUIPAMENTOS E SUPRIMENTOS MÉDICOS  E  CIRÚRGICOS;2639;SONDA TRATO URINÁRIO;436006;CALIBRE: 24, COMPONENTES: C/ ORIFÍCIOS LATERAIS, CONECTOR: CONECTORES PADRÃO, EMBALAGEM: EMBALAGEM INDIVIDUAL, ESTERILIDADE: ESTÉRIL, DESCARTÁVEL, MATERIAL: BORRACHA, MODELO: FOLEY, TIPO PONTA: PONTA DISTAL CILÍNDRICA FECHADA, VIAS: 2 VIAS, VOLUME: C/ BALÃO CERCA 30;UN;10,0000;1,7200;17,2000;0,0000;30/12/2026
ERN - HOSPITAL DR JOSÉ PEDRO BEZERRA DE NATAL;925778;1114;Material;925778-9/2026;material permanente;Catálogo do Compras.gov.br;Material;6515;INSTRUMENTOS, EQUIPAMENTOS E SUPRIMENTOS MÉDICOS  E  CIRÚRGICOS;14572;CÂNULA OROFARÍNGEA GUEDEL;450964;MATERIAL*: POLÍMERO, TAMANHO*: TAMANHO Nº 2;UN;2,0000;2,4900;4,9800;0,0000;30/12/2026
ERN - HOSPITAL DR JOSÉ PEDRO BEZERRA DE NATAL;925778;1115;Material;925778-9/2026;material permanente;Catálogo do Compras.gov.br;Material;6515;INSTRUMENTOS, EQUIPAMENTOS E SUPRIMENTOS MÉDICOS  E  CIRÚRGICOS;19897;SISTEMA P/ ESTOMIA;477398;APLICAÇÃO: INTESTINAL / URINÁRIA, COMPONENTE ADICIONAL: C/ ABA P/ CINTO, DIÂMETRO: FLANGE ATÉ 70, ESTRUTURA: CONVEXA, TIPO: BASE ADESIVA, TIPO BASE: ADESIVO MICROPOROSO E RESINA SINTÉTICA, TIPO RECORTE BASE ADESIVA: PRÉ-CORTADA ATÉ 70 MM, TIPO USO: ADULTO;UN;150,0000;10,7200;1608,0000;0,0000;30/12/2026
ERN - HOSPITAL DR JOSÉ PEDRO BEZERRA DE NATAL;925778;1116;Material;925778-9/2026;material permanente;Catálogo do Compras.gov.br;Material;6515;INSTRUMENTOS, EQUIPAMENTOS E SUPRIMENTOS MÉDICOS  E  CIRÚRGICOS;18229;SONDA TRATO DIGESTIVO;435909;APLICAÇÃO: ORO OU NASOGÁSTRICA, CALIBRE: Nº 16, COMPONENTES: PONTA DISTAL FECHADA, C/ ORIFÍCIOS LATERAIS, COMPRIMENTO: CERCA 120, CONECTOR: CONECTOR PADRÃO C/ TAMPA, EMBALAGEM: EMBALAGEM INDIVIDUAL, ESTERILIDADE: ESTÉRIL, DESCARTÁVEL, MATERIAL: PVC, MODELO: LEVINE, TAMANHO: LONGA;UN;60,0000;0,9600;57,6000;0,0000;30/12/2026
ERN - HOSPITAL DR JOSÉ PEDRO BEZERRA DE NATAL;925778;1117;Material;925778-9/2026;material permanente;Catálogo do Compras.gov.br;Material;6515;INSTRUMENTOS, EQUIPAMENTOS E SUPRIMENTOS MÉDICOS  E  CIRÚRGICOS;17428;SERINGA;439636;ADICIONAL: GRADUADA, NUMERADA, APRESENTAÇÃO: EMBALAGEM INDIVIDUAL, CAPACIDADE: 60, ESTERILIDADE: ESTÉRIL, DESCARTÁVEL, MATERIAL: POLIPROPILENO, TIPO BICO: BICO TIPO CATETER, TIPO VEDAÇÃO: ÊMBOLO DE BORRACHA;UN;500,0000;0,6500;325,0000;0,0000;30/12/2026
ERN - HOSPITAL DR JOSÉ PEDRO BEZERRA DE NATAL;925778;1118;Material;925778-9/2026;material permanente;Catálogo do Compras.gov.br;Material;6515;INSTRUMENTOS, EQUIPAMENTOS E SUPRIMENTOS MÉDICOS  E  CIRÚRGICOS;30233;RESERVATÓRIO P/ COLETA DE AMOSTRA BIOLÓGICA;619195;APLICAÇÃO: P/ URINA INFANTIL, COMPONENTE: C/ ADESIVO DE FIXAÇÃO NO PACIENTE, ESTERILIDADE: ESTÉRIL, USO ÚNICO, MATERIAL: POLÍMERO MALEÁVEL TRANSPARENTE, GRADUADO, MODELO: SACO, VOLUME: CERCA DE 100 ML;UN;700,0000;0,3300;231,0000;0,0000;30/12/2026
ERN - HOSPITAL DR JOSÉ PEDRO BEZERRA DE NATAL;925778;1119;Material;925778-9/2026;material permanente;Catálogo do Compras.gov.br;Material;6515;INSTRUMENTOS, EQUIPAMENTOS E SUPRIMENTOS MÉDICOS  E  CIRÚRGICOS;17428;SERINGA;439697;ADICIONAL: GRADUADA, NUMERADA, APRESENTAÇÃO: EMBALAGEM INDIVIDUAL, CAPACIDADE: 5, COMPONENTE ADICIONAL: C/ SISTEMA SEGURANÇA SEGUNDO NR/32, ESTERILIDADE: ESTÉRIL, DESCARTÁVEL, MATERIAL: POLIPROPILENO, TIPO AGULHA: C/ AGULHA 23 G X 1", TIPO BICO: BICO CENTRAL LUER LOCK OU SLIP, TIPO VEDAÇÃO: ÊMBOLO DE BORRACHA;UN;8100,0000;0,2800;2268,0000;0,0000;30/12/2026
ERN - HOSPITAL DR JOSÉ PEDRO BEZERRA DE NATAL;925778;1120;Material;925778-9/2026;material permanente;Catálogo do Compras.gov.br;Material;6515;INSTRUMENTOS, EQUIPAMENTOS E SUPRIMENTOS MÉDICOS  E  CIRÚRGICOS;3701;CATETER PERIFÉRICO;437166;APLICAÇÃO: VENOSO, COMPONENTE 2: C/ SISTEMA SEGURANÇA SEGUNDO NR/32, COMPONENTE ADICIONAL: C/ ASA DE FIXAÇÃO, TUBO EXTENSOR, CONECTOR: CONECTOR PADRÃO C/ TAMPA, DIAMETRO: 21, MATERIAL AGULHA: AGULHA AÇO INOX, MODELO: TIPO ESCALPE, TIPO USO: ESTÉRIL, DESCARTÁVEL, EMBALAGEM INDIVIDUAL;UN;650,0000;0,3200;208,0000;0,0000;30/12/2026
ERN - HOSPITAL DR JOSÉ PEDRO BEZERRA DE NATAL;925778;1121;Material;925778-9/2026;material permanente;Catálogo do Compras.gov.br;Material;6515;INSTRUMENTOS, EQUIPAMENTOS E SUPRIMENTOS MÉDICOS  E  CIRÚRGICOS;2224;TUBO ENDOTRAQUEAL;451320;CALIBRE: 8,5, COMPONENTE 1: BALÃO ALTO VOLUME E BAIXA PRESSÃO, COMPONENTE 2: RADIOPACO, GRADUADO, ESTERILIDADE: ESTÉRIL, USO ÚNICO, MATERIAL: PVC SILICONIZADO, MODELO: CURVA MAGILL, TIPO CONECTOR: CONECTOR PADRÃO, TIPO PONTA: C/ PONTA DISTAL ATRAUMÁTICA E ORIFÍCIO MURPHY;UN;10,0000;3,2000;32,0000;0,0000;30/12/2026
ERN - HOSPITAL DR JOSÉ PEDRO BEZERRA DE NATAL;925778;1179;Material;925778-9/2026;material permanente;Catálogo do Compras.gov.br;Material;6515;INSTRUMENTOS, EQUIPAMENTOS E SUPRIMENTOS MÉDICOS  E  CIRÚRGICOS;8203;DRENO CIRÚRGICO;438508;CALIBRE: 10, COMPRIMENTO: CERCA DE 50, EMBALAGEM: EMBALAGEM INDIVIDUAL, MATERIAL: BORRACHA, MODELO: KEHR EM "T", TIPO USO: ESTÉRIL, DESCARTÁVEL;UN;10,0000;7,7300;77,3000;0,0000;30/12/2026
ERN - HOSPITAL DR JOSÉ PEDRO BEZERRA DE NATAL;925778;1551;Material;925778-7/2026;Material uso consumo nutrição;Catálogo do Compras.gov.br;Material;7195;MOBILIÁRIOS DIVERSOS E ACESSÓRIOS;16077;RODÍZIO GIRATÓRIO;475773;CAPACIDADE CARGA: 150, CARACTERÍSTICAS ADICIONAIS: COM TRAVA, FIXAÇÃO EM ESPIGA DE ROSCA, DIÂMETRO EXTERNO: 3, MATERIAL: NÁILON, MATERIAL ESTRUTURA: AÇO;UN;100,0000;42,0000;4200,0000;0,0000;31/12/2026
ERN - HOSPITAL DR JOSÉ PEDRO BEZERRA DE NATAL;925778;1552;Material;925778-7/2026;Material uso consumo nutrição;Catálogo do Compras.gov.br;Material;7240;RECEPIENTES PARA USO DOMÉSTICO E COMERCIAL;11495;LIXEIRA;611059;CAPACIDADE: 60 LITROS, CARACTERÍSTICAS ADICIONAIS: CONFORME MODELO, COR: BRANCA, MATERIAL: POLIETILENO OU POLIPROPILENO, TIPO: COM TAMPA E PEDAL ACOPLADOS;UN;50,0000;108,8900;5444,5000;0,0000;31/12/2026
ERN - HOSPITAL DR JOSÉ PEDRO BEZERRA DE NATAL;925778;1553;Material;925778-7/2026;Material uso consumo nutrição;Catálogo do Compras.gov.br;Material;7240;RECEPIENTES PARA USO DOMÉSTICO E COMERCIAL;764;BALDE;381531;CAPACIDADE: 10, CARACTERÍSTICAS ADICIONAIS: REFORÇO FUNDO E BORDA, COR: PRETA, MATERIAL: PLÁSTICO, MATERIAL ALÇA: ARAME GALVANIZADO;UN;30,0000;10,0000;300,0000;0,0000;31/12/2026
ERN - HOSPITAL DR JOSÉ PEDRO BEZERRA DE NATAL;925778;1554;Material;925778-7/2026;Material uso consumo nutrição;Catálogo do Compras.gov.br;Material;7240;RECEPIENTES PARA USO DOMÉSTICO E COMERCIAL;764;BALDE;250011;CAPACIDADE: 60, CARACTERÍSTICAS ADICIONAIS: COM TAMPA ACIONADA POR PEDAL, COR: BRANCA, FORMATO: CILÍNDRICO, MATERIAL: PLÁSTICO;UN;36,0000;79,0000;2844,0000;0,0000;31/12/2026
ERN - HOSPITAL DR JOSÉ PEDRO BEZERRA DE NATAL;925778;1555;Material;925778-7/2026;Material uso consumo nutrição;Catálogo do Compras.gov.br;Material;7240;RECEPIENTES PARA USO DOMÉSTICO E COMERCIAL;11495;LIXEIRA;448849;APLICAÇÃO: COLETA DE LIXO, CAPACIDADE: 200, CARACTERÍSTICAS ADICIONAIS: COM TAMPA E PEDAL, COR: CINZA, MATERIAL: PLÁSTICO, TIPO: BASCULANTE;UN;50,0000;63,0000;3150,0000;0,0000;31/12/2026
ERN - HOSPITAL DR JOSÉ PEDRO BEZERRA DE NATAL;925778;1556;Material;925778-7/2026;Material uso consumo nutrição;Catálogo do Compras.gov.br;Material;7350;LOUÇA E ARTIGOS DE MESA;5849;COPO DESCARTÁVEL;419309;APLICAÇÃO: CAFÉ, CAPACIDADE: 50, CARACTERÍSTICAS ADICIONAIS: ATÓXICO, DE ACORDO C/ NORMA ABNT, NBR 14865, COR: BRANCO, MATERIAL: POLIESTIRENO;CX;240,0000;61,0000;14640,0000;0,0000;31/12/2026
ERN - HOSPITAL DR JOSÉ PEDRO BEZERRA DE NATAL;925778;1557;Material;925778-7/2026;Material uso consumo nutrição;Catálogo do Compras.gov.br;Material;7350;LOUÇA E ARTIGOS DE MESA;5849;COPO DESCARTÁVEL;352341;CAPACIDADE: 300, COR: BRANCO, MATERIAL: POLIPROPILENO;CX;200,0000;85,0000;17000,0000;0,0000;31/12/2026
ERN - HOSPITAL DR JOSÉ PEDRO BEZERRA DE NATAL;925778;1558;Material;925778-7/2026;Material uso consumo nutrição;Catálogo do Compras.gov.br;Material;7340;CUTELARIA E TALHERES;1430;FACA DESCARTÁVEL;341327;CARACTERÍSTICAS ADICIONAIS: COM SERRILHA, TAMANHO GRANDE, MATERIAL: PLÁSTICO, APLICAÇÃO: REFEIÇÃO/SOBREMESA;PCT;2000,0000;4,5000;9000,0000;0,0000;31/12/2026
ERN - HOSPITAL DR JOSÉ PEDRO BEZERRA DE NATAL;925778;1559;Material;925778-7/2026;Material uso consumo nutrição;Catálogo do Compras.gov.br;Material;7195;MOBILIÁRIOS DIVERSOS E ACESSÓRIOS;16077;RODÍZIO GIRATÓRIO;252123;CAPACIDADE CARGA: 600, COMPRIMENTO ROLAMENTO: 140, DIÂMETRO EXTERNO: 5, ESPESSURA ROLAMENTO: 9,53, LARGURA: 50, LARGURA ROLAMENTO: 130, MATERIAL BANDA RODAGEM: POLIURETANO TERMOPLÁSTICO COM DUREZA 90 SHOE "A", MATERIAL ESTRUTURA: AÇO, MATERIAL NÚCLEO RODA: FERRO C/PINTURA EPOXI PRETO, QUANTIDADE FUROS FIXAÇÃO: 4 DE 13 MM DE DIÂMETRO, REFERÊNCIA FABRICANTE: SRAX 52 UFS - NOVEX, TIPO MANCAL: ROLAMENTO DE ESFERA S 2Z, TIPO ROLAMENTO: AXIAL;UN;100,0000;85,0000;8500,0000;0,0000;31/12/2026
ERN - HOSPITAL DR JOSÉ PEDRO BEZERRA DE NATAL;925778;1560;Material;925778-7/2026;Material uso consumo nutrição;Catálogo do Compras.gov.br;Material;7240;RECEPIENTES PARA USO DOMÉSTICO E COMERCIAL;11495;LIXEIRA;361242;APLICAÇÃO: COLETA DE LIXO, CAPACIDADE: 50, CARACTERÍSTICAS ADICIONAIS: RETANGULAR, FABRICADA EM PROCESSO DE ROTOMOLDAGEM, COR: BRANCA, MATERIAL: POLIETILENO, REVESTIMENTO: TRATAMENTO EM UV, TIPO: TAMPA BASCULANTE;UN;50,0000;174,0000;8700,0000;0,0000;31/12/2026
ERN - HOSPITAL DR JOSÉ PEDRO BEZERRA DE NATAL;925778;1561;Material;925778-7/2026;Material uso consumo nutrição;Catálogo do Compras.gov.br;Material;7350;LOUÇA E ARTIGOS DE MESA;5849;COPO DESCARTÁVEL;318971;APLICAÇÃO: ÁGUA, CAPACIDADE: 150, CARACTERÍSTICAS ADICIONAIS: ATÓXICO, DE ACORDO C/ NORMA ABNT, NBR 14865, COR: BRANCO, MATERIAL: POLIESTIRENO;PCT;8000,0000;6,0000;48000,0000;0,0000;31/12/2026
ERN - HOSPITAL DR JOSÉ PEDRO BEZERRA DE NATAL;925778;1562;Material;925778-7/2026;Material uso consumo nutrição;Catálogo do Compras.gov.br;Material;7240;RECEPIENTES PARA USO DOMÉSTICO E COMERCIAL;11495;LIXEIRA;443238;APLICAÇÃO: COLETA SELETIVA DE LIXO, CAPACIDADE: 15, CARACTERÍSTICAS ADICIONAIS: COM TAMPA E PEDAL, COR: PRETA, IMPRESSÃO: COM SÍMBOLO, MATERIAL: POLIPROPILENO, TIPO: QUADRADA;UN;50,0000;44,9000;2245,0000;0,0000;31/12/2026
ERN - HOSPITAL DR JOSÉ PEDRO BEZERRA DE NATAL;925778;1563;Material;925778-7/2026;Material uso consumo nutrição;Catálogo do Compras.gov.br;Material;7240;RECEPIENTES PARA USO DOMÉSTICO E COMERCIAL;6294;DISPENSER PARA COPO PLÁSTICO;388048;CAPACIDADE: 100: SENDO 50 ÁGUA E 50 CAFÉ, CAPACIDADE COPO: 50 E 200, CARACTERÍSTICAS ADICIONAIS: COM TAMPA REMOVÍVEL E FIXADO COM PARAFUSO/BUCHA, COMPRIMENTO: 41, DIÂMETRO: 9, LARGURA: 15, MATERIAL: ACRÍLICO, MATERIAL BASE: PLÁSTICO, TRANSMITÂNCIA: TRANSPARENTE;UN;30,0000;27,0000;810,0000;0,0000;31/12/2026
ERN - HOSPITAL DR JOSÉ PEDRO BEZERRA DE NATAL;925778;1564;Material;925778-7/2026;Material uso consumo nutrição;Catálogo do Compras.gov.br;Material;7240;RECEPIENTES PARA USO DOMÉSTICO E COMERCIAL;2826;DISPENSER PAPEL TOALHA;372651;CARACTERÍSTICAS ADICIONAIS: INTERFOLHA 3 DOBRAS: 23X27 CM E 2 DOBRAS: 23X23 CM, COR: BRANCA E CINZA, DIMENSÕES: 32 X 26,70 X 12,80, MATERIAL: PLÁSTICO ABS, TIPO: INTERFOLHA;UN;70,0000;44,0000;3080,0000;0,0000;31/12/2026
ERN - HOSPITAL DR JOSÉ PEDRO BEZERRA DE NATAL;925778;1136;Material;925778-9/2026;material permanente;Catálogo do Compras.gov.br;Material;6515;INSTRUMENTOS, EQUIPAMENTOS E SUPRIMENTOS MÉDICOS  E  CIRÚRGICOS;30040;FIO DE SUTURA AGULHADO;487518;APRESENTAÇÃO: EMBALAGEM INDIVIDUAL, COMPRIMENTO AGULHA: CERCA DE 26, COMPRIMENTO FIO: CERCA DE 70, DIÂMETRO FIO: 3-0, ESTERILIDADE: ESTÉRIL, MATERIAL FIO: POLIPROPILENO AZUL, MODELO AGULHA: CILÍNDRICA, MODELO FIO: MONOFILAMENTAR, TIPO AGULHA: 2 AGULHAS 1/2 CÍRCULO NAS EXTREMIDADES;UN;120,0000;5,1200;614,4000;0,0000;30/12/2026
ERN - HOSPITAL DR JOSÉ PEDRO BEZERRA DE NATAL;925778;1137;Material;925778-9/2026;material permanente;Catálogo do Compras.gov.br;Material;6515;INSTRUMENTOS, EQUIPAMENTOS E SUPRIMENTOS MÉDICOS  E  CIRÚRGICOS;7510;CATETER CENTRAL;437287;APLICAÇÃO: VENOSO, COMPONENTE: KIT INTRODUTOR COMPLETO, COMPRIMENTO: CERCA 20, CONECTOR: CONECTORES PADRÃO, CLAMP E TAMPA, LÚMEN: 22, MATÉRIA PRIMA: POLIURETANO RADIOPACO, TIPO FIXAÇÃO: FIXAÇÃO SUBCUTÂNEA, TIPO USO: ESTÉRIL, DESCARTÁVEL, EMBALAGEM INDIVIDUAL, VIAS: MONO LÚMEN;UN;15,0000;57,1800;857,7000;0,0000;30/12/2026
ERN - HOSPITAL DR JOSÉ PEDRO BEZERRA DE NATAL;925778;1138;Material;925778-9/2026;material permanente;Catálogo do Compras.gov.br;Material;6515;INSTRUMENTOS, EQUIPAMENTOS E SUPRIMENTOS MÉDICOS  E  CIRÚRGICOS;1268;PRESERVATIVO MASCULINO;330952;ADICIONAIS: TRANSLÚCIDO, TRANSPARENTE, CARACTERÍSTICAS ADICIONAIS: S/LUBRIFICANTE, S/ ESPERMICIDA, COMPRIMENTO MÍNIMO: 160, ESPESSURA MÍNIMA: ESPESSURA MÍN. 0,03MM, LARGURA: 52, MATERIAL: LÁTEX NATURAL;UN;200,0000;0,3200;64,0000;0,0000;30/12/2026
ERN - HOSPITAL DR JOSÉ PEDRO BEZERRA DE NATAL;925778;1139;Material;925778-9/2026;material permanente;Catálogo do Compras.gov.br;Material;6515;INSTRUMENTOS, EQUIPAMENTOS E SUPRIMENTOS MÉDICOS  E  CIRÚRGICOS;30128;EQUIPO DE INFUSÃO VENOSA GRAVITACIONAL;616945;ADICIONAL: C/ CLAMP, COMPRIMENTO TUBO: ATÉ 180 CM, CONECTOR PACIENTE: LUER, CÂMARA GOTEJAMENTO: MACROGOTAS, FLEXÍVEL, C/ RESPIRO E FILTRO, ESTERILIDADE: ESTÉRIL, USO ÚNICO, MATERIAL: PVC TRANSPARENTE, SEM DEHP, REGULADOR DE FLUXO MANUAL: ROLETE GRADUADO EM ML/H, TIPO EMBALAGEM: INDIVIDUAL, TIPO INJETOR LATERAL: C/ 1 INJETOR, USO S/ AGULHA;UN;5000,0000;0,9900;4950,0000;0,0000;30/12/2026
ERN - HOSPITAL DR JOSÉ PEDRO BEZERRA DE NATAL;925778;1140;Material;925778-9/2026;material permanente;Catálogo do Compras.gov.br;Material;6515;INSTRUMENTOS, EQUIPAMENTOS E SUPRIMENTOS MÉDICOS  E  CIRÚRGICOS;18229;SONDA TRATO DIGESTIVO;463618;APLICAÇÃO: P/ GASTROSTOMIA, CALIBRE: 18, COMPONENTES: SISTEMA PARA FIXAÇÃO, CONECTOR: CONECTOR PADRÃO C/ TAMPA, EMBALAGEM: EMBALAGEM INDIVIDUAL, ESTERILIDADE: ESTÉRIL, DESCARTÁVEL, MATERIAL: SILICONE, MODELO: DE TROCA, OUTROS COMPONENTES: DISTAL - INTRA GÁSTRICA E PERIOSTOMAL, VIAS: 3 VIAS;UN;15,0000;49,5800;743,7000;0,0000;30/12/2026
ERN - HOSPITAL DR JOSÉ PEDRO BEZERRA DE NATAL;925778;1141;Material;925778-9/2026;material permanente;Catálogo do Compras.gov.br;Material;6515;INSTRUMENTOS, EQUIPAMENTOS E SUPRIMENTOS MÉDICOS  E  CIRÚRGICOS;30273;COLETOR DE RESÍDUOS DE SERVIÇO DE SAÚDE;623107;ADICIONAL: C/ ALÇA, CAPACIDADE: CERCA DE 3, MATERIAL: CAIXA DE PAPELÃO C/ SACO PLÁSTICO, TIPO DE RESÍDUO: GRUPO E - RESÍDUO PERFUROCORTANTE INFECTANTE, TIPO RISCO: RISCO BIOLÓGICO, USO: USO ÚNICO;UN;300,0000;3,7000;1110,0000;0,0000;30/12/2026
ERN - HOSPITAL DR JOSÉ PEDRO BEZERRA DE NATAL;925778;1142;Material;925778-9/2026;material permanente;Catálogo do Compras.gov.br;Material;6515;INSTRUMENTOS, EQUIPAMENTOS E SUPRIMENTOS MÉDICOS  E  CIRÚRGICOS;8203;DRENO CIRÚRGICO;464738;COMPONENTE I: C/ GAZE, COMPONENTE II: RADIOPACO, DIMENSÕES: CERCA DE 20 MM X 30, EMBALAGEM: EMBALAGEM INDIVIDUAL, MATERIAL: LÁTEX, MODELO: DE PENROSE, TIPO USO: ESTÉRIL, DESCARTÁVEL;UN;2,0000;2,2500;4,5000;0,0000;30/12/2026
ERN - HOSPITAL DR JOSÉ PEDRO BEZERRA DE NATAL;925778;1143;Material;925778-9/2026;material permanente;Catálogo do Compras.gov.br;Material;6515;INSTRUMENTOS, EQUIPAMENTOS E SUPRIMENTOS MÉDICOS  E  CIRÚRGICOS;19802;INSTRUMENTAL P/ ENDOSCÓPIO;465288;COMPONENTE 2: MANOPLA C/ CONEXÃO P/ BISTURI ELÉTRICO, DIMENSÃO: P/ CANAL CERCA DE 2,8 MM X 230 CM, DIÂMETRO PONTA: CERCA DE 30, ESTERILIDADE: ESTERILIZÁVEL, HASTE: HASTE ISOLADA, TIPO: ALÇA POLIPECTOMIA, TIPO FIO: FIO AÇO INOXIDÁVEL, TRANÇADO, TIPO PONTA: HEXAGONAL;UN;5,0000;109,7500;548,7500;0,0000;30/12/2026
ERN - HOSPITAL DR JOSÉ PEDRO BEZERRA DE NATAL;925778;1144;Material;925778-9/2026;material permanente;Catálogo do Compras.gov.br;Material;6540;EQUIPAMENTOS, INSTRUMENTOS E SUPRIMENTOS OFTALMOLÓGICOS;19922;PROTETOR OCULAR;479668;APLICAÇÃO: P/ FOTOTERAPIA NEONATAL, COMPONENTE: BORDA C/ FIXAÇÃO ADESIVA, EMBALAGEM: EMBALAGEM INDIVIDUAL, ESTERILIDADE: USO ÚNICO, FORMATO: TIPO ÓCULOS, MATERIAL: PELÍCULA HIPOALERGÊNICA, MODELO: BINOCULAR, TAMANHO: MÉDIO;UN;500,0000;11,3500;5675,0000;0,0000;30/12/2026
ERN - HOSPITAL DR JOSÉ PEDRO BEZERRA DE NATAL;925778;1145;Material;925778-9/2026;material permanente;Catálogo do Compras.gov.br;Material;6515;INSTRUMENTOS, EQUIPAMENTOS E SUPRIMENTOS MÉDICOS  E  CIRÚRGICOS;4302;EXTENSOR INFUSÃO VASCULAR;459687;CALIBRE: CERCA 6, CARACTERÍSTICAS ADICIONAIS: FOTOSSENSÍVEL, COMPONENTE ADICIONAL: C/ CLAMP, COMPRIMENTO: CERCA 120, MATERIAL: POLÍMERO, PRESSÃO MÁXIMA: ATÉ CERCA DE 100, TIPO: P/ BOMBA INFUSORA, TIPO CONEXÃO: LUER LOCK / SLIP, TIPO USO: ESTÉRIL, USO ÚNICO, VIAS: 1 VIA;UN;2000,0000;0,4300;860,0000;0,0000;30/12/2026
ERN - HOSPITAL DR JOSÉ PEDRO BEZERRA DE NATAL;925778;1146;Material;925778-9/2026;material permanente;Catálogo do Compras.gov.br;Material;6515;INSTRUMENTOS, EQUIPAMENTOS E SUPRIMENTOS MÉDICOS  E  CIRÚRGICOS;18766;CÂMARA RETRÁTIL;387142;APLICAÇÃO: AEROSSOLTERAPIA, ESTERILIDADE: ESTÉRIL, MATERIAL: PVC ATÓXICO, TAMANHO: ADULTO, TIPO: SANFONADA,SISTEMA DE MOLA, TIPO USO: DESCARTÁVEL, USO: CONECTOR UNIVERSAL;UN;20,0000;39,6600;793,2000;0,0000;30/12/2026
ERN - HOSPITAL DR JOSÉ PEDRO BEZERRA DE NATAL;925778;1147;Material;925778-9/2026;material permanente;Catálogo do Compras.gov.br;Material;6515;INSTRUMENTOS, EQUIPAMENTOS E SUPRIMENTOS MÉDICOS  E  CIRÚRGICOS;17428;SERINGA;439681;ADICIONAL: GRADUADA, NUMERADA, APRESENTAÇÃO: EMBALAGEM INDIVIDUAL, CAPACIDADE: 3, COMPONENTE ADICIONAL: C/ SISTEMA SEGURANÇA SEGUNDO NR/32, ESTERILIDADE: ESTÉRIL, DESCARTÁVEL, MATERIAL: POLIPROPILENO, TIPO AGULHA: C/ AGULHA 22 G X 1", TIPO BICO: BICO CENTRAL LUER LOCK OU SLIP, TIPO VEDAÇÃO: ÊMBOLO DE BORRACHA;UN;9250,0000;0,2700;2497,5000;0,0000;30/12/2026
ERN - HOSPITAL DR JOSÉ PEDRO BEZERRA DE NATAL;925778;1148;Material;925778-9/2026;material permanente;Catálogo do Compras.gov.br;Material;6515;INSTRUMENTOS, EQUIPAMENTOS E SUPRIMENTOS MÉDICOS  E  CIRÚRGICOS;2224;TUBO ENDOTRAQUEAL;451322;CALIBRE: 5,5, COMPONENTE 1: BALÃO ALTO VOLUME E BAIXA PRESSÃO, COMPONENTE 2: RADIOPACO, GRADUADO, ESTERILIDADE: ESTÉRIL, USO ÚNICO, MATERIAL: PVC SILICONIZADO, MODELO: CURVA MAGILL, TIPO CONECTOR: CONECTOR PADRÃO, TIPO PONTA: C/ PONTA DISTAL ATRAUMÁTICA E ORIFÍCIO MURPHY;UN;10,0000;3,0700;30,7000;0,0000;30/12/2026
ERN - HOSPITAL DR JOSÉ PEDRO BEZERRA DE NATAL;925778;1149;Material;925778-9/2026;material permanente;Catálogo do Compras.gov.br;Material;6515;INSTRUMENTOS, EQUIPAMENTOS E SUPRIMENTOS MÉDICOS  E  CIRÚRGICOS;18229;SONDA TRATO DIGESTIVO;435902;ADICIONAIS: RADIOPACA, APLICAÇÃO: NASOENTERAL, CALIBRE: Nº 12, COMPONENTES: PONTA DISTAL FECHADA, C/ ORIFÍCIOS LATERAIS, COMPRIMENTO: CERCA 120, CONECTOR: CONECTOR EM Y C/ TAMPA, EMBALAGEM: EMBALAGEM INDIVIDUAL, ESTERILIDADE: ESTÉRIL, DESCARTÁVEL, GRADUAÇÃO: GRADUADA, MATERIAL: POLIURETANO, OUTROS COMPONENTES: C/ FIO GUIA, PESO METÁLICO;UN;50,0000;7,6500;382,5000;0,0000;30/12/2026
ERN - HOSPITAL DR JOSÉ PEDRO BEZERRA DE NATAL;925778;1150;Material;925778-9/2026;material permanente;Catálogo do Compras.gov.br;Material;6515;INSTRUMENTOS, EQUIPAMENTOS E SUPRIMENTOS MÉDICOS  E  CIRÚRGICOS;18229;SONDA TRATO DIGESTIVO;435893;APLICAÇÃO: ESOFÁGICA, CALIBRE: Nº 18, COMPONENTES: C/ ORIFÍCIOS E 2 BALÕES (GÁSTRICO / ESOFÁGICO), COMPRIMENTO: CERCA 100, EMBALAGEM: EMBALAGEM INDIVIDUAL, ESTERILIDADE: ESTÉRIL, DESCARTÁVEL, MATERIAL: BORRACHA, MODELO: SENGSTAKEN-BLAKEMORE, VIAS: 3 VIAS;UN;2,0000;478,5706;957,1412;0,0000;30/12/2026
ERN - HOSPITAL DR JOSÉ PEDRO BEZERRA DE NATAL;925778;1151;Material;925778-9/2026;material permanente;Catálogo do Compras.gov.br;Material;6545;JOGOS E CONJUNTOS MÉDICOS;5728;CÂNULA DE TRAQUEOSTOMIA;438092;COMPONENTES*: BALÃO DE ALTO VOLUME E BAIXA PRESSÃO, DIÂMETRO: CERCA DE 7,0, EMBALAGEM: EMBALAGEM INDIVIDUAL, ESTERELIDADE: ESTÉRIL, MATERIAL*: PVC, MODELO: C/ LÚMEN ADICIONAL P/ ASPIRAÇÃO SUBGLÓTICA, OUTROS COMPONENTES*: C/ SISTEMA DE CONTROLE DE PRESSÃO, TIPO: RADIOPACO;UN;2,0000;12,0000;24,0000;0,0000;30/12/2026
ERN - HOSPITAL DR JOSÉ PEDRO BEZERRA DE NATAL;925778;1152;Material;925778-9/2026;material permanente;Catálogo do Compras.gov.br;Material;6515;INSTRUMENTOS, EQUIPAMENTOS E SUPRIMENTOS MÉDICOS  E  CIRÚRGICOS;18297;ENDOSCÓPIO FLEXÍVEL;439103;COMPATIBILIDADE: C/ CANAL DE TRABALHO CERCA DE 2 MM, COMPRIMENTO: CERCA DE 60, DIÂMETRO: CERCA DE 5, TIPO: FLEXÍVEL;UN;5,0000;285,0000;1425,0000;0,0000;30/12/2026
ERN - HOSPITAL DR JOSÉ PEDRO BEZERRA DE NATAL;925778;1153;Material;925778-9/2026;material permanente;Catálogo do Compras.gov.br;Material;6515;INSTRUMENTOS, EQUIPAMENTOS E SUPRIMENTOS MÉDICOS  E  CIRÚRGICOS;30040;FIO DE SUTURA AGULHADO;487452;APRESENTAÇÃO: EMBALAGEM INDIVIDUAL, COMPRIMENTO AGULHA: CERCA DE 30, COMPRIMENTO FIO: CERCA DE 45, DIÂMETRO FIO: 2-0, ESTERILIDADE: ESTÉRIL, MATERIAL FIO: NYLON / POLIAMIDA PRETO, MODELO AGULHA: CORTANTE REVERSA / INVERTIDA, MODELO FIO: MONOFILAMENTAR, TIPO AGULHA: AGULHA 3/8 CÍRCULO;UN;300,0000;1,3200;396,0000;0,0000;30/12/2026
ERN - HOSPITAL DR JOSÉ PEDRO BEZERRA DE NATAL;925778;1154;Material;925778-9/2026;material permanente;Catálogo do Compras.gov.br;Material;6515;INSTRUMENTOS, EQUIPAMENTOS E SUPRIMENTOS MÉDICOS  E  CIRÚRGICOS;6460;ELETRODO USO MÉDICO;461243;ACESSÓRIO: S/ CABO, ADICIONAL 1: C/ GEL CONDUTOR, APLICAÇÃO 1: P/ MONITORIZAÇÃO CARDÍACA - ECG, ESTERILIDADE: USO ÚNICO, MATERIAL SENSOR: PRATA/PRATA CLORADA, MODELO: DE SUPERFÍCIE, TAMANHOS: ADULTO, TIPO: ADESIVO;UN;6000,0000;0,1900;1140,0000;0,0000;30/12/2026
ERN - HOSPITAL DR JOSÉ PEDRO BEZERRA DE NATAL;925778;1155;Material;925778-9/2026;material permanente;Catálogo do Compras.gov.br;Material;6515;INSTRUMENTOS, EQUIPAMENTOS E SUPRIMENTOS MÉDICOS  E  CIRÚRGICOS;18229;SONDA TRATO DIGESTIVO;463623;APLICAÇÃO: P/ GASTROSTOMIA, CALIBRE: 20, COMPONENTES: SISTEMA PARA FIXAÇÃO, CONECTOR: CONECTOR PADRÃO C/ TAMPA, EMBALAGEM: EMBALAGEM INDIVIDUAL, ESTERILIDADE: ESTÉRIL, DESCARTÁVEL, MATERIAL: SILICONE, MODELO: DE TROCA, OUTROS COMPONENTES: DISTAL - INTRA GÁSTRICA E PERIOSTOMAL, VIAS: 3 VIAS;UN;30,0000;49,5800;1487,4000;0,0000;30/12/2026
ERN - HOSPITAL DR JOSÉ PEDRO BEZERRA DE NATAL;925778;1156;Material;925778-9/2026;material permanente;Catálogo do Compras.gov.br;Material;6515;INSTRUMENTOS, EQUIPAMENTOS E SUPRIMENTOS MÉDICOS  E  CIRÚRGICOS;3701;CATETER PERIFÉRICO;437164;APLICAÇÃO: VENOSO, COMPONENTE 2: C/ SISTEMA SEGURANÇA SEGUNDO NR/32, COMPONENTE ADICIONAL: C/ ASA DE FIXAÇÃO, TUBO EXTENSOR, CONECTOR: CONECTOR PADRÃO C/ TAMPA, DIAMETRO: 19, MATERIAL AGULHA: AGULHA AÇO INOX, MODELO: TIPO ESCALPE, TIPO USO: ESTÉRIL, DESCARTÁVEL, EMBALAGEM INDIVIDUAL;UN;200,0000;0,3200;64,0000;0,0000;30/12/2026
ERN - HOSPITAL DR JOSÉ PEDRO BEZERRA DE NATAL;925778;1157;Material;925778-9/2026;material permanente;Catálogo do Compras.gov.br;Material;6515;INSTRUMENTOS, EQUIPAMENTOS E SUPRIMENTOS MÉDICOS  E  CIRÚRGICOS;18229;SONDA TRATO DIGESTIVO;435904;APLICAÇÃO: ORO OU NASOGÁSTRICA, CALIBRE: Nº 8, COMPONENTES: PONTA DISTAL FECHADA, C/ ORIFÍCIOS LATERAIS, COMPRIMENTO: CERCA 50, CONECTOR: CONECTOR PADRÃO C/ TAMPA, EMBALAGEM: EMBALAGEM INDIVIDUAL, ESTERILIDADE: ESTÉRIL, DESCARTÁVEL, MATERIAL: PVC, MODELO: LEVINE, TAMANHO: CURTA;UN;25,0000;0,5400;13,5000;0,0000;30/12/2026
ERN - HOSPITAL DR JOSÉ PEDRO BEZERRA DE NATAL;925778;1158;Material;925778-9/2026;material permanente;Catálogo do Compras.gov.br;Material;6515;INSTRUMENTOS, EQUIPAMENTOS E SUPRIMENTOS MÉDICOS  E  CIRÚRGICOS;19802;INSTRUMENTAL P/ ENDOSCÓPIO;465282;COMPONENTE 2: MANOPLA C/ CONEXÃO P/ BISTURI ELÉTRICO, DIMENSÃO: P/ CANAL CERCA DE 2,8 MM X 230 CM, DIÂMETRO PONTA: CERCA DE 30, ESTERILIDADE: ESTERILIZÁVEL, HASTE: HASTE ISOLADA, TIPO: ALÇA POLIPECTOMIA, TIPO FIO: FIO AÇO INOXIDÁVEL, MONOFILAMENTAR, TIPO PONTA: OVAL;UN;10,0000;761,4672;7614,6720;0,0000;30/12/2026
ERN - HOSPITAL DR JOSÉ PEDRO BEZERRA DE NATAL;925778;1159;Material;925778-9/2026;material permanente;Catálogo do Compras.gov.br;Material;6515;INSTRUMENTOS, EQUIPAMENTOS E SUPRIMENTOS MÉDICOS  E  CIRÚRGICOS;30040;FIO DE SUTURA AGULHADO;487668;APRESENTAÇÃO: EMBALAGEM INDIVIDUAL, COMPRIMENTO AGULHA: CERCA DE 40, COMPRIMENTO FIO: 4 X CERCA DE 45, DIÂMETRO FIO: Nº 4, ESTERILIDADE: ESTÉRIL, MATERIAL FIO: AÇO INOXIDÁVEL, MODELO AGULHA: CORTANTE, MODELO FIO: MONOFILAMENTAR, TIPO AGULHA: AGULHA 1/2 CÍRCULO;UN;2,0000;16,8000;33,6000;0,0000;30/12/2026
ERN - HOSPITAL DR JOSÉ PEDRO BEZERRA DE NATAL;925778;1160;Material;925778-9/2026;material permanente;Catálogo do Compras.gov.br;Material;6515;INSTRUMENTOS, EQUIPAMENTOS E SUPRIMENTOS MÉDICOS  E  CIRÚRGICOS;18347;PEÇA / ACESSÓRIO PARA VIDEOSCÓPIO;600568;COMPATIBILIDADE: COMPATÍVEL C/ RETOSSIGMOIDOSCÓPIO, MATERIAL: AÇO INOXIDÁVEL, TIPO 1: CABEÇOTE C/ FIBRA ÓPTICA;UN;10,0000;1334,2050;13342,0500;0,0000;30/12/2026
ERN - HOSPITAL DR JOSÉ PEDRO BEZERRA DE NATAL;925778;1161;Material;925778-9/2026;material permanente;Catálogo do Compras.gov.br;Material;6515;INSTRUMENTOS, EQUIPAMENTOS E SUPRIMENTOS MÉDICOS  E  CIRÚRGICOS;18229;SONDA TRATO DIGESTIVO;435892;APLICAÇÃO: ESOFÁGICA, CALIBRE: Nº 16, COMPONENTES: C/ ORIFÍCIOS E 2 BALÕES (GÁSTRICO / ESOFÁGICO), COMPRIMENTO: CERCA 100, EMBALAGEM: EMBALAGEM INDIVIDUAL, ESTERILIDADE: ESTÉRIL, DESCARTÁVEL, MATERIAL: BORRACHA, MODELO: SENGSTAKEN-BLAKEMORE, VIAS: 3 VIAS;UN;2,0000;470,9423;941,8846;0,0000;30/12/2026
ERN - HOSPITAL DR JOSÉ PEDRO BEZERRA DE NATAL;925778;1162;Material;925778-9/2026;material permanente;Catálogo do Compras.gov.br;Material;6515;INSTRUMENTOS, EQUIPAMENTOS E SUPRIMENTOS MÉDICOS  E  CIRÚRGICOS;7510;CATETER CENTRAL;437360;APLICAÇÃO: VENOSO, COMPONENTE: KIT INTRODUTOR COMPLETO, COMPRIMENTO: CERCA 30, CONECTOR: CONECTORES PADRÃO, CLAMP E TAMPA, DIÂMETRO: CERCA 2 FR, MATÉRIA PRIMA: SILICONE RADIOPACO, TIPO IMPLANTE: INSERÇÃO PERIFÉRICA, TIPO USO: ESTÉRIL, DESCARTÁVEL, EMBALAGEM INDIVIDUAL, VIAS: MONO LÚMEN;UN;500,0000;212,0000;106000,0000;0,0000;30/12/2026
ERN - HOSPITAL DR JOSÉ PEDRO BEZERRA DE NATAL;925778;1163;Material;925778-9/2026;material permanente;Catálogo do Compras.gov.br;Material;6515;INSTRUMENTOS, EQUIPAMENTOS E SUPRIMENTOS MÉDICOS  E  CIRÚRGICOS;6380;LIGADURA ELÁSTICA;458243;APLICAÇÃO: P/ VARIZES ESÔFAGO / HEMORROIDAS, COMPONENTE: MONTADA EM CILINDRO C/ CERCA DE 6 UNIDADES, COMPONENTE ADICIONAL: C/ CONJUNTO APLICADOR COMPLETO, DIMENSÕES: CERCA DE 4,0 X 1,5 X 2,0, MATERIAL: LÁTEX NATURAL, TIPO USO*: USO ÚNICO;UN;50,0000;423,5298;21176,4900;0,0000;30/12/2026
ERN - HOSPITAL DR JOSÉ PEDRO BEZERRA DE NATAL;925778;1280;Material;925778-9/2026;material permanente;Catálogo do Compras.gov.br;Material;6532;VESTUÁRIO HOSPITALAR E CIRÚRGICO E ITENS CORRELATOS DE  FINALIDADES ESPECIAIS;30247;LUVA P/ PROCEDIMENTO DE SAÚDE NÃO CIRÚRGICO C/ ANVISA;619840;COR: C/ COR, ESTERILIDADE: NÃO ESTÉRIL, USO ÚNICO, FORMATO: AMBIDESTRA, MATERIAL: BORRACHA NATURAL - LÁTEX, PÓ: COM PÓ BIOABSORVÍVEL, SUPERFÍCIE: SUPERFÍCIE LISA, TAMANHO: PEQUENO - P;UN;100000,0000;0,3400;34000,0000;0,0000;30/12/2026
ERN - HOSPITAL DR JOSÉ PEDRO BEZERRA DE NATAL;925778;1164;Material;925778-9/2026;material permanente;Catálogo do Compras.gov.br;Material;6532;VESTUÁRIO HOSPITALAR E CIRÚRGICO E ITENS CORRELATOS DE  FINALIDADES ESPECIAIS;30094;AVENTAL PROCEDIMENTO - PARAMENTAÇÃO;604965;COR: C/ COR, ESTERILIDADE: NÃO ESTÉRIL, DESCARTÁVEL, GRAMATURA: CERCA DE 50, MATERIAL: NÃO TECIDO POLIPROPILENO SMS C/ LÂMINA POLIETILENO, MODELO MANGA: LONGA C/ PUNHO EM MALHA, PROPRIEDADE: HIDROREPELENTE E IMPERMEÁVEL, TAMANHO: GRANDE (G), TIPO DE BARREIRA: C/ BARREIRA BACTERIANA, TIPO FECHAMENTO: POSTERIOR P/ PESCOÇO E CINTURA;UN;6000,0000;2,1500;12900,0000;0,0000;30/12/2026
ERN - HOSPITAL DR JOSÉ PEDRO BEZERRA DE NATAL;925778;1165;Material;925778-9/2026;material permanente;Catálogo do Compras.gov.br;Material;6515;INSTRUMENTOS, EQUIPAMENTOS E SUPRIMENTOS MÉDICOS  E  CIRÚRGICOS;2224;TUBO ENDOTRAQUEAL;451327;CALIBRE: 8,0, COMPONENTE 1: BALÃO ALTO VOLUME E BAIXA PRESSÃO, COMPONENTE 2: RADIOPACO, GRADUADO, ESTERILIDADE: ESTÉRIL, USO ÚNICO, MATERIAL: PVC SILICONIZADO, MODELO: CURVA MAGILL, TIPO CONECTOR: CONECTOR PADRÃO, TIPO PONTA: C/ PONTA DISTAL ATRAUMÁTICA E ORIFÍCIO MURPHY;UN;25,0000;3,0700;76,7500;0,0000;30/12/2026
ERN - HOSPITAL DR JOSÉ PEDRO BEZERRA DE NATAL;925778;1166;Material;925778-9/2026;material permanente;Catálogo do Compras.gov.br;Material;6540;EQUIPAMENTOS, INSTRUMENTOS E SUPRIMENTOS OFTALMOLÓGICOS;19922;PROTETOR OCULAR;479669;APLICAÇÃO: P/ FOTOTERAPIA NEONATAL, COMPONENTE: BORDA C/ FIXAÇÃO ADESIVA, EMBALAGEM: EMBALAGEM INDIVIDUAL, ESTERILIDADE: USO ÚNICO, FORMATO: TIPO ÓCULOS, MATERIAL: PELÍCULA HIPOALERGÊNICA, MODELO: BINOCULAR, TAMANHO: PEQUENO;UN;500,0000;11,2600;5630,0000;0,0000;30/12/2026
ERN - HOSPITAL DR JOSÉ PEDRO BEZERRA DE NATAL;925778;1167;Material;925778-9/2026;material permanente;Catálogo do Compras.gov.br;Material;6515;INSTRUMENTOS, EQUIPAMENTOS E SUPRIMENTOS MÉDICOS  E  CIRÚRGICOS;30132;EQUIPO DE NUTRIÇÃO ENTERAL;610248;COMPATIBILIDADE: C/ EQUIPAMENTO, COMPRIMENTO TOTAL DO TUBO: ACIMA DE 181 CM, CONECTOR DIETA: PONTA EM CRUZ, CONECTOR PACIENTE: ESCALONADO, CÂMARA GOTEJAMENTO: MACROGOTAS, FLEXÍVEL, ESTERILIDADE: ESTÉRIL, USO ÚNICO, MATERIAL: PVC SEM DEHP, C/ COR, REGULADOR DE FLUXO MANUAL: PINÇA ROLETE, TIPO: P/ BOMBA INFUSÃO, COM SEGMENTO DE SILICONE, 1 VIA, TIPO EMBALAGEM: INDIVIDUAL;UN;900,0000;15,0000;13500,0000;0,0000;30/12/2026
ERN - HOSPITAL DR JOSÉ PEDRO BEZERRA DE NATAL;925778;1168;Material;925778-9/2026;material permanente;Catálogo do Compras.gov.br;Material;6515;INSTRUMENTOS, EQUIPAMENTOS E SUPRIMENTOS MÉDICOS  E  CIRÚRGICOS;30040;FIO DE SUTURA AGULHADO;487534;APRESENTAÇÃO: EMBALAGEM INDIVIDUAL, COMPRIMENTO AGULHA: CERCA DE 40, COMPRIMENTO FIO: CERCA DE 70, DIÂMETRO FIO: 0 / 1-0, ESTERILIDADE: ESTÉRIL, MATERIAL FIO: POLIPROPILENO AZUL, MODELO AGULHA: CILÍNDRICA, MODELO FIO: MONOFILAMENTAR, TIPO AGULHA: AGULHA 1/2 CÍRCULO;UN;144,0000;2,2700;326,8800;0,0000;30/12/2026
ERN - HOSPITAL DR JOSÉ PEDRO BEZERRA DE NATAL;925778;1169;Material;925778-9/2026;material permanente;Catálogo do Compras.gov.br;Material;6515;INSTRUMENTOS, EQUIPAMENTOS E SUPRIMENTOS MÉDICOS  E  CIRÚRGICOS;3701;CATETER PERIFÉRICO;437180;APLICAÇÃO: VENOSO, COMPONENTE 1: CÂMARA REFLUXO C/ FILTRO, COMPONENTE 2: C/ SISTEMA SEGURANÇA SEGUNDO NR/32, COMPRIMENTO: CERCA 20, CONECTOR: CONECTOR PADRÃO, DIAMETRO: 24, MATERIAL AGULHA: AGULHA AÇO INOX, MATERIAL CATETER: POLÍMERO RADIOPACO, TIPO USO: ESTÉRIL, DESCARTÁVEL, EMBALAGEM INDIVIDUAL;UN;1000,0000;1,7590;1759,0000;0,0000;30/12/2026
ERN - HOSPITAL DR JOSÉ PEDRO BEZERRA DE NATAL;925778;1170;Material;925778-9/2026;material permanente;Catálogo do Compras.gov.br;Material;6515;INSTRUMENTOS, EQUIPAMENTOS E SUPRIMENTOS MÉDICOS  E  CIRÚRGICOS;18257;CLIPADOR;445450;APLICAÇÃO*: P/ ENDOSCOPIA, COMPRIMENTO HASTE: COMPRIMENTO CERCA DE 230, DIÂMETRO HASTE: P/ CANAL DE TRABALHO 2,8, HASTE: MANOPLA EM POLÍMERO, MODELO*: CARREGADO C/ CLIP AÇO INOXIDÁVEL, TIPO USO*: ESTÉRIL, DESCARTÁVEL;UN;20,0000;567,7682;11355,3640;0,0000;30/12/2026
ERN - HOSPITAL DR JOSÉ PEDRO BEZERRA DE NATAL;925778;1171;Material;925778-9/2026;material permanente;Catálogo do Compras.gov.br;Material;6515;INSTRUMENTOS, EQUIPAMENTOS E SUPRIMENTOS MÉDICOS  E  CIRÚRGICOS;14736;CATETER ASPIRAÇÃO TRAQUEAL;279760;CARACTERÍSTICAS ADICIONAIS: PONTA ATRAUMÁTICA, ORIFÍCIOS DISTAIS LATERALIZADOS, ESPESSURA: Nº 6, MATERIAL: PVC ATÓXICO FLEXÍVEL, TIPO EMBALAGEM: ESTÉRIL, EMBALAGEM INDIVIDUAL, TIPO USO: DESCARTÁVEL;UN;2000,0000;0,5300;1060,0000;0,0000;30/12/2026
ERN - HOSPITAL DR JOSÉ PEDRO BEZERRA DE NATAL;925778;1172;Material;925778-9/2026;material permanente;Catálogo do Compras.gov.br;Material;6515;INSTRUMENTOS, EQUIPAMENTOS E SUPRIMENTOS MÉDICOS  E  CIRÚRGICOS;2639;SONDA TRATO URINÁRIO;435996;CALIBRE: 6, COMPONENTES: C/ ORIFÍCIOS LATERAIS, CONECTOR: CONECTORES PADRÃO, EMBALAGEM: EMBALAGEM INDIVIDUAL, ESTERILIDADE: ESTÉRIL, DESCARTÁVEL, MATERIAL: SILICONE, MODELO: FOLEY, TIPO PONTA: PONTA DISTAL CILÍNDRICA FECHADA, VIAS: 2 VIAS, VOLUME: C/ BALÃO CERCA 5;UN;30,0000;3,5000;105,0000;0,0000;30/12/2026
ERN - HOSPITAL DR JOSÉ PEDRO BEZERRA DE NATAL;925778;1173;Material;925778-9/2026;material permanente;Catálogo do Compras.gov.br;Material;6515;INSTRUMENTOS, EQUIPAMENTOS E SUPRIMENTOS MÉDICOS  E  CIRÚRGICOS;18229;SONDA TRATO DIGESTIVO;435911;APLICAÇÃO: ORO OU NASOGÁSTRICA, CALIBRE: Nº 20, COMPONENTES: PONTA DISTAL FECHADA, C/ ORIFÍCIOS LATERAIS, COMPRIMENTO: CERCA 120, CONECTOR: CONECTOR PADRÃO C/ TAMPA, EMBALAGEM: EMBALAGEM INDIVIDUAL, ESTERILIDADE: ESTÉRIL, DESCARTÁVEL, MATERIAL: PVC, MODELO: LEVINE, TAMANHO: LONGA;UN;10,0000;1,0200;10,2000;0,0000;30/12/2026
ERN - HOSPITAL DR JOSÉ PEDRO BEZERRA DE NATAL;925778;1174;Material;925778-9/2026;material permanente;Catálogo do Compras.gov.br;Material;6515;INSTRUMENTOS, EQUIPAMENTOS E SUPRIMENTOS MÉDICOS  E  CIRÚRGICOS;2224;TUBO ENDOTRAQUEAL;451285;CALIBRE: 3,5, COMPONENTE 2: RADIOPACO, GRADUADO, ESTERILIDADE: ESTÉRIL, USO ÚNICO, MATERIAL: PVC SILICONIZADO, MODELO: CURVA MAGILL, TIPO CONECTOR: CONECTOR PADRÃO, TIPO PONTA: C/ PONTA DISTAL ATRAUMÁTICA E ORIFÍCIO MURPHY;UN;50,0000;3,3100;165,5000;0,0000;30/12/2026
ERN - HOSPITAL DR JOSÉ PEDRO BEZERRA DE NATAL;925778;1175;Material;925778-9/2026;material permanente;Catálogo do Compras.gov.br;Material;6515;INSTRUMENTOS, EQUIPAMENTOS E SUPRIMENTOS MÉDICOS  E  CIRÚRGICOS;16281;ESCOVA DEGERMAÇÃO;620163;ANTISSÉPTICO DEGERMANTE: CLOREXIDINA 2%, EMBALAGEM: EMBALAGEM INDIVIDUAL, ESTERILIDADE: USO ÚNICO, MODELO: DUPLA FACE C/ CERDAS E ESPONJA;UN;2000,0000;1,6800;3360,0000;0,0000;30/12/2026
ERN - HOSPITAL DR JOSÉ PEDRO BEZERRA DE NATAL;925778;1176;Material;925778-9/2026;material permanente;Catálogo do Compras.gov.br;Material;6532;VESTUÁRIO HOSPITALAR E CIRÚRGICO E ITENS CORRELATOS DE  FINALIDADES ESPECIAIS;437;TOUCA HOSPITALAR;428620;CARACTERÍSTICA ADICIONAL 01: HIPOALERGÊNICA, ATÓXICA, INODORA, UNISSEX, COR*: SEM COR, GRAMATURA*: CERCA DE 30, MATERIAL*: NÃO TECIDO 100% POLIPROPILENO, MODELO: COM ELÁSTICO EM TODA VOLTA, TAMANHO*: ÚNICO, TIPO USO*: DESCARTÁVEL;UN;22500,0000;0,0900;2025,0000;0,0000;30/12/2026
ERN - HOSPITAL DR JOSÉ PEDRO BEZERRA DE NATAL;925778;1177;Material;925778-9/2026;material permanente;Catálogo do Compras.gov.br;Material;6515;INSTRUMENTOS, EQUIPAMENTOS E SUPRIMENTOS MÉDICOS  E  CIRÚRGICOS;2224;TUBO ENDOTRAQUEAL;451314;CALIBRE: 7,5, COMPONENTE 1: BALÃO ALTO VOLUME E BAIXA PRESSÃO, COMPONENTE 2: RADIOPACO, GRADUADO, ESTERILIDADE: ESTÉRIL, USO ÚNICO, MATERIAL: PVC SILICONIZADO, MODELO: CURVA MAGILL, TIPO CONECTOR: CONECTOR PADRÃO, TIPO PONTA: C/ PONTA DISTAL ATRAUMÁTICA E ORIFÍCIO MURPHY;UN;50,0000;3,0700;153,5000;0,0000;30/12/2026
ERN - HOSPITAL DR JOSÉ PEDRO BEZERRA DE NATAL;925778;1180;Material;925778-9/2026;material permanente;Catálogo do Compras.gov.br;Material;6515;INSTRUMENTOS, EQUIPAMENTOS E SUPRIMENTOS MÉDICOS  E  CIRÚRGICOS;18229;SONDA TRATO DIGESTIVO;463622;APLICAÇÃO: P/ GASTROSTOMIA, CALIBRE: 12, COMPONENTES: SISTEMA PARA FIXAÇÃO, CONECTOR: CONECTOR PADRÃO C/ TAMPA, EMBALAGEM: EMBALAGEM INDIVIDUAL, ESTERILIDADE: ESTÉRIL, DESCARTÁVEL, MATERIAL: SILICONE, MODELO: DE TROCA, OUTROS COMPONENTES: DISTAL - INTRA GÁSTRICA E PERIOSTOMAL, VIAS: 3 VIAS;UN;10,0000;44,6000;446,0000;0,0000;30/12/2026
ERN - HOSPITAL DR JOSÉ PEDRO BEZERRA DE NATAL;925778;1181;Material;925778-9/2026;material permanente;Catálogo do Compras.gov.br;Material;6515;INSTRUMENTOS, EQUIPAMENTOS E SUPRIMENTOS MÉDICOS  E  CIRÚRGICOS;30135;EQUIPO P/ BOMBA DE INFUSÃO;610293;ADICIONAL: C/ CAPA PROTETORA P/ FRASCO, COMPATIBILIDADE: C/ EQUIPAMENTO, COMPRIMENTO TOTAL DO TUBO: ACIMA DE 181 CM, CONECTOR PACIENTE: LUER, CONECTOR SOLUÇÃO: PONTA PERFURANTE, CÂMARA GOTEJAMENTO: MACROGOTAS, FLEXÍVEL, C/ RESPIRO E FILTRO, ESTERILIDADE: ESTÉRIL, USO ÚNICO, MATERIAL: PVC ÂMBAR P/ SOLUÇÃO FOTOSSENSÍVEL, MATERIAL ADICIONAL: COM SEGMENTO DE SILICONE, REGULADOR DE FLUXO MANUAL: PINÇA ROLETE, TIPO EMBALAGEM: INDIVIDUAL, TIPO INJETOR LATERAL: C/ 1 INJETOR, USO S/ AGULHA;UN;500,0000;15,0000;7500,0000;0,0000;30/12/2026
ERN - HOSPITAL DR JOSÉ PEDRO BEZERRA DE NATAL;925778;1182;Material;925778-9/2026;material permanente;Catálogo do Compras.gov.br;Material;6515;INSTRUMENTOS, EQUIPAMENTOS E SUPRIMENTOS MÉDICOS  E  CIRÚRGICOS;30040;FIO DE SUTURA AGULHADO;486977;APRESENTAÇÃO: EMBALAGEM INDIVIDUAL, COMPRIMENTO AGULHA: CERCA DE 40, COMPRIMENTO FIO: CERCA DE 70, DIÂMETRO FIO: 0 / 1-0, ESTERILIDADE: ESTÉRIL, MATERIAL FIO: CATGUT SIMPLES, MODELO AGULHA: CILÍNDRICA, MODELO FIO: MULTIFILAMENTAR, TIPO AGULHA: AGULHA 1/2 CÍRCULO;UN;24,0000;4,1300;99,1200;0,0000;30/12/2026
ERN - HOSPITAL DR JOSÉ PEDRO BEZERRA DE NATAL;925778;1183;Material;925778-9/2026;material permanente;Catálogo do Compras.gov.br;Material;6515;INSTRUMENTOS, EQUIPAMENTOS E SUPRIMENTOS MÉDICOS  E  CIRÚRGICOS;2639;SONDA TRATO URINÁRIO;436014;CALIBRE: 24, COMPONENTES: C/ ORIFÍCIOS LATERAIS, CONECTOR: CONECTORES PADRÃO, EMBALAGEM: EMBALAGEM INDIVIDUAL, ESTERILIDADE: ESTÉRIL, DESCARTÁVEL, MATERIAL: BORRACHA, MODELO: FOLEY, TIPO PONTA: PONTA DISTAL CILÍNDRICA FECHADA, VIAS: 3 VIAS, VOLUME: C/ BALÃO CERCA 30;UN;10,0000;1,7200;17,2000;0,0000;30/12/2026
ERN - HOSPITAL DR JOSÉ PEDRO BEZERRA DE NATAL;925778;1184;Material;925778-9/2026;material permanente;Catálogo do Compras.gov.br;Material;6515;INSTRUMENTOS, EQUIPAMENTOS E SUPRIMENTOS MÉDICOS  E  CIRÚRGICOS;30040;FIO DE SUTURA AGULHADO;486965;APRESENTAÇÃO: EMBALAGEM INDIVIDUAL, COMPRIMENTO AGULHA: CERCA DE 40, COMPRIMENTO FIO: CERCA DE 70, DIÂMETRO FIO: 2-0, ESTERILIDADE: ESTÉRIL, MATERIAL FIO: CATGUT SIMPLES, MODELO AGULHA: CILÍNDRICA, MODELO FIO: MULTIFILAMENTAR, TIPO AGULHA: AGULHA 1/2 CÍRCULO;UN;740,0000;3,6800;2723,2000;0,0000;30/12/2026
ERN - HOSPITAL DR JOSÉ PEDRO BEZERRA DE NATAL;925778;1185;Material;925778-9/2026;material permanente;Catálogo do Compras.gov.br;Material;6515;INSTRUMENTOS, EQUIPAMENTOS E SUPRIMENTOS MÉDICOS  E  CIRÚRGICOS;7510;CATETER CENTRAL;463079;APLICAÇÃO: VENOSO, COMPONENTE: KIT INTRODUTOR COMPLETO, COMPRIMENTO: CERCA 20, CONECTOR: CONECTORES PADRÃO, CLAMP E TAMPA, LÚMEN: 19, MATÉRIA PRIMA: POLIURETANO RADIOPACO, TIPO FIXAÇÃO: FIXAÇÃO SUBCUTÂNEA, TIPO USO: ESTÉRIL, DESCARTÁVEL, EMBALAGEM INDIVIDUAL, VIAS: MONO LÚMEN;UN;5,0000;24,4000;122,0000;0,0000;30/12/2026
ERN - HOSPITAL DR JOSÉ PEDRO BEZERRA DE NATAL;925778;1186;Material;925778-9/2026;material permanente;Catálogo do Compras.gov.br;Material;6545;JOGOS E CONJUNTOS MÉDICOS;5728;CÂNULA DE TRAQUEOSTOMIA;427908;ACESSÓRIOS: C/ FITA P/ FIXAÇÃO, ACESSÓRIOS 01: OBTURADOR, ACESSÓRIOS 02: CONECTOR UNIVERSAL, CARACTERÍSTICAS ADICIONAIS*: C/ ASA DE FIXAÇÃO LATERAL FLEXÍVEL, COMPONENTES*: BALÃO DE ALTO VOLUME E BAIXA PRESSÃO, DIÂMETRO: CERCA DE 4,0, EMBALAGEM: EMBALAGEM INDIVIDUAL, ESTERELIDADE: ESTÉRIL, MATERIAL*: POLÍMERO, TIPO: RADIOPACO;UN;2,0000;18,0900;36,1800;0,0000;30/12/2026
ERN - HOSPITAL DR JOSÉ PEDRO BEZERRA DE NATAL;925778;1187;Material;925778-9/2026;material permanente;Catálogo do Compras.gov.br;Material;6515;INSTRUMENTOS, EQUIPAMENTOS E SUPRIMENTOS MÉDICOS  E  CIRÚRGICOS;30273;COLETOR DE RESÍDUOS DE SERVIÇO DE SAÚDE;623109;ADICIONAL: C/ ALÇA, CAPACIDADE: CERCA DE 13, MATERIAL: CAIXA DE PAPELÃO C/ SACO PLÁSTICO, TIPO DE RESÍDUO: GRUPO E - RESÍDUO PERFUROCORTANTE INFECTANTE, TIPO RISCO: RISCO BIOLÓGICO, USO: USO ÚNICO;UN;750,0000;4,2000;3150,0000;0,0000;30/12/2026
ERN - HOSPITAL DR JOSÉ PEDRO BEZERRA DE NATAL;925778;1188;Material;925778-9/2026;material permanente;Catálogo do Compras.gov.br;Material;6515;INSTRUMENTOS, EQUIPAMENTOS E SUPRIMENTOS MÉDICOS  E  CIRÚRGICOS;2205;TELA CIRÚRGICA;435028;APLICAÇÃO: NÃO ABSORVÍVEL, DIMENSÕES: CERCA DE 15 X 15, ESTERILIDADE: ESTÉRIL, MATERIAL: MONOFILAMENTO DE POLIPROPILENO, MODELO: IMPLANTÁVEL, TIPO USO: USO ÚNICO;UN;10,0000;34,0000;340,0000;0,0000;30/12/2026
ERN - HOSPITAL DR JOSÉ PEDRO BEZERRA DE NATAL;925778;1189;Material;925778-9/2026;material permanente;Catálogo do Compras.gov.br;Material;6515;INSTRUMENTOS, EQUIPAMENTOS E SUPRIMENTOS MÉDICOS  E  CIRÚRGICOS;3701;CATETER PERIFÉRICO;445302;APLICAÇÃO: VENOSO, COMPONENTE 2: C/ SISTEMA SEGURANÇA SEGUNDO NR/32, COMPONENTE ADICIONAL: C/ ASA DE FIXAÇÃO, TUBO EXTENSOR C/ CLAMP, COMPRIMENTO: CERCA 20, CONECTOR: CONECTOR EM Y, C/ 1 VIA P/ ALTA PRESSÃO, DIAMETRO: 26, MATERIAL AGULHA: AGULHA AÇO INOX, MATERIAL CATETER: POLÍMERO RADIOPACO, TIPO USO: ESTÉRIL, DESCARTÁVEL, EMBALAGEM INDIVIDUAL;UN;4000,0000;1,7600;7040,0000;0,0000;30/12/2026
ERN - HOSPITAL DR JOSÉ PEDRO BEZERRA DE NATAL;925778;1190;Material;925778-9/2026;material permanente;Catálogo do Compras.gov.br;Material;6515;INSTRUMENTOS, EQUIPAMENTOS E SUPRIMENTOS MÉDICOS  E  CIRÚRGICOS;30040;FIO DE SUTURA AGULHADO;487247;APRESENTAÇÃO: EMBALAGEM INDIVIDUAL, COMPRIMENTO AGULHA: CERCA DE 20, COMPRIMENTO FIO: CERCA DE 70, DIÂMETRO FIO: 3-0, ESTERILIDADE: ESTÉRIL, MATERIAL FIO: POLIGLECAPRONE INCOLOR, MODELO AGULHA: CORTANTE REVERSA / INVERTIDA, MODELO FIO: MONOFILAMENTAR, TIPO AGULHA: AGULHA 3/8 CÍRCULO;UN;24,0000;8,3500;200,4000;0,0000;30/12/2026
ERN - HOSPITAL DR JOSÉ PEDRO BEZERRA DE NATAL;925778;1191;Material;925778-9/2026;material permanente;Catálogo do Compras.gov.br;Material;6515;INSTRUMENTOS, EQUIPAMENTOS E SUPRIMENTOS MÉDICOS  E  CIRÚRGICOS;18229;SONDA TRATO DIGESTIVO;463619;APLICAÇÃO: P/ GASTROSTOMIA, CALIBRE: 22, COMPONENTES: SISTEMA PARA FIXAÇÃO, CONECTOR: CONECTOR PADRÃO C/ TAMPA, EMBALAGEM: EMBALAGEM INDIVIDUAL, ESTERILIDADE: ESTÉRIL, DESCARTÁVEL, MATERIAL: SILICONE, MODELO: DE TROCA, OUTROS COMPONENTES: DISTAL - INTRA GÁSTRICA E PERIOSTOMAL, VIAS: 3 VIAS;UN;20,0000;49,5800;991,6000;0,0000;30/12/2026
ERN - HOSPITAL DR JOSÉ PEDRO BEZERRA DE NATAL;925778;1192;Material;925778-9/2026;material permanente;Catálogo do Compras.gov.br;Material;6515;INSTRUMENTOS, EQUIPAMENTOS E SUPRIMENTOS MÉDICOS  E  CIRÚRGICOS;30040;FIO DE SUTURA AGULHADO;486975;APRESENTAÇÃO: EMBALAGEM INDIVIDUAL, COMPRIMENTO AGULHA: CERCA DE 30, COMPRIMENTO FIO: CERCA DE 70, DIÂMETRO FIO: 0 / 1-0, ESTERILIDADE: ESTÉRIL, MATERIAL FIO: CATGUT SIMPLES, MODELO AGULHA: CILÍNDRICA, MODELO FIO: MULTIFILAMENTAR, TIPO AGULHA: AGULHA 1/2 CÍRCULO;UN;24,0000;4,1300;99,1200;0,0000;30/12/2026
ERN - HOSPITAL DR JOSÉ PEDRO BEZERRA DE NATAL;925778;1281;Material;925778-9/2026;material permanente;Catálogo do Compras.gov.br;Material;6532;VESTUÁRIO HOSPITALAR E CIRÚRGICO E ITENS CORRELATOS DE  FINALIDADES ESPECIAIS;30108;CAMPO CIRÚRGICO DESCARTÁVEL;616193;COR: C/ COR, DIMENSÕES: CERCA DE 150 X 250, ESTERILIDADE: ESTÉRIL, FIXAÇÃO: ADESIVA, MATERIAL: NÃO TECIDO 100% POLIPROPILENO - TIPO SMS, PROPRIEDADE: HIDROREPELENTE, REFORÇO: C/ REFORÇO ABSORVENTE;UN;500,0000;76,9900;38495,0000;0,0000;30/12/2026
ERN - HOSPITAL DR JOSÉ PEDRO BEZERRA DE NATAL;925778;1193;Material;925778-9/2026;material permanente;Catálogo do Compras.gov.br;Material;6532;VESTUÁRIO HOSPITALAR E CIRÚRGICO E ITENS CORRELATOS DE  FINALIDADES ESPECIAIS;30093;AVENTAL CIRÚRGICO - PARAMENTAÇÃO;604925;ADICIONAL: C/ TOALHA DE MÃO, CARACTERÍSTICA: CARTÃO DE FECHAMENTO ASSÉPTICO, EMBALAGEM: EMBALAGEM INDIVIDUAL, ESTERILIDADE: ESTÉRIL, USO ÚNICO, GRAMATURA: CERCA DE 50, MATERIAL: NÃO TECIDO 100% POLIPROPILENO - TIPO SMS, MODELO MANGA: LONGA C/ PUNHO EM MALHA, PROPRIEDADE: HIDROREPELENTE, TAMANHO: GRANDE (G), TIPO DE BARREIRA: C/ BARREIRA BACTERIANA E VIRAL, TIPO FECHAMENTO: POSTERIOR P/ PESCOÇO E CINTURA;UN;250,0000;3,1000;775,0000;0,0000;30/12/2026
ERN - HOSPITAL DR JOSÉ PEDRO BEZERRA DE NATAL;925778;1194;Material;925778-9/2026;material permanente;Catálogo do Compras.gov.br;Material;6515;INSTRUMENTOS, EQUIPAMENTOS E SUPRIMENTOS MÉDICOS  E  CIRÚRGICOS;30040;FIO DE SUTURA AGULHADO;487445;APRESENTAÇÃO: EMBALAGEM INDIVIDUAL, COMPRIMENTO AGULHA: CERCA DE 30, COMPRIMENTO FIO: CERCA DE 45, DIÂMETRO FIO: 3-0, ESTERILIDADE: ESTÉRIL, MATERIAL FIO: NYLON / POLIAMIDA PRETO, MODELO AGULHA: CORTANTE REVERSA / INVERTIDA, MODELO FIO: MONOFILAMENTAR, TIPO AGULHA: AGULHA 3/8 CÍRCULO;UN;900,0000;1,5800;1422,0000;0,0000;30/12/2026
ERN - HOSPITAL DR JOSÉ PEDRO BEZERRA DE NATAL;925778;1195;Material;925778-9/2026;material permanente;Catálogo do Compras.gov.br;Material;6515;INSTRUMENTOS, EQUIPAMENTOS E SUPRIMENTOS MÉDICOS  E  CIRÚRGICOS;2414;AMNIÓTOMO;436810;COMPRIMENTO*: CERCA DE 25, EMBALAGEM: EMBALAGEM INDIVIDUAL, ESTERILIDADE*: ESTÉRIL, DESCARTÁVEL, MATERIAL: PLÁSTICO;UN;1000,0000;1,6500;1650,0000;0,0000;30/12/2026
ERN - HOSPITAL DR JOSÉ PEDRO BEZERRA DE NATAL;925778;1196;Material;925778-9/2026;material permanente;Catálogo do Compras.gov.br;Material;6515;INSTRUMENTOS, EQUIPAMENTOS E SUPRIMENTOS MÉDICOS  E  CIRÚRGICOS;8694;LANCETA;338605;CARACTERÍSTICAS ADICIONAIS: ESTÉRIL, EMBALAGEM INDIVIDUAL, MATERIAL LÂMINA: AÇO INOXIDÁVEL,PONTA AFIADA,TRIFACETADA, TIPO: COM SISTEMA RETRÁTIL, USO: DESCARTÁVEL;UN;100000,0000;0,1000;10000,0000;0,0000;30/12/2026
ERN - HOSPITAL DR JOSÉ PEDRO BEZERRA DE NATAL;925778;1197;Material;925778-9/2026;material permanente;Catálogo do Compras.gov.br;Material;6515;INSTRUMENTOS, EQUIPAMENTOS E SUPRIMENTOS MÉDICOS  E  CIRÚRGICOS;30233;RESERVATÓRIO P/ COLETA DE AMOSTRA BIOLÓGICA;619176;APLICAÇÃO: UNIVERSAL, ESTERILIDADE: NÃO ESTÉRIL, USO ÚNICO, FECHAMENTO: C/ CORDÃO DE FECHAMENTO, MATERIAL: POLÍMERO MALEÁVEL TRANSPARENTE, GRADUADO, MODELO: SACO, VOLUME: CERCA DE 2000 ML;UN;6000,0000;0,3000;1800,0000;0,0000;30/12/2026
ERN - HOSPITAL DR JOSÉ PEDRO BEZERRA DE NATAL;925778;1198;Material;925778-9/2026;material permanente;Catálogo do Compras.gov.br;Material;6515;INSTRUMENTOS, EQUIPAMENTOS E SUPRIMENTOS MÉDICOS  E  CIRÚRGICOS;3701;CATETER PERIFÉRICO;437179;APLICAÇÃO: VENOSO, COMPONENTE 1: CÂMARA REFLUXO C/ FILTRO, COMPONENTE 2: C/ SISTEMA SEGURANÇA SEGUNDO NR/32, COMPRIMENTO: CERCA 25, CONECTOR: CONECTOR PADRÃO, DIAMETRO: 22, MATERIAL AGULHA: AGULHA AÇO INOX, MATERIAL CATETER: POLÍMERO RADIOPACO, TIPO USO: ESTÉRIL, DESCARTÁVEL, EMBALAGEM INDIVIDUAL;UN;1500,0000;1,7100;2565,0000;0,0000;30/12/2026
ERN - HOSPITAL DR JOSÉ PEDRO BEZERRA DE NATAL;925778;1199;Material;925778-9/2026;material permanente;Catálogo do Compras.gov.br;Material;6515;INSTRUMENTOS, EQUIPAMENTOS E SUPRIMENTOS MÉDICOS  E  CIRÚRGICOS;2639;SONDA TRATO URINÁRIO;436002;CALIBRE: 14, COMPONENTES: C/ ORIFÍCIOS LATERAIS, CONECTOR: CONECTORES PADRÃO, EMBALAGEM: EMBALAGEM INDIVIDUAL, ESTERILIDADE: ESTÉRIL, DESCARTÁVEL, MATERIAL: BORRACHA, MODELO: FOLEY, TIPO PONTA: PONTA DISTAL CILÍNDRICA FECHADA, VIAS: 2 VIAS, VOLUME: C/ BALÃO CERCA 30;UN;60,0000;1,7200;103,2000;0,0000;30/12/2026
ERN - HOSPITAL DR JOSÉ PEDRO BEZERRA DE NATAL;925778;1200;Material;925778-9/2026;material permanente;Catálogo do Compras.gov.br;Material;6515;INSTRUMENTOS, EQUIPAMENTOS E SUPRIMENTOS MÉDICOS  E  CIRÚRGICOS;7955;GEL PARA EXAME MÉDICO;438929;CARACTERÍSTICAS ADICIONAIS: PH NEUTRO, COMPOSIÇÃO: A BASE DE ÁGUA;FR;31,0000;5,4800;169,8800;0,0000;30/12/2026
ERN - HOSPITAL DR JOSÉ PEDRO BEZERRA DE NATAL;925778;1201;Material;925778-9/2026;material permanente;Catálogo do Compras.gov.br;Material;6515;INSTRUMENTOS, EQUIPAMENTOS E SUPRIMENTOS MÉDICOS  E  CIRÚRGICOS;15045;DISPOSITIVO EXTERNO P/ INCONTINÊNCIA URINÁRIA;485174;COMPONENTE: C/ EXTENSOR PVC, DIÂMETRO: CERCA DE 50, EMBALAGEM: EMBALAGEM INDIVIDUAL, ESTERILIDADE: ESTÉRIL, USO ÚNICO, MATERIAL: LÁTEX NATURAL, MODELO: MASCULINO, TIPO: PRESERVATIVO C/ ABERTURA P/ DRENAGEM;UN;400,0000;2,5700;1028,0000;0,0000;30/12/2026
ERN - HOSPITAL DR JOSÉ PEDRO BEZERRA DE NATAL;925778;1202;Material;925778-9/2026;material permanente;Catálogo do Compras.gov.br;Material;6515;INSTRUMENTOS, EQUIPAMENTOS E SUPRIMENTOS MÉDICOS  E  CIRÚRGICOS;3681;MATERIAL HOSPITALAR;447065;COMPONENTES: PLÁSTICO, EMBALAGEM: EMBALAGEM INDIVIDUAL, ESTERILIDADE*: ESTÉRIL, USO ÚNICO, TIPO: CLAMP PRENDEDOR UMBILICAL;UN;600,0000;0,4300;258,0000;0,0000;30/12/2026
ERN - HOSPITAL DR JOSÉ PEDRO BEZERRA DE NATAL;925778;1203;Material;925778-9/2026;material permanente;Catálogo do Compras.gov.br;Material;6515;INSTRUMENTOS, EQUIPAMENTOS E SUPRIMENTOS MÉDICOS  E  CIRÚRGICOS;3701;CATETER PERIFÉRICO;437177;APLICAÇÃO: VENOSO, COMPONENTE 1: CÂMARA REFLUXO C/ FILTRO, COMPONENTE 2: C/ SISTEMA SEGURANÇA SEGUNDO NR/32, COMPRIMENTO: CERCA 45, CONECTOR: CONECTOR PADRÃO, DIAMETRO: 18, MATERIAL AGULHA: AGULHA AÇO INOX, MATERIAL CATETER: POLÍMERO RADIOPACO, TIPO USO: ESTÉRIL, DESCARTÁVEL, EMBALAGEM INDIVIDUAL;UN;1000,0000;1,4800;1480,0000;0,0000;30/12/2026
ERN - HOSPITAL DR JOSÉ PEDRO BEZERRA DE NATAL;925778;1204;Material;925778-9/2026;material permanente;Catálogo do Compras.gov.br;Material;6515;INSTRUMENTOS, EQUIPAMENTOS E SUPRIMENTOS MÉDICOS  E  CIRÚRGICOS;18229;SONDA TRATO DIGESTIVO;440104;ADICIONAIS: CONJUNTO COMPLETO P/ VIA ENDOSCÓPICA PERCUTÂNEA, APLICAÇÃO: P/ GASTROSTOMIA, CALIBRE: CERCA DE 24, COMPONENTES: SISTEMA PARA FIXAÇÃO, CONECTOR: CONECTOR PADRÃO EM Y, CLAMP E TAMPA, EMBALAGEM: EMBALAGEM INDIVIDUAL, ESTERILIDADE: ESTÉRIL, DESCARTÁVEL, MATERIAL: SILICONE, OUTROS COMPONENTES: DISTAL - INTRA GÁSTRICA E PERIOSTOMAL;UN;15,0000;506,2640;7593,9600;0,0000;30/12/2026
ERN - HOSPITAL DR JOSÉ PEDRO BEZERRA DE NATAL;925778;1205;Material;925778-9/2026;material permanente;Catálogo do Compras.gov.br;Material;6515;INSTRUMENTOS, EQUIPAMENTOS E SUPRIMENTOS MÉDICOS  E  CIRÚRGICOS;9539;SISTEMA FECHADO ASPIRAÇÃO TRAQUEAL;454397;APLICAÇÃO: P/ TUBO ENDOTRAQUEAL, CONECTOR: CONECTORES PADRÃO, EMBALAGEM: EMBALAGEM INDIVIDUAL, ESTERILIDADE: ESTÉRIL, USO ÚNICO, TAMANHO: 14 FR, TIPO SONDA: SONDA GRADUADA E PROTEGIDA, VIAS: VIA IRRIGAÇÃO ANTIRREFLUXO E AEROSSOLTERAPIA, VÁLVULA SUCÇÃO: VÁLVULA SUCÇÃO C/ TAMPA E TRAVA DE SEGURANÇA;UN;15,0000;19,0000;285,0000;0,0000;30/12/2026
ERN - HOSPITAL DR JOSÉ PEDRO BEZERRA DE NATAL;925778;1206;Material;925778-9/2026;material permanente;Catálogo do Compras.gov.br;Material;6515;INSTRUMENTOS, EQUIPAMENTOS E SUPRIMENTOS MÉDICOS  E  CIRÚRGICOS;14736;CATETER ASPIRAÇÃO TRAQUEAL;279764;CARACTERÍSTICAS ADICIONAIS: PONTA ATRAUMÁTICA, ORIFÍCIOS DISTAIS LATERALIZADOS, ESPESSURA: Nº 12, MATERIAL: PVC ATÓXICO FLEXÍVEL, TIPO EMBALAGEM: ESTÉRIL, EMBALAGEM INDIVIDUAL, TIPO USO: DESCARTÁVEL;UN;720,0000;0,5800;417,6000;0,0000;30/12/2026
ERN - HOSPITAL DR JOSÉ PEDRO BEZERRA DE NATAL;925778;1221;Material;925778-9/2026;material permanente;Catálogo do Compras.gov.br;Material;6515;INSTRUMENTOS, EQUIPAMENTOS E SUPRIMENTOS MÉDICOS  E  CIRÚRGICOS;2171;AGULHA HIPODÉRMICA;397494;CARACTERÍSTICA ADICIONAL: COM SISTEMA SEGURANÇA SEGUNDO NR/32, DIMENSÃO: 18 G X 1 1/2", MATERIAL: AÇO INOXIDÁVEL SILICONIZADO, TIPO CONEXÃO: CONECTOR LUER LOCK EM PLÁSTICO, TIPO FIXAÇÃO: PROTETOR PLÁSTICO, TIPO PONTA: BISEL CURTO TRIFACETADO, TIPO USO: ESTÉRIL, DESCARTÁVEL, EMBALAGEM INDIVIDUAL;UN;16000,0000;0,1700;2720,0000;0,0000;30/12/2026
ERN - HOSPITAL DR JOSÉ PEDRO BEZERRA DE NATAL;925778;1207;Material;925778-9/2026;material permanente;Catálogo do Compras.gov.br;Material;6515;INSTRUMENTOS, EQUIPAMENTOS E SUPRIMENTOS MÉDICOS  E  CIRÚRGICOS;30128;EQUIPO DE INFUSÃO VENOSA GRAVITACIONAL;609722;ADICIONAL: C/ CLAMP, CARACTERÍSTICAS BURETA: GRADUADA, C/ ALÇA, RESPIRO, INJETOR E FILTRO, COMPRIMENTO TUBO: ATÉ 180 CM, CONECTOR PACIENTE: LUER, CÂMARA GOTEJAMENTO: MICROGOTAS, FLEXÍVEL, C/ FILTRO, ESTERILIDADE: ESTÉRIL, USO ÚNICO, MATERIAL: SEM PVC E DEHP, TRANSPARENTE, REGULADOR DE FLUXO MANUAL: PINÇA ROLETE, TIPO EMBALAGEM: INDIVIDUAL, TIPO INJETOR LATERAL: C/ 1 INJETOR, AUTOCICATRIZANTE, VOLUME BURETA: BURETA CERCA DE 150;UN;100,0000;4,0600;406,0000;0,0000;30/12/2026
ERN - HOSPITAL DR JOSÉ PEDRO BEZERRA DE NATAL;925778;1208;Material;925778-9/2026;material permanente;Catálogo do Compras.gov.br;Material;6515;INSTRUMENTOS, EQUIPAMENTOS E SUPRIMENTOS MÉDICOS  E  CIRÚRGICOS;9539;SISTEMA FECHADO ASPIRAÇÃO TRAQUEAL;454400;APLICAÇÃO: P/ TUBO ENDOTRAQUEAL, CONECTOR: CONECTORES PADRÃO, EMBALAGEM: EMBALAGEM INDIVIDUAL, ESTERILIDADE: ESTÉRIL, USO ÚNICO, TAMANHO: 12 FR, TIPO SONDA: SONDA GRADUADA E PROTEGIDA, VIAS: VIA IRRIGAÇÃO ANTIRREFLUXO E AEROSSOLTERAPIA, VÁLVULA SUCÇÃO: VÁLVULA SUCÇÃO C/ TAMPA E TRAVA DE SEGURANÇA;UN;15,0000;19,0000;285,0000;0,0000;30/12/2026
ERN - HOSPITAL DR JOSÉ PEDRO BEZERRA DE NATAL;925778;1209;Material;925778-9/2026;material permanente;Catálogo do Compras.gov.br;Material;6515;INSTRUMENTOS, EQUIPAMENTOS E SUPRIMENTOS MÉDICOS  E  CIRÚRGICOS;2178;AGULHA ANESTÉSICA;389218;APLICAÇÃO: P/ RAQUIDIANA, COMPONENTE: C/ MANDRIL, CONECTOR UNIVERSAL: CONECTOR LUER LOCK, CÔNICO E TRANSPARENTE, DIMENSÃO: 25 G X 3 1/2", ESTERILIDADE: ESTÉRIL, MATERIAL: AÇO INOXIDÁVEL, TIPO PONTA: PONTA QUINCKE, TIPO USO: DESCARTÁVEL;UN;400,0000;5,4500;2180,0000;0,0000;30/12/2026
ERN - HOSPITAL DR JOSÉ PEDRO BEZERRA DE NATAL;925778;1210;Material;925778-9/2026;material permanente;Catálogo do Compras.gov.br;Material;6515;INSTRUMENTOS, EQUIPAMENTOS E SUPRIMENTOS MÉDICOS  E  CIRÚRGICOS;18229;SONDA TRATO DIGESTIVO;435910;APLICAÇÃO: ORO OU NASOGÁSTRICA, CALIBRE: Nº 18, COMPONENTES: PONTA DISTAL FECHADA, C/ ORIFÍCIOS LATERAIS, COMPRIMENTO: CERCA 120, CONECTOR: CONECTOR PADRÃO C/ TAMPA, EMBALAGEM: EMBALAGEM INDIVIDUAL, ESTERILIDADE: ESTÉRIL, DESCARTÁVEL, MATERIAL: PVC, MODELO: LEVINE, TAMANHO: LONGA;UN;10,0000;0,9900;9,9000;0,0000;30/12/2026
ERN - HOSPITAL DR JOSÉ PEDRO BEZERRA DE NATAL;925778;1211;Material;925778-9/2026;material permanente;Catálogo do Compras.gov.br;Material;6540;EQUIPAMENTOS, INSTRUMENTOS E SUPRIMENTOS OFTALMOLÓGICOS;19922;PROTETOR OCULAR;479667;APLICAÇÃO: P/ FOTOTERAPIA NEONATAL, COMPONENTE: BORDA C/ FIXAÇÃO ADESIVA, EMBALAGEM: EMBALAGEM INDIVIDUAL, ESTERILIDADE: USO ÚNICO, FORMATO: TIPO ÓCULOS, MATERIAL: PELÍCULA HIPOALERGÊNICA, MODELO: BINOCULAR, TAMANHO: GRANDE;UN;500,0000;11,8300;5915,0000;0,0000;30/12/2026
ERN - HOSPITAL DR JOSÉ PEDRO BEZERRA DE NATAL;925778;1212;Material;925778-9/2026;material permanente;Catálogo do Compras.gov.br;Material;6515;INSTRUMENTOS, EQUIPAMENTOS E SUPRIMENTOS MÉDICOS  E  CIRÚRGICOS;30040;FIO DE SUTURA AGULHADO;487072;APRESENTAÇÃO: EMBALAGEM INDIVIDUAL, COMPRIMENTO AGULHA: CERCA DE 26, COMPRIMENTO FIO: CERCA DE 70, DIÂMETRO FIO: 2-0, ESTERILIDADE: ESTÉRIL, MATERIAL FIO: POLIGLACTINA INCOLOR, MODELO AGULHA: CORTANTE REVERSA / INVERTIDA, MODELO FIO: MULTIFILAMENTAR, TIPO AGULHA: AGULHA 1/2 CÍRCULO;UN;24,0000;5,1200;122,8800;0,0000;30/12/2026
ERN - HOSPITAL DR JOSÉ PEDRO BEZERRA DE NATAL;925778;1213;Material;925778-9/2026;material permanente;Catálogo do Compras.gov.br;Material;6515;INSTRUMENTOS, EQUIPAMENTOS E SUPRIMENTOS MÉDICOS  E  CIRÚRGICOS;7510;CATETER CENTRAL;448700;APLICAÇÃO: VENOSO / ARTERIAL, COMPRIMENTO: CERCA 40, CONECTOR: CONECTORES PADRÃO, CLAMP E TAMPA, DIÂMETRO: CERCA 3 FR, MATÉRIA PRIMA: POLIURETANO RADIOPACO, TIPO IMPLANTE: UMBILICAL, TIPO USO: ESTÉRIL, DESCARTÁVEL, EMBALAGEM INDIVIDUAL, VIAS: MONO LÚMEN;UN;150,0000;23,8200;3573,0000;0,0000;30/12/2026
ERN - HOSPITAL DR JOSÉ PEDRO BEZERRA DE NATAL;925778;1214;Material;925778-9/2026;material permanente;Catálogo do Compras.gov.br;Material;6515;INSTRUMENTOS, EQUIPAMENTOS E SUPRIMENTOS MÉDICOS  E  CIRÚRGICOS;30260;CATETER NASAL PARA OXIGÊNIO;621784;APLICAÇÃO: P/ OXIGENOTERAPIA, COMPRIMENTO: CERCA DE 40 CM, CONECTOR: COMPATÍVEL C/ FONTE O2, ESTERILIDADE: NÃO ESTÉRIL, USO ÚNICO, MATERIAL: TUBO DE SILICONE, MODELO: TIPO SONDA, TAMANHO: Nº 6;UN;2000,0000;0,9200;1840,0000;0,0000;30/12/2026
ERN - HOSPITAL DR JOSÉ PEDRO BEZERRA DE NATAL;925778;1215;Material;925778-9/2026;material permanente;Catálogo do Compras.gov.br;Material;6515;INSTRUMENTOS, EQUIPAMENTOS E SUPRIMENTOS MÉDICOS  E  CIRÚRGICOS;19921;ADAPTADOR USO MÉDICO;479647;APLICAÇÃO: P/ TRANSFERÊNCIA / IRRIGAÇÃO DE SOLUÇÕES, COMPONENTE 1: C/ TAMPAS, MATERIAL: POLÍMERO, TIPO 2: PONTA PERFURANTE / LUER LOCK, TIPO USO: ESTÉRIL;UN;3000,0000;1,2600;3780,0000;0,0000;30/12/2026
ERN - HOSPITAL DR JOSÉ PEDRO BEZERRA DE NATAL;925778;1216;Material;925778-9/2026;material permanente;Catálogo do Compras.gov.br;Material;6515;INSTRUMENTOS, EQUIPAMENTOS E SUPRIMENTOS MÉDICOS  E  CIRÚRGICOS;17428;SERINGA;439707;ADICIONAL: GRADUADA, NUMERADA, APRESENTAÇÃO: EMBALAGEM INDIVIDUAL, CAPACIDADE: 10, COMPONENTE ADICIONAL: C/ SISTEMA SEGURANÇA SEGUNDO NR/32, ESTERILIDADE: ESTÉRIL, DESCARTÁVEL, MATERIAL: POLIPROPILENO, TIPO AGULHA: C/ AGULHA 22 G X 1", TIPO BICO: BICO CENTRAL LUER LOCK OU SLIP, TIPO VEDAÇÃO: ÊMBOLO DE BORRACHA;UN;27200,0000;0,3900;10608,0000;0,0000;30/12/2026
ERN - HOSPITAL DR JOSÉ PEDRO BEZERRA DE NATAL;925778;1217;Material;925778-9/2026;material permanente;Catálogo do Compras.gov.br;Material;6515;INSTRUMENTOS, EQUIPAMENTOS E SUPRIMENTOS MÉDICOS  E  CIRÚRGICOS;19947;FIXADOR P/ DISPOSITIVO MÉDICO;481528;APLICAÇÃO: P/ TUBO ENDOTRAQUEAL, CARACTERÍSTICA: ACOLCHOADA, COMPONENTE: C/ VELCRO AJUSTÁVEL, COMPONENTE ADICIONAL: C/ PRESILHA DE FIXAÇÃO, EMBALAGEM: EMBALAGEM INDIVIDUAL, MATERIAL: TIRA TECIDO SINTÉTICO E HIDROCOLÓIDE, TAMANHO: ADULTO, TIPO USO: USO ÚNICO;UN;200,0000;92,5300;18506,0000;0,0000;30/12/2026
ERN - HOSPITAL DR JOSÉ PEDRO BEZERRA DE NATAL;925778;1218;Material;925778-9/2026;material permanente;Catálogo do Compras.gov.br;Material;6515;INSTRUMENTOS, EQUIPAMENTOS E SUPRIMENTOS MÉDICOS  E  CIRÚRGICOS;18257;CLIPADOR;445450;APLICAÇÃO*: P/ ENDOSCOPIA, COMPRIMENTO HASTE: COMPRIMENTO CERCA DE 230, DIÂMETRO HASTE: P/ CANAL DE TRABALHO 2,8, HASTE: MANOPLA EM POLÍMERO, MODELO*: CARREGADO C/ CLIP AÇO INOXIDÁVEL, TIPO USO*: ESTÉRIL, DESCARTÁVEL;UN;20,0000;567,7682;11355,3640;0,0000;30/12/2026
ERN - HOSPITAL DR JOSÉ PEDRO BEZERRA DE NATAL;925778;1219;Material;925778-9/2026;material permanente;Catálogo do Compras.gov.br;Material;6515;INSTRUMENTOS, EQUIPAMENTOS E SUPRIMENTOS MÉDICOS  E  CIRÚRGICOS;18229;SONDA TRATO DIGESTIVO;463620;APLICAÇÃO: P/ GASTROSTOMIA, CALIBRE: 24, COMPONENTES: SISTEMA PARA FIXAÇÃO, CONECTOR: CONECTOR PADRÃO C/ TAMPA, EMBALAGEM: EMBALAGEM INDIVIDUAL, ESTERILIDADE: ESTÉRIL, DESCARTÁVEL, MATERIAL: SILICONE, MODELO: DE TROCA, OUTROS COMPONENTES: DISTAL - INTRA GÁSTRICA E PERIOSTOMAL, VIAS: 3 VIAS;UN;30,0000;49,5800;1487,4000;0,0000;30/12/2026
ERN - HOSPITAL DR JOSÉ PEDRO BEZERRA DE NATAL;925778;1220;Material;925778-9/2026;material permanente;Catálogo do Compras.gov.br;Material;6515;INSTRUMENTOS, EQUIPAMENTOS E SUPRIMENTOS MÉDICOS  E  CIRÚRGICOS;16538;CONJUNTO PARA PAPANICOLAU;405738;COMPONENTES ADICIONAIS: 1 LÂMINA COM FRASCO DE TRANSPORTE, COMPOSIÇÃO BÁSICA: 1 ESPÉCULO VAGINAL PEQUENO, 1 ESPÁTULA DE AYRES, EMBALAGEM: ESTÉRIL, EMBALAGEM INDIVIDUAL, OUTROS COMPONENTES: 1 ESCOVA CERVICAL, 1 PINÇA CHERON, TIPO: COMPOSIÇÃO BÁSICA:;UN;500,0000;3,2900;1645,0000;0,0000;30/12/2026
ERN - HOSPITAL DR JOSÉ PEDRO BEZERRA DE NATAL;925778;1222;Material;925778-9/2026;material permanente;Catálogo do Compras.gov.br;Material;6515;INSTRUMENTOS, EQUIPAMENTOS E SUPRIMENTOS MÉDICOS  E  CIRÚRGICOS;2639;SONDA TRATO URINÁRIO;435986;CALIBRE: 12, COMPONENTES: C/ ORIFÍCIOS LATERAIS, COMPRIMENTO: CERCA 40, CONECTOR: CONECTOR PADRÃO C/ TAMPA, EMBALAGEM: EMBALAGEM INDIVIDUAL, ESTERILIDADE: ESTÉRIL, DESCARTÁVEL, MATERIAL: PVC, MODELO: URETRAL, TIPO PONTA: PONTA DISTAL CILÍNDRICA FECHADA;UN;150,0000;0,5800;87,0000;0,0000;30/12/2026
ERN - HOSPITAL DR JOSÉ PEDRO BEZERRA DE NATAL;925778;1223;Material;925778-9/2026;material permanente;Catálogo do Compras.gov.br;Material;6532;VESTUÁRIO HOSPITALAR E CIRÚRGICO E ITENS CORRELATOS DE  FINALIDADES ESPECIAIS;30183;FRALDA DESCARTÁVEL;616007;CARACTERÍSTICA ADICIONAL: P/ FLUXO INTENSO / NOTURNO, BARREIRA ANTIVAZAMENTO, MATERIAL: TELA POLÍMERICA E NÚCLEO ABSORVENTE, REVESTIMENTO EXTERNO: IMPERMEÁVEL, TAMANHO: INFANTIL MÉDIO, TIPO FIXAÇÃO: TIRAS AJUSTÁVEIS E REPOSICIONÁVEIS;UN;2500,0000;0,4900;1225,0000;0,0000;30/12/2026
ERN - HOSPITAL DR JOSÉ PEDRO BEZERRA DE NATAL;925778;1224;Material;925778-9/2026;material permanente;Catálogo do Compras.gov.br;Material;6515;INSTRUMENTOS, EQUIPAMENTOS E SUPRIMENTOS MÉDICOS  E  CIRÚRGICOS;30128;EQUIPO DE INFUSÃO VENOSA GRAVITACIONAL;609723;ADICIONAL: C/ CLAMP, CARACTERÍSTICAS BURETA: GRADUADA, C/ ALÇA, RESPIRO, INJETOR E FILTRO, COMPRIMENTO TUBO: ATÉ 180 CM, CONECTOR PACIENTE: LUER, CÂMARA GOTEJAMENTO: MICROGOTAS, FLEXÍVEL, C/ FILTRO, ESTERILIDADE: ESTÉRIL, USO ÚNICO, MATERIAL: SEM PVC E DEHP, TRANSPARENTE, REGULADOR DE FLUXO MANUAL: PINÇA ROLETE, TIPO EMBALAGEM: INDIVIDUAL, TIPO INJETOR LATERAL: C/ 1 INJETOR, USO S/ AGULHA, VOLUME BURETA: BURETA CERCA DE 150;UN;200,0000;4,2900;858,0000;0,0000;30/12/2026
ERN - HOSPITAL DR JOSÉ PEDRO BEZERRA DE NATAL;925778;1225;Material;925778-9/2026;material permanente;Catálogo do Compras.gov.br;Material;6515;INSTRUMENTOS, EQUIPAMENTOS E SUPRIMENTOS MÉDICOS  E  CIRÚRGICOS;9539;SISTEMA FECHADO ASPIRAÇÃO TRAQUEAL;454396;APLICAÇÃO: P/ TUBO ENDOTRAQUEAL, CONECTOR: CONECTORES PADRÃO, EMBALAGEM: EMBALAGEM INDIVIDUAL, ESTERILIDADE: ESTÉRIL, USO ÚNICO, TAMANHO: 6 FR, TIPO SONDA: SONDA GRADUADA E PROTEGIDA, VIAS: VIA IRRIGAÇÃO ANTIRREFLUXO E AEROSSOLTERAPIA, VÁLVULA SUCÇÃO: VÁLVULA SUCÇÃO C/ TAMPA E TRAVA DE SEGURANÇA;UN;100,0000;19,0000;1900,0000;0,0000;30/12/2026
ERN - HOSPITAL DR JOSÉ PEDRO BEZERRA DE NATAL;925778;1226;Material;925778-9/2026;material permanente;Catálogo do Compras.gov.br;Material;6515;INSTRUMENTOS, EQUIPAMENTOS E SUPRIMENTOS MÉDICOS  E  CIRÚRGICOS;4773;CERA PARA OSSO;273052;COMPOSIÇÃO: CERA DE ABELHAS E PALMITATO ISOPROPÍLICO, TIPO USO: HEMOSTÁTICO, ESTÉRIL, DESCARTÁVEL;ENV;1,0000;7,7300;7,7300;0,0000;30/12/2026
ERN - HOSPITAL DR JOSÉ PEDRO BEZERRA DE NATAL;925778;1227;Material;925778-9/2026;material permanente;Catálogo do Compras.gov.br;Material;6515;INSTRUMENTOS, EQUIPAMENTOS E SUPRIMENTOS MÉDICOS  E  CIRÚRGICOS;18229;SONDA TRATO DIGESTIVO;435908;APLICAÇÃO: ORO OU NASOGÁSTRICA, CALIBRE: Nº 14, COMPONENTES: PONTA DISTAL FECHADA, C/ ORIFÍCIOS LATERAIS, COMPRIMENTO: CERCA 120, CONECTOR: CONECTOR PADRÃO C/ TAMPA, EMBALAGEM: EMBALAGEM INDIVIDUAL, ESTERILIDADE: ESTÉRIL, DESCARTÁVEL, MATERIAL: PVC, MODELO: LEVINE, TAMANHO: LONGA;UN;20,0000;0,7200;14,4000;0,0000;30/12/2026
ERN - HOSPITAL DR JOSÉ PEDRO BEZERRA DE NATAL;925778;1228;Material;925778-9/2026;material permanente;Catálogo do Compras.gov.br;Material;6515;INSTRUMENTOS, EQUIPAMENTOS E SUPRIMENTOS MÉDICOS  E  CIRÚRGICOS;18351;EMBALAGEM P/ ESTERILIZAÇÃO;442386;APRESENTAÇÃO: ROLO, COMPONENTES: C/ INDICADOR QUÍMICO, COMPONENTES ADICIONAIS: TERMOSSELANTE, COMPOSIÇÃO: C/ FILME POLÍMERO MULTILAMINADO, GRAMATURA / ESPESSURA: CERCA DE 60, MATERIAL: PAPEL GRAU CIRÚRGICO, TAMANHO: CERCA DE 30, TIPO USO: USO ÚNICO;RO;30,0000;168,7000;5061,0000;0,0000;30/12/2026
ERN - HOSPITAL DR JOSÉ PEDRO BEZERRA DE NATAL;925778;1229;Material;925778-9/2026;material permanente;Catálogo do Compras.gov.br;Material;6515;INSTRUMENTOS, EQUIPAMENTOS E SUPRIMENTOS MÉDICOS  E  CIRÚRGICOS;3847;AGULHA USO MÉDICO;456614;ADICIONAL: C/ CATETER EM POLÍMERO, BIPARTIDO, APLICAÇÃO: INTRODUTOR P/ CATETER CENTRAL INSERÇÃO PERIFÉRICA, DIMENSÕES: P/ PICC CERCA DE 2 FR, 26, MATERIAL: AÇO INOXIDÁVEL, TIPO PONTA AGULHA: C/ BISEL TRIFACETADO, TIPO USO: DESCARTÁVEL, ESTÉRIL;UN;200,0000;164,0000;32800,0000;0,0000;30/12/2026
ERN - HOSPITAL DR JOSÉ PEDRO BEZERRA DE NATAL;925778;1230;Material;925778-9/2026;material permanente;Catálogo do Compras.gov.br;Material;6515;INSTRUMENTOS, EQUIPAMENTOS E SUPRIMENTOS MÉDICOS  E  CIRÚRGICOS;2639;SONDA TRATO URINÁRIO;438409;CALIBRE: 8, COMPONENTES: C/ ORIFÍCIOS LATERAIS, COMPRIMENTO: CERCA 40, CONECTOR: CONECTOR PADRÃO C/ TAMPA, EMBALAGEM: EMBALAGEM INDIVIDUAL, ESTERILIDADE: ESTÉRIL, DESCARTÁVEL, MATERIAL: PVC, MODELO: URETRAL, TIPO PONTA: PONTA DISTAL CILÍNDRICA FECHADA;UN;850,0000;0,5100;433,5000;0,0000;30/12/2026
ERN - HOSPITAL DR JOSÉ PEDRO BEZERRA DE NATAL;925778;1231;Material;925778-9/2026;material permanente;Catálogo do Compras.gov.br;Material;6515;INSTRUMENTOS, EQUIPAMENTOS E SUPRIMENTOS MÉDICOS  E  CIRÚRGICOS;14572;CÂNULA OROFARÍNGEA GUEDEL;450967;MATERIAL*: POLÍMERO, TAMANHO*: TAMANHO Nº 5;UN;2,0000;2,4900;4,9800;0,0000;30/12/2026
ERN - HOSPITAL DR JOSÉ PEDRO BEZERRA DE NATAL;925778;1232;Material;925778-9/2026;material permanente;Catálogo do Compras.gov.br;Material;6515;INSTRUMENTOS, EQUIPAMENTOS E SUPRIMENTOS MÉDICOS  E  CIRÚRGICOS;30040;FIO DE SUTURA AGULHADO;487029;APRESENTAÇÃO: EMBALAGEM INDIVIDUAL, COMPRIMENTO AGULHA: CERCA DE 80, COMPRIMENTO FIO: CERCA DE 70, DIÂMETRO FIO: Nº 1, ESTERILIDADE: ESTÉRIL, MATERIAL FIO: CATGUT CROMADO, MODELO AGULHA: ROMBA, MODELO FIO: MULTIFILAMENTAR, TIPO AGULHA: AGULHA 1/2 CÍRCULO;UN;24,0000;4,2500;102,0000;0,0000;30/12/2026
ERN - HOSPITAL DR JOSÉ PEDRO BEZERRA DE NATAL;925778;1233;Material;925778-9/2026;material permanente;Catálogo do Compras.gov.br;Material;6515;INSTRUMENTOS, EQUIPAMENTOS E SUPRIMENTOS MÉDICOS  E  CIRÚRGICOS;8203;DRENO CIRÚRGICO;438502;CALIBRE: 14, COMPRIMENTO: CERCA DE 50, EMBALAGEM: EMBALAGEM INDIVIDUAL, MATERIAL: BORRACHA, MODELO: KEHR EM "T", TIPO USO: ESTÉRIL, DESCARTÁVEL;UN;10,0000;7,7300;77,3000;0,0000;30/12/2026
ERN - HOSPITAL DR JOSÉ PEDRO BEZERRA DE NATAL;925778;1234;Material;925778-9/2026;material permanente;Catálogo do Compras.gov.br;Material;6515;INSTRUMENTOS, EQUIPAMENTOS E SUPRIMENTOS MÉDICOS  E  CIRÚRGICOS;8203;DRENO CIRÚRGICO;464737;COMPONENTE I: C/ GAZE, COMPONENTE II: RADIOPACO, DIMENSÕES: CERCA DE 12 MM X 30, EMBALAGEM: EMBALAGEM INDIVIDUAL, MATERIAL: LÁTEX, MODELO: DE PENROSE, TIPO USO: ESTÉRIL, DESCARTÁVEL;UN;2,0000;1,9000;3,8000;0,0000;30/12/2026
ERN - HOSPITAL DR JOSÉ PEDRO BEZERRA DE NATAL;925778;1282;Material;925778-9/2026;material permanente;Catálogo do Compras.gov.br;Material;6532;VESTUÁRIO HOSPITALAR E CIRÚRGICO E ITENS CORRELATOS DE  FINALIDADES ESPECIAIS;1210;ABSORVENTE HIGIÊNICO;314838;CARACTERÍSTICAS ADICIONAIS: COBERTURA INTERNA DE FALSO TECIDO, PELÍCULA EXTER-, COMPRIMENTO: 45, LARGURA: 15, TIPO: PÓS-PARTO;UN;5000,0000;0,5300;2650,0000;0,0000;30/12/2026
ERN - HOSPITAL DR JOSÉ PEDRO BEZERRA DE NATAL;925778;1235;Material;925778-9/2026;material permanente;Catálogo do Compras.gov.br;Material;6545;JOGOS E CONJUNTOS MÉDICOS;5728;CÂNULA DE TRAQUEOSTOMIA;617764;ACESSÓRIOS: C/ FITA P/ FIXAÇÃO, ACESSÓRIOS 02: CONECTOR UNIVERSAL, CARACTERÍSTICAS ADICIONAIS*: C/ ASA DE FIXAÇÃO LATERAL FLEXÍVEL, COMPONENTES*: BALÃO DE ALTO VOLUME E BAIXA PRESSÃO, DIÂMETRO: CERCA DE 4,5, EMBALAGEM: EMBALAGEM INDIVIDUAL, ESTERELIDADE: ESTÉRIL, DESCARTÁVEL, MATERIAL*: PVC, TIPO: RADIOPACO;UN;2,0000;18,8600;37,7200;0,0000;30/12/2026
ERN - HOSPITAL DR JOSÉ PEDRO BEZERRA DE NATAL;925778;1236;Material;925778-9/2026;material permanente;Catálogo do Compras.gov.br;Material;6515;INSTRUMENTOS, EQUIPAMENTOS E SUPRIMENTOS MÉDICOS  E  CIRÚRGICOS;6460;ELETRODO USO MÉDICO;461244;ACESSÓRIO: S/ CABO, ADICIONAL 1: C/ GEL CONDUTOR, APLICAÇÃO 1: P/ MONITORIZAÇÃO CARDÍACA - ECG, ESTERILIDADE: USO ÚNICO, MATERIAL SENSOR: PRATA/PRATA CLORADA, MODELO: DE SUPERFÍCIE, TAMANHOS: NEONATAL, TIPO: ADESIVO;UN;5000,0000;0,2500;1250,0000;0,0000;30/12/2026
ERN - HOSPITAL DR JOSÉ PEDRO BEZERRA DE NATAL;925778;1237;Material;925778-9/2026;material permanente;Catálogo do Compras.gov.br;Material;6515;INSTRUMENTOS, EQUIPAMENTOS E SUPRIMENTOS MÉDICOS  E  CIRÚRGICOS;30040;FIO DE SUTURA AGULHADO;487429;APRESENTAÇÃO: EMBALAGEM INDIVIDUAL, COMPRIMENTO AGULHA: CERCA DE 30, COMPRIMENTO FIO: CERCA DE 45, DIÂMETRO FIO: 4-0, ESTERILIDADE: ESTÉRIL, MATERIAL FIO: NYLON / POLIAMIDA PRETO, MODELO AGULHA: CORTANTE REVERSA / INVERTIDA, MODELO FIO: MONOFILAMENTAR, TIPO AGULHA: AGULHA 3/8 CÍRCULO;UN;300,0000;1,4900;447,0000;0,0000;30/12/2026
ERN - HOSPITAL DR JOSÉ PEDRO BEZERRA DE NATAL;925778;1238;Material;925778-9/2026;material permanente;Catálogo do Compras.gov.br;Material;6515;INSTRUMENTOS, EQUIPAMENTOS E SUPRIMENTOS MÉDICOS  E  CIRÚRGICOS;30233;RESERVATÓRIO P/ COLETA DE AMOSTRA BIOLÓGICA;619145;APLICAÇÃO: UNIVERSAL, ESTERILIDADE: NÃO ESTÉRIL, USO ÚNICO, FECHAMENTO: TAMPA PLÁSTICA, MATERIAL: POLÍMERO RÍGIDO TRANSPARENTE, GRADUADO, MODELO: FRASCO, VOLUME: CERCA DE 50 ML;UN;450,0000;0,2300;103,5000;0,0000;30/12/2026
ERN - HOSPITAL DR JOSÉ PEDRO BEZERRA DE NATAL;925778;1239;Material;925778-9/2026;material permanente;Catálogo do Compras.gov.br;Material;6515;INSTRUMENTOS, EQUIPAMENTOS E SUPRIMENTOS MÉDICOS  E  CIRÚRGICOS;14572;CÂNULA OROFARÍNGEA GUEDEL;450965;MATERIAL*: POLÍMERO, TAMANHO*: TAMANHO Nº 3;UN;2,0000;2,4900;4,9800;0,0000;30/12/2026
ERN - HOSPITAL DR JOSÉ PEDRO BEZERRA DE NATAL;925778;1240;Material;925778-9/2026;material permanente;Catálogo do Compras.gov.br;Material;6532;VESTUÁRIO HOSPITALAR E CIRÚRGICO E ITENS CORRELATOS DE  FINALIDADES ESPECIAIS;30032;MÁSCARA PROTEÇÃO RESP. C/ ANVISA;485530;ADICIONAL 2: S/ VÁLVULA, CLASSE: PFF2, N95 OU EQUIVALENTE, COMPONENTE: CLIPE NASAL, COR: C/ COR, ESTERILIDADE: DESCARTÁVEL, FILTRO: EFICIÊNCIA FILTRAÇÃO MÍN. 94% S, MATERIAL: CAMADAS FIBRAS SINTÉTICAS, MODELO: RESPIRADOR DOBRÁVEL, TIPO BICO DE PATO, TAMANHO: ADULTO, TIPO FIXAÇÃO: TIRAS VEDAÇÃO ANATÔMICA;UN;250,0000;3,1400;785,0000;0,0000;30/12/2026
ERN - HOSPITAL DR JOSÉ PEDRO BEZERRA DE NATAL;925778;1241;Material;925778-9/2026;material permanente;Catálogo do Compras.gov.br;Material;6545;JOGOS E CONJUNTOS MÉDICOS;5728;CÂNULA DE TRAQUEOSTOMIA;433147;ACESSÓRIOS: MANDRIL COM GUIA E OBTURADOR, CARACTERÍSTICAS ADICIONAIS*: SUPERFÍCIE LISA PONTA ARREDONDADA, COMPONENTES*: BALÃO DE ALTO VOLUME E BAIXA PRESSÃO, DIÂMETRO: 8, EMBALAGEM: EMBALAGEM INDIVIDUAL, ESTERELIDADE: ESTÉRIL, MATERIAL*: POLÍMERO, MODELO: LONGA, TIPO: RADIOPACO;UN;2,0000;12,0000;24,0000;0,0000;30/12/2026
ERN - HOSPITAL DR JOSÉ PEDRO BEZERRA DE NATAL;925778;1242;Material;925778-9/2026;material permanente;Catálogo do Compras.gov.br;Material;6545;JOGOS E CONJUNTOS MÉDICOS;5728;CÂNULA DE TRAQUEOSTOMIA;433157;ACESSÓRIOS: MANDRIL COM GUIA E OBTURADOR, COMPONENTES*: BALÃO DE ALTO VOLUME E BAIXA PRESSÃO, DIÂMETRO: 3,5, EMBALAGEM: EMBALAGEM INDIVIDUAL, ESTERELIDADE: ESTÉRIL, MATERIAL*: PVC, MODELO: LONGA, TIPO: RADIOPACO;UN;10,0000;26,6600;266,6000;0,0000;30/12/2026
ERN - HOSPITAL DR JOSÉ PEDRO BEZERRA DE NATAL;925778;1243;Material;925778-9/2026;material permanente;Catálogo do Compras.gov.br;Material;6515;INSTRUMENTOS, EQUIPAMENTOS E SUPRIMENTOS MÉDICOS  E  CIRÚRGICOS;30040;FIO DE SUTURA AGULHADO;487026;APRESENTAÇÃO: EMBALAGEM INDIVIDUAL, COMPRIMENTO AGULHA: CERCA DE 40, COMPRIMENTO FIO: CERCA DE 70, DIÂMETRO FIO: Nº 1, ESTERILIDADE: ESTÉRIL, MATERIAL FIO: CATGUT CROMADO, MODELO AGULHA: CILÍNDRICA, MODELO FIO: MULTIFILAMENTAR, TIPO AGULHA: AGULHA 1/2 CÍRCULO;UN;620,0000;4,2700;2647,4000;0,0000;30/12/2026
ERN - HOSPITAL DR JOSÉ PEDRO BEZERRA DE NATAL;925778;1244;Material;925778-9/2026;material permanente;Catálogo do Compras.gov.br;Material;6515;INSTRUMENTOS, EQUIPAMENTOS E SUPRIMENTOS MÉDICOS  E  CIRÚRGICOS;2639;SONDA TRATO URINÁRIO;435982;CALIBRE: 14, COMPONENTES: C/ ORIFÍCIOS LATERAIS, COMPRIMENTO: CERCA 40, CONECTOR: CONECTOR PADRÃO C/ TAMPA, EMBALAGEM: EMBALAGEM INDIVIDUAL, ESTERILIDADE: ESTÉRIL, DESCARTÁVEL, MATERIAL: PVC, MODELO: URETRAL, TIPO PONTA: PONTA DISTAL CILÍNDRICA FECHADA;UN;100,0000;0,5000;50,0000;0,0000;30/12/2026
ERN - HOSPITAL DR JOSÉ PEDRO BEZERRA DE NATAL;925778;1245;Material;925778-9/2026;material permanente;Catálogo do Compras.gov.br;Material;6515;INSTRUMENTOS, EQUIPAMENTOS E SUPRIMENTOS MÉDICOS  E  CIRÚRGICOS;30040;FIO DE SUTURA AGULHADO;487151;APRESENTAÇÃO: EMBALAGEM INDIVIDUAL, COMPRIMENTO AGULHA: CERCA DE 40, COMPRIMENTO FIO: CERCA DE 70, DIÂMETRO FIO: 0 / 1-0, ESTERILIDADE: ESTÉRIL, MATERIAL FIO: POLIGLACTINA VIOLETA, MODELO AGULHA: CILÍNDRICA, MODELO FIO: MULTIFILAMENTAR, TIPO AGULHA: AGULHA 1/2 CÍRCULO;UN;144,0000;5,1200;737,2800;0,0000;30/12/2026
ERN - HOSPITAL DR JOSÉ PEDRO BEZERRA DE NATAL;925778;1246;Material;925778-9/2026;material permanente;Catálogo do Compras.gov.br;Material;6515;INSTRUMENTOS, EQUIPAMENTOS E SUPRIMENTOS MÉDICOS  E  CIRÚRGICOS;458;ABAIXADOR LÍNGUA;348807;COMPRIMENTO: 14, ESPESSURA: 2, FORMATO: TIPO ESPÁTULA, LARGURA: 1,50, MATERIAL: MADEIRA, TIPO: DESCARTÁVEL;PCT;10,0000;5,4000;54,0000;0,0000;30/12/2026
ERN - HOSPITAL DR JOSÉ PEDRO BEZERRA DE NATAL;925778;1247;Material;925778-9/2026;material permanente;Catálogo do Compras.gov.br;Material;6515;INSTRUMENTOS, EQUIPAMENTOS E SUPRIMENTOS MÉDICOS  E  CIRÚRGICOS;30040;FIO DE SUTURA AGULHADO;487132;APRESENTAÇÃO: EMBALAGEM INDIVIDUAL, COMPRIMENTO AGULHA: CERCA DE 40, COMPRIMENTO FIO: CERCA DE 70, DIÂMETRO FIO: 2-0, ESTERILIDADE: ESTÉRIL, MATERIAL FIO: POLIGLACTINA VIOLETA, MODELO AGULHA: CILÍNDRICA, MODELO FIO: MULTIFILAMENTAR, TIPO AGULHA: AGULHA 1/2 CÍRCULO;UN;48,0000;5,6000;268,8000;0,0000;30/12/2026
ERN - HOSPITAL DR JOSÉ PEDRO BEZERRA DE NATAL;925778;1248;Material;925778-9/2026;material permanente;Catálogo do Compras.gov.br;Material;6515;INSTRUMENTOS, EQUIPAMENTOS E SUPRIMENTOS MÉDICOS  E  CIRÚRGICOS;17428;SERINGA;443468;ADICIONAL: GRADUADA (ESCALA ML), NUMERADA, APRESENTAÇÃO: EMBALAGEM INDIVIDUAL, CAPACIDADE: 1, ESTERILIDADE: ESTÉRIL, DESCARTÁVEL, MATERIAL: POLIPROPILENO, TIPO AGULHA: C/ AGULHA 26 G X 1/2", TIPO BICO: BICO CENTRAL LUER LOCK OU SLIP, TIPO VEDAÇÃO: ÊMBOLO DE BORRACHA;UN;8200,0000;0,3500;2870,0000;0,0000;30/12/2026
ERN - HOSPITAL DR JOSÉ PEDRO BEZERRA DE NATAL;925778;1249;Material;925778-9/2026;material permanente;Catálogo do Compras.gov.br;Material;6515;INSTRUMENTOS, EQUIPAMENTOS E SUPRIMENTOS MÉDICOS  E  CIRÚRGICOS;8203;DRENO CIRÚRGICO;464739;CALIBRE: 14, COMPONENTE: INTRODUTOR EM AÇO INOXIDÁVEL, COMPONENTE ADICIONAL: C/ RESERVATÓRIO GRADUADO - PRESSÃO NEGATIVA, COMPONENTE I: C/ VÁLVULA ANTIRREFLUXO E EXTENSOR C/ CLAMP, COMPONENTE II: RADIOPACO, CONECTOR UNIVERSAL: C/ CONECTOR DUPLO, EMBALAGEM: EMBALAGEM INDIVIDUAL, MATERIAL: SILICONE, MODELO: TUBULAR, TIPO USO: ESTÉRIL, DESCARTÁVEL, VOLUME: CERCA DE 600;UN;4,0000;16,0200;64,0800;0,0000;30/12/2026
ERN - HOSPITAL DR JOSÉ PEDRO BEZERRA DE NATAL;925778;1250;Material;925778-9/2026;material permanente;Catálogo do Compras.gov.br;Material;6515;INSTRUMENTOS, EQUIPAMENTOS E SUPRIMENTOS MÉDICOS  E  CIRÚRGICOS;30040;FIO DE SUTURA AGULHADO;487121;APRESENTAÇÃO: EMBALAGEM INDIVIDUAL, COMPRIMENTO AGULHA: CERCA DE 35, COMPRIMENTO FIO: CERCA DE 70, DIÂMETRO FIO: 3-0, ESTERILIDADE: ESTÉRIL, MATERIAL FIO: POLIGLACTINA VIOLETA, MODELO AGULHA: CILÍNDRICA ROBUSTA, MODELO FIO: MULTIFILAMENTAR, TIPO AGULHA: AGULHA 1/2 CÍRCULO;UN;48,0000;5,1200;245,7600;0,0000;30/12/2026
ERN - HOSPITAL DR JOSÉ PEDRO BEZERRA DE NATAL;925778;1251;Material;925778-9/2026;material permanente;Catálogo do Compras.gov.br;Material;6515;INSTRUMENTOS, EQUIPAMENTOS E SUPRIMENTOS MÉDICOS  E  CIRÚRGICOS;3701;CATETER PERIFÉRICO;437178;APLICAÇÃO: VENOSO, COMPONENTE 1: CÂMARA REFLUXO C/ FILTRO, COMPONENTE 2: C/ SISTEMA SEGURANÇA SEGUNDO NR/32, COMPRIMENTO: CERCA 30, CONECTOR: CONECTOR PADRÃO, DIAMETRO: 20, MATERIAL AGULHA: AGULHA AÇO INOX, MATERIAL CATETER: POLÍMERO RADIOPACO, TIPO USO: ESTÉRIL, DESCARTÁVEL, EMBALAGEM INDIVIDUAL;UN;1800,0000;1,6200;2916,0000;0,0000;30/12/2026
ERN - HOSPITAL DR JOSÉ PEDRO BEZERRA DE NATAL;925778;1252;Material;925778-9/2026;material permanente;Catálogo do Compras.gov.br;Material;6515;INSTRUMENTOS, EQUIPAMENTOS E SUPRIMENTOS MÉDICOS  E  CIRÚRGICOS;4302;EXTENSOR INFUSÃO VASCULAR;466646;CALIBRE: CERCA 10, COMPONENTE ADICIONAL: C/ CLAMP, COMPRIMENTO: CERCA 20, MATERIAL: POLÍMERO, PRESSÃO MÁXIMA: ATÉ CERCA DE 100, TIPO CONEXÃO: LUER LOCK / SLIP / VALVULADO, TIPO USO: ESTÉRIL, USO ÚNICO, VIAS: 2 VIAS;UN;5000,0000;0,8000;4000,0000;0,0000;30/12/2026
ERN - HOSPITAL DR JOSÉ PEDRO BEZERRA DE NATAL;925778;1253;Material;925778-9/2026;material permanente;Catálogo do Compras.gov.br;Material;6515;INSTRUMENTOS, EQUIPAMENTOS E SUPRIMENTOS MÉDICOS  E  CIRÚRGICOS;30040;FIO DE SUTURA AGULHADO;487622;APRESENTAÇÃO: EMBALAGEM INDIVIDUAL, COMPRIMENTO AGULHA: CERCA DE 30, COMPRIMENTO FIO: CERCA DE 70, DIÂMETRO FIO: 2-0, ESTERILIDADE: ESTÉRIL, MATERIAL FIO: POLIÉSTER C/ ALGODÃO AZUL, MODELO AGULHA: CILÍNDRICA, MODELO FIO: MULTIFILAMENTAR, TIPO AGULHA: AGULHA 3/8 CÍRCULO;UN;24,0000;2,6000;62,4000;0,0000;30/12/2026
ERN - HOSPITAL DR JOSÉ PEDRO BEZERRA DE NATAL;925778;1254;Material;925778-9/2026;material permanente;Catálogo do Compras.gov.br;Material;6545;JOGOS E CONJUNTOS MÉDICOS;5728;CÂNULA DE TRAQUEOSTOMIA;427875;ACESSÓRIOS: C/ FITA P/ FIXAÇÃO, ACESSÓRIOS 01: OBTURADOR, ACESSÓRIOS 02: CÂNULA INTERNA, CARACTERÍSTICAS ADICIONAIS*: COM TAMPA DE VEDAÇÃO, COMPONENTES*: BALÃO DE ALTO VOLUME E BAIXA PRESSÃO, DIÂMETRO: CERCA DE 7,5, ESTERELIDADE: ESTÉRIL, MATERIAL*: POLÍMERO, MODELO: FENESTRADA, OUTROS COMPONENTES*: MALEÁVEL, TERMOSENSÍVEL, ISENTO DE LÁTEX, TIPO: RADIOPACO;UN;12,0000;17,2000;206,4000;0,0000;30/12/2026
ERN - HOSPITAL DR JOSÉ PEDRO BEZERRA DE NATAL;925778;1255;Material;925778-9/2026;material permanente;Catálogo do Compras.gov.br;Material;6515;INSTRUMENTOS, EQUIPAMENTOS E SUPRIMENTOS MÉDICOS  E  CIRÚRGICOS;30044;FIO DE SUTURA S/ AGULHA;600165;APRESENTAÇÃO: EMBALAGEM INDIVIDUAL, COMPRIMENTO: 3 X CERCA DE 60, DIÂMETRO: Nº 1, ESTERILIDADE: ESTÉRIL, MATERIAL: AÇO INOXIDÁVEL, MODELO: MONOFILAMENTAR;UN;1,0000;16,9000;16,9000;0,0000;30/12/2026
ERN - HOSPITAL DR JOSÉ PEDRO BEZERRA DE NATAL;925778;1256;Material;925778-9/2026;material permanente;Catálogo do Compras.gov.br;Material;6515;INSTRUMENTOS, EQUIPAMENTOS E SUPRIMENTOS MÉDICOS  E  CIRÚRGICOS;2224;TUBO ENDOTRAQUEAL;451282;CALIBRE: 4,5, COMPONENTE 2: RADIOPACO, GRADUADO, ESTERILIDADE: ESTÉRIL, USO ÚNICO, MATERIAL: PVC SILICONIZADO, MODELO: CURVA MAGILL, TIPO CONECTOR: CONECTOR PADRÃO, TIPO PONTA: C/ PONTA DISTAL ATRAUMÁTICA E ORIFÍCIO MURPHY;UN;15,0000;2,6900;40,3500;0,0000;30/12/2026
ERN - HOSPITAL DR JOSÉ PEDRO BEZERRA DE NATAL;925778;1257;Material;925778-9/2026;material permanente;Catálogo do Compras.gov.br;Material;6515;INSTRUMENTOS, EQUIPAMENTOS E SUPRIMENTOS MÉDICOS  E  CIRÚRGICOS;30040;FIO DE SUTURA AGULHADO;487445;APRESENTAÇÃO: EMBALAGEM INDIVIDUAL, COMPRIMENTO AGULHA: CERCA DE 30, COMPRIMENTO FIO: CERCA DE 45, DIÂMETRO FIO: 3-0, ESTERILIDADE: ESTÉRIL, MATERIAL FIO: NYLON / POLIAMIDA PRETO, MODELO AGULHA: CORTANTE REVERSA / INVERTIDA, MODELO FIO: MONOFILAMENTAR, TIPO AGULHA: AGULHA 3/8 CÍRCULO;UN;900,0000;1,5800;1422,0000;0,0000;30/12/2026
ERN - HOSPITAL DR JOSÉ PEDRO BEZERRA DE NATAL;925778;1258;Material;925778-9/2026;material permanente;Catálogo do Compras.gov.br;Material;6515;INSTRUMENTOS, EQUIPAMENTOS E SUPRIMENTOS MÉDICOS  E  CIRÚRGICOS;2103;ADESIVO CIRÚRGICO;437888;ASPECTO FÍSICO: LÍQUIDO, EMBALAGEM: EMBALAGEM INDIVIDUAL, ESTERILIDADE*: ESTÉRIL, PRINCÍPIO ATIVO: DE N-BUTIL-2-CIANOACRILATO, TIPO USO: USO ÚNICO;AM;10,0000;583,3300;5833,3000;0,0000;30/12/2026
ERN - HOSPITAL DR JOSÉ PEDRO BEZERRA DE NATAL;925778;1259;Material;925778-9/2026;material permanente;Catálogo do Compras.gov.br;Material;6515;INSTRUMENTOS, EQUIPAMENTOS E SUPRIMENTOS MÉDICOS  E  CIRÚRGICOS;19949;ESCOVA LIMPEZA - CME;481973;APLICAÇÃO: P/ ENDOSCÓPIO, APRESENTAÇÃO: EM ROLO, COMPRIMENTO TOTAL: CERCA DE 15, DIÂMETRO PONTA: CERCA DE 6, HASTE: HASTE FLEXÍVEL, MATERIAL CERDAS: CERDAS DE NYLON, PONTA ATIVA: EM TODA EXTENSÃO, TIPO USO: DESCARTÁVEL;UN;20,0000;102,1833;2043,6660;0,0000;30/12/2026
ERN - HOSPITAL DR JOSÉ PEDRO BEZERRA DE NATAL;925778;1260;Material;925778-9/2026;material permanente;Catálogo do Compras.gov.br;Material;6515;INSTRUMENTOS, EQUIPAMENTOS E SUPRIMENTOS MÉDICOS  E  CIRÚRGICOS;2224;TUBO ENDOTRAQUEAL;451321;CALIBRE: 7,0, COMPONENTE 1: BALÃO ALTO VOLUME E BAIXA PRESSÃO, COMPONENTE 2: RADIOPACO, GRADUADO, ESTERILIDADE: ESTÉRIL, USO ÚNICO, MATERIAL: PVC SILICONIZADO, MODELO: CURVA MAGILL, TIPO CONECTOR: CONECTOR PADRÃO, TIPO PONTA: C/ PONTA DISTAL ATRAUMÁTICA E ORIFÍCIO MURPHY;UN;25,0000;3,0700;76,7500;0,0000;30/12/2026
ERN - HOSPITAL DR JOSÉ PEDRO BEZERRA DE NATAL;925778;1261;Material;925778-9/2026;material permanente;Catálogo do Compras.gov.br;Material;6515;INSTRUMENTOS, EQUIPAMENTOS E SUPRIMENTOS MÉDICOS  E  CIRÚRGICOS;19802;INSTRUMENTAL P/ ENDOSCÓPIO;465278;COMPONENTE 2: MANOPLA C/ CONEXÃO P/ BISTURI ELÉTRICO, DIMENSÃO: P/ CANAL CERCA DE 2,8 MM X 230 CM, DIÂMETRO PONTA: CERCA DE 25, ESTERILIDADE: ESTÉRIL, USO ÚNICO, HASTE: HASTE ISOLADA, TIPO: ALÇA POLIPECTOMIA, TIPO FIO: FIO AÇO INOXIDÁVEL, MONOFILAMENTAR, TIPO PONTA: OVAL;UN;10,0000;89,3723;893,7230;0,0000;30/12/2026
ERN - HOSPITAL DR JOSÉ PEDRO BEZERRA DE NATAL;925778;1262;Material;925778-9/2026;material permanente;Catálogo do Compras.gov.br;Material;6515;INSTRUMENTOS, EQUIPAMENTOS E SUPRIMENTOS MÉDICOS  E  CIRÚRGICOS;15555;TORNEIRINHA;457481;MATERIAL*: POLÍMERO, PRESSÃO MÁXIMA: ATÉ CERCA DE 100, TIPO CONECTOR: LUER LOCK / SLIP, TIPO USO: ESTÉRIL, USO ÚNICO, VIAS: 3 VIAS;UN;600,0000;0,7900;474,0000;0,0000;30/12/2026
ERN - HOSPITAL DR JOSÉ PEDRO BEZERRA DE NATAL;925778;1263;Material;925778-9/2026;material permanente;Catálogo do Compras.gov.br;Material;6515;INSTRUMENTOS, EQUIPAMENTOS E SUPRIMENTOS MÉDICOS  E  CIRÚRGICOS;17865;BOCAL - USO MÉDICO;475102;APRESENTAÇÃO: EMBALAGEM INDIVIDUAL, COMPATIBILIDADE: COMPATÍVEL C/ ENDOSCÓPIO, COMPONENTE: C/ TIRA P/ FIXAÇÃO AJUSTÁVEL, ESTERILIDADE: DESCARTÁVEL, MATERIA PRIMA: PLÁSTICO RESISTENTE, MODELO: TUBULAR RETO, TAMANHO: ADULTO;UN;10,0000;13,9600;139,6000;0,0000;30/12/2026
ERN - HOSPITAL DR JOSÉ PEDRO BEZERRA DE NATAL;925778;1264;Material;925778-9/2026;material permanente;Catálogo do Compras.gov.br;Material;6515;INSTRUMENTOS, EQUIPAMENTOS E SUPRIMENTOS MÉDICOS  E  CIRÚRGICOS;8127;GUIA P/ INTUBAÇÃO TRAQUEAL;455937;COMPONENTE 1: COM FUROS LATERAIS, COMPONENTE 2: RADIOPACO, GRADUADO, ESTERILIDADE*: ESTÉRIL, DESCARTÁVEL, MATERIAL HASTE: POLÍMERO, MODELO: CATETER DE TROCA, TAMANHO*: P/ TOT CERCA DE 7 MM(DI);UN;2,0000;17,0000;34,0000;0,0000;30/12/2026
ERN - HOSPITAL DR JOSÉ PEDRO BEZERRA DE NATAL;925778;1265;Material;925778-9/2026;material permanente;Catálogo do Compras.gov.br;Material;6515;INSTRUMENTOS, EQUIPAMENTOS E SUPRIMENTOS MÉDICOS  E  CIRÚRGICOS;30040;FIO DE SUTURA AGULHADO;487534;APRESENTAÇÃO: EMBALAGEM INDIVIDUAL, COMPRIMENTO AGULHA: CERCA DE 40, COMPRIMENTO FIO: CERCA DE 70, DIÂMETRO FIO: 0 / 1-0, ESTERILIDADE: ESTÉRIL, MATERIAL FIO: POLIPROPILENO AZUL, MODELO AGULHA: CILÍNDRICA, MODELO FIO: MONOFILAMENTAR, TIPO AGULHA: AGULHA 1/2 CÍRCULO;UN;144,0000;2,2700;326,8800;0,0000;30/12/2026
ERN - HOSPITAL DR JOSÉ PEDRO BEZERRA DE NATAL;925778;1266;Material;925778-9/2026;material permanente;Catálogo do Compras.gov.br;Material;6515;INSTRUMENTOS, EQUIPAMENTOS E SUPRIMENTOS MÉDICOS  E  CIRÚRGICOS;30040;FIO DE SUTURA AGULHADO;487009;APRESENTAÇÃO: EMBALAGEM INDIVIDUAL, COMPRIMENTO AGULHA: CERCA DE 40, COMPRIMENTO FIO: CERCA DE 70, DIÂMETRO FIO: 2-0, ESTERILIDADE: ESTÉRIL, MATERIAL FIO: CATGUT CROMADO, MODELO AGULHA: CILÍNDRICA, MODELO FIO: MULTIFILAMENTAR, TIPO AGULHA: AGULHA 1/2 CÍRCULO;UN;600,0000;4,0700;2442,0000;0,0000;30/12/2026
ERN - HOSPITAL DR JOSÉ PEDRO BEZERRA DE NATAL;925778;1267;Material;925778-9/2026;material permanente;Catálogo do Compras.gov.br;Material;6515;INSTRUMENTOS, EQUIPAMENTOS E SUPRIMENTOS MÉDICOS  E  CIRÚRGICOS;14572;CÂNULA OROFARÍNGEA GUEDEL;450963;MATERIAL*: POLÍMERO, TAMANHO*: TAMANHO Nº 1;UN;2,0000;2,4900;4,9800;0,0000;30/12/2026
ERN - HOSPITAL DR JOSÉ PEDRO BEZERRA DE NATAL;925778;1268;Material;925778-9/2026;material permanente;Catálogo do Compras.gov.br;Material;6515;INSTRUMENTOS, EQUIPAMENTOS E SUPRIMENTOS MÉDICOS  E  CIRÚRGICOS;15045;DISPOSITIVO EXTERNO P/ INCONTINÊNCIA URINÁRIA;484431;CARACTERÍSTICA: AUTOADESIVO, DIÂMETRO: CERCA DE 35, EMBALAGEM: EMBALAGEM INDIVIDUAL, ESTERILIDADE: USO ÚNICO, MATERIAL: SILICONE, MODELO: MASCULINO, TIPO: PRESERVATIVO C/ ABERTURA P/ DRENAGEM;UN;1500,0000;15,1500;22725,0000;0,0000;30/12/2026
ERN - HOSPITAL DR JOSÉ PEDRO BEZERRA DE NATAL;925778;1269;Material;925778-9/2026;material permanente;Catálogo do Compras.gov.br;Material;6515;INSTRUMENTOS, EQUIPAMENTOS E SUPRIMENTOS MÉDICOS  E  CIRÚRGICOS;30040;FIO DE SUTURA AGULHADO;487611;APRESENTAÇÃO: EMBALAGEM INDIVIDUAL, COMPRIMENTO AGULHA: CERCA DE 30, COMPRIMENTO FIO: CERCA DE 70, DIÂMETRO FIO: 3-0, ESTERILIDADE: ESTÉRIL, MATERIAL FIO: POLIÉSTER C/ ALGODÃO AZUL, MODELO AGULHA: CILÍNDRICA, MODELO FIO: MULTIFILAMENTAR, TIPO AGULHA: AGULHA 3/8 CÍRCULO;UN;24,0000;2,1800;52,3200;0,0000;30/12/2026
ERN - HOSPITAL DR JOSÉ PEDRO BEZERRA DE NATAL;925778;1270;Material;925778-9/2026;material permanente;Catálogo do Compras.gov.br;Material;6515;INSTRUMENTOS, EQUIPAMENTOS E SUPRIMENTOS MÉDICOS  E  CIRÚRGICOS;30040;FIO DE SUTURA AGULHADO;486985;APRESENTAÇÃO: EMBALAGEM INDIVIDUAL, COMPRIMENTO AGULHA: CERCA DE 30, COMPRIMENTO FIO: CERCA DE 70, DIÂMETRO FIO: Nº 1, ESTERILIDADE: ESTÉRIL, MATERIAL FIO: CATGUT SIMPLES, MODELO AGULHA: CILÍNDRICA, MODELO FIO: MULTIFILAMENTAR, TIPO AGULHA: AGULHA 3/8 CÍRCULO;UN;24,0000;4,1300;99,1200;0,0000;30/12/2026
ERN - HOSPITAL DR JOSÉ PEDRO BEZERRA DE NATAL;925778;1271;Material;925778-9/2026;material permanente;Catálogo do Compras.gov.br;Material;6515;INSTRUMENTOS, EQUIPAMENTOS E SUPRIMENTOS MÉDICOS  E  CIRÚRGICOS;5359;BOLSA COLETORA DE URINA SISTEMA FECHADO;419371;CAPACIDADE*: CERCA DE 2000, COMPONENTES: ALÇA DE SUSTENTAÇÃO, ESTERILIDADE*: ESTÉRIL, DESCARTÁVEL, GRADUAÇÃO: GRADUAÇÃO DE 100 EM 100, MATERIAL*: PVC, OUTROS COMPONENTES: MEMBRANA AUTOCICATRIZANTE, PINÇA: CLAMP CORTA FLUXO, TIPO*: SISTEMA FECHADO, VÁLVULA: VÁLVULA ANTI-REFLUXO;UN;600,0000;3,3100;1986,0000;0,0000;30/12/2026
ERN - HOSPITAL DR JOSÉ PEDRO BEZERRA DE NATAL;925778;1272;Material;925778-9/2026;material permanente;Catálogo do Compras.gov.br;Material;6515;INSTRUMENTOS, EQUIPAMENTOS E SUPRIMENTOS MÉDICOS  E  CIRÚRGICOS;14736;CATETER ASPIRAÇÃO TRAQUEAL;283987;CARACTERÍSTICAS ADICIONAIS: PONTA ATRAUMÁTICA, ORIFÍCIOS DISTAIS LATERALIZADOS, ESPESSURA: Nº 4, MATERIAL: PVC ATÓXICO FLEXÍVEL, TIPO EMBALAGEM: ESTÉRIL, EMBALAGEM INDIVIDUAL, TIPO USO: DESCARTÁVEL;UN;300,0000;0,5300;159,0000;0,0000;30/12/2026
ERN - HOSPITAL DR JOSÉ PEDRO BEZERRA DE NATAL;925778;1273;Material;925778-9/2026;material permanente;Catálogo do Compras.gov.br;Material;6515;INSTRUMENTOS, EQUIPAMENTOS E SUPRIMENTOS MÉDICOS  E  CIRÚRGICOS;30040;FIO DE SUTURA AGULHADO;487233;APRESENTAÇÃO: EMBALAGEM INDIVIDUAL, COMPRIMENTO AGULHA: CERCA DE 20, COMPRIMENTO FIO: CERCA DE 45, DIÂMETRO FIO: 5-0, ESTERILIDADE: ESTÉRIL, MATERIAL FIO: POLIGLECAPRONE INCOLOR, MODELO AGULHA: CORTANTE REVERSA / INVERTIDA, MODELO FIO: MONOFILAMENTAR, TIPO AGULHA: AGULHA 3/8 CÍRCULO;UN;24,0000;8,3500;200,4000;0,0000;30/12/2026
ERN - HOSPITAL DR JOSÉ PEDRO BEZERRA DE NATAL;925778;1274;Material;925778-9/2026;material permanente;Catálogo do Compras.gov.br;Material;6515;INSTRUMENTOS, EQUIPAMENTOS E SUPRIMENTOS MÉDICOS  E  CIRÚRGICOS;15284;LÂMINA BISTURI;439126;CARACTERÍSTICAS ADICIONAIS: EMBALADA INDIVIDUALMENTE, ESTERILIDADE: ESTÉRIL, MATERIAL: AÇO INOXIDÁVEL, TAMANHO: Nº 15 C, TIPO: DESCARTÁVEL;UN;700,0000;0,2500;175,0000;0,0000;30/12/2026
ERN - HOSPITAL DR JOSÉ PEDRO BEZERRA DE NATAL;925778;1275;Material;925778-9/2026;material permanente;Catálogo do Compras.gov.br;Material;6515;INSTRUMENTOS, EQUIPAMENTOS E SUPRIMENTOS MÉDICOS  E  CIRÚRGICOS;3701;CATETER PERIFÉRICO;437175;APLICAÇÃO: VENOSO, COMPONENTE 1: CÂMARA REFLUXO C/ FILTRO, COMPONENTE 2: C/ SISTEMA SEGURANÇA SEGUNDO NR/32, COMPRIMENTO: CERCA 50, CONECTOR: CONECTOR PADRÃO, DIAMETRO: 14, MATERIAL AGULHA: AGULHA AÇO INOX, MATERIAL CATETER: POLÍMERO RADIOPACO, TIPO USO: ESTÉRIL, DESCARTÁVEL, EMBALAGEM INDIVIDUAL;UN;70,0000;1,4800;103,6000;0,0000;30/12/2026
ERN - HOSPITAL DR JOSÉ PEDRO BEZERRA DE NATAL;925778;1276;Material;925778-9/2026;material permanente;Catálogo do Compras.gov.br;Material;6515;INSTRUMENTOS, EQUIPAMENTOS E SUPRIMENTOS MÉDICOS  E  CIRÚRGICOS;19012;SOLUÇÃO USO MÉDICO;620303;APLICAÇÃO: PARA IRRIGAÇÃO E LIMPEZA DE FERIDAS, COMPOSIÇÃO: À BASE DE CLORETO DE SÓDIO, ÁCIDO HIPOCLOROSO, ESTERILIDADE: USO ÚNICO, OUTROS COMPONENTES: HIPOCLORITO DE SÓDIO, TIPO: ANTISSÉPTICA;FR;50,0000;178,5800;8929,0000;0,0000;30/12/2026
ERN - HOSPITAL DR JOSÉ PEDRO BEZERRA DE NATAL;925778;1277;Material;925778-9/2026;material permanente;Catálogo do Compras.gov.br;Material;6515;INSTRUMENTOS, EQUIPAMENTOS E SUPRIMENTOS MÉDICOS  E  CIRÚRGICOS;18229;SONDA TRATO DIGESTIVO;435906;APLICAÇÃO: ORO OU NASOGÁSTRICA, CALIBRE: Nº 10, COMPONENTES: PONTA DISTAL FECHADA, C/ ORIFÍCIOS LATERAIS, COMPRIMENTO: CERCA 120, CONECTOR: CONECTOR PADRÃO C/ TAMPA, EMBALAGEM: EMBALAGEM INDIVIDUAL, ESTERILIDADE: ESTÉRIL, DESCARTÁVEL, MATERIAL: PVC, MODELO: LEVINE, TAMANHO: LONGA;UN;10,0000;0,7200;7,2000;0,0000;30/12/2026
ERN - HOSPITAL DR JOSÉ PEDRO BEZERRA DE NATAL;925778;1278;Material;925778-9/2026;material permanente;Catálogo do Compras.gov.br;Material;6515;INSTRUMENTOS, EQUIPAMENTOS E SUPRIMENTOS MÉDICOS  E  CIRÚRGICOS;4169;BOLSA COLETORA DE HEMODERIVADOS;422498;APLICAÇÃO: PARA BIOPROCESSAMENTO, CAPACIDADE: 1000, COMPOSIÇÃO: 3 VIAS, C/ CONECTORES, ESTERILIDADE: ESTÉRIL,ATÓXICA,APIROGÊNICA, MATERIAL: EVA, OUTROS COMPONENTES: FILTRO, SENSORES;UN;1600,0000;77,9300;124688,0000;0,0000;30/12/2026
ERN - HOSPITAL DR JOSÉ PEDRO BEZERRA DE NATAL;925778;1279;Material;925778-9/2026;material permanente;Catálogo do Compras.gov.br;Material;6532;VESTUÁRIO HOSPITALAR E CIRÚRGICO E ITENS CORRELATOS DE  FINALIDADES ESPECIAIS;30029;MÁSCARA CIRÚRGICA;485312;COR: C/ COR, EFICIÊNCIA: EFP MAIOR QUE 98% E BFE MAIOR QUE 95%, ESTERILIDADE: DESCARTÁVEL, FILTRO: ELEMENTO FILTRANTE INTERNO, FORMATO: RETANGULAR, C/ PREGAS HORIZONTAIS, MATERIAL: NÃO TECIDO 100% POLIPROPILENO, MODELO: AJUSTÁVEL, CLIPE NASAL, QUANTIDADE CAMADAS: MÍNIMO 3 CAMADAS, TAMANHO: ADULTO;UN;52000,0000;0,0800;4160,0000;0,0000;30/12/2026
ERN - HOSPITAL DR JOSÉ PEDRO BEZERRA DE NATAL;925778;1283;Material;925778-9/2026;material permanente;Catálogo do Compras.gov.br;Material;6515;INSTRUMENTOS, EQUIPAMENTOS E SUPRIMENTOS MÉDICOS  E  CIRÚRGICOS;8203;DRENO CIRÚRGICO;438491;CALIBRE: 36, COMPONENTE II: RADIOPACO, COMPRIMENTO: CERCA DE 50, CONECTOR UNIVERSAL: C/ CONECTOR, EMBALAGEM: EMBALAGEM INDIVIDUAL, MATERIAL: SILICONE, MODELO: TORÁCICO, TIPO USO: ESTÉRIL, DESCARTÁVEL;UN;6,0000;23,9000;143,4000;0,0000;30/12/2026
ERN - HOSPITAL DR JOSÉ PEDRO BEZERRA DE NATAL;925778;1284;Material;925778-9/2026;material permanente;Catálogo do Compras.gov.br;Material;6515;INSTRUMENTOS, EQUIPAMENTOS E SUPRIMENTOS MÉDICOS  E  CIRÚRGICOS;2171;AGULHA HIPODÉRMICA;439811;DIMENSÃO: 24 G X 3/4", MATERIAL: AÇO INOXIDÁVEL SILICONIZADO, TIPO CONEXÃO: CONECTOR LUER LOCK OU SLIP EM PLÁSTICO, TIPO FIXAÇÃO: PROTETOR PLÁSTICO, TIPO PONTA: BISEL CURTO TRIFACETADO, TIPO USO: ESTÉRIL, DESCARTÁVEL, EMBALAGEM INDIVIDUAL;UN;3000,0000;0,4300;1290,0000;0,0000;30/12/2026
ERN - HOSPITAL DR JOSÉ PEDRO BEZERRA DE NATAL;925778;1285;Material;925778-9/2026;material permanente;Catálogo do Compras.gov.br;Material;6532;VESTUÁRIO HOSPITALAR E CIRÚRGICO E ITENS CORRELATOS DE  FINALIDADES ESPECIAIS;11939;SAPATILHA HOSPITALAR;436856;COR*: C/ COR, GRAMATURA*: CERCA DE 30, MATERIAL*: NÃO TECIDO 100% POLIPROPILENO, MODELO: C/ ELÁSTICO, TAMANHO*: ÚNICO, TIPO USO*: DESCARTÁVEL;UN;15000,0000;0,1400;2100,0000;0,0000;30/12/2026
ERN - HOSPITAL DR JOSÉ PEDRO BEZERRA DE NATAL;925778;1286;Material;925778-9/2026;material permanente;Catálogo do Compras.gov.br;Material;6545;JOGOS E CONJUNTOS MÉDICOS;5728;CÂNULA DE TRAQUEOSTOMIA;428730;ACESSÓRIOS 02: CONECTOR UNIVERSAL, CARACTERÍSTICAS ADICIONAIS*: SUPERFÍCIE LISA PONTA ARREDONDADA, DIÂMETRO: CERCA DE 8,5, EMBALAGEM: EMBALAGEM INDIVIDUAL, ESTERELIDADE: ESTÉRIL, DESCARTÁVEL, MATERIAL*: POLÍMERO, TIPO: RADIOPACO;UN;2,0000;12,0000;24,0000;0,0000;30/12/2026
ERN - HOSPITAL DR JOSÉ PEDRO BEZERRA DE NATAL;925778;1287;Material;925778-9/2026;material permanente;Catálogo do Compras.gov.br;Material;6515;INSTRUMENTOS, EQUIPAMENTOS E SUPRIMENTOS MÉDICOS  E  CIRÚRGICOS;30044;FIO DE SUTURA S/ AGULHA;600139;APRESENTAÇÃO: EMBALAGEM INDIVIDUAL, COMPRIMENTO: 15 X CERCA DE 45, DIÂMETRO: 3-0, ESTERILIDADE: ESTÉRIL, MATERIAL: POLIÉSTER C/ ALGODÃO AZUL, MODELO: MULTIFILAMENTAR;UN;24,0000;1,5100;36,2400;0,0000;30/12/2026
ERN - HOSPITAL DR JOSÉ PEDRO BEZERRA DE NATAL;925778;1288;Material;925778-9/2026;material permanente;Catálogo do Compras.gov.br;Material;6532;VESTUÁRIO HOSPITALAR E CIRÚRGICO E ITENS CORRELATOS DE  FINALIDADES ESPECIAIS;30248;LUVA CIRÚRGICA;620084;APRESENTAÇÃO: EM PAR, COR: C/ COR, EMBALAGEM: EMBALAGEM INDIVIDUAL, ESTERILIDADE: ESTÉRIL, USO ÚNICO, FORMATO: ANATÔMICO, MATERIAL: BORRACHA NATURAL - LÁTEX, PÓ: COM PÓ BIOABSORVÍVEL, SUPERFÍCIE: SUPERFÍCIE TEXTURIZADA, TAMANHO: Nº 8,0;PAR;2500,0000;1,1500;2875,0000;0,0000;30/12/2026
ERN - HOSPITAL DR JOSÉ PEDRO BEZERRA DE NATAL;925778;1289;Material;925778-9/2026;material permanente;Catálogo do Compras.gov.br;Material;6515;INSTRUMENTOS, EQUIPAMENTOS E SUPRIMENTOS MÉDICOS  E  CIRÚRGICOS;2224;TUBO ENDOTRAQUEAL;451319;CALIBRE: 9,0, COMPONENTE 1: BALÃO ALTO VOLUME E BAIXA PRESSÃO, COMPONENTE 2: RADIOPACO, GRADUADO, ESTERILIDADE: ESTÉRIL, USO ÚNICO, MATERIAL: PVC SILICONIZADO, MODELO: CURVA MAGILL, TIPO CONECTOR: CONECTOR PADRÃO, TIPO PONTA: C/ PONTA DISTAL ATRAUMÁTICA E ORIFÍCIO MURPHY;UN;1,0000;3,0700;3,0700;0,0000;30/12/2026
ERN - HOSPITAL DR JOSÉ PEDRO BEZERRA DE NATAL;925778;1290;Material;925778-9/2026;material permanente;Catálogo do Compras.gov.br;Material;6515;INSTRUMENTOS, EQUIPAMENTOS E SUPRIMENTOS MÉDICOS  E  CIRÚRGICOS;30040;FIO DE SUTURA AGULHADO;486946;APRESENTAÇÃO: EMBALAGEM INDIVIDUAL, COMPRIMENTO AGULHA: CERCA DE 30, COMPRIMENTO FIO: CERCA DE 70, DIÂMETRO FIO: 4-0, ESTERILIDADE: ESTÉRIL, MATERIAL FIO: CATGUT SIMPLES, MODELO AGULHA: CILÍNDRICA, MODELO FIO: MULTIFILAMENTAR, TIPO AGULHA: AGULHA 1/2 CÍRCULO;UN;24,0000;3,8400;92,1600;0,0000;30/12/2026
ERN - HOSPITAL DR JOSÉ PEDRO BEZERRA DE NATAL;925778;1291;Material;925778-9/2026;material permanente;Catálogo do Compras.gov.br;Material;6545;JOGOS E CONJUNTOS MÉDICOS;5728;CÂNULA DE TRAQUEOSTOMIA;428727;ACESSÓRIOS 02: CONECTOR UNIVERSAL, CARACTERÍSTICAS ADICIONAIS*: SUPERFÍCIE LISA PONTA ARREDONDADA, DIÂMETRO: CERCA DE 6,0, EMBALAGEM: EMBALAGEM INDIVIDUAL, ESTERELIDADE: ESTÉRIL, DESCARTÁVEL, MATERIAL*: POLÍMERO, TIPO: RADIOPACO;UN;1,0000;12,0000;12,0000;0,0000;30/12/2026
ERN - HOSPITAL DR JOSÉ PEDRO BEZERRA DE NATAL;925778;1292;Material;925778-9/2026;material permanente;Catálogo do Compras.gov.br;Material;6515;INSTRUMENTOS, EQUIPAMENTOS E SUPRIMENTOS MÉDICOS  E  CIRÚRGICOS;30237;SISTEMA COLETOR PARA DRENO DE TÓRAX;619331;COMPONENTES: ALÇA DE TRANSPORTE / FIXAÇÃO, ESTERILIDADE: ESTÉRIL, USO ÚNICO, EXTENSOR: EXTENSOR C/ CLAMP, CONECTOR P/ DRENO, MATERIAL: POLÍMERO TRANSPARENTE, MODELO RECIPIENTE: FRASCO RÍGIDO, GRADUADO, TIPO: SELO D'ÁGUA, VEDAÇÃO: TAMPA ROSQUEÁVEL 3 VIAS, VOLUME: CERCA DE 2000;UN;100,0000;24,0000;2400,0000;0,0000;30/12/2026
ERN - HOSPITAL DR JOSÉ PEDRO BEZERRA DE NATAL;925778;1293;Material;925778-9/2026;material permanente;Catálogo do Compras.gov.br;Material;6515;INSTRUMENTOS, EQUIPAMENTOS E SUPRIMENTOS MÉDICOS  E  CIRÚRGICOS;8203;DRENO CIRÚRGICO;464740;CALIBRE: 18, COMPONENTE: INTRODUTOR EM AÇO INOXIDÁVEL, COMPONENTE ADICIONAL: C/ RESERVATÓRIO GRADUADO - PRESSÃO NEGATIVA, COMPONENTE I: C/ VÁLVULA ANTIRREFLUXO E EXTENSOR C/ CLAMP, COMPONENTE II: RADIOPACO, CONECTOR UNIVERSAL: C/ CONECTOR DUPLO, EMBALAGEM: EMBALAGEM INDIVIDUAL, MATERIAL: SILICONE, MODELO: TUBULAR, TIPO USO: ESTÉRIL, DESCARTÁVEL, VOLUME: CERCA DE 600;UN;4,0000;16,0200;64,0800;0,0000;30/12/2026
ERN - HOSPITAL DR JOSÉ PEDRO BEZERRA DE NATAL;925778;1294;Material;925778-9/2026;material permanente;Catálogo do Compras.gov.br;Material;6515;INSTRUMENTOS, EQUIPAMENTOS E SUPRIMENTOS MÉDICOS  E  CIRÚRGICOS;2639;SONDA TRATO URINÁRIO;435991;CALIBRE: 16, COMPONENTES: C/ ORIFÍCIOS LATERAIS, COMPRIMENTO: CERCA 40, CONECTOR: CONECTOR PADRÃO C/ TAMPA, EMBALAGEM: EMBALAGEM INDIVIDUAL, ESTERILIDADE: ESTÉRIL, DESCARTÁVEL, MATERIAL: POLIURETANO, MODELO: URETRAL, TIPO PONTA: PONTA DISTAL CILÍNDRICA FECHADA;UN;40,0000;0,5800;23,2000;0,0000;30/12/2026
ERN - HOSPITAL DR JOSÉ PEDRO BEZERRA DE NATAL;925778;1295;Material;925778-9/2026;material permanente;Catálogo do Compras.gov.br;Material;6515;INSTRUMENTOS, EQUIPAMENTOS E SUPRIMENTOS MÉDICOS  E  CIRÚRGICOS;30040;FIO DE SUTURA AGULHADO;487104;APRESENTAÇÃO: EMBALAGEM INDIVIDUAL, COMPRIMENTO AGULHA: CERCA DE 22, COMPRIMENTO FIO: CERCA DE 70, DIÂMETRO FIO: 4-0, ESTERILIDADE: ESTÉRIL, MATERIAL FIO: POLIGLACTINA VIOLETA, MODELO AGULHA: CILÍNDRICA, MODELO FIO: MULTIFILAMENTAR, TIPO AGULHA: AGULHA 1/2 CÍRCULO;UN;24,0000;7,1100;170,6400;0,0000;30/12/2026
ERN - HOSPITAL DR JOSÉ PEDRO BEZERRA DE NATAL;925778;1296;Material;925778-9/2026;material permanente;Catálogo do Compras.gov.br;Material;6515;INSTRUMENTOS, EQUIPAMENTOS E SUPRIMENTOS MÉDICOS  E  CIRÚRGICOS;18351;EMBALAGEM P/ ESTERILIZAÇÃO;442388;APRESENTAÇÃO: ROLO, COMPONENTES: C/ INDICADOR QUÍMICO, COMPONENTES ADICIONAIS: TERMOSSELANTE, COMPOSIÇÃO: C/ FILME POLÍMERO MULTILAMINADO, GRAMATURA / ESPESSURA: CERCA DE 60, MATERIAL: PAPEL GRAU CIRÚRGICO, TAMANHO: CERCA DE 40, TIPO USO: USO ÚNICO;RO;10,0000;178,3600;1783,6000;0,0000;30/12/2026
ERN - HOSPITAL DR JOSÉ PEDRO BEZERRA DE NATAL;925778;1297;Material;925778-9/2026;material permanente;Catálogo do Compras.gov.br;Material;6515;INSTRUMENTOS, EQUIPAMENTOS E SUPRIMENTOS MÉDICOS  E  CIRÚRGICOS;30158;MANTA TÉRMICA P/ PACIENTE;613764;APLICAÇÃO: P/ CORPO INTEIRO, APRESENTAÇÃO: EMBALAGEM INDIVIDUAL, COMPATIBILIDADE: P/USO EM EQUIPAMENTO AQUECEDOR COMPATÍVEL, ESTERILIDADE: USO ÚNICO, MATERIAL: MULTICAMADAS C/ MICROFUROS, TAMANHO: ADULTO, TIPO DE AQUECIMENTO: FLUXO DE AR FORÇADO;UN;2,0000;110,0000;220,0000;0,0000;30/12/2026
ERN - HOSPITAL DR JOSÉ PEDRO BEZERRA DE NATAL;925778;1298;Material;925778-9/2026;material permanente;Catálogo do Compras.gov.br;Material;6515;INSTRUMENTOS, EQUIPAMENTOS E SUPRIMENTOS MÉDICOS  E  CIRÚRGICOS;30040;FIO DE SUTURA AGULHADO;487535;APRESENTAÇÃO: EMBALAGEM INDIVIDUAL, COMPRIMENTO AGULHA: CERCA DE 75, COMPRIMENTO FIO: 3 X CERCA DE 45, DIÂMETRO FIO: Nº 2, ESTERILIDADE: ESTÉRIL, MATERIAL FIO: POLIPROPILENO AZUL, MODELO AGULHA: CORTANTE REVERSA / INVERTIDA, MODELO FIO: MONOFILAMENTAR, TIPO AGULHA: AGULHA 3/8 CÍRCULO;UN;24,0000;5,8200;139,6800;0,0000;30/12/2026
ERN - HOSPITAL DR JOSÉ PEDRO BEZERRA DE NATAL;925778;1299;Material;925778-9/2026;material permanente;Catálogo do Compras.gov.br;Material;6532;VESTUÁRIO HOSPITALAR E CIRÚRGICO E ITENS CORRELATOS DE  FINALIDADES ESPECIAIS;30183;FRALDA DESCARTÁVEL;616000;CARACTERÍSTICA ADICIONAL: BARREIRA ANTIVAZAMENTO, MATERIAL: TELA POLÍMERICA E NÚCLEO ABSORVENTE, REVESTIMENTO EXTERNO: IMPERMEÁVEL, TAMANHO: RN ATÉ 3,5 KG, TIPO FIXAÇÃO: TIRAS AJUSTÁVEIS E REPOSICIONÁVEIS;UN;10000,0000;0,4000;4000,0000;0,0000;30/12/2026
ERN - HOSPITAL DR JOSÉ PEDRO BEZERRA DE NATAL;925778;1300;Material;925778-9/2026;material permanente;Catálogo do Compras.gov.br;Material;6515;INSTRUMENTOS, EQUIPAMENTOS E SUPRIMENTOS MÉDICOS  E  CIRÚRGICOS;3701;CATETER PERIFÉRICO;437176;APLICAÇÃO: VENOSO, COMPONENTE 1: CÂMARA REFLUXO C/ FILTRO, COMPONENTE 2: C/ SISTEMA SEGURANÇA SEGUNDO NR/32, COMPRIMENTO: CERCA 50, CONECTOR: CONECTOR PADRÃO, DIAMETRO: 16, MATERIAL AGULHA: AGULHA AÇO INOX, MATERIAL CATETER: POLÍMERO RADIOPACO, TIPO USO: ESTÉRIL, DESCARTÁVEL, EMBALAGEM INDIVIDUAL;UN;65,0000;1,7100;111,1500;0,0000;30/12/2026
ERN - HOSPITAL DR JOSÉ PEDRO BEZERRA DE NATAL;925778;1301;Material;925778-9/2026;material permanente;Catálogo do Compras.gov.br;Material;6532;VESTUÁRIO HOSPITALAR E CIRÚRGICO E ITENS CORRELATOS DE  FINALIDADES ESPECIAIS;30247;LUVA P/ PROCEDIMENTO DE SAÚDE NÃO CIRÚRGICO C/ ANVISA;619818;COR: C/ COR, ESTERILIDADE: NÃO ESTÉRIL, USO ÚNICO, FORMATO: AMBIDESTRA, MATERIAL: BORRACHA SINTÉTICA ? NITRILO, PÓ: SEM PÓ, SUPERFÍCIE: SUPERFÍCIE TEXTURIZADA, TAMANHO: PEQUENO - P;UN;150000,0000;0,4000;60000,0000;0,0000;30/12/2026
ERN - HOSPITAL DR JOSÉ PEDRO BEZERRA DE NATAL;925778;1302;Material;925778-9/2026;material permanente;Catálogo do Compras.gov.br;Material;6515;INSTRUMENTOS, EQUIPAMENTOS E SUPRIMENTOS MÉDICOS  E  CIRÚRGICOS;30040;FIO DE SUTURA AGULHADO;487529;APRESENTAÇÃO: EMBALAGEM INDIVIDUAL, COMPRIMENTO AGULHA: CERCA DE 26, COMPRIMENTO FIO: CERCA DE 70, DIÂMETRO FIO: 2-0, ESTERILIDADE: ESTÉRIL, MATERIAL FIO: POLIPROPILENO AZUL, MODELO AGULHA: CILÍNDRICA, MODELO FIO: MONOFILAMENTAR, TIPO AGULHA: AGULHA 1/2 CÍRCULO;UN;24,0000;2,2700;54,4800;0,0000;30/12/2026
ERN - HOSPITAL DR JOSÉ PEDRO BEZERRA DE NATAL;925778;1303;Material;925778-9/2026;material permanente;Catálogo do Compras.gov.br;Material;6515;INSTRUMENTOS, EQUIPAMENTOS E SUPRIMENTOS MÉDICOS  E  CIRÚRGICOS;9539;SISTEMA FECHADO ASPIRAÇÃO TRAQUEAL;454406;APLICAÇÃO: P/ TUBO ENDOTRAQUEAL, CONECTOR: CONECTORES PADRÃO, EMBALAGEM: EMBALAGEM INDIVIDUAL, ESTERILIDADE: ESTÉRIL, USO ÚNICO, TAMANHO: 8 FR, TIPO SONDA: SONDA GRADUADA E PROTEGIDA, VIAS: VIA IRRIGAÇÃO ANTIRREFLUXO, VÁLVULA SUCÇÃO: VÁLVULA SUCÇÃO C/ TAMPA E TRAVA DE SEGURANÇA;UN;100,0000;19,0000;1900,0000;0,0000;30/12/2026
ERN - HOSPITAL DR JOSÉ PEDRO BEZERRA DE NATAL;925778;1304;Material;925778-9/2026;material permanente;Catálogo do Compras.gov.br;Material;6515;INSTRUMENTOS, EQUIPAMENTOS E SUPRIMENTOS MÉDICOS  E  CIRÚRGICOS;30044;FIO DE SUTURA S/ AGULHA;600111;APRESENTAÇÃO: EMBALAGEM INDIVIDUAL, COMPRIMENTO: CERCA DE 250, DIÂMETRO: 2-0, ESTERILIDADE: ESTÉRIL, MATERIAL: CATGUT SIMPLES, MODELO: MULTIFILAMENTAR;UN;24,0000;5,3300;127,9200;0,0000;30/12/2026
ERN - HOSPITAL DR JOSÉ PEDRO BEZERRA DE NATAL;925778;1305;Material;925778-9/2026;material permanente;Catálogo do Compras.gov.br;Material;6515;INSTRUMENTOS, EQUIPAMENTOS E SUPRIMENTOS MÉDICOS  E  CIRÚRGICOS;8203;DRENO CIRÚRGICO;438488;CALIBRE: 8, COMPONENTE II: RADIOPACO, COMPRIMENTO: CERCA DE 50, CONECTOR UNIVERSAL: C/ CONECTOR, EMBALAGEM: EMBALAGEM INDIVIDUAL, MATERIAL: SILICONE, MODELO: TORÁCICO, TIPO USO: ESTÉRIL, DESCARTÁVEL;UN;20,0000;36,6700;733,4000;0,0000;30/12/2026
ERN - HOSPITAL DR JOSÉ PEDRO BEZERRA DE NATAL;925778;1306;Material;925778-9/2026;material permanente;Catálogo do Compras.gov.br;Material;6532;VESTUÁRIO HOSPITALAR E CIRÚRGICO E ITENS CORRELATOS DE  FINALIDADES ESPECIAIS;30248;LUVA CIRÚRGICA;620081;APRESENTAÇÃO: EM PAR, COR: C/ COR, EMBALAGEM: EMBALAGEM INDIVIDUAL, ESTERILIDADE: ESTÉRIL, USO ÚNICO, FORMATO: ANATÔMICO, MATERIAL: BORRACHA NATURAL - LÁTEX, PÓ: COM PÓ BIOABSORVÍVEL, SUPERFÍCIE: SUPERFÍCIE TEXTURIZADA, TAMANHO: Nº 6,5;PAR;10000,0000;1,1500;11500,0000;0,0000;30/12/2026
ERN - HOSPITAL DR JOSÉ PEDRO BEZERRA DE NATAL;925778;1307;Material;925778-9/2026;material permanente;Catálogo do Compras.gov.br;Material;6532;VESTUÁRIO HOSPITALAR E CIRÚRGICO E ITENS CORRELATOS DE  FINALIDADES ESPECIAIS;30248;LUVA CIRÚRGICA;620082;APRESENTAÇÃO: EM PAR, COR: C/ COR, EMBALAGEM: EMBALAGEM INDIVIDUAL, ESTERILIDADE: ESTÉRIL, USO ÚNICO, FORMATO: ANATÔMICO, MATERIAL: BORRACHA NATURAL - LÁTEX, PÓ: COM PÓ BIOABSORVÍVEL, SUPERFÍCIE: SUPERFÍCIE TEXTURIZADA, TAMANHO: Nº 7,0;PAR;15000,0000;1,1500;17250,0000;0,0000;30/12/2026
ERN - HOSPITAL DR JOSÉ PEDRO BEZERRA DE NATAL;925778;1308;Material;925778-9/2026;material permanente;Catálogo do Compras.gov.br;Material;6532;VESTUÁRIO HOSPITALAR E CIRÚRGICO E ITENS CORRELATOS DE  FINALIDADES ESPECIAIS;30032;MÁSCARA PROTEÇÃO RESP. C/ ANVISA;485533;ADICIONAL: CARVÃO ATIVADO, ADICIONAL 2: C/ VÁLVULA, CLASSE: PFF2, N95 OU EQUIVALENTE, COMPONENTE: CLIPE NASAL, COR: C/ COR, ESTERILIDADE: DESCARTÁVEL, FILTRO: EFICIÊNCIA FILTRAÇÃO MÍN. 94% S, MATERIAL: CAMADAS FIBRAS SINTÉTICAS, MODELO: RESPIRADOR DOBRÁVEL, TIPO BICO DE PATO, TAMANHO: ADULTO, TIPO FIXAÇÃO: TIRAS VEDAÇÃO ANATÔMICA;UN;200,0000;10,2586;2051,7200;0,0000;30/12/2026
ERN - HOSPITAL DR JOSÉ PEDRO BEZERRA DE NATAL;925778;1309;Material;925778-9/2026;material permanente;Catálogo do Compras.gov.br;Material;6515;INSTRUMENTOS, EQUIPAMENTOS E SUPRIMENTOS MÉDICOS  E  CIRÚRGICOS;2639;SONDA TRATO URINÁRIO;435998;CALIBRE: 8, COMPONENTES: C/ ORIFÍCIOS LATERAIS, CONECTOR: CONECTORES PADRÃO, EMBALAGEM: EMBALAGEM INDIVIDUAL, ESTERILIDADE: ESTÉRIL, DESCARTÁVEL, MATERIAL: SILICONE, MODELO: FOLEY, TIPO PONTA: PONTA DISTAL CILÍNDRICA FECHADA, VIAS: 2 VIAS, VOLUME: C/ BALÃO CERCA 5;UN;30,0000;3,5000;105,0000;0,0000;30/12/2026
ERN - HOSPITAL DR JOSÉ PEDRO BEZERRA DE NATAL;925778;1310;Material;925778-9/2026;material permanente;Catálogo do Compras.gov.br;Material;6515;INSTRUMENTOS, EQUIPAMENTOS E SUPRIMENTOS MÉDICOS  E  CIRÚRGICOS;4169;BOLSA COLETORA DE HEMODERIVADOS;422499;APLICAÇÃO: PARA BIOPROCESSAMENTO, CAPACIDADE: 2000, COMPOSIÇÃO: 3 VIAS, C/ CONECTORES, ESTERILIDADE: ESTÉRIL,ATÓXICA,APIROGÊNICA, MATERIAL: EVA, OUTROS COMPONENTES: FILTRO, SENSORES;UN;1000,0000;79,0000;79000,0000;0,0000;30/12/2026
ERN - HOSPITAL DR JOSÉ PEDRO BEZERRA DE NATAL;925778;1311;Material;925778-9/2026;material permanente;Catálogo do Compras.gov.br;Material;6515;INSTRUMENTOS, EQUIPAMENTOS E SUPRIMENTOS MÉDICOS  E  CIRÚRGICOS;2639;SONDA TRATO URINÁRIO;436228;CALIBRE: 6, COMPONENTES: C/ ORIFÍCIOS LATERAIS, COMPRIMENTO: CERCA 20, CONECTOR: CONECTOR PADRÃO C/ TAMPA, EMBALAGEM: EMBALAGEM INDIVIDUAL, ESTERILIDADE: ESTÉRIL, DESCARTÁVEL, MATERIAL: PVC, MODELO: URETRAL, TIPO PONTA: PONTA DISTAL CILÍNDRICA FECHADA;UN;1000,0000;0,5000;500,0000;0,0000;30/12/2026
ERN - HOSPITAL DR JOSÉ PEDRO BEZERRA DE NATAL;925778;1312;Material;925778-9/2026;material permanente;Catálogo do Compras.gov.br;Material;6515;INSTRUMENTOS, EQUIPAMENTOS E SUPRIMENTOS MÉDICOS  E  CIRÚRGICOS;12670;TERMÔMETRO CLÍNICO;435801;AJUSTE: DIGITAL, COMPONENTES: C/ ALARMES, EMBALAGEM: EMBALAGEM INDIVIDUAL, ESCALA: ATÉ 45, MEMÓRIA: MEMÓRIA ÚLTIMA MEDIÇÃO, TIPO*: USO AXILAR E ORAL;UN;50,0000;9,0000;450,0000;0,0000;30/12/2026
ERN - HOSPITAL DR JOSÉ PEDRO BEZERRA DE NATAL;925778;1313;Material;925778-9/2026;material permanente;Catálogo do Compras.gov.br;Material;6532;VESTUÁRIO HOSPITALAR E CIRÚRGICO E ITENS CORRELATOS DE  FINALIDADES ESPECIAIS;30248;LUVA CIRÚRGICA;620083;APRESENTAÇÃO: EM PAR, COR: C/ COR, EMBALAGEM: EMBALAGEM INDIVIDUAL, ESTERILIDADE: ESTÉRIL, USO ÚNICO, FORMATO: ANATÔMICO, MATERIAL: BORRACHA NATURAL - LÁTEX, PÓ: COM PÓ BIOABSORVÍVEL, SUPERFÍCIE: SUPERFÍCIE TEXTURIZADA, TAMANHO: Nº 7,5;PAR;7500,0000;1,1500;8625,0000;0,0000;30/12/2026
ERN - HOSPITAL DR JOSÉ PEDRO BEZERRA DE NATAL;925778;1314;Material;925778-9/2026;material permanente;Catálogo do Compras.gov.br;Material;6515;INSTRUMENTOS, EQUIPAMENTOS E SUPRIMENTOS MÉDICOS  E  CIRÚRGICOS;14736;CATETER ASPIRAÇÃO TRAQUEAL;279762;CARACTERÍSTICAS ADICIONAIS: PONTA ATRAUMÁTICA, ORIFÍCIOS DISTAIS LATERALIZADOS, ESPESSURA: Nº 16, MATERIAL: PVC ATÓXICO FLEXÍVEL, TIPO EMBALAGEM: ESTÉRIL, EMBALAGEM INDIVIDUAL, TIPO USO: DESCARTÁVEL;UN;20,0000;0,5800;11,6000;0,0000;30/12/2026
ERN - HOSPITAL DR JOSÉ PEDRO BEZERRA DE NATAL;925778;1315;Material;925778-9/2026;material permanente;Catálogo do Compras.gov.br;Material;6515;INSTRUMENTOS, EQUIPAMENTOS E SUPRIMENTOS MÉDICOS  E  CIRÚRGICOS;30040;FIO DE SUTURA AGULHADO;487509;APRESENTAÇÃO: EMBALAGEM INDIVIDUAL, COMPRIMENTO AGULHA: CERCA DE 26, COMPRIMENTO FIO: CERCA DE 70, DIÂMETRO FIO: 4-0, ESTERILIDADE: ESTÉRIL, MATERIAL FIO: POLIPROPILENO AZUL, MODELO AGULHA: CILÍNDRICA, MODELO FIO: MONOFILAMENTAR, TIPO AGULHA: AGULHA 1/2 CÍRCULO;UN;120,0000;5,1200;614,4000;0,0000;30/12/2026
ERN - HOSPITAL DR JOSÉ PEDRO BEZERRA DE NATAL;925778;1316;Material;925778-9/2026;material permanente;Catálogo do Compras.gov.br;Material;6515;INSTRUMENTOS, EQUIPAMENTOS E SUPRIMENTOS MÉDICOS  E  CIRÚRGICOS;30040;FIO DE SUTURA AGULHADO;487234;APRESENTAÇÃO: EMBALAGEM INDIVIDUAL, COMPRIMENTO AGULHA: CERCA DE 20, COMPRIMENTO FIO: CERCA DE 30, DIÂMETRO FIO: 4-0, ESTERILIDADE: ESTÉRIL, MATERIAL FIO: POLIGLECAPRONE INCOLOR, MODELO AGULHA: CORTANTE REVERSA / INVERTIDA, MODELO FIO: MONOFILAMENTAR, FARPADO, TIPO AGULHA: AGULHA 3/8 CÍRCULO;UN;24,0000;8,3500;200,4000;0,0000;30/12/2026
ERN - HOSPITAL DR JOSÉ PEDRO BEZERRA DE NATAL;925778;1317;Material;925778-9/2026;material permanente;Catálogo do Compras.gov.br;Material;6515;INSTRUMENTOS, EQUIPAMENTOS E SUPRIMENTOS MÉDICOS  E  CIRÚRGICOS;7510;CATETER CENTRAL;437288;APLICAÇÃO: VENOSO, COMPONENTE: KIT INTRODUTOR COMPLETO, COMPRIMENTO: CERCA 20, CONECTOR: CONECTORES PADRÃO, CLAMP E TAMPA, LÚMEN: 16, MATÉRIA PRIMA: POLIURETANO RADIOPACO, TIPO FIXAÇÃO: FIXAÇÃO SUBCUTÂNEA, TIPO USO: ESTÉRIL, DESCARTÁVEL, EMBALAGEM INDIVIDUAL, VIAS: MONO LÚMEN;UN;5,0000;25,4000;127,0000;0,0000;30/12/2026
ERN - HOSPITAL DR JOSÉ PEDRO BEZERRA DE NATAL;925778;1318;Material;925778-9/2026;material permanente;Catálogo do Compras.gov.br;Material;6530;MOBILIÁRIO, EQUIPAMENTOS, UTENSÍLIOS E  SUPRIMENTOS  HOSPITALARES;30215;ESCADA HOSPITALAR;;;-;0,0000;0,0000;500,0000;0,0000;30/12/2026
ERN - HOSPITAL DR JOSÉ PEDRO BEZERRA DE NATAL;925778;1319;Material;925778-9/2026;material permanente;Catálogo do Compras.gov.br;Material;6515;INSTRUMENTOS, EQUIPAMENTOS E SUPRIMENTOS MÉDICOS  E  CIRÚRGICOS;30040;FIO DE SUTURA AGULHADO;487180;APRESENTAÇÃO: EMBALAGEM INDIVIDUAL, COMPONENTE FIO: C/ BACTERIOSTÁTICO / BACTERICIDA, COMPRIMENTO AGULHA: CERCA DE 40, COMPRIMENTO FIO: CERCA DE 90, DIÂMETRO FIO: Nº 1, ESTERILIDADE: ESTÉRIL, MATERIAL FIO: POLIGLACTINA VIOLETA, MODELO AGULHA: CILÍNDRICA, MODELO FIO: MULTIFILAMENTAR, TIPO AGULHA: AGULHA 1/2 CÍRCULO;UN;448,0000;11,1700;5004,1600;0,0000;30/12/2026
ERN - HOSPITAL DR JOSÉ PEDRO BEZERRA DE NATAL;925778;1320;Material;925778-9/2026;material permanente;Catálogo do Compras.gov.br;Material;6515;INSTRUMENTOS, EQUIPAMENTOS E SUPRIMENTOS MÉDICOS  E  CIRÚRGICOS;18229;SONDA TRATO DIGESTIVO;435898;ADICIONAIS: RADIOPACA, APLICAÇÃO: NASOENTERAL, CALIBRE: Nº 6, COMPONENTES: PONTA DISTAL FECHADA, C/ ORIFÍCIOS LATERAIS, COMPRIMENTO: CERCA 60, CONECTOR: CONECTOR EM Y C/ TAMPA, EMBALAGEM: EMBALAGEM INDIVIDUAL, ESTERILIDADE: ESTÉRIL, DESCARTÁVEL, GRADUAÇÃO: GRADUADA, MATERIAL: SILICONE, OUTROS COMPONENTES: C/ FIO GUIA, PESO METÁLICO;UN;30,0000;7,6500;229,5000;0,0000;30/12/2026
ERN - HOSPITAL DR JOSÉ PEDRO BEZERRA DE NATAL;925778;1321;Material;925778-9/2026;material permanente;Catálogo do Compras.gov.br;Material;6515;INSTRUMENTOS, EQUIPAMENTOS E SUPRIMENTOS MÉDICOS  E  CIRÚRGICOS;3701;CATETER PERIFÉRICO;437165;APLICAÇÃO: VENOSO, COMPONENTE 2: C/ SISTEMA SEGURANÇA SEGUNDO NR/32, COMPONENTE ADICIONAL: C/ ASA DE FIXAÇÃO, TUBO EXTENSOR, CONECTOR: CONECTOR PADRÃO C/ TAMPA, DIAMETRO: 25, MATERIAL AGULHA: AGULHA AÇO INOX, MODELO: TIPO ESCALPE, TIPO USO: ESTÉRIL, DESCARTÁVEL, EMBALAGEM INDIVIDUAL;UN;400,0000;0,3200;128,0000;0,0000;30/12/2026
ERN - HOSPITAL DR JOSÉ PEDRO BEZERRA DE NATAL;925778;1322;Material;925778-9/2026;material permanente;Catálogo do Compras.gov.br;Material;6515;INSTRUMENTOS, EQUIPAMENTOS E SUPRIMENTOS MÉDICOS  E  CIRÚRGICOS;2639;SONDA TRATO URINÁRIO;436009;CALIBRE: 12, COMPONENTES: C/ ORIFÍCIOS LATERAIS, CONECTOR: CONECTORES PADRÃO, EMBALAGEM: EMBALAGEM INDIVIDUAL, ESTERILIDADE: ESTÉRIL, DESCARTÁVEL, MATERIAL: BORRACHA, MODELO: FOLEY, TIPO PONTA: PONTA DISTAL CILÍNDRICA FECHADA, VIAS: 2 VIAS, VOLUME: C/ BALÃO CERCA 30;UN;100,0000;1,7200;172,0000;0,0000;30/12/2026
ERN - HOSPITAL DR JOSÉ PEDRO BEZERRA DE NATAL;925778;1323;Material;925778-9/2026;material permanente;Catálogo do Compras.gov.br;Material;6515;INSTRUMENTOS, EQUIPAMENTOS E SUPRIMENTOS MÉDICOS  E  CIRÚRGICOS;30164;CIRCUITO RESPIRATÓRIO;614943;COMPRIMENTO TRAQUEIA: CERCA DE 300, 300, CONECTOR: C/ CONECTOR "Y", DIÂMETRO TRAQUEIA: CERCA DE 22, DRENO COLETOR DE ÁGUA: SEM DRENO, ESTERILIDADE: ESTERILIZÁVEL, LINHA ADICIONAL: SEM LINHA, MATERIAL: SILICONE, MODELO: C/ 2 TRAQUEIAS;UN;12,0000;125,0000;1500,0000;0,0000;30/12/2026
ERN - HOSPITAL DR JOSÉ PEDRO BEZERRA DE NATAL;925778;1324;Material;925778-9/2026;material permanente;Catálogo do Compras.gov.br;Material;6515;INSTRUMENTOS, EQUIPAMENTOS E SUPRIMENTOS MÉDICOS  E  CIRÚRGICOS;13675;ACESSÓRIO PARA EQUIPAMENTO MÉDICO;619561;APLICAÇÃO: P/ PORTA ENTRADA DE AR, COMPATIBILIDADE: COMPATÍVEL C/ VENTILADOR PULMONAR, MATERIAL: ELEMENTO FILTRANTE COALESCENTE, TIPO: FILTRO DE AR;UN;12,0000;5200,0000;62400,0000;0,0000;30/12/2026
ERN - HOSPITAL DR JOSÉ PEDRO BEZERRA DE NATAL;925778;1325;Material;925778-9/2026;material permanente;Catálogo do Compras.gov.br;Material;6515;INSTRUMENTOS, EQUIPAMENTOS E SUPRIMENTOS MÉDICOS  E  CIRÚRGICOS;11700;REANIMADOR MANUAL;456414;CAPACIDADE BALÃO: CERCA 250, COMPONENTE 1: MÁSCARA PLÁSTICO RÍGIDO C/ COXIM SILICONE, MATERIAL BALÃO: SILICONE, TAMANHOS: NEONATAL, TIPO VÁLVULA: VÁLVULA UNIDIRECIONAL POP OFF CERCA 40 CMH20;UN;24,0000;173,5900;4166,1600;0,0000;30/12/2026
ERN - HOSPITAL DR JOSÉ PEDRO BEZERRA DE NATAL;925778;1326;Material;925778-9/2026;material permanente;Catálogo do Compras.gov.br;Material;6515;INSTRUMENTOS, EQUIPAMENTOS E SUPRIMENTOS MÉDICOS  E  CIRÚRGICOS;11700;REANIMADOR MANUAL;456412;CAPACIDADE BALÃO: CERCA 1,5, COMPONENTE 1: MÁSCARA PLÁSTICO RÍGIDO C/ COXIM SILICONE, MATERIAL BALÃO: SILICONE, TAMANHOS: ADULTO, TIPO VÁLVULA: VÁLVULA UNIDIRECIONAL POP OFF CERCA 60 CMH2O;UN;24,0000;149,9000;3597,6000;0,0000;30/12/2026
ERN - HOSPITAL DR JOSÉ PEDRO BEZERRA DE NATAL;925778;1327;Material;925778-9/2026;material permanente;Catálogo do Compras.gov.br;Material;6515;INSTRUMENTOS, EQUIPAMENTOS E SUPRIMENTOS MÉDICOS  E  CIRÚRGICOS;10565;PEÇA / COMPONENTE EQUIPAMENTO HOSPITALAR;390272;TIPO: PAINEL FRONTAL, USO: COMPATÍVEL COM MONITOR DIXTAL 2020, REFERÊNCIA 1: REF. X0-0009L-0;CX;500,0000;7,9000;3950,0000;0,0000;30/12/2026
ERN - HOSPITAL DR JOSÉ PEDRO BEZERRA DE NATAL;925778;1328;Material;925778-9/2026;material permanente;Catálogo do Compras.gov.br;Material;6515;INSTRUMENTOS, EQUIPAMENTOS E SUPRIMENTOS MÉDICOS  E  CIRÚRGICOS;5728;CÂNULA DE TRAQUEOSTOMIA;615900;ACESSÓRIOS: C/ FITA P/ FIXAÇÃO, ACESSÓRIOS 02: CONECTOR UNIVERSAL, CARACTERÍSTICAS ADICIONAIS*: C/ ASA DE FIXAÇÃO LATERAL FLEXÍVEL, COMPONENTES*: BALÃO DE ALTO VOLUME E BAIXA PRESSÃO, DIÂMETRO: CERCA DE 6,0, EMBALAGEM: EMBALAGEM INDIVIDUAL, ESTERELIDADE: ESTÉRIL, DESCARTÁVEL, MATERIAL*: PVC, TIPO: RADIOPACO;UN;12,0000;21,9800;263,7600;0,0000;30/12/2026
ERN - HOSPITAL DR JOSÉ PEDRO BEZERRA DE NATAL;925778;1329;Material;925778-9/2026;material permanente;Catálogo do Compras.gov.br;Material;6515;INSTRUMENTOS, EQUIPAMENTOS E SUPRIMENTOS MÉDICOS  E  CIRÚRGICOS;4454;CAPACETE OXIGENOTERAPIA;427235;CARACTERÍSTICAS ADICIONAIS: TAMPO SUPERIOR REMOVÍVEL, COM ORIFÍCIO CENTRAL, COMPONENTE ADICIONAL: ORIFÍCIOS LATERAIS, COMPOSIÇÃO: CORPO CILÍNDRICO COM ABERTURA FRONTAL, MATERIAL: ACRÍLICO TRANSPARENTE, TAMANHO: RN ACIMA DE 3,5 KG;UN;12,0000;116,9800;1403,7600;0,0000;30/12/2026
ERN - HOSPITAL DR JOSÉ PEDRO BEZERRA DE NATAL;925778;1330;Material;925778-9/2026;material permanente;Catálogo do Compras.gov.br;Material;6515;INSTRUMENTOS, EQUIPAMENTOS E SUPRIMENTOS MÉDICOS  E  CIRÚRGICOS;2048;MATERIAL P/ VNI - CPAP / BIPAP;611252;CARACTERÍSTICA ADICIONAL: GRADUADA, MATERIAL*: SILICONE, TAMANHO*: NEONATAL, CERCA DE 8 FR X 10 CM, TIPO 1: SONDA NASAL VIA ÚNICA, TIPO CONECTOR: CONECTOR PADRÃO;UN;12,0000;2834,1000;34009,2000;0,0000;30/12/2026
ERN - HOSPITAL DR JOSÉ PEDRO BEZERRA DE NATAL;925778;1331;Material;925778-9/2026;material permanente;Catálogo do Compras.gov.br;Material;6515;INSTRUMENTOS, EQUIPAMENTOS E SUPRIMENTOS MÉDICOS  E  CIRÚRGICOS;2048;MATERIAL P/ VNI - CPAP / BIPAP;454161;ADICIONAL: LINHA DE PRESSÃO, APRESENTAÇÃO: CONJUNTO COMPLETO, MATERIAL*: SILICONE, TAMANHO*: NEONATAL Nº 0, TIPO 1: PRONGA NASAL, TIPO CONECTOR: CONECTORES PADRÃO, TIPO EXTENSÃO: TRAQUEIAS, TIPO FIXAÇÃO: FIXADOR TIPO TOUCA;UN;12,0000;2696,1000;32353,2000;0,0000;30/12/2026
ERN - HOSPITAL DR JOSÉ PEDRO BEZERRA DE NATAL;925778;1332;Material;925778-9/2026;material permanente;Catálogo do Compras.gov.br;Material;6515;INSTRUMENTOS, EQUIPAMENTOS E SUPRIMENTOS MÉDICOS  E  CIRÚRGICOS;2048;MATERIAL P/ VNI - CPAP / BIPAP;454162;ADICIONAL: LINHA DE PRESSÃO, APRESENTAÇÃO: CONJUNTO COMPLETO, MATERIAL*: SILICONE, TAMANHO*: NEONATAL Nº 00, TIPO 1: PRONGA NASAL, TIPO CONECTOR: CONECTORES PADRÃO, TIPO EXTENSÃO: TRAQUEIAS, TIPO FIXAÇÃO: FIXADOR TIPO TOUCA;UN;12,0000;2696,1000;32353,2000;0,0000;30/12/2026
ERN - HOSPITAL DR JOSÉ PEDRO BEZERRA DE NATAL;925778;1333;Material;925778-9/2026;material permanente;Catálogo do Compras.gov.br;Material;6515;INSTRUMENTOS, EQUIPAMENTOS E SUPRIMENTOS MÉDICOS  E  CIRÚRGICOS;2048;MATERIAL P/ VNI - CPAP / BIPAP;454162;ADICIONAL: LINHA DE PRESSÃO, APRESENTAÇÃO: CONJUNTO COMPLETO, MATERIAL*: SILICONE, TAMANHO*: NEONATAL Nº 00, TIPO 1: PRONGA NASAL, TIPO CONECTOR: CONECTORES PADRÃO, TIPO EXTENSÃO: TRAQUEIAS, TIPO FIXAÇÃO: FIXADOR TIPO TOUCA;UN;12,0000;2699,1000;32389,2000;0,0000;30/12/2026
ERN - HOSPITAL DR JOSÉ PEDRO BEZERRA DE NATAL;925778;1334;Material;925778-9/2026;material permanente;Catálogo do Compras.gov.br;Material;6515;INSTRUMENTOS, EQUIPAMENTOS E SUPRIMENTOS MÉDICOS  E  CIRÚRGICOS;2048;MATERIAL P/ VNI - CPAP / BIPAP;454165;MATERIAL*: SILICONE, TAMANHO*: NEONATAL Nº 3, TIPO 1: PRONGA NASAL;UN;12,0000;2834,1000;34009,2000;0,0000;30/12/2026
ERN - HOSPITAL DR JOSÉ PEDRO BEZERRA DE NATAL;925778;1335;Material;925778-9/2026;material permanente;Catálogo do Compras.gov.br;Material;6515;INSTRUMENTOS, EQUIPAMENTOS E SUPRIMENTOS MÉDICOS  E  CIRÚRGICOS;379;ESTETOSCÓPIO;465739;APRESENTAÇÃO: EM PLÁSTICO, CARACTERÍSTICAS ADICIONAIS*: COMPATÍVEL C/ AMBIENTE RESSONÂNCIA MAGNÉTICA - MRI, TAMANHO: PEDIÁTRICO, TIPO: BIAURICULAR;UN;24,0000;695,9900;16703,7600;0,0000;30/12/2026
ERN - HOSPITAL DR JOSÉ PEDRO BEZERRA DE NATAL;925778;1336;Material;925778-9/2026;material permanente;Catálogo do Compras.gov.br;Material;6515;INSTRUMENTOS, EQUIPAMENTOS E SUPRIMENTOS MÉDICOS  E  CIRÚRGICOS;379;ESTETOSCÓPIO;465738;APRESENTAÇÃO: EM PLÁSTICO, CARACTERÍSTICAS ADICIONAIS*: COMPATÍVEL C/ AMBIENTE RESSONÂNCIA MAGNÉTICA - MRI, TAMANHO: ADULTO, TIPO: BIAURICULAR;UN;24,0000;729,5000;17508,0000;0,0000;30/12/2026
ERN - HOSPITAL DR JOSÉ PEDRO BEZERRA DE NATAL;925778;1835;Material;925778-5/2026;Itens Diversos;Catálogo do Compras.gov.br;Material;9999;ITENS DIVERSOS;;;;;-;0,0000;0,0000;90000,0000;0,0000;31/12/2026
ERN - HOSPITAL DR JOSÉ PEDRO BEZERRA DE NATAL;925778;1337;Material;925778-9/2026;material permanente;Catálogo do Compras.gov.br;Material;6695;INSTRUMENTOS COMBINADOS DIVERSOS;7676;FLUXÔMETRO;451856;APLICAÇÃO: CONTROLE FLUXO OXIGÊNIO MEDICINAL, CAPACIDADE FLUXO: 0,1 A 3,5, COMPONENTES: FLUTUADOR ESFÉRICO, EM ALUMÍNIO ANODIZADO E TERMOP, CONEXÃO SAÍDA: CONEXÃO SAÍDA C/RESCA EM LATÃO CROMADO, MATERIAL FILTRO: AÇO INOXIDÁVEL, PRESSÃO: PRESSÃO CALIBRAÇÃO ATÉ 3,5, TIPO CONEXÃO: CONEXÕES CONFORME ABNT, TIPO ESCALA: ESCALA NUMÉRICA;UN;24,0000;50,0000;1200,0000;0,0000;30/12/2026
ERN - HOSPITAL DR JOSÉ PEDRO BEZERRA DE NATAL;925778;1338;Material;925778-9/2026;material permanente;Catálogo do Compras.gov.br;Material;6695;INSTRUMENTOS COMBINADOS DIVERSOS;7676;FLUXÔMETRO;280472;APLICAÇÃO: CONTROLE FLUXO AR COMPRIMIDO MEDICINAL, CAPACIDADE FLUXO: 0 A 15, COMPONENTES: FLUTUADOR ESFÉRICO,PORCA CONEXÃO C/ABAS EM LATÃO, CONEXÃO SAÍDA: CONEXÃO SAÍDA C/RESCA EM LATÃO CROMADO, PRESSÃO: PRESSÃO CALIBRAÇÃO ATÉ 3,5, REGULAGEM: VAZÃO REGULADA P/VÁLVULA AGULHA C/MANOPLA FIXADA, TIPO CONEXÃO: CONEXÕES CONFORME ABNT, TIPO ESCALA: ESCALA NUMÉRICA;UN;24,0000;50,0000;1200,0000;0,0000;30/12/2026
ERN - HOSPITAL DR JOSÉ PEDRO BEZERRA DE NATAL;925778;1339;Material;925778-9/2026;material permanente;Catálogo do Compras.gov.br;Material;6515;INSTRUMENTOS, EQUIPAMENTOS E SUPRIMENTOS MÉDICOS  E  CIRÚRGICOS;15369;LÂMINA LARINGOSCÓPIO;617104;ESTERILIDADE: ESTÉRIL, USO ÚNICO, MATERIAL: POLÍMERO, MODELO: COMPATÍVEL C/ VÍDEOLARINGOSCÓPIO, TAMANHO: Nº 5, TIPO: CURVA;UN;12,0000;127,0000;1524,0000;0,0000;30/12/2026
ERN - HOSPITAL DR JOSÉ PEDRO BEZERRA DE NATAL;925778;1340;Material;925778-9/2026;material permanente;Catálogo do Compras.gov.br;Material;6515;INSTRUMENTOS, EQUIPAMENTOS E SUPRIMENTOS MÉDICOS  E  CIRÚRGICOS;15369;LÂMINA LARINGOSCÓPIO;617103;ESTERILIDADE: ESTÉRIL, USO ÚNICO, MATERIAL: POLÍMERO, MODELO: COMPATÍVEL C/ VÍDEOLARINGOSCÓPIO, TAMANHO: Nº 2, TIPO: CURVA;UN;12,0000;127,0000;1524,0000;0,0000;30/12/2026
ERN - HOSPITAL DR JOSÉ PEDRO BEZERRA DE NATAL;925778;1341;Material;925778-9/2026;material permanente;Catálogo do Compras.gov.br;Material;6515;INSTRUMENTOS, EQUIPAMENTOS E SUPRIMENTOS MÉDICOS  E  CIRÚRGICOS;15369;LÂMINA LARINGOSCÓPIO;468459;ESTERILIDADE: ESTÉRIL, USO ÚNICO, MATERIAL: POLÍMERO, MODELO: COMPATÍVEL C/ VÍDEOLARINGOSCÓPIO, TAMANHO: Nº 3, TIPO: CURVA;UN;12,0000;289,0000;3468,0000;0,0000;30/12/2026
ERN - HOSPITAL DR JOSÉ PEDRO BEZERRA DE NATAL;925778;1342;Material;925778-9/2026;material permanente;Catálogo do Compras.gov.br;Material;6515;INSTRUMENTOS, EQUIPAMENTOS E SUPRIMENTOS MÉDICOS  E  CIRÚRGICOS;15369;LÂMINA LARINGOSCÓPIO;468458;ESTERILIDADE: ESTÉRIL, USO ÚNICO, MATERIAL: POLÍMERO, MODELO: COMPATÍVEL C/ VÍDEOLARINGOSCÓPIO, TAMANHO: Nº 1, TIPO: CURVA;UN;12,0000;166,6900;2000,2800;0,0000;30/12/2026
ERN - HOSPITAL DR JOSÉ PEDRO BEZERRA DE NATAL;925778;1343;Material;925778-9/2026;material permanente;Catálogo do Compras.gov.br;Material;6515;INSTRUMENTOS, EQUIPAMENTOS E SUPRIMENTOS MÉDICOS  E  CIRÚRGICOS;15369;LÂMINA LARINGOSCÓPIO;463368;ESTERILIDADE: ESTÉRIL, USO ÚNICO, MATERIAL: POLÍMERO, MODELO: COMPATÍVEL C/ VÍDEOLARINGOSCÓPIO, TAMANHO: Nº 4, TIPO: CURVA;UN;12,0000;169,6900;2036,2800;0,0000;30/12/2026
ERN - HOSPITAL DR JOSÉ PEDRO BEZERRA DE NATAL;925778;1344;Material;925778-9/2026;material permanente;Catálogo do Compras.gov.br;Material;6515;INSTRUMENTOS, EQUIPAMENTOS E SUPRIMENTOS MÉDICOS  E  CIRÚRGICOS;15369;LÂMINA LARINGOSCÓPIO;617104;ESTERILIDADE: ESTÉRIL, USO ÚNICO, MATERIAL: POLÍMERO, MODELO: COMPATÍVEL C/ VÍDEOLARINGOSCÓPIO, TAMANHO: Nº 5, TIPO: CURVA;UN;12,0000;189,6900;2276,2800;0,0000;30/12/2026
ERN - HOSPITAL DR JOSÉ PEDRO BEZERRA DE NATAL;925778;1345;Material;925778-9/2026;material permanente;Catálogo do Compras.gov.br;Material;6515;INSTRUMENTOS, EQUIPAMENTOS E SUPRIMENTOS MÉDICOS  E  CIRÚRGICOS;15369;LÂMINA LARINGOSCÓPIO;445356;MATERIAL: AÇO INOXIDÁVEL, TAMANHO: Nº 4, TIPO: RETA, TIPO LÂMPADA: HALÓGENA;UN;12,0000;125,0000;1500,0000;0,0000;30/12/2026
ERN - HOSPITAL DR JOSÉ PEDRO BEZERRA DE NATAL;925778;1346;Material;925778-9/2026;material permanente;Catálogo do Compras.gov.br;Material;6515;INSTRUMENTOS, EQUIPAMENTOS E SUPRIMENTOS MÉDICOS  E  CIRÚRGICOS;15369;LÂMINA LARINGOSCÓPIO;445357;MATERIAL: AÇO INOXIDÁVEL, TAMANHO: Nº 5, TIPO: RETA, TIPO LÂMPADA: HALÓGENA;UN;12,0000;125,0000;1500,0000;0,0000;30/12/2026
ERN - HOSPITAL DR JOSÉ PEDRO BEZERRA DE NATAL;925778;1347;Material;925778-9/2026;material permanente;Catálogo do Compras.gov.br;Material;6515;INSTRUMENTOS, EQUIPAMENTOS E SUPRIMENTOS MÉDICOS  E  CIRÚRGICOS;15369;LÂMINA LARINGOSCÓPIO;445358;MATERIAL: AÇO INOXIDÁVEL, TAMANHO: Nº 3, TIPO: CURVA, COM PONTA ARTICULADA, TIPO LÂMPADA: HALÓGENA;UN;12,0000;125,0000;1500,0000;0,0000;30/12/2026
ERN - HOSPITAL DR JOSÉ PEDRO BEZERRA DE NATAL;925778;1348;Material;925778-9/2026;material permanente;Catálogo do Compras.gov.br;Material;6515;INSTRUMENTOS, EQUIPAMENTOS E SUPRIMENTOS MÉDICOS  E  CIRÚRGICOS;15369;LÂMINA LARINGOSCÓPIO;445351;MATERIAL: AÇO INOXIDÁVEL, TAMANHO: Nº 0, TIPO: RETA, TIPO LÂMPADA: HALÓGENA;UN;12,0000;125,0000;1500,0000;0,0000;30/12/2026
ERN - HOSPITAL DR JOSÉ PEDRO BEZERRA DE NATAL;925778;1349;Material;925778-9/2026;material permanente;Catálogo do Compras.gov.br;Material;6515;INSTRUMENTOS, EQUIPAMENTOS E SUPRIMENTOS MÉDICOS  E  CIRÚRGICOS;15369;LÂMINA LARINGOSCÓPIO;445352;MATERIAL: AÇO INOXIDÁVEL, TAMANHO: Nº 00, TIPO: RETA, TIPO LÂMPADA: HALÓGENA;UN;12,0000;125,0000;1500,0000;0,0000;30/12/2026
ERN - HOSPITAL DR JOSÉ PEDRO BEZERRA DE NATAL;925778;1350;Material;925778-9/2026;material permanente;Catálogo do Compras.gov.br;Material;6515;INSTRUMENTOS, EQUIPAMENTOS E SUPRIMENTOS MÉDICOS  E  CIRÚRGICOS;15369;LÂMINA LARINGOSCÓPIO;445353;MATERIAL: AÇO INOXIDÁVEL, TAMANHO: Nº 1, TIPO: RETA, TIPO LÂMPADA: HALÓGENA;UN;12,0000;125,0000;1500,0000;0,0000;30/12/2026
ERN - HOSPITAL DR JOSÉ PEDRO BEZERRA DE NATAL;925778;1351;Material;925778-9/2026;material permanente;Catálogo do Compras.gov.br;Material;6515;INSTRUMENTOS, EQUIPAMENTOS E SUPRIMENTOS MÉDICOS  E  CIRÚRGICOS;18026;CABO;430560;APLICAÇÃO: COMPATÍVEL COM MONITOR MULTIPARAMÉTRICO, TIPO: CAPNOGRAFIA;PCT;12,0000;5000,0000;60000,0000;0,0000;30/12/2026
ERN - HOSPITAL DR JOSÉ PEDRO BEZERRA DE NATAL;925778;1352;Material;925778-9/2026;material permanente;Catálogo do Compras.gov.br;Material;6515;INSTRUMENTOS, EQUIPAMENTOS E SUPRIMENTOS MÉDICOS  E  CIRÚRGICOS;10565;PEÇA / COMPONENTE EQUIPAMENTO HOSPITALAR;412452;APLICAÇÃO 1: MANGUITO COM MEDIDA 17-25/29 CM, COMPONENTES 2: COMPATÍVEL COM MONITOR DRAGER;UN;12,0000;23,0000;276,0000;0,0000;30/12/2026
ERN - HOSPITAL DR JOSÉ PEDRO BEZERRA DE NATAL;925778;1353;Material;925778-9/2026;material permanente;Catálogo do Compras.gov.br;Material;6515;INSTRUMENTOS, EQUIPAMENTOS E SUPRIMENTOS MÉDICOS  E  CIRÚRGICOS;10565;PEÇA / COMPONENTE EQUIPAMENTO HOSPITALAR;412453;APLICAÇÃO 1: MANGUITO COM MEDIDA 38-50/50 CM, COMPONENTES 2: COMPATÍVEL COM MONITOR DRAGER;UN;12,0000;5,9900;71,8800;0,0000;30/12/2026
ERN - HOSPITAL DR JOSÉ PEDRO BEZERRA DE NATAL;925778;1354;Material;925778-9/2026;material permanente;Catálogo do Compras.gov.br;Material;6515;INSTRUMENTOS, EQUIPAMENTOS E SUPRIMENTOS MÉDICOS  E  CIRÚRGICOS;10565;PEÇA / COMPONENTE EQUIPAMENTO HOSPITALAR;412454;APLICAÇÃO 1: MANGUITO COM MEDIDA 23-33/33 CM, COMPONENTES 2: COMPATÍVEL COM MONITOR DRAGER;UN;12,0000;5,9900;71,8800;0,0000;30/12/2026
ERN - HOSPITAL DR JOSÉ PEDRO BEZERRA DE NATAL;925778;1355;Material;925778-9/2026;material permanente;Catálogo do Compras.gov.br;Material;6515;INSTRUMENTOS, EQUIPAMENTOS E SUPRIMENTOS MÉDICOS  E  CIRÚRGICOS;6960;ESFIGMOMANÔMETRO;485445;AJUSTE: ANALÓGICO, ANERÓIDE, FAIXA DE OPERAÇÃO: ATÉ 300, MATERIAL BRAÇADEIRA: BRAÇADEIRA EM NYLON, TAMANHO: ADULTO OBESO, TIPO FECHO: FECHO EM VELCRO, TIPO*: DE BRAÇO, USO: PEDESTAL C/ RODÍZIOS;UN;12,0000;150,0000;1800,0000;0,0000;30/12/2026
ERN - HOSPITAL DR JOSÉ PEDRO BEZERRA DE NATAL;925778;1356;Material;925778-9/2026;material permanente;Catálogo do Compras.gov.br;Material;6515;INSTRUMENTOS, EQUIPAMENTOS E SUPRIMENTOS MÉDICOS  E  CIRÚRGICOS;6960;ESFIGMOMANÔMETRO;436498;AJUSTE: DIGITAL, FAIXA DE OPERAÇÃO: ATÉ 300, MATERIAL BRAÇADEIRA: BRAÇADEIRA EM NYLON, TAMANHO: ADULTO, TIPO FECHO: FECHO EM VELCRO, TIPO*: DE BRAÇO;UN;24,0000;68,7700;1650,4800;0,0000;30/12/2026
ERN - HOSPITAL DR JOSÉ PEDRO BEZERRA DE NATAL;925778;1357;Material;925778-9/2026;material permanente;Catálogo do Compras.gov.br;Material;6515;INSTRUMENTOS, EQUIPAMENTOS E SUPRIMENTOS MÉDICOS  E  CIRÚRGICOS;6960;ESFIGMOMANÔMETRO;434613;AJUSTE: ANALÓGICO, ANERÓIDE, FAIXA DE OPERAÇÃO: ATÉ 300, MATERIAL BRAÇADEIRA: BRAÇADEIRA EM NYLON, TAMANHO: NEONATAL, TIPO FECHO: FECHO EM VELCRO, TIPO*: DE BRAÇO;UN;12,0000;38,0500;456,6000;0,0000;30/12/2026
ERN - HOSPITAL DR JOSÉ PEDRO BEZERRA DE NATAL;925778;1358;Material;925778-9/2026;material permanente;Catálogo do Compras.gov.br;Material;6685;INSTRUMENTOS PARA MEDIÇÃO E CONTROLE DE PRESSÃO,TEMPERATURA E UMIDADE;12013;SENSOR;462467;APLICAÇÃO: CONTROLADORES KVA EMPREGADOS EM AUTOMAÇÃO DE GERA-, REFERÊNCIA: KS3001B PT-100, TIPO: KVA, TIPO SENSOR: TEMPERATURA;UN;12,0000;22,5000;270,0000;0,0000;30/12/2026
ERN - HOSPITAL DR JOSÉ PEDRO BEZERRA DE NATAL;925778;1359;Material;925778-9/2026;material permanente;Catálogo do Compras.gov.br;Material;6515;INSTRUMENTOS, EQUIPAMENTOS E SUPRIMENTOS MÉDICOS  E  CIRÚRGICOS;18015;PEÇA EQUIPAMENTO MÉDICO;624907;COMPATÍVEL: COMPATÍVEL C/ APARELHO DE ANESTESIA, TIPO 1: TUBO DE MEDIÇÃO DE FLUXO;UN;12,0000;249,0000;2988,0000;0,0000;30/12/2026
ERN - HOSPITAL DR JOSÉ PEDRO BEZERRA DE NATAL;925778;1360;Material;925778-9/2026;material permanente;Catálogo do Compras.gov.br;Material;6530;MOBILIÁRIO, EQUIPAMENTOS, UTENSÍLIOS E  SUPRIMENTOS  HOSPITALARES;30265;CABO P/ MONITORIZAÇÃO DE ECG;621965;CONECTOR: COMPATÍVEL COM EQUIPAMENTO, ESTERILIDADE: REUSÁVEL, MATERIAL: BORRACHA SINTÉTICA, MODELO: TRONCO, NÚMERO VIAS: 5 VIAS;UN;12,0000;173,4100;2080,9200;0,0000;30/12/2026
ERN - HOSPITAL DR JOSÉ PEDRO BEZERRA DE NATAL;925778;1361;Material;925778-9/2026;material permanente;Catálogo do Compras.gov.br;Material;6530;MOBILIÁRIO, EQUIPAMENTOS, UTENSÍLIOS E  SUPRIMENTOS  HOSPITALARES;30265;CABO P/ MONITORIZAÇÃO DE ECG;621966;CONECTOR: COMPATÍVEL COM EQUIPAMENTO, ESTERILIDADE: REUSÁVEL, MATERIAL: BORRACHA SINTÉTICA, MODELO: TRONCO, NÚMERO VIAS: 10 VIAS;UN;12,0000;428,6400;5143,6800;0,0000;30/12/2026
ERN - HOSPITAL DR JOSÉ PEDRO BEZERRA DE NATAL;925778;1362;Material;925778-9/2026;material permanente;Catálogo do Compras.gov.br;Material;6530;MOBILIÁRIO, EQUIPAMENTOS, UTENSÍLIOS E  SUPRIMENTOS  HOSPITALARES;30265;CABO P/ MONITORIZAÇÃO DE ECG;621964;CONECTOR: COMPATÍVEL COM EQUIPAMENTO, ESTERILIDADE: REUSÁVEL, MATERIAL: BORRACHA SINTÉTICA, MODELO: TRONCO, NÚMERO VIAS: 3 VIAS;UN;12,0000;448,7800;5385,3600;0,0000;30/12/2026
ERN - HOSPITAL DR JOSÉ PEDRO BEZERRA DE NATAL;925778;1363;Material;925778-9/2026;material permanente;Catálogo do Compras.gov.br;Material;6515;INSTRUMENTOS, EQUIPAMENTOS E SUPRIMENTOS MÉDICOS  E  CIRÚRGICOS;7127;SENSOR USO MÉDICO;625465;APLICAÇÃO: DE OXIMETRIA CEREBRAL - RSO2, COMPATIBILIDADE: C/ COMPATIBILIDADE ESPECÍFICA, COMPONENTES: S/ CABO, ESTERILIDADE: USO ÚNICO, MATERIAL 1: POLÍMERO, MODELO: DE TESTA, TAMANHO: TAMANHO NEONATAL, TIPO DE FIXAÇÃO: ADESIVO;UN;12,0000;225,9000;2710,8000;0,0000;30/12/2026
ERN - HOSPITAL DR JOSÉ PEDRO BEZERRA DE NATAL;925778;1364;Material;925778-9/2026;material permanente;Catálogo do Compras.gov.br;Material;6515;INSTRUMENTOS, EQUIPAMENTOS E SUPRIMENTOS MÉDICOS  E  CIRÚRGICOS;7127;SENSOR USO MÉDICO;605829;APLICAÇÃO: P/ MONITORIZAÇÃO DE BLOQUEIO NEUROMUSCULAR, COMPATIBILIDADE: C/ COMPATIBILIDADE ESPECÍFICA, COMPONENTES: C/ 2 ELETRODOS ESTIMULAÇÃO, 1 TERRA E 2 P/ EMG, ESTERILIDADE: USO ÚNICO, MATERIAL 1: POLÍMERO C/ GEL, MODELO: DE MÃO, MÉTODO: ELETROMIOGRAFIA, TAMANHO: TAMANHO ADULTO, TIPO DE FIXAÇÃO: ADESIVO;UN;12,0000;234,0600;2808,7200;0,0000;30/12/2026
ERN - HOSPITAL DR JOSÉ PEDRO BEZERRA DE NATAL;925778;1365;Material;925778-9/2026;material permanente;Catálogo do Compras.gov.br;Material;6515;INSTRUMENTOS, EQUIPAMENTOS E SUPRIMENTOS MÉDICOS  E  CIRÚRGICOS;7127;SENSOR USO MÉDICO;603313;APLICAÇÃO: P/ MONITORIZAÇÃO DE BLOQUEIO NEUROMUSCULAR, COMPATIBILIDADE: C/ COMPATIBILIDADE ESPECÍFICA, COMPONENTES: C/ CABO, ESTERILIDADE: REUTILIZÁVEL, MODELO: DE FACE, TAMANHO: TAMANHO ÚNICO;UN;12,0000;371,9100;4462,9200;0,0000;30/12/2026
ERN - HOSPITAL DR JOSÉ PEDRO BEZERRA DE NATAL;925778;1366;Material;925778-9/2026;material permanente;Catálogo do Compras.gov.br;Material;6515;INSTRUMENTOS, EQUIPAMENTOS E SUPRIMENTOS MÉDICOS  E  CIRÚRGICOS;7127;SENSOR USO MÉDICO;605831;APLICAÇÃO: P/ MONITORIZAÇÃO DE BLOQUEIO NEUROMUSCULAR, COMPATIBILIDADE: C/ COMPATIBILIDADE ESPECÍFICA, COMPONENTES: C/ 2 ELETRODOS ESTIMULAÇÃO, 1 TERRA E 2 P/ EMG, ESTERILIDADE: USO ÚNICO, MATERIAL 1: POLÍMERO C/ GEL, MODELO: DE MÃO, MÉTODO: ELETROMIOGRAFIA, TAMANHO: TAMANHO NEONATAL, TIPO DE FIXAÇÃO: ADESIVO;UN;12,0000;275,7400;3308,8800;0,0000;30/12/2026
ERN - HOSPITAL DR JOSÉ PEDRO BEZERRA DE NATAL;925778;1367;Material;925778-9/2026;material permanente;Catálogo do Compras.gov.br;Material;6515;INSTRUMENTOS, EQUIPAMENTOS E SUPRIMENTOS MÉDICOS  E  CIRÚRGICOS;7127;SENSOR USO MÉDICO;468755;APLICAÇÃO: DE OXIMETRIA, COMPATIBILIDADE: C/ COMPATIBILIDADE ESPECÍFICA, COMPONENTES: C/ CABO, ESTERILIDADE: USO ÚNICO, MODELO: EM "L", TAMANHO: TAMANHO NEONATAL, TIPO DE FIXAÇÃO: ADESIVO;UN;12,0000;274,5500;3294,6000;0,0000;30/12/2026
ERN - HOSPITAL DR JOSÉ PEDRO BEZERRA DE NATAL;925778;1368;Material;925778-9/2026;material permanente;Catálogo do Compras.gov.br;Material;6515;INSTRUMENTOS, EQUIPAMENTOS E SUPRIMENTOS MÉDICOS  E  CIRÚRGICOS;379;ESTETOSCÓPIO;438926;ACESSÓRIOS: OLIVAS ANATÔMICAS SILICONE, AUSCULTADOR: AUSCULTADOR AÇO INOX, HASTE: HASTE AÇO INOX, TAMANHO: NEONATAL, TIPO: BIAURICULAR, TUBO: TUBO "Y" SILICONE;UN;24,0000;488,0200;11712,4800;0,0000;30/12/2026
ERN - HOSPITAL DR JOSÉ PEDRO BEZERRA DE NATAL;925778;1369;Material;925778-9/2026;material permanente;Catálogo do Compras.gov.br;Material;6515;INSTRUMENTOS, EQUIPAMENTOS E SUPRIMENTOS MÉDICOS  E  CIRÚRGICOS;379;ESTETOSCÓPIO;609094;ACESSÓRIOS: OLIVAS ANATÔMICAS SILICONE, AUSCULTADOR: AUSCULTADOR DUPLO AÇO INOX C/ ANEL DE BORRACHA, HASTE: HASTE AÇO INOX, TAMANHO: ADULTO, TIPO: BIAURICULAR, TUBO: TUBO "Y" PVC;UN;36,0000;249,0000;8964,0000;0,0000;30/12/2026
ERN - HOSPITAL DR JOSÉ PEDRO BEZERRA DE NATAL;925778;1370;Material;925778-9/2026;material permanente;Catálogo do Compras.gov.br;Material;6685;INSTRUMENTOS PARA MEDIÇÃO E CONTROLE DE PRESSÃO,TEMPERATURA E UMIDADE;12668;TERMÔMETRO;483804;ALIMENTAÇÃO: BATERIA 5V E VIA CABO US, APLICAÇÃO: ÁREA DE TRÁFEGO DE PEDESTRE EM GERAL, CARACTERÍSTICAS ADICIONAIS: COM VIVA VOZ, ALARME SONORO, E TRIPÉ DE SUPORTE, FAIXA MEDIÇÃO TEMPERATURA: 0 A 50, MATERIAL: GABINETE PLÁSTICO, TELA LCD, PRECISÃO: 0,2, TIPO: TERMÔMETRO INFRAVERMELHO SEM CONTATO;UN;24,0000;90,0000;2160,0000;0,0000;30/12/2026
ERN - HOSPITAL DR JOSÉ PEDRO BEZERRA DE NATAL;925778;1371;Material;925778-9/2026;material permanente;Catálogo do Compras.gov.br;Material;6515;INSTRUMENTOS, EQUIPAMENTOS E SUPRIMENTOS MÉDICOS  E  CIRÚRGICOS;18826;CONCENTRADOR DE OXIGÊNIO;443109;ACESSÓRIOS: UMIDIFICADOR,FILTROS,CÂNULA OU MÁSCARA, CAPACIDADE: ATÉ 10, CARACTERÍSTICAS ADICIONAIS: SILENCIOSO,USO DOMÉSTICO, COMPONENTES: ALARME SONORO,SISTEMA DE SEGURANÇA, CONCENTRAÇÃO: CONCENTRAÇÃO MÍNIMA 90%, TIPO: ELÉTRICO, TIPO GABINETE: GABINETE PLÁSTICO RESISTENTE;UN;36,0000;22,5000;810,0000;0,0000;30/12/2026
ERN - HOSPITAL DR JOSÉ PEDRO BEZERRA DE NATAL;925778;1372;Material;925778-9/2026;material permanente;Catálogo do Compras.gov.br;Material;6515;INSTRUMENTOS, EQUIPAMENTOS E SUPRIMENTOS MÉDICOS  E  CIRÚRGICOS;13675;ACESSÓRIO PARA EQUIPAMENTO MÉDICO;619561;APLICAÇÃO: P/ PORTA ENTRADA DE AR, COMPATIBILIDADE: COMPATÍVEL C/ VENTILADOR PULMONAR, MATERIAL: ELEMENTO FILTRANTE COALESCENTE, TIPO: FILTRO DE AR;UN;36,0000;177,8400;6402,2400;0,0000;30/12/2026
ERN - HOSPITAL DR JOSÉ PEDRO BEZERRA DE NATAL;925778;1373;Material;925778-9/2026;material permanente;Catálogo do Compras.gov.br;Material;6515;INSTRUMENTOS, EQUIPAMENTOS E SUPRIMENTOS MÉDICOS  E  CIRÚRGICOS;9745;MATERIAL GASOTERAPIA;612418;COMPATIBILIDADE: COMPATÍVEL C/ REGULADOR, ESTERILIDADE*: USO ÚNICO, MATERIAL: POLÍMERO, MODELO: P/ INALAÇÃO DE MEDICAMENTOS, TIPO: NEBULIZADOR, TIPO CONECTOR MALHA VIBRATÓRIA, VOLUME: CERCA DE 5;UN;36,0000;152,2400;5480,6400;0,0000;30/12/2026
ERN - HOSPITAL DR JOSÉ PEDRO BEZERRA DE NATAL;925778;1374;Material;925778-9/2026;material permanente;Catálogo do Compras.gov.br;Material;6515;INSTRUMENTOS, EQUIPAMENTOS E SUPRIMENTOS MÉDICOS  E  CIRÚRGICOS;9745;MATERIAL GASOTERAPIA;485486;ESTERILIDADE*: USO ÚNICO, MATERIAL: POLÍMERO, MODELO: TIPO VENTURI, SAÍDA: P/ OXIGÊNIO E AR COMPRIMIDO, TIPO: FRASCO P/ MACRONEBULIZAÇÃO, VOLUME: CERCA DE 500;UN;72,0000;26,2200;1887,8400;0,0000;30/12/2026
ERN - HOSPITAL DR JOSÉ PEDRO BEZERRA DE NATAL;925778;1375;Material;925778-9/2026;material permanente;Catálogo do Compras.gov.br;Material;6515;INSTRUMENTOS, EQUIPAMENTOS E SUPRIMENTOS MÉDICOS  E  CIRÚRGICOS;9745;MATERIAL GASOTERAPIA;440213;ESTERILIDADE*: DESCARTÁVEL, MATERIAL: POLÍMERO, MODELO: P/ MACRONEBULIZADOR, OUTROS COMPONENTES: CONECTOR DE ENTRADA E SAÍDA, SAÍDA: P/ OXIGÊNIO, TAMANHO: ÚNICO, TIPO: ADAPTADOR P/ FRASCO SISTEMA FECHADO;UN;36,0000;126,0000;4536,0000;0,0000;30/12/2026
ERN - HOSPITAL DR JOSÉ PEDRO BEZERRA DE NATAL;925778;1376;Material;925778-9/2026;material permanente;Catálogo do Compras.gov.br;Material;6515;INSTRUMENTOS, EQUIPAMENTOS E SUPRIMENTOS MÉDICOS  E  CIRÚRGICOS;9745;MATERIAL GASOTERAPIA;437902;COMPONENTES: C/ VEDAÇÃO, ESTERILIDADE*: ESTERILIZÁVEL, MODELO: UMIDIFICADOR AQUECIDO, OUTROS COMPONENTES: CONECTOR DE ENTRADA E SAÍDA, SAÍDA: P/ OXIGÊNIO E AR COMPRIMIDO, TAMANHO: ÚNICO, TIPO FRASCO: FRASCO POLISSULFONA, BASE METÁLICA, VOLUME: CERCA DE 250;UN;36,0000;17,9500;646,2000;0,0000;30/12/2026
ERN - HOSPITAL DR JOSÉ PEDRO BEZERRA DE NATAL;925778;1377;Material;925778-9/2026;material permanente;Catálogo do Compras.gov.br;Material;6695;INSTRUMENTOS COMBINADOS DIVERSOS;7676;FLUXÔMETRO;451856;APLICAÇÃO: CONTROLE FLUXO OXIGÊNIO MEDICINAL, CAPACIDADE FLUXO: 0,1 A 3,5, COMPONENTES: FLUTUADOR ESFÉRICO, EM ALUMÍNIO ANODIZADO E TERMOP, CONEXÃO SAÍDA: CONEXÃO SAÍDA C/RESCA EM LATÃO CROMADO, MATERIAL FILTRO: AÇO INOXIDÁVEL, PRESSÃO: PRESSÃO CALIBRAÇÃO ATÉ 3,5, TIPO CONEXÃO: CONEXÕES CONFORME ABNT, TIPO ESCALA: ESCALA NUMÉRICA;UN;72,0000;86,7600;6246,7200;0,0000;30/12/2026
ERN - HOSPITAL DR JOSÉ PEDRO BEZERRA DE NATAL;925778;1378;Material;925778-9/2026;material permanente;Catálogo do Compras.gov.br;Material;6695;INSTRUMENTOS COMBINADOS DIVERSOS;7676;FLUXÔMETRO;299314;APLICAÇÃO: CONTROLE FLUXO AR COMPRIMIDO MEDICINAL, CAPACIDADE FLUXO: 0 A 30, COMPONENTES: CORPO E VÁLVULA DE AGULHA DE LATÃO CROMADO, TIPO ESCALA: ESCALA EXPANDIDA DE 0 A 7L/MIN;UN;72,0000;29,9000;2152,8000;0,0000;30/12/2026
ERN - HOSPITAL DR JOSÉ PEDRO BEZERRA DE NATAL;925778;1379;Material;925778-9/2026;material permanente;Catálogo do Compras.gov.br;Material;6695;INSTRUMENTOS COMBINADOS DIVERSOS;13770;REGULADOR PRESSÃO;414356;APLICAÇÃO: CILINDRO DE NITROGÊNIO, CARACTERÍSTICAS ADICIONAIS: DUPLO ESTÁGIO/ROSQUEAMENTO UNIVERSAL/VÁLVULA SEGUR, MATERIAL CORPO: LATÃO FORJADO, MODELO: DE PONTEIRO, PRESSÃO MÁXIMA ENTRADA: 3.000, PRESSÃO MÁXIMA SAÍDA: 400, TIPO CONEXÃO SAÍDA: ROSCA 1/4" NPTF, TIPO EQUIPAMENTO: 2 MANÔMETROS;UN;12,0000;86,7600;1041,1200;0,0000;30/12/2026
ERN - HOSPITAL DR JOSÉ PEDRO BEZERRA DE NATAL;925778;1380;Material;925778-9/2026;material permanente;Catálogo do Compras.gov.br;Material;6515;INSTRUMENTOS, EQUIPAMENTOS E SUPRIMENTOS MÉDICOS  E  CIRÚRGICOS;17645;MANGUEIRA USO MÉDICO;424611;CARACTERÍSTICAS ADICIONAIS: COM CONECTORES, COMPATIBILIDADE: OXIGÊNIO, COMPRIMENTO: 30, MATERIAL: NYLON, PVC E POLIETILENO;UN;36,0000;136,0000;4896,0000;0,0000;30/12/2026
ERN - HOSPITAL DR JOSÉ PEDRO BEZERRA DE NATAL;925778;1381;Material;925778-9/2026;material permanente;Catálogo do Compras.gov.br;Material;6515;INSTRUMENTOS, EQUIPAMENTOS E SUPRIMENTOS MÉDICOS  E  CIRÚRGICOS;18015;PEÇA EQUIPAMENTO MÉDICO;618873;COMPATÍVEL: COMPATÍVEL C/ VENTILADOR PULMONAR, TIPO 4: CONECTOR ROSQUEADO P/ ENTRADA OXIGÊNIO;UN;36,0000;276,8900;9968,0400;0,0000;30/12/2026
ERN - HOSPITAL DR JOSÉ PEDRO BEZERRA DE NATAL;925778;1382;Material;925778-9/2026;material permanente;Catálogo do Compras.gov.br;Material;6530;MOBILIÁRIO, EQUIPAMENTOS, UTENSÍLIOS E  SUPRIMENTOS  HOSPITALARES;30261;VÁLVULA REGULADORA PARA GASES MEDICINAIS;621811;COMPATIBILIDADE: P/ CILINDRO, COMPONENTE: C/ 2 MANÔMETROS, MATERIAL: LATÃO CROMADO E POLÍMERO, MODELO: VÁLVULA REGULADORA DE PRESSÃO, TIPO DE GÁS: P/ NITROGÊNIO;UN;12,0000;70,0000;840,0000;0,0000;30/12/2026
ERN - HOSPITAL DR JOSÉ PEDRO BEZERRA DE NATAL;925778;1383;Material;925778-9/2026;material permanente;Catálogo do Compras.gov.br;Material;6530;MOBILIÁRIO, EQUIPAMENTOS, UTENSÍLIOS E  SUPRIMENTOS  HOSPITALARES;30261;VÁLVULA REGULADORA PARA GASES MEDICINAIS;621808;COMPATIBILIDADE: P/ CILINDRO, COMPONENTE: C/ 2 MANÔMETROS, MATERIAL: LATÃO CROMADO E POLÍMERO, MODELO: VÁLVULA REGULADORA DE PRESSÃO, TIPO DE GÁS: P/ AR COMPRIMIDO;UN;12,0000;70,0000;840,0000;0,0000;30/12/2026
ERN - HOSPITAL DR JOSÉ PEDRO BEZERRA DE NATAL;925778;1384;Material;925778-9/2026;material permanente;Catálogo do Compras.gov.br;Material;6530;MOBILIÁRIO, EQUIPAMENTOS, UTENSÍLIOS E  SUPRIMENTOS  HOSPITALARES;30261;VÁLVULA REGULADORA PARA GASES MEDICINAIS;621805;COMPATIBILIDADE: P/ CILINDRO, COMPONENTE: C/ 1 MANÔMETRO, MATERIAL: LATÃO CROMADO E POLÍMERO, MODELO: VÁLVULA REGULADORA DE PRESSÃO, TIPO DE GÁS: P/ ÓXIDO NITROSO;UN;12,0000;70,0000;840,0000;0,0000;30/12/2026
ERN - HOSPITAL DR JOSÉ PEDRO BEZERRA DE NATAL;925778;1385;Material;925778-9/2026;material permanente;Catálogo do Compras.gov.br;Material;6530;MOBILIÁRIO, EQUIPAMENTOS, UTENSÍLIOS E  SUPRIMENTOS  HOSPITALARES;30261;VÁLVULA REGULADORA PARA GASES MEDICINAIS;621800;COMPATIBILIDADE: P/ REDE DE GASES, COMPONENTE: C/ 1 MANÔMETRO, MATERIAL: LATÃO CROMADO E POLÍMERO, MODELO: VÁLVULA REGULADORA DE PRESSÃO, TIPO DE GÁS: P/ ÓXIDO NITROSO;UN;12,0000;250,0900;3001,0800;0,0000;30/12/2026
ERN - HOSPITAL DR JOSÉ PEDRO BEZERRA DE NATAL;925778;1386;Material;925778-9/2026;material permanente;Catálogo do Compras.gov.br;Material;6515;INSTRUMENTOS, EQUIPAMENTOS E SUPRIMENTOS MÉDICOS  E  CIRÚRGICOS;18551;CALIBRADOR;616832;ALIMENTAÇÃO: BATERIA RECARREGÁVEL LÍTIO, APLICAÇÃO: CALIBRADOR DE FLUXO DE AR PRIMÁRIO, CARACTERÍSTICAS ADICIONAIS: LCD GRÁFICO COLORIDO, EXATIDÃO: 1 %, TIPO: DIGITAL;UN;500,0000;2,0000;1000,0000;0,0000;30/12/2026
ERN - HOSPITAL DR JOSÉ PEDRO BEZERRA DE NATAL;925778;1387;Material;925778-9/2026;material permanente;Catálogo do Compras.gov.br;Material;6515;INSTRUMENTOS, EQUIPAMENTOS E SUPRIMENTOS MÉDICOS  E  CIRÚRGICOS;18015;PEÇA EQUIPAMENTO MÉDICO;621910;COMPATÍVEL: COMPATÍVEL C/ VENTILADOR PULMONAR, TIPO 2: VÁLVULA PNEUMÁTICA;UN;12,0000;76,5600;918,7200;0,0000;30/12/2026
ERN - HOSPITAL DR JOSÉ PEDRO BEZERRA DE NATAL;925778;1388;Material;925778-9/2026;material permanente;Catálogo do Compras.gov.br;Material;6515;INSTRUMENTOS, EQUIPAMENTOS E SUPRIMENTOS MÉDICOS  E  CIRÚRGICOS;18015;PEÇA EQUIPAMENTO MÉDICO;621698;COMPATÍVEL: COMPATÍVEL C/ VENTILADOR PULMONAR, COMPONENTES: S/ DIAFRAGMA / MEMBRANA, TIPO 2: VÁLVULA DE EXALAÇÃO;UN;50,0000;1275,0000;63750,0000;0,0000;30/12/2026
ERN - HOSPITAL DR JOSÉ PEDRO BEZERRA DE NATAL;925778;1389;Material;925778-9/2026;material permanente;Catálogo do Compras.gov.br;Material;7110;MOBILIÁRIO PARA ESCRITÓRIO;313;CADEIRA ESCRITÓRIO;623641;APOIO BRAÇO: COM BRAÇOS REGULÁVEIS EM FORMA DE "T", CARACTERÍSTICAS ADICIONAIS: COM RODÍZIOS DUPLOS DE NÁILON E 5 PÉS, COR: PRETA, MATERIAL ASSENTO: POLIPROPILENO / ESPUMA POLIURETANO INJETADA, MATERIAL ENCOSTO: POLIPROPILENO / ESPUMA POLIURETANO INJETADA, MATERIAL ESTRUTURA: AÇO SAE 1020, MATERIAL REVESTIMENTO ASSENTO E ENCOSTO: TECIDO SINTÉTICO, TIPO BASE: GIRATÓRIA COM 5 RODÍZIOS DUPLOS, TIPO ENCOSTO: ESPALDAR ALTO, TIPO SISTEMA REGULAGEM VERTICAL: PNEUMÁTICO, TRATAMENTO SUPERFICIAL ESTRUTURA: PINTURA ELETROSTÁTICA;UN;20,0000;935,6000;18712,0000;0,0000;30/12/2026
ERN - HOSPITAL DR JOSÉ PEDRO BEZERRA DE NATAL;925778;1390;Material;925778-9/2026;material permanente;Catálogo do Compras.gov.br;Material;7110;MOBILIÁRIO PARA ESCRITÓRIO;313;CADEIRA ESCRITÓRIO;618820;APOIO BRAÇO: COM BRAÇOS, CARACTERÍSTICAS ADICIONAIS: CADEIRA GIRATORIA OPERACIONAL TIPO B CARGA MNIMA D, MATERIAL ASSENTO: COMPENSADO ANATOMICO MULTILAMINADO, MATERIAL ENCOSTO: COMPENSADO ANATOMICO MULTILAMINADO, MATERIAL ESTRUTURA: LIGA ALUMINIO/ CHAPA DE AÇO, MATERIAL REVESTIMENTO ASSENTO E ENCOSTO: 100% POLIESTER LA, NORMAS TÉCNICAS: NR17, TIPO BASE: POLIPROPILENO INJETADO, TIPO ENCOSTO: ESPALDAR MÉDIO;UN;20,0000;879,9000;17598,0000;0,0000;30/12/2026
ERN - HOSPITAL DR JOSÉ PEDRO BEZERRA DE NATAL;925778;1391;Material;925778-9/2026;material permanente;Catálogo do Compras.gov.br;Material;7110;MOBILIÁRIO PARA ESCRITÓRIO;313;CADEIRA ESCRITÓRIO;618998;APOIO BRAÇO: COM BRAÇOS, COR: AZUL, MATERIAL ASSENTO: RESINA TERMOPLASTICA/ COMPENSADO MULTILAMINADO, MATERIAL ENCOSTO: RESINA TERMOPLASTICA E TELA POLIESTER E NYLON, MATERIAL ESTRUTURA: LIGA ALUMINIO/ CHAPA DE AÇO, MATERIAL REVESTIMENTO ASSENTO E ENCOSTO: TECIDO 100% POLIÉSTER, TIPO BASE: GIRATÓRIA, TIPO ENCOSTO: ESPALDAR ALTO;UN;20,0000;950,0000;19000,0000;0,0000;30/12/2026
ERN - HOSPITAL DR JOSÉ PEDRO BEZERRA DE NATAL;925778;1392;Material;925778-9/2026;material permanente;Catálogo do Compras.gov.br;Material;7110;MOBILIÁRIO PARA ESCRITÓRIO;313;CADEIRA ESCRITÓRIO;617704;APOIO BRAÇO: COM BRAÇOS, CARACTERÍSTICAS ADICIONAIS: REGULAGEM DE INCLINAÇÃO DO ENCOSTO, MATERIAL ENCOSTO: ESPUMA POLIURETANO INJETADO, MATERIAL ESTRUTURA: AÇO, MATERIAL REVESTIMENTO ASSENTO E ENCOSTO: COURO ECOLÓGICO, QUANTIDADE PÉS: 5, TIPO BASE: GIRATÓRIA COM 5 RODÍZIOS DUPLOS, TIPO ENCOSTO: BAIXO, TIPO SISTEMA REGULAGEM VERTICAL: A GÁS;UN;100,0000;864,5000;86450,0000;0,0000;30/12/2026
ERN - HOSPITAL DR JOSÉ PEDRO BEZERRA DE NATAL;925778;1393;Material;925778-9/2026;material permanente;Catálogo do Compras.gov.br;Material;7110;MOBILIÁRIO PARA ESCRITÓRIO;313;CADEIRA ESCRITÓRIO;486776;APOIO BRAÇO: SEM BRAÇOS, COR: PRETA, MATERIAL ASSENTO: ESPUMA POLIURETANO INJETADO, MATERIAL ENCOSTO: ESPUMA POLIURETANO INJETADO, MATERIAL ESTRUTURA: AÇO, MATERIAL REVESTIMENTO ASSENTO E ENCOSTO: COURO ECOLÓGICO VINIL, TIPO BASE: GIRATÓRIA COM 5 RODÍZIOS, TIPO SISTEMA REGULAGEM VERTICAL: A GÁS, TRATAMENTO SUPERFICIAL ESTRUTURA: PINTURA EM EPÓXI;UN;100,0000;432,9000;43290,0000;0,0000;30/12/2026
ERN - HOSPITAL DR JOSÉ PEDRO BEZERRA DE NATAL;925778;1394;Material;925778-9/2026;material permanente;Catálogo do Compras.gov.br;Material;7110;MOBILIÁRIO PARA ESCRITÓRIO;313;CADEIRA ESCRITÓRIO;395748;APOIO BRAÇO: COM BRAÇOS, COR: PRETA, MATERIAL ASSENTO: ESPUMA INJETADA, MATERIAL ENCOSTO: ESPUMA INJETADA, MATERIAL ESTRUTURA: AÇO, MATERIAL REVESTIMENTO ASSENTO E ENCOSTO: COURO ECOLÓGICO VINIL, TIPO BASE: FIXA, TIPO ENCOSTO: MÉDIO, TRATAMENTO SUPERFICIAL ESTRUTURA: PINTURA EM EPOXI PRETO;UN;100,0000;630,0000;63000,0000;0,0000;30/12/2026
ERN - HOSPITAL DR JOSÉ PEDRO BEZERRA DE NATAL;925778;1395;Material;925778-9/2026;material permanente;Catálogo do Compras.gov.br;Material;7110;MOBILIÁRIO PARA ESCRITÓRIO;313;CADEIRA ESCRITÓRIO;382870;ACABAMENTO SUPERFICIAL ESTRUTURA: PINTURA EM EPÓXI PÓ, APOIO BRAÇO: SEM BRAÇOS, CARACTERÍSTICAS ADICIONAIS: PÉS TIPO PALITO EM AÇO (7/8")/SAPATAS DESLISZAMTES, MATERIAL ASSENTO: ESPUMA POLIURETANO INJETADO, MATERIAL ENCOSTO: ESPUMA POLIURETANO INJETADO, MATERIAL ESTRUTURA: AÇO, MATERIAL REVESTIMENTO ASSENTO E ENCOSTO: COURVIN, QUANTIDADE PÉS: 4, TIPO BASE: FIXA, TIPO ENCOSTO: ENCOSTO INTERLIGADO AO ASSENTO POR TUDO DE AÇO, TRATAMENTO SUPERFICIAL ESTRUTURA: PINTURA ELETROSTÁTICA;UN;100,0000;332,9000;33290,0000;0,0000;30/12/2026
ERN - HOSPITAL DR JOSÉ PEDRO BEZERRA DE NATAL;925778;1396;Material;925778-9/2026;material permanente;Catálogo do Compras.gov.br;Material;7195;MOBILIÁRIOS DIVERSOS E ACESSÓRIOS;18365;POLTRONA AUDITÓRIO;293118;ESTRUTURA: METAL, MATERIAL ASSENTO: ESPUMA POLIURETANO INJETADO, QUANTIDADE ASSENTOS: 1, REVESTIMENTO: TECIDO COM PROTEÇÃO IMPERMEABILIZANTE, TIPO ASSENTOS: REBATÍVEL COM ARTICULAÇÃO SINCRONIZADA DE ASSENTO, PINTURA: ELETROSTÁTICA;UN;200,0000;958,0000;191600,0000;0,0000;30/12/2026
ERN - HOSPITAL DR JOSÉ PEDRO BEZERRA DE NATAL;925778;1397;Material;925778-9/2026;material permanente;Catálogo do Compras.gov.br;Material;7195;MOBILIÁRIOS DIVERSOS E ACESSÓRIOS;4091;POLTRONA RECLINÁVEL;468595;ACABAMENTO: ESTOFADO DE ESPUMA REVESTIDO EM COURVIN, CARACTERÍSTICAS ADICIONAIS: POSIÇÃO TRENDELEMBURG, COMPONENTES: C/ ENCOSTO, ASSENTO, APOIO PERNAS E BRAÇOS, COMPRIMENTO: CERCA DE 170, MATERIAL: TUBOS AÇO COM PINTURA ELETROSTÁTICA, MODELO: MANUAL, SISTEMA PNEUMÁTICO;UN;150,0000;906,0000;135900,0000;0,0000;30/12/2026
ERN - HOSPITAL DR JOSÉ PEDRO BEZERRA DE NATAL;925778;1398;Material;925778-9/2026;material permanente;Catálogo do Compras.gov.br;Material;7195;MOBILIÁRIOS DIVERSOS E ACESSÓRIOS;4091;POLTRONA RECLINÁVEL;481485;ACABAMENTO: COM BRAÇOS, ALTURA: 77, APLICAÇÃO: HOSPITALAR, CARACTERÍSTICAS ADICIONAIS: PÉS PONTEIRA BORRACHA, COMPONENTES: ESPUMA ALTA DENSIDADE, ESTRUTURA: REVESTIDO EM CURVIM, LARGURA: 58, MATERIAL: AÇO, MODELO: ENCOSTO E BRAÇO REGULÁVEL;UN;150,0000;1559,9000;233985,0000;0,0000;30/12/2026
ERN - HOSPITAL DR JOSÉ PEDRO BEZERRA DE NATAL;925778;1399;Material;925778-9/2026;material permanente;Catálogo do Compras.gov.br;Material;7195;MOBILIÁRIOS DIVERSOS E ACESSÓRIOS;4091;POLTRONA RECLINÁVEL;433318;ACABAMENTO: COURVIM, COMPONENTES: BRAÇOS ARTICULÁVEIS AO ENCOSTO, DIMENSÕES: 1,69 X 0,60 X 0,57, MATERIAL: TUBO AÇO;UN;150,0000;936,9000;140535,0000;0,0000;30/12/2026
ERN - HOSPITAL DR JOSÉ PEDRO BEZERRA DE NATAL;925778;1400;Material;925778-9/2026;material permanente;Catálogo do Compras.gov.br;Material;7195;MOBILIÁRIOS DIVERSOS E ACESSÓRIOS;4091;POLTRONA RECLINÁVEL;438771;ACABAMENTO: ESTOFADO DE ESPUMA REVESTIDO EM COURINO, APLICAÇÃO: ALEITAMENTO MATERNO, CARACTERÍSTICAS ADICIONAIS: ASSENTO E ENCOSTO COM PERCINTAS ELÁSTICAS DE NYLON, COMPONENTES: ASSENTO,ENCOSTO,APOIO BRAÇOS E PUFF, DIMENSÕES: LARG. 0,72M, ALT. 1,00M, PROF. 0,66M, ESTRUTURA: MADEIRA PINUS, MODELO: ENCOSTO E BRAÇO REGULÁVEL;UN;20,0000;870,0000;17400,0000;0,0000;30/12/2026
ERN - HOSPITAL DR JOSÉ PEDRO BEZERRA DE NATAL;925778;1401;Material;925778-9/2026;material permanente;Catálogo do Compras.gov.br;Material;6530;MOBILIÁRIO, EQUIPAMENTOS, UTENSÍLIOS E  SUPRIMENTOS  HOSPITALARES;3282;BANCO GIRATÓRIO;405827;ACABAMENTO DO ASSENTO: ESTOFADO, REVESTIDO EM COURVIM, ACABAMENTO DOS RODÍZIOS: TERMOPLÁSTICA, DIÂMETRO: CERCA DE 40 CM DE DIÂMETRO, MATERIAL: AÇO INOXIDÁVEL, TIPO DE ASSENTO: ASSENTO GIRATÓRIO E ALTURA REGULÁVEL, TIPO DE PÉS: PÉS COM 4 RODÍZIOS;UN;30,0000;420,0000;12600,0000;0,0000;30/12/2026
ERN - HOSPITAL DR JOSÉ PEDRO BEZERRA DE NATAL;925778;1402;Material;925778-9/2026;material permanente;Catálogo do Compras.gov.br;Material;7110;MOBILIÁRIO PARA ESCRITÓRIO;336;GAVETEIRO MÓVEL;613195;ALTURA: 600, CARACTERÍSTICAS ADICIONAIS: 4 RODÍZIOS DUPLO GIRO, FECHADURA FRONTAL COM TRAVA, LARGURA: 410, MATERIAL: MDP 25MM, PROFUNDIDADE: 530, QUANTIDADE GAVETAS: 3, TIPO PÉS: COM RODÍZIO;UN;50,0000;522,8100;26140,5000;0,0000;30/12/2026
ERN - HOSPITAL DR JOSÉ PEDRO BEZERRA DE NATAL;925778;1403;Material;925778-9/2026;material permanente;Catálogo do Compras.gov.br;Material;6530;MOBILIÁRIO, EQUIPAMENTOS, UTENSÍLIOS E  SUPRIMENTOS  HOSPITALARES;17467;ARMÁRIO VITRINE;365063;ALTURA: 1,65, APLICAÇÃO: USO HOSPITALAR, CARACTERÍSTICAS ADICIONAIS: FUNDO E TETO EM CHAPA AÇO ESMALTADO, LARGURA: 0,65, MATERIAL PORTA: VIDRO 3MM, MATERIAL PRATELEIRAS: 4 PRATELEIRAS VIDRO C/ 4MM ESPESSURA, PROFUNDIDADE: 0,40, QUANTIDADE PORTAS: 2 PORTAS, TIPO FECHADURA: FECHADURA CILÍNDRICA;UN;20,0000;990,0000;19800,0000;0,0000;30/12/2026
ERN - HOSPITAL DR JOSÉ PEDRO BEZERRA DE NATAL;925778;1404;Material;925778-9/2026;material permanente;Catálogo do Compras.gov.br;Material;7125;ARMÁRIOS E ESTANTES;15290;ARMÁRIO;623625;ACABAMENTO SUPERFICIAL: FITA DE PVC, ALTURA: 2,10, CARACTERÍSTICAS ADICIONAIS: FECHADURA COM TRAVAMENTO SIMULTÂNEO SUPERIOR E INF, COR: CINZA CLARO, LARGURA: 0,80, MATERIAL: MDP, MATERIAL BASE: MDP, MATERIAL PORTAS: MDP 18MM, MATERIAL PRATELEIRAS: MDP 25MM, PROFUNDIDADE: 0,50, QUANTIDADE PORTAS: 2, QUANTIDADE PRATELEIRAS: 04, TIPO: ALTO, TIPO PORTAS: COM GIRO ABERTURA 270°;UN;50,0000;1385,0000;69250,0000;0,0000;30/12/2026
ERN - HOSPITAL DR JOSÉ PEDRO BEZERRA DE NATAL;925778;1405;Material;925778-9/2026;material permanente;Catálogo do Compras.gov.br;Material;7125;ARMÁRIOS E ESTANTES;309;ARMÁRIO AÇO;621184;ACABAMENTO SUPERFICIAL: AÇO INOX, ALTURA: 183, CARACTERÍSTICAS ADICIONAIS: PÉS REGULÁVEIS, LARGURA: 85, MATERIAL: AÇO INOX, PROFUNDIDADE: 40, QUANTIDADE PORTAS: 2, QUANTIDADE PRATELEIRAS: 3, TIPO: VERTICAL;UN;50,0000;783,1800;39159,0000;0,0000;30/12/2026
ERN - HOSPITAL DR JOSÉ PEDRO BEZERRA DE NATAL;925778;1406;Material;925778-9/2026;material permanente;Catálogo do Compras.gov.br;Material;6515;INSTRUMENTOS, EQUIPAMENTOS E SUPRIMENTOS MÉDICOS  E  CIRÚRGICOS;18015;PEÇA EQUIPAMENTO MÉDICO;621697;COMPATÍVEL: COMPATÍVEL C/ VENTILADOR PULMONAR, COMPONENTES: C/ DIAFRAGMA / MEMBRANA, TIPO 2: VÁLVULA DE EXALAÇÃO;UN;12,0000;167,3700;2008,4400;0,0000;30/12/2026
ERN - HOSPITAL DR JOSÉ PEDRO BEZERRA DE NATAL;925778;1407;Material;925778-9/2026;material permanente;Catálogo do Compras.gov.br;Material;7125;ARMÁRIOS E ESTANTES;15290;ARMÁRIO;619364;ACABAMENTO SUPERFICIAL: LAMINADO MELAMÍNICO, ALTURA: 65, LARGURA: 90, MATERIAL: MDF, PROFUNDIDADE: 35, QUANTIDADE PORTAS: 2, TIPO: SUSPENSO;UN;50,0000;520,0000;26000,0000;0,0000;30/12/2026
ERN - HOSPITAL DR JOSÉ PEDRO BEZERRA DE NATAL;925778;1408;Material;925778-9/2026;material permanente;Catálogo do Compras.gov.br;Material;6515;INSTRUMENTOS, EQUIPAMENTOS E SUPRIMENTOS MÉDICOS  E  CIRÚRGICOS;2048;MATERIAL P/ VNI - CPAP / BIPAP;618233;APRESENTAÇÃO: CONJUNTO COMPLETO, CARACTERÍSTICA ADICIONAL: P/ ALTO FLUXO, MATERIAL*: POLÍMERO, TAMANHO*: ADULTO, TIPO 1: CONECTOR P/ TRAQUEOSTOMIA, TIPO CONECTOR: CONECTOR PADRÃO, TIPO EXTENSÃO: TRAQUEIA, TIPO FIXAÇÃO: FIXADOR AJUSTÁVEL;UN;12,0000;27,9000;334,8000;0,0000;30/12/2026
ERN - HOSPITAL DR JOSÉ PEDRO BEZERRA DE NATAL;925778;1409;Material;925778-9/2026;material permanente;Catálogo do Compras.gov.br;Material;6515;INSTRUMENTOS, EQUIPAMENTOS E SUPRIMENTOS MÉDICOS  E  CIRÚRGICOS;2048;MATERIAL P/ VNI - CPAP / BIPAP;611257;CARACTERÍSTICA ADICIONAL: GRADUADA, MATERIAL*: SILICONE, TAMANHO*: NEONATAL, CERCA DE 15 FR X 5 CM, TIPO 1: SONDA NASAL DUAS VIAS, TIPO CONECTOR: CONECTOR PADRÃO;UN;12,0000;19,9000;238,8000;0,0000;30/12/2026
ERN - HOSPITAL DR JOSÉ PEDRO BEZERRA DE NATAL;925778;1410;Material;925778-9/2026;material permanente;Catálogo do Compras.gov.br;Material;6515;INSTRUMENTOS, EQUIPAMENTOS E SUPRIMENTOS MÉDICOS  E  CIRÚRGICOS;2048;MATERIAL P/ VNI - CPAP / BIPAP;455474;APRESENTAÇÃO: CONJUNTO COMPLETO, MATERIAL*: POLÍMERO, TAMANHO*: ADULTO G, TIPO 1: PRONGA NASAL, TIPO CONECTOR: GIRATÓRIO, TIPO EXTENSÃO: TRAQUEIA, TIPO FIXAÇÃO: FIXADOR AJUSTÁVEL;UN;12,0000;44,6500;535,8000;0,0000;30/12/2026
ERN - HOSPITAL DR JOSÉ PEDRO BEZERRA DE NATAL;925778;1411;Material;925778-9/2026;material permanente;Catálogo do Compras.gov.br;Material;7125;ARMÁRIOS E ESTANTES;15290;ARMÁRIO;603765;ALTURA: 1,0, CARACTERÍSTICAS ADICIONAIS: FECHADURA FRONTAL, ESPESSURA: 25, LARGURA: 0,80, MATERIAL: MDP, PROFUNDIDADE: 0,50, QUANTIDADE PORTAS: 2, QUANTIDADE PRATELEIRAS: 02 INTERNAS REGULÁVEIS, REVESTIMENTO: LAMINADO MELAMÍNICO BAIXA PRESSÃO, TIPO: MÉDIO, TIPO PORTAS: COM FECHADURA;UN;50,0000;1290,0000;64500,0000;0,0000;30/12/2026
ERN - HOSPITAL DR JOSÉ PEDRO BEZERRA DE NATAL;925778;1412;Material;925778-9/2026;material permanente;Catálogo do Compras.gov.br;Material;6515;INSTRUMENTOS, EQUIPAMENTOS E SUPRIMENTOS MÉDICOS  E  CIRÚRGICOS;2048;MATERIAL P/ VNI - CPAP / BIPAP;454170;CARACTERÍSTICA ADICIONAL: C/ VELCRO, MATERIAL*: SILICONE, TAMANHO*: ADULTO, TIPO 1: FIXADOR CEFÁLICO AJUSTÁVEL;UN;12,0000;62,9300;755,1600;0,0000;30/12/2026
ERN - HOSPITAL DR JOSÉ PEDRO BEZERRA DE NATAL;925778;1413;Material;925778-9/2026;material permanente;Catálogo do Compras.gov.br;Material;6515;INSTRUMENTOS, EQUIPAMENTOS E SUPRIMENTOS MÉDICOS  E  CIRÚRGICOS;2048;MATERIAL P/ VNI - CPAP / BIPAP;454169;MATERIAL*: SILICONE, TAMANHO*: NEONATAL Nº 00, TIPO 1: PRONGA NASAL;UN;12,0000;139,7500;1677,0000;0,0000;30/12/2026
ERN - HOSPITAL DR JOSÉ PEDRO BEZERRA DE NATAL;925778;1414;Material;925778-9/2026;material permanente;Catálogo do Compras.gov.br;Material;6515;INSTRUMENTOS, EQUIPAMENTOS E SUPRIMENTOS MÉDICOS  E  CIRÚRGICOS;2048;MATERIAL P/ VNI - CPAP / BIPAP;454168;MATERIAL*: SILICONE, TAMANHO*: NEONATAL Nº 0, TIPO 1: PRONGA NASAL;UN;12,0000;44,6500;535,8000;0,0000;30/12/2026
ERN - HOSPITAL DR JOSÉ PEDRO BEZERRA DE NATAL;925778;1415;Material;925778-9/2026;material permanente;Catálogo do Compras.gov.br;Material;6515;INSTRUMENTOS, EQUIPAMENTOS E SUPRIMENTOS MÉDICOS  E  CIRÚRGICOS;2048;MATERIAL P/ VNI - CPAP / BIPAP;454167;MATERIAL*: SILICONE, TAMANHO*: NEONATAL Nº 5, TIPO 1: PRONGA NASAL;UN;12,0000;44,6500;535,8000;0,0000;30/12/2026
ERN - HOSPITAL DR JOSÉ PEDRO BEZERRA DE NATAL;925778;1416;Material;925778-9/2026;material permanente;Catálogo do Compras.gov.br;Material;6515;INSTRUMENTOS, EQUIPAMENTOS E SUPRIMENTOS MÉDICOS  E  CIRÚRGICOS;2048;MATERIAL P/ VNI - CPAP / BIPAP;454166;MATERIAL*: SILICONE, TAMANHO*: NEONATAL Nº 4, TIPO 1: PRONGA NASAL;UN;12,0000;44,6500;535,8000;0,0000;30/12/2026
ERN - HOSPITAL DR JOSÉ PEDRO BEZERRA DE NATAL;925778;1417;Material;925778-9/2026;material permanente;Catálogo do Compras.gov.br;Material;6515;INSTRUMENTOS, EQUIPAMENTOS E SUPRIMENTOS MÉDICOS  E  CIRÚRGICOS;2048;MATERIAL P/ VNI - CPAP / BIPAP;454165;MATERIAL*: SILICONE, TAMANHO*: NEONATAL Nº 3, TIPO 1: PRONGA NASAL;UN;12,0000;44,6500;535,8000;0,0000;30/12/2026
ERN - HOSPITAL DR JOSÉ PEDRO BEZERRA DE NATAL;925778;1418;Material;925778-9/2026;material permanente;Catálogo do Compras.gov.br;Material;6515;INSTRUMENTOS, EQUIPAMENTOS E SUPRIMENTOS MÉDICOS  E  CIRÚRGICOS;2048;MATERIAL P/ VNI - CPAP / BIPAP;454164;MATERIAL*: SILICONE, TAMANHO*: NEONATAL Nº 2, TIPO 1: PRONGA NASAL;UN;12,0000;44,6500;535,8000;0,0000;30/12/2026
ERN - HOSPITAL DR JOSÉ PEDRO BEZERRA DE NATAL;925778;1419;Material;925778-9/2026;material permanente;Catálogo do Compras.gov.br;Material;7125;ARMÁRIOS E ESTANTES;334;ESTANTE METÁLICA;463411;ALTURA: 2,00, COR: CINZA, LARGURA: 0,925, MATERIAL: AÇO, PROFUNDIDADE: 0,585, QUANTIDADE PRATELEIRAS: 4, TIPO PRATELEIRAS: REGULÁVEIS;UN;500,0000;600,0000;300000,0000;0,0000;30/12/2026
ERN - HOSPITAL DR JOSÉ PEDRO BEZERRA DE NATAL;925778;1420;Material;925778-9/2026;material permanente;Catálogo do Compras.gov.br;Material;6530;MOBILIÁRIO, EQUIPAMENTOS, UTENSÍLIOS E  SUPRIMENTOS  HOSPITALARES;318;MESA MICROCOMPUTADOR;347199;COR: MARFIM, ESPESSURA TAMPO: 25, FORMATO: "L", LARGURA MAIOR: 1400 X 600, LARGURA MENOR: 1400 X 600, MATERIAL ESTRUTURA: MDF, REVESTIMENTO TAMPO: LAMINADO MELAMÍNICO, TIPO BASE TECLADO: RETRÁTIL;UN;100,0000;1600,0000;160000,0000;0,0000;30/12/2026
ERN - HOSPITAL DR JOSÉ PEDRO BEZERRA DE NATAL;925778;1421;Material;925778-9/2026;material permanente;Catálogo do Compras.gov.br;Material;6530;MOBILIÁRIO, EQUIPAMENTOS, UTENSÍLIOS E  SUPRIMENTOS  HOSPITALARES;318;MESA MICROCOMPUTADOR;253935;ACABAMENTO ESTRUTURA: PINTURA EM EPÓXI, ALTURA: 0,75, CARACTERÍSTICAS ADICIONAIS: COM SUPORTE PARA CPU, COR REVESTIMENTO: CINZA, LARGURA: 1,00, MATERIAL ESTRUTURA: METÁLICA, MATERIAL TAMPO: MADEIRA AGLOMERADA, POSIÇÃO BASE TECLADO: CENTRAL, PROFUNDIDADE: 0,68, REVESTIMENTO TAMPO: LAMINADO MELAMÍNICO, TIPO BASE TECLADO: RETRÁTIL;UN;50,0000;1370,0000;68500,0000;0,0000;30/12/2026
ERN - HOSPITAL DR JOSÉ PEDRO BEZERRA DE NATAL;925778;1422;Material;925778-9/2026;material permanente;Catálogo do Compras.gov.br;Material;6515;INSTRUMENTOS, EQUIPAMENTOS E SUPRIMENTOS MÉDICOS  E  CIRÚRGICOS;18015;PEÇA EQUIPAMENTO MÉDICO;626200;COMPATÍVEL: COMPATÍVEL C/ VENTILADOR PULMONAR, FUNÇÃO: P/ CASSETE EXPIRATÓRIO, TIPO 1: DIAFRAGMA / MEMBRANA;UN;12,0000;655,5000;7866,0000;0,0000;30/12/2026
ERN - HOSPITAL DR JOSÉ PEDRO BEZERRA DE NATAL;925778;1423;Material;925778-9/2026;material permanente;Catálogo do Compras.gov.br;Material;6515;INSTRUMENTOS, EQUIPAMENTOS E SUPRIMENTOS MÉDICOS  E  CIRÚRGICOS;15369;LÂMINA LARINGOSCÓPIO;468458;ESTERILIDADE: ESTÉRIL, USO ÚNICO, MATERIAL: POLÍMERO, MODELO: COMPATÍVEL C/ VÍDEOLARINGOSCÓPIO, TAMANHO: Nº 1, TIPO: CURVA;UN;12,0000;410,9900;4931,8800;0,0000;30/12/2026
ERN - HOSPITAL DR JOSÉ PEDRO BEZERRA DE NATAL;925778;1424;Material;925778-9/2026;material permanente;Catálogo do Compras.gov.br;Material;6515;INSTRUMENTOS, EQUIPAMENTOS E SUPRIMENTOS MÉDICOS  E  CIRÚRGICOS;15369;LÂMINA LARINGOSCÓPIO;617103;ESTERILIDADE: ESTÉRIL, USO ÚNICO, MATERIAL: POLÍMERO, MODELO: COMPATÍVEL C/ VÍDEOLARINGOSCÓPIO, TAMANHO: Nº 2, TIPO: CURVA;UN;12,0000;410,9900;4931,8800;0,0000;30/12/2026
ERN - HOSPITAL DR JOSÉ PEDRO BEZERRA DE NATAL;925778;1425;Material;925778-9/2026;material permanente;Catálogo do Compras.gov.br;Material;6515;INSTRUMENTOS, EQUIPAMENTOS E SUPRIMENTOS MÉDICOS  E  CIRÚRGICOS;15369;LÂMINA LARINGOSCÓPIO;468459;ESTERILIDADE: ESTÉRIL, USO ÚNICO, MATERIAL: POLÍMERO, MODELO: COMPATÍVEL C/ VÍDEOLARINGOSCÓPIO, TAMANHO: Nº 3, TIPO: CURVA;UN;12,0000;410,9900;4931,8800;0,0000;30/12/2026
ERN - HOSPITAL DR JOSÉ PEDRO BEZERRA DE NATAL;925778;1426;Material;925778-9/2026;material permanente;Catálogo do Compras.gov.br;Material;6515;INSTRUMENTOS, EQUIPAMENTOS E SUPRIMENTOS MÉDICOS  E  CIRÚRGICOS;15369;LÂMINA LARINGOSCÓPIO;463368;ESTERILIDADE: ESTÉRIL, USO ÚNICO, MATERIAL: POLÍMERO, MODELO: COMPATÍVEL C/ VÍDEOLARINGOSCÓPIO, TAMANHO: Nº 4, TIPO: CURVA;UN;12,0000;410,9900;4931,8800;0,0000;30/12/2026
ERN - HOSPITAL DR JOSÉ PEDRO BEZERRA DE NATAL;925778;1427;Material;925778-9/2026;material permanente;Catálogo do Compras.gov.br;Material;6515;INSTRUMENTOS, EQUIPAMENTOS E SUPRIMENTOS MÉDICOS  E  CIRÚRGICOS;15369;LÂMINA LARINGOSCÓPIO;617104;ESTERILIDADE: ESTÉRIL, USO ÚNICO, MATERIAL: POLÍMERO, MODELO: COMPATÍVEL C/ VÍDEOLARINGOSCÓPIO, TAMANHO: Nº 5, TIPO: CURVA;UN;12,0000;410,9900;4931,8800;0,0000;30/12/2026
ERN - HOSPITAL DR JOSÉ PEDRO BEZERRA DE NATAL;925778;1428;Material;925778-9/2026;material permanente;Catálogo do Compras.gov.br;Material;6515;INSTRUMENTOS, EQUIPAMENTOS E SUPRIMENTOS MÉDICOS  E  CIRÚRGICOS;8724;LARINGOSCÓPIO;602243;COMPONENTES: C/ 6 LÂMINAS, COMPONENTES ADICIONAIS: C/CABO, MATERIAL 2: EM AÇO INOXIDÁVEL, TAMANHO CABO: INFANTIL, TIPO LÂMPADA: HALÓGENA;UN;12,0000;144,0100;1728,1200;0,0000;30/12/2026
ERN - HOSPITAL DR JOSÉ PEDRO BEZERRA DE NATAL;925778;1429;Material;925778-9/2026;material permanente;Catálogo do Compras.gov.br;Material;6515;INSTRUMENTOS, EQUIPAMENTOS E SUPRIMENTOS MÉDICOS  E  CIRÚRGICOS;6960;ESFIGMOMANÔMETRO;485445;AJUSTE: ANALÓGICO, ANERÓIDE, FAIXA DE OPERAÇÃO: ATÉ 300, MATERIAL BRAÇADEIRA: BRAÇADEIRA EM NYLON, TAMANHO: ADULTO OBESO, TIPO FECHO: FECHO EM VELCRO, TIPO*: DE BRAÇO, USO: PEDESTAL C/ RODÍZIOS;UN;12,0000;299,9900;3599,8800;0,0000;30/12/2026
ERN - HOSPITAL DR JOSÉ PEDRO BEZERRA DE NATAL;925778;1430;Material;925778-9/2026;material permanente;Catálogo do Compras.gov.br;Material;7030;EQUIPAMENTOS DE ARMAZENAMENTO DE DADOS;14300;GABINETE PARA COMPUTADOR;299958;CARACTERÍSTICAS ADICIONAIS: COM FONTE DE ALIMENTAÇÃO DE 500W, 2 COOLER DE GABI, MATERIAL: AÇO, PADRÃO: ATX, TIPO: TORRE, COM 4 BAIAS;UN;50,0000;3350,0000;167500,0000;0,0000;30/12/2026
ERN - HOSPITAL DR JOSÉ PEDRO BEZERRA DE NATAL;925778;1431;Material;925778-9/2026;material permanente;Catálogo do Compras.gov.br;Material;7030;EQUIPAMENTOS DE ARMAZENAMENTO DE DADOS;14300;GABINETE PARA COMPUTADOR;486616;CARACTERÍSTICAS ADICIONAIS: COM FONTE DE ALIMENTAÇÃO DE 200W, MATERIAL: AÇO, PADRÃO: ATX, TIPO: TORRE COM NO MÍNIMO 2 BAIAS;UN;50,0000;2740,0000;137000,0000;0,0000;30/12/2026
ERN - HOSPITAL DR JOSÉ PEDRO BEZERRA DE NATAL;925778;1432;Material;925778-9/2026;material permanente;Catálogo do Compras.gov.br;Material;7195;MOBILIÁRIOS DIVERSOS E ACESSÓRIOS;12370;SUPORTE / NOBREAK;239501;ACABAMENTO: PINTURA EM EPÓXI-PÓ, NA COR PRETO FOSCO, CARACTERÍSTICAS ADICIONAIS: TIPO TORRE, COM RODIZIOS, DIAMETRO TUBO: 3/4 POLEGADAS, MATERIAL: TUBO AÇO;UN;40,0000;76,0000;3040,0000;0,0000;30/12/2026
ERN - HOSPITAL DR JOSÉ PEDRO BEZERRA DE NATAL;925778;1433;Material;925778-9/2026;material permanente;Catálogo do Compras.gov.br;Material;6515;INSTRUMENTOS, EQUIPAMENTOS E SUPRIMENTOS MÉDICOS  E  CIRÚRGICOS;11700;REANIMADOR MANUAL;456412;CAPACIDADE BALÃO: CERCA 1,5, COMPONENTE 1: MÁSCARA PLÁSTICO RÍGIDO C/ COXIM SILICONE, MATERIAL BALÃO: SILICONE, TAMANHOS: ADULTO, TIPO VÁLVULA: VÁLVULA UNIDIRECIONAL POP OFF CERCA 60 CMH2O;UN;12,0000;295,0000;3540,0000;0,0000;30/12/2026
ERN - HOSPITAL DR JOSÉ PEDRO BEZERRA DE NATAL;925778;1434;Material;925778-9/2026;material permanente;Catálogo do Compras.gov.br;Material;6515;INSTRUMENTOS, EQUIPAMENTOS E SUPRIMENTOS MÉDICOS  E  CIRÚRGICOS;11700;REANIMADOR MANUAL;456411;CAPACIDADE BALÃO: CERCA 250, COMPONENTE 1: MÁSCARA PLÁSTICO RÍGIDO C/ COXIM SILICONE, COMPONENTE 2: RESERVATÓRIO DE O2 EM PLÁSTICO C/ VÁLVULA, COMPONENTES 3: ENTRADA DE O2 E EXTENSOR PVC, MATERIAL BALÃO: SILICONE, TAMANHOS: NEONATAL, TIPO VÁLVULA: VÁLVULA UNIDIRECIONAL POP OFF CERCA 40 CMH20;UN;12,0000;149,9000;1798,8000;0,0000;30/12/2026
ERN - HOSPITAL DR JOSÉ PEDRO BEZERRA DE NATAL;925778;1435;Material;925778-9/2026;material permanente;Catálogo do Compras.gov.br;Material;7110;MOBILIÁRIO PARA ESCRITÓRIO;16315;CADEIRA SOBRE LONGARINA;364039;ACABAMENTO SUPERFICIAL LONGARINA: PINTURA ELETROSTÁTICA EM EPÓXI-PÓ, CARACTERÍSTICAS ADICIONAIS: SEM BRAÇO, COMPRIMENTO LONGARINA: APROXIMADAMENTE 1,65, COR: CINZA, COR LONGARINA: PRATA, LARGURA LONGARINA: APROXIMADAMENTE 63, MATERIAL ASSENTO E ENCOSTO: POLIPROPILENO, MATERIAL ESTRUTURA: TUBO AÇO, QUANTIDADE ASSENTOS: 3;UN;30,0000;360,8100;10824,3000;0,0000;30/12/2026
ERN - HOSPITAL DR JOSÉ PEDRO BEZERRA DE NATAL;925778;1436;Material;925778-9/2026;material permanente;Catálogo do Compras.gov.br;Material;7110;MOBILIÁRIO PARA ESCRITÓRIO;16315;CADEIRA SOBRE LONGARINA;358914;ACABAMENTO SUPERFICIAL LONGARINA: PINTURA ELETROSTÁTICA EM EPÓXI, CARACTERÍSTICAS ADICIONAIS: PRANCHETA ESCAMOTEÁVEL, COMPRIMENTO LONGARINA: 1,80, COR LONGARINA: PRETA FOSCA, LARGURA LONGARINA: 58, MATERIAL ASSENTO E ENCOSTO: ESPUMA POLIURETANO INJETADO, MATERIAL ESTRUTURA: AÇO, MATERIAL REVESTIMENTO ASSENTO E ENCOSTO: TECIDO, QUANTIDADE ASSENTOS: 3;UN;10,0000;2412,0000;24120,0000;0,0000;30/12/2026
ERN - HOSPITAL DR JOSÉ PEDRO BEZERRA DE NATAL;925778;1437;Material;925778-9/2026;material permanente;Catálogo do Compras.gov.br;Material;7125;ARMÁRIOS E ESTANTES;15290;ARMÁRIO;603765;ALTURA: 1,0, CARACTERÍSTICAS ADICIONAIS: FECHADURA FRONTAL, ESPESSURA: 25, LARGURA: 0,80, MATERIAL: MDP, PROFUNDIDADE: 0,50, QUANTIDADE PORTAS: 2, QUANTIDADE PRATELEIRAS: 02 INTERNAS REGULÁVEIS, REVESTIMENTO: LAMINADO MELAMÍNICO BAIXA PRESSÃO, TIPO: MÉDIO, TIPO PORTAS: COM FECHADURA;UN;20,0000;1348,0000;26960,0000;0,0000;30/12/2026
ERN - HOSPITAL DR JOSÉ PEDRO BEZERRA DE NATAL;925778;1438;Material;925778-9/2026;material permanente;Catálogo do Compras.gov.br;Material;6110;EQUIPAMENTOS DE CONTROLE ELÉTRICO;7068;ESTABILIZADOR TENSÃO;620708;AUTONOMIA BATERIA: 15 MIN A PLENA CARGA, CAPACIDADE: 600, QUANTIDADE TOMADAS SAÍDA: 4, TENSÃO ALIMENTAÇÃO ENTRADA: 115/220, TIPO: NOBREAK;UN;15,0000;618,0000;9270,0000;0,0000;30/12/2026
ERN - HOSPITAL DR JOSÉ PEDRO BEZERRA DE NATAL;925778;1439;Material;925778-9/2026;material permanente;Catálogo do Compras.gov.br;Material;6110;EQUIPAMENTOS DE CONTROLE ELÉTRICO;7068;ESTABILIZADOR TENSÃO;463246;APLICAÇÃO: MICROCOMPUTADOR, CAPACIDADE NOMINAL: 300, FREQÜÊNCIA: 50/60, QUANTIDADE FASES: MONOFÁSICO, QUANTIDADE TOMADAS SAÍDA: 4, TENSÃO ALIMENTAÇÃO ENTRADA: 115, TENSÃO SAÍDA: 115, TIPO: MICROPROCESSADO;UN;50,0000;217,4400;10872,0000;0,0000;30/12/2026
ERN - HOSPITAL DR JOSÉ PEDRO BEZERRA DE NATAL;925778;1440;Material;925778-9/2026;material permanente;Catálogo do Compras.gov.br;Material;7020;IMPRESSORAS;226;IMPRESSORA MULTIFUNCIONAL;615988;CAPACIDADE MÍNIMA BANDEJA: 100, CARACTERÍSTICAS ADICIONAIS: POLICROMÁTICA, IMPRESSÃO FRENTE E VERSO AUTOMÁTICA, CONECTIVIDADE: USB 2.0 E ETHERNET GIGABIT, RESOLUÇÃO IMPRESSÃO: 1200 X 1200, TENSÃO ALIMENTAÇÃO: 220, TIPO IMPRESSÃO: LASER, TIPO PAPEL: A3/A4/A5/A6/OFÍCIO/DUPLO CARTA/LEGAL, VELOCIDADE IMPRESSÃO COLORIDA: 25, VELOCIDADE IMPRESSÃO PRETO E BRANCO: 30;UN;30,0000;2599,0000;77970,0000;0,0000;30/12/2026
ERN - HOSPITAL DR JOSÉ PEDRO BEZERRA DE NATAL;925778;1441;Material;925778-9/2026;material permanente;Catálogo do Compras.gov.br;Material;7020;IMPRESSORAS;226;IMPRESSORA MULTIFUNCIONAL;445004;CAPACIDADE MEMÓRIA: 256, CAPACIDADE MÍNIMA BANDEJA: 250, CAPACIDADE REDUÇÃO AMPLIAÇÃO: 400%/25%, CARACTERÍSTICAS ADICIONAIS: MONOCROMÁTICA FRENTE/VERSO, COMPATIBILIDADE: MAC OSX,WINDOWS 7/8/10,VISTA,XP,LINUX, CONECTIVIDADE: REDE RJ45,FAX RJ11,USB 2.0, FREQUÊNCIA: 50/60, RESOLUÇÃO COPIADORA: 1200X1600, RESOLUÇÃO IMPRESSÃO: 1200 X 1200, RESOLUÇÃO SCANNER: 1200X1600, TENSÃO ALIMENTAÇÃO: 110, TIPO IMPRESSÃO: LASER, TIPO PAPEL: CARTA, OFÍCIO, A4, EXECUTIVO, VELOCIDADE IMPRESSÃO PRETO E BRANCO: 42;UN;5,0000;2599,0000;12995,0000;0,0000;30/12/2026
ERN - HOSPITAL DR JOSÉ PEDRO BEZERRA DE NATAL;925778;1442;Material;925778-9/2026;material permanente;Catálogo do Compras.gov.br;Material;6530;MOBILIÁRIO, EQUIPAMENTOS, UTENSÍLIOS E  SUPRIMENTOS  HOSPITALARES;14302;FONTE ALIMENTAÇÃO ININTERRUPTA;610759;AUTONOMIA BATERIA: 30 MIN A PLENA CARGA, BATERIA: BANCO DE BATERIAS SELADAS, CAPACIDADE NOMINAL: 10, FATOR DE CRISTA: 3:1, FATOR POTÊNCIA: 0,80, FREQUÊNCIA: 47-63, GABINETE: AÇO, NÚMERO DE FASES: BIFÁSICO (F+F+T)OU MONOFÁSICO (F+N+T), SOFTWARE: COM SOFTWARE DE GERENCIAMENTO EM PORTUGUÊS, TEMPO RECARGA: <=10, TENSÃO ENTRADA: 220, TENSÃO SAÍDA: 127/220, TIPO: NO-BREAK, TIPO ALARME: AUDIOVISUAL, TIPO ESTABILIZADOR INTERNO: DUPLA CONVERSÃO, TRUE ON-LINE, TIPO ONDA: SENOIDAL PURA, VARIAÇÃO ENTRADA: -20/+15% A PLENA CARGA, VARIAÇÃO SAÍDA: +/- 1%;UN;1,0000;2000,0000;2000,0000;0,0000;30/12/2026
ERN - HOSPITAL DR JOSÉ PEDRO BEZERRA DE NATAL;925778;1443;Material;925778-9/2026;material permanente;Catálogo do Compras.gov.br;Material;6530;MOBILIÁRIO, EQUIPAMENTOS, UTENSÍLIOS E  SUPRIMENTOS  HOSPITALARES;14302;FONTE ALIMENTAÇÃO ININTERRUPTA;483856;AUTONOMIA BATERIA: 10 MINUTOS, BATERIA: SELADAS, REGULADAS P/ VÁLVULAS (VRLA), CAPACIDADE NOMINAL: 3 KVA, FREQUÊNCIA: 60, NÚMERO DE FASES: MONOFÁSICO, TENSÃO ENTRADA: 220, TENSÃO SAÍDA: 127/220, TIPO: NO-BREAK, TIPO ALARME: SONORO,ÁUDIO-VISUAL E LED INDICADOR PAINEL FRONTAL, TIPO ESTABILIZADOR INTERNO: DUPLA CONVERSÃO,TRAFO ISOLADOR, PROTEÇÃO ELETRÔNIC, TIPO ONDA: SENOIDAL;UN;2,0000;2000,0000;4000,0000;0,0000;30/12/2026
ERN - HOSPITAL DR JOSÉ PEDRO BEZERRA DE NATAL;925778;1444;Material;925778-9/2026;material permanente;Catálogo do Compras.gov.br;Material;6530;MOBILIÁRIO, EQUIPAMENTOS, UTENSÍLIOS E  SUPRIMENTOS  HOSPITALARES;14302;FONTE ALIMENTAÇÃO ININTERRUPTA;399705;AUTONOMIA BATERIA: 30 MIN A PLENA CARGA, BATERIA: BANCO DE BATERIAS SELADAS RECARGA DE 10 HORAS, CAPACIDADE NOMINAL: 3, CARACTERÍSTICAS ADICIONAIS 1: CHAPA DE AÇO, COMPONENTES: TRANSITORES IGBT, DISPLAY, RÉGUA DE BORNES E BYPAS, FREQUÊNCIA: 20, NORMAS TÉCNICAS: EM CONFORMIDADE COM NORMAS DA ABNT, NÚMERO DE FASES: BIFÁSICO (2F+N+T), TENSÃO ENTRADA: 127/220 (FN/FF), TENSÃO SAÍDA: 115/230 (FN/FF), TIPO: TECNOL.DSP (PROCESSADOR DIGINAL DE SINAL),DUPLA CO, TIPO ONDA: SENOIDAL PURA;UN;1,0000;2000,0000;2000,0000;0,0000;30/12/2026
ERN - HOSPITAL DR JOSÉ PEDRO BEZERRA DE NATAL;925778;1445;Material;925778-9/2026;material permanente;Catálogo do Compras.gov.br;Material;6530;MOBILIÁRIO, EQUIPAMENTOS, UTENSÍLIOS E  SUPRIMENTOS  HOSPITALARES;14302;FONTE ALIMENTAÇÃO ININTERRUPTA;368447;AUTONOMIA BATERIA: 30 MIN A PLENA CARGA, BATERIA: SELADA, CAPACIDADE NOMINAL: 2, CARACTERÍSTICAS ADICIONAIS: CHAVEAMENTO MANUAL PARA TENSÃO DE SAÍDA, COMPONENTES: 4 TOMADAS TRIPOLARES ESTABILIZADAS, TENSÃO ENTRADA: 110/220, TENSÃO SAÍDA: 110/220, VARIAÇÃO ENTRADA: +/-15% 110V (93,5 A 126,5) E 220V (253), VARIAÇÃO SAÍDA: +/- 5%;UN;1,0000;1500,0000;1500,0000;0,0000;30/12/2026
ERN - HOSPITAL DR JOSÉ PEDRO BEZERRA DE NATAL;925778;1446;Material;925778-9/2026;material permanente;Catálogo do Compras.gov.br;Material;6530;MOBILIÁRIO, EQUIPAMENTOS, UTENSÍLIOS E  SUPRIMENTOS  HOSPITALARES;14302;FONTE ALIMENTAÇÃO ININTERRUPTA;373404;APLICAÇÃO: UTILIZAÇÃO EM SERVIDORES DO COREN-MT, CAPACIDADE NOMINAL: 3, CARACTERÍSTICAS ADICIONAIS: ON-LINE DUPLA CONVERSÃO/AUTONOMIA DE 30 MINUTOS EM, COMPONENTES: 8 TOMADAS DE SAÍDA, TENSÃO ENTRADA: 110/220, TENSÃO SAÍDA: 110/220, TIPO ONDA: SENOIDAL, VARIAÇÃO ENTRADA: 5%;UN;1,0000;2000,0000;2000,0000;0,0000;30/12/2026
ERN - HOSPITAL DR JOSÉ PEDRO BEZERRA DE NATAL;925778;1447;Material;925778-9/2026;material permanente;Catálogo do Compras.gov.br;Material;6530;MOBILIÁRIO, EQUIPAMENTOS, UTENSÍLIOS E  SUPRIMENTOS  HOSPITALARES;14302;FONTE ALIMENTAÇÃO ININTERRUPTA;375757;APLICAÇÃO: INFORMÁTICA, CAPACIDADE NOMINAL: 1,4, CARACTERÍSTICAS ADICIONAIS: NO-BREAK MÉDIO PORTE BIVOLT ATUALIZADO PELO COSINT, TENSÃO ENTRADA: 115/230, TENSÃO SAÍDA: 115, VARIAÇÃO ENTRADA: 25% (MÍNIMO);UN;2,0000;1000,0000;2000,0000;0,0000;30/12/2026
ERN - HOSPITAL DR JOSÉ PEDRO BEZERRA DE NATAL;925778;1448;Material;925778-9/2026;material permanente;Catálogo do Compras.gov.br;Material;6515;INSTRUMENTOS, EQUIPAMENTOS E SUPRIMENTOS MÉDICOS  E  CIRÚRGICOS;10354;PAPEL PARA IMPRESSÃO DE EXAMES - USO HOSPITALAR;454803;APLICAÇÃO*: P/ CARDIOTOCÓGRAFO, APRESENTAÇÃO: FORMULÁRIO CONTÍNUO, DOBRA EM "Z", COMPATIBILIDADE: COMPATIBILIDADE C/ EQUIPAMENTO, DIMENSÕES: CERCA 150 X 90, MATERIAL: TERMOSENSÍVEL;UN;200,0000;35,0000;7000,0000;0,0000;30/12/2026
ERN - HOSPITAL DR JOSÉ PEDRO BEZERRA DE NATAL;925778;1449;Material;925778-9/2026;material permanente;Catálogo do Compras.gov.br;Material;6650;INSTRUMENTOS ÓTICOS, EQUIPAMENTOS DE TESTE, COMPONENTES  E ACESSÓRIOS;30265;CABO P/ MONITORIZAÇÃO DE ECG;621958;CONECTOR: COMPATÍVEL COM EQUIPAMENTO, ESTERILIDADE: REUSÁVEL, MATERIAL: BORRACHA SINTÉTICA, MODELO: PACIENTE, NÚMERO VIAS: 3 VIAS;UN;36,0000;501,6000;18057,6000;0,0000;30/12/2026
ERN - HOSPITAL DR JOSÉ PEDRO BEZERRA DE NATAL;925778;1450;Material;925778-9/2026;material permanente;Catálogo do Compras.gov.br;Material;6650;INSTRUMENTOS ÓTICOS, EQUIPAMENTOS DE TESTE, COMPONENTES  E ACESSÓRIOS;30265;CABO P/ MONITORIZAÇÃO DE ECG;621957;COMPRIMENTO: CERCA DE 3, CONECTOR: COMPATÍVEL COM EQUIPAMENTO, ESTERILIDADE: REUSÁVEL, MATERIAL: LÁTEX NATURAL, MODELO: COMPLETO TRONCO PACIENTE, NÚMERO VIAS: 5 VIAS;UN;36,0000;499,6000;17985,6000;0,0000;30/12/2026
ERN - HOSPITAL DR JOSÉ PEDRO BEZERRA DE NATAL;925778;1630;Material;925778-7/2026;Material uso consumo nutrição;Catálogo do Compras.gov.br;Material;7330;UTENSÍLIOS E FERRAMENTAS MANUAIS DE COZINHA;12474;TACHO;397285;ALTURA: 19, CAPACIDADE: 20, CARACTERÍSTICAS ADICIONAIS: COM ORLA E 2 ALÇAS, DIÂMETRO BOCA: 45, MATERIAL: ALUMÍNIO;UN;6,0000;190,0000;1140,0000;0,0000;31/12/2026
ERN - HOSPITAL DR JOSÉ PEDRO BEZERRA DE NATAL;925778;1451;Material;925778-9/2026;material permanente;Catálogo do Compras.gov.br;Material;6650;INSTRUMENTOS ÓTICOS, EQUIPAMENTOS DE TESTE, COMPONENTES  E ACESSÓRIOS;30265;CABO P/ MONITORIZAÇÃO DE ECG;621953;COMPRIMENTO: CERCA DE 3, CONECTOR: COMPATÍVEL COM EQUIPAMENTO, ESTERILIDADE: REUSÁVEL, MATERIAL: BORRACHA SINTÉTICA, MODELO: COMPLETO TRONCO PACIENTE, NÚMERO VIAS: 10 VIAS;UN;36,0000;499,6000;17985,6000;0,0000;30/12/2026
ERN - HOSPITAL DR JOSÉ PEDRO BEZERRA DE NATAL;925778;1452;Material;925778-9/2026;material permanente;Catálogo do Compras.gov.br;Material;6530;MOBILIÁRIO, EQUIPAMENTOS, UTENSÍLIOS E  SUPRIMENTOS  HOSPITALARES;12668;TERMÔMETRO;477906;ALIMENTAÇÃO: PILHA, APLICAÇÃO: MEDIÇÃO DE TEMPERATURA EM AMBIENTES, CARACTERÍSTICAS ADICIONAIS: BOTÃO LIGA/DESLIGA, CABO EXTENSOR COM MÍNIMO 2M, FAIXA MEDIÇÃO TEMPERATURA: INTERNA (-20/+70°C) E EXTERNA (-50/+70°C), MATERIAL: PLÁSTICO, TIPO: DIGITAL;CX;1,0000;98,9000;98,9000;0,0000;30/12/2026
ERN - HOSPITAL DR JOSÉ PEDRO BEZERRA DE NATAL;925778;1453;Material;925778-9/2026;material permanente;Catálogo do Compras.gov.br;Material;6530;MOBILIÁRIO, EQUIPAMENTOS, UTENSÍLIOS E  SUPRIMENTOS  HOSPITALARES;12668;TERMÔMETRO;441020;APLICAÇÃO: ESTUFA, CARACTERÍSTICAS ADICIONAIS: CAPILAR, ESCALA INTERNA, DIMENSÕES:150MM/120MM/7MM, ELEMENTO EXPANSÃO: MERCÚRIO, FAIXA MEDIÇÃO TEMPERATURA: -10 À 260, MATERIAL: VIDRO, PRECISÃO: +/- 2, TIPO: ANALÓGICO;UN;12,0000;85,0000;1020,0000;0,0000;30/12/2026
ERN - HOSPITAL DR JOSÉ PEDRO BEZERRA DE NATAL;925778;1454;Material;925778-9/2026;material permanente;Catálogo do Compras.gov.br;Material;6515;INSTRUMENTOS, EQUIPAMENTOS E SUPRIMENTOS MÉDICOS  E  CIRÚRGICOS;19802;INSTRUMENTAL P/ ENDOSCÓPIO;624666;COMPONENTE 2: MANOPLA, DIMENSÃO: P/ CANAL CERCA DE 2,0 MM X 230 CM, ESTERILIDADE: ESTÉRIL, USO ÚNICO, HASTE: HASTE S/ ISOLAMENTO, TIPO: RETIRADA DE CORPO ESTRANHO, TIPO FIO: AÇO INOXIDÁVEL, TIPO PONTA: DENTE DE RATO;UN;10,0000;230,0000;2300,0000;0,0000;30/12/2026
ERN - HOSPITAL DR JOSÉ PEDRO BEZERRA DE NATAL;925778;1455;Material;925778-9/2026;material permanente;Catálogo do Compras.gov.br;Material;6515;INSTRUMENTOS, EQUIPAMENTOS E SUPRIMENTOS MÉDICOS  E  CIRÚRGICOS;19802;INSTRUMENTAL P/ ENDOSCÓPIO;624665;COMPONENTE 2: MANOPLA, DIMENSÃO: P/ CANAL CERCA DE 2,0 MM X 230 CM, ESTERILIDADE: ESTÉRIL, USO ÚNICO, HASTE: HASTE S/ ISOLAMENTO, TIPO: RETIRADA DE CORPO ESTRANHO, TIPO FIO: AÇO INOXIDÁVEL, TIPO PONTA: JACARÉ;UN;10,0000;230,0000;2300,0000;0,0000;30/12/2026
ERN - HOSPITAL DR JOSÉ PEDRO BEZERRA DE NATAL;925778;1456;Material;925778-9/2026;material permanente;Catálogo do Compras.gov.br;Material;6515;INSTRUMENTOS, EQUIPAMENTOS E SUPRIMENTOS MÉDICOS  E  CIRÚRGICOS;19802;INSTRUMENTAL P/ ENDOSCÓPIO;621917;COMPONENTE 2: MANOPLA, DIMENSÃO: P/ CANAL CERCA DE 2,8 MM X 160 CM, ESTERILIDADE: ESTÉRIL, USO ÚNICO, HASTE: HASTE S/ ISOLAMENTO, TIPO: RETIRADA DE CORPO ESTRANHO, TIPO FIO: FIO NITINOL, TIPO PONTA: COM 3 GARRAS;UN;10,0000;250,0000;2500,0000;0,0000;30/12/2026
ERN - HOSPITAL DR JOSÉ PEDRO BEZERRA DE NATAL;925778;1457;Material;925778-9/2026;material permanente;Catálogo do Compras.gov.br;Material;6515;INSTRUMENTOS, EQUIPAMENTOS E SUPRIMENTOS MÉDICOS  E  CIRÚRGICOS;19802;INSTRUMENTAL P/ ENDOSCÓPIO;621916;DIMENSÃO: P/ CANAL CERCA DE 2,0 MM X 200 CM, ESTERILIDADE: ESTÉRIL, USO ÚNICO, TIPO: CATETER SPRAY, TIPO PONTA: P/ PULVERIZAR SOLUÇÃO;UN;10,0000;200,0000;2000,0000;0,0000;30/12/2026
ERN - HOSPITAL DR JOSÉ PEDRO BEZERRA DE NATAL;925778;1458;Material;925778-9/2026;material permanente;Catálogo do Compras.gov.br;Material;6515;INSTRUMENTOS, EQUIPAMENTOS E SUPRIMENTOS MÉDICOS  E  CIRÚRGICOS;19802;INSTRUMENTAL P/ ENDOSCÓPIO;621908;COMPONENTE 2: MANOPLA, DIMENSÃO: CERCA DE 9 FR X 50 CM, ESTERILIDADE: ESTERILIZÁVEL, HASTE: HASTE S/ ISOLAMENTO, TIPO: RETIRADA DE CORPO ESTRANHO, TIPO FIO: AÇO INOXIDÁVEL, TIPO PONTA: SERRILHADA C/ FENESTRA;UN;10,0000;200,0000;2000,0000;0,0000;30/12/2026
ERN - HOSPITAL DR JOSÉ PEDRO BEZERRA DE NATAL;925778;1459;Material;925778-9/2026;material permanente;Catálogo do Compras.gov.br;Material;6515;INSTRUMENTOS, EQUIPAMENTOS E SUPRIMENTOS MÉDICOS  E  CIRÚRGICOS;19802;INSTRUMENTAL P/ ENDOSCÓPIO;617315;COMPONENTE 2: MANOPLA, DIMENSÃO: P/ CANAL CERCA DE 2,8 MM X 230 CM, ESTERILIDADE: ESTÉRIL, USO ÚNICO, HASTE: HASTE S/ ISOLAMENTO, TIPO: RETIRADA DE CORPO ESTRANHO, TIPO FIO: AÇO INOXIDÁVEL, TIPO PONTA: JACARÉ C/ DENTE DE RATO;UN;10,0000;250,0000;2500,0000;0,0000;30/12/2026
ERN - HOSPITAL DR JOSÉ PEDRO BEZERRA DE NATAL;925778;1460;Material;925778-9/2026;material permanente;Catálogo do Compras.gov.br;Material;6515;INSTRUMENTOS, EQUIPAMENTOS E SUPRIMENTOS MÉDICOS  E  CIRÚRGICOS;19802;INSTRUMENTAL P/ ENDOSCÓPIO;607567;COMPONENTE 2: MANOPLA C/ CONEXÃO P/ BISTURI ELÉTRICO, DIMENSÃO: P/ CANAL CERCA DE 2,8 MM X 160 CM, DIÂMETRO PONTA: CERCA DE 1, ESTERILIDADE: ESTÉRIL, USO ÚNICO, HASTE: HASTE ISOLADA, TIPO: SONDA, TIPO FIO: AÇO INOXIDÁVEL, TIPO PONTA: OVAL;UN;10,0000;300,0000;3000,0000;0,0000;30/12/2026
ERN - HOSPITAL DR JOSÉ PEDRO BEZERRA DE NATAL;925778;1461;Material;925778-9/2026;material permanente;Catálogo do Compras.gov.br;Material;6515;INSTRUMENTOS, EQUIPAMENTOS E SUPRIMENTOS MÉDICOS  E  CIRÚRGICOS;19802;INSTRUMENTAL P/ ENDOSCÓPIO;606302;COMPONENTE 2: MANOPLA C/ CONEXÃO P/ BISTURI ELÉTRICO, DIMENSÃO: P/ CANAL CERCA DE 2,8 MM X 230 CM, DIÂMETRO PONTA: CERCA DE 30, ESTERILIDADE: ESTÉRIL, USO ÚNICO, HASTE: HASTE ISOLADA, TIPO: ALÇA POLIPECTOMIA, TIPO FIO: FIO AÇO INOXIDÁVEL, MONOFILAMENTAR, TIPO PONTA: HEXAGONAL;UN;20,0000;120,0000;2400,0000;0,0000;30/12/2026
ERN - HOSPITAL DR JOSÉ PEDRO BEZERRA DE NATAL;925778;1462;Material;925778-9/2026;material permanente;Catálogo do Compras.gov.br;Material;6515;INSTRUMENTOS, EQUIPAMENTOS E SUPRIMENTOS MÉDICOS  E  CIRÚRGICOS;19802;INSTRUMENTAL P/ ENDOSCÓPIO;601323;COMPONENTE 2: MANOPLA, DIMENSÃO: P/ CANAL CERCA DE 2,8 MM X 160 CM, ESTERILIDADE: ESTÉRIL, USO ÚNICO, HASTE: HASTE S/ ISOLAMENTO, TIPO: RETIRADA DE CORPO ESTRANHO, TIPO FIO: AÇO INOXIDÁVEL, TIPO PONTA: COM 3 GARRAS;UN;10,0000;1800,0000;18000,0000;0,0000;30/12/2026
ERN - HOSPITAL DR JOSÉ PEDRO BEZERRA DE NATAL;925778;1463;Material;925778-9/2026;material permanente;Catálogo do Compras.gov.br;Material;6515;INSTRUMENTOS, EQUIPAMENTOS E SUPRIMENTOS MÉDICOS  E  CIRÚRGICOS;19802;INSTRUMENTAL P/ ENDOSCÓPIO;601065;COMPONENTE 2: MANOPLA, DIMENSÃO: P/ CANAL CERCA DE 2,8 MM X 230 CM, ESTERILIDADE: ESTERILIZÁVEL, HASTE: HASTE S/ ISOLAMENTO, TIPO: TESOURA, TIPO FIO: AÇO INOXIDÁVEL, TIPO PONTA: RETA;UN;10,0000;3000,0000;30000,0000;0,0000;30/12/2026
ERN - HOSPITAL DR JOSÉ PEDRO BEZERRA DE NATAL;925778;1464;Material;925778-9/2026;material permanente;Catálogo do Compras.gov.br;Material;6515;INSTRUMENTOS, EQUIPAMENTOS E SUPRIMENTOS MÉDICOS  E  CIRÚRGICOS;19802;INSTRUMENTAL P/ ENDOSCÓPIO;601064;COMPONENTE 2: MANOPLA, DIMENSÃO: P/ CANAL CERCA DE 2,8 MM X 160 CM, ESTERILIDADE: ESTERILIZÁVEL, HASTE: HASTE S/ ISOLAMENTO, TIPO: TESOURA, TIPO FIO: AÇO INOXIDÁVEL, TIPO PONTA: RETA;UN;10,0000;3000,0000;30000,0000;0,0000;30/12/2026
ERN - HOSPITAL DR JOSÉ PEDRO BEZERRA DE NATAL;925778;1465;Material;925778-9/2026;material permanente;Catálogo do Compras.gov.br;Material;6515;INSTRUMENTOS, EQUIPAMENTOS E SUPRIMENTOS MÉDICOS  E  CIRÚRGICOS;19802;INSTRUMENTAL P/ ENDOSCÓPIO;480797;COMPONENTE 2: MANOPLA C/ CONEXÃO P/ BISTURI ELÉTRICO, DIMENSÃO: P/ CANAL CERCA DE 2,8 MM X 230 CM, DIÂMETRO PONTA: CERCA DE 35, ESTERILIDADE: ESTÉRIL, USO ÚNICO, HASTE: HASTE ISOLADA, TIPO: ALÇA POLIPECTOMIA, TIPO FIO: FIO AÇO INOXIDÁVEL, MONOFILAMENTAR, TIPO PONTA: OVAL;UN;10,0000;3000,0000;30000,0000;0,0000;30/12/2026
ERN - HOSPITAL DR JOSÉ PEDRO BEZERRA DE NATAL;925778;1688;Material;925778-7/2026;Material uso consumo nutrição;Catálogo do Compras.gov.br;Material;7340;CUTELARIA E TALHERES;12501;TALHER DESCARTÁVEL;304509;APLICAÇÃO: REFEIÇÃO, COR: BRANCA, MATERIAL: PLÁSTICO, TIPO: GARFO;PCT;100,0000;5,0000;500,0000;0,0000;31/12/2026
ERN - HOSPITAL DR JOSÉ PEDRO BEZERRA DE NATAL;925778;1466;Material;925778-9/2026;material permanente;Catálogo do Compras.gov.br;Material;6515;INSTRUMENTOS, EQUIPAMENTOS E SUPRIMENTOS MÉDICOS  E  CIRÚRGICOS;19802;INSTRUMENTAL P/ ENDOSCÓPIO;478168;COMPONENTE 2: MANOPLA, DIMENSÃO: P/ CANAL CERCA DE 2,8 MM X 230 CM, DIÂMETRO PONTA: CERCA DE 10, ESTERILIDADE: ESTÉRIL, USO ÚNICO, HASTE: HASTE ISOLADA, TIPO: ALÇA POLIPECTOMIA, TIPO FIO: FIO AÇO INOXIDÁVEL, TRANÇADO, TIPO PONTA: REDONDA;UN;10,0000;2000,0000;20000,0000;0,0000;30/12/2026
ERN - HOSPITAL DR JOSÉ PEDRO BEZERRA DE NATAL;925778;1467;Material;925778-9/2026;material permanente;Catálogo do Compras.gov.br;Material;6515;INSTRUMENTOS, EQUIPAMENTOS E SUPRIMENTOS MÉDICOS  E  CIRÚRGICOS;19802;INSTRUMENTAL P/ ENDOSCÓPIO;478167;COMPONENTE 2: MANOPLA C/ CONEXÃO P/ BISTURI ELÉTRICO, DIMENSÃO: P/ CANAL CERCA DE 2,8 MM X 230 CM, DIÂMETRO PONTA: CERCA DE 15, ESTERILIDADE: ESTÉRIL, USO ÚNICO, HASTE: HASTE ISOLADA, TIPO: ALÇA POLIPECTOMIA, TIPO FIO: FIO AÇO INOXIDÁVEL, TRANÇADO, TIPO PONTA: OVAL;UN;10,0000;1000,0000;10000,0000;0,0000;30/12/2026
ERN - HOSPITAL DR JOSÉ PEDRO BEZERRA DE NATAL;925778;1468;Material;925778-9/2026;material permanente;Catálogo do Compras.gov.br;Material;6515;INSTRUMENTOS, EQUIPAMENTOS E SUPRIMENTOS MÉDICOS  E  CIRÚRGICOS;19802;INSTRUMENTAL P/ ENDOSCÓPIO;472465;COMPONENTE 2: MANOPLA C/ CONEXÃO P/ BISTURI ELÉTRICO, DIMENSÃO: P/ CANAL CERCA DE 2,8 MM X 230 CM, ESTERILIDADE: ESTÉRIL, USO ÚNICO, HASTE: HASTE ISOLADA, TIPO: BIÓPSIA, TIPO FIO: AÇO INOXIDÁVEL, TIPO PONTA: CONCHA;UN;10,0000;1000,0000;10000,0000;0,0000;30/12/2026
ERN - HOSPITAL DR JOSÉ PEDRO BEZERRA DE NATAL;925778;1469;Material;925778-9/2026;material permanente;Catálogo do Compras.gov.br;Material;6515;INSTRUMENTOS, EQUIPAMENTOS E SUPRIMENTOS MÉDICOS  E  CIRÚRGICOS;19802;INSTRUMENTAL P/ ENDOSCÓPIO;472293;COMPONENTE 2: MANOPLA, DIMENSÃO: P/ CANAL CERCA DE 2,0 MM X 160 CM, DIÂMETRO PONTA: CERCA DE 30, ESTERILIDADE: ESTÉRIL, USO ÚNICO, HASTE: HASTE ISOLADA, TIPO: RETIRADA DE CORPO ESTRANHO, TIPO FIO: FIO AÇO INOXIDÁVEL, C/ REDE COLETORA, TIPO PONTA: OVAL;UN;10,0000;1500,0000;15000,0000;0,0000;30/12/2026
ERN - HOSPITAL DR JOSÉ PEDRO BEZERRA DE NATAL;925778;1470;Material;925778-9/2026;material permanente;Catálogo do Compras.gov.br;Material;6515;INSTRUMENTOS, EQUIPAMENTOS E SUPRIMENTOS MÉDICOS  E  CIRÚRGICOS;19802;INSTRUMENTAL P/ ENDOSCÓPIO;470178;COMPONENTE 1: C/ INJETOR, COMPONENTE 2: MANOPLA C/ CONEXÃO P/ BISTURI ELÉTRICO, DIMENSÃO: P/ CANAL CERCA DE 2,8 MM X 160 CM, DIÂMETRO PONTA: CERCA DE 4,5, ESTERILIDADE: ESTÉRIL, USO ÚNICO, HASTE: HASTE ISOLADA, TIPO: SONDA, TIPO PONTA: PONTA FACA TRIANGULAR CORTANTE;UN;10,0000;1500,0000;15000,0000;0,0000;30/12/2026
ERN - HOSPITAL DR JOSÉ PEDRO BEZERRA DE NATAL;925778;1471;Material;925778-9/2026;material permanente;Catálogo do Compras.gov.br;Material;6515;INSTRUMENTOS, EQUIPAMENTOS E SUPRIMENTOS MÉDICOS  E  CIRÚRGICOS;19802;INSTRUMENTAL P/ ENDOSCÓPIO;469180;COMPONENTE 2: MANOPLA, DIMENSÃO: P/ CANAL CERCA DE 2,8 MM X 230 CM, DIÂMETRO PONTA: CERCA DE 50, ESTERILIDADE: ESTÉRIL, USO ÚNICO, HASTE: HASTE ISOLADA, TIPO: EXTRAÇÃO DE PÓLIPO, TIPO FIO: FIO AÇO INOXIDÁVEL, C/ REDE COLETORA, TIPO PONTA: OVAL;UN;10,0000;800,0000;8000,0000;0,0000;30/12/2026
ERN - HOSPITAL DR JOSÉ PEDRO BEZERRA DE NATAL;925778;1472;Material;925778-9/2026;material permanente;Catálogo do Compras.gov.br;Material;6515;INSTRUMENTOS, EQUIPAMENTOS E SUPRIMENTOS MÉDICOS  E  CIRÚRGICOS;19802;INSTRUMENTAL P/ ENDOSCÓPIO;467032;COMPONENTE 1: C/ INJETOR, COMPONENTE 2: MANOPLA C/ CONEXÃO P/ BISTURI ELÉTRICO, DIMENSÃO: P/ CANAL CERCA DE 2,8 MM X 180 CM, DIÂMETRO PONTA: CERCA DE 2, ESTERILIDADE: ESTÉRIL, USO ÚNICO, HASTE: HASTE ISOLADA, TIPO: SONDA, TIPO PONTA: PONTA AGULHA;UN;50,0000;900,0000;45000,0000;0,0000;30/12/2026
ERN - HOSPITAL DR JOSÉ PEDRO BEZERRA DE NATAL;925778;1473;Material;925778-9/2026;material permanente;Catálogo do Compras.gov.br;Material;6515;INSTRUMENTOS, EQUIPAMENTOS E SUPRIMENTOS MÉDICOS  E  CIRÚRGICOS;19802;INSTRUMENTAL P/ ENDOSCÓPIO;465292;COMPONENTE 2: MANOPLA C/ CONEXÃO P/ BISTURI ELÉTRICO, DIMENSÃO: P/ CANAL CERCA DE 2,0 MM X 160 CM, DIÂMETRO PONTA: CERCA DE 25, ESTERILIDADE: ESTÉRIL, USO ÚNICO, HASTE: HASTE ISOLADA, TIPO: ALÇA POLIPECTOMIA, TIPO FIO: FIO AÇO INOXIDÁVEL, MONOFILAMENTAR, TIPO PONTA: ASSIMÉTRICA;UN;10,0000;900,0000;9000,0000;0,0000;30/12/2026
ERN - HOSPITAL DR JOSÉ PEDRO BEZERRA DE NATAL;925778;1474;Material;925778-9/2026;material permanente;Catálogo do Compras.gov.br;Material;6515;INSTRUMENTOS, EQUIPAMENTOS E SUPRIMENTOS MÉDICOS  E  CIRÚRGICOS;19802;INSTRUMENTAL P/ ENDOSCÓPIO;465291;COMPONENTE 2: MANOPLA C/ CONEXÃO P/ BISTURI ELÉTRICO, DIMENSÃO: P/ CANAL CERCA DE 2,8 MM X 230 CM, DIÂMETRO PONTA: CERCA DE 20, ESTERILIDADE: ESTERILIZÁVEL, HASTE: HASTE ISOLADA, TIPO: ALÇA POLIPECTOMIA, TIPO FIO: FIO AÇO INOXIDÁVEL, MONOFILAMENTAR, TIPO PONTA: HEXAGONAL;UN;10,0000;600,0000;6000,0000;0,0000;30/12/2026
ERN - HOSPITAL DR JOSÉ PEDRO BEZERRA DE NATAL;925778;1475;Material;925778-9/2026;material permanente;Catálogo do Compras.gov.br;Material;6515;INSTRUMENTOS, EQUIPAMENTOS E SUPRIMENTOS MÉDICOS  E  CIRÚRGICOS;19802;INSTRUMENTAL P/ ENDOSCÓPIO;465286;COMPONENTE 1: C/ INJETOR, COMPONENTE 2: MANOPLA C/ CONEXÃO P/ BISTURI ELÉTRICO, DIMENSÃO: P/ CANAL CERCA DE 2,8 MM X 230 CM, DIÂMETRO PONTA: CERCA DE 40, ESTERILIDADE: ESTÉRIL, USO ÚNICO, HASTE: HASTE ISOLADA, TIPO: ALÇA POLIPECTOMIA, TIPO FIO: FIO AÇO INOXIDÁVEL, MONOFILAMENTAR, TIPO PONTA: OVAL;UN;10,0000;1500,0000;15000,0000;0,0000;30/12/2026
ERN - HOSPITAL DR JOSÉ PEDRO BEZERRA DE NATAL;925778;1476;Material;925778-9/2026;material permanente;Catálogo do Compras.gov.br;Material;6515;INSTRUMENTOS, EQUIPAMENTOS E SUPRIMENTOS MÉDICOS  E  CIRÚRGICOS;19802;INSTRUMENTAL P/ ENDOSCÓPIO;465284;COMPONENTE 2: MANOPLA C/ CONEXÃO P/ BISTURI ELÉTRICO, DIMENSÃO: P/ CANAL CERCA DE 3,2 MM X 230 CM, DIÂMETRO PONTA: CERCA DE 30, ESTERILIDADE: ESTERILIZÁVEL, HASTE: HASTE ISOLADA, TIPO: ALÇA POLIPECTOMIA, TIPO FIO: FIO AÇO INOXIDÁVEL, MONOFILAMENTAR, TIPO PONTA: OVAL;UN;10,0000;500,0000;5000,0000;0,0000;30/12/2026
ERN - HOSPITAL DR JOSÉ PEDRO BEZERRA DE NATAL;925778;1477;Material;925778-9/2026;material permanente;Catálogo do Compras.gov.br;Material;6515;INSTRUMENTOS, EQUIPAMENTOS E SUPRIMENTOS MÉDICOS  E  CIRÚRGICOS;19802;INSTRUMENTAL P/ ENDOSCÓPIO;465278;COMPONENTE 2: MANOPLA C/ CONEXÃO P/ BISTURI ELÉTRICO, DIMENSÃO: P/ CANAL CERCA DE 2,8 MM X 230 CM, DIÂMETRO PONTA: CERCA DE 25, ESTERILIDADE: ESTÉRIL, USO ÚNICO, HASTE: HASTE ISOLADA, TIPO: ALÇA POLIPECTOMIA, TIPO FIO: FIO AÇO INOXIDÁVEL, MONOFILAMENTAR, TIPO PONTA: OVAL;UN;10,0000;500,0000;5000,0000;0,0000;30/12/2026
ERN - HOSPITAL DR JOSÉ PEDRO BEZERRA DE NATAL;925778;1478;Material;925778-9/2026;material permanente;Catálogo do Compras.gov.br;Material;6515;INSTRUMENTOS, EQUIPAMENTOS E SUPRIMENTOS MÉDICOS  E  CIRÚRGICOS;19802;INSTRUMENTAL P/ ENDOSCÓPIO;465274;COMPONENTE 2: MANOPLA C/ CONEXÃO P/ BISTURI ELÉTRICO, DIMENSÃO: P/ CANAL CERCA DE 2,8 MM X 230 CM, DIÂMETRO PONTA: CERCA DE 10, ESTERILIDADE: ESTERILIZÁVEL, HASTE: HASTE ISOLADA, TIPO: ALÇA POLIPECTOMIA, TIPO FIO: FIO AÇO INOXIDÁVEL, MONOFILAMENTAR, TIPO PONTA: OVAL;UN;10,0000;1000,0000;10000,0000;0,0000;30/12/2026
ERN - HOSPITAL DR JOSÉ PEDRO BEZERRA DE NATAL;925778;1479;Material;925778-9/2026;material permanente;Catálogo do Compras.gov.br;Material;6515;INSTRUMENTOS, EQUIPAMENTOS E SUPRIMENTOS MÉDICOS  E  CIRÚRGICOS;19802;INSTRUMENTAL P/ ENDOSCÓPIO;465268;COMPONENTE 2: MANOPLA, DIMENSÃO: P/ CANAL CERCA DE 2,8 MM X 180 CM, DIÂMETRO PONTA: CERCA DE 25, ESTERILIDADE: ESTÉRIL, USO ÚNICO, HASTE: HASTE S/ ISOLAMENTO, TIPO: EXTRAÇÃO DE CÁLCULO, TIPO FIO: 6 FIOS DE AÇO, TIPO PONTA: CESTA (BASKET) HEXAGONAL;UN;10,0000;800,0000;8000,0000;0,0000;30/12/2026
ERN - HOSPITAL DR JOSÉ PEDRO BEZERRA DE NATAL;925778;1480;Material;925778-9/2026;material permanente;Catálogo do Compras.gov.br;Material;6515;INSTRUMENTOS, EQUIPAMENTOS E SUPRIMENTOS MÉDICOS  E  CIRÚRGICOS;19802;INSTRUMENTAL P/ ENDOSCÓPIO;465267;COMPONENTE 2: MANOPLA, DIMENSÃO: P/ CANAL CERCA DE 2,8 MM X 180 CM, DIÂMETRO PONTA: CERCA DE 35, ESTERILIDADE: ESTERILIZÁVEL, HASTE: HASTE S/ ISOLAMENTO, TIPO: EXTRAÇÃO DE CÁLCULO, TIPO FIO: 6 FIOS DE AÇO, TIPO PONTA: CESTA (BASKET) HEXAGONAL;UN;10,0000;800,0000;8000,0000;0,0000;30/12/2026
ERN - HOSPITAL DR JOSÉ PEDRO BEZERRA DE NATAL;925778;1481;Material;925778-9/2026;material permanente;Catálogo do Compras.gov.br;Material;6515;INSTRUMENTOS, EQUIPAMENTOS E SUPRIMENTOS MÉDICOS  E  CIRÚRGICOS;19802;INSTRUMENTAL P/ ENDOSCÓPIO;465254;COMPONENTE 2: MANOPLA, DIMENSÃO: P/ CANAL CERCA DE 2,8 MM X 180 CM, ESTERILIDADE: ESTÉRIL, USO ÚNICO, HASTE: HASTE S/ ISOLAMENTO, TIPO: RETIRADA DE CORPO ESTRANHO, TIPO FIO: AÇO INOXIDÁVEL, TIPO PONTA: COM 4 GARRAS;UN;10,0000;200,0000;2000,0000;0,0000;30/12/2026
ERN - HOSPITAL DR JOSÉ PEDRO BEZERRA DE NATAL;925778;1482;Material;925778-9/2026;material permanente;Catálogo do Compras.gov.br;Material;6515;INSTRUMENTOS, EQUIPAMENTOS E SUPRIMENTOS MÉDICOS  E  CIRÚRGICOS;19802;INSTRUMENTAL P/ ENDOSCÓPIO;465250;COMPONENTE 2: MANOPLA, DIMENSÃO: P/ CANAL CERCA DE 2,8 MM X 160 CM, ESTERILIDADE: ESTERILIZÁVEL, HASTE: HASTE S/ ISOLAMENTO, TIPO: RETIRADA DE CORPO ESTRANHO, TIPO FIO: AÇO INOXIDÁVEL, TIPO PONTA: JACARÉ C/ DENTE DE RATO;UN;10,0000;500,0000;5000,0000;0,0000;30/12/2026
ERN - HOSPITAL DR JOSÉ PEDRO BEZERRA DE NATAL;925778;1483;Material;925778-9/2026;material permanente;Catálogo do Compras.gov.br;Material;6515;INSTRUMENTOS, EQUIPAMENTOS E SUPRIMENTOS MÉDICOS  E  CIRÚRGICOS;19802;INSTRUMENTAL P/ ENDOSCÓPIO;465240;COMPONENTE 2: MANOPLA, DIMENSÃO: P/ CANAL CERCA DE 2,8 MM X 230 CM, ESTERILIDADE: ESTERILIZÁVEL, HASTE: HASTE S/ ISOLAMENTO, TIPO: RETIRADA DE CORPO ESTRANHO, TIPO FIO: AÇO INOXIDÁVEL, TIPO PONTA: JACARÉ;UN;10,0000;400,0000;4000,0000;0,0000;30/12/2026
ERN - HOSPITAL DR JOSÉ PEDRO BEZERRA DE NATAL;925778;1484;Material;925778-9/2026;material permanente;Catálogo do Compras.gov.br;Material;6515;INSTRUMENTOS, EQUIPAMENTOS E SUPRIMENTOS MÉDICOS  E  CIRÚRGICOS;19802;INSTRUMENTAL P/ ENDOSCÓPIO;465234;COMPONENTE 2: MANOPLA, DIMENSÃO: P/ CANAL CERCA DE 2,8 MM X 230 CM, ESTERILIDADE: ESTERILIZÁVEL, HASTE: HASTE S/ ISOLAMENTO, TIPO: BIÓPSIA, TIPO FIO: AÇO INOXIDÁVEL, TIPO PONTA: CONCHA SERRILHADA C/ ESPÍCULA;UN;30,0000;1000,0000;30000,0000;0,0000;30/12/2026
ERN - HOSPITAL DR JOSÉ PEDRO BEZERRA DE NATAL;925778;1485;Material;925778-9/2026;material permanente;Catálogo do Compras.gov.br;Material;6515;INSTRUMENTOS, EQUIPAMENTOS E SUPRIMENTOS MÉDICOS  E  CIRÚRGICOS;19802;INSTRUMENTAL P/ ENDOSCÓPIO;465233;COMPONENTE 2: MANOPLA, DIMENSÃO: P/ CANAL CERCA DE 2,8 MM X 160 CM, ESTERILIDADE: ESTERILIZÁVEL, HASTE: HASTE S/ ISOLAMENTO, TIPO: BIÓPSIA, TIPO FIO: AÇO INOXIDÁVEL, TIPO PONTA: CONCHA SERRILHADA C/ ESPÍCULA;UN;20,0000;1500,0000;30000,0000;0,0000;30/12/2026
ERN - HOSPITAL DR JOSÉ PEDRO BEZERRA DE NATAL;925778;1486;Material;925778-9/2026;material permanente;Catálogo do Compras.gov.br;Material;6515;INSTRUMENTOS, EQUIPAMENTOS E SUPRIMENTOS MÉDICOS  E  CIRÚRGICOS;19802;INSTRUMENTAL P/ ENDOSCÓPIO;465232;COMPONENTE 2: MANOPLA, DIMENSÃO: P/ CANAL CERCA DE 2,8 MM X 230 CM, ESTERILIDADE: ESTERILIZÁVEL, HASTE: HASTE S/ ISOLAMENTO, TIPO: BIÓPSIA, TIPO FIO: AÇO INOXIDÁVEL, TIPO PONTA: CONCHA SERRILHADA;UN;20,0000;1000,0000;20000,0000;0,0000;30/12/2026
ERN - HOSPITAL DR JOSÉ PEDRO BEZERRA DE NATAL;925778;1487;Material;925778-9/2026;material permanente;Catálogo do Compras.gov.br;Material;6515;INSTRUMENTOS, EQUIPAMENTOS E SUPRIMENTOS MÉDICOS  E  CIRÚRGICOS;19802;INSTRUMENTAL P/ ENDOSCÓPIO;465231;COMPONENTE 2: MANOPLA, DIMENSÃO: P/ CANAL CERCA DE 2,8 MM X 160 CM, ESTERILIDADE: ESTERILIZÁVEL, HASTE: HASTE S/ ISOLAMENTO, TIPO: BIÓPSIA, TIPO FIO: AÇO INOXIDÁVEL, TIPO PONTA: CONCHA SERRILHADA;UN;20,0000;1500,0000;30000,0000;0,0000;30/12/2026
ERN - HOSPITAL DR JOSÉ PEDRO BEZERRA DE NATAL;925778;1488;Material;925778-9/2026;material permanente;Catálogo do Compras.gov.br;Material;6515;INSTRUMENTOS, EQUIPAMENTOS E SUPRIMENTOS MÉDICOS  E  CIRÚRGICOS;19802;INSTRUMENTAL P/ ENDOSCÓPIO;465229;COMPONENTE 2: MANOPLA, DIMENSÃO: P/ CANAL CERCA DE 2,8 MM X 230 CM, ESTERILIDADE: ESTERILIZÁVEL, HASTE: HASTE S/ ISOLAMENTO, TIPO: BIÓPSIA, TIPO FIO: AÇO INOXIDÁVEL, TIPO PONTA: CONCHA FENESTRADA C/ ESPÍCULA;UN;20,0000;1500,0000;30000,0000;0,0000;30/12/2026
ERN - HOSPITAL DR JOSÉ PEDRO BEZERRA DE NATAL;925778;1489;Material;925778-9/2026;material permanente;Catálogo do Compras.gov.br;Material;6515;INSTRUMENTOS, EQUIPAMENTOS E SUPRIMENTOS MÉDICOS  E  CIRÚRGICOS;19802;INSTRUMENTAL P/ ENDOSCÓPIO;465228;COMPONENTE 2: MANOPLA, DIMENSÃO: P/ CANAL CERCA DE 2,8 MM X 180 CM, ESTERILIDADE: ESTERILIZÁVEL, HASTE: HASTE S/ ISOLAMENTO, TIPO: BIÓPSIA, TIPO FIO: AÇO INOXIDÁVEL, TIPO PONTA: CONCHA FENESTRADA C/ ESPÍCULA;UN;20,0000;1500,0000;30000,0000;0,0000;30/12/2026
ERN - HOSPITAL DR JOSÉ PEDRO BEZERRA DE NATAL;925778;1490;Material;925778-9/2026;material permanente;Catálogo do Compras.gov.br;Material;6515;INSTRUMENTOS, EQUIPAMENTOS E SUPRIMENTOS MÉDICOS  E  CIRÚRGICOS;19802;INSTRUMENTAL P/ ENDOSCÓPIO;465220;COMPONENTE 2: MANOPLA, DIMENSÃO: P/ CANAL CERCA DE 2,8 MM X 180 CM, ESTERILIDADE: ESTÉRIL, USO ÚNICO, HASTE: HASTE S/ ISOLAMENTO, TIPO: BIÓPSIA, TIPO FIO: AÇO INOXIDÁVEL, TIPO PONTA: CONCHA FENESTRADA C/ ESPÍCULA;UN;20,0000;1500,0000;30000,0000;0,0000;30/12/2026
ERN - HOSPITAL DR JOSÉ PEDRO BEZERRA DE NATAL;925778;1491;Material;925778-9/2026;material permanente;Catálogo do Compras.gov.br;Material;6515;INSTRUMENTOS, EQUIPAMENTOS E SUPRIMENTOS MÉDICOS  E  CIRÚRGICOS;19802;INSTRUMENTAL P/ ENDOSCÓPIO;465208;COMPONENTE 2: MANOPLA, DIMENSÃO: P/ CANAL CERCA DE 2,8 MM X 160 CM, ESTERILIDADE: ESTERILIZÁVEL, HASTE: HASTE S/ ISOLAMENTO, TIPO: BIÓPSIA, TIPO FIO: AÇO INOXIDÁVEL, TIPO PONTA: CONCHA FENESTRADA;UN;50,0000;1500,0000;75000,0000;0,0000;30/12/2026
ERN - HOSPITAL DR JOSÉ PEDRO BEZERRA DE NATAL;925778;1492;Material;925778-9/2026;material permanente;Catálogo do Compras.gov.br;Material;6515;INSTRUMENTOS, EQUIPAMENTOS E SUPRIMENTOS MÉDICOS  E  CIRÚRGICOS;19802;INSTRUMENTAL P/ ENDOSCÓPIO;465209;COMPONENTE 2: MANOPLA C/ CONEXÃO P/ BISTURI ELÉTRICO, DIMENSÃO: P/ CANAL CERCA DE 2,8 MM X 160 CM, ESTERILIDADE: ESTERILIZÁVEL, HASTE: HASTE ISOLADA, TIPO: BIÓPSIA, TIPO FIO: AÇO INOXIDÁVEL, TIPO PONTA: CONCHA FENESTRADA;UN;30,0000;1500,0000;45000,0000;0,0000;30/12/2026
ERN - HOSPITAL DR JOSÉ PEDRO BEZERRA DE NATAL;925778;1493;Material;925778-9/2026;material permanente;Catálogo do Compras.gov.br;Material;6515;INSTRUMENTOS, EQUIPAMENTOS E SUPRIMENTOS MÉDICOS  E  CIRÚRGICOS;19802;INSTRUMENTAL P/ ENDOSCÓPIO;465210;COMPONENTE 2: MANOPLA, DIMENSÃO: P/ CANAL CERCA DE 2,8 MM X 180 CM, ESTERILIDADE: ESTERILIZÁVEL, HASTE: HASTE S/ ISOLAMENTO, TIPO: BIÓPSIA, TIPO FIO: AÇO INOXIDÁVEL, TIPO PONTA: CONCHA FENESTRADA;UN;30,0000;1500,0000;45000,0000;0,0000;30/12/2026
ERN - HOSPITAL DR JOSÉ PEDRO BEZERRA DE NATAL;925778;1494;Material;925778-9/2026;material permanente;Catálogo do Compras.gov.br;Material;6515;INSTRUMENTOS, EQUIPAMENTOS E SUPRIMENTOS MÉDICOS  E  CIRÚRGICOS;19802;INSTRUMENTAL P/ ENDOSCÓPIO;465212;COMPONENTE 2: MANOPLA C/ CONEXÃO P/ BISTURI ELÉTRICO, DIMENSÃO: P/ CANAL CERCA DE 2,8 MM X 230 CM, ESTERILIDADE: ESTERILIZÁVEL, HASTE: HASTE ISOLADA, TIPO: BIÓPSIA, TIPO FIO: AÇO INOXIDÁVEL, TIPO PONTA: CONCHA FENESTRADA;UN;30,0000;1500,0000;45000,0000;0,0000;30/12/2026
ERN - HOSPITAL DR JOSÉ PEDRO BEZERRA DE NATAL;925778;1518;Material;925778-8/2026;Material permanente nutrição;Catálogo do Compras.gov.br;Material;7320;EQUIPAMENTOS E APARELHOS DE COZINHA;13562;ESPREMEDOR LEGUME;275209;APLICAÇÃO: BATATA, CAPACIDADE: APROXIMADAMENTE 400 GRAMAS, CARACTERÍSTICAS ADICIONAIS: CORPO E ESTRUTURA REFORÇADA, MATERIAL: ALUMÍNIO, TIPO: MANUAL;UN;5,0000;100,0000;500,0000;0,0000;31/12/2026
ERN - HOSPITAL DR JOSÉ PEDRO BEZERRA DE NATAL;925778;1495;Material;925778-9/2026;material permanente;Catálogo do Compras.gov.br;Material;6515;INSTRUMENTOS, EQUIPAMENTOS E SUPRIMENTOS MÉDICOS  E  CIRÚRGICOS;19802;INSTRUMENTAL P/ ENDOSCÓPIO;465197;COMPONENTE 2: MANOPLA, DIMENSÃO: P/ CANAL CERCA DE 2,8 MM X 160 CM, ESTERILIDADE: ESTÉRIL, USO ÚNICO, HASTE: HASTE S/ ISOLAMENTO, TIPO: BIÓPSIA, TIPO FIO: AÇO INOXIDÁVEL, TIPO PONTA: CONCHA FENESTRADA;UN;50,0000;150,0000;7500,0000;0,0000;30/12/2026
ERN - HOSPITAL DR JOSÉ PEDRO BEZERRA DE NATAL;925778;1496;Material;925778-9/2026;material permanente;Catálogo do Compras.gov.br;Material;6515;INSTRUMENTOS, EQUIPAMENTOS E SUPRIMENTOS MÉDICOS  E  CIRÚRGICOS;19802;INSTRUMENTAL P/ ENDOSCÓPIO;465199;COMPONENTE 2: MANOPLA, DIMENSÃO: P/ CANAL CERCA DE 2,8 MM X 230 CM, ESTERILIDADE: ESTÉRIL, USO ÚNICO, HASTE: HASTE S/ ISOLAMENTO, TIPO: BIÓPSIA, TIPO FIO: AÇO INOXIDÁVEL, TIPO PONTA: CONCHA FENESTRADA;UN;100,0000;100,0000;10000,0000;0,0000;30/12/2026
ERN - HOSPITAL DR JOSÉ PEDRO BEZERRA DE NATAL;925778;1497;Material;925778-9/2026;material permanente;Catálogo do Compras.gov.br;Material;6515;INSTRUMENTOS, EQUIPAMENTOS E SUPRIMENTOS MÉDICOS  E  CIRÚRGICOS;19802;INSTRUMENTAL P/ ENDOSCÓPIO;465191;COMPONENTE 2: MANOPLA, DIMENSÃO: P/ CANAL CERCA DE 2,8 MM X 230 CM, ESTERILIDADE: ESTERILIZÁVEL, HASTE: HASTE S/ ISOLAMENTO, TIPO: BIÓPSIA, TIPO FIO: AÇO INOXIDÁVEL, TIPO PONTA: CONCHA C/ ESPÍCULA;UN;30,0000;1500,0000;45000,0000;0,0000;30/12/2026
ERN - HOSPITAL DR JOSÉ PEDRO BEZERRA DE NATAL;925778;1498;Material;925778-9/2026;material permanente;Catálogo do Compras.gov.br;Material;6515;INSTRUMENTOS, EQUIPAMENTOS E SUPRIMENTOS MÉDICOS  E  CIRÚRGICOS;19802;INSTRUMENTAL P/ ENDOSCÓPIO;465190;COMPONENTE 2: MANOPLA, DIMENSÃO: P/ CANAL CERCA DE 2,8 MM X 160 CM, ESTERILIDADE: ESTERILIZÁVEL, HASTE: HASTE S/ ISOLAMENTO, TIPO: BIÓPSIA, TIPO FIO: AÇO INOXIDÁVEL, TIPO PONTA: CONCHA C/ ESPÍCULA;UN;10,0000;1500,0000;15000,0000;0,0000;30/12/2026
ERN - HOSPITAL DR JOSÉ PEDRO BEZERRA DE NATAL;925778;1499;Material;925778-9/2026;material permanente;Catálogo do Compras.gov.br;Material;6515;INSTRUMENTOS, EQUIPAMENTOS E SUPRIMENTOS MÉDICOS  E  CIRÚRGICOS;19802;INSTRUMENTAL P/ ENDOSCÓPIO;465188;COMPONENTE 2: MANOPLA, DIMENSÃO: P/ CANAL CERCA DE 2,8 MM X 230 CM, ESTERILIDADE: ESTÉRIL, USO ÚNICO, HASTE: HASTE S/ ISOLAMENTO, TIPO: BIÓPSIA, TIPO FIO: AÇO INOXIDÁVEL, TIPO PONTA: CONCHA C/ ESPÍCULA;UN;50,0000;100,0000;5000,0000;0,0000;30/12/2026
ERN - HOSPITAL DR JOSÉ PEDRO BEZERRA DE NATAL;925778;1500;Material;925778-9/2026;material permanente;Catálogo do Compras.gov.br;Material;6515;INSTRUMENTOS, EQUIPAMENTOS E SUPRIMENTOS MÉDICOS  E  CIRÚRGICOS;19802;INSTRUMENTAL P/ ENDOSCÓPIO;465187;COMPONENTE 2: MANOPLA, DIMENSÃO: P/ CANAL CERCA DE 2,8 MM X 180 CM, ESTERILIDADE: ESTÉRIL, USO ÚNICO, HASTE: HASTE S/ ISOLAMENTO, TIPO: BIÓPSIA, TIPO FIO: AÇO INOXIDÁVEL, TIPO PONTA: CONCHA C/ ESPÍCULA;UN;50,0000;100,0000;5000,0000;0,0000;30/12/2026
ERN - HOSPITAL DR JOSÉ PEDRO BEZERRA DE NATAL;925778;1501;Material;925778-9/2026;material permanente;Catálogo do Compras.gov.br;Material;6515;INSTRUMENTOS, EQUIPAMENTOS E SUPRIMENTOS MÉDICOS  E  CIRÚRGICOS;19802;INSTRUMENTAL P/ ENDOSCÓPIO;465184;COMPONENTE 2: MANOPLA C/ CONEXÃO P/ BISTURI ELÉTRICO, DIMENSÃO: P/ CANAL CERCA DE 2,8 MM X 230 CM, ESTERILIDADE: ESTERILIZÁVEL, HASTE: HASTE ISOLADA, TIPO: BIÓPSIA, TIPO FIO: AÇO INOXIDÁVEL, TIPO PONTA: CONCHA;UN;10,0000;1500,0000;15000,0000;0,0000;30/12/2026
ERN - HOSPITAL DR JOSÉ PEDRO BEZERRA DE NATAL;925778;1502;Material;925778-9/2026;material permanente;Catálogo do Compras.gov.br;Material;6515;INSTRUMENTOS, EQUIPAMENTOS E SUPRIMENTOS MÉDICOS  E  CIRÚRGICOS;19802;INSTRUMENTAL P/ ENDOSCÓPIO;465183;COMPONENTE 2: MANOPLA, DIMENSÃO: P/ CANAL CERCA DE 2,8 MM X 230 CM, ESTERILIDADE: ESTERILIZÁVEL, HASTE: HASTE S/ ISOLAMENTO, TIPO: BIÓPSIA, TIPO FIO: AÇO INOXIDÁVEL, TIPO PONTA: CONCHA;UN;10,0000;1500,0000;15000,0000;0,0000;30/12/2026
ERN - HOSPITAL DR JOSÉ PEDRO BEZERRA DE NATAL;925778;1503;Material;925778-9/2026;material permanente;Catálogo do Compras.gov.br;Material;6515;INSTRUMENTOS, EQUIPAMENTOS E SUPRIMENTOS MÉDICOS  E  CIRÚRGICOS;19802;INSTRUMENTAL P/ ENDOSCÓPIO;465181;COMPONENTE 2: MANOPLA C/ CONEXÃO P/ BISTURI ELÉTRICO, DIMENSÃO: P/ CANAL CERCA DE 2,8 MM X 160 CM, ESTERILIDADE: ESTERILIZÁVEL, HASTE: HASTE ISOLADA, TIPO: BIÓPSIA, TIPO FIO: AÇO INOXIDÁVEL, TIPO PONTA: CONCHA;UN;15,0000;1500,0000;22500,0000;0,0000;30/12/2026
ERN - HOSPITAL DR JOSÉ PEDRO BEZERRA DE NATAL;925778;1504;Material;925778-9/2026;material permanente;Catálogo do Compras.gov.br;Material;6515;INSTRUMENTOS, EQUIPAMENTOS E SUPRIMENTOS MÉDICOS  E  CIRÚRGICOS;19802;INSTRUMENTAL P/ ENDOSCÓPIO;465180;COMPONENTE 2: MANOPLA, DIMENSÃO: P/ CANAL CERCA DE 2,8 MM X 160 CM, ESTERILIDADE: ESTERILIZÁVEL, HASTE: HASTE S/ ISOLAMENTO, TIPO: BIÓPSIA, TIPO FIO: AÇO INOXIDÁVEL, TIPO PONTA: CONCHA;UN;15,0000;1500,0000;22500,0000;0,0000;30/12/2026
ERN - HOSPITAL DR JOSÉ PEDRO BEZERRA DE NATAL;925778;1505;Material;925778-9/2026;material permanente;Catálogo do Compras.gov.br;Material;6515;INSTRUMENTOS, EQUIPAMENTOS E SUPRIMENTOS MÉDICOS  E  CIRÚRGICOS;19802;INSTRUMENTAL P/ ENDOSCÓPIO;465177;COMPONENTE 2: MANOPLA, DIMENSÃO: P/ CANAL CERCA DE 2,8 MM X 230 CM, ESTERILIDADE: ESTÉRIL, USO ÚNICO, HASTE: HASTE S/ ISOLAMENTO, TIPO: BIÓPSIA, TIPO FIO: AÇO INOXIDÁVEL, TIPO PONTA: CONCHA;UN;50,0000;100,0000;5000,0000;0,0000;30/12/2026
ERN - HOSPITAL DR JOSÉ PEDRO BEZERRA DE NATAL;925778;1506;Material;925778-9/2026;material permanente;Catálogo do Compras.gov.br;Material;6515;INSTRUMENTOS, EQUIPAMENTOS E SUPRIMENTOS MÉDICOS  E  CIRÚRGICOS;19802;INSTRUMENTAL P/ ENDOSCÓPIO;465175;COMPONENTE 2: MANOPLA, DIMENSÃO: P/ CANAL CERCA DE 2,8 MM X 180 CM, ESTERILIDADE: ESTÉRIL, USO ÚNICO, HASTE: HASTE S/ ISOLAMENTO, TIPO: BIÓPSIA, TIPO FIO: AÇO INOXIDÁVEL, TIPO PONTA: CONCHA;UN;50,0000;100,0000;5000,0000;0,0000;30/12/2026
ERN - HOSPITAL DR JOSÉ PEDRO BEZERRA DE NATAL;925778;1507;Material;925778-9/2026;material permanente;Catálogo do Compras.gov.br;Material;6515;INSTRUMENTOS, EQUIPAMENTOS E SUPRIMENTOS MÉDICOS  E  CIRÚRGICOS;19802;INSTRUMENTAL P/ ENDOSCÓPIO;465174;COMPONENTE 2: MANOPLA, DIMENSÃO: P/ CANAL CERCA DE 2,8 MM X 160 CM, ESTERILIDADE: ESTÉRIL, USO ÚNICO, HASTE: HASTE S/ ISOLAMENTO, TIPO: BIÓPSIA, TIPO FIO: AÇO INOXIDÁVEL, TIPO PONTA: CONCHA;UN;50,0000;100,0000;5000,0000;0,0000;30/12/2026
ERN - HOSPITAL DR JOSÉ PEDRO BEZERRA DE NATAL;925778;1508;Material;925778-9/2026;material permanente;Catálogo do Compras.gov.br;Material;6515;INSTRUMENTOS, EQUIPAMENTOS E SUPRIMENTOS MÉDICOS  E  CIRÚRGICOS;19949;ESCOVA LIMPEZA - CME;481973;APLICAÇÃO: P/ ENDOSCÓPIO, APRESENTAÇÃO: EM ROLO, COMPRIMENTO TOTAL: CERCA DE 15, DIÂMETRO PONTA: CERCA DE 6, HASTE: HASTE FLEXÍVEL, MATERIAL CERDAS: CERDAS DE NYLON, PONTA ATIVA: EM TODA EXTENSÃO, TIPO USO: DESCARTÁVEL;UN;12,0000;50,0000;600,0000;0,0000;30/12/2026
ERN - HOSPITAL DR JOSÉ PEDRO BEZERRA DE NATAL;925778;1509;Material;925778-9/2026;material permanente;Catálogo do Compras.gov.br;Material;6515;INSTRUMENTOS, EQUIPAMENTOS E SUPRIMENTOS MÉDICOS  E  CIRÚRGICOS;19949;ESCOVA LIMPEZA - CME;481972;APLICAÇÃO: P/ ENDOSCÓPIO, APRESENTAÇÃO: EM ROLO, COMPRIMENTO TOTAL: CERCA DE 15, DIÂMETRO PONTA: CERCA DE 3, HASTE: HASTE FLEXÍVEL, MATERIAL CERDAS: CERDAS DE NYLON, PONTA ATIVA: EM TODA EXTENSÃO, TIPO USO: DESCARTÁVEL;UN;15,0000;50,0000;750,0000;0,0000;30/12/2026
ERN - HOSPITAL DR JOSÉ PEDRO BEZERRA DE NATAL;925778;1510;Material;925778-9/2026;material permanente;Catálogo do Compras.gov.br;Material;6515;INSTRUMENTOS, EQUIPAMENTOS E SUPRIMENTOS MÉDICOS  E  CIRÚRGICOS;19949;ESCOVA LIMPEZA - CME;481971;APLICAÇÃO: P/ ENDOSCÓPIO, COMPRIMENTO TOTAL: CERCA DE 240, DIÂMETRO PONTA: CERCA DE 6, HASTE: HASTE FLEXÍVEL, MATERIAL CERDAS: CERDAS DE NYLON, PONTA ATIVA: EM UMA DAS EXTREMIDADES, TIPO USO: DESCARTÁVEL;UN;50,0000;50,0000;2500,0000;0,0000;30/12/2026
ERN - HOSPITAL DR JOSÉ PEDRO BEZERRA DE NATAL;925778;1511;Material;925778-9/2026;material permanente;Catálogo do Compras.gov.br;Material;6515;INSTRUMENTOS, EQUIPAMENTOS E SUPRIMENTOS MÉDICOS  E  CIRÚRGICOS;19949;ESCOVA LIMPEZA - CME;481964;APLICAÇÃO: P/ ENDOSCÓPIO, COMPRIMENTO TOTAL: CERCA DE 220, DIÂMETRO PONTA: CERCA DE 3, HASTE: HASTE FLEXÍVEL, MATERIAL CERDAS: CERDAS DE NYLON E DISCO DE POLÍMERO, PONTA ATIVA: EM EXTREMIDADES DISTINTAS, TIPO USO: DESCARTÁVEL;UN;20,0000;50,0000;1000,0000;0,0000;30/12/2026
ERN - HOSPITAL DR JOSÉ PEDRO BEZERRA DE NATAL;925778;1512;Material;925778-9/2026;material permanente;Catálogo do Compras.gov.br;Material;6515;INSTRUMENTOS, EQUIPAMENTOS E SUPRIMENTOS MÉDICOS  E  CIRÚRGICOS;19949;ESCOVA LIMPEZA - CME;481965;APLICAÇÃO: P/ ENDOSCÓPIO, COMPRIMENTO TOTAL: CERCA DE 220, DIÂMETRO PONTA: CERCA DE 4, HASTE: HASTE FLEXÍVEL, MATERIAL CERDAS: CERDAS DE NYLON E DISCO DE POLÍMERO, PONTA ATIVA: EM EXTREMIDADES DISTINTAS, TIPO USO: DESCARTÁVEL;UN;20,0000;100,0000;2000,0000;0,0000;30/12/2026
ERN - HOSPITAL DR JOSÉ PEDRO BEZERRA DE NATAL;925778;1513;Material;925778-9/2026;material permanente;Catálogo do Compras.gov.br;Material;6515;INSTRUMENTOS, EQUIPAMENTOS E SUPRIMENTOS MÉDICOS  E  CIRÚRGICOS;19949;ESCOVA LIMPEZA - CME;481966;APLICAÇÃO: P/ ENDOSCÓPIO, COMPRIMENTO TOTAL: CERCA DE 220, DIÂMETRO PONTA: CERCA DE 5, HASTE: HASTE FLEXÍVEL, MATERIAL CERDAS: CERDAS DE NYLON E DISCO DE POLÍMERO, PONTA ATIVA: EM EXTREMIDADES DISTINTAS, TIPO USO: DESCARTÁVEL;UN;20,0000;100,0000;2000,0000;0,0000;30/12/2026
ERN - HOSPITAL DR JOSÉ PEDRO BEZERRA DE NATAL;925778;1514;Material;925778-9/2026;material permanente;Catálogo do Compras.gov.br;Material;6515;INSTRUMENTOS, EQUIPAMENTOS E SUPRIMENTOS MÉDICOS  E  CIRÚRGICOS;19949;ESCOVA LIMPEZA - CME;481947;APLICAÇÃO: P/ ENDOSCÓPIO, COMPRIMENTO TOTAL: CERCA DE 240, DIÂMETRO PONTA: CERCA DE 3 E 6, HASTE: HASTE FLEXÍVEL, MATERIAL CERDAS: CERDAS DE NYLON, PONTA ATIVA: NAS DUAS EXTREMIDADES, TIPO USO: REPROCESSÁVEL;UN;20,0000;150,0000;3000,0000;0,0000;30/12/2026
ERN - HOSPITAL DR JOSÉ PEDRO BEZERRA DE NATAL;925778;1515;Material;925778-9/2026;material permanente;Catálogo do Compras.gov.br;Material;6515;INSTRUMENTOS, EQUIPAMENTOS E SUPRIMENTOS MÉDICOS  E  CIRÚRGICOS;19949;ESCOVA LIMPEZA - CME;481939;APLICAÇÃO: P/ ENDOSCÓPIO, COMPRIMENTO TOTAL: CERCA DE 220, DIÂMETRO PONTA: CERCA DE 6, HASTE: HASTE FLEXÍVEL, MATERIAL CERDAS: CERDAS DE NYLON, PONTA ATIVA: EM UMA DAS EXTREMIDADES, TIPO USO: REPROCESSÁVEL;UN;20,0000;100,0000;2000,0000;0,0000;30/12/2026
ERN - HOSPITAL DR JOSÉ PEDRO BEZERRA DE NATAL;925778;1516;Material;925778-9/2026;material permanente;Catálogo do Compras.gov.br;Material;6515;INSTRUMENTOS, EQUIPAMENTOS E SUPRIMENTOS MÉDICOS  E  CIRÚRGICOS;19949;ESCOVA LIMPEZA - CME;481946;APLICAÇÃO: P/ ENDOSCÓPIO, COMPRIMENTO TOTAL: CERCA DE 240, DIÂMETRO PONTA: CERCA DE 3 E 4, HASTE: HASTE FLEXÍVEL, MATERIAL CERDAS: CERDAS DE NYLON, PONTA ATIVA: NAS DUAS EXTREMIDADES, TIPO USO: REPROCESSÁVEL;UN;20,0000;100,0000;2000,0000;0,0000;30/12/2026
ERN - HOSPITAL DR JOSÉ PEDRO BEZERRA DE NATAL;925778;1517;Material;925778-9/2026;material permanente;Catálogo do Compras.gov.br;Material;6515;INSTRUMENTOS, EQUIPAMENTOS E SUPRIMENTOS MÉDICOS  E  CIRÚRGICOS;19911;MATERIAL ESPECIAL P/ ENDOSCOPIA;480272;ADICIONAIS: C/ VEDAÇÃO P/ INSUFLAÇÃO, APLICAÇÃO: P/ ENTEROSCOPIA, USO EM ENDOSCÓPIO FLEXÍVEL, DIMENSÕES: P/ CANAL CERCA DE 3,2 MM X 25, EMBALAGEM: EMBALAGEM INDIVIDUAL, ESTERILIDADE: ESTÉRIL, DESCARTÁVEL, MATERIAL: POLÍMERO, TIPO 1: SOBRETUBO TIPO OVERTUBE;CJ;2,0000;1500,0000;3000,0000;0,0000;30/12/2026
ERN - HOSPITAL DR JOSÉ PEDRO BEZERRA DE NATAL;925778;1519;Material;925778-8/2026;Material permanente nutrição;Catálogo do Compras.gov.br;Material;7105;MOBILIÁRIO DOMÉSTICO;10697;PIA;614247;COMPRIMENTO: 2,50, COMPRIMENTO CUBAS: 0,60, LARGURA: 0,60, LARGURA CUBAS: 0,50, MATERIAL: AÇO INOXIDÁVEL AISI 304, PROFUNDIDADE CUBAS: 0,30, QUANTIDADE CUBAS: 2, TIPO: COZINHA INDUSTRIAL;UN;2,0000;2000,0000;4000,0000;0,0000;31/12/2026
ERN - HOSPITAL DR JOSÉ PEDRO BEZERRA DE NATAL;925778;1520;Material;925778-8/2026;Material permanente nutrição;Catálogo do Compras.gov.br;Material;7320;EQUIPAMENTOS E APARELHOS DE COZINHA;703;COIFA;215388;APLICAÇÃO: COZINHA, CARACTERÍSTICAS ADICIONAIS: COM EXAUSTOR, MATERIAL: AÇO INOXIDÁVEL, TIPO: SUSPENSA;UN;2,0000;5000,0000;10000,0000;0,0000;31/12/2026
ERN - HOSPITAL DR JOSÉ PEDRO BEZERRA DE NATAL;925778;1521;Material;925778-8/2026;Material permanente nutrição;Catálogo do Compras.gov.br;Material;7320;EQUIPAMENTOS E APARELHOS DE COZINHA;1125;PROCESSADOR ALIMENTOS;233251;ALTURA: 570, COMPRIMENTO: 290, COR: CINZA, FUNÇÃO DISCO: RALADOR/FATIADOR E DESFIADOR, LARGURA: 500, MATERIAL CORPO: ALUMÍNIO FUNDIDO, MATERIAL EXTERNO: AÇO INOXIDÁVEL, MATERIAL TAMPA: AÇO INOXIDÁVEL, PESO: 35, POTÊNCIA: 1/2, QUANTIDADE DISCO: 6, TENSÃO: 110/220;UN;1,0000;10000,0000;10000,0000;0,0000;31/12/2026
ERN - HOSPITAL DR JOSÉ PEDRO BEZERRA DE NATAL;925778;1522;Material;925778-8/2026;Material permanente nutrição;Catálogo do Compras.gov.br;Material;7320;EQUIPAMENTOS E APARELHOS DE COZINHA;1125;PROCESSADOR ALIMENTOS;473236;COR: PRATA, FUNÇÃO DISCO: MIXER/TRITURADOR, MATERIAL CORPO: AÇO INOXIDÁVEL, POTÊNCIA: 500, TENSÃO: 220;UN;2,0000;200,0000;400,0000;0,0000;31/12/2026
ERN - HOSPITAL DR JOSÉ PEDRO BEZERRA DE NATAL;925778;1523;Material;925778-8/2026;Material permanente nutrição;Catálogo do Compras.gov.br;Material;7320;EQUIPAMENTOS E APARELHOS DE COZINHA;14489;BALANÇA ELETRÔNICA;444157;CAPACIDADE PESAGEM: 15, CARACTERÍSTICAS ADICIONAIS: PLATAFORMA AÇO INOXIDÁVEL, PÉS REGULÁVEIS E ANTIAD, DIMENSÕES: 375 X 425, MATERIAL: AÇO CARBONO, NÚMERO DÍGITOS: 5, TIPO: DIGITAL, TIPO PAINEL: LCD, VOLTAGEM: BIVOLT;UN;1,0000;1000,0000;1000,0000;0,0000;31/12/2026
ERN - HOSPITAL DR JOSÉ PEDRO BEZERRA DE NATAL;925778;1524;Material;925778-8/2026;Material permanente nutrição;Catálogo do Compras.gov.br;Material;6515;INSTRUMENTOS, EQUIPAMENTOS E SUPRIMENTOS MÉDICOS  E  CIRÚRGICOS;11483;RECIPIENTE NUTRIÇÃO ENTERAL;395537;APRESENTAÇÃO: EMBALAGEM INDIVIDUAL, CAPACIDADE: 300, COMPONENTES: COM TAMPA ROSQUEADA, ALÇA, ETIQUETA, BICO CONECTOR, ESTERILIDADE: ESTÉRIL, ATÓXICO, GRADUAÇÃO: GRADUADO, MATERIAL: PLÁSTICO TRANSPARENTE, TIPO USO: DESCARTÁVEL;UN;300,0000;1,7500;525,0000;0,0000;31/12/2026
ERN - HOSPITAL DR JOSÉ PEDRO BEZERRA DE NATAL;925778;1525;Material;925778-8/2026;Material permanente nutrição;Catálogo do Compras.gov.br;Material;6515;INSTRUMENTOS, EQUIPAMENTOS E SUPRIMENTOS MÉDICOS  E  CIRÚRGICOS;11483;RECIPIENTE NUTRIÇÃO ENTERAL;395533;APRESENTAÇÃO: EMBALAGEM INDIVIDUAL, CAPACIDADE: 500, COMPONENTES: COM TAMPA ROSQUEADA, ALÇA, ETIQUETA, BICO CONECTOR, ESTERILIDADE: ESTÉRIL, ATÓXICO, GRADUAÇÃO: GRADUADO, MATERIAL: PLÁSTICO TRANSPARENTE, TIPO USO: DESCARTÁVEL;UN;540,0000;2,1400;1155,6000;0,0000;31/12/2026
ERN - HOSPITAL DR JOSÉ PEDRO BEZERRA DE NATAL;925778;1526;Material;925778-8/2026;Material permanente nutrição;Catálogo do Compras.gov.br;Material;6515;INSTRUMENTOS, EQUIPAMENTOS E SUPRIMENTOS MÉDICOS  E  CIRÚRGICOS;11483;RECIPIENTE NUTRIÇÃO ENTERAL;395535;APRESENTAÇÃO: EMBALAGEM INDIVIDUAL, CAPACIDADE: 100, COMPONENTES: COM TAMPA ROSQUEADA, ALÇA, ETIQUETA, BICO CONECTOR, ESTERILIDADE: ESTÉRIL, ATÓXICO, GRADUAÇÃO: GRADUADO, MATERIAL: PLÁSTICO TRANSPARENTE, TIPO USO: DESCARTÁVEL;UN;300,0000;1,2000;360,0000;0,0000;31/12/2026
ERN - HOSPITAL DR JOSÉ PEDRO BEZERRA DE NATAL;925778;1527;Material;925778-8/2026;Material permanente nutrição;Catálogo do Compras.gov.br;Material;6515;INSTRUMENTOS, EQUIPAMENTOS E SUPRIMENTOS MÉDICOS  E  CIRÚRGICOS;19921;ADAPTADOR USO MÉDICO;479644;APLICAÇÃO: P/ RECIPIENTE NUTRIÇÃO ENTERAL, COMPONENTE ADICIONAL: C/ EXTENSOR, DIMENSÃO: CERCA DE 10 CM, MATERIAL: POLÍMERO, TIPO 1: USO C/ EQUIPO UNIVERSAL, TIPO 2: PONTA PERFURANTE EM CRUZ, TIPO USO: USO ÚNICO;UN;144,0000;7,6000;1094,4000;0,0000;31/12/2026
ERN - HOSPITAL DR JOSÉ PEDRO BEZERRA DE NATAL;925778;1528;Material;925778-8/2026;Material permanente nutrição;Catálogo do Compras.gov.br;Material;6685;INSTRUMENTOS PARA MEDIÇÃO E CONTROLE DE PRESSÃO,TEMPERATURA E UMIDADE;783;FREEZER;395376;CAPACIDADE: 220, CARACTERÍSTICAS ADICIONAIS: REGULADOR TEMPERATURA/OPÇÃO: REFRIGERAR E CONGELAR, TENSÃO ALIMENTAÇÃO: 110/220, TIPO: HORIZONTAL;UN;2,0000;2800,0000;5600,0000;0,0000;31/12/2026
ERN - HOSPITAL DR JOSÉ PEDRO BEZERRA DE NATAL;925778;1529;Material;925778-8/2026;Material permanente nutrição;Catálogo do Compras.gov.br;Material;6685;INSTRUMENTOS PARA MEDIÇÃO E CONTROLE DE PRESSÃO,TEMPERATURA E UMIDADE;12668;TERMÔMETRO;477254;ALIMENTAÇÃO: PILHA, APLICAÇÃO: MEDIÇÃO DE TEMPERATURA EM LÍQUIDOS E SEMISSÓLIDOS, CARACTERÍSTICAS ADICIONAIS: PORTÁTIL COM SONDA DE IMERSÃO, HASTE EM INOX, FAIXA MEDIÇÃO TEMPERATURA: -50°C A 200, MATERIAL: GABINETE PLÁSTICO, TELA LCD, TIPO: DIGITAL;UN;20,0000;40,0000;800,0000;0,0000;31/12/2026
ERN - HOSPITAL DR JOSÉ PEDRO BEZERRA DE NATAL;925778;1530;Material;925778-8/2026;Material permanente nutrição;Catálogo do Compras.gov.br;Material;6685;INSTRUMENTOS PARA MEDIÇÃO E CONTROLE DE PRESSÃO,TEMPERATURA E UMIDADE;12668;TERMÔMETRO;472832;ALIMENTAÇÃO: BATERIA / PILHA, ELEMENTO EXPANSÃO: INFRAVERMELHO, FAIXA MEDIÇÃO TEMPERATURA: - 50°C A 300, MATERIAL: PLÁSTICO, PRECISÃO: +/- 2, TIPO: LASER DIGITAL;UN;3,0000;300,0000;900,0000;0,0000;31/12/2026
ERN - HOSPITAL DR JOSÉ PEDRO BEZERRA DE NATAL;925778;1531;Material;925778-8/2026;Material permanente nutrição;Catálogo do Compras.gov.br;Material;6640;EQUIPAMENTOS E ARTIGOS DE LABORATÓRIO;6072;BANHO MARIA;414534;AJUSTE: AJUSTE MECÂNICO, COM VISOR DIGITAL, COMPONENTES: COM TAMPA CÔNICA, TERMÔMETRO DIGITAL, TEMPERATURA: ATÉ 70, VOLUME: CERCA DE 5;UN;1,0000;2000,0000;2000,0000;0,0000;31/12/2026
ERN - HOSPITAL DR JOSÉ PEDRO BEZERRA DE NATAL;925778;1532;Material;925778-8/2026;Material permanente nutrição;Catálogo do Compras.gov.br;Material;7110;MOBILIÁRIO PARA ESCRITÓRIO;15325;MESA COZINHA;456990;ACABAMENTO SUPERFICIAL: LISA, ALTURA: 85, COMPRIMENTO: 50, LARGURA: 60, MATERIAL: AÇO INOXIDÁVEL;UN;1,0000;800,0000;800,0000;0,0000;31/12/2026
ERN - HOSPITAL DR JOSÉ PEDRO BEZERRA DE NATAL;925778;1533;Material;925778-8/2026;Material permanente nutrição;Catálogo do Compras.gov.br;Material;7320;EQUIPAMENTOS E APARELHOS DE COZINHA;1093;LIQUIDIFICADOR INDUSTRIAL;405224;CAPACIDADE: 2, MATERIAL BASE: AÇO INOX, MATERIAL COPO: AÇO INOXIDÁVEL, TENSÃO NOMINAL: 110/220, ALTURA: 495, PROFUNDIDADE: 202;UN;10,0000;500,0000;5000,0000;0,0000;31/12/2026
ERN - HOSPITAL DR JOSÉ PEDRO BEZERRA DE NATAL;925778;1534;Material;925778-8/2026;Material permanente nutrição;Catálogo do Compras.gov.br;Material;7320;EQUIPAMENTOS E APARELHOS DE COZINHA;1093;LIQUIDIFICADOR INDUSTRIAL;272867;APLICAÇÃO: INDUSTRIAL, CAPACIDADE: 6, MATERIAL BASE: ALUMÍNIO, MATERIAL COPO: AÇO INOXIDÁVEL, POTÊNCIA MOTOR: 0,50, TENSÃO NOMINAL: 110/220, LARGURA: 280, ALTURA: 720, PESO: 12,50;UN;10,0000;1500,0000;15000,0000;0,0000;31/12/2026
ERN - HOSPITAL DR JOSÉ PEDRO BEZERRA DE NATAL;925778;1535;Material;925778-8/2026;Material permanente nutrição;Catálogo do Compras.gov.br;Material;7020;IMPRESSORAS;15875;FOTOCOPIADORA IMPRESSORA;270200;CAPACIDADE IMPRESSÃO: 22, CARACTERÍSTICAS ADICIONAIS: COM PORTA PARALELA / USB, COMPATIBILIDADE: WINDOWS 95/98/MF/2000/XP/NT/4.0, PADRÃO CONECTIVIDADE: USB 2.0, PADRÃO COR IMPRESSÃO: PRETO, PROCESSO IMPRESSÃO: LASER, RESOLUÇÃO: 600 X 600, TENSÃO ALIMENTAÇÃO: 110/220, TIPO: DIGITAL;UN;1,0000;5000,0000;5000,0000;0,0000;31/12/2026
ERN - HOSPITAL DR JOSÉ PEDRO BEZERRA DE NATAL;925778;1536;Material;925778-8/2026;Material permanente nutrição;Catálogo do Compras.gov.br;Material;7020;IMPRESSORAS;8310;IMPRESSORA IDENTIFICADORA;283445;ALIMENTAÇÃO: BATERIA AA, APLICAÇÃO: IDENTIFICAR PONTO REDE, PATCH PANEL´S, CABOS E IMP, CARACTERÍSTICAS ADICIONAIS: IMPRESSÃO DE MÚLTIPLAS LINHAS, CORTADORES INDUSTRI, TIPO: PORTÁTIL;UN;1,0000;230,0000;230,0000;0,0000;31/12/2026
ERN - HOSPITAL DR JOSÉ PEDRO BEZERRA DE NATAL;925778;1537;Material;925778-8/2026;Material permanente nutrição;Catálogo do Compras.gov.br;Material;7020;IMPRESSORAS;224;IMPRESSORA LASER;342584;CAPACIDADE MEMÓRIAS: 64, CAPACIDADE MÍNIMA BANDEJA: 300, CARACTERÍSTICAS ADICIONAIS 1: CICLO 40.000 PÁGINAS/MÊS, EMOLUÇÃO PCL6, CONEXÃO: USB 2.0, REDE ETHERNET 10/100, BASE TX, RESOLUÇÃO IMPRESSÃO: 1200 X 600, TENSÃO ALIMENTAÇÃO: 110/220, TIPO IMPRESSORA: POLICROMÁTICA, VELOCIDADE IMPRESSÃO COLORIDA: 17, VELOCIDADE IMPRESSÃO PRETO E BRANCO: 20;UN;2,0000;1000,0000;2000,0000;0,0000;31/12/2026
ERN - HOSPITAL DR JOSÉ PEDRO BEZERRA DE NATAL;925778;1538;Material;925778-8/2026;Material permanente nutrição;Catálogo do Compras.gov.br;Material;7020;IMPRESSORAS;8313;IMPRESSORA TÉRMICA;442953;CARACTERÍSTICAS ADICIONAIS: MEMÓRIA DE 16 MB, DISPLAY LCD, RESOLUÇÃO: 203, TIPO CONEXÃO: USB, VELOCIDADE IMPRESSÃO: 3;UN;1,0000;6000,0000;6000,0000;0,0000;31/12/2026
ERN - HOSPITAL DR JOSÉ PEDRO BEZERRA DE NATAL;925778;1539;Material;925778-8/2026;Material permanente nutrição;Catálogo do Compras.gov.br;Material;6670;ESCALAS E BALANÇAS;14489;BALANÇA ELETRÔNICA;483848;CAPACIDADE PESAGEM: 200, DIMENSÕES: CERCA 90 X 50, MATERIAL: CHAPA DE AÇO, TIPO: DIGITAL, VOLTAGEM: 110/220;UN;1,0000;400,0000;400,0000;0,0000;31/12/2026
ERN - HOSPITAL DR JOSÉ PEDRO BEZERRA DE NATAL;925778;1540;Material;925778-8/2026;Material permanente nutrição;Catálogo do Compras.gov.br;Material;5120;FERRAMENTAS MANUAIS SEM CORTE, NÃO ACIONADAS  POR  FORÇA  MOTRIZ;8992;EXTRATOR;448178;APLICAÇÃO: EXTRATOR DE POLPA DE FRUTAS E LEGUMES, CARACTERÍSTICAS ADICIONAIS: MANUAL, MATERIAL: AÇO INOXIDÁVEL, MATERIAL BRAÇO: POLIPROPILENO;UN;1,0000;500,0000;500,0000;0,0000;31/12/2026
ERN - HOSPITAL DR JOSÉ PEDRO BEZERRA DE NATAL;925778;1541;Material;925778-8/2026;Material permanente nutrição;Catálogo do Compras.gov.br;Material;4430;FORNALHAS, FORNOS E ESTUFAS INDUSTRIAIS;7765;FORNO INDUSTRIAL;258389;CARACTERÍSTICAS ADICIONAIS: VAPOR SIMPLES E COMBINADO, AR QUENTE, BANHO MARIA,, FAIXA TEMPERATURA: 0 A 300, MATERIAL: CHAPA AÇO INOXIDÁVEL, TENSÃO ALIMENTAÇÃO: 220, TIPO: ELÉTRICO;UN;1,0000;30000,0000;30000,0000;0,0000;31/12/2026
ERN - HOSPITAL DR JOSÉ PEDRO BEZERRA DE NATAL;925778;1542;Material;925778-8/2026;Material permanente nutrição;Catálogo do Compras.gov.br;Material;4430;FORNALHAS, FORNOS E ESTUFAS INDUSTRIAIS;1026;FORNO ELÉTRICO;292561;ALTURA: 40, APLICAÇÃO: DOMÉSTICA, CAPACIDADE: 46, CARACTERÍSTICAS ADICIONAIS: CHAVE CONTROLE DAS RESISTÊNCIAS SUPERIORES E INFE-, COR: BRANCO, LARGURA: 49, MATERIAL INTERNO: AÇO INOXIDÁVEL, POTÊNCIA: 1.750, PROFUNDIDADE: 49, VOLTAGEM: 220;UN;1,0000;700,0000;700,0000;0,0000;31/12/2026
ERN - HOSPITAL DR JOSÉ PEDRO BEZERRA DE NATAL;925778;1543;Material;925778-8/2026;Material permanente nutrição;Catálogo do Compras.gov.br;Material;7320;EQUIPAMENTOS E APARELHOS DE COZINHA;1125;PROCESSADOR ALIMENTOS;445661;CARACTERÍSTICAS ADICIONAIS: MOTOR ELÉTRICO,POTÊNCIA 1000WATT, COR: PRATA, FUNÇÃO DISCO: MIXER/TRITURADOR, MATERIAL CORPO: AÇO INOXIDÁVEL, TENSÃO: 220;UN;1,0000;300,0000;300,0000;0,0000;31/12/2026
ERN - HOSPITAL DR JOSÉ PEDRO BEZERRA DE NATAL;925778;1544;Material;925778-8/2026;Material permanente nutrição;Catálogo do Compras.gov.br;Material;7125;ARMÁRIOS E ESTANTES;334;ESTANTE METÁLICA;448683;ALTURA: 1,80, CARACTERÍSTICAS ADICIONAIS: PRATELEIRAS GRADEADAS, LARGURA: 1,00, MATERIAL: AÇO INOX AISI 304, PROFUNDIDADE: 0,60, QUANTIDADE PRATELEIRAS: 4;UN;1,0000;3500,0000;3500,0000;0,0000;31/12/2026
ERN - HOSPITAL DR JOSÉ PEDRO BEZERRA DE NATAL;925778;1545;Material;925778-8/2026;Material permanente nutrição;Catálogo do Compras.gov.br;Material;6515;INSTRUMENTOS, EQUIPAMENTOS E SUPRIMENTOS MÉDICOS  E  CIRÚRGICOS;16325;ADIPÔMETRO;427495;FAIXA DE OPERAÇÃO: ATÉ 95, MATERIAL: METAL, OPERAÇÃO: ANALÓGICO, PRESSÃO: CERCA DE 10 G/MM², RESOLUÇÃO: RESOLUÇÃO 0,1, TOLERÂNCIA: TOLERÂNCIA ATÉ 5;UN;1,0000;1800,0000;1800,0000;0,0000;31/12/2026
ERN - HOSPITAL DR JOSÉ PEDRO BEZERRA DE NATAL;925778;1546;Material;925778-8/2026;Material permanente nutrição;Catálogo do Compras.gov.br;Material;8145;RECIPIENTES ESPECIALIZADOS PARA TRANSPORTE E ARMAZENAGEM;6502;EMBALAGEM;339698;APLICAÇÃO: ARMAZENAMENTO DE ALIMENTOS, CARACTERÍSTICAS ADICIONAIS: COM TAMPA, 3 DIVISÕES, DIMENSÕES: 26,50 X 23,20 X 8,20, MATERIAL: ISOPOR, TIPO: QUENTINHA;C;100,0000;180,0000;18000,0000;0,0000;31/12/2026
ERN - HOSPITAL DR JOSÉ PEDRO BEZERRA DE NATAL;925778;1547;Material;925778-8/2026;Material permanente nutrição;Catálogo do Compras.gov.br;Material;8145;RECIPIENTES ESPECIALIZADOS PARA TRANSPORTE E ARMAZENAGEM;6502;EMBALAGEM;372371;APLICAÇÃO: ARMAZENAMENTO DE ALIMENTOS, CAPACIDADE: 500, CARACTERÍSTICAS ADICIONAIS: TAMPA CARTÃO ALUMINIZADO, FECHAMENTO MANUAL, DIMENSÕES: 162 X 122 X 36, FORMATO: RETANGULAR, MATERIAL: ALUMÍNIO, TIPO: DESCARTÁVEL;C;100,0000;45,0000;4500,0000;0,0000;31/12/2026
ERN - HOSPITAL DR JOSÉ PEDRO BEZERRA DE NATAL;925778;1548;Material;925778-8/2026;Material permanente nutrição;Catálogo do Compras.gov.br;Material;7105;MOBILIÁRIO DOMÉSTICO;16322;MESA PLÁSTICA;346698;ALTURA: 72, CARACTERÍSTICAS ADICIONAIS: POLIPROPILENO VIRGEM, TRATADO RESINA ANTI-ULTRAVIO, COMPRIMENTO: 140, COR: BRANCA, FORMATO: RETANGULAR, LARGURA: 85, MATERIAL: PLÁSTICO;UN;10,0000;170,0000;1700,0000;0,0000;31/12/2026
ERN - HOSPITAL DR JOSÉ PEDRO BEZERRA DE NATAL;925778;1549;Material;925778-8/2026;Material permanente nutrição;Catálogo do Compras.gov.br;Material;7125;ARMÁRIOS E ESTANTES;14647;ESTRADO MODULAR;450444;ALTURA: 2,50, COMPRIMENTO: 50, COR: AZUL, LARGURA: 25, MATERIAL: POLIPROPILENO;UN;50,0000;20,0000;1000,0000;0,0000;31/12/2026
ERN - HOSPITAL DR JOSÉ PEDRO BEZERRA DE NATAL;925778;1550;Material;925778-8/2026;Material permanente nutrição;Catálogo do Compras.gov.br;Material;8145;RECIPIENTES ESPECIALIZADOS PARA TRANSPORTE E ARMAZENAGEM;7824;FRASCO;283937;APLICAÇÃO: P/ ENVASE DE LEITE MATERNO, CAPACIDADE: 60, CARACTERÍSTICAS ADICIONAIS: GRADUADO, COM TAMPA, COR: INCOLOR, MATERIAL: PROPILENO, TIPO EMBALAGEM: EMBALAGEM INDIVIDUAL;UN;5000,0000;20,0000;100000,0000;0,0000;31/12/2026
ERN - HOSPITAL DR JOSÉ PEDRO BEZERRA DE NATAL;925778;1565;Material;925778-7/2026;Material uso consumo nutrição;Catálogo do Compras.gov.br;Material;7350;LOUÇA E ARTIGOS DE MESA;5849;COPO DESCARTÁVEL;419309;APLICAÇÃO: CAFÉ, CAPACIDADE: 50, CARACTERÍSTICAS ADICIONAIS: ATÓXICO, DE ACORDO C/ NORMA ABNT, NBR 14865, COR: BRANCO, MATERIAL: POLIESTIRENO;PCT;12000,0000;1,0000;12000,0000;0,0000;31/12/2026
ERN - HOSPITAL DR JOSÉ PEDRO BEZERRA DE NATAL;925778;1566;Material;925778-7/2026;Material uso consumo nutrição;Catálogo do Compras.gov.br;Material;7340;CUTELARIA E TALHERES;12501;TALHER DESCARTÁVEL;304509;APLICAÇÃO: REFEIÇÃO, COR: BRANCA, MATERIAL: PLÁSTICO, TIPO: GARFO;PCT;2000,0000;4,5000;9000,0000;0,0000;31/12/2026
ERN - HOSPITAL DR JOSÉ PEDRO BEZERRA DE NATAL;925778;1567;Material;925778-7/2026;Material uso consumo nutrição;Catálogo do Compras.gov.br;Material;7350;LOUÇA E ARTIGOS DE MESA;5849;COPO DESCARTÁVEL;419219;APLICAÇÃO: LÍQUIDOS FRIOS E QUENTES, CAPACIDADE: 200, CARACTERÍSTICAS ADICIONAIS: ATÓXICO, DE ACORDO C/ NORMA ABNT, NBR 14865, COR: BRANCO, MATERIAL: POLIPROPILENO;PCT;6000,0000;6,4600;38760,0000;0,0000;31/12/2026
ERN - HOSPITAL DR JOSÉ PEDRO BEZERRA DE NATAL;925778;1568;Material;925778-7/2026;Material uso consumo nutrição;Catálogo do Compras.gov.br;Material;7360;JOGOS, CONJUNTOS  E  EQUIPAMENTOS PARA PREPARAR E SERVIR ALIMENTOS;5690;CONJUNTO ALIMENTAÇÃO;440926;COMPONENTES: 2 COLHERES/1 GUARDANAPO, USO: DESCARTÁVEL;UN;250,0000;53,0000;13250,0000;0,0000;31/12/2026
ERN - HOSPITAL DR JOSÉ PEDRO BEZERRA DE NATAL;925778;1569;Material;925778-7/2026;Material uso consumo nutrição;Catálogo do Compras.gov.br;Material;7240;RECEPIENTES PARA USO DOMÉSTICO E COMERCIAL;16554;DISPENSER PAPEL HIGIÊNICO;422811;ALTURA: 27, CARACTERÍSTICAS ADICIONAIS: TRAVA PARA ROLO DE ATÉ 300 M, COR: BRANCO, LARGURA: 27, MATERIAL BASE: PLÁSTICO ABS, PROFUNDIDADE: 12,50, TIPO: DE PAREDE;UN;70,0000;37,0000;2590,0000;0,0000;31/12/2026
ERN - HOSPITAL DR JOSÉ PEDRO BEZERRA DE NATAL;925778;1570;Material;925778-7/2026;Material uso consumo nutrição;Catálogo do Compras.gov.br;Material;7240;RECEPIENTES PARA USO DOMÉSTICO E COMERCIAL;11495;LIXEIRA;487727;APLICAÇÃO: RESÍDUO INFECTANTE, CAPACIDADE: 100, CARACTERÍSTICAS ADICIONAIS: FORMATO RETANGULAR, COR: AZUL, IMPRESSÃO: COM SÍMBOLO, MATERIAL: PLÁSTICO POLIPROPILENO DE ALTA RESISTÊNCIA, TIPO: TAMPA E PEDAL;UN;50,0000;220,0000;11000,0000;0,0000;31/12/2026
ERN - HOSPITAL DR JOSÉ PEDRO BEZERRA DE NATAL;925778;1571;Material;925778-7/2026;Material uso consumo nutrição;Catálogo do Compras.gov.br;Material;7340;CUTELARIA E TALHERES;14921;COLHER DESCARTÁVEL;235786;APLICAÇÃO: REFEIÇÃO, COR: INCOLOR, MATERIAL: PLÁSTICO;PCT;2000,0000;4,9000;9800,0000;0,0000;31/12/2026
ERN - HOSPITAL DR JOSÉ PEDRO BEZERRA DE NATAL;925778;1572;Material;925778-7/2026;Material uso consumo nutrição;Catálogo do Compras.gov.br;Material;7350;LOUÇA E ARTIGOS DE MESA;5849;COPO DESCARTÁVEL;419219;APLICAÇÃO: LÍQUIDOS FRIOS E QUENTES, CAPACIDADE: 200, CARACTERÍSTICAS ADICIONAIS: ATÓXICO, DE ACORDO C/ NORMA ABNT, NBR 14865, COR: BRANCO, MATERIAL: POLIPROPILENO;CX;240,0000;63,5000;15240,0000;0,0000;31/12/2026
ERN - HOSPITAL DR JOSÉ PEDRO BEZERRA DE NATAL;925778;1573;Material;925778-7/2026;Material uso consumo nutrição;Catálogo do Compras.gov.br;Material;7350;LOUÇA E ARTIGOS DE MESA;5849;COPO DESCARTÁVEL;326145;APLICAÇÃO: ÁGUA/SUCO E REFRIGERENTE, CAPACIDADE: 180, CARACTERÍSTICAS ADICIONAIS: ATÓXICO, DE ACORDO C/ NORMA ABNT, NBR 14865, COR: BRANCO, MATERIAL: POLIESTIRENO;PCT;6000,0000;2,5500;15300,0000;0,0000;31/12/2026
ERN - HOSPITAL DR JOSÉ PEDRO BEZERRA DE NATAL;925778;1574;Material;925778-7/2026;Material uso consumo nutrição;Catálogo do Compras.gov.br;Material;7350;LOUÇA E ARTIGOS DE MESA;1138;PRATO;222375;APLICAÇÃO: SERVIÇO INFORMAL, CARACTERÍSTICAS ADICIONAIS: DESCARTÁVEL, MATERIAL: PLÁSTICO, TAMANHO: MÉDIO;EMB;3000,0000;1,5000;4500,0000;0,0000;31/12/2026
ERN - HOSPITAL DR JOSÉ PEDRO BEZERRA DE NATAL;925778;1575;Material;925778-7/2026;Material uso consumo nutrição;Catálogo do Compras.gov.br;Material;7240;RECEPIENTES PARA USO DOMÉSTICO E COMERCIAL;764;BALDE;250007;CAPACIDADE: 30, CARACTERÍSTICAS ADICIONAIS: COM TAMPA ACIONADA POR PEDAL, COR: BRANCA, FORMATO: CILÍNDRICO, MATERIAL: PLÁSTICO;UN;30,0000;56,2100;1686,3000;0,0000;31/12/2026
ERN - HOSPITAL DR JOSÉ PEDRO BEZERRA DE NATAL;925778;1576;Material;925778-7/2026;Material uso consumo nutrição;Catálogo do Compras.gov.br;Material;7350;LOUÇA E ARTIGOS DE MESA;1155;PALITO;221317;APLICAÇÃO: HIGIENE DENTAL, COMPRIMENTO: 6, MATERIAL: MADEIRA, FORMATO: ROLIÇO;EMB;1000,0000;0,7000;700,0000;0,0000;31/12/2026
ERN - HOSPITAL DR JOSÉ PEDRO BEZERRA DE NATAL;925778;1577;Material;925778-7/2026;Material uso consumo nutrição;Catálogo do Compras.gov.br;Material;7240;RECEPIENTES PARA USO DOMÉSTICO E COMERCIAL;4597;CARRO COLETOR LIXO;367290;CAPACIDADE: 240, COMPONENTES: 2 RODÍZIOS DIANTEIROS/IDENTIFCAÇÃO PAPEL/AZUL/TAM-, MATERIAL: POLIPROPILENO OU POLIETILENO ALTA RESISTÊNCIA;UN;10,0000;550,0000;5500,0000;0,0000;31/12/2026
ERN - HOSPITAL DR JOSÉ PEDRO BEZERRA DE NATAL;925778;1578;Material;925778-7/2026;Material uso consumo nutrição;Catálogo do Compras.gov.br;Material;7240;RECEPIENTES PARA USO DOMÉSTICO E COMERCIAL;764;BALDE;253220;CAPACIDADE: 20, MATERIAL: PLÁSTICO, TAMANHO: GRANDE;UN;30,0000;13,5000;405,0000;0,0000;31/12/2026
ERN - HOSPITAL DR JOSÉ PEDRO BEZERRA DE NATAL;925778;1579;Material;925778-7/2026;Material uso consumo nutrição;Catálogo do Compras.gov.br;Material;7350;LOUÇA E ARTIGOS DE MESA;4436;CANUDO REFRESCO;389549;CARACTERÍSTICAS ADICIONAIS: DESCARTÁVEL, SANFONADO, NÃO TÓXICO, COR: LISTRADO BRANCO E VERMELHO, MATERIAL: POLIPROPILENO, TAMANHO: 20;PCT;500,0000;7,5000;3750,0000;0,0000;31/12/2026
ERN - HOSPITAL DR JOSÉ PEDRO BEZERRA DE NATAL;925778;1580;Material;925778-7/2026;Material uso consumo nutrição;Catálogo do Compras.gov.br;Material;7350;LOUÇA E ARTIGOS DE MESA;1138;PRATO;372768;APLICAÇÃO: REFEIÇÃO, CARACTERÍSTICAS ADICIONAIS: DESCARTÁVEL, COR: BRANCA, DIÂMETRO: 21, MATERIAL: PLÁSTICO;EMB;3000,0000;1,5400;4620,0000;0,0000;31/12/2026
ERN - HOSPITAL DR JOSÉ PEDRO BEZERRA DE NATAL;925778;1581;Material;925778-7/2026;Material uso consumo nutrição;Catálogo do Compras.gov.br;Material;7240;RECEPIENTES PARA USO DOMÉSTICO E COMERCIAL;4597;CARRO COLETOR LIXO;392424;CAPACIDADE: 120, CARACTERÍSTICAS ADICIONAIS: 2 RODAS / DIMENSAO 93X48X55 CM, COMPONENTES: COM TAMPA, COR: BRANCA, MATERIAL: POLIPROPILENO;UN;10,0000;350,0000;3500,0000;0,0000;31/12/2026
ERN - HOSPITAL DR JOSÉ PEDRO BEZERRA DE NATAL;925778;1582;Material;925778-7/2026;Material uso consumo nutrição;Catálogo do Compras.gov.br;Material;7340;CUTELARIA E TALHERES;12501;TALHER DESCARTÁVEL;304509;APLICAÇÃO: REFEIÇÃO, COR: BRANCA, MATERIAL: PLÁSTICO, TIPO: GARFO;PCT;2000,0000;5,1700;10340,0000;0,0000;31/12/2026
ERN - HOSPITAL DR JOSÉ PEDRO BEZERRA DE NATAL;925778;1583;Material;925778-7/2026;Material uso consumo nutrição;Catálogo do Compras.gov.br;Material;7240;RECEPIENTES PARA USO DOMÉSTICO E COMERCIAL;3819;BORRIFADOR;272254;APLICAÇÃO: ACONDICIONAR SOLUÇÃO REVELADORA, CAPACIDADE: 500, MATERIAL: PLÁSTICO, TIPO: SPRAY, CONTENDO BICO BORRIFADOR;UN;50,0000;7,5000;375,0000;0,0000;31/12/2026
ERN - HOSPITAL DR JOSÉ PEDRO BEZERRA DE NATAL;925778;1584;Material;925778-7/2026;Material uso consumo nutrição;Catálogo do Compras.gov.br;Material;7240;RECEPIENTES PARA USO DOMÉSTICO E COMERCIAL;11495;LIXEIRA;296445;CAPACIDADE: 60;UN;50,0000;78,0000;3900,0000;0,0000;31/12/2026
ERN - HOSPITAL DR JOSÉ PEDRO BEZERRA DE NATAL;925778;1585;Material;925778-7/2026;Material uso consumo nutrição;Catálogo do Compras.gov.br;Material;7350;LOUÇA E ARTIGOS DE MESA;5849;COPO DESCARTÁVEL;326145;APLICAÇÃO: ÁGUA/SUCO E REFRIGERENTE, CAPACIDADE: 180, CARACTERÍSTICAS ADICIONAIS: ATÓXICO, DE ACORDO C/ NORMA ABNT, NBR 14865, COR: BRANCO, MATERIAL: POLIESTIRENO;CX;240,0000;64,0000;15360,0000;0,0000;31/12/2026
ERN - HOSPITAL DR JOSÉ PEDRO BEZERRA DE NATAL;925778;1586;Material;925778-7/2026;Material uso consumo nutrição;Catálogo do Compras.gov.br;Material;7195;MOBILIÁRIOS DIVERSOS E ACESSÓRIOS;16077;RODÍZIO GIRATÓRIO;250047;APLICAÇÃO: CARRINHO TRANSPORTE MATERIAIS, CAPACIDADE CARGA: 300, COMPRIMENTO ROLAMENTO: 127, DIÂMETRO EXTERNO: 4, ESPESSURA ROLAMENTO: 3, LARGURA: 38, LARGURA ROLAMENTO: 100, MATERIAL BANDA RODAGEM: POLIURETANO TERMOPLÁSTICO COM DUREZA 90 SHOE "A", MATERIAL ESTRUTURA: AÇO, MATERIAL NÚCLEO RODA: FERRO C/PINTURA EPOXI PRETO, QUANTIDADE FUROS FIXAÇÃO: 4 DE 11 MM DE DIÂMETRO, REFERÊNCIA FABRICANTE: GL 414 UFS - NOVEX, TIPO MANCAL: ROLAMENTO DE ESFERA 2ZZ, TIPO ROLAMENTO: AXIAL;UN;100,0000;47,0000;4700,0000;0,0000;31/12/2026
ERN - HOSPITAL DR JOSÉ PEDRO BEZERRA DE NATAL;925778;1587;Material;925778-7/2026;Material uso consumo nutrição;Catálogo do Compras.gov.br;Material;7350;LOUÇA E ARTIGOS DE MESA;5849;COPO DESCARTÁVEL;352341;CAPACIDADE: 300, COR: BRANCO, MATERIAL: POLIPROPILENO;PCT;4000,0000;10,0000;40000,0000;0,0000;31/12/2026
ERN - HOSPITAL DR JOSÉ PEDRO BEZERRA DE NATAL;925778;1588;Material;925778-7/2026;Material uso consumo nutrição;Catálogo do Compras.gov.br;Material;7240;RECEPIENTES PARA USO DOMÉSTICO E COMERCIAL;11495;LIXEIRA;616109;CAPACIDADE: 30, CARACTERÍSTICAS ADICIONAIS: COM TAMPA E PEDAL, COR: CINZA, MATERIAL: POLIPROPILENO INJETADO;UN;50,0000;68,0000;3400,0000;0,0000;31/12/2026
ERN - HOSPITAL DR JOSÉ PEDRO BEZERRA DE NATAL;925778;1589;Material;925778-7/2026;Material uso consumo nutrição;Catálogo do Compras.gov.br;Material;7240;RECEPIENTES PARA USO DOMÉSTICO E COMERCIAL;764;BALDE;278322;CAPACIDADE: 100, CARACTERÍSTICAS ADICIONAIS: COM TAMPA, MATERIAL: PLÁSTICO;UN;10,0000;44,9000;449,0000;0,0000;31/12/2026
ERN - HOSPITAL DR JOSÉ PEDRO BEZERRA DE NATAL;925778;1590;Material;925778-7/2026;Material uso consumo nutrição;Catálogo do Compras.gov.br;Material;7330;UTENSÍLIOS E FERRAMENTAS MANUAIS DE COZINHA;2141;AFIADOR MANUAL/ELÉTRICO;;;-;0,0000;0,0000;150,0000;0,0000;31/12/2026
ERN - HOSPITAL DR JOSÉ PEDRO BEZERRA DE NATAL;925778;1591;Material;925778-7/2026;Material uso consumo nutrição;Catálogo do Compras.gov.br;Material;7330;UTENSÍLIOS E FERRAMENTAS MANUAIS DE COZINHA;1130;DESCASCADOR LEGUMES;443912;APLICAÇÃO: COZINHA, CARACTERÍSTICAS ADICIONAIS: MANUAL, MATERIAL: AÇO INOXIDÁVEL, MATERIAL CABO: POLIPROPILENO;UN;10,0000;50,0000;500,0000;0,0000;31/12/2026
ERN - HOSPITAL DR JOSÉ PEDRO BEZERRA DE NATAL;925778;1592;Material;925778-7/2026;Material uso consumo nutrição;Catálogo do Compras.gov.br;Material;7360;JOGOS, CONJUNTOS  E  EQUIPAMENTOS PARA PREPARAR E SERVIR ALIMENTOS;3300;BANDEJA DE AÇO;327839;APLICAÇÃO: SERVIR REFEIÇÕES, CARACTERÍSTICAS ADICIONAIS: SEM ALÇA, COMPRIMENTO: 400, LARGURA: 300, MATERIAL: AÇO INOXIDÁVEL, FORMATO: RETANGULAR;UN;100,0000;50,0000;5000,0000;0,0000;31/12/2026
ERN - HOSPITAL DR JOSÉ PEDRO BEZERRA DE NATAL;925778;1593;Material;925778-7/2026;Material uso consumo nutrição;Catálogo do Compras.gov.br;Material;7330;UTENSÍLIOS E FERRAMENTAS MANUAIS DE COZINHA;1287;JARRA;428385;APLICAÇÃO: COPA E COZINHA, CAPACIDADE: 2, MATERIAL: AÇO INOXIDÁVEL, MODELO: COM TAMPA E ALÇA;UN;10,0000;140,0000;1400,0000;0,0000;31/12/2026
ERN - HOSPITAL DR JOSÉ PEDRO BEZERRA DE NATAL;925778;1594;Material;925778-7/2026;Material uso consumo nutrição;Catálogo do Compras.gov.br;Material;7350;LOUÇA E ARTIGOS DE MESA;1151;TRAVESSA;454236;ALTURA: 5, CARACTERÍSTICAS ADICIONAIS: SEM TAMPA, FORMATO: OVAL, MATERIAL: AÇO INOXIDÁVEL, TAMANHO: 34 X 22, TIPO: FUNDO;UN;5,0000;65,0000;325,0000;0,0000;31/12/2026
ERN - HOSPITAL DR JOSÉ PEDRO BEZERRA DE NATAL;925778;1595;Material;925778-7/2026;Material uso consumo nutrição;Catálogo do Compras.gov.br;Material;7330;UTENSÍLIOS E FERRAMENTAS MANUAIS DE COZINHA;1225;ABRIDOR;437939;CARACTERÍSTICAS ADICIONAIS: USO LATA, COMPRIMENTO: 15 CM, MATERIAL: AÇO INOXIDÁVEL;UN;10,0000;15,0000;150,0000;0,0000;31/12/2026
ERN - HOSPITAL DR JOSÉ PEDRO BEZERRA DE NATAL;925778;1596;Material;925778-7/2026;Material uso consumo nutrição;Catálogo do Compras.gov.br;Material;7340;CUTELARIA E TALHERES;17712;CUTELO;331212;CARACTERÍSTICAS ADICIONAIS: CABO ATÓXICO, COM AÇÃO ANTIMICROBIANA, COMPRIMENTO LÂMINA: 6, MATERIAL CABO: POLIPROPILENO, MATERIAL LÂMINA: AÇO INOXIDÁVEL;UN;2,0000;300,0000;600,0000;0,0000;31/12/2026
ERN - HOSPITAL DR JOSÉ PEDRO BEZERRA DE NATAL;925778;1597;Material;925778-7/2026;Material uso consumo nutrição;Catálogo do Compras.gov.br;Material;7340;CUTELARIA E TALHERES;7276;FACA;465743;APLICAÇÃO: CORTAR PÃO, COMPRIMENTO CABO: 14,5, COMPRIMENTO LÂMINA: 30,50, COR CABO: BRANCA, ESPESSURA: 2,00, MATERIAL CABO: POLIPROPILENO INJETADO, MATERIAL LÂMINA: AÇO INOXIDÁVEL, TIPO: FIO ONDULADO;UN;10,0000;45,0000;450,0000;0,0000;31/12/2026
ERN - HOSPITAL DR JOSÉ PEDRO BEZERRA DE NATAL;925778;1598;Material;925778-7/2026;Material uso consumo nutrição;Catálogo do Compras.gov.br;Material;7340;CUTELARIA E TALHERES;7276;FACA;465736;APLICAÇÃO: CORTAR LEGUMES E VERDURAS, COMPRIMENTO LÂMINA: 18, COR CABO: BRANCA, ESPESSURA: 1,40, LARGURA LÂMINA: 2,50, MATERIAL CABO: POLIPROPILENO INJETADO, MATERIAL LÂMINA: AÇO INOXIDÁVEL, TIPO: FIO LISO;UN;10,0000;45,0000;450,0000;0,0000;31/12/2026
ERN - HOSPITAL DR JOSÉ PEDRO BEZERRA DE NATAL;925778;1599;Material;925778-7/2026;Material uso consumo nutrição;Catálogo do Compras.gov.br;Material;7340;CUTELARIA E TALHERES;1139;FACA MESA;219007;COR CABO: BRANCA, MATERIAL CABO: POLIPROPILENO, MATERIAL LÂMINA: AÇO INOXIDÁVEL;UN;10,0000;35,0000;350,0000;0,0000;31/12/2026
ERN - HOSPITAL DR JOSÉ PEDRO BEZERRA DE NATAL;925778;1600;Material;925778-7/2026;Material uso consumo nutrição;Catálogo do Compras.gov.br;Material;7340;CUTELARIA E TALHERES;7276;FACA;455573;APLICAÇÃO: CORTAR CARNE, COMPRIMENTO LÂMINA: 8, LARGURA LÂMINA: 8, MATERIAL CABO: POLIPROPILENO, MATERIAL LÂMINA: AÇO INOXIDÁVEL;UN;10,0000;70,0000;700,0000;0,0000;31/12/2026
ERN - HOSPITAL DR JOSÉ PEDRO BEZERRA DE NATAL;925778;1601;Material;925778-7/2026;Material uso consumo nutrição;Catálogo do Compras.gov.br;Material;7340;CUTELARIA E TALHERES;7276;FACA;431290;COMPRIMENTO CABO: 5, COMPRIMENTO LÂMINA: 12, COR CABO: BRANCA, MATERIAL CABO: POLIPROPILENO, MATERIAL LÂMINA: AÇO INOXIDÁVEL;UN;10,0000;200,0000;2000,0000;0,0000;31/12/2026
ERN - HOSPITAL DR JOSÉ PEDRO BEZERRA DE NATAL;925778;1602;Material;925778-7/2026;Material uso consumo nutrição;Catálogo do Compras.gov.br;Material;7340;CUTELARIA E TALHERES;7276;FACA;397159;COMPRIMENTO LÂMINA: 9, MATERIAL CABO: POLIPROPILENO INJETADO, MATERIAL LÂMINA: AÇO INOXIDÁVEL;UN;10,0000;200,0000;2000,0000;0,0000;31/12/2026
ERN - HOSPITAL DR JOSÉ PEDRO BEZERRA DE NATAL;925778;1603;Material;925778-7/2026;Material uso consumo nutrição;Catálogo do Compras.gov.br;Material;7340;CUTELARIA E TALHERES;7276;FACA;393547;APLICAÇÃO: CORTAR CARNE, CARACTERÍSTICAS ADICIONAIS: LÂMINA RETA, COMPRIMENTO LÂMINA: 15, COR CABO: BRANCA, LARGURA LÂMINA: 2,80, MATERIAL CABO: POLIETILENO, MATERIAL LÂMINA: AÇO CARBONO, TIPO: FIO LISO;UN;10,0000;200,0000;2000,0000;0,0000;31/12/2026
ERN - HOSPITAL DR JOSÉ PEDRO BEZERRA DE NATAL;925778;1604;Material;925778-7/2026;Material uso consumo nutrição;Catálogo do Compras.gov.br;Material;7340;CUTELARIA E TALHERES;7276;FACA;282595;APLICAÇÃO: DESOSSA DE CARNE, COMPRIMENTO LÂMINA: 6, MATERIAL CABO: POLIETILENO, MATERIAL LÂMINA: AÇO INOXIDÁVEL;UN;10,0000;90,0000;900,0000;0,0000;31/12/2026
ERN - HOSPITAL DR JOSÉ PEDRO BEZERRA DE NATAL;925778;1605;Material;925778-7/2026;Material uso consumo nutrição;Catálogo do Compras.gov.br;Material;7340;CUTELARIA E TALHERES;17793;GARFO PARA ASSADO;334674;COMPRIMENTO: 30, MATERIAL CORPO: AÇO INOXIDÁVEL;UN;5,0000;40,0000;200,0000;0,0000;31/12/2026
ERN - HOSPITAL DR JOSÉ PEDRO BEZERRA DE NATAL;925778;1606;Material;925778-7/2026;Material uso consumo nutrição;Catálogo do Compras.gov.br;Material;7340;CUTELARIA E TALHERES;17793;GARFO PARA ASSADO;283880;APLICAÇÃO: COPA, COMPRIMENTO: 40, MATERIAL CORPO: AÇO INOXIDÁVEL;UN;5,0000;60,0000;300,0000;0,0000;31/12/2026
ERN - HOSPITAL DR JOSÉ PEDRO BEZERRA DE NATAL;925778;1607;Material;925778-7/2026;Material uso consumo nutrição;Catálogo do Compras.gov.br;Material;7330;UTENSÍLIOS E FERRAMENTAS MANUAIS DE COZINHA;1130;DESCASCADOR LEGUMES;354175;CAPACIDADE: 420, CARACTERÍSTICAS ADICIONAIS: TAMPA REMOVÍVEL PARA LIMPEZA, CANO DE ÁGUA PARA LA, MATERIAL: AÇO INOXIDÁVEL AISI 304, TIPO: ELÉTRICO;UN;1,0000;15000,0000;15000,0000;0,0000;31/12/2026
ERN - HOSPITAL DR JOSÉ PEDRO BEZERRA DE NATAL;925778;1608;Material;925778-7/2026;Material uso consumo nutrição;Catálogo do Compras.gov.br;Material;7340;CUTELARIA E TALHERES;1132;CONCHA;454989;CAPACIDADE: 250, CARACTERÍSTICAS ADICIONAIS: TIPO PEGADOR DE CEREAIS EM EMPÓRIOS, MATERIAL CABO: AÇO INOXIDÁVEL, MATERIAL CORPO: AÇO INOXIDÁVEL;UN;10,0000;62,0000;620,0000;0,0000;31/12/2026
ERN - HOSPITAL DR JOSÉ PEDRO BEZERRA DE NATAL;925778;1609;Material;925778-7/2026;Material uso consumo nutrição;Catálogo do Compras.gov.br;Material;7340;CUTELARIA E TALHERES;1132;CONCHA;454990;CAPACIDADE: 500, CARACTERÍSTICAS ADICIONAIS: TIPO PEGADOR DE CEREAIS EM EMPÓRIOS, MATERIAL CABO: AÇO INOXIDÁVEL, MATERIAL CORPO: AÇO INOXIDÁVEL;UN;10,0000;120,0000;1200,0000;0,0000;31/12/2026
ERN - HOSPITAL DR JOSÉ PEDRO BEZERRA DE NATAL;925778;1610;Material;925778-7/2026;Material uso consumo nutrição;Catálogo do Compras.gov.br;Material;7340;CUTELARIA E TALHERES;1132;CONCHA;397337;CAPACIDADE: 80, COMPRIMENTO: 16, MATERIAL CABO: AÇO INOXIDÁVEL, MATERIAL CORPO: AÇO INOXIDÁVEL;UN;10,0000;70,0000;700,0000;0,0000;31/12/2026
ERN - HOSPITAL DR JOSÉ PEDRO BEZERRA DE NATAL;925778;1611;Material;925778-7/2026;Material uso consumo nutrição;Catálogo do Compras.gov.br;Material;7340;CUTELARIA E TALHERES;1132;CONCHA;397338;CAPACIDADE: 120, COMPRIMENTO: 31,50, MATERIAL CABO: AÇO INOXIDÁVEL, MATERIAL CORPO: AÇO INOXIDÁVEL;UN;10,0000;68,0000;680,0000;0,0000;31/12/2026
ERN - HOSPITAL DR JOSÉ PEDRO BEZERRA DE NATAL;925778;1612;Material;925778-7/2026;Material uso consumo nutrição;Catálogo do Compras.gov.br;Material;7340;CUTELARIA E TALHERES;1132;CONCHA;283162;CAPACIDADE: 1.000, MATERIAL CABO: ALUMÍNIO, MATERIAL CORPO: ALUMÍNIO;UN;10,0000;165,0000;1650,0000;0,0000;31/12/2026
ERN - HOSPITAL DR JOSÉ PEDRO BEZERRA DE NATAL;925778;1613;Material;925778-7/2026;Material uso consumo nutrição;Catálogo do Compras.gov.br;Material;7340;CUTELARIA E TALHERES;1135;ESPUMADEIRA;482851;MATERIAL CABO: AÇO INOXIDÁVEL, MATERIAL CORPO: AÇO INOXIDÁVEL, TAMANHO: 30 CM;UN;10,0000;110,0000;1100,0000;0,0000;31/12/2026
ERN - HOSPITAL DR JOSÉ PEDRO BEZERRA DE NATAL;925778;1614;Material;925778-7/2026;Material uso consumo nutrição;Catálogo do Compras.gov.br;Material;7340;CUTELARIA E TALHERES;1135;ESPUMADEIRA;413319;MATERIAL CABO: AÇO INOXIDÁVEL, MATERIAL CORPO: AÇO INOXIDÁVEL, TAMANHO: 9 X 30 CM;UN;10,0000;50,0000;500,0000;0,0000;31/12/2026
ERN - HOSPITAL DR JOSÉ PEDRO BEZERRA DE NATAL;925778;1615;Material;925778-7/2026;Material uso consumo nutrição;Catálogo do Compras.gov.br;Material;7360;JOGOS, CONJUNTOS  E  EQUIPAMENTOS PARA PREPARAR E SERVIR ALIMENTOS;7160;ESPÁTULA;328792;APLICAÇÃO: SERVIR PATÊ, COMPRIMENTO: 15, COMPRIMENTO CABO: 9, MATERIAL: AÇO INOXIDÁVEL, MATERIAL CABO: POLIPROPILENO;UN;10,0000;20,0000;200,0000;0,0000;31/12/2026
ERN - HOSPITAL DR JOSÉ PEDRO BEZERRA DE NATAL;925778;1616;Material;925778-7/2026;Material uso consumo nutrição;Catálogo do Compras.gov.br;Material;7360;JOGOS, CONJUNTOS  E  EQUIPAMENTOS PARA PREPARAR E SERVIR ALIMENTOS;7160;ESPÁTULA;623408;APLICAÇÃO: USO CULINÁRIO, COMPRIMENTO: 39,30, MATERIAL: SILICONE, MATERIAL CABO: INOX;UN;10,0000;110,0000;1100,0000;0,0000;31/12/2026
ERN - HOSPITAL DR JOSÉ PEDRO BEZERRA DE NATAL;925778;1617;Material;925778-7/2026;Material uso consumo nutrição;Catálogo do Compras.gov.br;Material;7340;CUTELARIA E TALHERES;10268;PÁ CULINÁRIA;242722;APLICAÇÃO: CORTAR E SERVIR BOLOS E TORTAS, COMPRIMENTO CABO: 13, COMPRIMENTO CORPO: 11, LARGURA: 5, MATERIAL CABO: AÇO INOXIDÁVEL, MATERIAL CORPO: AÇO INOXIDÁVEL;UN;10,0000;110,0000;1100,0000;0,0000;31/12/2026
ERN - HOSPITAL DR JOSÉ PEDRO BEZERRA DE NATAL;925778;1618;Material;925778-7/2026;Material uso consumo nutrição;Catálogo do Compras.gov.br;Material;7340;CUTELARIA E TALHERES;10595;PEGADOR ALIMENTO;464896;CARACTERÍSTICAS ADICIONAIS: PEGADOR DE SALADA, COMPRIMENTO: 28, MATERIAL: AÇO INOXIDÁVEL;UN;10,0000;36,0000;360,0000;0,0000;31/12/2026
ERN - HOSPITAL DR JOSÉ PEDRO BEZERRA DE NATAL;925778;1619;Material;925778-7/2026;Material uso consumo nutrição;Catálogo do Compras.gov.br;Material;7340;CUTELARIA E TALHERES;10595;PEGADOR ALIMENTO;441330;COMPRIMENTO: 18, MATERIAL: AÇO INOXIDÁVEL;UN;10,0000;30,0000;300,0000;0,0000;31/12/2026
ERN - HOSPITAL DR JOSÉ PEDRO BEZERRA DE NATAL;925778;1620;Material;925778-7/2026;Material uso consumo nutrição;Catálogo do Compras.gov.br;Material;7330;UTENSÍLIOS E FERRAMENTAS MANUAIS DE COZINHA;11401;RALADOR ALIMENTO;261597;APLICAÇÃO: COZINHA, MATERIAL: AÇO INOXIDÁVEL, QUANTIDADE FACES: 4, TIPO: MANUAL;UN;6,0000;130,0000;780,0000;0,0000;31/12/2026
ERN - HOSPITAL DR JOSÉ PEDRO BEZERRA DE NATAL;925778;1621;Material;925778-7/2026;Material uso consumo nutrição;Catálogo do Compras.gov.br;Material;7330;UTENSÍLIOS E FERRAMENTAS MANUAIS DE COZINHA;1057;ASSADEIRA COZINHA COMERCIAL;454242;ALTURA: 5, DIÂMETRO: 24, FORMATO: REDONDO, MATERIAL: ALUMÍNIO;UN;10,0000;50,0000;500,0000;0,0000;31/12/2026
ERN - HOSPITAL DR JOSÉ PEDRO BEZERRA DE NATAL;925778;1622;Material;925778-7/2026;Material uso consumo nutrição;Catálogo do Compras.gov.br;Material;7330;UTENSÍLIOS E FERRAMENTAS MANUAIS DE COZINHA;1057;ASSADEIRA COZINHA COMERCIAL;623410;ALTURA: 6,8, APLICAÇÃO: PREPARAÇÃO DE ALIMENTOS, CARACTERÍSTICAS ADICIONAIS: FUNDA, ANTIADERENTE, COMPRIMENTO: 45,2, FORMATO: RETANGULAR, LARGURA: 32,3, MATERIAL: ALUMÍNIO;UN;10,0000;60,0000;600,0000;0,0000;31/12/2026
ERN - HOSPITAL DR JOSÉ PEDRO BEZERRA DE NATAL;925778;1623;Material;925778-7/2026;Material uso consumo nutrição;Catálogo do Compras.gov.br;Material;7330;UTENSÍLIOS E FERRAMENTAS MANUAIS DE COZINHA;1057;ASSADEIRA COZINHA COMERCIAL;325319;ALTURA: 4,5, COMPRIMENTO: 40, FORMATO: RETANGULAR, LARGURA: 22, MATERIAL: ALUMÍNIO;UN;10,0000;68,0000;680,0000;0,0000;31/12/2026
ERN - HOSPITAL DR JOSÉ PEDRO BEZERRA DE NATAL;925778;1624;Material;925778-7/2026;Material uso consumo nutrição;Catálogo do Compras.gov.br;Material;7330;UTENSÍLIOS E FERRAMENTAS MANUAIS DE COZINHA;1057;ASSADEIRA COZINHA COMERCIAL;351545;ALTURA: 5, CARACTERÍSTICAS ADICIONAIS: COM ALÇAS MESMO MATERIAL, COMPRIMENTO: 60, FORMATO: RETANGULAR, LARGURA: 40, MATERIAL: ALUMÍNIO;UN;10,0000;200,0000;2000,0000;0,0000;31/12/2026
ERN - HOSPITAL DR JOSÉ PEDRO BEZERRA DE NATAL;925778;1625;Material;925778-7/2026;Material uso consumo nutrição;Catálogo do Compras.gov.br;Material;7310;EQUIPAMENTOS PARA COZINHAR, ASSAR E SERVIR ALIMENTOS;7843;FRIGIDEIRA;444499;DIÂMETRO: 25, MATERIAL: ALUMÍNIO, MATERIAL CABO: BAQUELITE, REVESTIMENTO: ANTIADERENTE, TIPO: RASA;UN;6,0000;50,0000;300,0000;0,0000;31/12/2026
ERN - HOSPITAL DR JOSÉ PEDRO BEZERRA DE NATAL;925778;1626;Material;925778-7/2026;Material uso consumo nutrição;Catálogo do Compras.gov.br;Material;7310;EQUIPAMENTOS PARA COZINHAR, ASSAR E SERVIR ALIMENTOS;7843;FRIGIDEIRA;441363;APLICAÇÃO: COPA E COZINHA, DIÂMETRO: 40, MATERIAL: ALUMÍNIO POLIDO, MATERIAL CABO: BAQUELITE ANTITÉRMICO, TIPO: RASA;UN;6,0000;200,0000;1200,0000;0,0000;31/12/2026
ERN - HOSPITAL DR JOSÉ PEDRO BEZERRA DE NATAL;925778;1627;Material;925778-7/2026;Material uso consumo nutrição;Catálogo do Compras.gov.br;Material;7310;EQUIPAMENTOS PARA COZINHAR, ASSAR E SERVIR ALIMENTOS;7843;FRIGIDEIRA;442943;APLICAÇÃO: COPA E COZINHA, DIÂMETRO: 50, MATERIAL: ALUMÍNIO, REVESTIMENTO: ANTIADERENTE, TIPO: FUNDA;UN;10,0000;175,0000;1750,0000;0,0000;31/12/2026
ERN - HOSPITAL DR JOSÉ PEDRO BEZERRA DE NATAL;925778;1628;Material;925778-7/2026;Material uso consumo nutrição;Catálogo do Compras.gov.br;Material;7330;UTENSÍLIOS E FERRAMENTAS MANUAIS DE COZINHA;14460;ESCORREDOR;471267;APLICAÇÃO: MASSAS, CARACTERÍSTICAS ADICIONAIS: ALÇAS REFORÇADAS, Nº 40, MATERIAL: ALUMÍNIO;UN;6,0000;150,0000;900,0000;0,0000;31/12/2026
ERN - HOSPITAL DR JOSÉ PEDRO BEZERRA DE NATAL;925778;1631;Material;925778-7/2026;Material uso consumo nutrição;Catálogo do Compras.gov.br;Material;7330;UTENSÍLIOS E FERRAMENTAS MANUAIS DE COZINHA;12474;TACHO;397284;ALTURA: 13,50, CAPACIDADE: 9,25, CARACTERÍSTICAS ADICIONAIS: COM ORLA E 2 ALÇAS, DIÂMETRO BOCA: 35, MATERIAL: ALUMÍNIO;UN;6,0000;80,0000;480,0000;0,0000;31/12/2026
ERN - HOSPITAL DR JOSÉ PEDRO BEZERRA DE NATAL;925778;1632;Material;925778-7/2026;Material uso consumo nutrição;Catálogo do Compras.gov.br;Material;7210;UTENSÍLIOS DOMÉSTICOS;1046;CAÇAROLA;416483;CAPACIDADE: 3,1, CARACTERÍSTICAS ADICIONAIS: 2 ALÇAS E TAMPA, MATERIAL: AÇO INOXIDÁVEL;UN;6,0000;120,0000;720,0000;0,0000;31/12/2026
ERN - HOSPITAL DR JOSÉ PEDRO BEZERRA DE NATAL;925778;1633;Material;925778-7/2026;Material uso consumo nutrição;Catálogo do Compras.gov.br;Material;7210;UTENSÍLIOS DOMÉSTICOS;1046;CAÇAROLA;313573;CAPACIDADE: 5,6, CARACTERÍSTICAS ADICIONAIS: COM TAMPA E ALÇAS REFORÇADAS, Nº 24, MATERIAL: ALUMÍNIO REFORÇADO, ALTURA: 12,50;UN;6,0000;200,0000;1200,0000;0,0000;31/12/2026
ERN - HOSPITAL DR JOSÉ PEDRO BEZERRA DE NATAL;925778;1634;Material;925778-7/2026;Material uso consumo nutrição;Catálogo do Compras.gov.br;Material;7210;UTENSÍLIOS DOMÉSTICOS;1046;CAÇAROLA;286243;CARACTERÍSTICAS ADICIONAIS: COM TAMPA E ALÇAS LATERAIS, Nº 30, MATERIAL: ALUMÍNIO FUNDIDO, DIÂMETRO: 23;UN;6,0000;220,0000;1320,0000;0,0000;31/12/2026
ERN - HOSPITAL DR JOSÉ PEDRO BEZERRA DE NATAL;925778;1635;Material;925778-7/2026;Material uso consumo nutrição;Catálogo do Compras.gov.br;Material;7210;UTENSÍLIOS DOMÉSTICOS;1046;CAÇAROLA;286244;CARACTERÍSTICAS ADICIONAIS: COM TAMPA E ALÇAS LATERAIS, Nº 40, MATERIAL: ALUMÍNIO FUNDIDO, DIÂMETRO: 25;UN;6,0000;250,0000;1500,0000;0,0000;31/12/2026
ERN - HOSPITAL DR JOSÉ PEDRO BEZERRA DE NATAL;925778;1636;Material;925778-7/2026;Material uso consumo nutrição;Catálogo do Compras.gov.br;Material;7210;UTENSÍLIOS DOMÉSTICOS;1046;CAÇAROLA;276958;CAPACIDADE: 52, CARACTERÍSTICAS ADICIONAIS: COM ALÇA(S), MATERIAL: ALUMÍNIO, ALTURA: 22, ESPESSURA: 5, DIÂMETRO: 52;UN;6,0000;500,0000;3000,0000;0,0000;31/12/2026
ERN - HOSPITAL DR JOSÉ PEDRO BEZERRA DE NATAL;925778;1637;Material;925778-7/2026;Material uso consumo nutrição;Catálogo do Compras.gov.br;Material;7350;LOUÇA E ARTIGOS DE MESA;4400;CANECA;619802;CAPACIDADE: 2, CARACTERÍSTICAS ADICIONAIS: FERVEDOR, MATERIAL: ALUMÍNIO, USO: COPA E COZINHA;UN;4,0000;80,0000;320,0000;0,0000;31/12/2026
ERN - HOSPITAL DR JOSÉ PEDRO BEZERRA DE NATAL;925778;1638;Material;925778-7/2026;Material uso consumo nutrição;Catálogo do Compras.gov.br;Material;7350;LOUÇA E ARTIGOS DE MESA;4400;CANECA;366414;CAPACIDADE: 4, MATERIAL: ALUMÍNIO, USO: COPA E COZINHA, DIÂMETRO: 18, ALTURA: 18;UN;4,0000;120,0000;480,0000;0,0000;31/12/2026
ERN - HOSPITAL DR JOSÉ PEDRO BEZERRA DE NATAL;925778;1639;Material;925778-7/2026;Material uso consumo nutrição;Catálogo do Compras.gov.br;Material;7330;UTENSÍLIOS E FERRAMENTAS MANUAIS DE COZINHA;16429;PANELA CUSCUZ;254852;CAPACIDADE: 3, MATERIAL: ALUMÍNIO;UN;4,0000;200,0000;800,0000;0,0000;31/12/2026
ERN - HOSPITAL DR JOSÉ PEDRO BEZERRA DE NATAL;925778;1640;Material;925778-7/2026;Material uso consumo nutrição;Catálogo do Compras.gov.br;Material;7330;UTENSÍLIOS E FERRAMENTAS MANUAIS DE COZINHA;16429;PANELA CUSCUZ;391985;CAPACIDADE: 20, CARACTERÍSTICAS ADICIONAIS: Nº 30, MATERIAL: ALUMÍNIO;UN;6,0000;250,0000;1500,0000;0,0000;31/12/2026
ERN - HOSPITAL DR JOSÉ PEDRO BEZERRA DE NATAL;925778;1641;Material;925778-7/2026;Material uso consumo nutrição;Catálogo do Compras.gov.br;Material;7330;UTENSÍLIOS E FERRAMENTAS MANUAIS DE COZINHA;1060;FORMA;465874;ALTURA: 9, APLICAÇÃO: PUDIM, CARACTERÍSTICAS ADICIONAIS: COM TAMPA E FURO CENTRAL, DIÂMETRO: 22, FORMATO: REDONDA, MATERIAL: ALUMÍNIO, TAMANHO: Nº 22;UN;5,0000;40,0000;200,0000;0,0000;31/12/2026
ERN - HOSPITAL DR JOSÉ PEDRO BEZERRA DE NATAL;925778;1642;Material;925778-7/2026;Material uso consumo nutrição;Catálogo do Compras.gov.br;Material;7330;UTENSÍLIOS E FERRAMENTAS MANUAIS DE COZINHA;1060;FORMA;248968;ALTURA: 15, APLICAÇÃO: USO CULINÁRIO, DIÂMETRO: 30, FORMATO: REDONDA, MATERIAL: ALUMÍNIO, TIPO: COM FURO CENTRAL;UN;6,0000;60,0000;360,0000;0,0000;31/12/2026
ERN - HOSPITAL DR JOSÉ PEDRO BEZERRA DE NATAL;925778;1643;Material;925778-7/2026;Material uso consumo nutrição;Catálogo do Compras.gov.br;Material;7330;UTENSÍLIOS E FERRAMENTAS MANUAIS DE COZINHA;1075;PANELA PRESSÃO;626118;CAPACIDADE: 5, CARACTERÍSTICAS ADICIONAIS: TAMPA COM ALÇA, MATERIAL: AÇO INOXIDÁVEL, SISTEMA SEGURANÇA: VÁLVULA SEGURANÇA;UN;2,0000;200,0000;400,0000;0,0000;31/12/2026
ERN - HOSPITAL DR JOSÉ PEDRO BEZERRA DE NATAL;925778;1644;Material;925778-7/2026;Material uso consumo nutrição;Catálogo do Compras.gov.br;Material;7330;UTENSÍLIOS E FERRAMENTAS MANUAIS DE COZINHA;1075;PANELA PRESSÃO;421715;CAPACIDADE: 10, CARACTERÍSTICAS ADICIONAIS: TAMPA COM SISTEMA DE FECHAMENTO EXTERNO, MATERIAL: ALUMÍNIO POLIDO;UN;2,0000;450,0000;900,0000;0,0000;31/12/2026
ERN - HOSPITAL DR JOSÉ PEDRO BEZERRA DE NATAL;925778;1645;Material;925778-7/2026;Material uso consumo nutrição;Catálogo do Compras.gov.br;Material;8125;GARRAFAS E JARROS;1281;GARRAFÃO;600698;APLICAÇÃO: LÍQUIDOS QUENTES E FRIOS, CAPACIDADE: 9, CARACTERÍSTICAS ADICIONAIS: BOTIJÃO TÉRMICO COM TRIPÉ RETRÁTIL, ALÇA EMBUTIDA, MATERIAL: POLIPROPILENO, ISOLAMENTO EM PU;UN;20,0000;300,0000;6000,0000;0,0000;31/12/2026
ERN - HOSPITAL DR JOSÉ PEDRO BEZERRA DE NATAL;925778;1646;Material;925778-7/2026;Material uso consumo nutrição;Catálogo do Compras.gov.br;Material;8125;GARRAFAS E JARROS;1281;GARRAFÃO;429429;APLICAÇÃO: LÍQUIDOS QUENTES E FRIOS, CAPACIDADE: 5, CARACTERÍSTICAS ADICIONAIS: BOTIJÃO TÉRMICO COM TRIPÉ RETRÁTIL, TAMPA ROSCÁVEL, MATERIAL: ESPUMA DE POLIETILENO E DUPLA CAMADA DE PEAD;UN;20,0000;100,0000;2000,0000;0,0000;31/12/2026
ERN - HOSPITAL DR JOSÉ PEDRO BEZERRA DE NATAL;925778;1647;Material;925778-7/2026;Material uso consumo nutrição;Catálogo do Compras.gov.br;Material;7340;CUTELARIA E TALHERES;5362;COLHER;623405;APLICAÇÃO: PREPARO DE ALIMENTOS, CARACTERÍSTICAS ADICIONAIS: CABO LONGO, COMPRIMENTO: 59, MATERIAL CABO: POLIPROPILENO, MATERIAL CORPO: POLIPROPILENO;UN;10,0000;100,0000;1000,0000;0,0000;31/12/2026
ERN - HOSPITAL DR JOSÉ PEDRO BEZERRA DE NATAL;925778;1648;Material;925778-7/2026;Material uso consumo nutrição;Catálogo do Compras.gov.br;Material;7340;CUTELARIA E TALHERES;5362;COLHER;623405;APLICAÇÃO: PREPARO DE ALIMENTOS, CARACTERÍSTICAS ADICIONAIS: CABO LONGO, COMPRIMENTO: 59, MATERIAL CABO: POLIPROPILENO, MATERIAL CORPO: POLIPROPILENO;UN;6,0000;100,0000;600,0000;0,0000;31/12/2026
ERN - HOSPITAL DR JOSÉ PEDRO BEZERRA DE NATAL;925778;1649;Material;925778-7/2026;Material uso consumo nutrição;Catálogo do Compras.gov.br;Material;7340;CUTELARIA E TALHERES;5362;COLHER;287652;COMPRIMENTO: 100, MATERIAL CORPO: POLIETILENO;UN;6,0000;300,0000;1800,0000;0,0000;31/12/2026
ERN - HOSPITAL DR JOSÉ PEDRO BEZERRA DE NATAL;925778;1650;Material;925778-7/2026;Material uso consumo nutrição;Catálogo do Compras.gov.br;Material;7330;UTENSÍLIOS E FERRAMENTAS MANUAIS DE COZINHA;1287;JARRA;419322;CAPACIDADE: 02, CARACTERÍSTICAS ADICIONAIS: COM BICO NO CORPO, MATERIAL: AÇO INOXIDÁVEL, MODELO: COM TAMPA;UN;6,0000;200,0000;1200,0000;0,0000;31/12/2026
ERN - HOSPITAL DR JOSÉ PEDRO BEZERRA DE NATAL;925778;1668;Material;925778-7/2026;Material uso consumo nutrição;Catálogo do Compras.gov.br;Material;7310;EQUIPAMENTOS PARA COZINHAR, ASSAR E SERVIR ALIMENTOS;1070;FOGÃO INDUSTRIAL;621445;ALTURA: 80, CARACTERÍSTICAS ADICIONAIS: COM FORNO, GRELHAS 30CM X 30CM, COMPRIMENTO: 83, FUNCIONAMENTO: GÁS, LARGURA: 73, MATERIAL: AÇO CARBONO, QUANTIDADE BOCAS: 4, TIPO ACENDIMENTO: MANUAL;UN;1,0000;4000,0000;4000,0000;0,0000;31/12/2026
ERN - HOSPITAL DR JOSÉ PEDRO BEZERRA DE NATAL;925778;1669;Material;925778-7/2026;Material uso consumo nutrição;Catálogo do Compras.gov.br;Material;7310;EQUIPAMENTOS PARA COZINHAR, ASSAR E SERVIR ALIMENTOS;1070;FOGÃO INDUSTRIAL;290999;ALTURA: 800, APLICAÇÃO: COZINHAR E ASSAR ALIMENTOS, COMPRIMENTO: 1.510, FUNCIONAMENTO: GÁS, LARGURA: 1.180, MATERIAL: AÇO INOXIDÁVEL, QUANTIDADE BOCAS: 6, TIPO ACENDIMENTO: MANUAL, TIPO USO: COZINHAR ALIMENTOS;UN;1,0000;5000,0000;5000,0000;0,0000;31/12/2026
ERN - HOSPITAL DR JOSÉ PEDRO BEZERRA DE NATAL;925778;1670;Material;925778-7/2026;Material uso consumo nutrição;Catálogo do Compras.gov.br;Material;7310;EQUIPAMENTOS PARA COZINHAR, ASSAR E SERVIR ALIMENTOS;1045;FORNO MICROONDAS;479243;CAPACIDADE: 31, CARACTERÍSTICAS ADICIONAIS: TIMER, PRATO GIRATÓRIO, AUTO DESCONGELAMENTO, MATERIAL: AÇO INOXIDÁVEL, POTÊNCIA: 1.400, VOLTAGEM: 220;UN;1,0000;700,0000;700,0000;0,0000;31/12/2026
ERN - HOSPITAL DR JOSÉ PEDRO BEZERRA DE NATAL;925778;1671;Material;925778-7/2026;Material uso consumo nutrição;Catálogo do Compras.gov.br;Material;7330;UTENSÍLIOS E FERRAMENTAS MANUAIS DE COZINHA;5927;PICADOR LEGUMES;334043;CARACTERÍSTICAS ADICIONAIS: LÂMINA, ALAVANCA E TRIPÉ, CUBO DE PLACA DE 10MM E, MATERIAL: AÇO INOXIDÁVEL, TIPO: MANUAL;UN;5,0000;190,0000;950,0000;0,0000;31/12/2026
ERN - HOSPITAL DR JOSÉ PEDRO BEZERRA DE NATAL;925778;1672;Material;925778-7/2026;Material uso consumo nutrição;Catálogo do Compras.gov.br;Material;7330;UTENSÍLIOS E FERRAMENTAS MANUAIS DE COZINHA;5927;PICADOR LEGUMES;450918;CARACTERÍSTICAS ADICIONAIS: LÂMINAS TROCÁVEIS DE 06, 08, 10 E 12MM, MATERIAL: AÇO INOXIDÁVEL, TIPO: MANUAL;UN;3,0000;280,0000;840,0000;0,0000;31/12/2026
ERN - HOSPITAL DR JOSÉ PEDRO BEZERRA DE NATAL;925778;1673;Material;925778-7/2026;Material uso consumo nutrição;Catálogo do Compras.gov.br;Material;7310;EQUIPAMENTOS PARA COZINHAR, ASSAR E SERVIR ALIMENTOS;1069;CAFETEIRA ELÉTRICA;271088;CAPACIDADE: 6, MATERIAL: AÇO INOXIDÁVEL, VOLTAGEM: 110, APLICAÇÃO: INDUSTRIAL;UN;1,0000;1200,0000;1200,0000;0,0000;31/12/2026
ERN - HOSPITAL DR JOSÉ PEDRO BEZERRA DE NATAL;925778;1674;Material;925778-7/2026;Material uso consumo nutrição;Catálogo do Compras.gov.br;Material;7310;EQUIPAMENTOS PARA COZINHAR, ASSAR E SERVIR ALIMENTOS;1069;CAFETEIRA ELÉTRICA;258143;CAPACIDADE: 50, CARACTERÍSTICAS ADICIONAIS: COM 2 DEPÓSITOS, MATERIAL: AÇO INOXIDÁVEL, VOLTAGEM: 110/220, APLICAÇÃO: INDUSTRIAL;UN;1,0000;5000,0000;5000,0000;0,0000;31/12/2026
ERN - HOSPITAL DR JOSÉ PEDRO BEZERRA DE NATAL;925778;1675;Material;925778-7/2026;Material uso consumo nutrição;Catálogo do Compras.gov.br;Material;7310;EQUIPAMENTOS PARA COZINHAR, ASSAR E SERVIR ALIMENTOS;1058;CALDEIRÃO;457083;CAPACIDADE: 200, CARACTERÍSTICAS ADICIONAIS: GÁS/VAPOR, TAMPA AMERICANA, VÁLVULA SEGURANÇA, MATERIAL: AÇO INOX AISI 304;UN;1,0000;23000,0000;23000,0000;0,0000;31/12/2026
ERN - HOSPITAL DR JOSÉ PEDRO BEZERRA DE NATAL;925778;1676;Material;925778-7/2026;Material uso consumo nutrição;Catálogo do Compras.gov.br;Material;7310;EQUIPAMENTOS PARA COZINHAR, ASSAR E SERVIR ALIMENTOS;1070;FOGÃO INDUSTRIAL;261875;ACABAMENTO SUPERFICIAL: PINTURA, ALTURA: 800, APLICAÇÃO: COZINHAR E ASSAR ALIMENTOS, CARACTERÍSTICAS ADICIONAIS: COM FORNO E PORTA-PANELAS / 2 QUEIMADORES SIMPLES, COMPRIMENTO: 800, FUNCIONAMENTO: GÁS, LARGURA: 900, MATERIAL: AÇO CARBONO, QUANTIDADE BOCAS: 4;UN;1,0000;3000,0000;3000,0000;0,0000;31/12/2026
ERN - HOSPITAL DR JOSÉ PEDRO BEZERRA DE NATAL;925778;1677;Material;925778-7/2026;Material uso consumo nutrição;Catálogo do Compras.gov.br;Material;7310;EQUIPAMENTOS PARA COZINHAR, ASSAR E SERVIR ALIMENTOS;16409;MÁQUINA LAVAR LOUÇAS;322298;CAPACIDADE: 5, CARACTERÍSTICAS ADICIONAIS: LAVA, ENXAGUA, SECA,  DESLIGAMENTO AUTOMÁTICO, AVI, CONSUMO: 1,40, MATERIAL: AÇO INOXIDÁVEL, POTÊNCIA: 1.370, VOLTAGEM: 220;UN;2,0000;28500,0000;57000,0000;0,0000;31/12/2026
ERN - HOSPITAL DR JOSÉ PEDRO BEZERRA DE NATAL;925778;1678;Material;925778-7/2026;Material uso consumo nutrição;Catálogo do Compras.gov.br;Material;7310;EQUIPAMENTOS PARA COZINHAR, ASSAR E SERVIR ALIMENTOS;17704;FOGÃO ELÉTRICO;406604;CARACTERÍSTICAS ADICIONAIS: TAMPO DE VIDRO, COMPONENTES: 1 PLACA AQUECEDORA,CHAVE CONTROLE CALOR COM PAINEL, MATERIAL: AÇO INOXIDÁVEL, POTÊNCIA: 1.800, USO: DOMÉSTICO, VOLTAGEM: 110/127;UN;1,0000;700,0000;700,0000;0,0000;31/12/2026
ERN - HOSPITAL DR JOSÉ PEDRO BEZERRA DE NATAL;925778;1679;Material;925778-7/2026;Material uso consumo nutrição;Catálogo do Compras.gov.br;Material;8415;VESTUÁRIO PARA FINS ESPECIAIS;12848;TOUCA;369561;APLICAÇÃO: COZINHA INDUSTRIAL, CARACTERÍSTICAS ADICIONAIS: TAMANHO ÚNICO COM ELÁSTICO, COR: BRANCA, MATERIAL: TNT, TIPO: DESCARTÁVEL;CX;500,0000;23,0000;11500,0000;0,0000;31/12/2026
ERN - HOSPITAL DR JOSÉ PEDRO BEZERRA DE NATAL;925778;1680;Material;925778-7/2026;Material uso consumo nutrição;Catálogo do Compras.gov.br;Material;7350;LOUÇA E ARTIGOS DE MESA;4436;CANUDO REFRESCO;342561;CARACTERÍSTICAS ADICIONAIS: DESCARTÁVEL, SANFONADO, NÃO TÓXICO, EMBALADO INDI-, COR: LISTRADO BRANCO E VERMELHO, MATERIAL: PLÁSTICO, TAMANHO: 20;PCT;500,0000;10,0000;5000,0000;0,0000;31/12/2026
ERN - HOSPITAL DR JOSÉ PEDRO BEZERRA DE NATAL;925778;1681;Material;925778-7/2026;Material uso consumo nutrição;Catálogo do Compras.gov.br;Material;7350;LOUÇA E ARTIGOS DE MESA;16152;TAMPA COPO;251239;CAPACIDADE COPO: 300, COR: BRANCA, DIÂMETRO: 77, MATERIAL: POLIESTIRENO, TIPO: DESCARTÁVEL;EMB;1000,0000;8,0000;8000,0000;0,0000;31/12/2026
ERN - HOSPITAL DR JOSÉ PEDRO BEZERRA DE NATAL;925778;1682;Material;925778-7/2026;Material uso consumo nutrição;Catálogo do Compras.gov.br;Material;7350;LOUÇA E ARTIGOS DE MESA;16152;TAMPA COPO;339677;CAPACIDADE COPO: 180, CARACTERÍSTICAS ADICIONAIS: NÃO TÓXICO, MATERIAL: POLIESTIRENO, TIPO: DESCARTÁVEL;CX;20,0000;220,0000;4400,0000;0,0000;31/12/2026
ERN - HOSPITAL DR JOSÉ PEDRO BEZERRA DE NATAL;925778;1683;Material;925778-7/2026;Material uso consumo nutrição;Catálogo do Compras.gov.br;Material;7350;LOUÇA E ARTIGOS DE MESA;1080;COPO;461329;CAPACIDADE: 50, CARACTERÍSTICAS ADICIONAIS: FORMA ALTA GRADUADO, MATERIAL: POLIPROPILENO;C;1000,0000;2,0000;2000,0000;0,0000;31/12/2026
ERN - HOSPITAL DR JOSÉ PEDRO BEZERRA DE NATAL;925778;1684;Material;925778-7/2026;Material uso consumo nutrição;Catálogo do Compras.gov.br;Material;7350;LOUÇA E ARTIGOS DE MESA;1080;COPO;466640;CAPACIDADE: 300, CARACTERÍSTICAS ADICIONAIS: PERSONALIZADO, MATERIAL: PLÁSTICO RESISTENTE;PCT;1000,0000;18,0000;18000,0000;0,0000;31/12/2026
ERN - HOSPITAL DR JOSÉ PEDRO BEZERRA DE NATAL;925778;1685;Material;925778-7/2026;Material uso consumo nutrição;Catálogo do Compras.gov.br;Material;7350;LOUÇA E ARTIGOS DE MESA;5849;COPO DESCARTÁVEL;451994;APLICAÇÃO: ÁGUA, CAPACIDADE: 150, MATERIAL: PLÁSTICO;CX;100,0000;150,0000;15000,0000;0,0000;31/12/2026
ERN - HOSPITAL DR JOSÉ PEDRO BEZERRA DE NATAL;925778;1686;Material;925778-7/2026;Material uso consumo nutrição;Catálogo do Compras.gov.br;Material;7340;CUTELARIA E TALHERES;14921;COLHER DESCARTÁVEL;339680;APLICAÇÃO: REFEIÇÃO, CARACTERÍSTICAS ADICIONAIS: RESISTENTE, TAMANHO ADULTO, COR: BRANCA, MATERIAL: PLÁSTICO;PCT;100,0000;5,0000;500,0000;0,0000;31/12/2026
ERN - HOSPITAL DR JOSÉ PEDRO BEZERRA DE NATAL;925778;1687;Material;925778-7/2026;Material uso consumo nutrição;Catálogo do Compras.gov.br;Material;7340;CUTELARIA E TALHERES;1430;FACA DESCARTÁVEL;341327;CARACTERÍSTICAS ADICIONAIS: COM SERRILHA, TAMANHO GRANDE, MATERIAL: PLÁSTICO, APLICAÇÃO: REFEIÇÃO/SOBREMESA;PCT;100,0000;5,0000;500,0000;0,0000;31/12/2026
ERN - HOSPITAL DR JOSÉ PEDRO BEZERRA DE NATAL;925778;1689;Material;925778-7/2026;Material uso consumo nutrição;Catálogo do Compras.gov.br;Material;9450;RESÍDUOS NAO METÁLICOS, EXCETO OS TÊXTEIS;4401;CANECA DE PLÁSTICO;429420;APLICAÇÃO: COPA E COZINHA, CAPACIDADE: 250, CARACTERÍSTICAS ADICIONAIS: PERSONALIZADA CONFORME MODELO, COR: BRANCA, TAMANHO: 9  X 6,40 X 8,90  CM, TIPO: QUADRADA;UN;100,0000;12,9000;1290,0000;0,0000;31/12/2026
ERN - HOSPITAL DR JOSÉ PEDRO BEZERRA DE NATAL;925778;1690;Material;925778-7/2026;Material uso consumo nutrição;Catálogo do Compras.gov.br;Material;9450;RESÍDUOS NAO METÁLICOS, EXCETO OS TÊXTEIS;10891;FILME PLÁSTICO;626131;CARACTERÍSTICAS ADICIONAIS: TRANSPARENTE E ATÓXICO, COMPRIMENTO: 1000, ESPESSURA: 12 MICRAS, LARGURA: 40, MATERIAL: PVC, TIPO: FILME PLÁSTICO;UN;50,0000;70,0000;3500,0000;0,0000;31/12/2026
ERN - HOSPITAL DR JOSÉ PEDRO BEZERRA DE NATAL;925778;1691;Material;925778-7/2026;Material uso consumo nutrição;Catálogo do Compras.gov.br;Material;9450;RESÍDUOS NAO METÁLICOS, EXCETO OS TÊXTEIS;1275;EMBALAGEM PLÁSTICA;626876;ALTURA: 45, APLICAÇÃO: EMBALAR ALIMENTOS, CAPACIDADE: 5, CARACTERÍSTICAS ADICIONAIS: FUNDO RETO, COR: TRANSPARENTE, FORMA: BOBINA, LARGURA: 35, MATERIAL: PLÁSTICO;RO;5000,0000;52,0000;260000,0000;0,0000;31/12/2026
ERN - HOSPITAL DR JOSÉ PEDRO BEZERRA DE NATAL;925778;1692;Material;925778-7/2026;Material uso consumo nutrição;Catálogo do Compras.gov.br;Material;9450;RESÍDUOS NAO METÁLICOS, EXCETO OS TÊXTEIS;1275;EMBALAGEM PLÁSTICA;613744;ALTURA: 120, APLICAÇÃO: ARMAZENAMENTO DE ALIMENTOS, CARACTERÍSTICAS ADICIONAIS: ALTA RESISTÊNCIA/SANFONADO/NÃO RECICLADO/ATÓXICO, COR: INCOLOR, ESPESSURA: 15, FORMA: SACO, MATERIAL: POLIETILENO DE BAIXA DENSIDADE;PCT;5000,0000;80,0000;400000,0000;0,0000;31/12/2026
ERN - HOSPITAL DR JOSÉ PEDRO BEZERRA DE NATAL;925778;1693;Material;925778-7/2026;Material uso consumo nutrição;Catálogo do Compras.gov.br;Material;9450;RESÍDUOS NAO METÁLICOS, EXCETO OS TÊXTEIS;1275;EMBALAGEM PLÁSTICA;429966;CAPACIDADE: 1, CARACTERÍSTICAS ADICIONAIS: ALTA DENSIDADE, BOBINA COM PICOTAMENTO LATERAL, COMPRIMENTO: 60, FORMA: SACO, LARGURA: 40, MATERIAL: POLIETILENO;RO;10000,0000;30,0000;300000,0000;0,0000;31/12/2026
ERN - HOSPITAL DR JOSÉ PEDRO BEZERRA DE NATAL;925778;1694;Material;925778-7/2026;Material uso consumo nutrição;Catálogo do Compras.gov.br;Material;9330;ARTIGOS DE PLÁSTICO;1643;ACENDEDOR FOGÃO;435656;CARACTERÍSTICAS ADICIONAIS: RECARREGÁVEL COM ISQUEIRO, MATERIAL: PLÁSTICO, MATERIAL CABO: PLÁSTICO, TIPO: MANUAL;UN;100,0000;20,0000;2000,0000;0,0000;31/12/2026
ERN - HOSPITAL DR JOSÉ PEDRO BEZERRA DE NATAL;925778;1695;Material;925778-7/2026;Material uso consumo nutrição;Catálogo do Compras.gov.br;Material;9330;ARTIGOS DE PLÁSTICO;764;BALDE;302024;CAPACIDADE: 30, CARACTERÍSTICAS ADICIONAIS: SEM TAMPA, FORMATO: CILÍNDRICO, MATERIAL: PLÁSTICO, MATERIAL ALÇA: ARAME GALVANIZADO;UN;30,0000;40,0000;1200,0000;0,0000;31/12/2026
ERN - HOSPITAL DR JOSÉ PEDRO BEZERRA DE NATAL;925778;1696;Material;925778-7/2026;Material uso consumo nutrição;Catálogo do Compras.gov.br;Material;9330;ARTIGOS DE PLÁSTICO;331;CADEIRA;302124;CARACTERÍSTICAS ADICIONAIS: EMPILHAVÉL, COR: BRANCA, MATERIAL: PLÁSTICO, TIPO: COM BRAÇO;UN;40,0000;60,0000;2400,0000;0,0000;31/12/2026
ERN - HOSPITAL DR JOSÉ PEDRO BEZERRA DE NATAL;925778;1697;Material;925778-7/2026;Material uso consumo nutrição;Catálogo do Compras.gov.br;Material;9330;ARTIGOS DE PLÁSTICO;4175;CAIXA TÉRMICA;614542;APLICAÇÃO: TRANSPORTE DE ALIMENTOS REFRIGERADOS/CONGELADOS, CAPACIDADE: 5, CARACTERÍSTICAS ADICIONAIS: ALÇAS LATERAIS EMBUTIDAS, ALÇA DE MÃO ARTICULÁVEL, MATERIAL: POLIPROPILENO;UN;10,0000;45,0000;450,0000;0,0000;31/12/2026
ERN - HOSPITAL DR JOSÉ PEDRO BEZERRA DE NATAL;925778;1698;Material;925778-7/2026;Material uso consumo nutrição;Catálogo do Compras.gov.br;Material;9330;ARTIGOS DE PLÁSTICO;4175;CAIXA TÉRMICA;475421;APLICAÇÃO: TRANSPORTE DE HEMOCOMPONENTES, CAPACIDADE: 12, CARACTERÍSTICAS ADICIONAIS: COM ALÇA E TAMPA, TAMANHO CERCA DE 40 X 25 X 26 CM, MATERIAL: POLIETILENO ALTA DENSIDADE E POLIURETANO;UN;10,0000;63,0000;630,0000;0,0000;31/12/2026
ERN - HOSPITAL DR JOSÉ PEDRO BEZERRA DE NATAL;925778;1699;Material;925778-7/2026;Material uso consumo nutrição;Catálogo do Compras.gov.br;Material;9330;ARTIGOS DE PLÁSTICO;3819;BORRIFADOR;307885;APLICAÇÃO: MATERIAL DE LIMPEZA, MATERIAL: PLÁSTICO, TIPO: SPRAY, CONTENDO BICO BORRIFADOR;UN;30,0000;11,9000;357,0000;0,0000;31/12/2026
ERN - HOSPITAL DR JOSÉ PEDRO BEZERRA DE NATAL;925778;1700;Material;925778-7/2026;Material uso consumo nutrição;Catálogo do Compras.gov.br;Material;9330;ARTIGOS DE PLÁSTICO;4586;CARRINHO DISTRIBUIÇÃO;614485;ALTURA: 59, APLICAÇÃO: TRANSPORTE DE BANDEJAS E PRATOS, COMPRIMENTO: 88, COR: CINZA, LARGURA: 99, MATERIAL BANDEJA: POLIETILENO, MATERIAL ESTRUTURA: POLIETILENO, TIPO: 240 BANDEJAS REMOVÍVEIS, TIPO RODÍZIO: 4 GIRATÓRIOS, SENDO 2 COM TRAVA PARA ESTACIONAR;UN;1,0000;1000,0000;1000,0000;0,0000;31/12/2026
ERN - HOSPITAL DR JOSÉ PEDRO BEZERRA DE NATAL;925778;1701;Material;925778-7/2026;Material uso consumo nutrição;Catálogo do Compras.gov.br;Material;7330;UTENSÍLIOS E FERRAMENTAS MANUAIS DE COZINHA;1115;GARRAFA TÉRMICA;624275;CAPACIDADE: 1, CARACTERÍSTICAS ADICIONAIS: COM ALÇA E TAMPA / PERSONALIZADA, MATERIAL: AÇO INOXIDÁVEL;UN;50,0000;50,0000;2500,0000;0,0000;31/12/2026
ERN - HOSPITAL DR JOSÉ PEDRO BEZERRA DE NATAL;925778;1702;Material;925778-7/2026;Material uso consumo nutrição;Catálogo do Compras.gov.br;Material;7330;UTENSÍLIOS E FERRAMENTAS MANUAIS DE COZINHA;1115;GARRAFA TÉRMICA;468507;CAPACIDADE: 6 E 6, CARACTERÍSTICAS ADICIONAIS: C/ TORNEIRAS, ALÇAS E PÉS EM PLÁSTICO, MATERIAL: AÇO INOXIDÁVEL, FORMATO: DUPLA C/ 2 COMPARTIMENTOS SEPARADOS, TIPO BOTIJÃO;UN;30,0000;190,0000;5700,0000;0,0000;31/12/2026
ERN - HOSPITAL DR JOSÉ PEDRO BEZERRA DE NATAL;925778;1703;Material;925778-7/2026;Material uso consumo nutrição;Catálogo do Compras.gov.br;Material;7330;UTENSÍLIOS E FERRAMENTAS MANUAIS DE COZINHA;1115;GARRAFA TÉRMICA;370718;CAPACIDADE: 5, CARACTERÍSTICAS ADICIONAIS: COM TORNEIRA, ALÇA E PÉS DOBRÁVEIS EM BAIXO., MATERIAL: PLÁSTICO;UN;30,0000;50,0000;1500,0000;0,0000;31/12/2026
ERN - HOSPITAL DR JOSÉ PEDRO BEZERRA DE NATAL;925778;1704;Material;925778-7/2026;Material uso consumo nutrição;Catálogo do Compras.gov.br;Material;7330;UTENSÍLIOS E FERRAMENTAS MANUAIS DE COZINHA;1115;GARRAFA TÉRMICA;324286;CAPACIDADE: 3, CARACTERÍSTICAS ADICIONAIS: COM PRESSÃO, MATERIAL: PLÁSTICO;UN;20,0000;80,0000;1600,0000;0,0000;31/12/2026
ERN - HOSPITAL DR JOSÉ PEDRO BEZERRA DE NATAL;925778;1705;Material;925778-7/2026;Material uso consumo nutrição;Catálogo do Compras.gov.br;Material;7350;LOUÇA E ARTIGOS DE MESA;1118;PRATO PORCELANA;311418;APLICAÇÃO: SOBREMESA, FORMATO: CIRCULAR, COR: BRANCA, TIPO: RASO;UN;1000,0000;12,0000;12000,0000;0,0000;31/12/2026
ERN - HOSPITAL DR JOSÉ PEDRO BEZERRA DE NATAL;925778;1706;Material;925778-7/2026;Material uso consumo nutrição;Catálogo do Compras.gov.br;Material;7350;LOUÇA E ARTIGOS DE MESA;1118;PRATO PORCELANA;304000;APLICAÇÃO: REFEIÇÃO, FORMATO: REDONDO, CARACTERÍSTICAS ADICIONAIS: BORDA ESPESSURA 3,5 CM, COR: BRANCA, TIPO: FUNDO, DIÂMETRO: 24;UN;1000,0000;20,0000;20000,0000;0,0000;31/12/2026
ERN - HOSPITAL DR JOSÉ PEDRO BEZERRA DE NATAL;925778;1707;Material;925778-7/2026;Material uso consumo nutrição;Catálogo do Compras.gov.br;Material;7350;LOUÇA E ARTIGOS DE MESA;1118;PRATO PORCELANA;303999;APLICAÇÃO: REFEIÇÃO, FORMATO: REDONDO, CARACTERÍSTICAS ADICIONAIS: BORDA ESPESSURA 3,9 CM, COR: BRANCA, TIPO: RASO, DIÂMETRO: 24,5;UN;1000,0000;24,0000;24000,0000;0,0000;31/12/2026
ERN - HOSPITAL DR JOSÉ PEDRO BEZERRA DE NATAL;925778;1708;Material;925778-7/2026;Material uso consumo nutrição;Catálogo do Compras.gov.br;Material;7350;LOUÇA E ARTIGOS DE MESA;5362;COLHER;623404;APLICAÇÃO: PREPARO DE ALIMENTOS, COMPRIMENTO: 30,4, MATERIAL CABO: POLIPROPILENO, MATERIAL CORPO: POLIPROPILENO;UN;50,0000;30,0000;1500,0000;0,0000;31/12/2026
ERN - HOSPITAL DR JOSÉ PEDRO BEZERRA DE NATAL;925778;1709;Material;925778-7/2026;Material uso consumo nutrição;Catálogo do Compras.gov.br;Material;7350;LOUÇA E ARTIGOS DE MESA;5362;COLHER;623405;APLICAÇÃO: PREPARO DE ALIMENTOS, CARACTERÍSTICAS ADICIONAIS: CABO LONGO, COMPRIMENTO: 59, MATERIAL CABO: POLIPROPILENO, MATERIAL CORPO: POLIPROPILENO;UN;20,0000;40,0000;800,0000;0,0000;31/12/2026
ERN - HOSPITAL DR JOSÉ PEDRO BEZERRA DE NATAL;925778;1710;Material;925778-7/2026;Material uso consumo nutrição;Catálogo do Compras.gov.br;Material;7350;LOUÇA E ARTIGOS DE MESA;5362;COLHER;483978;CARACTERÍSTICAS ADICIONAIS: 1,60 MM ESPESSURA SEM EMENDAS SUPERFICE LISA, COMPRIMENTO: 178, MATERIAL CABO: AÇO INOXIDÁVEL, MATERIAL CORPO: AÇO INOXIDÁVEL;UN;50,0000;35,0000;1750,0000;0,0000;31/12/2026
ERN - HOSPITAL DR JOSÉ PEDRO BEZERRA DE NATAL;925778;1711;Material;925778-7/2026;Material uso consumo nutrição;Catálogo do Compras.gov.br;Material;9330;ARTIGOS DE PLÁSTICO;4149;CAIXA PLÁSTICA;486192;ALTURA: 300, APLICAÇÃO: MULTIUSO, CAPACIDADE: 60, CARACTERÍSTICAS ADICIONAIS: SEM TAMPA E PES PLASTICOS PARA APOIO, COMPRIMENTO: 63, COR: PRETA, LARGURA: 41, MATERIAL: PLÁSTICO RESISTENTE, MODELO: 630 X 410 X 300MM, TIPO: EMPILHÁVEL, TRANSMITÂNCIA: TRANSPARENTE;UN;20,0000;180,0000;3600,0000;0,0000;31/12/2026
ERN - HOSPITAL DR JOSÉ PEDRO BEZERRA DE NATAL;925778;1712;Material;925778-7/2026;Material uso consumo nutrição;Catálogo do Compras.gov.br;Material;9330;ARTIGOS DE PLÁSTICO;4149;CAIXA PLÁSTICA;473508;ALTURA: 15, CAPACIDADE: 15, CARACTERÍSTICAS ADICIONAIS: COM TAMPA, COMPRIMENTO: 44, COR: AZUL, LARGURA: 34,50, MATERIAL: POLIETILENO;UN;15,0000;80,0000;1200,0000;0,0000;31/12/2026
ERN - HOSPITAL DR JOSÉ PEDRO BEZERRA DE NATAL;925778;1713;Material;925778-7/2026;Material uso consumo nutrição;Catálogo do Compras.gov.br;Material;7330;UTENSÍLIOS E FERRAMENTAS MANUAIS DE COZINHA;5282;COADOR CAFÉ;392785;APLICAÇÃO: CAFETEIRA, CAPACIDADE: 20, MATERIAL: FLANELA;UN;40,0000;40,0000;1600,0000;0,0000;31/12/2026
ERN - HOSPITAL DR JOSÉ PEDRO BEZERRA DE NATAL;925778;1714;Material;925778-7/2026;Material uso consumo nutrição;Catálogo do Compras.gov.br;Material;7330;UTENSÍLIOS E FERRAMENTAS MANUAIS DE COZINHA;5282;COADOR CAFÉ;477460;APLICAÇÃO: MÁQUINA DE CAFÉ, CAPACIDADE: 3, CARACTERÍSTICAS ADICIONAIS: COM ARO DIMENSÕES 17CM X 22CM, MATERIAL: FLANELADO 100% ALGODÃO;UN;15,0000;5,0000;75,0000;0,0000;31/12/2026
ERN - HOSPITAL DR JOSÉ PEDRO BEZERRA DE NATAL;925778;1838;Serviço;925778-4/2026;Serviços Diversos;Catálogo do Compras.gov.br;Serviço;893;SERVIÇOS DE MANUFATURA DE FUNDIDOS,CARIMBOS,MOLDES,EM METAL OU SIMILAR;;;;;-;0,0000;0,0000;4000,0000;0,0000;31/12/2026
ERN - HOSPITAL DR JOSÉ PEDRO BEZERRA DE NATAL;925778;1839;Serviço;925778-4/2026;Serviços Diversos;Catálogo do Compras.gov.br;Serviço;873;SERVIÇOS DE INSTALAÇÃO(À EXCEÇÃO DA CONSTRUÇÃO);;;;;-;0,0000;0,0000;50000,0000;0,0000;31/12/2026
ERN - HOSPITAL DR JOSÉ PEDRO BEZERRA DE NATAL;925778;1840;Serviço;925778-4/2026;Serviços Diversos;Catálogo do Compras.gov.br;Serviço;872;SERVIÇOS DE REPARO DE OUTROS BENS;;;;;-;0,0000;0,0000;8000,0000;0,0000;31/12/2026
ERN - HOSPITAL DR JOSÉ PEDRO BEZERRA DE NATAL;925778;1841;Serviço;925778-4/2026;Serviços Diversos;Catálogo do Compras.gov.br;Serviço;871;SERVIÇOS DE MANUTENÇÃO E REPARO DE PRODUTOS FABRICADOS DE METAL,MAQUINARIA E EQUIPAMENTOS;;;20796;INSTALAÇÃO / MANUTENÇÃO - CÂMARA FRIA;-;1,0000;25000,0000;25000,0000;0,0000;31/12/2026
ERN - HOSPITAL DR JOSÉ PEDRO BEZERRA DE NATAL;925778;1842;Serviço;925778-4/2026;Serviços Diversos;Catálogo do Compras.gov.br;Serviço;871;SERVIÇOS DE MANUTENÇÃO E REPARO DE PRODUTOS FABRICADOS DE METAL,MAQUINARIA E EQUIPAMENTOS;;;;;-;0,0000;0,0000;400000,0000;0,0000;31/12/2026
ERN - HOSPITAL DR JOSÉ PEDRO BEZERRA DE NATAL;925778;1843;Serviço;925778-4/2026;Serviços Diversos;Catálogo do Compras.gov.br;Serviço;546;SERVIÇOS DE INSTALAÇÃO;;;;;-;0,0000;0,0000;8800,0000;0,0000;31/12/2026
ERN - HOSPITAL DR JOSÉ PEDRO BEZERRA DE NATAL;925778;1844;Serviço;925778-4/2026;Serviços Diversos;Catálogo do Compras.gov.br;Serviço;731;SERVIÇOS DE LEASING OU ALUGUEL VEÍCULOS A MOTOR, FERROVIÁRIOEMBARCAÇÕES, AERONAVES, DE EQUIPAMENTO DE TRANSPORTE, S/OPER;;;21679;LOCAÇÃO GERADOR ELÉTRICO;-;1,0000;16000,0000;16000,0000;0,0000;31/12/2026
ERN - HOSPITAL DR JOSÉ PEDRO BEZERRA DE NATAL;925778;1845;Serviço;925778-4/2026;Serviços Diversos;Catálogo do Compras.gov.br;Serviço;943;SERVIÇOS DE SANEAMENTO E SERVIÇOS SIMILARES;;;3417;DESINSETIZAÇÃO / DESRATIZAÇÃO / DEDETIZAÇÃO;-;12,0000;2633,3333;31599,9996;0,0000;31/12/2026
ERN - HOSPITAL DR JOSÉ PEDRO BEZERRA DE NATAL;925778;1846;Serviço;925778-4/2026;Serviços Diversos;Catálogo do Compras.gov.br;Serviço;835;SERVIÇOS CIENTÍFICOS E OUTROS SERVIÇOS TÉCNICOS;;;;;-;0,0000;0,0000;95000,0000;0,0000;31/12/2026
ERN - HOSPITAL DR JOSÉ PEDRO BEZERRA DE NATAL;925778;1847;Serviço;925778-4/2026;Serviços Diversos;Catálogo do Compras.gov.br;Serviço;112;SERVIÇOS DE MANUTENÇÃO E SUSTENTAÇÃO DE SOFTWARE;;;;;-;0,0000;0,0000;280000,0000;0,0000;31/12/2026
ERN - HOSPITAL DR JOSÉ PEDRO BEZERRA DE NATAL;925778;1848;Serviço;925778-4/2026;Serviços Diversos;Catálogo do Compras.gov.br;Serviço;181;SERVICOS DE ARRENDAMENTO MERCANTIL, FINANCEIRO E OPERACIONAL;;;;;-;0,0000;0,0000;120000,0000;0,0000;31/12/2026
ERN - HOSPITAL DR JOSÉ PEDRO BEZERRA DE NATAL;925778;1849;Serviço;925778-4/2026;Serviços Diversos;Catálogo do Compras.gov.br;Serviço;872;SERVIÇOS DE REPARO DE OUTROS BENS;;;;;-;0,0000;0,0000;110000,0000;0,0000;31/12/2026
ERN - HOSPITAL DR JOSÉ PEDRO BEZERRA DE NATAL;925778;1850;Serviço;925778-4/2026;Serviços Diversos;Catálogo do Compras.gov.br;Serviço;871;SERVIÇOS DE MANUTENÇÃO E REPARO DE PRODUTOS FABRICADOS DE METAL,MAQUINARIA E EQUIPAMENTOS;;;;;-;0,0000;0,0000;22000,0000;0,0000;31/12/2026
ERN - HOSPITAL DR JOSÉ PEDRO BEZERRA DE NATAL;925778;1851;Serviço;925778-4/2026;Serviços Diversos;Catálogo do Compras.gov.br;Serviço;853;SERVIÇOS DE LIMPEZA;;;;;-;0,0000;0,0000;248400,0000;0,0000;31/12/2026
ERN - HOSPITAL DR JOSÉ PEDRO BEZERRA DE NATAL;925778;1852;Serviço;925778-4/2026;Serviços Diversos;Catálogo do Compras.gov.br;Serviço;881;SERVIÇOS DE MANUFATURA EM INSUMOS FÍSICOS QUE SAO PROPRIEDADE DE OUTROS(EXCETO MAQUINARIA E EQUIPAMENTO);;;;;-;0,0000;0,0000;65000,0000;0,0000;31/12/2026
ERN - HOSPITAL DR JOSÉ PEDRO BEZERRA DE NATAL;925778;1853;Serviço;925778-4/2026;Serviços Diversos;Catálogo do Compras.gov.br;Serviço;872;SERVIÇOS DE REPARO DE OUTROS BENS;;;;;-;0,0000;0,0000;9000,0000;0,0000;31/12/2026
ERN - HOSPITAL DR JOSÉ PEDRO BEZERRA DE NATAL;925778;1854;Serviço;925778-4/2026;Serviços Diversos;Catálogo do Compras.gov.br;Serviço;871;SERVIÇOS DE MANUTENÇÃO E REPARO DE PRODUTOS FABRICADOS DE METAL,MAQUINARIA E EQUIPAMENTOS;;;;;-;0,0000;0,0000;45000,0000;0,0000;31/12/2026
ERN - HOSPITAL DR JOSÉ PEDRO BEZERRA DE NATAL;925778;1855;Serviço;925778-4/2026;Serviços Diversos;Catálogo do Compras.gov.br;Serviço;166;SERVIÇOS DE MANUTENÇÃO E INSTALAÇÃO DE EQUIPAMENTOS DE TIC;;;;;-;0,0000;0,0000;120000,0000;0,0000;31/12/2026
ERN - HOSPITAL DR JOSÉ PEDRO BEZERRA DE NATAL;925778;1856;Serviço;925778-4/2026;Serviços Diversos;Catálogo do Compras.gov.br;Serviço;542;SERVIÇOS GERAIS DE CONSTRUÇÃO PARA OBRAS DE ENGENHARIA CIVIL;;;;;-;0,0000;0,0000;200000,0000;0,0000;31/12/2026
ERN - HOSPITAL DR JOSÉ PEDRO BEZERRA DE NATAL;925778;1857;Serviço;925778-4/2026;Serviços Diversos;Catálogo do Compras.gov.br;Serviço;543;SERVIÇO DE PREPARAÇÃO DO LOCAL DA CONSTRUÇÃO;;;;;-;0,0000;0,0000;32000,0000;0,0000;31/12/2026
ERN - HOSPITAL DR JOSÉ PEDRO BEZERRA DE NATAL;925778;1858;Serviço;925778-4/2026;Serviços Diversos;Catálogo do Compras.gov.br;Serviço;543;SERVIÇO DE PREPARAÇÃO DO LOCAL DA CONSTRUÇÃO;;;;;-;0,0000;0,0000;30000,0000;0,0000;31/12/2026
ERN - HOSPITAL DR JOSÉ PEDRO BEZERRA DE NATAL;925778;1859;Serviço;925778-4/2026;Serviços Diversos;Catálogo do Compras.gov.br;Serviço;545;TIPOS ESPECIAIS DE SERVIÇOS DE CONSTRUÇÃO;;;;;-;0,0000;0,0000;60000,0000;0,0000;31/12/2026
ERN - HOSPITAL DR JOSÉ PEDRO BEZERRA DE NATAL;925778;1860;Serviço;925778-4/2026;Serviços Diversos;Catálogo do Compras.gov.br;Serviço;166;SERVIÇOS DE MANUTENÇÃO E INSTALAÇÃO DE EQUIPAMENTOS DE TIC;;;;;-;0,0000;0,0000;120000,0000;0,0000;31/12/2026
ERN - HOSPITAL DR JOSÉ PEDRO BEZERRA DE NATAL;925778;1861;Serviço;925778-4/2026;Serviços Diversos;Catálogo do Compras.gov.br;Serviço;871;SERVIÇOS DE MANUTENÇÃO E REPARO DE PRODUTOS FABRICADOS DE METAL,MAQUINARIA E EQUIPAMENTOS;;;3670;MANUTENÇÃO DE EQUIPAMENTOS DE COZINHA INDUSTRIAL;-;55,0000;8000,0000;440000,0000;0,0000;31/12/2026
ERN - HOSPITAL DR JOSÉ PEDRO BEZERRA DE NATAL;925778;1862;Serviço;925778-4/2026;Serviços Diversos;Catálogo do Compras.gov.br;Serviço;545;TIPOS ESPECIAIS DE SERVIÇOS DE CONSTRUÇÃO;;;;;-;0,0000;0,0000;180000,0000;0,0000;31/12/2026
ERN - HOSPITAL DR JOSÉ PEDRO BEZERRA DE NATAL;925778;1863;Serviço;925778-4/2026;Serviços Diversos;Catálogo do Compras.gov.br;Serviço;545;TIPOS ESPECIAIS DE SERVIÇOS DE CONSTRUÇÃO;;;;;-;0,0000;0,0000;500000,0000;0,0000;31/12/2026
ERN - HOSPITAL DR JOSÉ PEDRO BEZERRA DE NATAL;925778;1864;Serviço;925778-4/2026;Serviços Diversos;Catálogo do Compras.gov.br;Serviço;545;TIPOS ESPECIAIS DE SERVIÇOS DE CONSTRUÇÃO;;;1627;MANUTENÇÃO / REFORMA PREDIAL;-;1,0000;2000000,0000;2000000,0000;0,0000;31/12/2026
ERN - HOSPITAL DR JOSÉ PEDRO BEZERRA DE NATAL;925778;1865;Serviço;925778-4/2026;Serviços Diversos;Catálogo do Compras.gov.br;Serviço;545;TIPOS ESPECIAIS DE SERVIÇOS DE CONSTRUÇÃO;;;19224;CONSTRUÇÃO / MANUTENÇÃO / REFORMA - TELHADO;-;80,0000;500,0000;40000,0000;0,0000;31/12/2026
ERN - HOSPITAL DR JOSÉ PEDRO BEZERRA DE NATAL;925778;1866;Serviço;925778-4/2026;Serviços Diversos;Catálogo do Compras.gov.br;Serviço;871;SERVIÇOS DE MANUTENÇÃO E REPARO DE PRODUTOS FABRICADOS DE METAL,MAQUINARIA E EQUIPAMENTOS;;;20796;INSTALAÇÃO / MANUTENÇÃO - CÂMARA FRIA;-;2,0000;200000,0000;400000,0000;0,0000;31/12/2026
ERN - HOSPITAL DR JOSÉ PEDRO BEZERRA DE NATAL;925778;1867;Serviço;925778-4/2026;Serviços Diversos;Catálogo do Compras.gov.br;Serviço;871;SERVIÇOS DE MANUTENÇÃO E REPARO DE PRODUTOS FABRICADOS DE METAL,MAQUINARIA E EQUIPAMENTOS;;;3506;MANUTENÇÃO DE GELADEIRAS E BEBEDOUROS;-;1,0000;50000,0000;50000,0000;0,0000;31/12/2026
ERN - HOSPITAL DR JOSÉ PEDRO BEZERRA DE NATAL;925778;1868;Serviço;925778-4/2026;Serviços Diversos;Catálogo do Compras.gov.br;Serviço;871;SERVIÇOS DE MANUTENÇÃO E REPARO DE PRODUTOS FABRICADOS DE METAL,MAQUINARIA E EQUIPAMENTOS;;;25267;MANUTENÇÃO / REPARO MÁQUINA GELO;-;1,0000;20000,0000;20000,0000;0,0000;31/12/2026
ERN - HOSPITAL DR JOSÉ PEDRO BEZERRA DE NATAL;925778;1869;Serviço;925778-4/2026;Serviços Diversos;Catálogo do Compras.gov.br;Serviço;871;SERVIÇOS DE MANUTENÇÃO E REPARO DE PRODUTOS FABRICADOS DE METAL,MAQUINARIA E EQUIPAMENTOS;;;3492;AR CONDICIONADO - MANUTENÇÃO DE APARELHOS DE PAREDE;-;10,0000;10000,0000;100000,0000;0,0000;31/12/2026
ERN - HOSPITAL DR JOSÉ PEDRO BEZERRA DE NATAL;925778;1870;Serviço;925778-4/2026;Serviços Diversos;Catálogo do Compras.gov.br;Serviço;871;SERVIÇOS DE MANUTENÇÃO E REPARO DE PRODUTOS FABRICADOS DE METAL,MAQUINARIA E EQUIPAMENTOS;;;3670;MANUTENÇÃO DE EQUIPAMENTOS DE COZINHA INDUSTRIAL;-;50,0000;10000,0000;500000,0000;0,0000;31/12/2026
ERN - HOSPITAL DR JOSÉ PEDRO BEZERRA DE NATAL;925778;1871;Serviço;925778-4/2026;Serviços Diversos;Catálogo do Compras.gov.br;Serviço;871;SERVIÇOS DE MANUTENÇÃO E REPARO DE PRODUTOS FABRICADOS DE METAL,MAQUINARIA E EQUIPAMENTOS;;;12661;MANUTENÇÃO E REPARO EM BALANÇAS MECÂNICAS / ELETRÔNICAS;-;3,0000;5000,0000;15000,0000;0,0000;31/12/2026
ERN - HOSPITAL DR JOSÉ PEDRO BEZERRA DE NATAL;925778;1872;Serviço;925778-4/2026;Serviços Diversos;Catálogo do Compras.gov.br;Serviço;871;SERVIÇOS DE MANUTENÇÃO E REPARO DE PRODUTOS FABRICADOS DE METAL,MAQUINARIA E EQUIPAMENTOS;;;22390;MANUTENÇÃO E REPARO DE CILINDRO DE GÁS;-;12,0000;5000,0000;60000,0000;0,0000;31/12/2026
ERN - HOSPITAL DR JOSÉ PEDRO BEZERRA DE NATAL;925778;1873;Serviço;925778-4/2026;Serviços Diversos;Catálogo do Compras.gov.br;Serviço;871;SERVIÇOS DE MANUTENÇÃO E REPARO DE PRODUTOS FABRICADOS DE METAL,MAQUINARIA E EQUIPAMENTOS;;;2534;MANUTENÇÃO DE FORNOS E FORNALHAS;-;2,0000;20000,0000;40000,0000;0,0000;31/12/2026
ERN - HOSPITAL DR JOSÉ PEDRO BEZERRA DE NATAL;925778;1874;Serviço;925778-4/2026;Serviços Diversos;Catálogo do Compras.gov.br;Serviço;547;SERVIÇO DE ACABAMENTO E FINALIZAÇÃO DOS EDIFÍCIOS;;;19372;PRESTAÇÃO DE SERVIÇOS DE PINTOR;-;5,0000;5000,0000;25000,0000;0,0000;31/12/2026
ERN - HOSPITAL DR JOSÉ PEDRO BEZERRA DE NATAL;925778;1875;Serviço;925778-4/2026;Serviços Diversos;Catálogo do Compras.gov.br;Serviço;547;SERVIÇO DE ACABAMENTO E FINALIZAÇÃO DOS EDIFÍCIOS;;;5304;INSTALAÇÃO / MANUTENÇÃO - PISOS ALTA RESISTÊNCIA;-;5,0000;7000,0000;35000,0000;0,0000;31/12/2026
ERN - HOSPITAL DR JOSÉ PEDRO BEZERRA DE NATAL;925778;1876;Material;925778-3/2026;Equipamentos;Catálogo do Compras.gov.br;Material;3750;IMPLEMENTOS E FERRAMENTAS DE JARDINAGEM;16257;VASSOURA JARDINAGEM;624584;ALTURA: 120, CARACTERÍSTICAS ADICIONAIS: COM CABO DE MADEIRA, QUANTIDADE LÂMINAS: 22, TIPO: FIXA, TIPO LÂMINA: AÇO;UN;24,0000;39,4000;945,6000;0,0000;31/12/2026
ERN - HOSPITAL DR JOSÉ PEDRO BEZERRA DE NATAL;925778;1877;Material;925778-3/2026;Equipamentos;Catálogo do Compras.gov.br;Material;3750;IMPLEMENTOS E FERRAMENTAS DE JARDINAGEM;596;ANCINHO JARDINAGEM;601864;ALTURA DENTES: 92, CARACTERÍSTICAS ADICIONAIS: COM CABO MADEIRA, ESPESSURA DENTES: 3,75, LARGURA TOTAL: 35, MATERIAL: AÇO, QUANTIDADE DENTES: 14;UN;4,0000;109,0000;436,0000;0,0000;31/12/2026
ERN - HOSPITAL DR JOSÉ PEDRO BEZERRA DE NATAL;925778;1878;Material;925778-3/2026;Equipamentos;Catálogo do Compras.gov.br;Material;3432;EQUIPAMENTO PARA SOLDA A RESISTÊNCIA ELÉTRICA;1036;MÁQUINA SOLDA PORTÁTIL;622867;APLICAÇÃO: SOLDA PARACHOQUE PLÁSTICO E FIXA GRAMPOS METÁLICO, FREQÜÊNCIA NOMINAL: 60, POTÊNCIA MÁXIMA: 110, TENSÃO: 220, TIPO: SOLDADOR DE PLÁSTICO;UN;1,0000;359,0000;359,0000;0,0000;31/12/2026
ERN - HOSPITAL DR JOSÉ PEDRO BEZERRA DE NATAL;925778;1879;Material;925778-3/2026;Equipamentos;Catálogo do Compras.gov.br;Material;2610;PNEUS E CÂMARAS DE AR, EXCETO OS DE AERONAVES;591;CÂMARA AR PNEU;621604;APLICAÇÃO TIPO PNEU: CARRO DE MÃO, CARACTERÍSTICAS ADICIONAIS: BICO REVESTIDO DE BORRACHA, MATERIAL: BORRACHA, TAMANHO: 3,50 X 8;UN;50,0000;35,0000;1750,0000;0,0000;31/12/2026
ERN - HOSPITAL DR JOSÉ PEDRO BEZERRA DE NATAL;925778;1880;Material;925778-3/2026;Equipamentos;Catálogo do Compras.gov.br;Material;2610;PNEUS E CÂMARAS DE AR, EXCETO OS DE AERONAVES;16145;PNEU CARRINHO MÃO;442744;CARACTERÍSTICAS ADICIONAIS: COM CÂMARA AR, ARO REFORÇADO, MATERIAL: BORRACHA, TAMANHO: 350 X 8;UN;50,0000;45,0000;2250,0000;0,0000;31/12/2026
ERN - HOSPITAL DR JOSÉ PEDRO BEZERRA DE NATAL;925778;1881;Material;925778-3/2026;Equipamentos;Catálogo do Compras.gov.br;Material;3405;MÁQUINAS DE SERRAR E LIMAR;17424;SERRA MÁRMORE;610903;CARACTERÍSTICAS ADICIONAIS: 1 CHAVE FIXA E 1 CHAVE ALLEN, DIÂMETRO DISCO: 110, POTÊNCIA: 1.200, VOLTAGEM: 220;UN;1,0000;509,0000;509,0000;0,0000;31/12/2026
ERN - HOSPITAL DR JOSÉ PEDRO BEZERRA DE NATAL;925778;1882;Material;925778-3/2026;Equipamentos;Catálogo do Compras.gov.br;Material;3750;IMPLEMENTOS E FERRAMENTAS DE JARDINAGEM;1374;TESOURA PODA;613887;CARACTERÍSTICAS ADICIONAIS: COM REGULAGEM DE MÍNIMO DE 2,50 A 7,00 METROS, CO, MATERIAL CABO: ALUMÍNIO TELESCÓPICO, MATERIAL LÂMINA: AÇO CARBONO;UN;2,0000;434,0000;868,0000;0,0000;31/12/2026
ERN - HOSPITAL DR JOSÉ PEDRO BEZERRA DE NATAL;925778;1883;Material;925778-3/2026;Equipamentos;Catálogo do Compras.gov.br;Material;3710;EQUIPAMENTO PARA PREPARAÇÃO DO SOLO;1461;ROÇADEIRA MANUAL;606342;APLICAÇÃO: CORTE GRAMA, CAPIM, PASTO, ARBUSTO, CAPOEIRAS E PE, CARACTERÍSTICAS ADICIONAIS: TANQUE CAPACIDADE: 0,5L A 0,9L / USO INTENSIVO /, POTÊNCIA MOTOR: 40 CC, ROTAÇÃO: 12.000, TIPO CORTADOR: LÂMINA AÇO/FIO NYLON, TIPO MOTOR: GASOLINA;UN;2,0000;549,0000;1098,0000;0,0000;31/12/2026
ERN - HOSPITAL DR JOSÉ PEDRO BEZERRA DE NATAL;925778;1884;Material;925778-3/2026;Equipamentos;Catálogo do Compras.gov.br;Material;4120;EQUIPAMENTO DE AR CONDICIONADO;15179;MOTOR VENTILADOR APARELHO REFRIGERAÇÃO;314328;APLICAÇÃO: EVAPORADOR, CARACTERÍSTICAS ADICIONAIS: 12.000 BTU, POTÊNCIA: 1/15, TENSÃO: 220, TIPO APARELHO: SPRINGER CARRIER INOVARE;UN;1,0000;800,0000;800,0000;0,0000;31/12/2026
ERN - HOSPITAL DR JOSÉ PEDRO BEZERRA DE NATAL;925778;1885;Material;925778-3/2026;Equipamentos;Catálogo do Compras.gov.br;Material;4120;EQUIPAMENTO DE AR CONDICIONADO;15179;MOTOR VENTILADOR APARELHO REFRIGERAÇÃO;380008;CARACTERÍSTICAS ADICIONAIS: 18.000 BTU/H, MODELO: 45 ELF, TIPO APARELHO: ELGIN;UN;1,0000;900,0000;900,0000;0,0000;31/12/2026
ERN - HOSPITAL DR JOSÉ PEDRO BEZERRA DE NATAL;925778;1886;Material;925778-3/2026;Equipamentos;Catálogo do Compras.gov.br;Material;4120;EQUIPAMENTO DE AR CONDICIONADO;13768;APARELHO AR CONDICIONADO;618527;CAPACIDADE REFRIGERAÇÃO: 18.000, CARACTERÍSTICAS ADICIONAIS: COM CONTROLE REMOTO SEM FIO, CARACTERÍSTICAS ADICIONAIS 1: CONTROLE REMOTO S/FIO, QUENTE/FRIO, SELO PROCEL, FREQÜÊNCIA: 60, GARANTIA: 1, MODELO: SPLIT INVERTER, TENSÃO: 220, TIPO: SPLIT HI WALL;UN;2,0000;900,0000;1800,0000;0,0000;31/12/2026
ERN - HOSPITAL DR JOSÉ PEDRO BEZERRA DE NATAL;925778;1887;Material;925778-3/2026;Equipamentos;Catálogo do Compras.gov.br;Material;4120;EQUIPAMENTO DE AR CONDICIONADO;13768;APARELHO AR CONDICIONADO;453530;CAPACIDADE REFRIGERAÇÃO: 22.000, CARACTERÍSTICAS ADICIONAIS 1: COM CONTROLE REMOTO, MODELO: SPLIT INVERTER, TENSÃO: 220, TIPO: SPLIT;UN;2,0000;1350,0000;2700,0000;0,0000;31/12/2026
ERN - HOSPITAL DR JOSÉ PEDRO BEZERRA DE NATAL;925778;1888;Material;925778-3/2026;Equipamentos;Catálogo do Compras.gov.br;Material;2610;PNEUS E CÂMARAS DE AR, EXCETO OS DE AERONAVES;591;CÂMARA AR PNEU;621604;APLICAÇÃO TIPO PNEU: CARRO DE MÃO, CARACTERÍSTICAS ADICIONAIS: BICO REVESTIDO DE BORRACHA, MATERIAL: BORRACHA, TAMANHO: 3,50 X 8;UN;50,0000;32,0000;1600,0000;0,0000;31/12/2026
ERN - HOSPITAL DR JOSÉ PEDRO BEZERRA DE NATAL;925778;1889;Material;925778-3/2026;Equipamentos;Catálogo do Compras.gov.br;Material;2610;PNEUS E CÂMARAS DE AR, EXCETO OS DE AERONAVES;16145;PNEU CARRINHO MÃO;335134;CARACTERÍSTICAS ADICIONAIS: COM CÂMARA AR, ARO REFORÇADO, MATERIAL: BORRACHA, TAMANHO: 3,50 X 8;UN;10,0000;80,0000;800,0000;0,0000;31/12/2026
ERN - HOSPITAL DR JOSÉ PEDRO BEZERRA DE NATAL;925778;1890;Material;925778-3/2026;Equipamentos;Catálogo do Compras.gov.br;Material;2610;PNEUS E CÂMARAS DE AR, EXCETO OS DE AERONAVES;16145;PNEU CARRINHO MÃO;442744;CARACTERÍSTICAS ADICIONAIS: COM CÂMARA AR, ARO REFORÇADO, MATERIAL: BORRACHA, TAMANHO: 350 X 8;UN;20,0000;96,0000;1920,0000;0,0000;31/12/2026
ERN - HOSPITAL DR JOSÉ PEDRO BEZERRA DE NATAL;925778;1891;Material;925778-3/2026;Equipamentos;Catálogo do Compras.gov.br;Material;4110;EQUIPAMENTO PARA REFRIGERAÇÃO;12668;TERMÔMETRO;618573;APLICAÇÃO: MEDIÇÃO DE TEMPERATURA EM LÍQUIDOS E SEMISSÓLIDOS, CARACTERÍSTICAS ADICIONAIS: A PROVA D`ÁGUA, ELEMENTO EXPANSÃO: MERCÚRIO, FAIXA MEDIÇÃO TEMPERATURA: -40º A +50, MATERIAL: PLÁSTICO, TIPO: ANALÓGICO;UN;24,0000;19,9900;479,7600;0,0000;31/12/2026
ERN - HOSPITAL DR JOSÉ PEDRO BEZERRA DE NATAL;925778;1892;Material;925778-3/2026;Equipamentos;Catálogo do Compras.gov.br;Material;4210;EQUIPAMENTOS PARA COMBATE A INCÊNDIO;595;MANGUEIRA AR;602535;APLICAÇÃO: VEÍCULO BLINDADDO M577 A2, CARACTERÍSTICAS ADICIONAIS: FAIXA DE TEMPERATURA DE -10ºC A +90ºC., DIÂMETRO INTERNO: 1, MATERIAL: POLIURETANO ALTA FLEXIBILIDADE;UN;36,0000;174,9900;6299,6400;0,0000;31/12/2026
ERN - HOSPITAL DR JOSÉ PEDRO BEZERRA DE NATAL;925778;1893;Material;925778-3/2026;Equipamentos;Catálogo do Compras.gov.br;Material;4240;EQUIPAMENTO PARA SEGURANÇA E SALVAMENTO;1316;PROTETOR FACIAL;467181;CARACTERÍSTICAS ADICIONAIS: TIPO VISEIRA, C/ VISOR ARTICULÁVEL, COR: TRANSPARENTE, MATERIAL: POLICARBONATO, TIPO FIXAÇÃO: CARNERIA REGULÁVEL;UN;10,0000;10,5000;105,0000;0,0000;31/12/2026
ERN - HOSPITAL DR JOSÉ PEDRO BEZERRA DE NATAL;925778;1894;Material;925778-3/2026;Equipamentos;Catálogo do Compras.gov.br;Material;3740;EQUIPAMENTO PARA CONTROLE DE PRAGAS, DOENÇAS E GEADAS;3764;PULVERIZADOR COSTAL MANUAL;321859;CAPACIDADE TANQUE: 20, CARACTERÍSTICAS ADICIONAIS: LANÇA 600 MM, BICO INJETADO JD-12P, DIÂMETRO BOCA: 140, MATERIAL TANQUE: POLIETILENO, PRESSÃO TRABALHO: 15 A 90;UN;4,0000;285,0000;1140,0000;0,0000;31/12/2026
ERN - HOSPITAL DR JOSÉ PEDRO BEZERRA DE NATAL;925778;1895;Material;925778-3/2026;Equipamentos;Catálogo do Compras.gov.br;Material;3605;MÁQUINAS E EQUIPAMENTOS PARA PRODUTOS ALIMENTÍCIOS;4586;CARRINHO DISTRIBUIÇÃO;374447;ALTURA: 85, APLICAÇÃO: TRANSPORTE CHÁ E CAFÉ, CARACTERÍSTICAS ADICIONAIS: BANDEJAS COM BORDAS TIPO GRADIL PARA EVITAR QUEDA, COMPRIMENTO: 100, LARGURA: 53, MATERIAL BANDEJA: AÇO INOXIDÁVEL, MATERIAL ESTRUTURA: AÇO INOXIDÁVEL, TIPO: 2 BANDEJAS, TIPO RODÍZIO: 4 GIRATÓRIOS;UN;2,0000;4000,0000;8000,0000;0,0000;31/12/2026
ERN - HOSPITAL DR JOSÉ PEDRO BEZERRA DE NATAL;925778;1896;Material;925778-3/2026;Equipamentos;Catálogo do Compras.gov.br;Material;3605;MÁQUINAS E EQUIPAMENTOS PARA PRODUTOS ALIMENTÍCIOS;6002;CUBA;347019;APLICAÇÃO: COPA, DIMENSÕES: 30 X 16, FORMATO: REDONDA, MATERIAL: AÇO INOXIDÁVEL, TIPO: EMBUTIR;UN;2,0000;1000,0000;2000,0000;0,0000;31/12/2026
ERN - HOSPITAL DR JOSÉ PEDRO BEZERRA DE NATAL;925778;1897;Material;925778-3/2026;Equipamentos;Catálogo do Compras.gov.br;Material;3605;MÁQUINAS E EQUIPAMENTOS PARA PRODUTOS ALIMENTÍCIOS;3249;BALCÃO TÉRMICO;451566;ALTURA: 91, CARACTERÍSTICAS ADICIONAIS: BANHO MARIA, COMPONENTES: CUBAS, COMPRIMENTO: 175, LARGURA: 76, MATERIAL: AÇO INOXIDÁVEL, QUANTIDADE RECIPIENTE: 4;UN;2,0000;5000,0000;10000,0000;0,0000;31/12/2026
ERN - HOSPITAL DR JOSÉ PEDRO BEZERRA DE NATAL;925778;1898;Material;925778-3/2026;Equipamentos;Catálogo do Compras.gov.br;Material;3605;MÁQUINAS E EQUIPAMENTOS PARA PRODUTOS ALIMENTÍCIOS;3249;BALCÃO TÉRMICO;446195;ALTURA: 157, CARACTERÍSTICAS ADICIONAIS: VITRINE PROTETORA DE SALIVA E ILUMINADA DE LED, COMPONENTES: BANHO MARIA E PLACA FRIA, COMPRIMENTO: 330, LARGURA: 110, MATERIAL: MDF E GRANITO, QUANTIDADE RECIPIENTE: 14, TIPO RECIPIENTES: COM ALÇAS MÓVEIS E TAMPA;UN;1,0000;10000,0000;10000,0000;0,0000;31/12/2026
ERN - HOSPITAL DR JOSÉ PEDRO BEZERRA DE NATAL;925778;1899;Material;925778-3/2026;Equipamentos;Catálogo do Compras.gov.br;Material;3605;MÁQUINAS E EQUIPAMENTOS PARA PRODUTOS ALIMENTÍCIOS;3269;BANCADA;324208;CARACTERÍSTICAS ADICIONAIS: ESPELHO TRASEIRO, BORDA QUEDRA D'AGUA, DRENO, CUBA, COMPRIMENTO: 208, COR: CINZA, ESPESSURA: 1, LARGURA: 70, MATERIAL: AÇO INOX 304 ESCOVADO;UN;1,0000;3000,0000;3000,0000;0,0000;31/12/2026
ERN - HOSPITAL DR JOSÉ PEDRO BEZERRA DE NATAL;925778;1900;Material;925778-3/2026;Equipamentos;Catálogo do Compras.gov.br;Material;3605;MÁQUINAS E EQUIPAMENTOS PARA PRODUTOS ALIMENTÍCIOS;1161;BATEDEIRA INDUSTRIAL;445067;ACESSÓRIOS: 3 BATEDORES TIPO ESPIRAL, RAQUETE E GLOBO, CAPACIDADE: 6, MATERIAL CORPO: AÇO, POTÊNCIA MOTOR: 1/4, TENSÃO ALIMENTAÇÃO: BIVOLT;UN;1,0000;4000,0000;4000,0000;0,0000;31/12/2026
ERN - HOSPITAL DR JOSÉ PEDRO BEZERRA DE NATAL;925778;1901;Material;925778-3/2026;Equipamentos;Catálogo do Compras.gov.br;Material;3605;MÁQUINAS E EQUIPAMENTOS PARA PRODUTOS ALIMENTÍCIOS;3492;BEBEDOURO ÁGUA GARRAFÃO;463069;CAPACIDADE: 20, CARACTERÍSTICAS ADICIONAIS: 2 TORNEIRAS DESMONTÁVEIS ÁGUA NATURAL/GELADA, COR: BRANCA, MATERIAL: PLÁSTICO, TIPO: ELÉTRICO DE MESA, VOLTAGEM: 110/220;UN;3,0000;800,0000;2400,0000;0,0000;31/12/2026
ERN - HOSPITAL DR JOSÉ PEDRO BEZERRA DE NATAL;925778;1902;Material;925778-3/2026;Equipamentos;Catálogo do Compras.gov.br;Material;3605;MÁQUINAS E EQUIPAMENTOS PARA PRODUTOS ALIMENTÍCIOS;3492;BEBEDOURO ÁGUA GARRAFÃO;402920;CAPACIDADE: 20, CARACTERÍSTICAS ADICIONAIS: BAIXO CONSUMO ENERGIA,TERMOSTATO REGULÁVEL,INMETRO, MATERIAL: PLÁSTICO ABS E CHAPA AÇO INOXIDÁVEL, TIPO: ELÉTRICO DE COLUNA, VOLTAGEM: 220;UN;1,0000;2000,0000;2000,0000;0,0000;31/12/2026
ERN - HOSPITAL DR JOSÉ PEDRO BEZERRA DE NATAL;925778;1903;Material;925778-3/2026;Equipamentos;Catálogo do Compras.gov.br;Material;3605;MÁQUINAS E EQUIPAMENTOS PARA PRODUTOS ALIMENTÍCIOS;4586;CARRINHO DISTRIBUIÇÃO;374447;ALTURA: 85, APLICAÇÃO: TRANSPORTE CHÁ E CAFÉ, CARACTERÍSTICAS ADICIONAIS: BANDEJAS COM BORDAS TIPO GRADIL PARA EVITAR QUEDA, COMPRIMENTO: 100, LARGURA: 53, MATERIAL BANDEJA: AÇO INOXIDÁVEL, MATERIAL ESTRUTURA: AÇO INOXIDÁVEL, TIPO: 2 BANDEJAS, TIPO RODÍZIO: 4 GIRATÓRIOS;UN;2,0000;5500,0000;11000,0000;0,0000;31/12/2026
ERN - HOSPITAL DR JOSÉ PEDRO BEZERRA DE NATAL;925778;1904;Material;925778-3/2026;Equipamentos;Catálogo do Compras.gov.br;Material;3605;MÁQUINAS E EQUIPAMENTOS PARA PRODUTOS ALIMENTÍCIOS;16422;EQUIPAMENTO MULTIUSO COZINHA;457088;APLICAÇÃO: COZINHA INDUSTRIAL, CARACTERÍSTICAS ADICIONAIS: TEMPERATURA: +2 À +10°C, CAPACIDADE 22 GN'S 1/1, MATERIAL ESTRUTURA: AÇO INOXIDÁVEL AISI 304, MATERIAL ISOLAMENTO: ESPUMA POLIURETANO INJETADO, QUANTIDADE PORTAS: 1, TIPO FUNCIONAMENTO: REFRIGERADO, VOLTAGEM: 220;UN;1,0000;10000,0000;10000,0000;0,0000;31/12/2026
ERN - HOSPITAL DR JOSÉ PEDRO BEZERRA DE NATAL;925778;1905;Material;925778-3/2026;Equipamentos;Catálogo do Compras.gov.br;Material;3605;MÁQUINAS E EQUIPAMENTOS PARA PRODUTOS ALIMENTÍCIOS;16422;EQUIPAMENTO MULTIUSO COZINHA;473558;APLICAÇÃO: COZINHA INDUSTRIAL, CARACTERÍSTICAS ADICIONAIS: CAPACIDADE DE 20 GNS 1/1 X 100, RODÍZIOS GIRATÓRI-, MATERIAL ESTRUTURA: AÇO INOXIDÁVEL, MATERIAL ISOLAMENTO: POLIURETANO, QUANTIDADE PORTAS: 2, TIPO FUNCIONAMENTO: AQUECIDO, VOLTAGEM: 220;UN;1,0000;10000,0000;10000,0000;0,0000;31/12/2026
ERN - HOSPITAL DR JOSÉ PEDRO BEZERRA DE NATAL;925778;1906;Material;925778-3/2026;Equipamentos;Catálogo do Compras.gov.br;Material;3605;MÁQUINAS E EQUIPAMENTOS PARA PRODUTOS ALIMENTÍCIOS;16422;EQUIPAMENTO MULTIUSO COZINHA;601210;APLICAÇÃO: COZINHA INDUSTRIAL, MATERIAL ESTRUTURA: AÇO INOXIDÁVEL, MATERIAL ISOLAMENTO: POLIURETANO, QUANTIDADE PORTAS: 2, TIPO FUNCIONAMENTO: AQUECIDO, VOLTAGEM: 220;UN;1,0000;15000,0000;15000,0000;0,0000;31/12/2026
ERN - HOSPITAL DR JOSÉ PEDRO BEZERRA DE NATAL;925778;1907;Material;925778-3/2026;Equipamentos;Catálogo do Compras.gov.br;Material;3605;MÁQUINAS E EQUIPAMENTOS PARA PRODUTOS ALIMENTÍCIOS;7824;FRASCO;368810;BOCA: ESTREITA COM (APROXIMADAMENTE) 3 CM, CAPACIDADE: 200, CARACTERÍSTICAS ADICIONAIS: TAMPA ROSQUEÁVEL, MATERIAL: PLÁSTICO, TIPO: GARRAFA, SEM GRADUAÇÃO;CX;5,0000;300,0000;1500,0000;0,0000;31/12/2026
ERN - HOSPITAL DR JOSÉ PEDRO BEZERRA DE NATAL;925778;1908;Material;925778-3/2026;Equipamentos;Catálogo do Compras.gov.br;Material;4110;EQUIPAMENTO PARA REFRIGERAÇÃO;270;REFRIGERADOR ALIMENTOS;258164;CAPACIDADE: 400, CARACTERÍSTICAS ADICIONAIS: ISOLAMENTO EM POLIURETANO, COR: BRANCA, QUANTIDADE PORTAS: 4, TENSÃO ALIMENTAÇÃO: 220, LARGURA: 1,20, ALTURA: 1,70;UN;4,0000;4120,0000;16480,0000;0,0000;31/12/2026
ERN - HOSPITAL DR JOSÉ PEDRO BEZERRA DE NATAL;925778;1909;Material;925778-3/2026;Equipamentos;Catálogo do Compras.gov.br;Material;4110;EQUIPAMENTO PARA REFRIGERAÇÃO;4105;PEÇAS / ACESSÓRIOS ELETRODOMÉSTICOS;463506;APLICAÇÃO: LIQUIDIFICADOR METVISA, TIPO 1: COPO COMPLETO;UN;5,0000;345,0000;1725,0000;0,0000;31/12/2026
ERN - HOSPITAL DR JOSÉ PEDRO BEZERRA DE NATAL;925778;1910;Material;925778-3/2026;Equipamentos;Catálogo do Compras.gov.br;Material;3432;EQUIPAMENTO PARA SOLDA A RESISTÊNCIA ELÉTRICA;15141;RESISTÊNCIA ELÉTRICA;463481;POTÊNCIA NOMINAL: 2000, USO: BALCÃO TÉRMICO INSDUSTRIAL COZIX;PC;30,0000;110,0000;3300,0000;0,0000;31/12/2026
ERN - HOSPITAL DR JOSÉ PEDRO BEZERRA DE NATAL;925778;1911;Material;925778-3/2026;Equipamentos;Catálogo do Compras.gov.br;Material;4110;EQUIPAMENTO PARA REFRIGERAÇÃO;9197;MÁQUINA FABRICAR GELO;420718;ALTURA: 84, CAPACIDADE DE PRODUÇÃO: 136, CAPACIDADE DEPÓSITO: 36, COMPRIMENTO: 62, LARGURA: 61, MATERIAL GABINETE: PLÁSTICO, TIPO GELO: ESCAMAS, VOLTAGEM: 110;UN;1,0000;3000,0000;3000,0000;0,0000;31/12/2026
ERN - HOSPITAL DR JOSÉ PEDRO BEZERRA DE NATAL;925778;1912;Material;925778-3/2026;Equipamentos;Catálogo do Compras.gov.br;Material;4110;EQUIPAMENTO PARA REFRIGERAÇÃO;12668;TERMÔMETRO;384214;ALIMENTAÇÃO: PILHA, APLICAÇÃO: GELADEIRA, CARACTERÍSTICAS ADICIONAIS: DISPLAY CRISTAL, BASE MAGNÉTICA, ALARME, SENSOR, FAIXA MEDIÇÃO TEMPERATURA: -50°C A +70, MATERIAL: PLÁSTICO, TIPO: DIGITAL;UN;6,0000;40,0000;240,0000;0,0000;31/12/2026
ERN - HOSPITAL DR JOSÉ PEDRO BEZERRA DE NATAL;925778;1913;Material;925778-3/2026;Equipamentos;Catálogo do Compras.gov.br;Material;4140;VENTILADORES, CIRCULADORES DE AR E VENTOINHAS;7238;CONJUNTO EXAUSTOR;430166;APLICAÇÃO: CIRCULAÇÃO  REFRIGERAÇÃO, CARACTERÍSTICAS ADICIONAIS: VAZÃO 3000M3/H., ATENUAÇÃO MÍN. 10DB A 250HZ, COMPONENTES: ATENUADOR RUÍDO/DUTO EXAUSTÃO/CHAPÉU CHINÊS/COIFA, DIMENSÕES COIFA: 110 X110 X 50, MATERIAL COIFA: AÇO GALVANIZADO, TIPO MOTOR: MOTOR 3F, 60 HZ, 0,18 KW, 8 POLOS, VOLTAGEM: 110/200;CJ;3,0000;8000,0000;24000,0000;0,0000;31/12/2026
ERN - HOSPITAL DR JOSÉ PEDRO BEZERRA DE NATAL;925778;1914;Material;925778-3/2026;Equipamentos;Catálogo do Compras.gov.br;Material;4120;EQUIPAMENTO DE AR CONDICIONADO;13768;APARELHO AR CONDICIONADO;625029;CAPACIDADE REFRIGERAÇÃO: 32.000, CARACTERÍSTICAS ADICIONAIS 1: CONTROLE REMOTO/CICLO REVERSO (QUENTE/FRIO), GARANTIA: 1, MODELO: SPLIT INVERTER, TENSÃO: 220, TIPO: HI-WALL;UN;3,0000;10000,0000;30000,0000;0,0000;31/12/2026
ERN - HOSPITAL DR JOSÉ PEDRO BEZERRA DE NATAL;925778;1915;Material;925778-3/2026;Equipamentos;Catálogo do Compras.gov.br;Material;4120;EQUIPAMENTO DE AR CONDICIONADO;13768;APARELHO AR CONDICIONADO;458192;CAPACIDADE REFRIGERAÇÃO: 12.000, CARACTERÍSTICAS ADICIONAIS 1: CONTROLE REMOTO S/FIO, INVERTER, TENSÃO: 220, TIPO: SPLIT HI WALL;UN;7,0000;2900,0000;20300,0000;0,0000;31/12/2026
ERN - HOSPITAL DR JOSÉ PEDRO BEZERRA DE NATAL;925778;1916;Material;925778-3/2026;Equipamentos;Catálogo do Compras.gov.br;Material;3590;EQUIPAMENTOS DIVERSOS PARA SERVIÇOS PROFISSIONAIS E  COMERCIAIS;14029;LAVADORA ALTA PRESSÃO;439370;ACESSÓRIOS: PISTOLA BICO TURBO, CONTROLE JATO ÁGUA, MANGUEIRA, CARACTERÍSTICAS ADICIONAIS: APLICADOR DE SHAMPOO, SISTEMA STOP TOTAL, MODELO: PROFISSIONAL, POTÊNCIA CONSUMIDA: 1,8, PRESSÃO: 2.500, TENSÃO: 110/220, TIPO: LAVA-JATO;UN;1,0000;2000,0000;2000,0000;0,0000;31/12/2026
ERN - HOSPITAL DR JOSÉ PEDRO BEZERRA DE NATAL;925778;1917;Material;925778-3/2026;Equipamentos;Catálogo do Compras.gov.br;Material;3920;EQUIPAMENTOS NÃO AUTOPROPULSIONADO PARA MOVIMENTAÇÃO  DE  MATERIAIS;4621;CARRO CARGA;449432;ALTURA: 442, CAPACIDADE CARGA: 800, COMPRIMENTO: 1500, LARGURA: 800, MATERIAL: AÇO, TIPO: PLATAFORMA;UN;3,0000;2250,0000;6750,0000;0,0000;31/12/2026
ERN - HOSPITAL DR JOSÉ PEDRO BEZERRA DE NATAL;925778;1918;Material;925778-3/2026;Equipamentos;Catálogo do Compras.gov.br;Material;3920;EQUIPAMENTOS NÃO AUTOPROPULSIONADO PARA MOVIMENTAÇÃO  DE  MATERIAIS;4621;CARRO CARGA;626363;APLICAÇÃO: TRANSPORTE DE CARGAS EM SACOS BIG BAGS, CAPACIDADE CARGA: 600, COMPONENTES: GANCHOS PARA FIXAÇÃO DAS ALÇAS DO BIG-BAG, MATERIAL: ESTRUTURA METÁLICA EM TUBOS RETANGULARES (38.1”), QUANTIDADE RODÍZIOS: 4, TIPO: CESTA E PLATAFORMA, TIPO RODÍZIO: 04 RODAS GIRATÓRIAS;UN;3,0000;1500,0000;4500,0000;0,0000;31/12/2026
ERN - HOSPITAL DR JOSÉ PEDRO BEZERRA DE NATAL;925778;1919;Material;925778-3/2026;Equipamentos;Catálogo do Compras.gov.br;Material;3920;EQUIPAMENTOS NÃO AUTOPROPULSIONADO PARA MOVIMENTAÇÃO  DE  MATERIAIS;4621;CARRO CARGA;377017;CAPACIDADE CARGA: 300, CARACTERÍSTICAS ADICIONAIS: COM ABA LATERAL, MATERIAL: AÇO, QUANTIDADE RODÍZIOS: 4, TIPO: PLATAFORMA, TIPO RODÍZIO: 2 FIXOS E 2 GIRATÓRIOS;UN;3,0000;360,0000;1080,0000;0,0000;31/12/2026
ERN - HOSPITAL DR JOSÉ PEDRO BEZERRA DE NATAL;925778;1920;Material;925778-3/2026;Equipamentos;Catálogo do Compras.gov.br;Material;4110;EQUIPAMENTO PARA REFRIGERAÇÃO;11539;REFRIGERADOR DE LABORATÓRIO;470425;CAPACIDADE: CERCA DE 430, CARACTERÍSTICAS ADICIONAIS: C/ SAÍDA USB, ATÉ 7 GAVETAS / PRATELEIRAS, FAIXA TEMPERATURA INTERNA: FAIXA DE 2 A 8°C, TIPO: VERTICAL, TIPO ALARME: ALARME VISUAL E SONORO, TIPO COMANDO: PAINEL DE CONTROLE DIGITAL, TIPO CONTROLE: DEGELO AUTOMÁTICO E EVAPORAÇÃO DE ÁGUA, TIPO PORTA: PORTA DE VIDRO COM SISTEMA ANTI-EMBAÇANTE;UN;1,0000;15000,0000;15000,0000;0,0000;31/12/2026
ERN - HOSPITAL DR JOSÉ PEDRO BEZERRA DE NATAL;925778;1921;Material;925778-3/2026;Equipamentos;Catálogo do Compras.gov.br;Material;3920;EQUIPAMENTOS NÃO AUTOPROPULSIONADO PARA MOVIMENTAÇÃO  DE  MATERIAIS;4621;CARRO CARGA;;;-;0,0000;0,0000;4000,0000;0,0000;31/12/2026
ERN - HOSPITAL DR JOSÉ PEDRO BEZERRA DE NATAL;925778;1938;Material;925778-25/2026;GENEROS ALIMENTÍCIOS;Catálogo do Compras.gov.br;Material;8940;ALIMENTOS ESPECIAIS DIETÉTICOS E PREPARADOS ALIMENTÍCIOS;17301;DIETA ENTERAL;475050;ASPECTO FÍSICO: LÍQUIDO, CARACTERÍSTICAS: HIPERCALÓRICA,HIPERPROTEICA, CARACTERÍSTICAS ADICIONAIS: ISENTO DE GLÚTEN, COMPONENTES ADICIONAIS: VIT.,MIN. E FIBRAS, FONTE DE CARBOIDRATO: XAROPE MILHO E/OU SACAROSE E/OU MALTODEXTRINA, FONTE DE LIPÍDIOS: ÓLEOS VEGETAIS E/OU LEC.SOJA, FONTE DE PROTEÍNA: CONC. SR.E/OU ISOL.SOJA E/OU ISOL.LTE E/OU CASEI., SABOR: C/ OU S/ SABOR, USO: ENTERAL OU ORAL;L;144,0000;21,9200;3156,4800;0,0000;30/12/2026
ERN - HOSPITAL DR JOSÉ PEDRO BEZERRA DE NATAL;925778;1939;Material;925778-25/2026;GENEROS ALIMENTÍCIOS;Catálogo do Compras.gov.br;Material;8940;ALIMENTOS ESPECIAIS DIETÉTICOS E PREPARADOS ALIMENTÍCIOS;17301;DIETA ENTERAL;475048;APRESENTAÇÃO: EM SACHÊ, ASPECTO FÍSICO: PÓ, CARACTERÍSTICAS ADICIONAIS: ISENTO GLÚTEN E/OU LACTOSE E/OU SACAROSE, FONTE DE CARBOIDRATO: AMIDO E/OU MALTODEXTRINA, INDICAÇÃO: ESPESSANTE, SABOR: C/ OU S/ SABOR, USO: ORAL;KG;2,0000;87,9900;175,9800;0,0000;30/12/2026
ERN - HOSPITAL DR JOSÉ PEDRO BEZERRA DE NATAL;925778;1940;Material;925778-25/2026;GENEROS ALIMENTÍCIOS;Catálogo do Compras.gov.br;Material;8940;ALIMENTOS ESPECIAIS DIETÉTICOS E PREPARADOS ALIMENTÍCIOS;17301;DIETA ENTERAL;461709;ASPECTO FÍSICO: LÍQUIDO, CARACTERÍSTICAS: HIPERCALÓRICA, CARACTERÍSTICAS ADICIONAIS: ISENTO DE GLÚTEN, FONTE DE CARBOIDRATO: COM OU SEM SACAROSE, FONTE DE LIPÍDIOS: TCL E/OU TCM, SABOR: C/ OU S/ SABOR, USO: ENTERAL OU ORAL;L;360,0000;30,9900;11156,4000;0,0000;30/12/2026
ERN - HOSPITAL DR JOSÉ PEDRO BEZERRA DE NATAL;925778;1941;Material;925778-25/2026;GENEROS ALIMENTÍCIOS;Catálogo do Compras.gov.br;Material;8940;ALIMENTOS ESPECIAIS DIETÉTICOS E PREPARADOS ALIMENTÍCIOS;17301;DIETA ENTERAL;455670;ASPECTO FÍSICO: LÍQUIDO, CARACTERÍSTICAS: NORMOCALÓRICA,HIPERPROTEICA, CARACTERÍSTICAS ADICIONAIS: ISENTO GLÚTEN,LACT.,SACAROSE, COMPONENTES ADICIONAIS: VITAMINAS E MINERAIS, FONTE DE CARBOIDRATO: MALTODEXTRINA, FONTE DE LIPÍDIOS: ÓLEOS VEGETAIS E/OU TCM, FONTE DE PROTEÍNA: CASEINATO E/OU PTN SOJA E/OU SORO LEITE, SABOR: C/SABOR, USO: ENTERAL OU ORAL;L;360,0000;37,8200;13615,2000;0,0000;30/12/2026
ERN - HOSPITAL DR JOSÉ PEDRO BEZERRA DE NATAL;925778;1942;Material;925778-25/2026;GENEROS ALIMENTÍCIOS;Catálogo do Compras.gov.br;Material;8940;ALIMENTOS ESPECIAIS DIETÉTICOS E PREPARADOS ALIMENTÍCIOS;17301;DIETA ENTERAL;452337;ASPECTO FÍSICO: PÓ, CARACTERÍSTICAS: NORMOCALÓRICA,HIPERPROTEICA, CARACTERÍSTICAS ADICIONAIS: ISENTO DE GLÚTEN, COMPONENTES ADICIONAIS: VIT.,MIN. E FIBRAS, FONTE DE CARBOIDRATO: MALTODEXTRINA, FONTE DE LIPÍDIOS: LECITINA DE SOJA, COM OU SEM GORDURA LÁCTEA, FONTE DE PROTEÍNA: LEITE DESNAT., CASEINATO E PTN SORO LEITE., SABOR: C/ OU S/ SABOR, USO: ENTERAL OU ORAL;KG;15,0000;215,0000;3225,0000;0,0000;30/12/2026
ERN - HOSPITAL DR JOSÉ PEDRO BEZERRA DE NATAL;925778;1943;Material;925778-25/2026;GENEROS ALIMENTÍCIOS;Catálogo do Compras.gov.br;Material;8940;ALIMENTOS ESPECIAIS DIETÉTICOS E PREPARADOS ALIMENTÍCIOS;17301;DIETA ENTERAL;440996;APRESENTAÇÃO: EM SACHÊ, ASPECTO FÍSICO: PÓ, CARACTERÍSTICAS ADICIONAIS: ISENTA LACTOSE E GLÚTEN, COMPONENTES ADICIONAIS: PREBIÓTICOS E PROBIÓTICOS, INDICAÇÃO: SIMBIÓTICO, SABOR: C/ OU S/ SABOR, USO: ENTERAL OU ORAL;G;1080,0000;4,3000;4644,0000;0,0000;30/12/2026
ERN - HOSPITAL DR JOSÉ PEDRO BEZERRA DE NATAL;925778;1944;Material;925778-25/2026;GENEROS ALIMENTÍCIOS;Catálogo do Compras.gov.br;Material;8940;ALIMENTOS ESPECIAIS DIETÉTICOS E PREPARADOS ALIMENTÍCIOS;17301;DIETA ENTERAL;437972;APLICAÇÃO: SISTEMA FECHADO, ASPECTO FÍSICO: LÍQUIDO, CARACTERÍSTICAS: HIPERCALÓRICA,HIPERPROTEICA, CARACTERÍSTICAS ADICIONAIS: ISENTO GLÚTEN,LACT.,SACAROSE, COMPONENTES ADICIONAIS: VITAMINAS E MINERAIS, FONTE DE CARBOIDRATO: MALTODEXTRINA E/OU XAROPE DE GLICOSE, FONTE DE LIPÍDIOS: ÓLEOS VEGETAIS E TCM, FONTE DE PROTEÍNA: CASEINATO E PTN SORO LEITE, SABOR: C/ OU S/ SABOR, USO: ENTERAL;L;1000,0000;74,9000;74900,0000;0,0000;30/12/2026
ERN - HOSPITAL DR JOSÉ PEDRO BEZERRA DE NATAL;925778;1945;Material;925778-25/2026;GENEROS ALIMENTÍCIOS;Catálogo do Compras.gov.br;Material;8940;ALIMENTOS ESPECIAIS DIETÉTICOS E PREPARADOS ALIMENTÍCIOS;17301;DIETA ENTERAL;435246;ASPECTO FÍSICO: LÍQUIDO, CARACTERÍSTICAS: NORMOCALÓRICA,HIPERPROTEICA, CARACTERÍSTICAS ADICIONAIS: ISENTO GLÚTEN E SACAROSE, COMPONENTES ADICIONAIS: AA'S,VIT.,MINERAIS,FIBRAS, FONTE DE CARBOIDRATO: LACTOSE E ISOMALTULOSE, FONTE DE LIPÍDIOS: ÓLEOS VEGETAIS E PEIXE, FONTE DE PROTEÍNA: PTN ISOLADA DE SOJA E PTN SORO LEITE, SABOR: C/SABOR, USO: ORAL;ML;720,0000;22,1000;15912,0000;0,0000;30/12/2026
ERN - HOSPITAL DR JOSÉ PEDRO BEZERRA DE NATAL;925778;1946;Material;925778-25/2026;GENEROS ALIMENTÍCIOS;Catálogo do Compras.gov.br;Material;8940;ALIMENTOS ESPECIAIS DIETÉTICOS E PREPARADOS ALIMENTÍCIOS;17301;DIETA ENTERAL;413075;ASPECTO FÍSICO: PÓ, CARACTERÍSTICAS ADICIONAIS: ISENTO DE GLÚTEN, COMPONENTES ADICIONAIS:  PROBIÓTICOS E/OU PREBIÓTICOS, INDICAÇÃO: MÓDULO DE FIBRAS, SABOR: S/ SABOR, USO: ENTERAL OU ORAL;G;9360,0000;0,3200;2995,2000;0,0000;30/12/2026
ERN - HOSPITAL DR JOSÉ PEDRO BEZERRA DE NATAL;925778;1947;Material;925778-25/2026;GENEROS ALIMENTÍCIOS;Catálogo do Compras.gov.br;Material;8940;ALIMENTOS ESPECIAIS DIETÉTICOS E PREPARADOS ALIMENTÍCIOS;17301;DIETA ENTERAL;405019;APLICAÇÃO: SISTEMA FECHADO, ASPECTO FÍSICO: LÍQUIDO, CARACTERÍSTICAS: NORMOCALÓRICA,HIPERPROTEICA, CARACTERÍSTICAS ADICIONAIS: ISENTO GLÚTEN,LACT.,SACAROSE, COMPONENTES ADICIONAIS: AA'S,VIT.,MINERAIS,FIBRAS, FONTE DE CARBOIDRATO: MALTODEXTRINA E AMIDO, FONTE DE LIPÍDIOS: ÓLEOS VEGETAIS,PEIXE E TCM, FONTE DE PROTEÍNA: SORO LEITE HIDROLISADA, SABOR: S/ SABOR;L;432,0000;85,4100;36897,1200;0,0000;30/12/2026
ERN - HOSPITAL DR JOSÉ PEDRO BEZERRA DE NATAL;925778;1948;Material;925778-25/2026;GENEROS ALIMENTÍCIOS;Catálogo do Compras.gov.br;Material;8940;ALIMENTOS ESPECIAIS DIETÉTICOS E PREPARADOS ALIMENTÍCIOS;17301;DIETA ENTERAL;617830;ASPECTO FÍSICO: PÓ, CARACTERÍSTICAS: NORMOCALÓRICA, NORMOPROTEICA, CARACTERÍSTICAS ADICIONAIS: ISENTO GLÚTEN E/OU SACAROSE, COMPONENTES ADICIONAIS: VIT.,MIN. E FIBRAS, FONTE DE CARBOIDRATO: MALTODEXTRINA E/OU XAROPE DE GLICOSE, FONTE DE LIPÍDIOS: ÓLEOS VEGETAIS E/OU TCM, FONTE DE PROTEÍNA: CASEINATO E/OU SORO LEITE E/OU PTN ISOLADA SOJA, SABOR: C/SABOR, USO: ENTERAL E/OU ORAL;KG;20,0000;51,9200;1038,4000;0,0000;30/12/2026
ERN - HOSPITAL DR JOSÉ PEDRO BEZERRA DE NATAL;925778;1949;Material;925778-25/2026;GENEROS ALIMENTÍCIOS;Catálogo do Compras.gov.br;Material;8940;ALIMENTOS ESPECIAIS DIETÉTICOS E PREPARADOS ALIMENTÍCIOS;17301;DIETA ENTERAL;435201;ASPECTO FÍSICO: LÍQUIDO, CARACTERÍSTICAS ADICIONAIS: ISENTO GLÚTEN,LACT.,SACAROSE, FONTE DE LIPÍDIOS: TRIGLICERÍDEOS DE CADEIA MÉDIA (TCM), INDICAÇÃO: MÓDULO DE LIPÍDIOS, SABOR: C/ OU S/ SABOR, USO: ENTERAL OU ORAL;L;9,0000;160,0000;1440,0000;0,0000;30/12/2026
ERN - HOSPITAL DR JOSÉ PEDRO BEZERRA DE NATAL;925778;1950;Material;925778-25/2026;GENEROS ALIMENTÍCIOS;Catálogo do Compras.gov.br;Material;8940;ALIMENTOS ESPECIAIS DIETÉTICOS E PREPARADOS ALIMENTÍCIOS;17301;DIETA ENTERAL;403935;ASPECTO FÍSICO: PÓ, CARACTERÍSTICAS ADICIONAIS: ISENTO DE SACAROSE,LACTOSE E/OU GLÚTEN, COMPONENTES ADICIONAIS: AA'S, FONTE DE PROTEÍNA: CASEINATO CÁLCIO OU SORO LEITE HIDROLISADO, INDICAÇÃO: MÓDULO DE PTN, USO: ENTERAL OU ORAL;KG;6,0000;124,8800;749,2800;0,0000;30/12/2026
ERN - HOSPITAL DR JOSÉ PEDRO BEZERRA DE NATAL;925778;1951;Material;925778-25/2026;GENEROS ALIMENTÍCIOS;Catálogo do Compras.gov.br;Material;8940;ALIMENTOS ESPECIAIS DIETÉTICOS E PREPARADOS ALIMENTÍCIOS;17301;DIETA ENTERAL;403933;ASPECTO FÍSICO: PÓ, CARACTERÍSTICAS ADICIONAIS: ISENTO GLÚTEN,LACT.,SACAROSE, FONTE DE PROTEÍNA: L-GLUTAMINA, INDICAÇÃO: MÓDULO DE PTN, USO: ENTERAL OU ORAL;KG;2,0000;386,7000;773,4000;0,0000;30/12/2026
ERN - HOSPITAL DR JOSÉ PEDRO BEZERRA DE NATAL;925778;1952;Material;925778-25/2026;GENEROS ALIMENTÍCIOS;Catálogo do Compras.gov.br;Material;8940;ALIMENTOS ESPECIAIS DIETÉTICOS E PREPARADOS ALIMENTÍCIOS;17301;DIETA ENTERAL;403932;ASPECTO FÍSICO: PÓ, CARACTERÍSTICAS ADICIONAIS: ISENTO GLÚTEN,LACT.,SACAROSE, FONTE DE CARBOIDRATO: AMIDO E/OU MALTODEXTRINA, INDICAÇÃO: MÓDULO DE CHO, USO: ENTERAL OU ORAL;KG;2,0000;130,0000;260,0000;0,0000;30/12/2026
ERN - HOSPITAL DR JOSÉ PEDRO BEZERRA DE NATAL;925778;1953;Material;925778-25/2026;GENEROS ALIMENTÍCIOS;Catálogo do Compras.gov.br;Material;8940;ALIMENTOS ESPECIAIS DIETÉTICOS E PREPARADOS ALIMENTÍCIOS;17301;DIETA ENTERAL;404986;ASPECTO FÍSICO: LÍQUIDO, CARACTERÍSTICAS: HIPERCALÓRICA,HIPERPROTEICA, CARACTERÍSTICAS ADICIONAIS: ISENTA LACTOSE E GLÚTEN, COMPONENTES ADICIONAIS: AA'S,VIT.,MINERAIS,FIBRAS, FONTE DE CARBOIDRATO: MALTO.E/OU SACAROSE E/OU XAROPE GLICOSE, FONTE DE LIPÍDIOS: ÓLEOS VEG. E/OU DE PEIXE E/OU TCM E/OU LEC. SOJA, FONTE DE PROTEÍNA: CASEINATO E PTN SORO LEITE, SABOR: C/SABOR, USO: ENTERAL OU ORAL;L;144,0000;106,4500;15328,8000;0,0000;30/12/2026
ERN - HOSPITAL DR JOSÉ PEDRO BEZERRA DE NATAL;925778;1954;Material;925778-25/2026;GENEROS ALIMENTÍCIOS;Catálogo do Compras.gov.br;Material;8940;ALIMENTOS ESPECIAIS DIETÉTICOS E PREPARADOS ALIMENTÍCIOS;17301;DIETA ENTERAL;437795;ASPECTO FÍSICO: LÍQUIDO, CARACTERÍSTICAS: HIPERCALÓRICA,HIPERPROTEICA, CARACTERÍSTICAS ADICIONAIS: ISENTA LACTOSE E GLÚTEN, COMPONENTES ADICIONAIS: VITAMINAS E MINERAIS, FONTE DE CARBOIDRATO: XAROPE MILHO E/OU SACAROSE E/OU MALTODEXTRINA, FONTE DE LIPÍDIOS: ÓLEOS VEG.E/OU TCM E/OU LEC.SOJA, FONTE DE PROTEÍNA: CASEINATO E PTN ISOL.SOJA E/OU PTN ISOL.LEITE, SABOR: C/SABOR, USO: ENTERAL OU ORAL;L;144,0000;116,6000;16790,4000;0,0000;30/12/2026
ERN - HOSPITAL DR JOSÉ PEDRO BEZERRA DE NATAL;925778;1955;Material;925778-25/2026;GENEROS ALIMENTÍCIOS;Catálogo do Compras.gov.br;Material;8940;ALIMENTOS ESPECIAIS DIETÉTICOS E PREPARADOS ALIMENTÍCIOS;17301;DIETA ENTERAL;474851;APLICAÇÃO: SISTEMA FECHADO, ASPECTO FÍSICO: LÍQUIDO, CARACTERÍSTICAS: HIPERCALÓRICA,HIPERPROTEICA, CARACTERÍSTICAS ADICIONAIS: ISENTO GLÚTEN E/OU LACTOSE E/OU SACAROSE, COMPONENTES ADICIONAIS: VIT.,MIN. E FIBRAS, FONTE DE CARBOIDRATO: MALTODEX.E ISOMALTULOSE E/OU FRUTOSE E/OU AMIDO, FONTE DE LIPÍDIOS: ÓLEOS VEG. E/OU DE PEIXE E/OU TCM E/OU LEC. SOJA, FONTE DE PROTEÍNA: CASEIN.E/OU PTN ISOL.SOJA E/OU SOJA E/OU SR LEITE, SABOR: C/ OU S/ SABOR, USO: ENTERAL;L;72,0000;85,4100;6149,5200;0,0000;30/12/2026
ERN - HOSPITAL DR JOSÉ PEDRO BEZERRA DE NATAL;925778;1956;Material;925778-25/2026;GENEROS ALIMENTÍCIOS;Catálogo do Compras.gov.br;Material;8940;ALIMENTOS ESPECIAIS DIETÉTICOS E PREPARADOS ALIMENTÍCIOS;5648;DIETA INFANTIL;601401;ADICIONAIS: C/ LC PUFAS E/OU NUCLEOTÍDEOS, ASPECTO FÍSICO: PÓ, CARACTERÍSTICAS ADICIONAIS: ISENTO GLÚTEN, COMPONENTES ADICIONAIS: VITAMINAS E MINERAIS, FONTE DE CARBOIDRATO: MALTODEXTRINA, FONTE DE LIPÍDIOS: ÓLEOS VEGETAIS, FONTE DE PROTEÍNA: PTN SR.LEITE E/OU CASEÍNA, SABOR: C/ OU S/SABOR, USO: ENTERAL E/OU ORAL;KG;87,0000;60,0000;5220,0000;0,0000;30/12/2026
ERN - HOSPITAL DR JOSÉ PEDRO BEZERRA DE NATAL;925778;1957;Material;925778-25/2026;GENEROS ALIMENTÍCIOS;Catálogo do Compras.gov.br;Material;8940;ALIMENTOS ESPECIAIS DIETÉTICOS E PREPARADOS ALIMENTÍCIOS;5648;DIETA INFANTIL;485142;ADICIONAIS: C/ ÁCIDOS GRAXOS ESSENCIAIS, ASPECTO FÍSICO: PÓ, CARACTERÍSTICAS ADICIONAIS: ISENTO GLÚTEN, COMPONENTES ADICIONAIS: VIT.,MIN.E FIBRAS, FONTE DE CARBOIDRATO: MALTODEXTRINA E/OU LACTOSE E/OU AMIDO, FONTE DE LIPÍDIOS: ÓLEOS VEGETAIS E/OU TCM, FONTE DE PROTEÍNA: PTN HIDROLISADA SORO LEITE, INDICAÇÃO: 0 A 36 MESES, SABOR: C/ OU S/SABOR, USO: ENTERAL OU ORAL;KG;15,0000;119,0000;1785,0000;0,0000;30/12/2026
ERN - HOSPITAL DR JOSÉ PEDRO BEZERRA DE NATAL;925778;1958;Material;925778-25/2026;GENEROS ALIMENTÍCIOS;Catálogo do Compras.gov.br;Material;8940;ALIMENTOS ESPECIAIS DIETÉTICOS E PREPARADOS ALIMENTÍCIOS;5648;DIETA INFANTIL;468463;ASPECTO FÍSICO: PÓ, CARACTERÍSTICAS ADICIONAIS: ISENTO GLÚTEN, COMPONENTES ADICIONAIS: VITAMINAS E MINERAIS, FONTE DE CARBOIDRATO: XAROPE GLICOSE, FONTE DE LIPÍDIOS: ÓLEOS VEGETAIS E/OU TCM, FONTE DE PROTEÍNA: AA'S, SABOR: S/SABOR, USO: ENTERAL OU ORAL;KG;58,0000;250,0000;14500,0000;0,0000;30/12/2026
ERN - HOSPITAL DR JOSÉ PEDRO BEZERRA DE NATAL;925778;1959;Material;925778-25/2026;GENEROS ALIMENTÍCIOS;Catálogo do Compras.gov.br;Material;8940;ALIMENTOS ESPECIAIS DIETÉTICOS E PREPARADOS ALIMENTÍCIOS;5648;DIETA INFANTIL;443511;ADICIONAIS: C/ LC PUFAS E NUCLEOTÍDEOS, ASPECTO FÍSICO: PÓ, CARACTERÍSTICAS ADICIONAIS: ISENTO GLÚTEN, COMPONENTES ADICIONAIS: VITAMINAS E MINERAIS, FONTE DE CARBOIDRATO: MALTODEXTRINA,LACTOSE, FONTE DE LIPÍDIOS: ÓLEOS VEGETAIS, FONTE DE PROTEÍNA: SORO LEITE E CASEÍNA, INDICAÇÃO: PREMATURO/BAIXO PESO, USO: ENTERAL OU ORAL;KG;58,0000;78,0000;4524,0000;0,0000;30/12/2026
ERN - HOSPITAL DR JOSÉ PEDRO BEZERRA DE NATAL;925778;1960;Material;925778-25/2026;GENEROS ALIMENTÍCIOS;Catálogo do Compras.gov.br;Material;8940;ALIMENTOS ESPECIAIS DIETÉTICOS E PREPARADOS ALIMENTÍCIOS;5648;DIETA INFANTIL;453662;ADICIONAIS:  C/ LC PUFAS,PREBIÓTICOS, ASPECTO FÍSICO: PÓ, CARACTERÍSTICAS ADICIONAIS: ISENTO GLÚTEN, COMPONENTES ADICIONAIS: VIT.,MIN.E FIBRAS, FONTE DE CARBOIDRATO: LACTOSE, FONTE DE LIPÍDIOS: ÓLEOS VEGETAIS E GORDURA LÁCTEA, FONTE DE PROTEÍNA: PTN HIDROLISADA SORO LEITE, INDICAÇÃO: 0 A 6 MESES, USO: ENTERAL OU ORAL;KG;43,0000;180,0000;7740,0000;0,0000;30/12/2026
ERN - HOSPITAL DR JOSÉ PEDRO BEZERRA DE NATAL;925778;1981;Serviço;925778-2/2026;Serviços de Manutenção Preventiva e Corretiva de equipamentos;Catálogo do Compras.gov.br;Serviço;871;SERVIÇOS DE MANUTENÇÃO E REPARO DE PRODUTOS FABRICADOS DE METAL,MAQUINARIA E EQUIPAMENTOS;;;5428;MANUTENÇÃO APARELHOS MÉDICOS - HOSPITALARES;-;12,0000;17500,0000;210000,0000;0,0000;31/12/2026
ERN - HOSPITAL DR JOSÉ PEDRO BEZERRA DE NATAL;925778;1961;Material;925778-25/2026;GENEROS ALIMENTÍCIOS;Catálogo do Compras.gov.br;Material;8940;ALIMENTOS ESPECIAIS DIETÉTICOS E PREPARADOS ALIMENTÍCIOS;5648;DIETA INFANTIL;436747;APRESENTAÇÃO: EM SACHÊ, ASPECTO FÍSICO: PÓ, CARACTERÍSTICAS ADICIONAIS: ISENTO GLÚTEN, COMPONENTES ADICIONAIS: VITAMINAS E MINERAIS, FONTE DE CARBOIDRATO: MALTODEXTRINA, FONTE DE PROTEÍNA: PTN HIDROLISADA SORO LEITE, INDICAÇÃO: RECÉM-NASCIDO, USO: ENTERAL OU ORAL;KG;11,0000;250,0000;2750,0000;0,0000;30/12/2026
ERN - HOSPITAL DR JOSÉ PEDRO BEZERRA DE NATAL;925778;1962;Material;925778-25/2026;GENEROS ALIMENTÍCIOS;Catálogo do Compras.gov.br;Material;8940;ALIMENTOS ESPECIAIS DIETÉTICOS E PREPARADOS ALIMENTÍCIOS;5648;DIETA INFANTIL;435253;ASPECTO FÍSICO: LÍQUIDO, CARACTERÍSTICA: HIPERCALÓRICO, CARACTERÍSTICAS ADICIONAIS: ISENTO GLÚTEN,LACTOSE, COMPONENTES ADICIONAIS: AA'S,VIT.,MINERAIS,FIBRAS, FONTE DE CARBOIDRATO: MALTODEXTRINA E/OU SACAROSE, FONTE DE LIPÍDIOS: ÓLEOS VEGETAIS, FONTE DE PROTEÍNA: CASEINATO, INDICAÇÃO: 0 A 12 MESES, USO: ENTERAL OU ORAL;L;18,0000;30,0000;540,0000;0,0000;30/12/2026
ERN - HOSPITAL DR JOSÉ PEDRO BEZERRA DE NATAL;925778;1963;Material;925778-25/2026;GENEROS ALIMENTÍCIOS;Catálogo do Compras.gov.br;Material;8940;ALIMENTOS ESPECIAIS DIETÉTICOS E PREPARADOS ALIMENTÍCIOS;5648;DIETA INFANTIL;453663;ADICIONAIS:  C/ LC PUFAS,PREBIÓTICOS, ASPECTO FÍSICO: PÓ, CARACTERÍSTICAS ADICIONAIS: ISENTO GLÚTEN, COMPONENTES ADICIONAIS: VIT.,MIN.E FIBRAS, FONTE DE CARBOIDRATO: LACTOSE, FONTE DE LIPÍDIOS: ÓLEOS VEGETAIS E GORDURA LÁCTEA, FONTE DE PROTEÍNA: PTN HIDROLISADA SORO LEITE, INDICAÇÃO: A PARTIR 6° MÊS, USO: ENTERAL OU ORAL;KG;14,0000;60,0000;840,0000;0,0000;30/12/2026
ERN - HOSPITAL DR JOSÉ PEDRO BEZERRA DE NATAL;925778;1964;Material;925778-25/2026;GENEROS ALIMENTÍCIOS;Catálogo do Compras.gov.br;Material;9999;ITENS DIVERSOS;;;;;-;0,0000;0,0000;300000,0000;0,0000;30/12/2026
ERN - HOSPITAL DR JOSÉ PEDRO BEZERRA DE NATAL;925778;1965;Serviço;925778-24/2026;MANUTENÇÃO DAS MESAS CIRÚRGICAS;Catálogo do Compras.gov.br;Serviço;871;SERVIÇOS DE MANUTENÇÃO E REPARO DE PRODUTOS FABRICADOS DE METAL,MAQUINARIA E EQUIPAMENTOS;;;5428;MANUTENÇÃO APARELHOS MÉDICOS - HOSPITALARES;-;12,0000;6511,0000;78132,0000;0,0000;30/12/2026
ERN - HOSPITAL DR JOSÉ PEDRO BEZERRA DE NATAL;925778;1966;Material;925778-23/2026;MATERIAIS PARA CME;Catálogo do Compras.gov.br;Material;8010;TINTAS, VERNIZES E PRODUTOS CORRELATOS;13917;REMOVEDOR FERRUGEM;346045;APLICAÇÃO: REMOÇÃO DE CROSTAS E MANCHAS DE OXIDAÇÃO DE MATERI, COMPOSIÇÃO: ÁCIDO FOSFÓRICO/DETERGENTE NÃO IÔNICO/PROPILGLICOL;FR;5,0000;81,4600;407,3000;0,0000;30/12/2026
ERN - HOSPITAL DR JOSÉ PEDRO BEZERRA DE NATAL;925778;1967;Material;925778-23/2026;MATERIAIS PARA CME;Catálogo do Compras.gov.br;Material;6840;PESTICIDAS E DESINFETANTES;6137;DETERGENTE SANEANTE;461418;ASPECTO FÍSICO: LÍQUIDO, CARACTERÍSTICA ADICIONAL: CONCENTRADO, COMPOSIÇÃO: ALQUILAMINA;L;50,0000;89,9700;4498,5000;0,0000;30/12/2026
ERN - HOSPITAL DR JOSÉ PEDRO BEZERRA DE NATAL;925778;1968;Material;925778-23/2026;MATERIAIS PARA CME;Catálogo do Compras.gov.br;Material;6515;INSTRUMENTOS, EQUIPAMENTOS E SUPRIMENTOS MÉDICOS  E  CIRÚRGICOS;12234;LUBRIFICANTE MINERAL;247287;APLICAÇÃO: INSTRUMENTAL E MATERIAL CIRÚRGICO, CARACTERÍSTICAS ADICIONAIS: EMULSIFICANTE/NÃO IÔNICO/NÃO OLEOSO/NÃO PEGAJOSO, COMPOSIÇÃO: LEITES MINERAIS NEUTROS E POLÍMERO HIDROCARBONETOS;BOM;5,0000;79,2900;396,4500;0,0000;30/12/2026
ERN - HOSPITAL DR JOSÉ PEDRO BEZERRA DE NATAL;925778;1969;Serviço;925778-2/2026;Serviços de Manutenção Preventiva e Corretiva de equipamentos;Catálogo do Compras.gov.br;Serviço;871;SERVIÇOS DE MANUTENÇÃO E REPARO DE PRODUTOS FABRICADOS DE METAL,MAQUINARIA E EQUIPAMENTOS;;;5428;MANUTENÇÃO APARELHOS MÉDICOS - HOSPITALARES;-;12,0000;26041,6600;312499,9200;0,0000;31/12/2026
ERN - HOSPITAL DR JOSÉ PEDRO BEZERRA DE NATAL;925778;1970;Serviço;925778-2/2026;Serviços de Manutenção Preventiva e Corretiva de equipamentos;Catálogo do Compras.gov.br;Serviço;871;SERVIÇOS DE MANUTENÇÃO E REPARO DE PRODUTOS FABRICADOS DE METAL,MAQUINARIA E EQUIPAMENTOS;;;5428;MANUTENÇÃO APARELHOS MÉDICOS - HOSPITALARES;-;12,0000;7125,0000;85500,0000;0,0000;31/12/2026
ERN - HOSPITAL DR JOSÉ PEDRO BEZERRA DE NATAL;925778;1971;Serviço;925778-2/2026;Serviços de Manutenção Preventiva e Corretiva de equipamentos;Catálogo do Compras.gov.br;Serviço;871;SERVIÇOS DE MANUTENÇÃO E REPARO DE PRODUTOS FABRICADOS DE METAL,MAQUINARIA E EQUIPAMENTOS;;;5428;MANUTENÇÃO APARELHOS MÉDICOS - HOSPITALARES;-;12,0000;74183,2200;890198,6400;0,0000;31/12/2026
ERN - HOSPITAL DR JOSÉ PEDRO BEZERRA DE NATAL;925778;1972;Serviço;925778-2/2026;Serviços de Manutenção Preventiva e Corretiva de equipamentos;Catálogo do Compras.gov.br;Serviço;871;SERVIÇOS DE MANUTENÇÃO E REPARO DE PRODUTOS FABRICADOS DE METAL,MAQUINARIA E EQUIPAMENTOS;;;5428;MANUTENÇÃO APARELHOS MÉDICOS - HOSPITALARES;-;12,0000;46822,1000;561865,2000;0,0000;31/12/2026
ERN - HOSPITAL DR JOSÉ PEDRO BEZERRA DE NATAL;925778;1973;Serviço;925778-2/2026;Serviços de Manutenção Preventiva e Corretiva de equipamentos;Catálogo do Compras.gov.br;Serviço;871;SERVIÇOS DE MANUTENÇÃO E REPARO DE PRODUTOS FABRICADOS DE METAL,MAQUINARIA E EQUIPAMENTOS;;;5428;MANUTENÇÃO APARELHOS MÉDICOS - HOSPITALARES;-;12,0000;18936,9000;227242,8000;0,0000;31/12/2026
ERN - HOSPITAL DR JOSÉ PEDRO BEZERRA DE NATAL;925778;1974;Serviço;925778-2/2026;Serviços de Manutenção Preventiva e Corretiva de equipamentos;Catálogo do Compras.gov.br;Serviço;871;SERVIÇOS DE MANUTENÇÃO E REPARO DE PRODUTOS FABRICADOS DE METAL,MAQUINARIA E EQUIPAMENTOS;;;5428;MANUTENÇÃO APARELHOS MÉDICOS - HOSPITALARES;-;12,0000;19408,4000;232900,8000;0,0000;31/12/2026
ERN - HOSPITAL DR JOSÉ PEDRO BEZERRA DE NATAL;925778;1975;Serviço;925778-2/2026;Serviços de Manutenção Preventiva e Corretiva de equipamentos;Catálogo do Compras.gov.br;Serviço;871;SERVIÇOS DE MANUTENÇÃO E REPARO DE PRODUTOS FABRICADOS DE METAL,MAQUINARIA E EQUIPAMENTOS;;;5428;MANUTENÇÃO APARELHOS MÉDICOS - HOSPITALARES;-;12,0000;1381,2500;16575,0000;0,0000;31/12/2026
ERN - HOSPITAL DR JOSÉ PEDRO BEZERRA DE NATAL;925778;1976;Serviço;925778-2/2026;Serviços de Manutenção Preventiva e Corretiva de equipamentos;Catálogo do Compras.gov.br;Serviço;871;SERVIÇOS DE MANUTENÇÃO E REPARO DE PRODUTOS FABRICADOS DE METAL,MAQUINARIA E EQUIPAMENTOS;;;5428;MANUTENÇÃO APARELHOS MÉDICOS - HOSPITALARES;-;12,0000;24285,0000;291420,0000;0,0000;31/12/2026
ERN - HOSPITAL DR JOSÉ PEDRO BEZERRA DE NATAL;925778;1977;Serviço;925778-2/2026;Serviços de Manutenção Preventiva e Corretiva de equipamentos;Catálogo do Compras.gov.br;Serviço;871;SERVIÇOS DE MANUTENÇÃO E REPARO DE PRODUTOS FABRICADOS DE METAL,MAQUINARIA E EQUIPAMENTOS;;;5428;MANUTENÇÃO APARELHOS MÉDICOS - HOSPITALARES;-;12,0000;9495,0000;113940,0000;0,0000;31/12/2026
ERN - HOSPITAL DR JOSÉ PEDRO BEZERRA DE NATAL;925778;1978;Serviço;925778-2/2026;Serviços de Manutenção Preventiva e Corretiva de equipamentos;Catálogo do Compras.gov.br;Serviço;871;SERVIÇOS DE MANUTENÇÃO E REPARO DE PRODUTOS FABRICADOS DE METAL,MAQUINARIA E EQUIPAMENTOS;;;5428;MANUTENÇÃO APARELHOS MÉDICOS - HOSPITALARES;-;12,0000;138596,8700;1663162,4400;0,0000;31/12/2026
ERN - HOSPITAL DR JOSÉ PEDRO BEZERRA DE NATAL;925778;1979;Serviço;925778-2/2026;Serviços de Manutenção Preventiva e Corretiva de equipamentos;Catálogo do Compras.gov.br;Serviço;871;SERVIÇOS DE MANUTENÇÃO E REPARO DE PRODUTOS FABRICADOS DE METAL,MAQUINARIA E EQUIPAMENTOS;;;5428;MANUTENÇÃO APARELHOS MÉDICOS - HOSPITALARES;-;12,0000;12500,0000;150000,0000;0,0000;31/12/2026
ERN - HOSPITAL DR JOSÉ PEDRO BEZERRA DE NATAL;925778;1980;Serviço;925778-2/2026;Serviços de Manutenção Preventiva e Corretiva de equipamentos;Catálogo do Compras.gov.br;Serviço;871;SERVIÇOS DE MANUTENÇÃO E REPARO DE PRODUTOS FABRICADOS DE METAL,MAQUINARIA E EQUIPAMENTOS;;;5428;MANUTENÇÃO APARELHOS MÉDICOS - HOSPITALARES;-;12,0000;3487,5000;41850,0000;0,0000;31/12/2026
ERN - HOSPITAL DR JOSÉ PEDRO BEZERRA DE NATAL;925778;1982;Serviço;925778-2/2026;Serviços de Manutenção Preventiva e Corretiva de equipamentos;Catálogo do Compras.gov.br;Serviço;871;SERVIÇOS DE MANUTENÇÃO E REPARO DE PRODUTOS FABRICADOS DE METAL,MAQUINARIA E EQUIPAMENTOS;;;5428;MANUTENÇÃO APARELHOS MÉDICOS - HOSPITALARES;-;12,0000;1800,0000;21600,0000;0,0000;31/12/2026
ERN - HOSPITAL DR JOSÉ PEDRO BEZERRA DE NATAL;925778;1983;Serviço;925778-2/2026;Serviços de Manutenção Preventiva e Corretiva de equipamentos;Catálogo do Compras.gov.br;Serviço;871;SERVIÇOS DE MANUTENÇÃO E REPARO DE PRODUTOS FABRICADOS DE METAL,MAQUINARIA E EQUIPAMENTOS;;;5428;MANUTENÇÃO APARELHOS MÉDICOS - HOSPITALARES;-;12,0000;1800,0000;21600,0000;0,0000;31/12/2026
