Unidade Responsável;UASG;Id do item no PCA;Categoria do Item;Identificador da Futura Contratação;Nome da Futura Contratação;Catálogo Utilizado;Classificação do Catálogo;Código da Classificação Superior (Classe/Grupo);Nome da Classificação Superior (Classe/Grupo);Código do PDM do Item;Nome do PDM do Item;Código do Item;Descrição do Item;Unidade de Fornecimento;Quantidade Estimada;Valor Unitário Estimado (R$);Valor Total Estimado (R$);Valor orçamentário estimado para o exercício (R$);Data Desejada
ERN-HOSPITAL REGIONAL DEOCLÉCIO MARQUES LUC.;926787;255;Material;926787-16/2026;Medicamentos e insumos;Catálogo do Compras.gov.br;Material;6505;DROGAS E MEDICAMENTOS;;;;;-;0,0000;0,0000;6000000,0000;0,0000;31/12/2026
ERN-HOSPITAL REGIONAL DEOCLÉCIO MARQUES LUC.;926787;429;Material;926787-8/2026;Almoxarifado;Catálogo do Compras.gov.br;Material;7110;MOBILIÁRIO PARA ESCRITÓRIO;279;APAGADOR QUADRO BRANCO;411136;ALTURA: 2,80, COMPRIMENTO: 14, LARGURA: 5, MATERIAL BASE: FELTRO, MATERIAL CORPO: RESINA TERMOPLÁSTICA;UN;24,0000;16,4800;395,5200;0,0000;30/12/2026
ERN-HOSPITAL REGIONAL DEOCLÉCIO MARQUES LUC.;926787;430;Material;926787-8/2026;Almoxarifado;Catálogo do Compras.gov.br;Material;7090;SUPRIMENTOS DE INFORMÁTICA - TIC;6251;DISCO COMPACTO - CD/DVD;451751;CAPACIDADE DVD ROM: 4.7, CARACTERÍSTICAS ADICIONAIS: EMBALAGEM TIPO ENVELOPE DE PAPEL, TEMPO DURAÇÃO: 120, TIPO: GRAVÁVEL / DVD R, VELOCIDADE GRAVAÇÃO: 16X;TBO;15,0000;397,0000;5955,0000;0,0000;30/12/2026
ERN-HOSPITAL REGIONAL DEOCLÉCIO MARQUES LUC.;926787;431;Material;926787-8/2026;Almoxarifado;Catálogo do Compras.gov.br;Material;6530;MOBILIÁRIO, EQUIPAMENTOS, UTENSÍLIOS E  SUPRIMENTOS  HOSPITALARES;11495;LIXEIRA;610861;CAPACIDADE: 100, CARACTERÍSTICAS ADICIONAIS: CONFORME MODELO, COR: BRANCA, MATERIAL: POLIETILENO ALTA DENSIDADE, TIPO: COM TAMPA E PEDAL ACOPLADOS;UN;120,0000;394,7000;47364,0000;0,0000;30/12/2026
ERN-HOSPITAL REGIONAL DEOCLÉCIO MARQUES LUC.;926787;432;Material;926787-8/2026;Almoxarifado;Catálogo do Compras.gov.br;Material;6530;MOBILIÁRIO, EQUIPAMENTOS, UTENSÍLIOS E  SUPRIMENTOS  HOSPITALARES;11495;LIXEIRA;296435;APLICAÇÃO: COLETA DE LIXO, CAPACIDADE: 200, COR: AZUL, MATERIAL: PLÁSTICO, TIPO: COM TAMPA;UN;65,0000;369,9000;24043,5000;0,0000;30/12/2026
ERN-HOSPITAL REGIONAL DEOCLÉCIO MARQUES LUC.;926787;433;Material;926787-8/2026;Almoxarifado;Catálogo do Compras.gov.br;Material;7110;MOBILIÁRIO PARA ESCRITÓRIO;10736;PINCEL QUADRO BRANCO / MAGNÉTICO;409983;CARACTERÍSTICAS ADICIONAIS: ESCRITA 2MM, PONTA ARREDONDADA, COR: DIVERSAS, MATERIAL: PLÁSTICO, MATERIAL PONTA: FIBRA SINTÉTICA, TIPO CARGA: RECARREGÁVEL;CX;20,0000;34,6200;692,4000;0,0000;30/12/2026
ERN-HOSPITAL REGIONAL DEOCLÉCIO MARQUES LUC.;926787;434;Material;926787-8/2026;Almoxarifado;Catálogo do Compras.gov.br;Material;7110;MOBILIÁRIO PARA ESCRITÓRIO;313;CADEIRA ESCRITÓRIO;624320;APOIO BRAÇO: COM BRAÇOS, CARACTERÍSTICAS ADICIONAIS: COM RODÍZIOS, COR: PRETA, MATERIAL ASSENTO: ESPUMA POLIURETANO ANATÔMICA, MATERIAL ENCOSTO: ESPUMA POLIURETANO ANATÔMICA, MATERIAL ESTRUTURA: MADEIRA COMPENSADA, MATERIAL REVESTIMENTO ASSENTO E ENCOSTO: COURO ECOLÓGICO, TIPO BASE: GIRATÓRIA RECLINÁVEL, TIPO ENCOSTO: ESPALDAR ALTO, TIPO SISTEMA REGULAGEM VERTICAL: PNEUMÁTICO;UN;50,0000;581,0000;29050,0000;0,0000;30/12/2026
ERN-HOSPITAL REGIONAL DEOCLÉCIO MARQUES LUC.;926787;435;Material;926787-8/2026;Almoxarifado;Catálogo do Compras.gov.br;Material;7110;MOBILIÁRIO PARA ESCRITÓRIO;313;CADEIRA ESCRITÓRIO;486777;ACABAMENTO SUPERFICIAL ESTRUTURA: PINTURA EM EPÓXI PÓ, APOIO BRAÇO: SEM BRAÇOS, CARACTERÍSTICAS ADICIONAIS: COM APOIO PARA OS PÉS, MATERIAL ASSENTO: ESPUMA POLIURETANO INJETADO, MATERIAL ENCOSTO: ESPUMA POLIURETANO INJETADO, MATERIAL ESTRUTURA: AÇO, MATERIAL REVESTIMENTO ASSENTO E ENCOSTO: COURO ECOLÓGICO VINIL, TIPO BASE: FIXA, TIPO ENCOSTO: ENCOSTO INTERLIGADO AO ASSENTO POR TUDO DE AÇO, TIPO SISTEMA REGULAGEM VERTICAL: A GÁS, TRATAMENTO SUPERFICIAL ESTRUTURA: PINTURA EM EPÓXI;UN;50,0000;332,9100;16645,5000;0,0000;30/12/2026
ERN-HOSPITAL REGIONAL DEOCLÉCIO MARQUES LUC.;926787;436;Material;926787-8/2026;Almoxarifado;Catálogo do Compras.gov.br;Material;7125;ARMÁRIOS E ESTANTES;15290;ARMÁRIO;623625;ACABAMENTO SUPERFICIAL: FITA DE PVC, ALTURA: 2,10, CARACTERÍSTICAS ADICIONAIS: FECHADURA COM TRAVAMENTO SIMULTÂNEO SUPERIOR E INF, COR: CINZA CLARO, LARGURA: 0,80, MATERIAL: MDP, MATERIAL BASE: MDP, MATERIAL PORTAS: MDP 18MM, MATERIAL PRATELEIRAS: MDP 25MM, PROFUNDIDADE: 0,50, QUANTIDADE PORTAS: 2, QUANTIDADE PRATELEIRAS: 04, TIPO: ALTO, TIPO PORTAS: COM GIRO ABERTURA 270°;UN;20,0000;429,0000;8580,0000;0,0000;30/12/2026
ERN-HOSPITAL REGIONAL DEOCLÉCIO MARQUES LUC.;926787;437;Material;926787-8/2026;Almoxarifado;Catálogo do Compras.gov.br;Material;6530;MOBILIÁRIO, EQUIPAMENTOS, UTENSÍLIOS E  SUPRIMENTOS  HOSPITALARES;4076;CADEIRA DE RODAS;623881;ACABAMENTO DO ENCOSTO E ASSENTO: ALMOFADADO, IMPERMEÁVEL, ACESSÓRIOS: CINTOS DE SEGURANÇA, APOIO BRAÇO: APOIO BRAÇOS REMOVÍVEIS E AJUSTÁVEIS, APOIO PÉS: PLATAFORMA P/ PÉS, CARACTERÍSTICAS ADICIONAIS: APOIO TRONCO E MÃOS REGULÁVEIS, ENCOSTO CABEÇA: ENCOSTO CABEÇA AJUSTÁVEL, MATERIAL ESTRUTURA: ALUMÍNIO, TIPO CONSTRUTIVO: DOBRÁVEL EM L, TIPO FREIO: C/ FREIO, TIPO FUNCIONAMENTO: MANUAL, TIPO USO: ADAPTADA, SOB MEDIDA;UN;10,0000;602,1900;6021,9000;0,0000;30/12/2026
ERN-HOSPITAL REGIONAL DEOCLÉCIO MARQUES LUC.;926787;438;Material;926787-8/2026;Almoxarifado;Catálogo do Compras.gov.br;Material;6530;MOBILIÁRIO, EQUIPAMENTOS, UTENSÍLIOS E  SUPRIMENTOS  HOSPITALARES;4076;CADEIRA DE RODAS;623362;ACABAMENTO DO ENCOSTO E ASSENTO: ENCOSTO EM NYLON, ASSENTO SANITÁRIO EM PLÁSTICO, ACABAMENTO ESTRUTURA: PINTURA ELETROSTÁTICA, APOIO BRAÇO: APOIO BRAÇOS FIXOS, APOIO PÉS: PLATAFORMA P/ PÉS, CAPACIDADE MÁXIMA: ATÉ 120, CARACTERÍSTICAS ADICIONAIS: ENCAIXE PARA VASO SANITÁRIO, MATERIAL ESTRUTURA: AÇO CROMADO, TAMANHO: ADULTO, TIPO CONSTRUTIVO: FIXA, TIPO DE PNEU: RODÍZIOS, TIPO ENCOSTO: ENCOSTO FIXO, TIPO FREIO: C/ FREIO, TIPO FUNCIONAMENTO: MANUAL, TIPO USO: BANHO;UN;10,0000;478,9000;4789,0000;0,0000;30/12/2026
ERN-HOSPITAL REGIONAL DEOCLÉCIO MARQUES LUC.;926787;439;Material;926787-8/2026;Almoxarifado;Catálogo do Compras.gov.br;Material;6530;MOBILIÁRIO, EQUIPAMENTOS, UTENSÍLIOS E  SUPRIMENTOS  HOSPITALARES;9637;MESA AUXILIAR HOSPITALAR;617671;ALTURA: REGULÁVEL, CERCA DE 80 A 90, CARACTERÍSTICAS ADICIONAIS: PÉS COM RODÍZIOS, COMPRIMENTO TAMPO: CERCA DE 1,6, FORMATO: RETANGULAR, LARGURA TAMPO: CERCA DE 65, MATERIAL ESTRUTURA: ESTRUTURA TUBULAR, MATERIAL TAMPO: TAMPO E PRATELEIRA AÇO INOXIDÁVEL;UN;10,0000;375,0600;3750,6000;0,0000;30/12/2026
ERN-HOSPITAL REGIONAL DEOCLÉCIO MARQUES LUC.;926787;440;Material;926787-8/2026;Almoxarifado;Catálogo do Compras.gov.br;Material;7105;MOBILIÁRIO DOMÉSTICO;9607;MESA CABECEIRA;607076;ALTURA: 55, COR: BRANCA, LARGURA: 52, MATERIAL: MDF, PROFUNDIDADE: 42, QUANTIDADE GAVETAS: 3, TIPO PUXADORES: METAL;UN;30,0000;217,2800;6518,4000;0,0000;30/12/2026
ERN-HOSPITAL REGIONAL DEOCLÉCIO MARQUES LUC.;926787;441;Material;926787-8/2026;Almoxarifado;Catálogo do Compras.gov.br;Material;7195;MOBILIÁRIOS DIVERSOS E ACESSÓRIOS;14238;CONJUNTO CADEIRAS ESPERA;481001;APOIO BRAÇO: COM BRAÇOS, MATERIAL ASSENTO E ENCOSTO: COMPENSADO MULTILAMINADO ANATÔMICO, MATERIAL ESTRUTURA: LONGARINAS EM TUBO DE AÇO, MATERIAL REVESTIMENTO ASSENTO E ENCOSTO: POLIPROPILENO INJETADO, QUANTIDADE ASSENTOS: 4;UN;10,0000;1198,9800;11989,8000;0,0000;30/12/2026
ERN-HOSPITAL REGIONAL DEOCLÉCIO MARQUES LUC.;926787;442;Material;926787-8/2026;Almoxarifado;Catálogo do Compras.gov.br;Material;6530;MOBILIÁRIO, EQUIPAMENTOS, UTENSÍLIOS E  SUPRIMENTOS  HOSPITALARES;17143;MACA CLÍNICA;428265;ACABAMENTO DA SUPERFÍCIE: PINTURA ELETROSTÁTICA, ACESSÓRIOS: LEITO FIXO C/ COLCHÃO, COURVIN, ALTURA: CERCA DE 0,80, CAPACIDADE DE CARCA: ATÉ 300, CARACTERÍSTICAS ADICIONAIS: CABECEIRA REGULÁVEL POR CREMALHEIRA, CARACTERÍSTICAS ADICIONAIS 01: GRADES ESCAMOTEÁVEIS, COMPONENTES: SUPORTE SORO REMOVÍVEL, COMPONENTES 01: PÁRA CHOQUE EMBORRACHADO, COMPRIMENTO: ATÉ 1,90, LARGURA: CERCA DE 0,80, MATERIAL: AÇO INOXIDÁVEL, RODAS: 4 RODÍZIOS 8", SENDO 2 COM FREIO, TIPO: OBESO;UN;3,0000;5334,8200;16004,4600;0,0000;30/12/2026
ERN-HOSPITAL REGIONAL DEOCLÉCIO MARQUES LUC.;926787;22;Material;926787-17/2026;Equipamentos e insumos;Catálogo do Compras.gov.br;Material;7310;EQUIPAMENTOS PARA COZINHAR, ASSAR E SERVIR ALIMENTOS;1070;FOGÃO INDUSTRIAL;;;-;0,0000;0,0000;14000,0000;0,0000;31/12/2026
ERN-HOSPITAL REGIONAL DEOCLÉCIO MARQUES LUC.;926787;151;Material;926787-17/2026;Equipamentos e insumos;Catálogo do Compras.gov.br;Material;8915;FRUTAS, VERDURAS E LEGUMES;19772;LEGUME IN NATURA;463781;TIPO: CEBOLA BRANCA;KG;900,0000;6,6100;5949,0000;0,0000;31/12/2026
ERN-HOSPITAL REGIONAL DEOCLÉCIO MARQUES LUC.;926787;1;Serviço;926787-19/2026;Locação de equipamentos;Catálogo do Compras.gov.br;Serviço;732;SERVIÇOS DE LEASING OU ALUGUEL RELACIONADOS A OUTROS BENS;;;14206;LOCAÇÃO DE EQUIPAMENTO DE LABORATÓRIO;-;12,0000;33306,7000;399680,4000;0,0000;31/12/2026
ERN-HOSPITAL REGIONAL DEOCLÉCIO MARQUES LUC.;926787;2;Serviço;926787-19/2026;Locação de equipamentos;Catálogo do Compras.gov.br;Serviço;931;SERVIÇOS DE SAÚDE HUMANA;;;30094;EXAME TROPONINA SERICA;-;12,0000;6333,2800;75999,3600;0,0000;31/12/2026
ERN-HOSPITAL REGIONAL DEOCLÉCIO MARQUES LUC.;926787;3;Serviço;926787-19/2026;Locação de equipamentos;Catálogo do Compras.gov.br;Serviço;835;SERVIÇOS CIENTÍFICOS E OUTROS SERVIÇOS TÉCNICOS;;;19127;CONTROLE QUALIDADE - LABORATÓRIO;-;12,0000;8832,9000;105994,8000;0,0000;31/12/2026
ERN-HOSPITAL REGIONAL DEOCLÉCIO MARQUES LUC.;926787;4;Serviço;926787-19/2026;Locação de equipamentos;Catálogo do Compras.gov.br;Serviço;732;SERVIÇOS DE LEASING OU ALUGUEL RELACIONADOS A OUTROS BENS;;;14206;LOCAÇÃO DE EQUIPAMENTO DE LABORATÓRIO;-;12,0000;8697,2500;104367,0000;0,0000;31/12/2026
ERN-HOSPITAL REGIONAL DEOCLÉCIO MARQUES LUC.;926787;5;Serviço;926787-19/2026;Locação de equipamentos;Catálogo do Compras.gov.br;Serviço;732;SERVIÇOS DE LEASING OU ALUGUEL RELACIONADOS A OUTROS BENS;;;14206;LOCAÇÃO DE EQUIPAMENTO DE LABORATÓRIO;-;12,0000;20,0000;240,0000;0,0000;31/12/2026
ERN-HOSPITAL REGIONAL DEOCLÉCIO MARQUES LUC.;926787;6;Material;926787-18/2026;Equipamentos e insumos;Catálogo do Compras.gov.br;Material;6515;INSTRUMENTOS, EQUIPAMENTOS E SUPRIMENTOS MÉDICOS  E  CIRÚRGICOS;13092;TUBO PARA COLETA DE AMOSTRA BIOLÓGICA;458641;CARACTERÍSTICA ADICIONAL: À VÁCUO, COMPONENTES: COM CITRATO DE SÓDIO 3,2%, ESTERILIDADE: ESTÉRIL, DESCARTÁVEL, MATERIAL: PLÁSTICO, USO: COLETA DE SANGUE, VOLUME: 5;UN;15000,0000;1,1200;16800,0000;0,0000;31/12/2026
ERN-HOSPITAL REGIONAL DEOCLÉCIO MARQUES LUC.;926787;7;Material;926787-18/2026;Equipamentos e insumos;Catálogo do Compras.gov.br;Material;6695;INSTRUMENTOS COMBINADOS DIVERSOS;6689;EQUIPAMENTO DIAGNÓSTICO CLÍNICO;453212;ADICIONAL: COM ALARME SONORO E VISUAL, AJUSTE: AJUSTE DIGITAL, C/ PAINEL DE CONTROLE, PROGRAMÁVEL, MÉTODO: P/ ANÁLISE DE TEMPO DE COAGULAÇÃO;UN;12,0000;7500,0000;90000,0000;0,0000;31/12/2026
ERN-HOSPITAL REGIONAL DEOCLÉCIO MARQUES LUC.;926787;8;Material;926787-18/2026;Equipamentos e insumos;Catálogo do Compras.gov.br;Material;6515;INSTRUMENTOS, EQUIPAMENTOS E SUPRIMENTOS MÉDICOS  E  CIRÚRGICOS;13092;TUBO PARA COLETA DE AMOSTRA BIOLÓGICA;600690;CARACTERÍSTICA ADICIONAL: À VÁCUO, COMPONENTES: COM ATIVADOR DE COÁGULO, ESTERILIDADE: ESTÉRIL, DESCARTÁVEL, MATERIAL: PLÁSTICO, USO: COLETA DE SANGUE, VOLUME: 10;UN;10000,0000;0,8000;8000,0000;0,0000;31/12/2026
ERN-HOSPITAL REGIONAL DEOCLÉCIO MARQUES LUC.;926787;9;Material;926787-18/2026;Equipamentos e insumos;Catálogo do Compras.gov.br;Material;6515;INSTRUMENTOS, EQUIPAMENTOS E SUPRIMENTOS MÉDICOS  E  CIRÚRGICOS;13092;TUBO PARA COLETA DE AMOSTRA BIOLÓGICA;469645;CARACTERÍSTICA ADICIONAL: À VÁCUO, COMPONENTES: COM EDTA-K2 E GEL SEPARADOR, ESTERILIDADE: ESTÉRIL, DESCARTÁVEL, MATERIAL: PLÁSTICO, USO: COLETA DE SANGUE, VOLUME: 3,5;UN;20000,0000;0,7000;14000,0000;0,0000;31/12/2026
ERN-HOSPITAL REGIONAL DEOCLÉCIO MARQUES LUC.;926787;10;Material;926787-18/2026;Equipamentos e insumos;Catálogo do Compras.gov.br;Material;6515;INSTRUMENTOS, EQUIPAMENTOS E SUPRIMENTOS MÉDICOS  E  CIRÚRGICOS;13092;TUBO PARA COLETA DE AMOSTRA BIOLÓGICA;458640;CARACTERÍSTICA ADICIONAL: À VÁCUO, COMPONENTES: COM CITRATO DE SÓDIO 3,2%, ESTERILIDADE: ESTÉRIL, DESCARTÁVEL, MATERIAL: PLÁSTICO, USO: COLETA DE SANGUE, VOLUME: 2,7;UN;10000,0000;0,8000;8000,0000;0,0000;31/12/2026
ERN-HOSPITAL REGIONAL DEOCLÉCIO MARQUES LUC.;926787;11;Material;926787-18/2026;Equipamentos e insumos;Catálogo do Compras.gov.br;Material;6515;INSTRUMENTOS, EQUIPAMENTOS E SUPRIMENTOS MÉDICOS  E  CIRÚRGICOS;13092;TUBO PARA COLETA DE AMOSTRA BIOLÓGICA;433745;CARACTERÍSTICA ADICIONAL: À VÁCUO, COMPONENTES: COM ATIVADOR DE COÁGULO, ESTERILIDADE: ESTÉRIL, DESCARTÁVEL, MATERIAL: PLÁSTICO, USO: COLETA DE SANGUE, VOLUME: 4;UN;10000,0000;0,7000;7000,0000;0,0000;31/12/2026
ERN-HOSPITAL REGIONAL DEOCLÉCIO MARQUES LUC.;926787;12;Material;926787-18/2026;Equipamentos e insumos;Catálogo do Compras.gov.br;Material;6515;INSTRUMENTOS, EQUIPAMENTOS E SUPRIMENTOS MÉDICOS  E  CIRÚRGICOS;13092;TUBO PARA COLETA DE AMOSTRA BIOLÓGICA;377598;CARACTERÍSTICA ADICIONAL: À VÁCUO, COMPONENTES: COM EDTA-K2, ESTERILIDADE: ESTÉRIL, DESCARTÁVEL, MATERIAL: PLÁSTICO, USO: COLETA DE SANGUE, VOLUME: 4;UN;20000,0000;0,7000;14000,0000;0,0000;31/12/2026
ERN-HOSPITAL REGIONAL DEOCLÉCIO MARQUES LUC.;926787;13;Material;926787-18/2026;Equipamentos e insumos;Catálogo do Compras.gov.br;Material;6640;EQUIPAMENTOS E ARTIGOS DE LABORATÓRIO;30233;RESERVATÓRIO P/ COLETA DE AMOSTRA BIOLÓGICA;619191;APLICAÇÃO: P/ URINA, ESTERILIDADE: ESTÉRIL, USO ÚNICO, FECHAMENTO: TAMPA PLÁSTICA, COMPATÍVEL C/ TUBO A VÁCUO, MATERIAL: POLÍMERO RÍGIDO TRANSPARENTE, GRADUADO, MODELO: FRASCO, VOLUME: CERCA DE 100 ML;UN;20000,0000;0,8000;16000,0000;0,0000;31/12/2026
ERN-HOSPITAL REGIONAL DEOCLÉCIO MARQUES LUC.;926787;14;Material;926787-18/2026;Equipamentos e insumos;Catálogo do Compras.gov.br;Material;6820;CORANTES;13893;CORANTE;399068;ASPECTO FÍSICO*: LÍQUIDO, TIPO*: CORANTE DE GIEMSA;FR;12,0000;70,0000;840,0000;0,0000;31/12/2026
ERN-HOSPITAL REGIONAL DEOCLÉCIO MARQUES LUC.;926787;15;Material;926787-18/2026;Equipamentos e insumos;Catálogo do Compras.gov.br;Material;6820;CORANTES;13893;CORANTE;383109;COMPONENTES: METANOL, EOSINA, AZUL DE METILENO, TIPO*: CONJUNTO COLORAÇÃO PARA CÉLULAS SANGUÍNEAS;FR;50,0000;85,0000;4250,0000;0,0000;31/12/2026
ERN-HOSPITAL REGIONAL DEOCLÉCIO MARQUES LUC.;926787;16;Material;926787-18/2026;Equipamentos e insumos;Catálogo do Compras.gov.br;Material;6640;EQUIPAMENTOS E ARTIGOS DE LABORATÓRIO;11016;PONTEIRA LABORATÓRIO;621869;ACESSÓRIOS: COM FILTRO HIDRÓFOBO BIFÁSICO, CAPACIDADE: ATÉ 200 MCL, ESTERILIDADE*: ESTÉRIL, APIROGÊNICO, LIVRE DE DNASE E RNASE, MATERIAL: POLIPROPILENO, TIPO USO*: DESCARTÁVEL;UN;50000,0000;0,0500;2500,0000;0,0000;31/12/2026
ERN-HOSPITAL REGIONAL DEOCLÉCIO MARQUES LUC.;926787;17;Material;926787-18/2026;Equipamentos e insumos;Catálogo do Compras.gov.br;Material;6640;EQUIPAMENTOS E ARTIGOS DE LABORATÓRIO;11016;PONTEIRA LABORATÓRIO;621866;ACESSÓRIOS: COM FILTRO HIDRÓFOBO BIFÁSICO, CAPACIDADE: ATÉ 1000 MCL, ESTERILIDADE*: ESTÉRIL, APIROGÊNICO, LIVRE DE DNASE E RNASE, MATERIAL: POLIPROPILENO, TIPO USO*: DESCARTÁVEL;UN;50000,0000;0,0800;4000,0000;0,0000;31/12/2026
ERN-HOSPITAL REGIONAL DEOCLÉCIO MARQUES LUC.;926787;18;Material;926787-18/2026;Equipamentos e insumos;Catálogo do Compras.gov.br;Material;6550;SUBSTÂNCIAS PARA DIAGNÓSTICO "IN VITRO",  REAGENTES,  CONJUNTOS E JOGOS PARA TESTE;;;;;-;0,0000;0,0000;2744,0000;0,0000;31/12/2026
ERN-HOSPITAL REGIONAL DEOCLÉCIO MARQUES LUC.;926787;19;Material;926787-18/2026;Equipamentos e insumos;Catálogo do Compras.gov.br;Material;6550;SUBSTÂNCIAS PARA DIAGNÓSTICO "IN VITRO",  REAGENTES,  CONJUNTOS E JOGOS PARA TESTE;13627;REAGENTE;;;-;0,0000;0,0000;1750,0000;0,0000;31/12/2026
ERN-HOSPITAL REGIONAL DEOCLÉCIO MARQUES LUC.;926787;20;Material;926787-18/2026;Equipamentos e insumos;Catálogo do Compras.gov.br;Material;6640;EQUIPAMENTOS E ARTIGOS DE LABORATÓRIO;13426;LÂMINA LABORATÓRIO;627400;DIMENSÕES: CERCA DE 45 X 30, MATERIAL: VIDRO, TIPO*: FOSCA, LAPIDADA;UN;2500,0000;0,0800;200,0000;0,0000;31/12/2026
ERN-HOSPITAL REGIONAL DEOCLÉCIO MARQUES LUC.;926787;21;Material;926787-18/2026;Equipamentos e insumos;Catálogo do Compras.gov.br;Material;6510;MATERIAIS CIRÚRGICOS PARA CURATIVOS;19965;CURATIVO CUTÂNEO;483363;COMPONENTE 1: C/ ALMOFADA FIBRA SINTÉTICA, COMPONENTE 2: BASE ADESIVA, DIMENSÃO: CERCA DE  2,5, ESTERILIDADE: USO ÚNICO, MODELO: TIPO PÓS - PUNÇÃO;UN;5000,0000;0,1000;500,0000;0,0000;31/12/2026
ERN-HOSPITAL REGIONAL DEOCLÉCIO MARQUES LUC.;926787;23;Material;926787-17/2026;Equipamentos e insumos;Catálogo do Compras.gov.br;Material;3605;MÁQUINAS E EQUIPAMENTOS PARA PRODUTOS ALIMENTÍCIOS;1161;BATEDEIRA INDUSTRIAL;450916;ACESSÓRIOS: 3 BATEDORES TIPO ESPIRAL, RAQUETE E GLOBO, CAPACIDADE: 5, CARACTERÍSTICAS ADICIONAIS: PLANETÁRIA, C/ REGULADOR DE VELOCIDADE, MATERIAL CORPO: AÇO, POTÊNCIA MOTOR: 1/4, TENSÃO ALIMENTAÇÃO: 220;UN;2,0000;3148,0500;6296,1000;0,0000;31/12/2026
ERN-HOSPITAL REGIONAL DEOCLÉCIO MARQUES LUC.;926787;24;Material;926787-17/2026;Equipamentos e insumos;Catálogo do Compras.gov.br;Material;7310;EQUIPAMENTOS PARA COZINHAR, ASSAR E SERVIR ALIMENTOS;1069;CAFETEIRA ELÉTRICA;386003;CAPACIDADE: 20, MATERIAL: AÇO INOXIDÁVEL, VOLTAGEM: 220, APLICAÇÃO: INDUSTRIAL;UN;2,0000;2599,0000;5198,0000;0,0000;31/12/2026
ERN-HOSPITAL REGIONAL DEOCLÉCIO MARQUES LUC.;926787;25;Material;926787-17/2026;Equipamentos e insumos;Catálogo do Compras.gov.br;Material;7330;UTENSÍLIOS E FERRAMENTAS MANUAIS DE COZINHA;1130;DESCASCADOR LEGUMES;451023;APLICAÇÃO: COZINHA INDUSTRIAL, CAPACIDADE: 10, MATERIAL: AÇO INOXIDÁVEL, POTÊNCIA MOTOR: 1/3, PRODUÇÃO APROXIMADA: 200, TENSÃO ALIMENTAÇÃO: 220, TIPO: ELÉTRICO;UN;1,0000;4097,0000;4097,0000;0,0000;31/12/2026
ERN-HOSPITAL REGIONAL DEOCLÉCIO MARQUES LUC.;926787;26;Material;926787-17/2026;Equipamentos e insumos;Catálogo do Compras.gov.br;Material;7320;EQUIPAMENTOS E APARELHOS DE COZINHA;1125;PROCESSADOR ALIMENTOS;445661;CARACTERÍSTICAS ADICIONAIS: MOTOR ELÉTRICO,POTÊNCIA 1000WATT, COR: PRATA, FUNÇÃO DISCO: MIXER/TRITURADOR, MATERIAL CORPO: AÇO INOXIDÁVEL, TENSÃO: 220;UN;2,0000;2899,0000;5798,0000;0,0000;31/12/2026
ERN-HOSPITAL REGIONAL DEOCLÉCIO MARQUES LUC.;926787;27;Material;926787-17/2026;Equipamentos e insumos;Catálogo do Compras.gov.br;Material;7320;EQUIPAMENTOS E APARELHOS DE COZINHA;1125;PROCESSADOR ALIMENTOS;405327;FUNÇÃO DISCO: RALADOR, FATIADOR, DESFIADOR, MATERIAL CORPO: AÇO INOXIDÁVEL, QUANTIDADE DISCO: 6, TENSÃO: 220;UN;1,0000;8000,0000;8000,0000;0,0000;31/12/2026
ERN-HOSPITAL REGIONAL DEOCLÉCIO MARQUES LUC.;926787;28;Material;926787-17/2026;Equipamentos e insumos;Catálogo do Compras.gov.br;Material;7320;EQUIPAMENTOS E APARELHOS DE COZINHA;1071;ESPREMEDOR FRUTA;253500;APLICAÇÃO: INDUSTRIAL, CAPACIDADE JARRA: 1, CARACTERÍSTICAS ADICIONAIS: 2 CASTANHAS DE PLÁSTICO, COPO COLETOR E PENEIRA EM, MATERIAL JARRA: AÇO INOXIDÁVEL, POTÊNCIA: 0,25, TIPO ACIONAMENTO: AUTOMÁTICO, VOLTAGEM: 220;UN;1,0000;1250,0000;1250,0000;0,0000;31/12/2026
ERN-HOSPITAL REGIONAL DEOCLÉCIO MARQUES LUC.;926787;29;Material;926787-17/2026;Equipamentos e insumos;Catálogo do Compras.gov.br;Material;4110;EQUIPAMENTO PARA REFRIGERAÇÃO;783;FREEZER;432552;CAPACIDADE: 500, CARACTERÍSTICAS ADICIONAIS: TRIPLAFUNÇÃO, EFICIÊNCIA ENERGÉTICA ETIQUETA "A", QUANTIDADE TAMPAS: 2, TENSÃO ALIMENTAÇÃO: 110/220, TIPO: HORIZONTAL;UN;3,0000;4122,1700;12366,5100;0,0000;31/12/2026
ERN-HOSPITAL REGIONAL DEOCLÉCIO MARQUES LUC.;926787;30;Material;926787-17/2026;Equipamentos e insumos;Catálogo do Compras.gov.br;Material;4430;FORNALHAS, FORNOS E ESTUFAS INDUSTRIAIS;7765;FORNO INDUSTRIAL;457010;CARACTERÍSTICAS ADICIONAIS: COMBINADO DIGITAL, CONSUMO ENERGIA 35 KW/H, COMPONENTES: ESGUICHO TIPO REVÓLVER E MANGUEIRA DE HIGIENIZAÇÃO, MATERIAL: CHAPA AÇO INOXIDÁVEL, TENSÃO ALIMENTAÇÃO: 220, TIPO: ELÉTRICO;UN;1,0000;24167,5800;24167,5800;0,0000;31/12/2026
ERN-HOSPITAL REGIONAL DEOCLÉCIO MARQUES LUC.;926787;31;Material;926787-17/2026;Equipamentos e insumos;Catálogo do Compras.gov.br;Material;7310;EQUIPAMENTOS PARA COZINHAR, ASSAR E SERVIR ALIMENTOS;1045;FORNO MICROONDAS;479243;CAPACIDADE: 31, CARACTERÍSTICAS ADICIONAIS: TIMER, PRATO GIRATÓRIO, AUTO DESCONGELAMENTO, MATERIAL: AÇO INOXIDÁVEL, POTÊNCIA: 1.400, VOLTAGEM: 220;UN;1,0000;949,0000;949,0000;0,0000;31/12/2026
ERN-HOSPITAL REGIONAL DEOCLÉCIO MARQUES LUC.;926787;32;Material;926787-17/2026;Equipamentos e insumos;Catálogo do Compras.gov.br;Material;7320;EQUIPAMENTOS E APARELHOS DE COZINHA;1093;LIQUIDIFICADOR INDUSTRIAL;481373;CAPACIDADE: 25, MATERIAL BASE: AÇO INOX, MATERIAL COPO: AÇO INOXIDÁVEL, POTÊNCIA MOTOR: 1,5, TENSÃO NOMINAL: 220;UN;2,0000;2585,8300;5171,6600;0,0000;31/12/2026
ERN-HOSPITAL REGIONAL DEOCLÉCIO MARQUES LUC.;926787;33;Material;926787-17/2026;Equipamentos e insumos;Catálogo do Compras.gov.br;Material;7320;EQUIPAMENTOS E APARELHOS DE COZINHA;1093;LIQUIDIFICADOR INDUSTRIAL;613950;APLICAÇÃO: INDUSTRIAL, CAPACIDADE: 3, MATERIAL BASE: AÇO INOX, MATERIAL COPO: AÇO INOXIDÁVEL, POTÊNCIA MOTOR: 0,5, TENSÃO NOMINAL: 110/220;UN;3,0000;717,1200;2151,3600;0,0000;31/12/2026
ERN-HOSPITAL REGIONAL DEOCLÉCIO MARQUES LUC.;926787;34;Material;926787-17/2026;Equipamentos e insumos;Catálogo do Compras.gov.br;Material;7320;EQUIPAMENTOS E APARELHOS DE COZINHA;1093;LIQUIDIFICADOR INDUSTRIAL;478094;CAPACIDADE: 10, MATERIAL BASE: AÇO INOX, MATERIAL COPO: AÇO INOXIDÁVEL, MATERIAL TAMPA: ALUMÍNIO, POTÊNCIA MOTOR: 0,75, TENSÃO NOMINAL: 110/220;UN;1,0000;1529,5200;1529,5200;0,0000;31/12/2026
ERN-HOSPITAL REGIONAL DEOCLÉCIO MARQUES LUC.;926787;35;Material;926787-17/2026;Equipamentos e insumos;Catálogo do Compras.gov.br;Material;7310;EQUIPAMENTOS PARA COZINHAR, ASSAR E SERVIR ALIMENTOS;270;REFRIGERADOR ALIMENTOS;451181;CAPACIDADE: 1.553, CARACTERÍSTICAS ADICIONAIS: REVESTIMENTO EXTERNO AÇO INOXIDÁVEL ESCOVADO, QUANTIDADE PORTAS: 6, TENSÃO ALIMENTAÇÃO: 220;UN;1,0000;17168,9000;17168,9000;0,0000;31/12/2026
ERN-HOSPITAL REGIONAL DEOCLÉCIO MARQUES LUC.;926787;36;Material;926787-17/2026;Equipamentos e insumos;Catálogo do Compras.gov.br;Material;7195;MOBILIÁRIOS DIVERSOS E ACESSÓRIOS;3249;BALCÃO TÉRMICO;615668;ALTURA: 90, CARACTERÍSTICAS ADICIONAIS: CAPACIDADE 415L VOLTAGEM: 220V MONOFÁSICO 0,610 KW, COMPONENTES: 3 PORTAS, CABO E PLUG PADRÃO BR, COMPRIMENTO: 188, LARGURA: 70, MATERIAL: AÇO INOXIDÁVEL, AISI 304 LIGA 18/8;UN;1,0000;12550,0000;12550,0000;0,0000;31/12/2026
ERN-HOSPITAL REGIONAL DEOCLÉCIO MARQUES LUC.;926787;37;Material;926787-17/2026;Equipamentos e insumos;Catálogo do Compras.gov.br;Material;4110;EQUIPAMENTO PARA REFRIGERAÇÃO;12668;TERMÔMETRO;443420;ALIMENTAÇÃO: BATERIA / PILHA, APLICAÇÃO: EFETUAR MEDIÇÕES EM LUGARES DE DIFÍCIL ALCANCE, CARACTERÍSTICAS ADICIONAIS: MIRA LASER CLASSE II, DISTÂNCIA DO FOCO DE 50:1, ELEMENTO EXPANSÃO: INFRAVERMELHO, FAIXA MEDIÇÃO TEMPERATURA: -50 A 380, MATERIAL: PLÁSTICO E AÇO INOX, PRECISÃO: +/- 1, TIPO: LASER DIGITAL;UN;2,0000;89,9000;179,8000;0,0000;31/12/2026
ERN-HOSPITAL REGIONAL DEOCLÉCIO MARQUES LUC.;926787;38;Material;926787-17/2026;Equipamentos e insumos;Catálogo do Compras.gov.br;Material;4110;EQUIPAMENTO PARA REFRIGERAÇÃO;12668;TERMÔMETRO;432668;APLICAÇÃO: ALIMENTOS, CARACTERÍSTICAS ADICIONAIS: TIPO ESPETO DIGITAL, COM LEITOR LCD A PROVA D'AGUA, FAIXA MEDIÇÃO TEMPERATURA: - 50°C A 300, MATERIAL: PLÁSTICO E AÇO INOX, PRECISÃO: 1, TIPO: DIGITAL;UN;2,0000;69,9000;139,8000;0,0000;31/12/2026
ERN-HOSPITAL REGIONAL DEOCLÉCIO MARQUES LUC.;926787;39;Material;926787-17/2026;Equipamentos e insumos;Catálogo do Compras.gov.br;Material;3605;MÁQUINAS E EQUIPAMENTOS PARA PRODUTOS ALIMENTÍCIOS;14489;BALANÇA ELETRÔNICA;620946;CAPACIDADE PESAGEM: 500, CARACTERÍSTICAS ADICIONAIS: TENSÃO COM COMUTACAO AUTOMATICA 93,5 A 264VCA, DIMENSÕES: 100 X 100, FREQÜÊNCIA: 50/60, MATERIAL: AÇO CARBONO, SENSIBILIDADE: 100, TIPO: PISO, TIPO PAINEL: VISOR ELETRONICO MOVEL;UN;1,0000;3191,3000;3191,3000;0,0000;31/12/2026
ERN-HOSPITAL REGIONAL DEOCLÉCIO MARQUES LUC.;926787;40;Material;926787-17/2026;Equipamentos e insumos;Catálogo do Compras.gov.br;Material;3590;EQUIPAMENTOS DIVERSOS PARA SERVIÇOS PROFISSIONAIS E  COMERCIAIS;14489;BALANÇA ELETRÔNICA;455649;CAPACIDADE PESAGEM: 20, CARACTERÍSTICAS ADICIONAIS: DIVISÃO: 2 G, PÉS REGULÁVEIS, MONITOR LCD, MATERIAL: AÇO INOXIDÁVEL, VOLTAGEM: BATERIA INTERNA;UN;1,0000;286,9000;286,9000;0,0000;31/12/2026
ERN-HOSPITAL REGIONAL DEOCLÉCIO MARQUES LUC.;926787;41;Material;926787-17/2026;Equipamentos e insumos;Catálogo do Compras.gov.br;Material;3920;EQUIPAMENTOS NÃO AUTOPROPULSIONADO PARA MOVIMENTAÇÃO  DE  MATERIAIS;4584;CARRINHO TRANSPORTE;624570;ALTURA: 18, APLICAÇÃO: COZINHA INDUSTRIAL, CAPACIDADE: 150, CARACTERÍSTICAS ADICIONAIS: COM CUBA E PENEIRA PARA LAVAGEM DE CEREAIS, COMPRIMENTO: 65, COR: CINZA, LARGURA: 50, MATERIAL: AÇO INOXIDÁVEL, QUANTIDADE RODAS: 4, TIPO: CHASSI;UN;1,0000;589,0000;589,0000;0,0000;31/12/2026
ERN-HOSPITAL REGIONAL DEOCLÉCIO MARQUES LUC.;926787;42;Material;926787-17/2026;Equipamentos e insumos;Catálogo do Compras.gov.br;Material;4610;EQUIPAMENTOS PARA PURIFICAÇÃO DE ÁGUA;7451;FILTRO PURIFICAÇÃO ÁGUA;625282;CARACTERÍSTICAS ADICIONAIS: CARVÃO ATIVADO IMPREGNADO DE PRATA COLOIDAL, MATERIAL: ELEMENTO TRIPLA FILTRAÇÃO, TAMANHO: 11,5 X ALTURA: 19,0 X PROFUNDIDADE: 20,0.], VAZÃO: 340;UN;1,0000;1350,0000;1350,0000;0,0000;31/12/2026
ERN-HOSPITAL REGIONAL DEOCLÉCIO MARQUES LUC.;926787;43;Material;926787-17/2026;Equipamentos e insumos;Catálogo do Compras.gov.br;Material;7360;JOGOS, CONJUNTOS  E  EQUIPAMENTOS PARA PREPARAR E SERVIR ALIMENTOS;13209;UTENSÍLIO DOMÉSTICO;611694;ALTURA: 1,3, APLICAÇÃO: SUPORTE PARA FACAS, CARACTERÍSTICAS ADICIONAIS: BUCHAS E PARAFUSOS PARA FIXAÇÃO, COMPRIMENTO: 55, COR: PRETO, LARGURA: 5, MATERIAL: POLIPROPILENO E AÇO INOXIDÁVEL, TIPO: BARRA MAGNÉTICA;UN;3,0000;184,9000;554,7000;0,0000;31/12/2026
ERN-HOSPITAL REGIONAL DEOCLÉCIO MARQUES LUC.;926787;44;Material;926787-17/2026;Equipamentos e insumos;Catálogo do Compras.gov.br;Material;7360;JOGOS, CONJUNTOS  E  EQUIPAMENTOS PARA PREPARAR E SERVIR ALIMENTOS;13209;UTENSÍLIO DOMÉSTICO;609407;APLICAÇÃO: COZINHA, CARACTERÍSTICAS ADICIONAIS: PÁ FLEXÍVEL E COM RANHURAS, COMPRIMENTO: 27, LARGURA: 5, MATERIAL: AÇO INOXIDÁVEL, TIPO: ESPÁTULA;UN;10,0000;33,6400;336,4000;0,0000;31/12/2026
ERN-HOSPITAL REGIONAL DEOCLÉCIO MARQUES LUC.;926787;45;Material;926787-17/2026;Equipamentos e insumos;Catálogo do Compras.gov.br;Material;7360;JOGOS, CONJUNTOS  E  EQUIPAMENTOS PARA PREPARAR E SERVIR ALIMENTOS;13209;UTENSÍLIO DOMÉSTICO;454210;APLICAÇÃO: PREPARO INDUSTRIAL DE ALIMENTOS, COMPRIMENTO: 90, LARGURA: 8, MATERIAL: POLIETILENO, TIPO: REMO;UN;3,0000;129,7200;389,1600;0,0000;31/12/2026
ERN-HOSPITAL REGIONAL DEOCLÉCIO MARQUES LUC.;926787;46;Material;926787-17/2026;Equipamentos e insumos;Catálogo do Compras.gov.br;Material;7360;JOGOS, CONJUNTOS  E  EQUIPAMENTOS PARA PREPARAR E SERVIR ALIMENTOS;13209;UTENSÍLIO DOMÉSTICO;450737;APLICAÇÃO: PREPARO INDUSTRIAL DE ALIMENTOS, COMPRIMENTO: 75, LARGURA: 9, MATERIAL: POLIETILENO ALTA DENSIDADE, TIPO: REMO;UN;3,0000;92,0000;276,0000;0,0000;31/12/2026
ERN-HOSPITAL REGIONAL DEOCLÉCIO MARQUES LUC.;926787;47;Material;926787-17/2026;Equipamentos e insumos;Catálogo do Compras.gov.br;Material;7360;JOGOS, CONJUNTOS  E  EQUIPAMENTOS PARA PREPARAR E SERVIR ALIMENTOS;13209;UTENSÍLIO DOMÉSTICO;397257;CARACTERÍSTICAS ADICIONAIS: CABO EM AÇO INOXIDÁVEL, COMPRIMENTO: 50, LARGURA: 8, MATERIAL: POLIETILENO, TIPO: REMO;UN;5,0000;79,0000;395,0000;0,0000;31/12/2026
ERN-HOSPITAL REGIONAL DEOCLÉCIO MARQUES LUC.;926787;48;Material;926787-17/2026;Equipamentos e insumos;Catálogo do Compras.gov.br;Material;6515;INSTRUMENTOS, EQUIPAMENTOS E SUPRIMENTOS MÉDICOS  E  CIRÚRGICOS;18734;JARRA USO HOSPITALAR;364268;ACESSÓRIOS: COM ALÇA, CAPACIDADE: 2,5 A 3, MATERIAL: AÇO INOX;UN;4,0000;193,5000;774,0000;0,0000;31/12/2026
ERN-HOSPITAL REGIONAL DEOCLÉCIO MARQUES LUC.;926787;49;Material;926787-17/2026;Equipamentos e insumos;Catálogo do Compras.gov.br;Material;6515;INSTRUMENTOS, EQUIPAMENTOS E SUPRIMENTOS MÉDICOS  E  CIRÚRGICOS;18734;JARRA USO HOSPITALAR;350946;ACESSÓRIOS: COM ALÇA, CAPACIDADE: 1,5, CARACTERÍSTICAS ADICIONAIS: COM BASE, MATERIAL: AÇO INOX;UN;2,0000;74,3100;148,6200;0,0000;31/12/2026
ERN-HOSPITAL REGIONAL DEOCLÉCIO MARQUES LUC.;926787;50;Material;926787-17/2026;Equipamentos e insumos;Catálogo do Compras.gov.br;Material;7330;UTENSÍLIOS E FERRAMENTAS MANUAIS DE COZINHA;1287;JARRA;424330;ALTURA: 27, CAPACIDADE: 5, DIÂMETRO INFERIOR: 19, MATERIAL: POLIPROPILENO, MODELO: COM TAMPA E GRADUADA;UN;6,0000;24,8800;149,2800;0,0000;31/12/2026
ERN-HOSPITAL REGIONAL DEOCLÉCIO MARQUES LUC.;926787;51;Material;926787-17/2026;Equipamentos e insumos;Catálogo do Compras.gov.br;Material;7330;UTENSÍLIOS E FERRAMENTAS MANUAIS DE COZINHA;1287;JARRA;407597;CAPACIDADE: 3, CARACTERÍSTICAS ADICIONAIS: COM ALÇA E TAMPA REMOVÍVEL, MATERIAL: PLÁSTICO;UN;6,0000;19,9900;119,9400;0,0000;31/12/2026
ERN-HOSPITAL REGIONAL DEOCLÉCIO MARQUES LUC.;926787;52;Material;926787-17/2026;Equipamentos e insumos;Catálogo do Compras.gov.br;Material;7330;UTENSÍLIOS E FERRAMENTAS MANUAIS DE COZINHA;1287;JARRA;374932;APLICAÇÃO: ÁGUA/SUCO, CAPACIDADE: 1, MATERIAL: VIDRO, MODELO: COM ALÇA E TAMPA PLÁSTICA;UN;6,0000;6,9900;41,9400;0,0000;31/12/2026
ERN-HOSPITAL REGIONAL DEOCLÉCIO MARQUES LUC.;926787;53;Material;926787-17/2026;Equipamentos e insumos;Catálogo do Compras.gov.br;Material;7330;UTENSÍLIOS E FERRAMENTAS MANUAIS DE COZINHA;1225;ABRIDOR;437939;CARACTERÍSTICAS ADICIONAIS: USO LATA, COMPRIMENTO: 15 CM, MATERIAL: AÇO INOXIDÁVEL;UN;2,0000;19,8900;39,7800;0,0000;31/12/2026
ERN-HOSPITAL REGIONAL DEOCLÉCIO MARQUES LUC.;926787;54;Material;926787-17/2026;Equipamentos e insumos;Catálogo do Compras.gov.br;Material;7360;JOGOS, CONJUNTOS  E  EQUIPAMENTOS PARA PREPARAR E SERVIR ALIMENTOS;3300;BANDEJA DE AÇO;362108;APLICAÇÃO: SERVIR BEBIDAS, DIÂMETRO: 40, MATERIAL: AÇO INOXIDÁVEL;UN;3,0000;37,3300;111,9900;0,0000;31/12/2026
ERN-HOSPITAL REGIONAL DEOCLÉCIO MARQUES LUC.;926787;55;Material;926787-17/2026;Equipamentos e insumos;Catálogo do Compras.gov.br;Material;7360;JOGOS, CONJUNTOS  E  EQUIPAMENTOS PARA PREPARAR E SERVIR ALIMENTOS;3300;BANDEJA DE AÇO;275678;APLICAÇÃO: SERVIR REFEIÇÕES, COMPRIMENTO: 43, LARGURA: 33, MATERIAL: AÇO INOXIDÁVEL, FORMATO: RETANGULAR;UN;5,0000;33,2000;166,0000;0,0000;31/12/2026
ERN-HOSPITAL REGIONAL DEOCLÉCIO MARQUES LUC.;926787;56;Material;926787-17/2026;Equipamentos e insumos;Catálogo do Compras.gov.br;Material;7340;CUTELARIA E TALHERES;5362;COLHER;277187;CARACTERÍSTICAS ADICIONAIS: MEDINDO 30 CM DE DIÂMETRO E 9 CM PARTE CÔNCAVA, MATERIAL CABO: AÇO INOXIDÁVEL, MATERIAL CORPO: AÇO INOXIDÁVEL, TAMANHO: GRANDE, TIPO: ARROZ;UN;10,0000;5,6900;56,9000;0,0000;31/12/2026
ERN-HOSPITAL REGIONAL DEOCLÉCIO MARQUES LUC.;926787;57;Material;926787-17/2026;Equipamentos e insumos;Catálogo do Compras.gov.br;Material;7340;CUTELARIA E TALHERES;1132;CONCHA;334586;MATERIAL CABO: AÇO INOXIDÁVEL, MATERIAL CORPO: AÇO INOXIDÁVEL, COMPRIMENTO CABO: 30;UN;10,0000;7,2000;72,0000;0,0000;31/12/2026
ERN-HOSPITAL REGIONAL DEOCLÉCIO MARQUES LUC.;926787;58;Material;926787-17/2026;Equipamentos e insumos;Catálogo do Compras.gov.br;Material;7340;CUTELARIA E TALHERES;1132;CONCHA;304464;DIÂMETRO: 11 A 13, MATERIAL CABO: AÇO INOXIDÁVEL, MATERIAL CORPO: AÇO INOXIDÁVEL, COMPRIMENTO CABO: 46 A 48;UN;10,0000;13,0600;130,6000;0,0000;31/12/2026
ERN-HOSPITAL REGIONAL DEOCLÉCIO MARQUES LUC.;926787;59;Material;926787-17/2026;Equipamentos e insumos;Catálogo do Compras.gov.br;Material;7340;CUTELARIA E TALHERES;17712;CUTELO;267322;ALTURA LÂMINA: 9, COMPRIMENTO LÂMINA: 16, MATERIAL CABO: MADEIRA, MATERIAL LÂMINA: AÇO INOX CROMO;UN;2,0000;24,0200;48,0400;0,0000;31/12/2026
ERN-HOSPITAL REGIONAL DEOCLÉCIO MARQUES LUC.;926787;60;Material;926787-17/2026;Equipamentos e insumos;Catálogo do Compras.gov.br;Material;7340;CUTELARIA E TALHERES;1135;ESPUMADEIRA;413319;MATERIAL CABO: AÇO INOXIDÁVEL, MATERIAL CORPO: AÇO INOXIDÁVEL, TAMANHO: 9 X 30 CM;UN;10,0000;9,5000;95,0000;0,0000;31/12/2026
ERN-HOSPITAL REGIONAL DEOCLÉCIO MARQUES LUC.;926787;61;Material;926787-17/2026;Equipamentos e insumos;Catálogo do Compras.gov.br;Material;7340;CUTELARIA E TALHERES;1135;ESPUMADEIRA;355387;CARACTERÍSTICAS ADICIONAIS: CABO EM FORMA DE GANCHO, MATERIAL CABO: ALUMÍNIO, MATERIAL CORPO: ALUMÍNIO, TAMANHO: 50 CM X 14 CM;UN;10,0000;25,0000;250,0000;0,0000;31/12/2026
ERN-HOSPITAL REGIONAL DEOCLÉCIO MARQUES LUC.;926787;62;Material;926787-17/2026;Equipamentos e insumos;Catálogo do Compras.gov.br;Material;7340;CUTELARIA E TALHERES;7276;FACA;465736;APLICAÇÃO: CORTAR LEGUMES E VERDURAS, COMPRIMENTO LÂMINA: 18, COR CABO: BRANCA, ESPESSURA: 1,40, LARGURA LÂMINA: 2,50, MATERIAL CABO: POLIPROPILENO INJETADO, MATERIAL LÂMINA: AÇO INOXIDÁVEL, TIPO: FIO LISO;UN;10,0000;10,1600;101,6000;0,0000;31/12/2026
ERN-HOSPITAL REGIONAL DEOCLÉCIO MARQUES LUC.;926787;63;Material;926787-17/2026;Equipamentos e insumos;Catálogo do Compras.gov.br;Material;7340;CUTELARIA E TALHERES;7276;FACA;431290;COMPRIMENTO CABO: 5, COMPRIMENTO LÂMINA: 12, COR CABO: BRANCA, MATERIAL CABO: POLIPROPILENO, MATERIAL LÂMINA: AÇO INOXIDÁVEL;UN;10,0000;25,9000;259,0000;0,0000;31/12/2026
ERN-HOSPITAL REGIONAL DEOCLÉCIO MARQUES LUC.;926787;64;Material;926787-17/2026;Equipamentos e insumos;Catálogo do Compras.gov.br;Material;7340;CUTELARIA E TALHERES;7276;FACA;334673;APLICAÇÃO: CORTAR CARNE, COR CABO: BRANCA, MATERIAL CABO: PLÁSTICO, MATERIAL LÂMINA: AÇO INOXIDÁVEL, TAMANHO: 10;UN;10,0000;25,9000;259,0000;0,0000;31/12/2026
ERN-HOSPITAL REGIONAL DEOCLÉCIO MARQUES LUC.;926787;65;Material;926787-17/2026;Equipamentos e insumos;Catálogo do Compras.gov.br;Material;7340;CUTELARIA E TALHERES;7276;FACA;294611;APLICAÇÃO: SOBREMESA, COMPRIMENTO LÂMINA: 8, MATERIAL CABO: AÇO INOXIDÁVEL, MATERIAL LÂMINA: AÇO INOXIDÁVEL, TAMANHO: 18,80, TIPO: SERRILHADA;UN;10,0000;5,4700;54,7000;0,0000;31/12/2026
ERN-HOSPITAL REGIONAL DEOCLÉCIO MARQUES LUC.;926787;66;Material;926787-17/2026;Equipamentos e insumos;Catálogo do Compras.gov.br;Material;7340;CUTELARIA E TALHERES;7276;FACA;455573;APLICAÇÃO: CORTAR CARNE, COMPRIMENTO LÂMINA: 8, LARGURA LÂMINA: 8, MATERIAL CABO: POLIPROPILENO, MATERIAL LÂMINA: AÇO INOXIDÁVEL;UN;10,0000;40,0000;400,0000;0,0000;31/12/2026
ERN-HOSPITAL REGIONAL DEOCLÉCIO MARQUES LUC.;926787;67;Material;926787-17/2026;Equipamentos e insumos;Catálogo do Compras.gov.br;Material;7340;CUTELARIA E TALHERES;7276;FACA;397162;COMPRIMENTO LÂMINA: 3, MATERIAL CABO: POLIPROPILENO INJETADO, MATERIAL LÂMINA: AÇO INOXIDÁVEL, TIPO: FIO LISO;UN;10,0000;11,0000;110,0000;0,0000;31/12/2026
ERN-HOSPITAL REGIONAL DEOCLÉCIO MARQUES LUC.;926787;68;Material;926787-17/2026;Equipamentos e insumos;Catálogo do Compras.gov.br;Material;7340;CUTELARIA E TALHERES;7276;FACA;299056;APLICAÇÃO: CORTAR PÃO, COMPRIMENTO CABO: 10, COMPRIMENTO LÂMINA: 17, LARGURA LÂMINA: 2,5, MATERIAL CABO: POLIPROPILENO, MATERIAL LÂMINA: AÇO INOXIDÁVEL;UN;5,0000;23,0100;115,0500;0,0000;31/12/2026
ERN-HOSPITAL REGIONAL DEOCLÉCIO MARQUES LUC.;926787;69;Material;926787-17/2026;Equipamentos e insumos;Catálogo do Compras.gov.br;Material;7210;UTENSÍLIOS DOMÉSTICOS;1146;GARFO MESA;464854;COMPRIMENTO: 35, ESPESSURA: 1,8, MATERIAL CORPO: AÇO INOXIDÁVEL, TIPO: BIDENTE;UN;10,0000;24,9800;249,8000;0,0000;31/12/2026
ERN-HOSPITAL REGIONAL DEOCLÉCIO MARQUES LUC.;926787;70;Material;926787-17/2026;Equipamentos e insumos;Catálogo do Compras.gov.br;Material;7210;UTENSÍLIOS DOMÉSTICOS;1146;GARFO MESA;270152;CARACTERÍSTICAS ADICIONAIS: LISO, POLIDO, 23 CM COMPRIMENTO E 3MM ESPESSURA, MATERIAL CABO: AÇO INOXIDÁVEL, MATERIAL CORPO: AÇO INOXIDÁVEL, TIPO: MESA;UN;200,0000;5,5800;1116,0000;0,0000;31/12/2026
ERN-HOSPITAL REGIONAL DEOCLÉCIO MARQUES LUC.;926787;71;Material;926787-17/2026;Equipamentos e insumos;Catálogo do Compras.gov.br;Material;8125;GARRAFAS E JARROS;1115;GARRAFA TÉRMICA;455619;CAPACIDADE: 1, CARACTERÍSTICAS ADICIONAIS: SISTEMA SERVE A JATO, MATERIAL: AÇO INOXIDÁVEL;UN;6,0000;40,4100;242,4600;0,0000;31/12/2026
ERN-HOSPITAL REGIONAL DEOCLÉCIO MARQUES LUC.;926787;72;Material;926787-17/2026;Equipamentos e insumos;Catálogo do Compras.gov.br;Material;8125;GARRAFAS E JARROS;1115;GARRAFA TÉRMICA;440295;CAPACIDADE: 2,20, CARACTERÍSTICAS ADICIONAIS: AMPOLA EM INOX, CONFORME MODELO, MATERIAL: AÇO INOXIDÁVEL;UN;4,0000;93,3400;373,3600;0,0000;31/12/2026
ERN-HOSPITAL REGIONAL DEOCLÉCIO MARQUES LUC.;926787;73;Material;926787-17/2026;Equipamentos e insumos;Catálogo do Compras.gov.br;Material;8125;GARRAFAS E JARROS;1115;GARRAFA TÉRMICA;374465;CAPACIDADE: 3, CARACTERÍSTICAS ADICIONAIS: ALÇA, SISTEMA PRESSÃO(SERVE-JATO) E CORTA COTAS, MATERIAL: AÇO INOXIDÁVEL;UN;4,0000;59,6500;238,6000;0,0000;31/12/2026
ERN-HOSPITAL REGIONAL DEOCLÉCIO MARQUES LUC.;926787;74;Material;926787-17/2026;Equipamentos e insumos;Catálogo do Compras.gov.br;Material;6515;INSTRUMENTOS, EQUIPAMENTOS E SUPRIMENTOS MÉDICOS  E  CIRÚRGICOS;18734;JARRA USO HOSPITALAR;318261;ACESSÓRIOS: COM ALÇA, CAPACIDADE: 2, CARACTERÍSTICAS ADICIONAIS: BORDAS ARREDONDADAS,S/ ARESTAS,S/ EMENDAS, MATERIAL: AÇO INOX AISI 440 OU 420A;UN;6,0000;148,5900;891,5400;0,0000;31/12/2026
ERN-HOSPITAL REGIONAL DEOCLÉCIO MARQUES LUC.;926787;75;Material;926787-17/2026;Equipamentos e insumos;Catálogo do Compras.gov.br;Material;7360;JOGOS, CONJUNTOS  E  EQUIPAMENTOS PARA PREPARAR E SERVIR ALIMENTOS;7160;ESPÁTULA;623408;APLICAÇÃO: USO CULINÁRIO, COMPRIMENTO: 39,30, MATERIAL: SILICONE, MATERIAL CABO: INOX;UN;10,0000;24,9000;249,0000;0,0000;31/12/2026
ERN-HOSPITAL REGIONAL DEOCLÉCIO MARQUES LUC.;926787;76;Material;926787-17/2026;Equipamentos e insumos;Catálogo do Compras.gov.br;Material;7210;UTENSÍLIOS DOMÉSTICOS;10595;PEGADOR ALIMENTO;344681;MATERIAL: AÇO INOXIDÁVEL, TAMANHO: MÉDIO, APLICAÇÃO: SERVIR MASSAS;UN;10,0000;16,9900;169,9000;0,0000;31/12/2026
ERN-HOSPITAL REGIONAL DEOCLÉCIO MARQUES LUC.;926787;77;Material;926787-17/2026;Equipamentos e insumos;Catálogo do Compras.gov.br;Material;7210;UTENSÍLIOS DOMÉSTICOS;10595;PEGADOR ALIMENTO;609390;COMPRIMENTO: 30, MATERIAL: AÇO INOXIDÁVEL;UN;10,0000;19,2000;192,0000;0,0000;31/12/2026
ERN-HOSPITAL REGIONAL DEOCLÉCIO MARQUES LUC.;926787;78;Material;926787-17/2026;Equipamentos e insumos;Catálogo do Compras.gov.br;Material;7210;UTENSÍLIOS DOMÉSTICOS;10595;PEGADOR ALIMENTO;248070;CARACTERÍSTICAS ADICIONAIS: CABO DE 13 X 2 CM, PEGADOR DE 5 X 5 CM, COMPRIMENTO: 20,50, MATERIAL: AÇO INOXIDÁVEL, APLICAÇÃO: SALADA;UN;10,0000;17,8000;178,0000;0,0000;31/12/2026
ERN-HOSPITAL REGIONAL DEOCLÉCIO MARQUES LUC.;926787;79;Material;926787-17/2026;Equipamentos e insumos;Catálogo do Compras.gov.br;Material;7330;UTENSÍLIOS E FERRAMENTAS MANUAIS DE COZINHA;11401;RALADOR ALIMENTO;261597;APLICAÇÃO: COZINHA, MATERIAL: AÇO INOXIDÁVEL, QUANTIDADE FACES: 4, TIPO: MANUAL;UN;10,0000;49,8300;498,3000;0,0000;31/12/2026
ERN-HOSPITAL REGIONAL DEOCLÉCIO MARQUES LUC.;926787;80;Material;926787-17/2026;Equipamentos e insumos;Catálogo do Compras.gov.br;Material;7330;UTENSÍLIOS E FERRAMENTAS MANUAIS DE COZINHA;1046;CAÇAROLA;416483;CAPACIDADE: 3,1, CARACTERÍSTICAS ADICIONAIS: 2 ALÇAS E TAMPA, MATERIAL: AÇO INOXIDÁVEL;UN;6,0000;113,7100;682,2600;0,0000;31/12/2026
ERN-HOSPITAL REGIONAL DEOCLÉCIO MARQUES LUC.;926787;81;Material;926787-17/2026;Equipamentos e insumos;Catálogo do Compras.gov.br;Material;7330;UTENSÍLIOS E FERRAMENTAS MANUAIS DE COZINHA;1046;CAÇAROLA;320866;CAPACIDADE: 3, CARACTERÍSTICAS ADICIONAIS: TAMPA, CABO E SEM VIROLA, MATERIAL: ALUMÍNIO REFORÇADO, ALTURA: 10, ESPESSURA: 2,50, DIÂMETRO: 20;UN;6,0000;49,5000;297,0000;0,0000;31/12/2026
ERN-HOSPITAL REGIONAL DEOCLÉCIO MARQUES LUC.;926787;82;Material;926787-17/2026;Equipamentos e insumos;Catálogo do Compras.gov.br;Material;7330;UTENSÍLIOS E FERRAMENTAS MANUAIS DE COZINHA;1046;CAÇAROLA;334676;CARACTERÍSTICAS ADICIONAIS: COM TAMPA, MATERIAL: ALUMÍNIO, DIÂMETRO: 24;UN;6,0000;35,8900;215,3400;0,0000;31/12/2026
ERN-HOSPITAL REGIONAL DEOCLÉCIO MARQUES LUC.;926787;83;Material;926787-17/2026;Equipamentos e insumos;Catálogo do Compras.gov.br;Material;7330;UTENSÍLIOS E FERRAMENTAS MANUAIS DE COZINHA;1046;CAÇAROLA;384218;CAPACIDADE: 9,8, CARACTERÍSTICAS ADICIONAIS: COM 2 ALÇAS  E TAMPA, MATERIAL: ALUMÍNIO REFORÇADO;UN;6,0000;70,4000;422,4000;0,0000;31/12/2026
ERN-HOSPITAL REGIONAL DEOCLÉCIO MARQUES LUC.;926787;84;Material;926787-17/2026;Equipamentos e insumos;Catálogo do Compras.gov.br;Material;7330;UTENSÍLIOS E FERRAMENTAS MANUAIS DE COZINHA;1046;CAÇAROLA;319836;CAPACIDADE: 20, CARACTERÍSTICAS ADICIONAIS: COM TAMPA E ALÇAS REFORÇADAS, Nº 38, MATERIAL: ALUMÍNIO, ALTURA: 18, ESPESSURA: 5, DIÂMETRO: 38;UN;6,0000;112,7100;676,2600;0,0000;31/12/2026
ERN-HOSPITAL REGIONAL DEOCLÉCIO MARQUES LUC.;926787;85;Material;926787-17/2026;Equipamentos e insumos;Catálogo do Compras.gov.br;Material;7330;UTENSÍLIOS E FERRAMENTAS MANUAIS DE COZINHA;1046;CAÇAROLA;315525;CAPACIDADE: 5, CARACTERÍSTICAS ADICIONAIS: TAMPA E ALÇA, MATERIAL: ALUMÍNIO;UN;6,0000;59,5000;357,0000;0,0000;31/12/2026
ERN-HOSPITAL REGIONAL DEOCLÉCIO MARQUES LUC.;926787;86;Material;926787-17/2026;Equipamentos e insumos;Catálogo do Compras.gov.br;Material;7330;UTENSÍLIOS E FERRAMENTAS MANUAIS DE COZINHA;1046;CAÇAROLA;276958;CAPACIDADE: 52, CARACTERÍSTICAS ADICIONAIS: COM ALÇA(S), MATERIAL: ALUMÍNIO, ALTURA: 22, ESPESSURA: 5, DIÂMETRO: 52;UN;6,0000;156,6700;940,0200;0,0000;31/12/2026
ERN-HOSPITAL REGIONAL DEOCLÉCIO MARQUES LUC.;926787;87;Material;926787-17/2026;Equipamentos e insumos;Catálogo do Compras.gov.br;Material;7330;UTENSÍLIOS E FERRAMENTAS MANUAIS DE COZINHA;1046;CAÇAROLA;222452;CAPACIDADE: 40 A 60, CARACTERÍSTICAS ADICIONAIS: COM ALÇA(S), MATERIAL: METAL, TAMANHO: GRANDE, ALTURA: 19 A 22, ESPESSURA: 2,30 A 3;UN;6,0000;144,9000;869,4000;0,0000;31/12/2026
ERN-HOSPITAL REGIONAL DEOCLÉCIO MARQUES LUC.;926787;88;Material;926787-17/2026;Equipamentos e insumos;Catálogo do Compras.gov.br;Material;7330;UTENSÍLIOS E FERRAMENTAS MANUAIS DE COZINHA;1046;CAÇAROLA;295921;CARACTERÍSTICAS ADICIONAIS: COM 2 ALÇAS  E TAMPA, MATERIAL: ALUMÍNIO REFORÇADO, DIÂMETRO: 45;UN;6,0000;113,7100;682,2600;0,0000;31/12/2026
ERN-HOSPITAL REGIONAL DEOCLÉCIO MARQUES LUC.;926787;89;Material;926787-17/2026;Equipamentos e insumos;Catálogo do Compras.gov.br;Material;7330;UTENSÍLIOS E FERRAMENTAS MANUAIS DE COZINHA;1046;CAÇAROLA;339866;CAPACIDADE: 18, CARACTERÍSTICAS ADICIONAIS: 2 ALÇAS REFORÇADAS E TAMPA, MATERIAL: ALUMÍNIO, ALTURA: 17, DIÂMETRO: 35;UN;6,0000;103,0900;618,5400;0,0000;31/12/2026
ERN-HOSPITAL REGIONAL DEOCLÉCIO MARQUES LUC.;926787;90;Material;926787-17/2026;Equipamentos e insumos;Catálogo do Compras.gov.br;Material;7330;UTENSÍLIOS E FERRAMENTAS MANUAIS DE COZINHA;1058;CALDEIRÃO;397202;CAPACIDADE: 22,5, CARACTERÍSTICAS ADICIONAIS: COM 2 ALÇAS  E TAMPA, MATERIAL: ALUMÍNIO;UN;6,0000;179,4300;1076,5800;0,0000;31/12/2026
ERN-HOSPITAL REGIONAL DEOCLÉCIO MARQUES LUC.;926787;91;Material;926787-17/2026;Equipamentos e insumos;Catálogo do Compras.gov.br;Material;7330;UTENSÍLIOS E FERRAMENTAS MANUAIS DE COZINHA;1058;CALDEIRÃO;397203;CAPACIDADE: 4,6, CARACTERÍSTICAS ADICIONAIS: COM 2 ALÇAS  E TAMPA, MATERIAL: ALUMÍNIO;UN;6,0000;56,4000;338,4000;0,0000;31/12/2026
ERN-HOSPITAL REGIONAL DEOCLÉCIO MARQUES LUC.;926787;92;Material;926787-17/2026;Equipamentos e insumos;Catálogo do Compras.gov.br;Material;7330;UTENSÍLIOS E FERRAMENTAS MANUAIS DE COZINHA;1058;CALDEIRÃO;312495;CAPACIDADE: 18 A 20, CARACTERÍSTICAS ADICIONAIS: COM TAMPAS E ALÇAS REFORÇADAS, FORMATO: CILÍNDRICO, MATERIAL: ALUMÍNIO, TAMANHO: MÉDIO, ALTURA: 26 A 30, ESPESSURA: 2 A 4;UN;6,0000;93,3000;559,8000;0,0000;31/12/2026
ERN-HOSPITAL REGIONAL DEOCLÉCIO MARQUES LUC.;926787;93;Material;926787-17/2026;Equipamentos e insumos;Catálogo do Compras.gov.br;Material;7330;UTENSÍLIOS E FERRAMENTAS MANUAIS DE COZINHA;1058;CALDEIRÃO;306709;CAPACIDADE: 12, CARACTERÍSTICAS ADICIONAIS: COM TAMPA, MATERIAL: ALUMÍNIO, TAMANHO: PEQUENO, ALTURA: 24, ESPESSURA: 4;UN;6,0000;83,8500;503,1000;0,0000;31/12/2026
ERN-HOSPITAL REGIONAL DEOCLÉCIO MARQUES LUC.;926787;94;Material;926787-17/2026;Equipamentos e insumos;Catálogo do Compras.gov.br;Material;7330;UTENSÍLIOS E FERRAMENTAS MANUAIS DE COZINHA;1058;CALDEIRÃO;222466;CAPACIDADE: 18 A 38, CARACTERÍSTICAS ADICIONAIS: SEM TAMPA, MATERIAL: METAL, TAMANHO: MÉDIO, ALTURA: 20, ESPESSURA: 2,03 A 2,60;UN;6,0000;130,2600;781,5600;0,0000;31/12/2026
ERN-HOSPITAL REGIONAL DEOCLÉCIO MARQUES LUC.;926787;95;Material;926787-17/2026;Equipamentos e insumos;Catálogo do Compras.gov.br;Material;7330;UTENSÍLIOS E FERRAMENTAS MANUAIS DE COZINHA;1058;CALDEIRÃO;297299;CAPACIDADE: 45 A 127, CARACTERÍSTICAS ADICIONAIS: COM TAMPAS E ALÇAS REFORÇADAS, FORMATO: CILÍNDRICO, MATERIAL: ALUMÍNIO, TIPO: AMERICANO, TAMANHO: GRANDE, ALTURA: 25, ESPESSURA: 2,03 A 2,60;UN;6,0000;204,9500;1229,7000;0,0000;31/12/2026
ERN-HOSPITAL REGIONAL DEOCLÉCIO MARQUES LUC.;926787;96;Material;926787-17/2026;Equipamentos e insumos;Catálogo do Compras.gov.br;Material;7320;EQUIPAMENTOS E APARELHOS DE COZINHA;4400;CANECA;616648;CAPACIDADE: 3,80, CARACTERÍSTICAS ADICIONAIS: ALCA BAQUELITE, MATERIAL: ALUMÍNIO, USO: COPA E COZINHA;UN;10,0000;73,0200;730,2000;0,0000;31/12/2026
ERN-HOSPITAL REGIONAL DEOCLÉCIO MARQUES LUC.;926787;97;Material;926787-17/2026;Equipamentos e insumos;Catálogo do Compras.gov.br;Material;7320;EQUIPAMENTOS E APARELHOS DE COZINHA;4400;CANECA;443891;CAPACIDADE: 2, CARACTERÍSTICAS ADICIONAIS: FERVEDOR, MATERIAL: AÇO INOXIDÁVEL, USO: COPA E COZINHA;UN;10,0000;45,2000;452,0000;0,0000;31/12/2026
ERN-HOSPITAL REGIONAL DEOCLÉCIO MARQUES LUC.;926787;98;Material;926787-17/2026;Equipamentos e insumos;Catálogo do Compras.gov.br;Material;7330;UTENSÍLIOS E FERRAMENTAS MANUAIS DE COZINHA;16429;PANELA CUSCUZ;391985;CAPACIDADE: 20, CARACTERÍSTICAS ADICIONAIS: Nº 30, MATERIAL: ALUMÍNIO;UN;6,0000;249,9000;1499,4000;0,0000;31/12/2026
ERN-HOSPITAL REGIONAL DEOCLÉCIO MARQUES LUC.;926787;99;Material;926787-17/2026;Equipamentos e insumos;Catálogo do Compras.gov.br;Material;7330;UTENSÍLIOS E FERRAMENTAS MANUAIS DE COZINHA;16429;PANELA CUSCUZ;336581;CARACTERÍSTICAS ADICIONAIS: ALÇAS DE BAQUELITE, Nº 20, MATERIAL: ALUMÍNIO;UN;2,0000;113,5000;227,0000;0,0000;31/12/2026
ERN-HOSPITAL REGIONAL DEOCLÉCIO MARQUES LUC.;926787;100;Material;926787-17/2026;Equipamentos e insumos;Catálogo do Compras.gov.br;Material;7340;CUTELARIA E TALHERES;1135;ESPUMADEIRA;283808;MATERIAL CORPO: ALUMÍNIO, COMPRIMENTO CABO: 20;UN;10,0000;51,0000;510,0000;0,0000;31/12/2026
ERN-HOSPITAL REGIONAL DEOCLÉCIO MARQUES LUC.;926787;101;Material;926787-17/2026;Equipamentos e insumos;Catálogo do Compras.gov.br;Material;7340;CUTELARIA E TALHERES;1135;ESPUMADEIRA;464884;CARACTERÍSTICAS ADICIONAIS: 20 CM DIAMETRO TIPO HOTEL, MATERIAL CABO: MADEIRA, MATERIAL CORPO: ALUMÍNIO, TAMANHO: GRANDE;UN;10,0000;43,7000;437,0000;0,0000;31/12/2026
ERN-HOSPITAL REGIONAL DEOCLÉCIO MARQUES LUC.;926787;102;Material;926787-17/2026;Equipamentos e insumos;Catálogo do Compras.gov.br;Material;7330;UTENSÍLIOS E FERRAMENTAS MANUAIS DE COZINHA;7843;FRIGIDEIRA;313574;CARACTERÍSTICAS ADICIONAIS: C/ TAMPA E REVESTIMENTO INTERNO E EXTERNO, DIÂMETRO: 28, MATERIAL: ALUMÍNIO, MATERIAL CABO: BAQUELITE ANTITÉRMICO, REVESTIMENTO: TEFLON;UN;4,0000;65,0300;260,1200;0,0000;31/12/2026
ERN-HOSPITAL REGIONAL DEOCLÉCIO MARQUES LUC.;926787;103;Material;926787-17/2026;Equipamentos e insumos;Catálogo do Compras.gov.br;Material;7330;UTENSÍLIOS E FERRAMENTAS MANUAIS DE COZINHA;7843;FRIGIDEIRA;441363;APLICAÇÃO: COPA E COZINHA, DIÂMETRO: 40, MATERIAL: ALUMÍNIO POLIDO, MATERIAL CABO: BAQUELITE ANTITÉRMICO, TIPO: RASA;UN;4,0000;75,0800;300,3200;0,0000;31/12/2026
ERN-HOSPITAL REGIONAL DEOCLÉCIO MARQUES LUC.;926787;104;Material;926787-17/2026;Equipamentos e insumos;Catálogo do Compras.gov.br;Material;7330;UTENSÍLIOS E FERRAMENTAS MANUAIS DE COZINHA;7843;FRIGIDEIRA;352908;DIÂMETRO: 30, MATERIAL: ALUMÍNIO, MATERIAL CABO: BAQUELITE, TIPO: FUNDA;UN;4,0000;46,6700;186,6800;0,0000;31/12/2026
ERN-HOSPITAL REGIONAL DEOCLÉCIO MARQUES LUC.;926787;105;Material;926787-17/2026;Equipamentos e insumos;Catálogo do Compras.gov.br;Material;7330;UTENSÍLIOS E FERRAMENTAS MANUAIS DE COZINHA;1075;PANELA PRESSÃO;397245;CAPACIDADE: 7, CARACTERÍSTICAS ADICIONAIS: COM ALÇA, MATERIAL: ALUMÍNIO POLIDO, MATERIAL CABO: BAQUELITE;UN;2,0000;121,9600;243,9200;0,0000;31/12/2026
ERN-HOSPITAL REGIONAL DEOCLÉCIO MARQUES LUC.;926787;106;Material;926787-17/2026;Equipamentos e insumos;Catálogo do Compras.gov.br;Material;7330;UTENSÍLIOS E FERRAMENTAS MANUAIS DE COZINHA;1075;PANELA PRESSÃO;424374;CAPACIDADE: 15, CARACTERÍSTICAS ADICIONAIS: COM ALÇA, MATERIAL: ALUMÍNIO POLIDO, MATERIAL CABO: BAQUELITE, SISTEMA SEGURANÇA: VÁLVULA SEGURANÇA;UN;2,0000;396,7100;793,4200;0,0000;31/12/2026
ERN-HOSPITAL REGIONAL DEOCLÉCIO MARQUES LUC.;926787;107;Material;926787-17/2026;Equipamentos e insumos;Catálogo do Compras.gov.br;Material;7290;UTENSÍLIOS COMERCIAIS E DOMÉSTICOS DIVERSOS;14460;ESCORREDOR;332679;ALTURA: 20, APLICAÇÃO: ARROZ, CARACTERÍSTICAS ADICIONAIS: ALÇAS REFORÇADAS, DIÂMETRO: 30, MATERIAL: ALUMÍNIO POLIDO;UN;6,0000;31,8800;191,2800;0,0000;31/12/2026
ERN-HOSPITAL REGIONAL DEOCLÉCIO MARQUES LUC.;926787;108;Material;926787-17/2026;Equipamentos e insumos;Catálogo do Compras.gov.br;Material;7290;UTENSÍLIOS COMERCIAIS E DOMÉSTICOS DIVERSOS;14460;ESCORREDOR;318684;APLICAÇÃO: MACARRÃO, CARACTERÍSTICAS ADICIONAIS: ALÇA E PÉS, DIÂMETRO: 35, MATERIAL: ALUMÍNIO;UN;10,0000;44,2000;442,0000;0,0000;31/12/2026
ERN-HOSPITAL REGIONAL DEOCLÉCIO MARQUES LUC.;926787;109;Material;926787-17/2026;Equipamentos e insumos;Catálogo do Compras.gov.br;Material;7290;UTENSÍLIOS COMERCIAIS E DOMÉSTICOS DIVERSOS;14460;ESCORREDOR;276803;ALTURA: 35, APLICAÇÃO: MASSA, CAPACIDADE: 70, CARACTERÍSTICAS ADICIONAIS: ALÇAS REFORÇADAS, DIÂMETRO: 60, MATERIAL: ALUMÍNIO;UN;10,0000;143,9500;1439,5000;0,0000;31/12/2026
ERN-HOSPITAL REGIONAL DEOCLÉCIO MARQUES LUC.;926787;110;Material;926787-17/2026;Equipamentos e insumos;Catálogo do Compras.gov.br;Material;7330;UTENSÍLIOS E FERRAMENTAS MANUAIS DE COZINHA;12474;TACHO;283870;CAPACIDADE: 16, CARACTERÍSTICAS ADICIONAIS: COM ALÇA, MATERIAL: ALUMÍNIO;UN;6,0000;77,0000;462,0000;0,0000;31/12/2026
ERN-HOSPITAL REGIONAL DEOCLÉCIO MARQUES LUC.;926787;111;Material;926787-17/2026;Equipamentos e insumos;Catálogo do Compras.gov.br;Material;7330;UTENSÍLIOS E FERRAMENTAS MANUAIS DE COZINHA;12474;TACHO;397285;ALTURA: 19, CAPACIDADE: 20, CARACTERÍSTICAS ADICIONAIS: COM ORLA E 2 ALÇAS, DIÂMETRO BOCA: 45, MATERIAL: ALUMÍNIO;UN;6,0000;169,0900;1014,5400;0,0000;31/12/2026
ERN-HOSPITAL REGIONAL DEOCLÉCIO MARQUES LUC.;926787;112;Material;926787-17/2026;Equipamentos e insumos;Catálogo do Compras.gov.br;Material;7330;UTENSÍLIOS E FERRAMENTAS MANUAIS DE COZINHA;3193;BACIA;460659;CAPACIDADE: 8, COR: VARIADA, DIÂMETRO: 39, FORMATO: REDONDA, MATERIAL: PLÁSTICO;UN;10,0000;12,3000;123,0000;0,0000;31/12/2026
ERN-HOSPITAL REGIONAL DEOCLÉCIO MARQUES LUC.;926787;113;Material;926787-17/2026;Equipamentos e insumos;Catálogo do Compras.gov.br;Material;7330;UTENSÍLIOS E FERRAMENTAS MANUAIS DE COZINHA;3193;BACIA;326594;CAPACIDADE: 35, CARACTERÍSTICAS ADICIONAIS: REDONDA, MATERIAL: PLÁSTICO;UN;10,0000;29,6300;296,3000;0,0000;31/12/2026
ERN-HOSPITAL REGIONAL DEOCLÉCIO MARQUES LUC.;926787;114;Material;926787-17/2026;Equipamentos e insumos;Catálogo do Compras.gov.br;Material;7330;UTENSÍLIOS E FERRAMENTAS MANUAIS DE COZINHA;3193;BACIA;292588;CAPACIDADE: 20, MATERIAL: PLÁSTICO;UN;10,0000;21,5000;215,0000;0,0000;31/12/2026
ERN-HOSPITAL REGIONAL DEOCLÉCIO MARQUES LUC.;926787;115;Material;926787-17/2026;Equipamentos e insumos;Catálogo do Compras.gov.br;Material;7360;JOGOS, CONJUNTOS  E  EQUIPAMENTOS PARA PREPARAR E SERVIR ALIMENTOS;1133;BANDEJA;413049;ALTURA: 8, COMPRIMENTO: 53, COR: BRANCA, FINALIDADE: ARMAZENAMENTO DE ALIMENTOS, LARGURA: 37, MATERIAL: POLIETILENO;UN;20,0000;21,1400;422,8000;0,0000;31/12/2026
ERN-HOSPITAL REGIONAL DEOCLÉCIO MARQUES LUC.;926787;116;Material;926787-17/2026;Equipamentos e insumos;Catálogo do Compras.gov.br;Material;7360;JOGOS, CONJUNTOS  E  EQUIPAMENTOS PARA PREPARAR E SERVIR ALIMENTOS;1133;BANDEJA;405443;ALTURA: 12, CARACTERÍSTICAS ADICIONAIS: REFORÇADA, CAPACIDADE 26 LITROS, COMPRIMENTO: 62,30, COR: BRANCA, FINALIDADE: ARMAZENAMENTO DE ALIMENTOS, LARGURA: 42,50, MATERIAL: POLIPROPILENO;UN;20,0000;25,8600;517,2000;0,0000;31/12/2026
ERN-HOSPITAL REGIONAL DEOCLÉCIO MARQUES LUC.;926787;117;Material;926787-17/2026;Equipamentos e insumos;Catálogo do Compras.gov.br;Material;7360;JOGOS, CONJUNTOS  E  EQUIPAMENTOS PARA PREPARAR E SERVIR ALIMENTOS;1133;BANDEJA;389207;CARACTERÍSTICAS ADICIONAIS: SUPERFÍCIE LISA, COMPRIMENTO: 48, COR: BEGE, FINALIDADE: ARMAZENAMENTO DE ALIMENTOS, LARGURA: 33, MATERIAL: PLÁSTICO RESISTENTE;UN;20,0000;35,9000;718,0000;0,0000;31/12/2026
ERN-HOSPITAL REGIONAL DEOCLÉCIO MARQUES LUC.;926787;118;Material;926787-17/2026;Equipamentos e insumos;Catálogo do Compras.gov.br;Material;9330;ARTIGOS DE PLÁSTICO;4149;CAIXA PLÁSTICA;616940;ALTURA: 19, APLICAÇÃO: MULTIUSO, COMPRIMENTO 1: 54,1, LARGURA: 33,8, MATERIAL: POLIPROPILENO, TIPO: EMPILHÁVEL, COM TAMPA;UN;20,0000;85,6400;1712,8000;0,0000;31/12/2026
ERN-HOSPITAL REGIONAL DEOCLÉCIO MARQUES LUC.;926787;119;Material;926787-17/2026;Equipamentos e insumos;Catálogo do Compras.gov.br;Material;9330;ARTIGOS DE PLÁSTICO;4149;CAIXA PLÁSTICA;616939;ALTURA: 13, APLICAÇÃO: MULTIUSO, COMPRIMENTO 1: 41,1, LARGURA: 29,1, MATERIAL: PLÁSTICO, TIPO: EMPILHÁVEL, COM TAMPA;UN;20,0000;67,0800;1341,6000;0,0000;31/12/2026
ERN-HOSPITAL REGIONAL DEOCLÉCIO MARQUES LUC.;926787;120;Material;926787-17/2026;Equipamentos e insumos;Catálogo do Compras.gov.br;Material;9330;ARTIGOS DE PLÁSTICO;4149;CAIXA PLÁSTICA;615870;ALTURA 01: 12,5, CARACTERÍSTICAS ADICIONAIS: COM TAMPA, EMPILHÁVEL, COMPRIMENTO: 32, COR: BRANCA LEITOSA, LARGURA: 16,5, MATERIAL: POLIPROPILENO ALTA DENSIDADE;UN;10,0000;57,5100;575,1000;0,0000;31/12/2026
ERN-HOSPITAL REGIONAL DEOCLÉCIO MARQUES LUC.;926787;121;Material;926787-17/2026;Equipamentos e insumos;Catálogo do Compras.gov.br;Material;9330;ARTIGOS DE PLÁSTICO;4149;CAIXA PLÁSTICA;615471;ALTURA: 31, APLICAÇÃO: ACONDICIONAMENTO DE MERCADORIAS, CAPACIDADE: 60, CARACTERÍSTICAS ADICIONAIS: PAREDES VAZADAS, COMPRIMENTO: 60, COR: VERDE, LARGURA: 40, MATERIAL: PLÁSTICO, TIPO: EMPILHÁVEL, TRANSMITÂNCIA: NÃO TRANSPARENTE;UN;30,0000;49,9000;1497,0000;0,0000;31/12/2026
ERN-HOSPITAL REGIONAL DEOCLÉCIO MARQUES LUC.;926787;122;Material;926787-17/2026;Equipamentos e insumos;Catálogo do Compras.gov.br;Material;9330;ARTIGOS DE PLÁSTICO;4149;CAIXA PLÁSTICA;614427;ALTURA 01: 31,5, APLICAÇÃO: ACONDICIONAMENTO DE HORTIFRUTIGRANJEIROS., CAPACIDADE: 20, CARACTERÍSTICAS ADICIONAIS: SPAÇO PARA GRAVAÇÃO PERSONALIZADA,, COMPRIMENTO: 56, COR: PRETA, LARGURA: 36, MATERIAL: POLIETILENO, MODELO: SEM TAMPA;UN;40,0000;32,9000;1316,0000;0,0000;31/12/2026
ERN-HOSPITAL REGIONAL DEOCLÉCIO MARQUES LUC.;926787;123;Material;926787-17/2026;Equipamentos e insumos;Catálogo do Compras.gov.br;Material;9390;PRODUTOS DIVERSOS NÃO METÁLICOS;4175;CAIXA TÉRMICA;614542;APLICAÇÃO: TRANSPORTE DE ALIMENTOS REFRIGERADOS/CONGELADOS, CAPACIDADE: 5, CARACTERÍSTICAS ADICIONAIS: ALÇAS LATERAIS EMBUTIDAS, ALÇA DE MÃO ARTICULÁVEL, MATERIAL: POLIPROPILENO;UN;2,0000;45,6700;91,3400;0,0000;31/12/2026
ERN-HOSPITAL REGIONAL DEOCLÉCIO MARQUES LUC.;926787;124;Material;926787-17/2026;Equipamentos e insumos;Catálogo do Compras.gov.br;Material;9390;PRODUTOS DIVERSOS NÃO METÁLICOS;4175;CAIXA TÉRMICA;606543;APLICAÇÃO: TRANSPORTE DE ALIMENTOS REFRIGERADOS/CONGELADOS, CAPACIDADE: 16, CARACTERÍSTICAS ADICIONAIS: COM ALÇA E TAMPA, MATERIAL: POLIPROPILENO;UN;2,0000;60,0900;120,1800;0,0000;31/12/2026
ERN-HOSPITAL REGIONAL DEOCLÉCIO MARQUES LUC.;926787;125;Material;926787-17/2026;Equipamentos e insumos;Catálogo do Compras.gov.br;Material;7340;CUTELARIA E TALHERES;5362;COLHER;465662;APLICAÇÃO: PREPARO DE ALIMENTOS, CARACTERÍSTICAS ADICIONAIS: ATÓXICO, INODORO, ANTI-ADERENTE, COMPRIMENTO: 60, MATERIAL CABO: POLIETILENO, MATERIAL CORPO: POLIETILENO;UN;10,0000;36,1300;361,3000;0,0000;31/12/2026
ERN-HOSPITAL REGIONAL DEOCLÉCIO MARQUES LUC.;926787;126;Material;926787-17/2026;Equipamentos e insumos;Catálogo do Compras.gov.br;Material;7340;CUTELARIA E TALHERES;5362;COLHER;455638;COMPRIMENTO: 45, MATERIAL CABO: POLIETILENO, MATERIAL CORPO: POLIETILENO;UN;10,0000;45,5000;455,0000;0,0000;31/12/2026
ERN-HOSPITAL REGIONAL DEOCLÉCIO MARQUES LUC.;926787;127;Material;926787-17/2026;Equipamentos e insumos;Catálogo do Compras.gov.br;Material;6695;INSTRUMENTOS COMBINADOS DIVERSOS;10617;PENEIRA COZINHA;623403;CARACTERÍSTICAS ADICIONAIS: CONJUNTO COM 03 UNIDADES, DIÂMETRO: 14, 18 E 20, MATERIAL: AÇO INOXIDÁVEL;UN;2,0000;81,1300;162,2600;0,0000;31/12/2026
ERN-HOSPITAL REGIONAL DEOCLÉCIO MARQUES LUC.;926787;128;Material;926787-17/2026;Equipamentos e insumos;Catálogo do Compras.gov.br;Material;6695;INSTRUMENTOS COMBINADOS DIVERSOS;10617;PENEIRA COZINHA;450388;CARACTERÍSTICAS ADICIONAIS: TELA FINA, DIÂMETRO: 50, MATERIAL: POLIETILENO;UN;4,0000;25,9900;103,9600;0,0000;31/12/2026
ERN-HOSPITAL REGIONAL DEOCLÉCIO MARQUES LUC.;926787;129;Material;926787-17/2026;Equipamentos e insumos;Catálogo do Compras.gov.br;Material;6530;MOBILIÁRIO, EQUIPAMENTOS, UTENSÍLIOS E  SUPRIMENTOS  HOSPITALARES;11495;LIXEIRA;622324;CAPACIDADE: 100, COR: PRETA, MATERIAL: PLÁSTICO POLIPROPILENO, TIPO: QUADRADA COM TAMPA BASCULANTE;UN;10,0000;199,1900;1991,9000;0,0000;31/12/2026
ERN-HOSPITAL REGIONAL DEOCLÉCIO MARQUES LUC.;926787;130;Material;926787-17/2026;Equipamentos e insumos;Catálogo do Compras.gov.br;Material;6530;MOBILIÁRIO, EQUIPAMENTOS, UTENSÍLIOS E  SUPRIMENTOS  HOSPITALARES;11495;LIXEIRA;611059;CAPACIDADE: 60 LITROS, CARACTERÍSTICAS ADICIONAIS: CONFORME MODELO, COR: BRANCA, MATERIAL: POLIETILENO OU POLIPROPILENO, TIPO: COM TAMPA E PEDAL ACOPLADOS;UN;6,0000;189,1900;1135,1400;0,0000;31/12/2026
ERN-HOSPITAL REGIONAL DEOCLÉCIO MARQUES LUC.;926787;131;Material;926787-17/2026;Equipamentos e insumos;Catálogo do Compras.gov.br;Material;7360;JOGOS, CONJUNTOS  E  EQUIPAMENTOS PARA PREPARAR E SERVIR ALIMENTOS;13531;POTE;461130;CAPACIDADE: 500, CARACTERÍSTICAS ADICIONAIS: COM TAMPA ROSQUEÁVEL, MATERIAL: POLIETILENO;UN;20,0000;8,8900;177,8000;0,0000;31/12/2026
ERN-HOSPITAL REGIONAL DEOCLÉCIO MARQUES LUC.;926787;132;Material;926787-17/2026;Equipamentos e insumos;Catálogo do Compras.gov.br;Material;7360;JOGOS, CONJUNTOS  E  EQUIPAMENTOS PARA PREPARAR E SERVIR ALIMENTOS;13531;POTE;461128;CAPACIDADE: 1, CARACTERÍSTICAS ADICIONAIS: COM TAMPA ROSQUEÁVEL, MATERIAL: POLIETILENO;UN;20,0000;15,6000;312,0000;0,0000;31/12/2026
ERN-HOSPITAL REGIONAL DEOCLÉCIO MARQUES LUC.;926787;133;Material;926787-17/2026;Equipamentos e insumos;Catálogo do Compras.gov.br;Material;7330;UTENSÍLIOS E FERRAMENTAS MANUAIS DE COZINHA;11826;ROLO MASSA;320821;MATERIAL: POLIPROPILENO, TAMANHO: 40;UN;2,0000;44,6900;89,3800;0,0000;31/12/2026
ERN-HOSPITAL REGIONAL DEOCLÉCIO MARQUES LUC.;926787;134;Material;926787-17/2026;Equipamentos e insumos;Catálogo do Compras.gov.br;Material;7350;LOUÇA E ARTIGOS DE MESA;1138;PRATO;460818;APLICAÇÃO: REFEIÇÃO, CARACTERÍSTICAS ADICIONAIS: RASO, COR: BRANCA, DIÂMETRO: 26,9, MATERIAL: PORCELANA;UN;300,0000;21,9000;6570,0000;0,0000;31/12/2026
ERN-HOSPITAL REGIONAL DEOCLÉCIO MARQUES LUC.;926787;135;Material;926787-17/2026;Equipamentos e insumos;Catálogo do Compras.gov.br;Material;7350;LOUÇA E ARTIGOS DE MESA;1138;PRATO;443823;CARACTERÍSTICAS ADICIONAIS: FUNDO, COR: BRANCA, DIÂMETRO: 23, MATERIAL: PORCELANA;UN;300,0000;20,3000;6090,0000;0,0000;31/12/2026
ERN-HOSPITAL REGIONAL DEOCLÉCIO MARQUES LUC.;926787;136;Material;926787-17/2026;Equipamentos e insumos;Catálogo do Compras.gov.br;Material;7290;UTENSÍLIOS COMERCIAIS E DOMÉSTICOS DIVERSOS;1138;PRATO;393572;APLICAÇÃO: SOBREMESA, CARACTERÍSTICAS ADICIONAIS: REDONDO/RASO/LOGOTIPO CONFORME MODELO, COR: BRANCA, DIÂMETRO: 20, MATERIAL: PORCELANA;UN;200,0000;12,2500;2450,0000;0,0000;31/12/2026
ERN-HOSPITAL REGIONAL DEOCLÉCIO MARQUES LUC.;926787;137;Material;926787-17/2026;Equipamentos e insumos;Catálogo do Compras.gov.br;Material;7220;REVESTIMENTOS PARA PISOS;14647;ESTRADO MODULAR;450418;ALTURA: 15, COMPRIMENTO: 80, COR: BRANCA, LARGURA: 80, MATERIAL: POLIPROPILENO;UN;20,0000;63,2500;1265,0000;0,0000;31/12/2026
ERN-HOSPITAL REGIONAL DEOCLÉCIO MARQUES LUC.;926787;138;Material;926787-17/2026;Equipamentos e insumos;Catálogo do Compras.gov.br;Material;7330;UTENSÍLIOS E FERRAMENTAS MANUAIS DE COZINHA;1057;ASSADEIRA COZINHA COMERCIAL;351545;ALTURA: 5, CARACTERÍSTICAS ADICIONAIS: COM ALÇAS MESMO MATERIAL, COMPRIMENTO: 60, FORMATO: RETANGULAR, LARGURA: 40, MATERIAL: ALUMÍNIO;UN;6,0000;216,2000;1297,2000;0,0000;31/12/2026
ERN-HOSPITAL REGIONAL DEOCLÉCIO MARQUES LUC.;926787;139;Material;926787-17/2026;Equipamentos e insumos;Catálogo do Compras.gov.br;Material;7330;UTENSÍLIOS E FERRAMENTAS MANUAIS DE COZINHA;1057;ASSADEIRA COZINHA COMERCIAL;326589;ALTURA: 5, COMPRIMENTO: 60, FORMATO: RETANGULAR, LARGURA: 40, MATERIAL: AÇO INOXIDÁVEL;UN;6,0000;169,0000;1014,0000;0,0000;31/12/2026
ERN-HOSPITAL REGIONAL DEOCLÉCIO MARQUES LUC.;926787;140;Material;926787-17/2026;Equipamentos e insumos;Catálogo do Compras.gov.br;Material;7340;CUTELARIA E TALHERES;1132;CONCHA;454989;CAPACIDADE: 250, CARACTERÍSTICAS ADICIONAIS: TIPO PEGADOR DE CEREAIS EM EMPÓRIOS, MATERIAL CABO: AÇO INOXIDÁVEL, MATERIAL CORPO: AÇO INOXIDÁVEL;UN;10,0000;29,9000;299,0000;0,0000;31/12/2026
ERN-HOSPITAL REGIONAL DEOCLÉCIO MARQUES LUC.;926787;141;Material;926787-17/2026;Equipamentos e insumos;Catálogo do Compras.gov.br;Material;7340;CUTELARIA E TALHERES;1132;CONCHA;317316;CAPACIDADE: 300, MATERIAL CORPO: AÇO INOXIDÁVEL, COMPRIMENTO CABO: 30;UN;10,0000;31,2500;312,5000;0,0000;31/12/2026
ERN-HOSPITAL REGIONAL DEOCLÉCIO MARQUES LUC.;926787;142;Material;926787-17/2026;Equipamentos e insumos;Catálogo do Compras.gov.br;Material;7310;EQUIPAMENTOS PARA COZINHAR, ASSAR E SERVIR ALIMENTOS;7765;FORNO INDUSTRIAL;439383;ALTURA: 250, APLICAÇÃO: COZINHA, CARACTERÍSTICAS ADICIONAIS: COM 2 CÂMERAS E FORMAS INDEPENDENTES, COMPRIMENTO: 900, LARGURA: 900, MATERIAL: CHAPA AÇO INOXIDÁVEL, TIPO: A GÁS, TIPO CÂMERA: DUPLA;UN;1,0000;7925,4700;7925,4700;0,0000;31/12/2026
ERN-HOSPITAL REGIONAL DEOCLÉCIO MARQUES LUC.;926787;143;Material;926787-17/2026;Equipamentos e insumos;Catálogo do Compras.gov.br;Material;8915;FRUTAS, VERDURAS E LEGUMES;19789;FRUTA;464374;APRESENTAÇÃO: NATURAL, TIPO: ABACAXI PÉROLA;KG;1200,0000;5,8100;6972,0000;0,0000;31/12/2026
ERN-HOSPITAL REGIONAL DEOCLÉCIO MARQUES LUC.;926787;144;Material;926787-17/2026;Equipamentos e insumos;Catálogo do Compras.gov.br;Material;8915;FRUTAS, VERDURAS E LEGUMES;19772;LEGUME IN NATURA;463748;TIPO: ABÓBORA CABOTIÁ / JAPONESA;KG;1050,0000;2,0900;2194,5000;0,0000;31/12/2026
ERN-HOSPITAL REGIONAL DEOCLÉCIO MARQUES LUC.;926787;145;Material;926787-17/2026;Equipamentos e insumos;Catálogo do Compras.gov.br;Material;8915;FRUTAS, VERDURAS E LEGUMES;19773;VERDURA IN NATURA;463818;TIPO: ACELGA;KG;120,0000;4,9100;589,2000;0,0000;31/12/2026
ERN-HOSPITAL REGIONAL DEOCLÉCIO MARQUES LUC.;926787;146;Material;926787-17/2026;Equipamentos e insumos;Catálogo do Compras.gov.br;Material;8915;FRUTAS, VERDURAS E LEGUMES;19773;VERDURA IN NATURA;463833;TIPO: ALFACE LISA;KG;120,0000;3,8200;458,4000;0,0000;31/12/2026
ERN-HOSPITAL REGIONAL DEOCLÉCIO MARQUES LUC.;926787;147;Material;926787-17/2026;Equipamentos e insumos;Catálogo do Compras.gov.br;Material;8915;FRUTAS, VERDURAS E LEGUMES;19789;FRUTA;464376;APRESENTAÇÃO: NATURAL, TIPO: BANANA MAÇÃ;KG;240,0000;5,0300;1207,2000;0,0000;31/12/2026
ERN-HOSPITAL REGIONAL DEOCLÉCIO MARQUES LUC.;926787;148;Material;926787-17/2026;Equipamentos e insumos;Catálogo do Compras.gov.br;Material;8915;FRUTAS, VERDURAS E LEGUMES;19789;FRUTA;464381;APRESENTAÇÃO: NATURAL, TIPO: BANANA PRATA / BANANA BRANCA;KG;1500,0000;3,9600;5940,0000;0,0000;31/12/2026
ERN-HOSPITAL REGIONAL DEOCLÉCIO MARQUES LUC.;926787;149;Material;926787-17/2026;Equipamentos e insumos;Catálogo do Compras.gov.br;Material;8915;FRUTAS, VERDURAS E LEGUMES;19772;LEGUME IN NATURA;617162;APRESENTAÇÃO: NATURAL, TIPO 1: BATATA DOCE CASCA ROSADA;KG;1200,0000;2,6200;3144,0000;0,0000;31/12/2026
ERN-HOSPITAL REGIONAL DEOCLÉCIO MARQUES LUC.;926787;150;Material;926787-17/2026;Equipamentos e insumos;Catálogo do Compras.gov.br;Material;8915;FRUTAS, VERDURAS E LEGUMES;19772;LEGUME IN NATURA;463767;TIPO: BETERRABA;KG;450,0000;3,0800;1386,0000;0,0000;31/12/2026
ERN-HOSPITAL REGIONAL DEOCLÉCIO MARQUES LUC.;926787;152;Material;926787-17/2026;Equipamentos e insumos;Catálogo do Compras.gov.br;Material;8915;FRUTAS, VERDURAS E LEGUMES;19772;LEGUME IN NATURA;463774;ADICIONAL: COM FOLHAS, APRESENTAÇÃO: ORGÂNICO, TIPO: CENOURA;KG;1080,0000;3,9800;4298,4000;0,0000;31/12/2026
ERN-HOSPITAL REGIONAL DEOCLÉCIO MARQUES LUC.;926787;153;Material;926787-17/2026;Equipamentos e insumos;Catálogo do Compras.gov.br;Material;8915;FRUTAS, VERDURAS E LEGUMES;19772;LEGUME IN NATURA;463776;TIPO: CHUCHU BRANCO;KG;1080,0000;2,6200;2829,6000;0,0000;31/12/2026
ERN-HOSPITAL REGIONAL DEOCLÉCIO MARQUES LUC.;926787;154;Material;926787-17/2026;Equipamentos e insumos;Catálogo do Compras.gov.br;Material;8915;FRUTAS, VERDURAS E LEGUMES;19789;FRUTA;464457;ADICIONAL: DESCASCADA, APRESENTAÇÃO: NATURAL, TIPO: COCO VERDE;UN;750,0000;1,6800;1260,0000;0,0000;31/12/2026
ERN-HOSPITAL REGIONAL DEOCLÉCIO MARQUES LUC.;926787;155;Material;926787-17/2026;Equipamentos e insumos;Catálogo do Compras.gov.br;Material;8950;CONDIMENTOS E PRODUTOS CORRELATOS;19774;CONDIMENTO;463938;ADICIONAL: CABEÇA, APRESENTAÇÃO: NATURAL, TIPO: ALHO;KG;180,0000;20,9400;3769,2000;0,0000;31/12/2026
ERN-HOSPITAL REGIONAL DEOCLÉCIO MARQUES LUC.;926787;156;Material;926787-17/2026;Equipamentos e insumos;Catálogo do Compras.gov.br;Material;8950;CONDIMENTOS E PRODUTOS CORRELATOS;19774;CONDIMENTO;463880;ADICIONAL: ORGÂNICO, APRESENTAÇÃO: NATURAL, TIPO: CEBOLINHA;KG;54,0000;4,2900;231,6600;0,0000;31/12/2026
ERN-HOSPITAL REGIONAL DEOCLÉCIO MARQUES LUC.;926787;157;Material;926787-17/2026;Equipamentos e insumos;Catálogo do Compras.gov.br;Material;8950;CONDIMENTOS E PRODUTOS CORRELATOS;19774;CONDIMENTO;463876;APRESENTAÇÃO: NATURAL, TIPO: COENTRO;KG;54,0000;9,4200;508,6800;0,0000;31/12/2026
ERN-HOSPITAL REGIONAL DEOCLÉCIO MARQUES LUC.;926787;158;Material;926787-17/2026;Equipamentos e insumos;Catálogo do Compras.gov.br;Material;8915;FRUTAS, VERDURAS E LEGUMES;19773;VERDURA IN NATURA;463822;TIPO: COUVE;KG;75,0000;7,2300;542,2500;0,0000;31/12/2026
ERN-HOSPITAL REGIONAL DEOCLÉCIO MARQUES LUC.;926787;159;Material;926787-17/2026;Equipamentos e insumos;Catálogo do Compras.gov.br;Material;8915;FRUTAS, VERDURAS E LEGUMES;19789;FRUTA;464392;APRESENTAÇÃO: NATURAL, TIPO: GOIABA VERMELHA;KG;180,0000;5,2300;941,4000;0,0000;31/12/2026
ERN-HOSPITAL REGIONAL DEOCLÉCIO MARQUES LUC.;926787;160;Material;926787-17/2026;Equipamentos e insumos;Catálogo do Compras.gov.br;Material;8920;PRODUTOS DE PANIFICAÇÃO E CEREAIS;19696;AMIDO;465692;BASE: DE MANDIOCA, CARACTERÍSTICAS ADICIONAIS: MASSA FRESCA PARA TAPIOCA, COM SABOR, GRUPO: TAPIOCA, SUBGRUPO: GOMA;G;360,0000;5,0300;1810,8000;0,0000;31/12/2026
ERN-HOSPITAL REGIONAL DEOCLÉCIO MARQUES LUC.;926787;161;Material;926787-17/2026;Equipamentos e insumos;Catálogo do Compras.gov.br;Material;8950;CONDIMENTOS E PRODUTOS CORRELATOS;19774;CONDIMENTO;463898;APRESENTAÇÃO: NATURAL, TIPO: HORTELÃ;KG;6,0000;10,4700;62,8200;0,0000;31/12/2026
ERN-HOSPITAL REGIONAL DEOCLÉCIO MARQUES LUC.;926787;162;Material;926787-17/2026;Equipamentos e insumos;Catálogo do Compras.gov.br;Material;8915;FRUTAS, VERDURAS E LEGUMES;19772;LEGUME IN NATURA;463789;TIPO: INHAME;KG;960,0000;3,6600;3513,6000;0,0000;31/12/2026
ERN-HOSPITAL REGIONAL DEOCLÉCIO MARQUES LUC.;926787;163;Material;926787-17/2026;Equipamentos e insumos;Catálogo do Compras.gov.br;Material;8915;FRUTAS, VERDURAS E LEGUMES;19789;FRUTA;615264;ADICIONAL: DESCASCADA, APRESENTAÇÃO: NATURAL, TIPO: LARANJA PERA;KG;1500,0000;2,9300;4395,0000;0,0000;31/12/2026
ERN-HOSPITAL REGIONAL DEOCLÉCIO MARQUES LUC.;926787;164;Material;926787-17/2026;Equipamentos e insumos;Catálogo do Compras.gov.br;Material;8915;FRUTAS, VERDURAS E LEGUMES;19789;FRUTA;464398;APRESENTAÇÃO: NATURAL, TIPO: LIMÃO TAITI;KG;60,0000;6,0500;363,0000;0,0000;31/12/2026
ERN-HOSPITAL REGIONAL DEOCLÉCIO MARQUES LUC.;926787;165;Material;926787-17/2026;Equipamentos e insumos;Catálogo do Compras.gov.br;Material;8915;FRUTAS, VERDURAS E LEGUMES;19789;FRUTA;482949;APRESENTAÇÃO: DESIDRATADA / SECA, TIPO 1: MAÇÃ;KG;600,0000;8,3800;5028,0000;0,0000;31/12/2026
ERN-HOSPITAL REGIONAL DEOCLÉCIO MARQUES LUC.;926787;166;Material;926787-17/2026;Equipamentos e insumos;Catálogo do Compras.gov.br;Material;8915;FRUTAS, VERDURAS E LEGUMES;19789;FRUTA;467418;ADICIONAL: ORGÂNICA, APRESENTAÇÃO: NATURAL, TIPO: MAMÃO FORMOSA;KG;1050,0000;7,4700;7843,5000;0,0000;31/12/2026
ERN-HOSPITAL REGIONAL DEOCLÉCIO MARQUES LUC.;926787;167;Material;926787-17/2026;Equipamentos e insumos;Catálogo do Compras.gov.br;Material;8950;CONDIMENTOS E PRODUTOS CORRELATOS;19774;CONDIMENTO;463906;APRESENTAÇÃO: NATURAL, TIPO: MANJERICÃO;KG;3,0000;5,2200;15,6600;0,0000;31/12/2026
ERN-HOSPITAL REGIONAL DEOCLÉCIO MARQUES LUC.;926787;168;Material;926787-17/2026;Equipamentos e insumos;Catálogo do Compras.gov.br;Material;8915;FRUTAS, VERDURAS E LEGUMES;19789;FRUTA;464415;APRESENTAÇÃO: NATURAL, TIPO: MARACUJÁ AZEDO / MARACUJÁ AMARELO;KG;900,0000;6,2800;5652,0000;0,0000;31/12/2026
ERN-HOSPITAL REGIONAL DEOCLÉCIO MARQUES LUC.;926787;169;Material;926787-17/2026;Equipamentos e insumos;Catálogo do Compras.gov.br;Material;8915;FRUTAS, VERDURAS E LEGUMES;19772;LEGUME IN NATURA;463791;TIPO: MAXIXE;KG;30,0000;6,1800;185,4000;0,0000;31/12/2026
ERN-HOSPITAL REGIONAL DEOCLÉCIO MARQUES LUC.;926787;170;Material;926787-17/2026;Equipamentos e insumos;Catálogo do Compras.gov.br;Material;8915;FRUTAS, VERDURAS E LEGUMES;19789;FRUTA;467419;ADICIONAL: ORGÂNICA, APRESENTAÇÃO: NATURAL, TIPO: MELANCIA VERMELHA;KG;1800,0000;2,8200;5076,0000;0,0000;31/12/2026
ERN-HOSPITAL REGIONAL DEOCLÉCIO MARQUES LUC.;926787;171;Material;926787-17/2026;Equipamentos e insumos;Catálogo do Compras.gov.br;Material;8915;FRUTAS, VERDURAS E LEGUMES;19789;FRUTA;467420;ADICIONAL: ORGÂNICA, APRESENTAÇÃO: NATURAL, TIPO: MELÃO AMARELO;KG;1200,0000;4,0200;4824,0000;0,0000;31/12/2026
ERN-HOSPITAL REGIONAL DEOCLÉCIO MARQUES LUC.;926787;172;Material;926787-17/2026;Equipamentos e insumos;Catálogo do Compras.gov.br;Material;8915;FRUTAS, VERDURAS E LEGUMES;19772;LEGUME IN NATURA;463810;APRESENTAÇÃO: ORGÂNICO, TIPO: PEPINO;KG;105,0000;3,6600;384,3000;0,0000;31/12/2026
ERN-HOSPITAL REGIONAL DEOCLÉCIO MARQUES LUC.;926787;173;Material;926787-17/2026;Equipamentos e insumos;Catálogo do Compras.gov.br;Material;8915;FRUTAS, VERDURAS E LEGUMES;19772;LEGUME IN NATURA;463812;APRESENTAÇÃO: ORGÂNICO, TIPO: PIMENTÃO VERDE;KG;135,0000;8,7800;1185,3000;0,0000;31/12/2026
ERN-HOSPITAL REGIONAL DEOCLÉCIO MARQUES LUC.;926787;174;Material;926787-17/2026;Equipamentos e insumos;Catálogo do Compras.gov.br;Material;8915;FRUTAS, VERDURAS E LEGUMES;19772;LEGUME IN NATURA;463792;TIPO: QUIABO;KG;30,0000;6,2800;188,4000;0,0000;31/12/2026
ERN-HOSPITAL REGIONAL DEOCLÉCIO MARQUES LUC.;926787;175;Material;926787-17/2026;Equipamentos e insumos;Catálogo do Compras.gov.br;Material;8915;FRUTAS, VERDURAS E LEGUMES;19772;LEGUME IN NATURA;609442;APRESENTAÇÃO: ORGÂNICO, TIPO: TOMATE SALADA;KG;1350,0000;8,2300;11110,5000;0,0000;31/12/2026
ERN-HOSPITAL REGIONAL DEOCLÉCIO MARQUES LUC.;926787;176;Material;926787-17/2026;Equipamentos e insumos;Catálogo do Compras.gov.br;Material;8915;FRUTAS, VERDURAS E LEGUMES;13388;VERDURA IN NATURA*;481121;APLICAÇÃO: CULINÁRIA EM GERAL, CARACTERÍSTICAS ADICIONAIS: 1ª QUALIDADE/FOLHA VERDE VIVO/SEM FUNGOS., ESPÉCIE: COMUM, TIPO: REPOLHO VERDE;KG;450,0000;3,0500;1372,5000;0,0000;31/12/2026
ERN-HOSPITAL REGIONAL DEOCLÉCIO MARQUES LUC.;926787;177;Material;926787-17/2026;Equipamentos e insumos;Catálogo do Compras.gov.br;Material;8915;FRUTAS, VERDURAS E LEGUMES;19789;FRUTA;625864;ADICIONAL: COM SEMENTE, APRESENTAÇÃO: NATURAL, TIPO 1: UVA SANTA ISABEL. (PRETA);KG;150,0000;10,4700;1570,5000;0,0000;31/12/2026
ERN-HOSPITAL REGIONAL DEOCLÉCIO MARQUES LUC.;926787;178;Material;926787-17/2026;Equipamentos e insumos;Catálogo do Compras.gov.br;Material;8915;FRUTAS, VERDURAS E LEGUMES;19789;FRUTA;464438;APRESENTAÇÃO: NATURAL, TIPO: UVA ITÁLIA;KG;150,0000;10,4700;1570,5000;0,0000;31/12/2026
ERN-HOSPITAL REGIONAL DEOCLÉCIO MARQUES LUC.;926787;179;Material;926787-17/2026;Equipamentos e insumos;Catálogo do Compras.gov.br;Material;8915;FRUTAS, VERDURAS E LEGUMES;19794;LEGUME PROCESSADO;611978;APRESENTAÇÃO: CONGELADO, FORMATO: PICADO, PREPARO: IN NATURA, TIPO: MANDIOCA;KG;600,0000;4,2200;2532,0000;0,0000;31/12/2026
ERN-HOSPITAL REGIONAL DEOCLÉCIO MARQUES LUC.;926787;180;Material;926787-17/2026;Equipamentos e insumos;Catálogo do Compras.gov.br;Material;8915;FRUTAS, VERDURAS E LEGUMES;19789;FRUTA;464426;APRESENTAÇÃO: NATURAL, TIPO: PERA D'ÁGUA;KG;180,0000;20,0000;3600,0000;0,0000;31/12/2026
ERN-HOSPITAL REGIONAL DEOCLÉCIO MARQUES LUC.;926787;181;Material;926787-17/2026;Equipamentos e insumos;Catálogo do Compras.gov.br;Material;8915;FRUTAS, VERDURAS E LEGUMES;19772;LEGUME IN NATURA;463814;TIPO 1: VAGEM MANTEIGA;KG;150,0000;12,0300;1804,5000;0,0000;31/12/2026
ERN-HOSPITAL REGIONAL DEOCLÉCIO MARQUES LUC.;926787;182;Material;926787-17/2026;Equipamentos e insumos;Catálogo do Compras.gov.br;Material;8915;FRUTAS, VERDURAS E LEGUMES;19772;LEGUME IN NATURA;463754;TIPO: BATATA INGLESA;KG;1200,0000;3,8800;4656,0000;0,0000;31/12/2026
ERN-HOSPITAL REGIONAL DEOCLÉCIO MARQUES LUC.;926787;183;Material;926787-17/2026;Equipamentos e insumos;Catálogo do Compras.gov.br;Material;8925;AÇÚCAR, CONFEITOS, CASTANHAS, NOZES E SIMILARES;19777;AÇÚCAR;603269;COLORAÇÃO: BRANCA, TIPO: CRISTAL;EMB;1800,0000;4,1900;7542,0000;0,0000;31/12/2026
ERN-HOSPITAL REGIONAL DEOCLÉCIO MARQUES LUC.;926787;184;Material;926787-17/2026;Equipamentos e insumos;Catálogo do Compras.gov.br;Material;8920;PRODUTOS DE PANIFICAÇÃO E CEREAIS;19690;ARROZ BENEFICIADO;458904;CLASSE: LONGO FINO, QUALIDADE: TIPO 1, SUBGRUPO: POLIDO, TIPO: AGULHINHA/BRANCO;EMB;360,0000;4,8200;1735,2000;0,0000;31/12/2026
ERN-HOSPITAL REGIONAL DEOCLÉCIO MARQUES LUC.;926787;185;Material;926787-17/2026;Equipamentos e insumos;Catálogo do Compras.gov.br;Material;8920;PRODUTOS DE PANIFICAÇÃO E CEREAIS;19720;FARINHA DE TRIGO;460265;GRUPO: DOMÉSTICO, INGREDIENTE ADICIONAL: COM FERMENTO, FORTIFICADA COM FERRO E ÁCIDO FÓLICO, TIPO: TIPO 1, ESPECIAL;EMB;228,0000;5,2200;1190,1600;0,0000;31/12/2026
ERN-HOSPITAL REGIONAL DEOCLÉCIO MARQUES LUC.;926787;186;Material;926787-17/2026;Equipamentos e insumos;Catálogo do Compras.gov.br;Material;8915;FRUTAS, VERDURAS E LEGUMES;19792;LEGUMINOSA;464552;TIPO: TIPO 1, VARIEDADE: FEIJÃO PRETO;EMB;960,0000;7,3300;7036,8000;0,0000;31/12/2026
ERN-HOSPITAL REGIONAL DEOCLÉCIO MARQUES LUC.;926787;187;Material;926787-17/2026;Equipamentos e insumos;Catálogo do Compras.gov.br;Material;8920;PRODUTOS DE PANIFICAÇÃO E CEREAIS;19691;MACARRÃO;459004;APRESENTAÇÃO: LASANHA, BASE DA MASSA: DE FARINHA DE TRIGO, INGREDIENTES ADICIONAIS: COM OVOS, TEOR DE UMIDADE: MASSA PRÉ-COZIDA, TIPO: FRESCA;EMB;72,0000;16,7500;1206,0000;0,0000;31/12/2026
ERN-HOSPITAL REGIONAL DEOCLÉCIO MARQUES LUC.;926787;188;Material;926787-17/2026;Equipamentos e insumos;Catálogo do Compras.gov.br;Material;8920;PRODUTOS DE PANIFICAÇÃO E CEREAIS;19690;ARROZ BENEFICIADO;458910;CLASSE: LONGO FINO, QUALIDADE: TIPO 1, SUBGRUPO: INTEGRAL, TIPO: PARBOILIZADO;EMB;465,0000;5,2300;2431,9500;0,0000;31/12/2026
ERN-HOSPITAL REGIONAL DEOCLÉCIO MARQUES LUC.;926787;189;Material;926787-17/2026;Equipamentos e insumos;Catálogo do Compras.gov.br;Material;8915;FRUTAS, VERDURAS E LEGUMES;19792;LEGUMINOSA;464553;TIPO: TIPO 1, VARIEDADE: FEIJÃO CARIOCA;EMB;360,0000;7,3300;2638,8000;0,0000;31/12/2026
ERN-HOSPITAL REGIONAL DEOCLÉCIO MARQUES LUC.;926787;190;Material;926787-17/2026;Equipamentos e insumos;Catálogo do Compras.gov.br;Material;8920;PRODUTOS DE PANIFICAÇÃO E CEREAIS;19691;MACARRÃO;458955;APRESENTAÇÃO: ESPAGUETE, BASE DA MASSA: DE SÊMOLA/SEMOLINA, INGREDIENTES ADICIONAIS: COM OVOS, TEOR DE UMIDADE: MASSA SECA;KG;450,0000;9,2100;4144,5000;0,0000;31/12/2026
ERN-HOSPITAL REGIONAL DEOCLÉCIO MARQUES LUC.;926787;191;Material;926787-17/2026;Equipamentos e insumos;Catálogo do Compras.gov.br;Material;8955;CAFÉ, CHÁ E CHOCOLATE;19766;CAFÉ;463593;APRESENTAÇÃO: TORRADO MOÍDO, EMPACOTAMENTO: VÁCUO, INTENSIDADE: MÉDIA, PRAZO VALIDADE MÍNIMO: 15 MESES, TIPO: TRADICIONAL;CX;930,0000;9,5100;8844,3000;0,0000;31/12/2026
ERN-HOSPITAL REGIONAL DEOCLÉCIO MARQUES LUC.;926787;192;Material;926787-17/2026;Equipamentos e insumos;Catálogo do Compras.gov.br;Material;8920;PRODUTOS DE PANIFICAÇÃO E CEREAIS;883;BISCOITO;622355;INGREDIENTES: FARINHA DE TRIGO ENRIQUECIDA COM FERRO E ACIDO, SABOR: SALGADO, TIPO: CREAM CRACKER;PCT;300,0000;4,7600;1428,0000;0,0000;31/12/2026
ERN-HOSPITAL REGIONAL DEOCLÉCIO MARQUES LUC.;926787;193;Material;926787-17/2026;Equipamentos e insumos;Catálogo do Compras.gov.br;Material;8920;PRODUTOS DE PANIFICAÇÃO E CEREAIS;883;BISCOITO;460235;CARACTERÍSTICAS ADICIONAIS: INTEGRAL E SEM RECHEIO, SABOR: SALGADO, TIPO: CREAM CRACKER;PCT;150,0000;5,6500;847,5000;0,0000;31/12/2026
ERN-HOSPITAL REGIONAL DEOCLÉCIO MARQUES LUC.;926787;194;Material;926787-17/2026;Equipamentos e insumos;Catálogo do Compras.gov.br;Material;8920;PRODUTOS DE PANIFICAÇÃO E CEREAIS;19690;ARROZ BENEFICIADO;458908;CLASSE: LONGO FINO, QUALIDADE: TIPO 1, SUBGRUPO: POLIDO, TIPO: PARBOILIZADO;EMB;1950,0000;4,7600;9282,0000;0,0000;31/12/2026
ERN-HOSPITAL REGIONAL DEOCLÉCIO MARQUES LUC.;926787;195;Material;926787-17/2026;Equipamentos e insumos;Catálogo do Compras.gov.br;Material;8920;PRODUTOS DE PANIFICAÇÃO E CEREAIS;19692;FARINHA DE MANDIOCA;458920;ACIDEZ: BAIXA ACIDEZ, ASPECTO FÍSICO: TIPO 1, CLASSE: FINA, GRUPO: SECA, SUBGRUPO: BRANCA TORRADA;EMB;624,0000;5,2100;3251,0400;0,0000;31/12/2026
ERN-HOSPITAL REGIONAL DEOCLÉCIO MARQUES LUC.;926787;196;Material;926787-17/2026;Equipamentos e insumos;Catálogo do Compras.gov.br;Material;8710;FORRAGENS E ALIMENTOS;19694;FARINHA DE MILHO;459017;APRESENTAÇÃO: PRÉ-COZIDA, CARACTERÍSTICA ADICIONAL: TRANSGÊNICO, GRÃO: AMARELO, INGREDIENTE ADICIONAL: FORTIFICADA COM FERRO E ÁCIDO FÓLICO, TIPO: FLOCADA;EMB;1560,0000;1,6600;2589,6000;0,0000;31/12/2026
ERN-HOSPITAL REGIONAL DEOCLÉCIO MARQUES LUC.;926787;197;Material;926787-17/2026;Equipamentos e insumos;Catálogo do Compras.gov.br;Material;8915;FRUTAS, VERDURAS E LEGUMES;19792;LEGUMINOSA;464567;TIPO: TIPO 1, VARIEDADE: FEIJÃO MACASSAR;EMB;273,0000;6,1200;1670,7600;0,0000;31/12/2026
ERN-HOSPITAL REGIONAL DEOCLÉCIO MARQUES LUC.;926787;198;Material;926787-17/2026;Equipamentos e insumos;Catálogo do Compras.gov.br;Material;8920;PRODUTOS DE PANIFICAÇÃO E CEREAIS;19691;MACARRÃO;458952;APRESENTAÇÃO: ESPAGUETE, BASE DA MASSA: DE FARINHA DE TRIGO, TEOR DE UMIDADE: MASSA SECA, TIPO: INTEGRAL;EMB;96,0000;13,4000;1286,4000;0,0000;31/12/2026
ERN-HOSPITAL REGIONAL DEOCLÉCIO MARQUES LUC.;926787;199;Material;926787-17/2026;Equipamentos e insumos;Catálogo do Compras.gov.br;Material;8920;PRODUTOS DE PANIFICAÇÃO E CEREAIS;19720;FARINHA DE TRIGO;465332;GRUPO: INDUSTRIAL, INGREDIENTE ADICIONAL: SEM FERMENTO, TIPO: TIPO 1, ESPECIAL;EMB;78,0000;5,2200;407,1600;0,0000;31/12/2026
ERN-HOSPITAL REGIONAL DEOCLÉCIO MARQUES LUC.;926787;200;Material;926787-17/2026;Equipamentos e insumos;Catálogo do Compras.gov.br;Material;8920;PRODUTOS DE PANIFICAÇÃO E CEREAIS;19691;MACARRÃO;458980;APRESENTAÇÃO: PARAFUSO, BASE DA MASSA: DE FARINHA DE TRIGO, INGREDIENTES ADICIONAIS: COM OVOS, TEOR DE UMIDADE: MASSA SECA;EMB;96,0000;10,9400;1050,2400;0,0000;31/12/2026
ERN-HOSPITAL REGIONAL DEOCLÉCIO MARQUES LUC.;926787;201;Material;926787-17/2026;Equipamentos e insumos;Catálogo do Compras.gov.br;Material;8920;PRODUTOS DE PANIFICAÇÃO E CEREAIS;14581;MILHO;279262;APLICAÇÃO: MUNGUNZÁ (CANJICA), TIPO: GRÃO;PCT;117,0000;2,1800;255,0600;0,0000;31/12/2026
ERN-HOSPITAL REGIONAL DEOCLÉCIO MARQUES LUC.;926787;202;Material;926787-17/2026;Equipamentos e insumos;Catálogo do Compras.gov.br;Material;8910;OVOS E LATICÍNIOS;8753;LEITE FLUIDO;445997;ORIGEM: DE VACA, PROCESSAMENTO: UHT, TEOR GORDURA: DESNATADO, TIPO: A;CX;750,0000;4,9600;3720,0000;0,0000;31/12/2026
ERN-HOSPITAL REGIONAL DEOCLÉCIO MARQUES LUC.;926787;203;Material;926787-17/2026;Equipamentos e insumos;Catálogo do Compras.gov.br;Material;8910;OVOS E LATICÍNIOS;8753;LEITE FLUIDO;445995;ORIGEM: DE VACA, PROCESSAMENTO: UHT, TEOR GORDURA: INTEGRAL, TIPO: A;CX;750,0000;4,9600;3720,0000;0,0000;31/12/2026
ERN-HOSPITAL REGIONAL DEOCLÉCIO MARQUES LUC.;926787;204;Material;926787-17/2026;Equipamentos e insumos;Catálogo do Compras.gov.br;Material;8910;OVOS E LATICÍNIOS;18653;BEBIDA LÁCTEA;469775;SABOR: LEITE FERMENTADO;EMB;900,0000;3,8100;3429,0000;0,0000;31/12/2026
ERN-HOSPITAL REGIONAL DEOCLÉCIO MARQUES LUC.;926787;205;Material;926787-17/2026;Equipamentos e insumos;Catálogo do Compras.gov.br;Material;8910;OVOS E LATICÍNIOS;18653;BEBIDA LÁCTEA;466411;APRESENTAÇÃO: SACO POLIETILENO, CARACTERÍSTICA ADICIONAIS: COM POLPA DE FRUTAS, LEITE PASTEURIZADO  INTEGRAL,, SABOR: SALADA DE FRUTAS;L;900,0000;5,1300;4617,0000;0,0000;31/12/2026
ERN-HOSPITAL REGIONAL DEOCLÉCIO MARQUES LUC.;926787;206;Material;926787-17/2026;Equipamentos e insumos;Catálogo do Compras.gov.br;Material;8910;OVOS E LATICÍNIOS;11534;QUEIJO;446654;APRESENTAÇÃO: PEÇA, ORIGEM: DE VACA, TIPO: FRESCO, VARIEDADE: RICOTA;EMB;258,0000;15,1800;3916,4400;0,0000;31/12/2026
ERN-HOSPITAL REGIONAL DEOCLÉCIO MARQUES LUC.;926787;207;Material;926787-17/2026;Equipamentos e insumos;Catálogo do Compras.gov.br;Material;8910;OVOS E LATICÍNIOS;11534;QUEIJO;446636;APRESENTAÇÃO: FATIADO, ORIGEM: DE VACA, VARIEDADE: MUÇARELA;KG;300,0000;37,6000;11280,0000;0,0000;31/12/2026
ERN-HOSPITAL REGIONAL DEOCLÉCIO MARQUES LUC.;926787;208;Material;926787-17/2026;Equipamentos e insumos;Catálogo do Compras.gov.br;Material;8915;FRUTAS, VERDURAS E LEGUMES;19790;POLPA DE FRUTA;464514;APRESENTAÇÃO: CONGELADA, TIPO: GOIABA VERMELHA;KG;660,0000;9,9000;6534,0000;0,0000;31/12/2026
ERN-HOSPITAL REGIONAL DEOCLÉCIO MARQUES LUC.;926787;209;Material;926787-17/2026;Equipamentos e insumos;Catálogo do Compras.gov.br;Material;8915;FRUTAS, VERDURAS E LEGUMES;19790;POLPA DE FRUTA;464511;APRESENTAÇÃO: CONGELADA, TIPO: CAJU;KG;660,0000;9,9500;6567,0000;0,0000;31/12/2026
ERN-HOSPITAL REGIONAL DEOCLÉCIO MARQUES LUC.;926787;210;Material;926787-17/2026;Equipamentos e insumos;Catálogo do Compras.gov.br;Material;8915;FRUTAS, VERDURAS E LEGUMES;19790;POLPA DE FRUTA;464475;APRESENTAÇÃO: CONGELADA, TIPO: MANGA;KG;660,0000;9,6900;6395,4000;0,0000;31/12/2026
ERN-HOSPITAL REGIONAL DEOCLÉCIO MARQUES LUC.;926787;211;Material;926787-17/2026;Equipamentos e insumos;Catálogo do Compras.gov.br;Material;8915;FRUTAS, VERDURAS E LEGUMES;19790;POLPA DE FRUTA;464465;APRESENTAÇÃO: CONGELADA, TIPO: UVA;KG;660,0000;12,9000;8514,0000;0,0000;31/12/2026
ERN-HOSPITAL REGIONAL DEOCLÉCIO MARQUES LUC.;926787;212;Material;926787-17/2026;Equipamentos e insumos;Catálogo do Compras.gov.br;Material;8905;CARNES, AVES E PEIXES;9382;PEIXE IN NATURA;480390;APRESENTAÇÃO: EVISCERADO, ESTADO DE CONSERVAÇÃO: CONGELADO(A), TIPO CORTE: INTEIRO, VARIEDADE: DOURADO;KG;255,0000;36,6400;9343,2000;0,0000;31/12/2026
ERN-HOSPITAL REGIONAL DEOCLÉCIO MARQUES LUC.;926787;213;Material;926787-17/2026;Equipamentos e insumos;Catálogo do Compras.gov.br;Material;8905;CARNES, AVES E PEIXES;9382;PEIXE IN NATURA;448955;APRESENTAÇÃO: COM PELE, ESTADO DE CONSERVAÇÃO: CONGELADO(A), TIPO CORTE: FILÉ, VARIEDADE: TILÁPIA;KG;270,0000;33,5000;9045,0000;0,0000;31/12/2026
ERN-HOSPITAL REGIONAL DEOCLÉCIO MARQUES LUC.;926787;214;Material;926787-17/2026;Equipamentos e insumos;Catálogo do Compras.gov.br;Material;8905;CARNES, AVES E PEIXES;9382;PEIXE IN NATURA;448922;APRESENTAÇÃO: COM PELE, ESTADO DE CONSERVAÇÃO: CONGELADO(A), TIPO CORTE: POSTA, VARIEDADE: MECA;KG;135,0000;34,5500;4664,2500;0,0000;31/12/2026
ERN-HOSPITAL REGIONAL DEOCLÉCIO MARQUES LUC.;926787;215;Material;926787-17/2026;Equipamentos e insumos;Catálogo do Compras.gov.br;Material;8905;CARNES, AVES E PEIXES;9382;PEIXE IN NATURA;448897;APRESENTAÇÃO: SEM PELE, ESTADO DE CONSERVAÇÃO: CONGELADO(A), TIPO CORTE: FILÉ, VARIEDADE: MERLUZA;KG;135,0000;26,0200;3512,7000;0,0000;31/12/2026
ERN-HOSPITAL REGIONAL DEOCLÉCIO MARQUES LUC.;926787;216;Material;926787-17/2026;Equipamentos e insumos;Catálogo do Compras.gov.br;Material;8905;CARNES, AVES E PEIXES;9382;PEIXE IN NATURA;448905;APRESENTAÇÃO: COM PELE, ESTADO DE CONSERVAÇÃO: CONGELADO(A), TIPO CORTE: POSTA, VARIEDADE: CAVALA;KG;290,0000;33,5000;9715,0000;0,0000;31/12/2026
ERN-HOSPITAL REGIONAL DEOCLÉCIO MARQUES LUC.;926787;217;Material;926787-17/2026;Equipamentos e insumos;Catálogo do Compras.gov.br;Material;8905;CARNES, AVES E PEIXES;4550;CARNE DE AVE IN NATURA;447636;APRESENTAÇÃO: INTEIRO, ESTADO DE CONSERVAÇÃO: CONGELADO(A), PROCESSAMENTO: COM PELE, COM OSSO, TIPO ANIMAL: FRANGO, TIPO CORTE: COXA E SOBRECOXA;KG;1500,0000;9,5000;14250,0000;0,0000;31/12/2026
ERN-HOSPITAL REGIONAL DEOCLÉCIO MARQUES LUC.;926787;218;Material;926787-17/2026;Equipamentos e insumos;Catálogo do Compras.gov.br;Material;8905;CARNES, AVES E PEIXES;4550;CARNE DE AVE IN NATURA;447618;APRESENTAÇÃO: INTEIRO, ESTADO DE CONSERVAÇÃO: CONGELADO(A), PROCESSAMENTO: SEM PELE, SEM OSSO, TIPO ANIMAL: FRANGO, TIPO CORTE: FILEZINHO (SASSAMI);KG;1200,0000;18,8300;22596,0000;0,0000;31/12/2026
ERN-HOSPITAL REGIONAL DEOCLÉCIO MARQUES LUC.;926787;219;Material;926787-17/2026;Equipamentos e insumos;Catálogo do Compras.gov.br;Material;8905;CARNES, AVES E PEIXES;4550;CARNE DE AVE IN NATURA;447596;APRESENTAÇÃO: INTEIRO, ESTADO DE CONSERVAÇÃO: CONGELADO(A), PROCESSAMENTO: COM PELE, COM OSSO, TIPO ANIMAL: FRANGO, TIPO CORTE: PEITO;KG;1050,0000;14,1300;14836,5000;0,0000;31/12/2026
ERN-HOSPITAL REGIONAL DEOCLÉCIO MARQUES LUC.;926787;220;Material;926787-17/2026;Equipamentos e insumos;Catálogo do Compras.gov.br;Material;8910;OVOS E LATICÍNIOS;8753;LEITE FLUIDO;446005;ORIGEM: DE VACA, PROCESSAMENTO: PASTEURIZADO, TEOR GORDURA: INTEGRAL, TIPO: C;SC;1200,0000;5,4000;6480,0000;0,0000;31/12/2026
ERN-HOSPITAL REGIONAL DEOCLÉCIO MARQUES LUC.;926787;221;Material;926787-17/2026;Equipamentos e insumos;Catálogo do Compras.gov.br;Material;8905;CARNES, AVES E PEIXES;4548;CARNE BOVINA IN NATURA;448214;APRESENTAÇÃO: FATIADA EM BIFE, ESTADO DE CONSERVAÇÃO: CONGELADO(A), TIPO CORTE: COXÃO MOLE;KG;1050,0000;33,4000;35070,0000;0,0000;31/12/2026
ERN-HOSPITAL REGIONAL DEOCLÉCIO MARQUES LUC.;926787;222;Material;926787-17/2026;Equipamentos e insumos;Catálogo do Compras.gov.br;Material;8905;CARNES, AVES E PEIXES;4548;CARNE BOVINA IN NATURA;448169;APRESENTAÇÃO: CORTADA EM TIRAS, ESTADO DE CONSERVAÇÃO: CONGELADO(A), TIPO CORTE: COXÃO MOLE;KG;1050,0000;30,6700;32203,5000;0,0000;31/12/2026
ERN-HOSPITAL REGIONAL DEOCLÉCIO MARQUES LUC.;926787;223;Material;926787-17/2026;Equipamentos e insumos;Catálogo do Compras.gov.br;Material;8905;CARNES, AVES E PEIXES;4548;CARNE BOVINA IN NATURA;447498;APRESENTAÇÃO: MOIDA, ESTADO DE CONSERVAÇÃO: CONGELADO(A), TIPO CORTE: MÚSCULO TRASEIRO;KG;600,0000;23,9700;14382,0000;0,0000;31/12/2026
ERN-HOSPITAL REGIONAL DEOCLÉCIO MARQUES LUC.;926787;224;Material;926787-17/2026;Equipamentos e insumos;Catálogo do Compras.gov.br;Material;8905;CARNES, AVES E PEIXES;4548;CARNE BOVINA IN NATURA;447443;APRESENTAÇÃO: CORTADA, ESTADO DE CONSERVAÇÃO: CONGELADO(A), TIPO CORTE: LAGARTO;KG;1200,0000;32,8700;39444,0000;0,0000;31/12/2026
ERN-HOSPITAL REGIONAL DEOCLÉCIO MARQUES LUC.;926787;225;Material;926787-17/2026;Equipamentos e insumos;Catálogo do Compras.gov.br;Material;8905;CARNES, AVES E PEIXES;4548;CARNE BOVINA IN NATURA;447438;APRESENTAÇÃO: CORTADA EM CUBOS, ESTADO DE CONSERVAÇÃO: RESFRIADO(A), TIPO CORTE: COXÃO DURO;KG;1050,0000;33,4000;35070,0000;0,0000;31/12/2026
ERN-HOSPITAL REGIONAL DEOCLÉCIO MARQUES LUC.;926787;226;Material;926787-17/2026;Equipamentos e insumos;Catálogo do Compras.gov.br;Material;8905;CARNES, AVES E PEIXES;4548;CARNE BOVINA IN NATURA;447414;APRESENTAÇÃO: PEDAÇO, ESTADO DE CONSERVAÇÃO: CONGELADO(A), TIPO CORTE: COSTELA;KG;275,0000;23,0300;6333,2500;0,0000;31/12/2026
ERN-HOSPITAL REGIONAL DEOCLÉCIO MARQUES LUC.;926787;227;Material;926787-17/2026;Equipamentos e insumos;Catálogo do Compras.gov.br;Material;8905;CARNES, AVES E PEIXES;3267;CARNE SALGADA;447734;APRESENTAÇÃO: EM MANTAS, ESTADO DE CONSERVAÇÃO: SECO(A), ORIGEM: BOVINA, TIPO CORTE: PONTA DE AGULHA - CHARQUE;KG;180,0000;31,3000;5634,0000;0,0000;31/12/2026
ERN-HOSPITAL REGIONAL DEOCLÉCIO MARQUES LUC.;926787;228;Material;926787-17/2026;Equipamentos e insumos;Catálogo do Compras.gov.br;Material;8905;CARNES, AVES E PEIXES;3267;CARNE SALGADA;451065;APRESENTAÇÃO: CORTADA EM CUBOS, ESTADO DE CONSERVAÇÃO: RESFRIADO(A), ORIGEM: BOVINA, TIPO CORTE: COXÃO MOLE;KG;1200,0000;36,3300;43596,0000;0,0000;31/12/2026
ERN-HOSPITAL REGIONAL DEOCLÉCIO MARQUES LUC.;926787;229;Material;926787-17/2026;Equipamentos e insumos;Catálogo do Compras.gov.br;Material;8910;OVOS E LATICÍNIOS;836;COALHADA;278946;CARACTERÍSTICAS ADICIONAIS: LIGHT, SEMI-DESNATADO, CULTURA LÁCTEA, ASPARTAME C, INGREDIENTES: LEITE PASTEURIZADO, PESO: 120, TIPO EMBALAGEM: COPO PLÁSTICO;UN;1200,0000;2,5100;3012,0000;0,0000;31/12/2026
ERN-HOSPITAL REGIONAL DEOCLÉCIO MARQUES LUC.;926787;230;Material;926787-17/2026;Equipamentos e insumos;Catálogo do Compras.gov.br;Material;8910;OVOS E LATICÍNIOS;19586;OVO;446619;CLASSE: A, GRUPO: BRANCO, ORIGEM: GALINHA, TIPO: MÉDIO;UN;12000,0000;0,5000;6000,0000;0,0000;31/12/2026
ERN-HOSPITAL REGIONAL DEOCLÉCIO MARQUES LUC.;926787;231;Material;926787-17/2026;Equipamentos e insumos;Catálogo do Compras.gov.br;Material;7340;CUTELARIA E TALHERES;1142;COLHER MESA;437924;CARACTERÍSTICAS ADICIONAIS: LISA E POLIDA, COMPRIMENTO: 20, ESPESSURA: 3, MATERIAL CABO: AÇO INOXIDÁVEL, MATERIAL CORPO: AÇO INOXIDÁVEL, TIPO: SOBREMESA;UN;200,0000;3,9900;798,0000;0,0000;31/12/2026
ERN-HOSPITAL REGIONAL DEOCLÉCIO MARQUES LUC.;926787;232;Material;926787-17/2026;Equipamentos e insumos;Catálogo do Compras.gov.br;Material;7340;CUTELARIA E TALHERES;1142;COLHER MESA;274113;CARACTERÍSTICAS ADICIONAIS: LISA E POLIDA,COMPRIMENTO 23 CM E ESPESSURA 3 MM, MATERIAL CABO: AÇO INOXIDÁVEL, MATERIAL CORPO: AÇO INOXIDÁVEL;UN;200,0000;5,9900;1198,0000;0,0000;31/12/2026
ERN-HOSPITAL REGIONAL DEOCLÉCIO MARQUES LUC.;926787;233;Material;926787-17/2026;Equipamentos e insumos;Catálogo do Compras.gov.br;Material;7340;CUTELARIA E TALHERES;7276;FACA;465713;APLICAÇÃO: MESA, MATERIAL CABO: AÇO INOXIDÁVEL, MATERIAL LÂMINA: AÇO INOXIDÁVEL, TAMANHO: 257 X 26 X 3 MM, TIPO: SERRILHADA;UN;200,0000;5,9900;1198,0000;0,0000;31/12/2026
ERN-HOSPITAL REGIONAL DEOCLÉCIO MARQUES LUC.;926787;234;Material;926787-17/2026;Equipamentos e insumos;Catálogo do Compras.gov.br;Material;8940;ALIMENTOS ESPECIAIS DIETÉTICOS E PREPARADOS ALIMENTÍCIOS;926;ADOÇANTE;625668;ASPECTO FÍSICO: LÍQUIDO TRANSPARENTE, CARACTERÍSTICAS ADICIONAIS: BICO DOSADOR, INGREDIENTES: SUCRALOSE, PRAZO VALIDADE: 2, TIPO: DIETÉTICO;FR;80,0000;16,5500;1324,0000;0,0000;31/12/2026
ERN-HOSPITAL REGIONAL DEOCLÉCIO MARQUES LUC.;926787;235;Material;926787-17/2026;Equipamentos e insumos;Catálogo do Compras.gov.br;Material;8940;ALIMENTOS ESPECIAIS DIETÉTICOS E PREPARADOS ALIMENTÍCIOS;926;ADOÇANTE;467178;ASPECTO FÍSICO: PÓ FINO BRANCO, INGREDIENTES: SACARINA SÓDICA, TIPO: DIETÉTICO;CX;4,0000;84,7600;339,0400;0,0000;31/12/2026
ERN-HOSPITAL REGIONAL DEOCLÉCIO MARQUES LUC.;926787;236;Material;926787-17/2026;Equipamentos e insumos;Catálogo do Compras.gov.br;Material;8950;CONDIMENTOS E PRODUTOS CORRELATOS;852;SAL;291893;APLICAÇÃO: ALIMENTÍCIA, CARACTERÍSTICAS ADICIONAIS: TEOR MÍNIMO CLORETO DE SÓDIO 98,5%, TIPO: REFINADO;SC;270,0000;1,5000;405,0000;0,0000;31/12/2026
ERN-HOSPITAL REGIONAL DEOCLÉCIO MARQUES LUC.;926787;237;Material;926787-17/2026;Equipamentos e insumos;Catálogo do Compras.gov.br;Material;8950;CONDIMENTOS E PRODUTOS CORRELATOS;852;SAL;291893;APLICAÇÃO: ALIMENTÍCIA, CARACTERÍSTICAS ADICIONAIS: TEOR MÍNIMO CLORETO DE SÓDIO 98,5%, TIPO: REFINADO;CX;4,0000;31,5000;126,0000;0,0000;31/12/2026
ERN-HOSPITAL REGIONAL DEOCLÉCIO MARQUES LUC.;926787;238;Material;926787-17/2026;Equipamentos e insumos;Catálogo do Compras.gov.br;Material;8920;PRODUTOS DE PANIFICAÇÃO E CEREAIS;19712;FERMENTO;459586;APRESENTAÇÃO: PÓ, TIPO: QUÍMICO;EMB;50,0000;7,9900;399,5000;0,0000;31/12/2026
ERN-HOSPITAL REGIONAL DEOCLÉCIO MARQUES LUC.;926787;239;Material;926787-17/2026;Equipamentos e insumos;Catálogo do Compras.gov.br;Material;8955;CAFÉ, CHÁ E CHOCOLATE;4805;CHÁ ALIMENTAÇÃO;353666;APRESENTAÇÃO: SAQUINHO COM 1 GRAMA, TIPO: ERVA CIDREIRA;CX;120,0000;3,9900;478,8000;0,0000;31/12/2026
ERN-HOSPITAL REGIONAL DEOCLÉCIO MARQUES LUC.;926787;240;Material;926787-17/2026;Equipamentos e insumos;Catálogo do Compras.gov.br;Material;8955;CAFÉ, CHÁ E CHOCOLATE;4805;CHÁ ALIMENTAÇÃO;353665;APRESENTAÇÃO: SAQUINHO COM 1 GRAMA, TIPO: CAMOMILA;CX;120,0000;3,9900;478,8000;0,0000;31/12/2026
ERN-HOSPITAL REGIONAL DEOCLÉCIO MARQUES LUC.;926787;241;Material;926787-17/2026;Equipamentos e insumos;Catálogo do Compras.gov.br;Material;8955;CAFÉ, CHÁ E CHOCOLATE;4805;CHÁ ALIMENTAÇÃO;353664;APRESENTAÇÃO: SAQUINHO COM 1 GRAMA, TIPO: HORTELÃ;CX;120,0000;3,9900;478,8000;0,0000;31/12/2026
ERN-HOSPITAL REGIONAL DEOCLÉCIO MARQUES LUC.;926787;242;Material;926787-17/2026;Equipamentos e insumos;Catálogo do Compras.gov.br;Material;8955;CAFÉ, CHÁ E CHOCOLATE;4805;CHÁ ALIMENTAÇÃO;245189;TIPO: ERVA DOCE, USO: ALIMENTÍCIO;CX;120,0000;3,9900;478,8000;0,0000;31/12/2026
ERN-HOSPITAL REGIONAL DEOCLÉCIO MARQUES LUC.;926787;243;Material;926787-17/2026;Equipamentos e insumos;Catálogo do Compras.gov.br;Material;8955;CAFÉ, CHÁ E CHOCOLATE;4805;CHÁ ALIMENTAÇÃO;242771;SABOR: NATURAL, TIPO: CHÁ DE BOLDO, USO: ALIMENTÍCIO;CX;120,0000;3,9900;478,8000;0,0000;31/12/2026
ERN-HOSPITAL REGIONAL DEOCLÉCIO MARQUES LUC.;926787;244;Material;926787-17/2026;Equipamentos e insumos;Catálogo do Compras.gov.br;Material;8950;CONDIMENTOS E PRODUTOS CORRELATOS;19774;CONDIMENTO;482951;ADICIONAL: DESIDRATADO, APRESENTAÇÃO: CASCA, TIPO: CANELA;EMB;50,0000;9,9000;495,0000;0,0000;31/12/2026
ERN-HOSPITAL REGIONAL DEOCLÉCIO MARQUES LUC.;926787;245;Material;926787-17/2026;Equipamentos e insumos;Catálogo do Compras.gov.br;Material;8950;CONDIMENTOS E PRODUTOS CORRELATOS;19774;CONDIMENTO;480241;ADICIONAL: DESIDRATADO, APRESENTAÇÃO: EM PISTILO, TIPO: AÇAFRÃO;EMB;50,0000;7,9000;395,0000;0,0000;31/12/2026
ERN-HOSPITAL REGIONAL DEOCLÉCIO MARQUES LUC.;926787;246;Material;926787-17/2026;Equipamentos e insumos;Catálogo do Compras.gov.br;Material;8950;CONDIMENTOS E PRODUTOS CORRELATOS;19774;CONDIMENTO;463904;APRESENTAÇÃO: FOLHA, TIPO: LOURO;EMB;50,0000;3,5000;175,0000;0,0000;31/12/2026
ERN-HOSPITAL REGIONAL DEOCLÉCIO MARQUES LUC.;926787;247;Material;926787-17/2026;Equipamentos e insumos;Catálogo do Compras.gov.br;Material;8950;CONDIMENTOS E PRODUTOS CORRELATOS;19774;CONDIMENTO;463937;APRESENTAÇÃO: PÓ, TIPO: URUCUM;EMB;300,0000;2,5900;777,0000;0,0000;31/12/2026
ERN-HOSPITAL REGIONAL DEOCLÉCIO MARQUES LUC.;926787;248;Material;926787-17/2026;Equipamentos e insumos;Catálogo do Compras.gov.br;Material;8710;FORRAGENS E ALIMENTOS;10213;ÓLEO VEGETAL;416665;MATÉRIA PRIMA: SOJA, TIPO: DEGOMADO;EMB;270,0000;7,5900;2049,3000;0,0000;31/12/2026
ERN-HOSPITAL REGIONAL DEOCLÉCIO MARQUES LUC.;926787;249;Material;926787-17/2026;Equipamentos e insumos;Catálogo do Compras.gov.br;Material;8945;ÓLEOS E GORDURAS COMESTÍVEIS;19768;AZEITE;463696;ESPÉCIE VEGETAL: DE OLIVA, TEOR DA ACIDEZ: EXTRAVIRGEM - MENOR QUE 0,8%, TIPO: PURO;EMB;90,0000;45,0000;4050,0000;0,0000;31/12/2026
ERN-HOSPITAL REGIONAL DEOCLÉCIO MARQUES LUC.;926787;250;Material;926787-17/2026;Equipamentos e insumos;Catálogo do Compras.gov.br;Material;8920;PRODUTOS DE PANIFICAÇÃO E CEREAIS;19722;AVEIA BENEFICIADA;460501;APRESENTAÇÃO: EM FLOCOS FINOS, CLASSE: BRANCA, PRESENÇA DE GLÚTEN: CONTÉM GLÚTEN;EMB;650,0000;2,9900;1943,5000;0,0000;31/12/2026
ERN-HOSPITAL REGIONAL DEOCLÉCIO MARQUES LUC.;926787;251;Material;926787-17/2026;Equipamentos e insumos;Catálogo do Compras.gov.br;Material;8920;PRODUTOS DE PANIFICAÇÃO E CEREAIS;13884;FARINHA ARROZ;401263;CARACTERÍSTICAS ADICIONAIS: ADICIONADO DE VITAMINAS E MINERAIS, INGREDIENTE: FARINHA DE ARROZ E AVEIA;LT;650,0000;6,8000;4420,0000;0,0000;31/12/2026
ERN-HOSPITAL REGIONAL DEOCLÉCIO MARQUES LUC.;926787;252;Material;926787-17/2026;Equipamentos e insumos;Catálogo do Compras.gov.br;Material;8920;PRODUTOS DE PANIFICAÇÃO E CEREAIS;13884;FARINHA ARROZ;433827;CARACTERÍSTICAS ADICIONAIS: MASSA ALIMENTÍCIA, COR: BRANCA, INGREDIENTE: ARROZ, TIPO: SECA;LT;650,0000;7,2000;4680,0000;0,0000;31/12/2026
ERN-HOSPITAL REGIONAL DEOCLÉCIO MARQUES LUC.;926787;253;Material;926787-17/2026;Equipamentos e insumos;Catálogo do Compras.gov.br;Material;8945;ÓLEOS E GORDURAS COMESTÍVEIS;19769;GORDURA VEGETAL;463699;COMPOSIÇÃO BÁSICA: MÍNIMO DE 80% DE GORDURA, SABOR: COM SAL, SUBTIPO: CREMOSA, TIPO: MARGARINA;EMB;350,0000;31,9900;11196,5000;0,0000;31/12/2026
ERN-HOSPITAL REGIONAL DEOCLÉCIO MARQUES LUC.;926787;254;Material;926787-17/2026;Equipamentos e insumos;Catálogo do Compras.gov.br;Material;8920;PRODUTOS DE PANIFICAÇÃO E CEREAIS;883;BISCOITO;605938;SABOR: MAIZENA, TIPO: SEM RECHEIO;PCT;550,0000;6,9500;3822,5000;0,0000;31/12/2026
ERN-HOSPITAL REGIONAL DEOCLÉCIO MARQUES LUC.;926787;256;Material;926787-16/2026;Medicamentos e insumos;Catálogo do Compras.gov.br;Material;6515;INSTRUMENTOS, EQUIPAMENTOS E SUPRIMENTOS MÉDICOS  E  CIRÚRGICOS;;;;;-;0,0000;0,0000;6000000,0000;0,0000;31/12/2026
ERN-HOSPITAL REGIONAL DEOCLÉCIO MARQUES LUC.;926787;257;Soluções de TIC;926787-15/2026;Serviços de remanufatura de tonner;Catálogo do Compras.gov.br;Serviço;168;SERVIÇOS AUXILIARES DE TECNOLOGIA DA INFORMAÇÃO  E  COMUNICAÇÃO (TIC);;;27260;SERVIÇOS AUXILIARES DE TECNOLOGIA INFORMAÇÃO E COMUNICAÇÃO;-;12,0000;3462,5000;41550,0000;0,0000;31/12/2026
ERN-HOSPITAL REGIONAL DEOCLÉCIO MARQUES LUC.;926787;258;Material;926787-14/2026;Equipamentos;Catálogo do Compras.gov.br;Material;3920;EQUIPAMENTOS NÃO AUTOPROPULSIONADO PARA MOVIMENTAÇÃO  DE  MATERIAIS;10315;PALETEIRA;444101;ALTURA GARFO ABAIXADO: 80, ALTURA GARFO ELEVADO: 200, APLICAÇÃO: TRANSPORTE CARGA, CAPACIDADE CARGA: 3.000, CARACTERÍSTICAS ADICIONAIS: ELEVAÇÃO HIDRÁULICA E CONTROLE MANUAL, COMPRIMENTO GARFO: 1.220, LARGURA GARFO: 685, MATERIAL: AÇO, MATERIAL RODA: NYLON, TIPO: RODÍZIOS DUPLOS;UN;1,0000;2847,9000;2847,9000;0,0000;31/12/2026
ERN-HOSPITAL REGIONAL DEOCLÉCIO MARQUES LUC.;926787;259;Serviço;926787-13/2026;Serviços de manutenção;Catálogo do Compras.gov.br;Serviço;871;SERVIÇOS DE MANUTENÇÃO E REPARO DE PRODUTOS FABRICADOS DE METAL,MAQUINARIA E EQUIPAMENTOS;;;3492;AR CONDICIONADO - MANUTENÇÃO DE APARELHOS DE PAREDE;-;12,0000;39450,0000;473400,0000;0,0000;31/12/2026
ERN-HOSPITAL REGIONAL DEOCLÉCIO MARQUES LUC.;926787;260;Serviço;926787-13/2026;Serviços de manutenção;Catálogo do Compras.gov.br;Serviço;871;SERVIÇOS DE MANUTENÇÃO E REPARO DE PRODUTOS FABRICADOS DE METAL,MAQUINARIA E EQUIPAMENTOS;;;3670;MANUTENÇÃO DE EQUIPAMENTOS DE COZINHA INDUSTRIAL;-;12,0000;3000,0000;36000,0000;0,0000;31/12/2026
ERN-HOSPITAL REGIONAL DEOCLÉCIO MARQUES LUC.;926787;261;Serviço;926787-13/2026;Serviços de manutenção;Catálogo do Compras.gov.br;Serviço;871;SERVIÇOS DE MANUTENÇÃO E REPARO DE PRODUTOS FABRICADOS DE METAL,MAQUINARIA E EQUIPAMENTOS;;;;;-;0,0000;0,0000;60000,0000;0,0000;31/12/2026
ERN-HOSPITAL REGIONAL DEOCLÉCIO MARQUES LUC.;926787;262;Serviço;926787-12/2026;Serviços de manutenção;Catálogo do Compras.gov.br;Serviço;166;SERVIÇOS DE MANUTENÇÃO E INSTALAÇÃO DE EQUIPAMENTOS DE TIC;;;5720;MANUTENÇÃO DE APARELHO DE RAIO - X (EXCETO OS DE USO MÉDICO-HOSPITALAR);-;12,0000;3637,5000;43650,0000;0,0000;31/12/2026
ERN-HOSPITAL REGIONAL DEOCLÉCIO MARQUES LUC.;926787;263;Serviço;926787-12/2026;Serviços de manutenção;Catálogo do Compras.gov.br;Serviço;871;SERVIÇOS DE MANUTENÇÃO E REPARO DE PRODUTOS FABRICADOS DE METAL,MAQUINARIA E EQUIPAMENTOS;;;5428;MANUTENÇÃO APARELHOS MÉDICOS - HOSPITALARES;-;12,0000;9912,0000;118944,0000;0,0000;31/12/2026
ERN-HOSPITAL REGIONAL DEOCLÉCIO MARQUES LUC.;926787;264;Serviço;926787-12/2026;Serviços de manutenção;Catálogo do Compras.gov.br;Serviço;871;SERVIÇOS DE MANUTENÇÃO E REPARO DE PRODUTOS FABRICADOS DE METAL,MAQUINARIA E EQUIPAMENTOS;;;5428;MANUTENÇÃO APARELHOS MÉDICOS - HOSPITALARES;-;12,0000;1915,0000;22980,0000;0,0000;31/12/2026
ERN-HOSPITAL REGIONAL DEOCLÉCIO MARQUES LUC.;926787;265;Serviço;926787-12/2026;Serviços de manutenção;Catálogo do Compras.gov.br;Serviço;871;SERVIÇOS DE MANUTENÇÃO E REPARO DE PRODUTOS FABRICADOS DE METAL,MAQUINARIA E EQUIPAMENTOS;;;2461;MANUTENÇÃO DE AUTOCLAVES;-;12,0000;7391,5000;88698,0000;0,0000;31/12/2026
ERN-HOSPITAL REGIONAL DEOCLÉCIO MARQUES LUC.;926787;266;Material;926787-11/2026;Materiais diversos;Catálogo do Compras.gov.br;Material;6532;VESTUÁRIO HOSPITALAR E CIRÚRGICO E ITENS CORRELATOS DE  FINALIDADES ESPECIAIS;8774;LENÇOL DESCARTÁVEL USO HOSPITALAR;481807;APRESENTAÇÃO 1: EM ROLO, DIMENSOES: CERCA DE 70 CM X 50 M, GRAMATURA 1: CERCA DE 40, MATERIA PRIMA: 100% POLIPROPILENO, NÃO TECIDO TNT;UN;2000,0000;13,5900;27180,0000;0,0000;31/12/2026
ERN-HOSPITAL REGIONAL DEOCLÉCIO MARQUES LUC.;926787;267;Material;926787-11/2026;Materiais diversos;Catálogo do Compras.gov.br;Material;6532;VESTUÁRIO HOSPITALAR E CIRÚRGICO E ITENS CORRELATOS DE  FINALIDADES ESPECIAIS;30093;AVENTAL CIRÚRGICO - PARAMENTAÇÃO;616038;ADICIONAL: C/ TOALHA DE MÃO, CARACTERÍSTICA: CARTÃO DE FECHAMENTO ASSÉPTICO, EMBALAGEM: EMBALAGEM INDIVIDUAL, ESTERILIDADE: ESTÉRIL, USO ÚNICO, GRAMATURA: CERCA DE 40, MATERIAL: NÃO TECIDO 100% POLIPROPILENO - TIPO SMS, MODELO MANGA: LONGA C/ PUNHO EM MALHA, PROPRIEDADE: HIDROREPELENTE, TAMANHO: EXTRA GRANDE (XG), TIPO DE BARREIRA: C/ BARREIRA BACTERIANA, TIPO FECHAMENTO: POSTERIOR P/ PESCOÇO E CINTURA;UN;1440,0000;12,8300;18475,2000;0,0000;31/12/2026
ERN-HOSPITAL REGIONAL DEOCLÉCIO MARQUES LUC.;926787;268;Material;926787-11/2026;Materiais diversos;Catálogo do Compras.gov.br;Material;4020;CABOS DE FIBRA, CORDOALHAS E BARBANTES;7613;FITILHO;463459;CARACTERÍSTICAS ADICIONAIS: LARGURA 10MM, COR: VARIADA, MATERIAL: POLIPROPILENO;UN;5,0000;6,0000;30,0000;0,0000;31/12/2026
ERN-HOSPITAL REGIONAL DEOCLÉCIO MARQUES LUC.;926787;269;Material;926787-11/2026;Materiais diversos;Catálogo do Compras.gov.br;Material;6532;VESTUÁRIO HOSPITALAR E CIRÚRGICO E ITENS CORRELATOS DE  FINALIDADES ESPECIAIS;30107;CAMPO CIRÚRGICO;607027;COR: C/ COR, DIMENSÕES: CERCA DE 125 X 125, ESTERILIDADE: ESTERILIZÁVEL, GRAMATURA: MÍNIMO DE 260, MATERIAL: 100% ALGODÃO, MODELO: DUPLO;UN;400,0000;45,2500;18100,0000;0,0000;31/12/2026
ERN-HOSPITAL REGIONAL DEOCLÉCIO MARQUES LUC.;926787;270;Material;926787-11/2026;Materiais diversos;Catálogo do Compras.gov.br;Material;6532;VESTUÁRIO HOSPITALAR E CIRÚRGICO E ITENS CORRELATOS DE  FINALIDADES ESPECIAIS;30095;VESTIMENTA HOSPITALAR;605069;BOLSO: NA BLUSA E NA CALÇA, CARACTERÍSTICA: C/ COR, UNISSEX, CARACTERÍSTICA BERMUDA / CALÇA: AJUSTÁVEL, ESTERILIDADE: REUTILIZÁVEL, GRAMATURA: MÍNIMO DE 260, MATERIAL: 100% ALGODÃO, TAMANHO: ADULTO PEQUENO (P), TIPO: CALÇA E BLUSA, TIPO MANGA: CURTA;UN;250,0000;66,8300;16707,5000;0,0000;31/12/2026
ERN-HOSPITAL REGIONAL DEOCLÉCIO MARQUES LUC.;926787;271;Material;926787-11/2026;Materiais diversos;Catálogo do Compras.gov.br;Material;6532;VESTUÁRIO HOSPITALAR E CIRÚRGICO E ITENS CORRELATOS DE  FINALIDADES ESPECIAIS;19713;LENÇOL CAMA;617741;CARACTERÍSTICAS ADICIONAIS: CONFORME MODELO E PADRONAGEM DO ÓRGÃO., COR: BRANCO, MATERIAL: 100% ALGODÃO, MEDIDAS MÍNIMAS ( C X L ): 140 X 260;UN;1500,0000;30,2500;45375,0000;0,0000;31/12/2026
ERN-HOSPITAL REGIONAL DEOCLÉCIO MARQUES LUC.;926787;272;Material;926787-11/2026;Materiais diversos;Catálogo do Compras.gov.br;Material;6532;VESTUÁRIO HOSPITALAR E CIRÚRGICO E ITENS CORRELATOS DE  FINALIDADES ESPECIAIS;30107;CAMPO CIRÚRGICO;606982;COR: C/ COR, DIMENSÕES: CERCA DE 100 X 100, ESTERILIDADE: ESTERILIZÁVEL, GRAMATURA: MÍNIMO DE 260, MATERIAL: 100% ALGODÃO, MODELO: SIMPLES;UN;200,0000;17,9000;3580,0000;0,0000;31/12/2026
ERN-HOSPITAL REGIONAL DEOCLÉCIO MARQUES LUC.;926787;273;Material;926787-11/2026;Materiais diversos;Catálogo do Compras.gov.br;Material;6532;VESTUÁRIO HOSPITALAR E CIRÚRGICO E ITENS CORRELATOS DE  FINALIDADES ESPECIAIS;19713;LENÇOL CAMA;459558;CARACTERÍSTICAS ADICIONAIS: LENÇOL DUPLO, COR: BRANCO, GRAMATURA MÍNIMA: 200, IMPRESSÃO: PERSONALIZADA E RESISTENTE A LAVAGEM INDUSTRIAL, MATERIAL: 100% ALGODÃO, MEDIDAS MÍNIMAS ( C X L ): 1,32 X 0,62;UN;1000,0000;75,0000;75000,0000;0,0000;31/12/2026
ERN-HOSPITAL REGIONAL DEOCLÉCIO MARQUES LUC.;926787;274;Material;926787-11/2026;Materiais diversos;Catálogo do Compras.gov.br;Material;7230;TAPEÇARIAS, CORTINAS E PERSIANAS;5933;CORTINA;601495;ALTURA: 1,80, APLICAÇÃO: USO HOSPITALAR, CARACTERÍSTICAS ADICIONAIS: ANTIBACTERIANA, ANTIFÚNGICO, ANTICHAMA, COR: VERDE BANDEIRA, LARGURA: 2,20, MATERIAL: VINIL;UN;30,0000;223,0000;6690,0000;0,0000;31/12/2026
ERN-HOSPITAL REGIONAL DEOCLÉCIO MARQUES LUC.;926787;275;Material;926787-11/2026;Materiais diversos;Catálogo do Compras.gov.br;Material;6532;VESTUÁRIO HOSPITALAR E CIRÚRGICO E ITENS CORRELATOS DE  FINALIDADES ESPECIAIS;30107;CAMPO CIRÚRGICO;607004;COR: C/ COR, DIMENSÕES: CERCA DE 100 X 100, ESTERILIDADE: ESTERILIZÁVEL, GRAMATURA: MÍNIMO DE 200, MATERIAL: 100% ALGODÃO, MODELO: DUPLO;UN;200,0000;30,9000;6180,0000;0,0000;31/12/2026
ERN-HOSPITAL REGIONAL DEOCLÉCIO MARQUES LUC.;926787;276;Material;926787-11/2026;Materiais diversos;Catálogo do Compras.gov.br;Material;8420;ROUPAS ÍNTIMAS E PARA DORMIR, MASCULINAS;1406;PIJAMA;222228;ACABAMENTO CINTURA: COM CADARÇO, ACABAMENTO PERNA: SEM RIBANA, MATERIAL: ALGODÃO, TAMANHO: MÉDIO, TIPO GOLA: DECOTE "V", TIPO MANGA CAMISA: CURTA;UN;200,0000;137,9500;27590,0000;0,0000;31/12/2026
ERN-HOSPITAL REGIONAL DEOCLÉCIO MARQUES LUC.;926787;277;Material;926787-11/2026;Materiais diversos;Catálogo do Compras.gov.br;Material;6532;VESTUÁRIO HOSPITALAR E CIRÚRGICO E ITENS CORRELATOS DE  FINALIDADES ESPECIAIS;30107;CAMPO CIRÚRGICO;607025;COR: C/ COR, DIMENSÕES: CERCA DE 75 X 75, ESTERILIDADE: ESTERILIZÁVEL, GRAMATURA: MÍNIMO DE 260, MATERIAL: 100% ALGODÃO, MODELO: DUPLO;UN;200,0000;21,2500;4250,0000;0,0000;31/12/2026
ERN-HOSPITAL REGIONAL DEOCLÉCIO MARQUES LUC.;926787;278;Material;926787-11/2026;Materiais diversos;Catálogo do Compras.gov.br;Material;8420;ROUPAS ÍNTIMAS E PARA DORMIR, MASCULINAS;1406;PIJAMA;222226;ACABAMENTO CINTURA: COM CADARÇO, ACABAMENTO PERNA: SEM RIBANA, MATERIAL: ALGODÃO, TAMANHO: GRANDE, TIPO GOLA: DECOTE "V", TIPO MANGA CAMISA: CURTA;UN;200,0000;137,9500;27590,0000;0,0000;31/12/2026
ERN-HOSPITAL REGIONAL DEOCLÉCIO MARQUES LUC.;926787;279;Material;926787-11/2026;Materiais diversos;Catálogo do Compras.gov.br;Material;7540;FORMULÁRIOS PADRONIZADOS;201;LIVRO PROTOCOLO;616483;CARACTERÍSTICAS ADICIONAIS: IMPRESSO CONFORME MODELO, COMPRIMENTO: 335, GRAMATURA FOLHAS: 75, LARGURA: 345, MATERIAL FOLHAS: PAPEL OFSETE, QUANTIDADE FOLHAS: 100, TIPO CAPA: DURA;UN;10,0000;55,0000;550,0000;0,0000;31/12/2026
ERN-HOSPITAL REGIONAL DEOCLÉCIO MARQUES LUC.;926787;280;Material;926787-11/2026;Materiais diversos;Catálogo do Compras.gov.br;Material;7540;FORMULÁRIOS PADRONIZADOS;200;LIVRO ATA;431968;CARACTERÍSTICAS ADICIONAIS: CAPA DURA NA COR PRETA, COSTURADO, SEM MARGEM, COMPRIMENTO: 320, LARGURA: 216, MATERIAL: PAPEL RECICLADO, QUANTIDADE FOLHAS: 200;UN;150,0000;52,2900;7843,5000;0,0000;31/12/2026
ERN-HOSPITAL REGIONAL DEOCLÉCIO MARQUES LUC.;926787;281;Material;926787-11/2026;Materiais diversos;Catálogo do Compras.gov.br;Material;7540;FORMULÁRIOS PADRONIZADOS;200;LIVRO ATA;424373;CARACTERÍSTICAS ADICIONAIS: CAPA DURA/NUMERADO/SEM MARGENS, COMPRIMENTO: 298, GRAMATURA: 56, LARGURA: 203, MATERIAL: PAPEL ALTA ALVURA, QUANTIDADE FOLHAS: 100;UN;100,0000;17,1200;1712,0000;0,0000;31/12/2026
ERN-HOSPITAL REGIONAL DEOCLÉCIO MARQUES LUC.;926787;282;Material;926787-11/2026;Materiais diversos;Catálogo do Compras.gov.br;Material;9420;FIBRAS VEGETAIS, ANIMAIS E SINTÉTICAS;2259;ÁLCOOL ETÍLICO;269941;TEOR ALCOÓLICO: 70%_(70°GL), TIPO: HIDRATADO, APRESENTAÇÃO: LÍQUIDO;FR;3600,0000;17,9000;64440,0000;0,0000;31/12/2026
ERN-HOSPITAL REGIONAL DEOCLÉCIO MARQUES LUC.;926787;283;Material;926787-11/2026;Materiais diversos;Catálogo do Compras.gov.br;Material;8310;FIOS E LINHAS;1513;LINHA COSTURA;615135;COMPRIMENTO: 5000, COR: VARIADA, MATERIAL: 100% POLIÉSTER, NÚMERO: 120;UN;8,0000;11,9900;95,9200;0,0000;31/12/2026
ERN-HOSPITAL REGIONAL DEOCLÉCIO MARQUES LUC.;926787;284;Material;926787-11/2026;Materiais diversos;Catálogo do Compras.gov.br;Material;4140;VENTILADORES, CIRCULADORES DE AR E VENTOINHAS;710;VENTILADOR;612241;CARACTERÍSTICAS ADICIONAIS: GRADE REMOVÍVEL, DIÂMETRO: 50 A 60, MATERIAL: AÇO, POTÊNCIA MOTOR: 1/4, QUANTIDADE VELOCIDADE: 3, TENSÃO ALIMENTAÇÃO: 127/220, TIPO: PAREDE;UN;5,0000;249,8900;1249,4500;0,0000;31/12/2026
ERN-HOSPITAL REGIONAL DEOCLÉCIO MARQUES LUC.;926787;285;Material;926787-11/2026;Materiais diversos;Catálogo do Compras.gov.br;Material;6532;VESTUÁRIO HOSPITALAR E CIRÚRGICO E ITENS CORRELATOS DE  FINALIDADES ESPECIAIS;30107;CAMPO CIRÚRGICO;606962;COR: C/ COR, DIMENSÕES: CERCA DE 150 X 150, ESTERILIDADE: ESTERILIZÁVEL, GRAMATURA: MÍNIMO DE 200, MATERIAL: 100% ALGODÃO, MODELO: SIMPLES;UN;100,0000;39,0000;3900,0000;0,0000;31/12/2026
ERN-HOSPITAL REGIONAL DEOCLÉCIO MARQUES LUC.;926787;286;Material;926787-11/2026;Materiais diversos;Catálogo do Compras.gov.br;Material;8520;SABONETES, ARTIGOS PARA BARBEAR E DENTIFRÍCIOS;11870;SABONETE LÍQUIDO;384525;ACIDEZ: PH NEUTRO, ASPECTO FÍSICO: LÍQUIDO VISCOSO CREMOSO, CARACTERÍSTICAS ADICIONAIS: SEM ESSÊNCIA, COMPOSIÇÃO: GLICERINA, AGENTES EMOLIENTES;FR;5328,0000;16,9500;90309,6000;0,0000;31/12/2026
ERN-HOSPITAL REGIONAL DEOCLÉCIO MARQUES LUC.;926787;287;Material;926787-11/2026;Materiais diversos;Catálogo do Compras.gov.br;Material;4110;EQUIPAMENTO PARA REFRIGERAÇÃO;3492;BEBEDOURO ÁGUA GARRAFÃO;463069;CAPACIDADE: 20, CARACTERÍSTICAS ADICIONAIS: 2 TORNEIRAS DESMONTÁVEIS ÁGUA NATURAL/GELADA, COR: BRANCA, MATERIAL: PLÁSTICO, TIPO: ELÉTRICO DE MESA, VOLTAGEM: 110/220;UN;6,0000;714,9100;4289,4600;0,0000;31/12/2026
ERN-HOSPITAL REGIONAL DEOCLÉCIO MARQUES LUC.;926787;288;Material;926787-11/2026;Materiais diversos;Catálogo do Compras.gov.br;Material;6532;VESTUÁRIO HOSPITALAR E CIRÚRGICO E ITENS CORRELATOS DE  FINALIDADES ESPECIAIS;19713;LENÇOL CAMA;467250;COR: LISTRADO, IMPRESSÃO: PERSONALIZADA E RESISTENTE A LAVAGEM INDUSTRIAL, MATERIAL: POLIÉSTER E ALGODÃO, MEDIDAS MÍNIMAS ( C X L ): 2,00 X 1,00, TIPO FIXAÇÃO: SEM ELÁSTICO;UN;1000,0000;18,4300;18430,0000;0,0000;31/12/2026
ERN-HOSPITAL REGIONAL DEOCLÉCIO MARQUES LUC.;926787;289;Material;926787-11/2026;Materiais diversos;Catálogo do Compras.gov.br;Material;6532;VESTUÁRIO HOSPITALAR E CIRÚRGICO E ITENS CORRELATOS DE  FINALIDADES ESPECIAIS;30095;VESTIMENTA HOSPITALAR;605119;CARACTERÍSTICA: C/ COR, UNISSEX, ESTERILIDADE: REUTILIZÁVEL, GRAMATURA: MÍNIMO DE 120, MATERIAL: ALGODÃO E POLIÉSTER - TECIDO MISTO, MODELO CAMISOLA: AJUSTÁVEL C/ ABERTURA NA FRENTE OU COSTAS, TAMANHO: ADULTO EXTRA GRANDE (XG), TIPO: AVENTAL / CAMISOLA / BATA, TIPO MANGA: CURTA;UN;100,0000;39,9900;3999,0000;0,0000;31/12/2026
ERN-HOSPITAL REGIONAL DEOCLÉCIO MARQUES LUC.;926787;290;Material;926787-11/2026;Materiais diversos;Catálogo do Compras.gov.br;Material;6532;VESTUÁRIO HOSPITALAR E CIRÚRGICO E ITENS CORRELATOS DE  FINALIDADES ESPECIAIS;30107;CAMPO CIRÚRGICO;607028;COR: C/ COR, DIMENSÕES: CERCA DE 150 X 150, ESTERILIDADE: ESTERILIZÁVEL, GRAMATURA: MÍNIMO DE 260, MATERIAL: 100% ALGODÃO, MODELO: DUPLO;UN;100,0000;40,5000;4050,0000;0,0000;31/12/2026
ERN-HOSPITAL REGIONAL DEOCLÉCIO MARQUES LUC.;926787;291;Material;926787-11/2026;Materiais diversos;Catálogo do Compras.gov.br;Material;6532;VESTUÁRIO HOSPITALAR E CIRÚRGICO E ITENS CORRELATOS DE  FINALIDADES ESPECIAIS;30107;CAMPO CIRÚRGICO;606981;COR: C/ COR, DIMENSÕES: CERCA DE 75 X 75, ESTERILIDADE: ESTERILIZÁVEL, GRAMATURA: MÍNIMO DE 260, MATERIAL: 100% ALGODÃO, MODELO: SIMPLES;UN;50,0000;40,4600;2023,0000;0,0000;31/12/2026
ERN-HOSPITAL REGIONAL DEOCLÉCIO MARQUES LUC.;926787;292;Material;926787-11/2026;Materiais diversos;Catálogo do Compras.gov.br;Material;6532;VESTUÁRIO HOSPITALAR E CIRÚRGICO E ITENS CORRELATOS DE  FINALIDADES ESPECIAIS;19713;LENÇOL CAMA;622515;COR: BRANCO, MATERIAL: POLIÉSTER E ALGODÃO, MEDIDAS MÍNIMAS ( C X L ): 2,50 X 2,80;UN;3000,0000;32,7100;98130,0000;0,0000;31/12/2026
ERN-HOSPITAL REGIONAL DEOCLÉCIO MARQUES LUC.;926787;293;Material;926787-11/2026;Materiais diversos;Catálogo do Compras.gov.br;Material;6532;VESTUÁRIO HOSPITALAR E CIRÚRGICO E ITENS CORRELATOS DE  FINALIDADES ESPECIAIS;30107;CAMPO CIRÚRGICO;606961;COR: C/ COR, DIMENSÕES: CERCA DE 125 X 125, ESTERILIDADE: ESTERILIZÁVEL, GRAMATURA: MÍNIMO DE 200, MATERIAL: 100% ALGODÃO, MODELO: SIMPLES;UN;150,0000;39,0000;5850,0000;0,0000;31/12/2026
ERN-HOSPITAL REGIONAL DEOCLÉCIO MARQUES LUC.;926787;294;Material;926787-11/2026;Materiais diversos;Catálogo do Compras.gov.br;Material;6532;VESTUÁRIO HOSPITALAR E CIRÚRGICO E ITENS CORRELATOS DE  FINALIDADES ESPECIAIS;30095;VESTIMENTA HOSPITALAR;605118;CARACTERÍSTICA: C/ COR, UNISSEX, ESTERILIDADE: REUTILIZÁVEL, GRAMATURA: MÍNIMO DE 120, MATERIAL: ALGODÃO E POLIÉSTER - TECIDO MISTO, MODELO CAMISOLA: AJUSTÁVEL C/ ABERTURA NA FRENTE OU COSTAS, TAMANHO: ADULTO GRANDE (G), TIPO: AVENTAL / CAMISOLA / BATA, TIPO MANGA: CURTA;UN;100,0000;39,9900;3999,0000;0,0000;31/12/2026
ERN-HOSPITAL REGIONAL DEOCLÉCIO MARQUES LUC.;926787;295;Material;926787-11/2026;Materiais diversos;Catálogo do Compras.gov.br;Material;8420;ROUPAS ÍNTIMAS E PARA DORMIR, MASCULINAS;1406;PIJAMA;222221;ACABAMENTO CINTURA: COM CADARÇO, ACABAMENTO PERNA: SEM RIBANA, MATERIAL: ALGODÃO, TAMANHO: EXTRAGRANDE, TIPO GOLA: REDONDA, TIPO MANGA CAMISA: CURTA;UN;80,0000;137,9500;11036,0000;0,0000;31/12/2026
ERN-HOSPITAL REGIONAL DEOCLÉCIO MARQUES LUC.;926787;296;Material;926787-11/2026;Materiais diversos;Catálogo do Compras.gov.br;Material;6532;VESTUÁRIO HOSPITALAR E CIRÚRGICO E ITENS CORRELATOS DE  FINALIDADES ESPECIAIS;30107;CAMPO CIRÚRGICO;607016;COR: C/ COR, DIMENSÕES: CERCA DE 150 X 175, ESTERILIDADE: ESTERILIZÁVEL, GRAMATURA: MÍNIMO DE 200, MATERIAL: 100% ALGODÃO, MODELO: DUPLO;UN;100,0000;39,5000;3950,0000;0,0000;31/12/2026
ERN-HOSPITAL REGIONAL DEOCLÉCIO MARQUES LUC.;926787;297;Material;926787-11/2026;Materiais diversos;Catálogo do Compras.gov.br;Material;9999;ITENS DIVERSOS;5849;COPO DESCARTÁVEL;451994;APLICAÇÃO: ÁGUA, CAPACIDADE: 150, MATERIAL: PLÁSTICO;CX;190,0000;198,0000;37620,0000;0,0000;31/12/2026
ERN-HOSPITAL REGIONAL DEOCLÉCIO MARQUES LUC.;926787;298;Material;926787-11/2026;Materiais diversos;Catálogo do Compras.gov.br;Material;6532;VESTUÁRIO HOSPITALAR E CIRÚRGICO E ITENS CORRELATOS DE  FINALIDADES ESPECIAIS;30095;VESTIMENTA HOSPITALAR;605117;CARACTERÍSTICA: C/ COR, UNISSEX, ESTERILIDADE: REUTILIZÁVEL, GRAMATURA: MÍNIMO DE 120, MATERIAL: ALGODÃO E POLIÉSTER - TECIDO MISTO, MODELO CAMISOLA: AJUSTÁVEL C/ ABERTURA NA FRENTE OU COSTAS, TAMANHO: ADULTO MÉDIO (M), TIPO: AVENTAL / CAMISOLA / BATA, TIPO MANGA: CURTA;UN;100,0000;39,9900;3999,0000;0,0000;31/12/2026
ERN-HOSPITAL REGIONAL DEOCLÉCIO MARQUES LUC.;926787;299;Material;926787-11/2026;Materiais diversos;Catálogo do Compras.gov.br;Material;6532;VESTUÁRIO HOSPITALAR E CIRÚRGICO E ITENS CORRELATOS DE  FINALIDADES ESPECIAIS;30095;VESTIMENTA HOSPITALAR;605072;BOLSO: NA BLUSA E NA CALÇA, CARACTERÍSTICA: C/ COR, UNISSEX, CARACTERÍSTICA BERMUDA / CALÇA: AJUSTÁVEL, ESTERILIDADE: REUTILIZÁVEL, GRAMATURA: MÍNIMO DE 260, MATERIAL: 100% ALGODÃO, TAMANHO: ADULTO EXTRA GRANDE (XG), TIPO: CALÇA E BLUSA, TIPO MANGA: CURTA;UN;350,0000;74,0000;25900,0000;0,0000;31/12/2026
ERN-HOSPITAL REGIONAL DEOCLÉCIO MARQUES LUC.;926787;300;Material;926787-11/2026;Materiais diversos;Catálogo do Compras.gov.br;Material;7540;FORMULÁRIOS PADRONIZADOS;201;LIVRO PROTOCOLO;616483;CARACTERÍSTICAS ADICIONAIS: IMPRESSO CONFORME MODELO, COMPRIMENTO: 335, GRAMATURA FOLHAS: 75, LARGURA: 345, MATERIAL FOLHAS: PAPEL OFSETE, QUANTIDADE FOLHAS: 100, TIPO CAPA: DURA;UN;100,0000;18,2500;1825,0000;0,0000;31/12/2026
ERN-HOSPITAL REGIONAL DEOCLÉCIO MARQUES LUC.;926787;301;Material;926787-11/2026;Materiais diversos;Catálogo do Compras.gov.br;Material;8315;MIUDEZAS E AVIAMENTOS PARA COSTURA;1525;ELÁSTICO VESTUÁRIO;607250;CARACTERÍSTICAS ADICIONAIS: CHATO, COMPRIMENTO: 25, COR: BRANCA OU CRU, LARGURA: 20, MATERIAL: 73% POLIESTER E 27% ELASTODIENO;UN;20,0000;17,1000;342,0000;0,0000;31/12/2026
ERN-HOSPITAL REGIONAL DEOCLÉCIO MARQUES LUC.;926787;302;Material;926787-11/2026;Materiais diversos;Catálogo do Compras.gov.br;Material;6532;VESTUÁRIO HOSPITALAR E CIRÚRGICO E ITENS CORRELATOS DE  FINALIDADES ESPECIAIS;30093;AVENTAL CIRÚRGICO - PARAMENTAÇÃO;604939;ESTERILIDADE: ESTERILIZÁVEL, GRAMATURA: MÍNIMO DE 260, MATERIAL: 100% ALGODÃO, MODELO MANGA: LONGA C/ PUNHO EM MALHA, TAMANHO: GRANDE (G), TIPO FECHAMENTO: POSTERIOR P/ PESCOÇO E CINTURA;UN;300,0000;99,9000;29970,0000;0,0000;31/12/2026
ERN-HOSPITAL REGIONAL DEOCLÉCIO MARQUES LUC.;926787;303;Material;926787-11/2026;Materiais diversos;Catálogo do Compras.gov.br;Material;9930;EQUIPAMENTOS E ARTIGOS MORTUÁRIOS E DE CEMITÉRIO;11906;COBRE CORPO;382524;CARACTERÍSTICAS ADICIONAIS: VIÉS, ZÍPER LATERAL, PUXADOR, ETIQUETA DO ÓBITO, COMPRIMENTO: 1,70, COR: CINZA CLARO, ESPESSURA: 300, LARGURA: 0,80, MATERIAL: POLIETILENO BAIXA DENSIDADE;UN;150,0000;15,5000;2325,0000;0,0000;31/12/2026
ERN-HOSPITAL REGIONAL DEOCLÉCIO MARQUES LUC.;926787;304;Material;926787-11/2026;Materiais diversos;Catálogo do Compras.gov.br;Material;6532;VESTUÁRIO HOSPITALAR E CIRÚRGICO E ITENS CORRELATOS DE  FINALIDADES ESPECIAIS;30093;AVENTAL CIRÚRGICO - PARAMENTAÇÃO;604940;ESTERILIDADE: ESTERILIZÁVEL, GRAMATURA: MÍNIMO DE 260, MATERIAL: 100% ALGODÃO, MODELO MANGA: LONGA C/ PUNHO EM MALHA, TAMANHO: EXTRA GRANDE (XG), TIPO FECHAMENTO: POSTERIOR P/ PESCOÇO E CINTURA;UN;300,0000;99,9000;29970,0000;0,0000;31/12/2026
ERN-HOSPITAL REGIONAL DEOCLÉCIO MARQUES LUC.;926787;305;Material;926787-11/2026;Materiais diversos;Catálogo do Compras.gov.br;Material;6532;VESTUÁRIO HOSPITALAR E CIRÚRGICO E ITENS CORRELATOS DE  FINALIDADES ESPECIAIS;30093;AVENTAL CIRÚRGICO - PARAMENTAÇÃO;604934;ESTERILIDADE: ESTERILIZÁVEL, GRAMATURA: MÍNIMO DE 200, MATERIAL: 100% ALGODÃO, MODELO MANGA: LONGA C/ PUNHO EM MALHA, TAMANHO: MÉDIO (M), TIPO FECHAMENTO: POSTERIOR P/ PESCOÇO E CINTURA;UN;200,0000;99,9000;19980,0000;0,0000;31/12/2026
ERN-HOSPITAL REGIONAL DEOCLÉCIO MARQUES LUC.;926787;306;Material;926787-11/2026;Materiais diversos;Catálogo do Compras.gov.br;Material;6850;ESPECIALIDADES QUÍMICAS DIVERSAS;12210;SOLUÇÃO;616603;APLICAÇÃO: NEUTRALIZADOR DE ODORES, APRESENTAÇÃO: LÍQUIDO, CARACTERÍSTICAS ADICIONAIS: PH ENTRE 8 -10  DENSIDADE DE 095-1,20 G/CM3, COMPOSIÇÃO: ALCOOL ETILICO E FRAGRANCIAS, TIPO: NEUTRALIZANTE;UN;3800,0000;4,5000;17100,0000;0,0000;31/12/2026
ERN-HOSPITAL REGIONAL DEOCLÉCIO MARQUES LUC.;926787;307;Material;926787-11/2026;Materiais diversos;Catálogo do Compras.gov.br;Material;6532;VESTUÁRIO HOSPITALAR E CIRÚRGICO E ITENS CORRELATOS DE  FINALIDADES ESPECIAIS;30095;VESTIMENTA HOSPITALAR;605070;BOLSO: NA BLUSA E NA CALÇA, CARACTERÍSTICA: C/ COR, UNISSEX, CARACTERÍSTICA BERMUDA / CALÇA: AJUSTÁVEL, ESTERILIDADE: REUTILIZÁVEL, GRAMATURA: MÍNIMO DE 260, MATERIAL: 100% ALGODÃO, TAMANHO: ADULTO MÉDIO (M), TIPO: CALÇA E BLUSA, TIPO MANGA: CURTA;UN;300,0000;66,8300;20049,0000;0,0000;31/12/2026
ERN-HOSPITAL REGIONAL DEOCLÉCIO MARQUES LUC.;926787;308;Material;926787-11/2026;Materiais diversos;Catálogo do Compras.gov.br;Material;6532;VESTUÁRIO HOSPITALAR E CIRÚRGICO E ITENS CORRELATOS DE  FINALIDADES ESPECIAIS;30107;CAMPO CIRÚRGICO;606974;COR: C/ COR, DIMENSÕES: CERCA DE 150 X 250, ESTERILIDADE: ESTERILIZÁVEL, GRAMATURA: MÍNIMO DE 200, MATERIAL: 100% ALGODÃO, MODELO: SIMPLES;UN;100,0000;41,2500;4125,0000;0,0000;31/12/2026
ERN-HOSPITAL REGIONAL DEOCLÉCIO MARQUES LUC.;926787;309;Material;926787-11/2026;Materiais diversos;Catálogo do Compras.gov.br;Material;6515;INSTRUMENTOS, EQUIPAMENTOS E SUPRIMENTOS MÉDICOS  E  CIRÚRGICOS;15570;LENÇO DESCARTÁVEL;378441;APLICAÇÃO: LIMPEZA / HIGIENE, APRESENTAÇÃO: DUPLA, UMEDECIDO, CARACTERÍSTICAS ADICIONAIS: PH BALANCEADO, AROMA SUAVE, SACHÊ, TIRA FÁCIL, COMPRIMENTO: 20, COR: BRANCA, LARGURA: 11, MATERIAL: FIBRAS RESISTENTES E FLEXÍVEIS, QUANTIDADE FOLHAS: 2, TIPO FOLHA: SOLTA;UN;4032,0000;68,2500;275184,0000;0,0000;31/12/2026
ERN-HOSPITAL REGIONAL DEOCLÉCIO MARQUES LUC.;926787;310;Material;926787-11/2026;Materiais diversos;Catálogo do Compras.gov.br;Material;7540;FORMULÁRIOS PADRONIZADOS;200;LIVRO ATA;424371;CARACTERÍSTICAS ADICIONAIS: CAPA DURA/NUMERADO/SEM MARGENS, COMPRIMENTO: 298, GRAMATURA: 56, LARGURA: 203, MATERIAL: PAPEL ALTA ALVURA, QUANTIDADE FOLHAS: 50;UN;100,0000;11,5000;1150,0000;0,0000;31/12/2026
ERN-HOSPITAL REGIONAL DEOCLÉCIO MARQUES LUC.;926787;311;Material;926787-11/2026;Materiais diversos;Catálogo do Compras.gov.br;Material;9930;EQUIPAMENTOS E ARTIGOS MORTUÁRIOS E DE CEMITÉRIO;11906;COBRE CORPO;314492;CARACTERÍSTICAS ADICIONAIS: ADULTO COM ZÍPER EM TODA EXTENSÃO, COMPRIMENTO: 2,20, LARGURA: 0,90, MATERIAL: POLIPROPILENO;UN;426,0000;19,9000;8477,4000;0,0000;31/12/2026
ERN-HOSPITAL REGIONAL DEOCLÉCIO MARQUES LUC.;926787;312;Material;926787-11/2026;Materiais diversos;Catálogo do Compras.gov.br;Material;6532;VESTUÁRIO HOSPITALAR E CIRÚRGICO E ITENS CORRELATOS DE  FINALIDADES ESPECIAIS;30095;VESTIMENTA HOSPITALAR;605071;BOLSO: NA BLUSA E NA CALÇA, CARACTERÍSTICA: C/ COR, UNISSEX, CARACTERÍSTICA BERMUDA / CALÇA: AJUSTÁVEL, ESTERILIDADE: REUTILIZÁVEL, GRAMATURA: MÍNIMO DE 260, MATERIAL: 100% ALGODÃO, TAMANHO: ADULTO GRANDE (G), TIPO: CALÇA E BLUSA, TIPO MANGA: CURTA;UN;300,0000;66,8300;20049,0000;0,0000;31/12/2026
ERN-HOSPITAL REGIONAL DEOCLÉCIO MARQUES LUC.;926787;313;Material;926787-11/2026;Materiais diversos;Catálogo do Compras.gov.br;Material;6532;VESTUÁRIO HOSPITALAR E CIRÚRGICO E ITENS CORRELATOS DE  FINALIDADES ESPECIAIS;30093;AVENTAL CIRÚRGICO - PARAMENTAÇÃO;604937;ESTERILIDADE: ESTERILIZÁVEL, GRAMATURA: MÍNIMO DE 260, MATERIAL: 100% ALGODÃO, MODELO MANGA: LONGA C/ PUNHO EM MALHA, TAMANHO: PEQUENO (P), TIPO FECHAMENTO: POSTERIOR P/ PESCOÇO E CINTURA;UN;150,0000;99,9000;14985,0000;0,0000;31/12/2026
ERN-HOSPITAL REGIONAL DEOCLÉCIO MARQUES LUC.;926787;314;Material;926787-11/2026;Materiais diversos;Catálogo do Compras.gov.br;Material;8145;RECIPIENTES ESPECIALIZADOS PARA TRANSPORTE E ARMAZENAGEM;6502;EMBALAGEM;419721;CAPACIDADE: 800, DIMENSÕES: 210 X 50, FORMATO: REDONDO, MATERIAL: ALUMÍNIO, TIPO: DESCARTÁVEL;CX;2000,0000;48,7200;97440,0000;0,0000;31/12/2026
ERN-HOSPITAL REGIONAL DEOCLÉCIO MARQUES LUC.;926787;315;Material;926787-11/2026;Materiais diversos;Catálogo do Compras.gov.br;Material;7240;RECEPIENTES PARA USO DOMÉSTICO E COMERCIAL;764;BALDE;622092;CAPACIDADE: 10, COR: VARIADA, FORMATO: OVAL, MATERIAL: PLÁSTICO, MATERIAL ALÇA: FERRO;UN;15,0000;26,9000;403,5000;0,0000;31/12/2026
ERN-HOSPITAL REGIONAL DEOCLÉCIO MARQUES LUC.;926787;316;Material;926787-11/2026;Materiais diversos;Catálogo do Compras.gov.br;Material;7290;UTENSÍLIOS COMERCIAIS E DOMÉSTICOS DIVERSOS;7042;ESPONJA LIMPEZA;620662;APLICAÇÃO: LIMPEZA GERAL, CARACTERÍSTICAS ADICIONAIS: DUPLA FACE, COMPRIMENTO MÍNIMO: 102, ESPESSURA MÍNIMA: 28, FORMATO: RETANGULAR, LARGURA MÍNIMA: 69, MATERIAL: ESPUMA / FIBRA;UN;4550,0000;1,2300;5596,5000;0,0000;31/12/2026
ERN-HOSPITAL REGIONAL DEOCLÉCIO MARQUES LUC.;926787;317;Material;926787-11/2026;Materiais diversos;Catálogo do Compras.gov.br;Material;7290;UTENSÍLIOS COMERCIAIS E DOMÉSTICOS DIVERSOS;7042;ESPONJA LIMPEZA;481018;APLICAÇÃO: LIMPEZA GERAL, MATERIAL: LÃ AÇO;UN;800,0000;1,9800;1584,0000;0,0000;31/12/2026
ERN-HOSPITAL REGIONAL DEOCLÉCIO MARQUES LUC.;926787;338;Material;926787-11/2026;Materiais diversos;Catálogo do Compras.gov.br;Material;7520;ACESSÓRIOS E DISPOSITIVOS PARA ESCRITÓRIO;56;PERFURADOR PAPEL;486502;CAPACIDADE PERFURAÇÃO: 22, FUNCIONAMENTO: MANUAL, MATERIAL: METAL, QUANTIDADE FUROS: 2, TIPO: MESA;UN;24,0000;29,9500;718,8000;0,0000;31/12/2026
ERN-HOSPITAL REGIONAL DEOCLÉCIO MARQUES LUC.;926787;318;Material;926787-11/2026;Materiais diversos;Catálogo do Compras.gov.br;Material;7240;RECEPIENTES PARA USO DOMÉSTICO E COMERCIAL;14011;BALDE COM ESPREMEDOR;443451;ALTURA: 84, CAPACIDADE BALDE: 30, COMPRIMENTO: 52, LARGURA: 37, MATERIAL BALDE: PLÁSTICO, MATERIAL BASE: PLÁSTICO, MATERIAL ESPREMEDOR: PLÁSTICO, TIPO ESPREMEDOR: PRESSÃO VERTICAL;UN;18,0000;415,9000;7486,2000;0,0000;31/12/2026
ERN-HOSPITAL REGIONAL DEOCLÉCIO MARQUES LUC.;926787;319;Material;926787-11/2026;Materiais diversos;Catálogo do Compras.gov.br;Material;7520;ACESSÓRIOS E DISPOSITIVOS PARA ESCRITÓRIO;46;APONTADOR LÁPIS;468205;MATERIAL: METAL, QUANTIDADE FUROS: 1, TAMANHO: PEQUENO, TIPO: ESCOLAR;CX;12,0000;25,6400;307,6800;0,0000;31/12/2026
ERN-HOSPITAL REGIONAL DEOCLÉCIO MARQUES LUC.;926787;320;Material;926787-11/2026;Materiais diversos;Catálogo do Compras.gov.br;Material;7920;VASSOURAS, ESCOVAS, RODOS, ESPONJAS E ESFREGÕES;13989;MOP ÚMIDO;449799;APLICAÇÃO: LIMPEZA, COR: BRANCA, GRAMATURA: 300, MATERIAL: MICROFIBRA, TIPO PONTA: DOBRADA;UN;172,0000;28,4900;4900,2800;0,0000;31/12/2026
ERN-HOSPITAL REGIONAL DEOCLÉCIO MARQUES LUC.;926787;321;Material;926787-11/2026;Materiais diversos;Catálogo do Compras.gov.br;Material;7520;ACESSÓRIOS E DISPOSITIVOS PARA ESCRITÓRIO;280;CAIXA CORRESPONDÊNCIA;449376;ALTURA: 50, CARACTERÍSTICAS ADICIONAIS: COM INCLINAÇÃO ENTRE AS BANDEJAS, COMPRIMENTO: 370, COR: INCOLOR, LARGURA: 260, MATERIAL: POLIETILENO, TIPO: TRIPLA;UN;10,0000;63,8000;638,0000;0,0000;31/12/2026
ERN-HOSPITAL REGIONAL DEOCLÉCIO MARQUES LUC.;926787;322;Material;926787-11/2026;Materiais diversos;Catálogo do Compras.gov.br;Material;7240;RECEPIENTES PARA USO DOMÉSTICO E COMERCIAL;14044;CARRO LIMPEZA;330346;ALTURA: 98, CAPACIDADE: 90, CARACTERÍSTICAS ADICIONAIS: ZÍPER ABERTURA LATERAL E BOLSA 90 LITROS, COMPRIMENTO: 126, DIÂMETRO RODA: 6 E 3 POL (TRASEIRAS E DIANTEIRAS), LARGURA: 54, MATERIAL: POLIPROPILENO, TIPO: 4 RODÍZIOS;UN;16,0000;669,9500;10719,2000;0,0000;31/12/2026
ERN-HOSPITAL REGIONAL DEOCLÉCIO MARQUES LUC.;926787;323;Material;926787-11/2026;Materiais diversos;Catálogo do Compras.gov.br;Material;8145;RECIPIENTES ESPECIALIZADOS PARA TRANSPORTE E ARMAZENAGEM;5798;CONTENTOR;282137;APLICAÇÃO: ARMAZENAGEM RESÍDUOS HOSPITALAR, CAPACIDADE: 500, CARACTERÍSTICAS ADICIONAIS: ESTABILIZADO CONTRA RAIOS UV, RESISTENTE ÀS INTEMP, MATERIAL: POLIETILENO ALTA DENSIDADE;UN;10,0000;1103,9100;11039,1000;0,0000;31/12/2026
ERN-HOSPITAL REGIONAL DEOCLÉCIO MARQUES LUC.;926787;324;Material;926787-11/2026;Materiais diversos;Catálogo do Compras.gov.br;Material;7930;COMPOSTOS E PREPARADOS PARA LIMPEZA E POLIMENTO;6136;DETERGENTE;620665;APLICAÇÃO: LIMPEZA EM GERAL, AROMA: NEUTRO, ASPECTO FÍSICO: LÍQUIDO, CARACTERÍSTICAS ADICIONAIS: PH ENTRE 6,0 E 8,0,SOLUCAO A 1% P/P, COMPONENTE ATIVO: ALQUIL BENZENO,SULFONATO DE SODIO,TEOR MINIMO DE, COMPOSIÇÃO: TENSAOTIVOS ANIÔNICOS/COADJUVANTES/PRESERVANTES;EMB;30,0000;35,1400;1054,2000;0,0000;31/12/2026
ERN-HOSPITAL REGIONAL DEOCLÉCIO MARQUES LUC.;926787;325;Material;926787-11/2026;Materiais diversos;Catálogo do Compras.gov.br;Material;7920;VASSOURAS, ESCOVAS, RODOS, ESPONJAS E ESFREGÕES;14032;LIMPADOR VIDRO;472872;APLICAÇÃO: LIMPEZA DE PAREDE, VIDRO E PISO, CARACTERÍSTICAS ADICIONAIS: EXTENSOR AJUSTÁVEL, COMPRIMENTO BASE: 25,5, COMPRIMENTO CABO: 6, MATERIAL BASE: POLIPROPILENO, MATERIAL CABO: ALUMÍNIO, TIPO: RODO;UN;5,0000;380,0000;1900,0000;0,0000;31/12/2026
ERN-HOSPITAL REGIONAL DEOCLÉCIO MARQUES LUC.;926787;326;Material;926787-11/2026;Materiais diversos;Catálogo do Compras.gov.br;Material;7930;COMPOSTOS E PREPARADOS PARA LIMPEZA E POLIMENTO;8847;LIMPA-VIDRO;601034;ASPECTO FÍSICO: LÍQUIDO, COMPOSIÇÃO: ALQUIL BENZENO SULFONATO E ÁGUA;UN;300,0000;3,4500;1035,0000;0,0000;31/12/2026
ERN-HOSPITAL REGIONAL DEOCLÉCIO MARQUES LUC.;926787;327;Material;926787-11/2026;Materiais diversos;Catálogo do Compras.gov.br;Material;7520;ACESSÓRIOS E DISPOSITIVOS PARA ESCRITÓRIO;1499;ESTILETE;622133;CARACTERÍSTICAS ADICIONAIS: LÂMINA DE AÇO CARBONO, ESPESSURA: 18, MATERIAL CORPO: POLIPROPILENO, TIPO: COM TRAVA;UN;180,0000;11,9000;2142,0000;0,0000;31/12/2026
ERN-HOSPITAL REGIONAL DEOCLÉCIO MARQUES LUC.;926787;328;Material;926787-11/2026;Materiais diversos;Catálogo do Compras.gov.br;Material;7520;ACESSÓRIOS E DISPOSITIVOS PARA ESCRITÓRIO;18066;EXTRATOR GRAMPO;429829;COMPRIMENTO: 150, LARGURA: 15, MATERIAL: AÇO GALVANIZADO, TIPO: ESPÁTULA;UN;180,0000;6,3300;1139,4000;0,0000;31/12/2026
ERN-HOSPITAL REGIONAL DEOCLÉCIO MARQUES LUC.;926787;329;Material;926787-11/2026;Materiais diversos;Catálogo do Compras.gov.br;Material;7240;RECEPIENTES PARA USO DOMÉSTICO E COMERCIAL;11495;LIXEIRA;456392;APLICAÇÃO: COLETA SELETIVA, CAPACIDADE: 15, CARACTERÍSTICAS ADICIONAIS: COM TAMPA E PEDAL, COR: BRANCA, IMPRESSÃO: COM SÍMBOLO, MATERIAL: POLIPROPILENO;UN;240,0000;64,9000;15576,0000;0,0000;31/12/2026
ERN-HOSPITAL REGIONAL DEOCLÉCIO MARQUES LUC.;926787;330;Material;926787-11/2026;Materiais diversos;Catálogo do Compras.gov.br;Material;7930;COMPOSTOS E PREPARADOS PARA LIMPEZA E POLIMENTO;13772;LUSTRADOR MÓVEIS;298839;APLICAÇÃO: MÓVEIS E SUPERFÍCIES LISAS, AROMA: SEM CHEIRO, ASPECTO FÍSICO: LÍQUIDO, COMPONENTES: CERAS NATURAIS;UN;450,0000;8,9900;4045,5000;0,0000;31/12/2026
ERN-HOSPITAL REGIONAL DEOCLÉCIO MARQUES LUC.;926787;331;Material;926787-11/2026;Materiais diversos;Catálogo do Compras.gov.br;Material;8135;MATERIAIS A GRANEL PARA ACONDICIONAMENTO E EMBALAGEM;7556;FITA ADESIVA EMBALAGEM;468602;APLICAÇÃO: EMPACOTAMENTO EM GERAL, CARACTERÍSTICAS ADICIONAIS: IMPRESA, COMPRIMENTO: 100, LARGURA: 72, MATERIAL: POLIPROPILENO, TIPO: MONOFACE;UN;500,0000;9,0000;4500,0000;0,0000;31/12/2026
ERN-HOSPITAL REGIONAL DEOCLÉCIO MARQUES LUC.;926787;332;Material;926787-11/2026;Materiais diversos;Catálogo do Compras.gov.br;Material;7520;ACESSÓRIOS E DISPOSITIVOS PARA ESCRITÓRIO;27;GRAMPEADOR;618279;MATERIAL: METAL, TAMANHO GRAMPO: 26/6, TIPO: ALICATE;UN;60,0000;27,3700;1642,2000;0,0000;31/12/2026
ERN-HOSPITAL REGIONAL DEOCLÉCIO MARQUES LUC.;926787;333;Material;926787-11/2026;Materiais diversos;Catálogo do Compras.gov.br;Material;7520;ACESSÓRIOS E DISPOSITIVOS PARA ESCRITÓRIO;27;GRAMPEADOR;455645;CAPACIDADE: ATÉ 140, CARACTERÍSTICAS ADICIONAIS: ANTIDERRAPANTE, CARRETILHA DUPLA, MATERIAL: METAL, TAMANHO GRAMPO: 23/17, TIPO: MESA, TRATAMENTO SUPERFICIAL: PINTADO;UN;40,0000;125,0000;5000,0000;0,0000;31/12/2026
ERN-HOSPITAL REGIONAL DEOCLÉCIO MARQUES LUC.;926787;334;Material;926787-11/2026;Materiais diversos;Catálogo do Compras.gov.br;Material;9330;ARTIGOS DE PLÁSTICO;14831;LACRE SEGURANÇA;625635;COMPRIMENTO: 23, MATERIAL: POLIPROPILENO;EMB;10,0000;64,0000;640,0000;0,0000;31/12/2026
ERN-HOSPITAL REGIONAL DEOCLÉCIO MARQUES LUC.;926787;335;Material;926787-11/2026;Materiais diversos;Catálogo do Compras.gov.br;Material;7520;ACESSÓRIOS E DISPOSITIVOS PARA ESCRITÓRIO;4416;CANETA PERMANENTE;608142;CARACTERÍSTICAS ADICIONAIS: CANETA PARA TECIDO, FIXAÇÃO A FRIO, COR TINTA: PRETA, MATERIAL CORPO: PLÁSTICO, MATERIAL PONTA: POLIÉSTER, TIPO ESCRITA: GROSSA;UN;350,0000;6,9000;2415,0000;0,0000;31/12/2026
ERN-HOSPITAL REGIONAL DEOCLÉCIO MARQUES LUC.;926787;336;Material;926787-11/2026;Materiais diversos;Catálogo do Compras.gov.br;Material;8135;MATERIAIS A GRANEL PARA ACONDICIONAMENTO E EMBALAGEM;1389;PAPEL ALUMÍNIO;449374;APLICAÇÃO: USO DOMÉSTICO, APRESENTAÇÃO: ROLO, COMPRIMENTO: 4, LARGURA: 30, MATERIAL: ALUMÍNIO;UN;1000,0000;8,0000;8000,0000;0,0000;31/12/2026
ERN-HOSPITAL REGIONAL DEOCLÉCIO MARQUES LUC.;926787;337;Material;926787-11/2026;Materiais diversos;Catálogo do Compras.gov.br;Material;8135;MATERIAIS A GRANEL PARA ACONDICIONAMENTO E EMBALAGEM;1346;PALETE;622738;ALTURA: 15, CAPACIDADE: ESTÁTICA 4.500, CARGA DINÂMICA MÍNIMO 2.000, CARACTERÍSTICAS ADICIONAIS: 3 LONGARINAS FACE VAZADA., COMPRIMENTO: 1, LARGURA: 1200MM, MATERIAL: POLIETILENO;UN;500,0000;6,0700;3035,0000;0,0000;31/12/2026
ERN-HOSPITAL REGIONAL DEOCLÉCIO MARQUES LUC.;926787;339;Material;926787-11/2026;Materiais diversos;Catálogo do Compras.gov.br;Material;7520;ACESSÓRIOS E DISPOSITIVOS PARA ESCRITÓRIO;56;PERFURADOR PAPEL;413723;CAPACIDADE PERFURAÇÃO: 100, CARACTERÍSTICAS ADICIONAIS: FURO REDONDO, MARGEADOR, REGULAGEM DE PROFUNDIDADE, FUNCIONAMENTO: MANUAL, MATERIAL: FERRO FUNDIDO, QUANTIDADE FUROS: 2, TIPO: MESA;UN;4,0000;232,4700;929,8800;0,0000;31/12/2026
ERN-HOSPITAL REGIONAL DEOCLÉCIO MARQUES LUC.;926787;340;Material;926787-11/2026;Materiais diversos;Catálogo do Compras.gov.br;Material;6135;BATERIAS NAO RECARREGÁVEIS;10708;PILHA;435129;CARACTERÍSTICAS ADICIONAIS: NÃO CONTÉM MERCÚRIO E CÁDMIO, MODELO: C, SISTEMA ELETROQUÍMICO: ALCALINA, TAMANHO: MÉDIA, TENSÃO NOMINAL: 1,5;EMB;100,0000;17,9300;1793,0000;0,0000;31/12/2026
ERN-HOSPITAL REGIONAL DEOCLÉCIO MARQUES LUC.;926787;341;Material;926787-11/2026;Materiais diversos;Catálogo do Compras.gov.br;Material;6135;BATERIAS NAO RECARREGÁVEIS;10708;PILHA;432380;MODELO: AAA, SISTEMA ELETROQUÍMICO: LITHIUM, TAMANHO: PALITO, TENSÃO NOMINAL: 1,5;EMB;100,0000;9,4800;948,0000;0,0000;31/12/2026
ERN-HOSPITAL REGIONAL DEOCLÉCIO MARQUES LUC.;926787;342;Material;926787-11/2026;Materiais diversos;Catálogo do Compras.gov.br;Material;6135;BATERIAS NAO RECARREGÁVEIS;10708;PILHA;419859;CARACTERÍSTICAS ADICIONAIS: NÃO RECARREGÁVEL, MODELO: AA, SISTEMA ELETROQUÍMICO: ALCALINA, TAMANHO: PEQUENA, TENSÃO NOMINAL: 1,5;EMB;100,0000;18,5500;1855,0000;0,0000;31/12/2026
ERN-HOSPITAL REGIONAL DEOCLÉCIO MARQUES LUC.;926787;343;Material;926787-11/2026;Materiais diversos;Catálogo do Compras.gov.br;Material;9390;PRODUTOS DIVERSOS NÃO METÁLICOS;58;PLACA ACRÍLICA;627040;ACABAMENTO SUPERFICIAL: LISO, COMPRIMENTO: 0,53, COR: INCOLOR, LARGURA: 0,43, MATERIAL: ACRÍLICO, TRANSMITÂNCIA: TRANSPARENTE;UN;200,0000;21,8900;4378,0000;0,0000;31/12/2026
ERN-HOSPITAL REGIONAL DEOCLÉCIO MARQUES LUC.;926787;344;Material;926787-11/2026;Materiais diversos;Catálogo do Compras.gov.br;Material;7520;ACESSÓRIOS E DISPOSITIVOS PARA ESCRITÓRIO;18065;PRANCHETA PORTÁTIL;622720;CARACTERÍSTICAS ADICIONAIS: COM PRENDEDORES METÁLICOS, COMPRIMENTO: 450, ESPESSURA: 6, LARGURA: 330, MATERIAL: MADEIRA;UN;300,0000;21,8900;6567,0000;0,0000;31/12/2026
ERN-HOSPITAL REGIONAL DEOCLÉCIO MARQUES LUC.;926787;345;Material;926787-11/2026;Materiais diversos;Catálogo do Compras.gov.br;Material;7290;UTENSÍLIOS COMERCIAIS E DOMÉSTICOS DIVERSOS;346;BLOCO RECADO;626162;CARACTERÍSTICAS ADICIONAIS: AUTO-ADESIVO, COMPRIMENTO: 102, COR: VARIADA, LARGURA: 76, MATERIAL: PAPEL, QUANTIDADE FOLHAS: 100;PCT;150,0000;14,9000;2235,0000;0,0000;31/12/2026
ERN-HOSPITAL REGIONAL DEOCLÉCIO MARQUES LUC.;926787;346;Material;926787-11/2026;Materiais diversos;Catálogo do Compras.gov.br;Material;8105;SACOS E BOLSAS;6589;ENVELOPE PLÁSTICO;619813;ALTURA: 484, APLICAÇÃO: ACONDICIONAMENTO DE OBJETOS APREENDIDOS, CARACTERÍSTICAS ADICIONAIS: FECHO DE SEGURANÇA, COM PINOS E CAPSULAS, ESPESSURA: 65, LARGURA: 405, TIPO: ALTA SEGURANÇA, TIPO PLÁSTICO: POLIETILENO COEXTRUDADOS EM TRÊS CAMADAS;PCT;2,0000;41,8100;83,6200;0,0000;31/12/2026
ERN-HOSPITAL REGIONAL DEOCLÉCIO MARQUES LUC.;926787;347;Material;926787-11/2026;Materiais diversos;Catálogo do Compras.gov.br;Material;7520;ACESSÓRIOS E DISPOSITIVOS PARA ESCRITÓRIO;3442;TESOURA;624252;APLICAÇÃO: MULTIUSO, COMPRIMENTO: 275, MATERIAL: LÂMINA DE AÇO, TAMANHO: 105;UN;150,0000;19,1400;2871,0000;0,0000;31/12/2026
ERN-HOSPITAL REGIONAL DEOCLÉCIO MARQUES LUC.;926787;348;Material;926787-11/2026;Materiais diversos;Catálogo do Compras.gov.br;Material;8010;TINTAS, VERNIZES E PRODUTOS CORRELATOS;1598;TINTA / PASTA SERIGRÁFICA;411689;APLICAÇÃO: TECIDO, ASPECTO FÍSICO: LÍQUIDO, COMPONENTES: BASE DE ÁGUA, FORMULADA COM RESINAS TERMOPLÁSTICAS, COR: VERMELHO VIVO;POTE;20,0000;89,0000;1780,0000;0,0000;31/12/2026
ERN-HOSPITAL REGIONAL DEOCLÉCIO MARQUES LUC.;926787;349;Material;926787-11/2026;Materiais diversos;Catálogo do Compras.gov.br;Material;8010;TINTAS, VERNIZES E PRODUTOS CORRELATOS;1598;TINTA / PASTA SERIGRÁFICA;411627;APLICAÇÃO: TECIDO, ASPECTO FÍSICO: LÍQUIDO, CARACTERÍSTICAS ADICIONAIS: SOLVENTES E PIGMENTOS ORGÃMICOS ATÓXICOS, COMPONENTES: RESINA ALQUÍDICA E POLICLORETO DE VINILICA, COR: AZUL MÉDIO;POTE;20,0000;89,0000;1780,0000;0,0000;31/12/2026
ERN-HOSPITAL REGIONAL DEOCLÉCIO MARQUES LUC.;926787;350;Material;926787-11/2026;Materiais diversos;Catálogo do Compras.gov.br;Material;8010;TINTAS, VERNIZES E PRODUTOS CORRELATOS;1598;TINTA / PASTA SERIGRÁFICA;411676;APLICAÇÃO: TECIDO, ASPECTO FÍSICO: LÍQUIDO, CARACTERÍSTICAS ADICIONAIS: SOLVENTES E PIGMENTOS ORGÃMICOS ATÓXICOS, COMPONENTES: RESINA ALQUÍDICA E POLICLORETO DE VINILICA, COR: BRANCO SUPER;POTE;20,0000;89,0000;1780,0000;0,0000;31/12/2026
ERN-HOSPITAL REGIONAL DEOCLÉCIO MARQUES LUC.;926787;351;Material;926787-11/2026;Materiais diversos;Catálogo do Compras.gov.br;Material;7920;VASSOURAS, ESCOVAS, RODOS, ESPONJAS E ESFREGÕES;14017;PÁ COLETORA LIXO;416112;COMPRIMENTO CABO: 90, MATERIAL CABO: PLÁSTICO, MATERIAL COLETOR: PLÁSTICO, MODELO: SEM TAMPA;UN;30,0000;61,5400;1846,2000;0,0000;31/12/2026
ERN-HOSPITAL REGIONAL DEOCLÉCIO MARQUES LUC.;926787;352;Material;926787-11/2026;Materiais diversos;Catálogo do Compras.gov.br;Material;7920;VASSOURAS, ESCOVAS, RODOS, ESPONJAS E ESFREGÕES;14017;PÁ COLETORA LIXO;415155;COMPRIMENTO CABO: 80, MATERIAL CABO: PLÁSTICO, MATERIAL COLETOR: PLÁSTICO RESISTENTE;UN;36,0000;13,9000;500,4000;0,0000;31/12/2026
ERN-HOSPITAL REGIONAL DEOCLÉCIO MARQUES LUC.;926787;353;Material;926787-11/2026;Materiais diversos;Catálogo do Compras.gov.br;Material;7920;VASSOURAS, ESCOVAS, RODOS, ESPONJAS E ESFREGÕES;10344;PANO LIMPEZA;396308;CARACTERÍSTICAS ADICIONAIS: CHÃO, COMPRIMENTO: 70, COR: BRANCA, LARGURA: 50, MATERIAL: 100% ALGODÃO;UN;4500,0000;11,8700;53415,0000;0,0000;31/12/2026
ERN-HOSPITAL REGIONAL DEOCLÉCIO MARQUES LUC.;926787;354;Material;926787-11/2026;Materiais diversos;Catálogo do Compras.gov.br;Material;8540;ARTIGOS DE PAPEL PARA HIGIENE;10383;PAPEL HIGIÊNICO;293194;COMPRIMENTO: 30, COR: BRANCA, LARGURA: 10, MATERIAL: CELULOSE VIRGEM, QUANTIDADE FOLHAS: DUPLA, TIPO: GOFRADO E PICOTADO;UN;9360,0000;16,3400;152942,4000;0,0000;31/12/2026
ERN-HOSPITAL REGIONAL DEOCLÉCIO MARQUES LUC.;926787;355;Material;926787-11/2026;Materiais diversos;Catálogo do Compras.gov.br;Material;8540;ARTIGOS DE PAPEL PARA HIGIENE;10383;PAPEL HIGIÊNICO;227864;CARACTERÍSTICAS ADICIONAIS: EXTRAMACIO, COMPRIMENTO: 300, COR: BRANCA, LARGURA: 10, MATERIAL: CELULOSE VIRGEM, QUANTIDADE FOLHAS: DUPLA, TIPO: PICOTADO;CX;506,0000;119,0100;60219,0600;0,0000;31/12/2026
ERN-HOSPITAL REGIONAL DEOCLÉCIO MARQUES LUC.;926787;356;Material;926787-11/2026;Materiais diversos;Catálogo do Compras.gov.br;Material;8540;ARTIGOS DE PAPEL PARA HIGIENE;12792;TOALHA DE PAPEL;417110;APLICAÇÃO: AMBIENTE HOSPITALAR, CARACTERÍSTICAS ADICIONAIS: BOBINA 250 FL./RESISTENTE A TRAÇÃO/SEM FRAGÂNCIA/B, COMPRIMENTO: 23, COR: BRANCA, LARGURA: 21, MATERIAL: 100% FIBRAS CELULÓSICAS, TIPO FOLHA: 2 DOBRAS;PCT;126,0000;110,5300;13926,7800;0,0000;31/12/2026
ERN-HOSPITAL REGIONAL DEOCLÉCIO MARQUES LUC.;926787;357;Material;926787-11/2026;Materiais diversos;Catálogo do Compras.gov.br;Material;8540;ARTIGOS DE PAPEL PARA HIGIENE;12792;TOALHA DE PAPEL;481231;APLICAÇÃO: HIGIENE PESSOAL, CARACTERÍSTICAS ADICIONAIS: INTERFOLHADA, COMPRIMENTO: 21,50, COR: BRANCA, LARGURA: 24 A 25, MATERIAL: PAPEL, TIPO FOLHA: 2 DOBRAS;PCT;18960,0000;19,0000;360240,0000;0,0000;31/12/2026
ERN-HOSPITAL REGIONAL DEOCLÉCIO MARQUES LUC.;926787;358;Material;926787-11/2026;Materiais diversos;Catálogo do Compras.gov.br;Material;7920;VASSOURAS, ESCOVAS, RODOS, ESPONJAS E ESFREGÕES;11781;RODO;253025;COMPRIMENTO SUPORTE: 60, MATERIAL CABO: MADEIRA, MATERIAL SUPORTE: PLÁSTICO, QUANTIDADE BORRACHAS: 2;UN;300,0000;22,9900;6897,0000;0,0000;31/12/2026
ERN-HOSPITAL REGIONAL DEOCLÉCIO MARQUES LUC.;926787;359;Material;926787-11/2026;Materiais diversos;Catálogo do Compras.gov.br;Material;7920;VASSOURAS, ESCOVAS, RODOS, ESPONJAS E ESFREGÕES;11781;RODO;304919;CARACTERÍSTICAS ADICIONAIS: CABO COM ROSCA, COMPRIMENTO SUPORTE: 30, MATERIAL CABO: MADEIRA PLASTIFICADA, MATERIAL SUPORTE: PLÁSTICO, QUANTIDADE BORRACHAS: 2;UN;300,0000;12,5000;3750,0000;0,0000;31/12/2026
ERN-HOSPITAL REGIONAL DEOCLÉCIO MARQUES LUC.;926787;360;Material;926787-11/2026;Materiais diversos;Catálogo do Compras.gov.br;Material;7930;COMPOSTOS E PREPARADOS PARA LIMPEZA E POLIMENTO;11863;SABÃO BARRA;226631;CARACTERÍSTICAS ADICIONAIS: SEM PERFUME, COMPOSIÇÃO BÁSICA: SAIS + ÁCIDO GRAXO, TIPO: NEUTRO;EMB;1152,0000;11,8800;13685,7600;0,0000;31/12/2026
ERN-HOSPITAL REGIONAL DEOCLÉCIO MARQUES LUC.;926787;361;Material;926787-11/2026;Materiais diversos;Catálogo do Compras.gov.br;Material;7930;COMPOSTOS E PREPARADOS PARA LIMPEZA E POLIMENTO;11865;SABÃO PÓ;436764;ASPECTO FÍSICO: PÓ, CARACTERÍSTICAS ADICIONAIS: BRANQUEADOR ÓPTICO, ESSÊNCIA, ALVEJANTE E CARGA, COMPOSIÇÃO: TENSOATIVO ANIÔNICO, TAMPONANTES E CORANTES;CX;1800,0000;9,9000;17820,0000;0,0000;31/12/2026
ERN-HOSPITAL REGIONAL DEOCLÉCIO MARQUES LUC.;926787;362;Material;926787-11/2026;Materiais diversos;Catálogo do Compras.gov.br;Material;8105;SACOS E BOLSAS;11903;SACO PLÁSTICO LIXO;626245;APLICAÇÃO: RESÍDUOS COMUNS DIVERSOS, CAPACIDADE: 60, CARACTERÍSTICAS ADICIONAIS: REFORÇADO, COR: PRETA, ESPESSURA: 4 MICRA, MATERIAL: POLIETILENO;PCT;3500,0000;32,9000;115150,0000;0,0000;31/12/2026
ERN-HOSPITAL REGIONAL DEOCLÉCIO MARQUES LUC.;926787;363;Material;926787-11/2026;Materiais diversos;Catálogo do Compras.gov.br;Material;8105;SACOS E BOLSAS;11903;SACO PLÁSTICO LIXO;470833;APLICAÇÃO: COLETA DE LIXO, CAPACIDADE: 100, COR: PRETA, MATERIAL: POLIETILENO;PCT;4500,0000;51,4900;231705,0000;0,0000;31/12/2026
ERN-HOSPITAL REGIONAL DEOCLÉCIO MARQUES LUC.;926787;364;Material;926787-11/2026;Materiais diversos;Catálogo do Compras.gov.br;Material;8105;SACOS E BOLSAS;11903;SACO PLÁSTICO LIXO;458145;ALTURA: 110, APLICAÇÃO: COLETA DE LIXO, CAPACIDADE: 200, CARACTERÍSTICAS ADICIONAIS: REFORÇADO, COR: PRETA, ESPESSURA: 12 MICRA, LARGURA: 90, MATERIAL: POLIETILENO;PCT;4500,0000;69,4700;312615,0000;0,0000;31/12/2026
ERN-HOSPITAL REGIONAL DEOCLÉCIO MARQUES LUC.;926787;365;Material;926787-11/2026;Materiais diversos;Catálogo do Compras.gov.br;Material;8105;SACOS E BOLSAS;11903;SACO PLÁSTICO LIXO;398561;ALTURA: 80, CAPACIDADE: 50, CARACTERÍSTICAS ADICIONAIS: PEÇA ÚNICA/SUPORTA 10KG/IDENTIFICADO/ETIQUETADO, COR: PRETA, ESPESSURA: 0,06, LARGURA: 63, MATERIAL: POLIETILENO ALTA DENSIDADE;PCT;3500,0000;32,5000;113750,0000;0,0000;31/12/2026
ERN-HOSPITAL REGIONAL DEOCLÉCIO MARQUES LUC.;926787;366;Material;926787-11/2026;Materiais diversos;Catálogo do Compras.gov.br;Material;8105;SACOS E BOLSAS;11903;SACO PLÁSTICO LIXO;398560;ALTURA: 105, CAPACIDADE: 100, CARACTERÍSTICAS ADICIONAIS: PEÇA ÚNICA/SUPORTA 30KG/IDENTIFICADO/ETIQUETADO, COR: BRANCO LEITOSO, ESPESSURA: 0,10, LARGURA: 75, MATERIAL: POLIETILENO ALTA DENSIDADE;PCT;4500,0000;38,4500;173025,0000;0,0000;31/12/2026
ERN-HOSPITAL REGIONAL DEOCLÉCIO MARQUES LUC.;926787;367;Material;926787-11/2026;Materiais diversos;Catálogo do Compras.gov.br;Material;7930;COMPOSTOS E PREPARADOS PARA LIMPEZA E POLIMENTO;11634;REMOVEDOR;345458;APLICAÇÃO: BASE SELADORA, ACABAMENTO ACRÍLICO E CERA, ASPECTO FÍSICO: LÍQUIDO, CARACTERÍSTICAS ADICIONAIS: COMPOSTO LAURIL SULFATO DE SÓDIO, COR: BRANCA, TIPO: CONCENTRADO;BOM;8,0000;189,0000;1512,0000;0,0000;31/12/2026
ERN-HOSPITAL REGIONAL DEOCLÉCIO MARQUES LUC.;926787;368;Material;926787-11/2026;Materiais diversos;Catálogo do Compras.gov.br;Material;7920;VASSOURAS, ESCOVAS, RODOS, ESPONJAS E ESFREGÕES;13327;VASSOURA;234645;CARACTERÍSTICAS ADICIONAIS: COM CABO ROSQUEADO, LARGURA CEPA: 21, MATERIAL CEPA: PLÁSTICO, MATERIAL CERDAS: NÁILON, MATERIAL CABO: MADEIRA, COMPRIMENTO CERDAS: 11, TIPO: DOMÉSTICA, TIPO CABO: COMPRIDO, APLICAÇÃO: LIMPEZA EM GERAL;UN;86,0000;19,9000;1711,4000;0,0000;31/12/2026
ERN-HOSPITAL REGIONAL DEOCLÉCIO MARQUES LUC.;926787;369;Material;926787-11/2026;Materiais diversos;Catálogo do Compras.gov.br;Material;8540;ARTIGOS DE PAPEL PARA HIGIENE;8122;GUARDANAPO DE PAPEL;392703;COMPRIMENTO: 24, COR: BRANCA, LARGURA: 22, MATERIAL: CELULOSE, TIPO FOLHAS: SIMPLES;UN;1728,0000;8,0000;13824,0000;0,0000;31/12/2026
ERN-HOSPITAL REGIONAL DEOCLÉCIO MARQUES LUC.;926787;370;Material;926787-11/2026;Materiais diversos;Catálogo do Compras.gov.br;Material;8145;RECIPIENTES ESPECIALIZADOS PARA TRANSPORTE E ARMAZENAGEM;6502;EMBALAGEM;346209;CARACTERÍSTICAS ADICIONAIS: COM TAMPA, Nº 8, MATERIAL: ISOPOR, TIPO: QUENTINHA;UN;2160,0000;7,0000;15120,0000;0,0000;31/12/2026
ERN-HOSPITAL REGIONAL DEOCLÉCIO MARQUES LUC.;926787;371;Material;926787-11/2026;Materiais diversos;Catálogo do Compras.gov.br;Material;9310;PAPÉIS E PAPELÕES;49;PAPEL VEGETAL;266419;COMPRIMENTO: 297, FORMATO: A4, GRAMATURA: 70, LARGURA: 210, TIPO: TRANSPARENTE;RES;4032,0000;29,9000;120556,8000;0,0000;31/12/2026
ERN-HOSPITAL REGIONAL DEOCLÉCIO MARQUES LUC.;926787;372;Material;926787-11/2026;Materiais diversos;Catálogo do Compras.gov.br;Material;8135;MATERIAIS A GRANEL PARA ACONDICIONAMENTO E EMBALAGEM;148;GRAMPO PASTA;602251;CARACTERÍSTICAS ADICIONAIS: ENCAIXE MACHO/FÊMEA, COMPRIMENTO: 190, COR: BRANCA, DISTÂNCIA ENTRE FUROS: 70, LARGURA: 1, MATERIAL: PLÁSTICO, TIPO: CLIKTELOS;CX;3,0000;24,9000;74,7000;0,0000;31/12/2026
ERN-HOSPITAL REGIONAL DEOCLÉCIO MARQUES LUC.;926787;373;Material;926787-11/2026;Materiais diversos;Catálogo do Compras.gov.br;Material;7520;ACESSÓRIOS E DISPOSITIVOS PARA ESCRITÓRIO;20;PASTA ARQUIVO;625277;ALTURA: 297, CAPACIDADE: 10, COR: ROSA, LARGURA: 210, MATERIAL: POLIPROPILENO, TIPO:  L;CX;1,0000;79,9000;79,9000;0,0000;31/12/2026
ERN-HOSPITAL REGIONAL DEOCLÉCIO MARQUES LUC.;926787;374;Material;926787-11/2026;Materiais diversos;Catálogo do Compras.gov.br;Material;7520;ACESSÓRIOS E DISPOSITIVOS PARA ESCRITÓRIO;18258;TINTA PARA CARIMBO;381380;APLICAÇÃO: ALMOFADA, ASPECTO FÍSICO: LÍQUIDO, COMPONENTES: BASE GLICERINA, COR: PRETA;CX;7,0000;68,7300;481,1100;0,0000;31/12/2026
ERN-HOSPITAL REGIONAL DEOCLÉCIO MARQUES LUC.;926787;375;Material;926787-11/2026;Materiais diversos;Catálogo do Compras.gov.br;Material;7930;COMPOSTOS E PREPARADOS PARA LIMPEZA E POLIMENTO;14576;AROMATIZANTE AMBIENTAL;283789;APRESENTAÇÃO: AEROSOL, AROMA: LAVANDA, CARACTERÍSTICAS ADICIONAIS: BIODEGRADÁVEL, APLICAÇÃO: GERAL;UN;350,0000;17,7600;6216,0000;0,0000;31/12/2026
ERN-HOSPITAL REGIONAL DEOCLÉCIO MARQUES LUC.;926787;376;Material;926787-11/2026;Materiais diversos;Catálogo do Compras.gov.br;Material;7920;VASSOURAS, ESCOVAS, RODOS, ESPONJAS E ESFREGÕES;10344;PANO LIMPEZA;620723;APLICAÇÃO: USO GERAL, CARACTERÍSTICAS ADICIONAIS: DESTACÁVEIS,  ALTO GRAU DE ABSORÇÃO, COMPRIMENTO: 30, GRAMATURA: 35, LARGURA: 50, MATERIAL: 50% CELULOSE E 50% POLIÉSTER, TIPO: SALA LIMPA;RO;400,0000;66,9000;26760,0000;0,0000;31/12/2026
ERN-HOSPITAL REGIONAL DEOCLÉCIO MARQUES LUC.;926787;377;Material;926787-11/2026;Materiais diversos;Catálogo do Compras.gov.br;Material;8135;MATERIAIS A GRANEL PARA ACONDICIONAMENTO E EMBALAGEM;1347;PAPEL FILME;220981;APLICAÇÃO: DOMÉSTICA, APRESENTAÇÃO: ROLO, COMPRIMENTO: 300, LARGURA: 29, MATERIAL: PVC - CLORETO DE POLIVINILA;BOB;350,0000;29,5000;10325,0000;0,0000;31/12/2026
ERN-HOSPITAL REGIONAL DEOCLÉCIO MARQUES LUC.;926787;378;Material;926787-10/2026;Tapeçaria e itens de escritório;Catálogo do Compras.gov.br;Material;7350;LOUÇA E ARTIGOS DE MESA;5849;COPO DESCARTÁVEL;618311;CAPACIDADE: 50, CARACTERÍSTICAS ADICIONAIS: PACOTE 100 UNIDADES, MATERIAL: PLÁSTICO;CX;120,0000;185,0000;22200,0000;0,0000;31/12/2026
ERN-HOSPITAL REGIONAL DEOCLÉCIO MARQUES LUC.;926787;379;Material;926787-10/2026;Tapeçaria e itens de escritório;Catálogo do Compras.gov.br;Material;7510;ARTIGOS PARA ESCRITÓRIO;38;ALFINETE MAPA;607788;COMPRIMENTO: 10, COR: VARIADA, MATERIAL: METAL, MATERIAL CABEÇA: PLÁSTICO, TRATAMENTO SUPERFICIAL: GALVANIZADO;CX;20,0000;12,5400;250,8000;0,0000;31/12/2026
ERN-HOSPITAL REGIONAL DEOCLÉCIO MARQUES LUC.;926787;380;Material;926787-10/2026;Tapeçaria e itens de escritório;Catálogo do Compras.gov.br;Material;7510;ARTIGOS PARA ESCRITÓRIO;19708;CAIXA ARQUIVO;625317;CARACTERÍSTICAS ADICIONAIS: COM DADOS DE IDENTIFICACAO DO PRODUTO A MARCA DO F, COR: VERDE, DIMENSÃO (C X L X A): 360 X 130 X 250, IMPRESSÃO: CONFORME MODELO, MATERIAL: PLASTICO POLIONDA;UN;200,0000;6,0300;1206,0000;0,0000;31/12/2026
ERN-HOSPITAL REGIONAL DEOCLÉCIO MARQUES LUC.;926787;381;Material;926787-10/2026;Tapeçaria e itens de escritório;Catálogo do Compras.gov.br;Material;7510;ARTIGOS PARA ESCRITÓRIO;99;CANETA ESFEROGRÁFICA;461461;COR TINTA: AZUL, MATERIAL: PLÁSTICO, MATERIAL PONTA: LATÃO COM ESFERA DE TUNGSTÊNIO, QUANTIDADE CARGAS: 1, TIPO ESCRITA: MÉDIA;UN;1100,0000;1,1000;1210,0000;0,0000;31/12/2026
ERN-HOSPITAL REGIONAL DEOCLÉCIO MARQUES LUC.;926787;382;Material;926787-10/2026;Tapeçaria e itens de escritório;Catálogo do Compras.gov.br;Material;7510;ARTIGOS PARA ESCRITÓRIO;99;CANETA ESFEROGRÁFICA;428530;CARACTERÍSTICAS ADICIONAIS: ATÓXICA, CORPO CILÍNDRICO, COR TINTA: VERMELHA, MATERIAL: PLÁSTICO RECICLADO, MATERIAL PONTA: ESFERA DE TUNGSTÊNIO, TIPO ESCRITA: GROSSA;UN;600,0000;1,0500;630,0000;0,0000;31/12/2026
ERN-HOSPITAL REGIONAL DEOCLÉCIO MARQUES LUC.;926787;383;Material;926787-10/2026;Tapeçaria e itens de escritório;Catálogo do Compras.gov.br;Material;7510;ARTIGOS PARA ESCRITÓRIO;26;PAPEL CARBONO;389545;APLICAÇÃO: ESCRITA MANUAL, COMPRIMENTO: 210, COR: PRETA, LARGURA: 148, MATERIAL: PAPEL, TIPO: MONOFACE;CX;5,0000;61,3500;306,7500;0,0000;31/12/2026
ERN-HOSPITAL REGIONAL DEOCLÉCIO MARQUES LUC.;926787;384;Material;926787-10/2026;Tapeçaria e itens de escritório;Catálogo do Compras.gov.br;Material;7510;ARTIGOS PARA ESCRITÓRIO;11;CLIPE;463460;APLICAÇÃO: FIXAR PAPÉIS E SIMILARES, FORMATO: PARALELO, MATERIAL: ARAME DE AÇO, TAMANHO: 2/0, TRATAMENTO SUPERFICIAL: GALVANIZADO;CX;200,0000;9,5000;1900,0000;0,0000;31/12/2026
ERN-HOSPITAL REGIONAL DEOCLÉCIO MARQUES LUC.;926787;385;Material;926787-10/2026;Tapeçaria e itens de escritório;Catálogo do Compras.gov.br;Material;7510;ARTIGOS PARA ESCRITÓRIO;11;CLIPE;458597;FORMATO: PARALELO, MATERIAL: ARAME DE AÇO, TAMANHO: 8/0, TRATAMENTO SUPERFICIAL: GALVANIZADO;CX;50,0000;5,7000;285,0000;0,0000;31/12/2026
ERN-HOSPITAL REGIONAL DEOCLÉCIO MARQUES LUC.;926787;386;Material;926787-10/2026;Tapeçaria e itens de escritório;Catálogo do Compras.gov.br;Material;7510;ARTIGOS PARA ESCRITÓRIO;11;CLIPE;432336;FORMATO: TRANÇADO, MATERIAL: METAL, TAMANHO: 4/0, TRATAMENTO SUPERFICIAL: GALVANIZADO;CX;100,0000;7,8900;789,0000;0,0000;31/12/2026
ERN-HOSPITAL REGIONAL DEOCLÉCIO MARQUES LUC.;926787;387;Material;926787-10/2026;Tapeçaria e itens de escritório;Catálogo do Compras.gov.br;Material;7510;ARTIGOS PARA ESCRITÓRIO;13894;COLA;622132;APLICAÇÃO: PAPEL, APRESENTAÇÃO: 90, CARACTERÍSTICAS ADICIONAIS: VALIDADE MÍNIMA 12 MESES C/SELO DO INMETRO, COMPOSIÇÃO: BASE ÁGUA, COR: BRANCA, TIPO: LÍQUIDO;CX;200,0000;51,4700;10294,0000;0,0000;31/12/2026
ERN-HOSPITAL REGIONAL DEOCLÉCIO MARQUES LUC.;926787;388;Material;926787-10/2026;Tapeçaria e itens de escritório;Catálogo do Compras.gov.br;Material;7510;ARTIGOS PARA ESCRITÓRIO;1540;COLCHETE;353047;MATERIAL: LATÃO, TAMANHO: Nº 09, TIPO: PRESSÃO, TRATAMENTO SUPERFICIAL: NIQUELADO;CX;220,0000;14,3200;3150,4000;0,0000;31/12/2026
ERN-HOSPITAL REGIONAL DEOCLÉCIO MARQUES LUC.;926787;389;Material;926787-10/2026;Tapeçaria e itens de escritório;Catálogo do Compras.gov.br;Material;7510;ARTIGOS PARA ESCRITÓRIO;1540;COLCHETE;309213;MATERIAL: LATÃO, TAMANHO: Nº 10, TIPO: GANCHO, TRATAMENTO SUPERFICIAL: NIQUELADO;CX;200,0000;14,8600;2972,0000;0,0000;31/12/2026
ERN-HOSPITAL REGIONAL DEOCLÉCIO MARQUES LUC.;926787;390;Material;926787-10/2026;Tapeçaria e itens de escritório;Catálogo do Compras.gov.br;Material;7510;ARTIGOS PARA ESCRITÓRIO;1540;COLCHETE;261267;MATERIAL: LATÃO, TAMANHO: Nº 08, TIPO: GANCHO;CX;200,0000;18,9500;3790,0000;0,0000;31/12/2026
ERN-HOSPITAL REGIONAL DEOCLÉCIO MARQUES LUC.;926787;391;Material;926787-10/2026;Tapeçaria e itens de escritório;Catálogo do Compras.gov.br;Material;7510;ARTIGOS PARA ESCRITÓRIO;1540;COLCHETE;292050;MATERIAL: LATÃO, TAMANHO: Nº5, TIPO: GANCHO;CX;220,0000;11,2100;2466,2000;0,0000;31/12/2026
ERN-HOSPITAL REGIONAL DEOCLÉCIO MARQUES LUC.;926787;392;Material;926787-10/2026;Tapeçaria e itens de escritório;Catálogo do Compras.gov.br;Material;7510;ARTIGOS PARA ESCRITÓRIO;18;CORRETIVO LÍQUIDO;394475;CARACTERÍSTICAS ADICIONAIS: ATÓXICO, LAVÁVEL, INODORO, MATERIAL: BASE D'ÁGUA - SECAGEM RÁPIDA;UN;150,0000;6,9000;1035,0000;0,0000;31/12/2026
ERN-HOSPITAL REGIONAL DEOCLÉCIO MARQUES LUC.;926787;393;Material;926787-10/2026;Tapeçaria e itens de escritório;Catálogo do Compras.gov.br;Material;7510;ARTIGOS PARA ESCRITÓRIO;18071;FITA ADESIVA;626828;COMPRIMENTO: 50, COR: BRANCA, LARGURA: 48, MATERIAL: CREPE;UN;100,0000;10,2500;1025,0000;0,0000;31/12/2026
ERN-HOSPITAL REGIONAL DEOCLÉCIO MARQUES LUC.;926787;394;Material;926787-10/2026;Tapeçaria e itens de escritório;Catálogo do Compras.gov.br;Material;7510;ARTIGOS PARA ESCRITÓRIO;18071;FITA ADESIVA;626116;COMPRIMENTO: 30, COR: TRANSPARENTE, LARGURA: 12, MATERIAL: POLIPROPILENO, TIPO: DUREX;UN;720,0000;1,2500;900,0000;0,0000;31/12/2026
ERN-HOSPITAL REGIONAL DEOCLÉCIO MARQUES LUC.;926787;395;Material;926787-10/2026;Tapeçaria e itens de escritório;Catálogo do Compras.gov.br;Material;7510;ARTIGOS PARA ESCRITÓRIO;18071;FITA ADESIVA;626117;COMPRIMENTO: 50, COR: TRANSPARENTE, LARGURA: 48, MATERIAL: POLIPROPILENO;UN;360,0000;4,4900;1616,4000;0,0000;31/12/2026
ERN-HOSPITAL REGIONAL DEOCLÉCIO MARQUES LUC.;926787;396;Material;926787-10/2026;Tapeçaria e itens de escritório;Catálogo do Compras.gov.br;Material;7510;ARTIGOS PARA ESCRITÓRIO;19705;ENVELOPE;626114;CARACTERÍSTICAS ADICIONAIS: PAPEL DE PRIMEIRA LINHA E ÓTIMO ACABAMENTO, COR: PARDA, GRAMATURA: 90, MATERIAL: KRAFT, MODELO: OFÍCIO, TAMANHO (C X L): 240 X 340;UN;1000,0000;0,6100;610,0000;0,0000;31/12/2026
ERN-HOSPITAL REGIONAL DEOCLÉCIO MARQUES LUC.;926787;397;Material;926787-10/2026;Tapeçaria e itens de escritório;Catálogo do Compras.gov.br;Material;7510;ARTIGOS PARA ESCRITÓRIO;19705;ENVELOPE;614636;COR: PARDA, GRAMATURA: 110, MATERIAL: KRAFT, MODELO: SACO COMUM, TAMANHO (C X L): 450 X 370;UN;200,0000;0,7000;140,0000;0,0000;31/12/2026
ERN-HOSPITAL REGIONAL DEOCLÉCIO MARQUES LUC.;926787;398;Material;926787-10/2026;Tapeçaria e itens de escritório;Catálogo do Compras.gov.br;Material;7510;ARTIGOS PARA ESCRITÓRIO;18071;FITA ADESIVA;481470;LARGURA: 18, MATERIAL: CREPE, TIPO: ADESIVA;UN;150,0000;4,9000;735,0000;0,0000;31/12/2026
ERN-HOSPITAL REGIONAL DEOCLÉCIO MARQUES LUC.;926787;399;Material;926787-10/2026;Tapeçaria e itens de escritório;Catálogo do Compras.gov.br;Material;7510;ARTIGOS PARA ESCRITÓRIO;18071;FITA ADESIVA;626828;COMPRIMENTO: 50, COR: BRANCA, LARGURA: 48, MATERIAL: CREPE;UN;450,0000;12,9000;5805,0000;0,0000;31/12/2026
ERN-HOSPITAL REGIONAL DEOCLÉCIO MARQUES LUC.;926787;422;Material;926787-10/2026;Tapeçaria e itens de escritório;Catálogo do Compras.gov.br;Material;7510;ARTIGOS PARA ESCRITÓRIO;205;BORRACHA APAGADORA ESCRITA;420595;COMPRIMENTO: 54, COR: AZUL E VERMELHA, LARGURA: 23, MATERIAL: BORRACHA, TIPO: MACIA;CX;3,0000;44,7400;134,2200;0,0000;31/12/2026
ERN-HOSPITAL REGIONAL DEOCLÉCIO MARQUES LUC.;926787;400;Material;926787-10/2026;Tapeçaria e itens de escritório;Catálogo do Compras.gov.br;Material;7510;ARTIGOS PARA ESCRITÓRIO;18071;FITA ADESIVA;611018;APLICAÇÃO: GRÁFICO, COMPRIMENTO: 30, COR: TRANSPARENTE, LARGURA: 12, MATERIAL: PAPEL, TIPO: DUPLA FACE;UN;30,0000;29,9000;897,0000;0,0000;31/12/2026
ERN-HOSPITAL REGIONAL DEOCLÉCIO MARQUES LUC.;926787;401;Material;926787-10/2026;Tapeçaria e itens de escritório;Catálogo do Compras.gov.br;Material;7510;ARTIGOS PARA ESCRITÓRIO;28;GRAMPO GRAMPEADOR;394527;CARACTERÍSTICAS ADICIONAIS: 210 GRAMPOS POR PENTE, MATERIAL: METAL, TAMANHO: 26/6, TRATAMENTO SUPERFICIAL: NIQUELADO;CX;100,0000;6,6000;660,0000;0,0000;31/12/2026
ERN-HOSPITAL REGIONAL DEOCLÉCIO MARQUES LUC.;926787;402;Material;926787-10/2026;Tapeçaria e itens de escritório;Catálogo do Compras.gov.br;Material;7510;ARTIGOS PARA ESCRITÓRIO;28;GRAMPO GRAMPEADOR;334390;CARACTERÍSTICAS ADICIONAIS: 78 GRAMPOS POR PENTE, MATERIAL: METAL, TAMANHO: 23/10, TRATAMENTO SUPERFICIAL: GALVANIZADO, USO: GRAMPEADOR DE MESA;CX;10,0000;30,9000;309,0000;0,0000;31/12/2026
ERN-HOSPITAL REGIONAL DEOCLÉCIO MARQUES LUC.;926787;403;Material;926787-10/2026;Tapeçaria e itens de escritório;Catálogo do Compras.gov.br;Material;7510;ARTIGOS PARA ESCRITÓRIO;12;LÁPIS PRETO;405822;CARACTERÍSTICAS ADICIONAIS: Nº 2, APONTADO, DIÂMETRO CARGA: 2, DUREZA CARGA: HB, FORMATO CORPO: CILÍNDRICO, MATERIAL CARGA: GRAFITE, MATERIAL CORPO: MADEIRA;CX;5,0000;44,9000;224,5000;0,0000;31/12/2026
ERN-HOSPITAL REGIONAL DEOCLÉCIO MARQUES LUC.;926787;404;Material;926787-10/2026;Tapeçaria e itens de escritório;Catálogo do Compras.gov.br;Material;7510;ARTIGOS PARA ESCRITÓRIO;14013;PINCEL MARCADOR PERMANENTE CD;432309;COR TINTA: VARIADA, MATERIAL: PLÁSTICO RECICLADO, TIPO PONTA: FELTRO;UN;450,0000;6,5700;2956,5000;0,0000;31/12/2026
ERN-HOSPITAL REGIONAL DEOCLÉCIO MARQUES LUC.;926787;405;Material;926787-10/2026;Tapeçaria e itens de escritório;Catálogo do Compras.gov.br;Material;7510;ARTIGOS PARA ESCRITÓRIO;;;;;-;0,0000;0,0000;1900,0000;0,0000;31/12/2026
ERN-HOSPITAL REGIONAL DEOCLÉCIO MARQUES LUC.;926787;406;Material;926787-10/2026;Tapeçaria e itens de escritório;Catálogo do Compras.gov.br;Material;7510;ARTIGOS PARA ESCRITÓRIO;18075;CANETA MARCA-TEXTO;486374;CARACTERÍSTICAS ADICIONAIS: TRAÇO 4 MM, COR: AMARELA, MATERIAL: PLÁSTICO, TIPO PONTA: CHANFRADA;CX;35,0000;24,4800;856,8000;0,0000;31/12/2026
ERN-HOSPITAL REGIONAL DEOCLÉCIO MARQUES LUC.;926787;407;Material;926787-10/2026;Tapeçaria e itens de escritório;Catálogo do Compras.gov.br;Material;7510;ARTIGOS PARA ESCRITÓRIO;2107;ADESIVO USO GERAL;;;-;0,0000;0,0000;2711,4000;0,0000;31/12/2026
ERN-HOSPITAL REGIONAL DEOCLÉCIO MARQUES LUC.;926787;408;Material;926787-10/2026;Tapeçaria e itens de escritório;Catálogo do Compras.gov.br;Material;7510;ARTIGOS PARA ESCRITÓRIO;20;PASTA ARQUIVO;622232;ALTURA: 300, CAPACIDADE: 100 SACOS PLÁSTICOS, COR: PRETA, LARGURA: 255, MATERIAL: PAPELÃO REVESTIDO DE PVC, TIPO: CATÁLOGO, TAMANHO: A4;UN;100,0000;37,6900;3769,0000;0,0000;31/12/2026
ERN-HOSPITAL REGIONAL DEOCLÉCIO MARQUES LUC.;926787;409;Material;926787-10/2026;Tapeçaria e itens de escritório;Catálogo do Compras.gov.br;Material;7510;ARTIGOS PARA ESCRITÓRIO;20;PASTA ARQUIVO;616996;ALTURA: 345, CARACTERÍSTICAS ADICIONAIS 2: VISOR PLÁSTICO NA LOMBADA, LARGURA: 285, LOMBADA: 5,3, MATERIAL: POLIPROPILENO, TIPO: REGISTRADORA AZ;UN;200,0000;18,9900;3798,0000;0,0000;31/12/2026
ERN-HOSPITAL REGIONAL DEOCLÉCIO MARQUES LUC.;926787;410;Material;926787-10/2026;Tapeçaria e itens de escritório;Catálogo do Compras.gov.br;Material;7510;ARTIGOS PARA ESCRITÓRIO;20;PASTA ARQUIVO;625930;ALTURA: 340, APLICAÇÃO: ARMAZENAR DOCUMENTOS E IMPRESSOS, CARACTERÍSTICAS ADICIONAIS 1: COM GRAMPO TRILHO, COR: VARIADA, LARGURA: 230, MATERIAL: CARTÃO DUPLO PLASTIFICADO;UN;400,0000;3,0700;1228,0000;0,0000;31/12/2026
ERN-HOSPITAL REGIONAL DEOCLÉCIO MARQUES LUC.;926787;411;Material;926787-10/2026;Tapeçaria e itens de escritório;Catálogo do Compras.gov.br;Material;7510;ARTIGOS PARA ESCRITÓRIO;20;PASTA ARQUIVO;482238;ALTURA: 55, APLICAÇÃO: MATERIAL DE EXPEDIENTE E ESCRITORIO, CARACTERÍSTICAS ADICIONAIS: MONTÁVEL E COM ELÁSTICO, COR: VARIADA, LARGURA: 225, MATERIAL: PLÁSTICO CORRUGADO FLEXÍVEL, TAMANHO: 315 MM;UN;150,0000;3,5500;532,5000;0,0000;31/12/2026
ERN-HOSPITAL REGIONAL DEOCLÉCIO MARQUES LUC.;926787;412;Material;926787-10/2026;Tapeçaria e itens de escritório;Catálogo do Compras.gov.br;Material;7510;ARTIGOS PARA ESCRITÓRIO;20;PASTA ARQUIVO;613284;CARACTERÍSTICAS ADICIONAIS 1: 12 DIVISÕES, FECHAMENTO COM ELÁSTICO, COR: INCOLOR, MATERIAL: POLIPROPILENO, TIPO: SANFONADA, TAMANHO: 330 X 240 MM;UN;50,0000;20,8200;1041,0000;0,0000;31/12/2026
ERN-HOSPITAL REGIONAL DEOCLÉCIO MARQUES LUC.;926787;413;Material;926787-10/2026;Tapeçaria e itens de escritório;Catálogo do Compras.gov.br;Material;7510;ARTIGOS PARA ESCRITÓRIO;109;PERCEVEJO;425254;MATERIAL: METAL, TAMANHO: 2, TRATAMENTO SUPERFICIAL: LATONADO;CX;10,0000;10,5000;105,0000;0,0000;31/12/2026
ERN-HOSPITAL REGIONAL DEOCLÉCIO MARQUES LUC.;926787;414;Material;926787-10/2026;Tapeçaria e itens de escritório;Catálogo do Compras.gov.br;Material;7510;ARTIGOS PARA ESCRITÓRIO;24;RÉGUA ESCRITÓRIO;607725;CARACTERÍSTICAS ADICIONAIS: P/ PORTADOR DE DEFICIÊNCIA VISUAL, BRAILLE, COMPRIMENTO: 30, COR: INCOLOR, GRADUAÇÃO: CENTÍMETRO, MATERIAL: PLÁSTICO;PCT;6,0000;25,9000;155,4000;0,0000;31/12/2026
ERN-HOSPITAL REGIONAL DEOCLÉCIO MARQUES LUC.;926787;415;Material;926787-10/2026;Tapeçaria e itens de escritório;Catálogo do Compras.gov.br;Material;7510;ARTIGOS PARA ESCRITÓRIO;18258;TINTA PARA CARIMBO;411718;ASPECTO FÍSICO: LÍQUIDO, COMPONENTES: BASE D'ÁGUA, CORANTE, SOLVENTES E ADITIVOS, COR: PRETA;CX;8,0000;74,5300;596,2400;0,0000;31/12/2026
ERN-HOSPITAL REGIONAL DEOCLÉCIO MARQUES LUC.;926787;416;Material;926787-10/2026;Tapeçaria e itens de escritório;Catálogo do Compras.gov.br;Material;7340;CUTELARIA E TALHERES;14921;COLHER DESCARTÁVEL;235787;APLICAÇÃO: REFEIÇÃO, COR: BRANCA, MATERIAL: PLÁSTICO;UN;3168,0000;3,8900;12323,5200;0,0000;31/12/2026
ERN-HOSPITAL REGIONAL DEOCLÉCIO MARQUES LUC.;926787;417;Material;926787-10/2026;Tapeçaria e itens de escritório;Catálogo do Compras.gov.br;Material;7350;LOUÇA E ARTIGOS DE MESA;5849;COPO DESCARTÁVEL;618311;CAPACIDADE: 50, CARACTERÍSTICAS ADICIONAIS: PACOTE 100 UNIDADES, MATERIAL: PLÁSTICO;UN;2160,0000;3,3000;7128,0000;0,0000;31/12/2026
ERN-HOSPITAL REGIONAL DEOCLÉCIO MARQUES LUC.;926787;418;Material;926787-10/2026;Tapeçaria e itens de escritório;Catálogo do Compras.gov.br;Material;7350;LOUÇA E ARTIGOS DE MESA;5849;COPO DESCARTÁVEL;451994;APLICAÇÃO: ÁGUA, CAPACIDADE: 150, MATERIAL: PLÁSTICO;UN;5760,0000;4,5000;25920,0000;0,0000;31/12/2026
ERN-HOSPITAL REGIONAL DEOCLÉCIO MARQUES LUC.;926787;419;Material;926787-10/2026;Tapeçaria e itens de escritório;Catálogo do Compras.gov.br;Material;7350;LOUÇA E ARTIGOS DE MESA;5849;COPO DESCARTÁVEL;346293;APLICAÇÃO: ÁGUA/SUCO E REFRIGERENTE, CAPACIDADE: 300, CARACTERÍSTICAS ADICIONAIS: SEM TAMPA, MATERIAL: POLIESTIRENO;UN;2300,0000;14,9800;34454,0000;0,0000;31/12/2026
ERN-HOSPITAL REGIONAL DEOCLÉCIO MARQUES LUC.;926787;420;Material;926787-10/2026;Tapeçaria e itens de escritório;Catálogo do Compras.gov.br;Material;7340;CUTELARIA E TALHERES;1146;GARFO MESA;299963;CARACTERÍSTICAS ADICIONAIS: INCOLOR, MATERIAL CORPO: PLÁSTICO, TIPO: ADULTO;UN;3168,0000;3,8900;12323,5200;0,0000;31/12/2026
ERN-HOSPITAL REGIONAL DEOCLÉCIO MARQUES LUC.;926787;421;Material;926787-10/2026;Tapeçaria e itens de escritório;Catálogo do Compras.gov.br;Material;7340;CUTELARIA E TALHERES;12501;TALHER DESCARTÁVEL;457777;APLICAÇÃO: REFEIÇÃO, CARACTERÍSTICAS ADICIONAIS: KITS ENSACADOS,COM,FACA,GARFO E UMA COLHER DE SOPA, MATERIAL: PLÁSTICO, TAMANHO: MÍNIMO 18 CM, TIPO: KIT;UN;300,0000;25,9900;7797,0000;0,0000;31/12/2026
ERN-HOSPITAL REGIONAL DEOCLÉCIO MARQUES LUC.;926787;423;Material;926787-10/2026;Tapeçaria e itens de escritório;Catálogo do Compras.gov.br;Material;7350;LOUÇA E ARTIGOS DE MESA;16152;TAMPA COPO;251240;CAPACIDADE COPO: 300, COR: BRANCA, DIÂMETRO: 65, MATERIAL: POLIESTIRENO, TIPO: DESCARTÁVEL;CX;115,0000;179,0000;20585,0000;0,0000;31/12/2026
ERN-HOSPITAL REGIONAL DEOCLÉCIO MARQUES LUC.;926787;424;Serviço;926787-9/2026;Serviços gerais;Catálogo do Compras.gov.br;Serviço;853;SERVIÇOS DE LIMPEZA;;;16527;LIMPEZA DE FOSSA / ESGOTO / BOCA DE LOBO;-;12,0000;21640,0000;259680,0000;0,0000;30/12/2026
ERN-HOSPITAL REGIONAL DEOCLÉCIO MARQUES LUC.;926787;425;Serviço;926787-9/2026;Serviços gerais;Catálogo do Compras.gov.br;Serviço;546;SERVIÇOS DE INSTALAÇÃO;;;3557;INSTALAÇÃO / MANUTENÇÃO - ELEVADORES, ESCADAS ROLANTES, MON-TA - CARGAS / PLATAFORMA / ESCADAS;-;12,0000;1500,0000;18000,0000;0,0000;30/12/2026
ERN-HOSPITAL REGIONAL DEOCLÉCIO MARQUES LUC.;926787;426;Serviço;926787-9/2026;Serviços gerais;Catálogo do Compras.gov.br;Serviço;731;SERVIÇOS DE LEASING OU ALUGUEL VEÍCULOS A MOTOR, FERROVIÁRIOEMBARCAÇÕES, AERONAVES, DE EQUIPAMENTO DE TRANSPORTE, S/OPER;;;21679;LOCAÇÃO GERADOR ELÉTRICO;-;12,0000;14081,6700;168980,0400;0,0000;30/12/2026
ERN-HOSPITAL REGIONAL DEOCLÉCIO MARQUES LUC.;926787;427;Serviço;926787-9/2026;Serviços gerais;Catálogo do Compras.gov.br;Serviço;732;SERVIÇOS DE LEASING OU ALUGUEL RELACIONADOS A OUTROS BENS;;;25089;LOCAÇÃO DE VEÍCULOS - LEVES / PESADOS / COM MOTORISTA;-;12,0000;22429,3300;269151,9600;0,0000;30/12/2026
ERN-HOSPITAL REGIONAL DEOCLÉCIO MARQUES LUC.;926787;428;Serviço;926787-9/2026;Serviços gerais;Catálogo do Compras.gov.br;Serviço;853;SERVIÇOS DE LIMPEZA;;;19542;PRESTAÇÃO DE SERVIÇOS DE LAVANDERIA;-;12,0000;74160,0000;889920,0000;0,0000;30/12/2026
ERN-HOSPITAL REGIONAL DEOCLÉCIO MARQUES LUC.;926787;443;Material;926787-8/2026;Almoxarifado;Catálogo do Compras.gov.br;Material;6530;MOBILIÁRIO, EQUIPAMENTOS, UTENSÍLIOS E  SUPRIMENTOS  HOSPITALARES;17143;MACA CLÍNICA;421265;ACESSÓRIOS: COLCHONETE, CAPACIDADE DE CARCA: ATÉ 150, CARACTERÍSTICAS ADICIONAIS: CABECEIRA REGULÁVEL POR CREMALHEIRA, CARACTERÍSTICAS ADICIONAIS 01: GRADES LATERAIS REBATÍVEIS, COMPONENTES: SUPORTE SORO REMOVÍVEL, COMPRIMENTO: ATÉ 2,00, LARGURA: CERCA DE 0,80, MATERIAL: AÇO INOXIDÁVEL, RODAS: 4 RODÍZIOS DE 8", FREIO NOS 2 RODÍZIOS;UN;15,0000;1674,8700;25123,0500;0,0000;30/12/2026
ERN-HOSPITAL REGIONAL DEOCLÉCIO MARQUES LUC.;926787;444;Material;926787-8/2026;Almoxarifado;Catálogo do Compras.gov.br;Material;7210;UTENSÍLIOS DOMÉSTICOS;19711;COLCHA CAMA;459549;CARACTERÍSTICAS ADICIONAIS: COSTURA DUPLA, COR: COM COR, IMPRESSÃO: PERSONALIZADA, MATERIAL: 100% LÃ, MEDIDAS MÍNIMAS (C X L): 1,10 M X 0,90, TIPO: MANTA;UN;100,0000;29,9000;2990,0000;0,0000;30/12/2026
ERN-HOSPITAL REGIONAL DEOCLÉCIO MARQUES LUC.;926787;445;Material;926787-8/2026;Almoxarifado;Catálogo do Compras.gov.br;Material;7210;UTENSÍLIOS DOMÉSTICOS;19710;TOALHA BANHO;467238;CARACTERÍSTICAS ADICIONAIS: TECIDO FELPUDO, COR: BRANCO, MATERIAL: POLIÉSTER E ALGODÃO, MEDIDAS MÍNIMAS (C X L): 1,20 X 0,80;UN;800,0000;11,3200;9056,0000;0,0000;30/12/2026
ERN-HOSPITAL REGIONAL DEOCLÉCIO MARQUES LUC.;926787;446;Material;926787-8/2026;Almoxarifado;Catálogo do Compras.gov.br;Material;7105;MOBILIÁRIO DOMÉSTICO;15339;CADEIRA REFEITÓRIO;611789;ALTURA: 85, CARACTERÍSTICAS ADICIONAIS: SEM BRAÇOS, COMPRIMENTO: 51, ESTRUTURA: ALUMÍNIO, LARGURA: 48, MATERIAL: AÇO CARBONO;UN;35,0000;290,0000;10150,0000;0,0000;30/12/2026
ERN-HOSPITAL REGIONAL DEOCLÉCIO MARQUES LUC.;926787;447;Material;926787-8/2026;Almoxarifado;Catálogo do Compras.gov.br;Material;7125;ARMÁRIOS E ESTANTES;334;ESTANTE METÁLICA;611465;ALTURA: 2,0, CAPACIDADE: 500, CARACTERÍSTICAS ADICIONAIS: REFORÇO NAS LATERAIS, COR: CINZA, LARGURA: 1,20, MATERIAL: AÇO, PROFUNDIDADE: 0,80, QUANTIDADE PRATELEIRAS: 3, TIPO PRATELEIRAS: REFORÇADA, TRATAMENTO SUPERFICIAL: PINTURA EPOXI;UN;50,0000;730,8200;36541,0000;0,0000;30/12/2026
ERN-HOSPITAL REGIONAL DEOCLÉCIO MARQUES LUC.;926787;448;Material;926787-8/2026;Almoxarifado;Catálogo do Compras.gov.br;Material;7210;UTENSÍLIOS DOMÉSTICOS;19711;COLCHA CAMA;459534;CARACTERÍSTICAS ADICIONAIS: LISO E SEM COSTURA APARENTE, COR: BRANCO, MATERIAL: POLIÉSTER E ALGODÃO, MEDIDAS MÍNIMAS (C X L): 2,55 M X 2,40, TIPO: EDREDOM;UN;100,0000;78,9500;7895,0000;0,0000;30/12/2026
