Unidade Responsável;UASG;Id do item no PCA;Categoria do Item;Identificador da Futura Contratação;Nome da Futura Contratação;Catálogo Utilizado;Classificação do Catálogo;Código da Classificação Superior (Classe/Grupo);Nome da Classificação Superior (Classe/Grupo);Código do PDM do Item;Nome do PDM do Item;Código do Item;Descrição do Item;Unidade de Fornecimento;Quantidade Estimada;Valor Unitário Estimado (R$);Valor Total Estimado (R$);Valor orçamentário estimado para o exercício (R$);Data Desejada
HOSPITAL DA MULHER PARTEIRA MARIA CORREIA/RN;931528;1;Serviço;931528-110/2026;PATRIMÔNIO - Gerador. A presente solicitação tem como finalidade a contratação de serviços de manute;Catálogo do Compras.gov.br;Serviço;871;SERVIÇOS DE MANUTENÇÃO E REPARO DE PRODUTOS FABRICADOS DE METAL,MAQUINARIA E EQUIPAMENTOS;;;2356;MANUTENÇÃO DE GRUPOS DIESEL GERADOR DE EMERGÊNCIA;-;12,0000;234813,0100;2817756,1200;0,0000;21/12/2026
HOSPITAL DA MULHER PARTEIRA MARIA CORREIA/RN;931528;2;Serviço;931528-109/2026;PATRIMÔNIO - CEQUIP - Serviços de manutenção de equipamentos e aparelhos médico hospitalar.;Catálogo do Compras.gov.br;Serviço;871;SERVIÇOS DE MANUTENÇÃO E REPARO DE PRODUTOS FABRICADOS DE METAL,MAQUINARIA E EQUIPAMENTOS;;;;;-;0,0000;0,0000;11326174,6800;0,0000;21/09/2026
HOSPITAL DA MULHER PARTEIRA MARIA CORREIA/RN;931528;3;Serviço;931528-108/2026;PATRIMÔNIO - Climatização. A presente solicitação tem como finalidade a contratação de serviços de m;Catálogo do Compras.gov.br;Serviço;871;SERVIÇOS DE MANUTENÇÃO E REPARO DE PRODUTOS FABRICADOS DE METAL,MAQUINARIA E EQUIPAMENTOS;;;22454;AR CONDICIONADO - MANUTENÇÃO SISTEMA CENTRAL;-;12,0000;23900,0000;286800,0000;0,0000;21/12/2026
HOSPITAL DA MULHER PARTEIRA MARIA CORREIA/RN;931528;4;Serviço;931528-107/2026;PATRIMÔNIO - Frigobar e Bebedouros. Contratação Contratação de empresa especializada em serviços de;Catálogo do Compras.gov.br;Serviço;871;SERVIÇOS DE MANUTENÇÃO E REPARO DE PRODUTOS FABRICADOS DE METAL,MAQUINARIA E EQUIPAMENTOS;;;3506;MANUTENÇÃO DE GELADEIRAS E BEBEDOUROS;-;12,0000;17589,9200;211079,0400;0,0000;21/09/2026
HOSPITAL DA MULHER PARTEIRA MARIA CORREIA/RN;931528;5;Serviço;931528-106/2026;PATRIMÔNIO - Contratação de empresa especializada em serviços de Manutenção Preventiva e Corretiva,;Catálogo do Compras.gov.br;Serviço;871;SERVIÇOS DE MANUTENÇÃO E REPARO DE PRODUTOS FABRICADOS DE METAL,MAQUINARIA E EQUIPAMENTOS;;;;;-;0,0000;0,0000;1182329,6700;0,0000;21/09/2026
HOSPITAL DA MULHER PARTEIRA MARIA CORREIA/RN;931528;6;Serviço;931528-105/2026;PATRIMÔNIO - Manutenção de elevadores;Catálogo do Compras.gov.br;Serviço;871;SERVIÇOS DE MANUTENÇÃO E REPARO DE PRODUTOS FABRICADOS DE METAL,MAQUINARIA E EQUIPAMENTOS;;;16691;INSPEÇÃO E AVALIAÇÃO DE MANUTENÇÃO - ELEVADOR / ESCADA ROLANTE;-;12,0000;11462,6700;137552,0400;0,0000;21/09/2026
HOSPITAL DA MULHER PARTEIRA MARIA CORREIA/RN;931528;7;Serviço;931528-104/2026;PATRIMÔNIO - Veículos. Contratação de empresa especializada em serviços de Manutenção Preventiva e C;Catálogo do Compras.gov.br;Serviço;871;SERVIÇOS DE MANUTENÇÃO E REPARO DE PRODUTOS FABRICADOS DE METAL,MAQUINARIA E EQUIPAMENTOS;;;3565;MANUTENÇÃO DE VEÍCULOS LEVES E PESADOS;-;12,0000;25573,5000;306882,0000;0,0000;21/09/2026
HOSPITAL DA MULHER PARTEIRA MARIA CORREIA/RN;931528;8;Material;931528-103/2026;PATRIMONIO - CEQUIP Aquisição de equipamentos hospitalares;Catálogo do Compras.gov.br;Material;7290;UTENSÍLIOS COMERCIAIS E DOMÉSTICOS DIVERSOS;2640;APARELHO / EQUIPAMENTO PARA CONDICIONAMENTO FÍSICO;426778;APLICAÇÃO: CONDICIONAMENTO FÍSICO, CARACTERISTICAS ADICIONAIS: ACOMPANHA BOMBA P/ INFLAR, ADAPTADOR E EXTENSOR, DIMENSÕES: CARGA ATE 300 KG E DIÂMETRO 45, MATERIAL: PVC ANTIDERRAPANTE, TIPO: BOLA PARA PILATES, MODELO: BOLA SUIÇA;UN;4,0000;79,9000;319,6000;0,0000;21/09/2026
HOSPITAL DA MULHER PARTEIRA MARIA CORREIA/RN;931528;9;Material;931528-103/2026;PATRIMONIO - CEQUIP Aquisição de equipamentos hospitalares;Catálogo do Compras.gov.br;Material;7290;UTENSÍLIOS COMERCIAIS E DOMÉSTICOS DIVERSOS;2640;APARELHO / EQUIPAMENTO PARA CONDICIONAMENTO FÍSICO;411185;APLICAÇÃO: CONDICIONAMENTO FÍSICO, CARACTERISTICAS ADICIONAIS: DIÂMETRO: 55 CM/PVC ANTIDERRAPANETEM/CARGA: 300 KG, TIPO: BOLA PARA PILATES, MODELO: BOLA SUIÇA;UN;4,0000;74,9000;299,6000;0,0000;21/09/2026
HOSPITAL DA MULHER PARTEIRA MARIA CORREIA/RN;931528;10;Material;931528-103/2026;PATRIMONIO - CEQUIP Aquisição de equipamentos hospitalares;Catálogo do Compras.gov.br;Material;7290;UTENSÍLIOS COMERCIAIS E DOMÉSTICOS DIVERSOS;2640;APARELHO / EQUIPAMENTO PARA CONDICIONAMENTO FÍSICO;411183;APLICAÇÃO: CONDICIONAMENTO FÍSICO, CARACTERISTICAS ADICIONAIS: DIÂMETRO: 65 CM/PVC ANTIDERRAPANETEM/CARGA: 300 KG, TIPO: BOLA PARA PILATES, MODELO: BOLA SUIÇA;UN;4,0000;88,9000;355,6000;0,0000;21/09/2026
HOSPITAL DA MULHER PARTEIRA MARIA CORREIA/RN;931528;11;Material;931528-103/2026;PATRIMONIO - CEQUIP Aquisição de equipamentos hospitalares;Catálogo do Compras.gov.br;Material;9390;PRODUTOS DIVERSOS NÃO METÁLICOS;18359;CONE;447976;ALTURA: 23, APLICAÇÃO: ATIVIDADE FÍSICA, CARACTERÍSTICAS ADICIONAIS: CONE DE AGILIDADE, DEMARCATÓRIO, CORES VARIADAS, MATERIAL: PVC;EMB;2,0000;53,9900;107,9800;0,0000;21/09/2026
HOSPITAL DA MULHER PARTEIRA MARIA CORREIA/RN;931528;12;Material;931528-103/2026;PATRIMONIO - CEQUIP Aquisição de equipamentos hospitalares;Catálogo do Compras.gov.br;Material;9390;PRODUTOS DIVERSOS NÃO METÁLICOS;18359;CONE;447975;ALTURA: 4, APLICAÇÃO: ATIVIDADE FÍSICA, CARACTERÍSTICAS ADICIONAIS: CONE, CHAPÉU CHINÊS, DEMARCATÓRIO, CORES VARIADAS, MATERIAL: PVC;EMB;2,0000;37,9000;75,8000;0,0000;21/09/2026
HOSPITAL DA MULHER PARTEIRA MARIA CORREIA/RN;931528;13;Material;931528-103/2026;PATRIMONIO - CEQUIP Aquisição de equipamentos hospitalares;Catálogo do Compras.gov.br;Material;8120;CILINDROS COMERCIAIS E INDUSTRIAIS PARA GASES;1178;CILINDRO GÁS;606413;ALTURA: 662, CAPACIDADE ARMAZENAGEM: 11,1, CARACTERÍSTICAS ADICIONAIS: CONEXÕES DIN/YOKE, COM VÁLVULA DE SEGURANÇA, DIÂMETRO: 184, MATERIAL: ALUMÍNIO, PRESSÃO TESTE: 207, TIPO GÁS: AR COMPRIMIDO;UN;1,0000;2278,9600;2278,9600;0,0000;21/09/2026
HOSPITAL DA MULHER PARTEIRA MARIA CORREIA/RN;931528;14;Material;931528-103/2026;PATRIMONIO - CEQUIP Aquisição de equipamentos hospitalares;Catálogo do Compras.gov.br;Material;8120;CILINDROS COMERCIAIS E INDUSTRIAIS PARA GASES;1178;CILINDRO GÁS;482803;CAPACIDADE ARMAZENAGEM: 10, CARACTERÍSTICAS ADICIONAIS: COM REGULADOR DE PRESSÃO 0-4 L/MIN, MATERIAL: ALUMÍNIO, TIPO GÁS: OXIGÊNIO;UN;2,0000;2278,9600;4557,9200;0,0000;21/09/2026
HOSPITAL DA MULHER PARTEIRA MARIA CORREIA/RN;931528;15;Material;931528-103/2026;PATRIMONIO - CEQUIP Aquisição de equipamentos hospitalares;Catálogo do Compras.gov.br;Material;8120;CILINDROS COMERCIAIS E INDUSTRIAIS PARA GASES;1178;CILINDRO GÁS;482803;CAPACIDADE ARMAZENAGEM: 10, CARACTERÍSTICAS ADICIONAIS: COM REGULADOR DE PRESSÃO 0-4 L/MIN, MATERIAL: ALUMÍNIO, TIPO GÁS: OXIGÊNIO;UN;2,0000;2309,0000;4618,0000;0,0000;21/09/2026
HOSPITAL DA MULHER PARTEIRA MARIA CORREIA/RN;931528;38;Material;931528-100/2026;NUTRIÇÃO Gêneros alimentícios - perecíveis;Catálogo do Compras.gov.br;Material;8950;CONDIMENTOS E PRODUTOS CORRELATOS;19774;CONDIMENTO;463938;ADICIONAL: CABEÇA, APRESENTAÇÃO: NATURAL, TIPO: ALHO;EMB;15000,0000;2,6700;40050,0000;0,0000;21/12/2026
HOSPITAL DA MULHER PARTEIRA MARIA CORREIA/RN;931528;16;Material;931528-102/2026;PATRIMÔNIO - Equipamentos Segurança, prevenção e combate a Incêndio;Catálogo do Compras.gov.br;Material;9320;ARTIGOS DE BORRACHA;8958;LUVA BORRACHA;355688;CARACTERÍSTICAS ADICIONAIS: PALMA ANTIDERRAPANTE, INTERIOR EM ALGODÃO FLOCADO, MATERIAL: BORRACHA NITRÍLICA, TAMANHO: MÉDIO;PAR;10,0000;14,6600;146,6000;0,0000;21/09/2026
HOSPITAL DA MULHER PARTEIRA MARIA CORREIA/RN;931528;17;Material;931528-102/2026;PATRIMÔNIO - Equipamentos Segurança, prevenção e combate a Incêndio;Catálogo do Compras.gov.br;Material;9320;ARTIGOS DE BORRACHA;8958;LUVA BORRACHA;304366;CARACTERÍSTICAS ADICIONAIS: ISOLAÇÃO 500V, CLASSE 00, TIPO II, COR: PRETA, MATERIAL: LÁTEX NATURAL, TAMANHO: 9,5, USO: ELETRICISTA, TAMANHO CANO: LONGO, FORMATO: ANATÔMICO;PAR;1,0000;309,9000;309,9000;0,0000;21/09/2026
HOSPITAL DA MULHER PARTEIRA MARIA CORREIA/RN;931528;18;Material;931528-102/2026;PATRIMÔNIO - Equipamentos Segurança, prevenção e combate a Incêndio;Catálogo do Compras.gov.br;Material;9999;ITENS DIVERSOS;5022;CINTO SEGURANÇA;296587;CARACTERÍSTICAS ADICIONAIS: 02 ARGOLAS FIXAS EM AÇO FORJADO E TALABASTE, COMPRIMENTO: 1,50, LARGURA: 5, MATERIAL: COURO, REVESTIMENTO INTERNO: ALMOFADA;UN;2,0000;255,6200;511,2400;0,0000;21/09/2026
HOSPITAL DA MULHER PARTEIRA MARIA CORREIA/RN;931528;19;Material;931528-102/2026;PATRIMÔNIO - Equipamentos Segurança, prevenção e combate a Incêndio;Catálogo do Compras.gov.br;Material;9320;ARTIGOS DE BORRACHA;15299;LUVA ISOLANTE;614889;CARACTERÍSTICAS ADICIONAIS: CLASSE 2, PARA ALTA TENSÃO 20KV, COR: PRETA, MATERIAL: BORRACHA;PAR;1,0000;173,8500;173,8500;0,0000;21/09/2026
HOSPITAL DA MULHER PARTEIRA MARIA CORREIA/RN;931528;20;Material;931528-101/2026;PATRIMÔNIO - MANUTENÇÃO - Aquisição de Materiais;Catálogo do Compras.gov.br;Material;8040;ADESIVOS;11348;ADESIVO CONEXÃO HIDRÁULICA;268188;CARACTERÍSTICAS ADICIONAIS: COLAGEM ULTRA RÁPIDA, COMPOSIÇÃO: BISNAGAS DUPLAS PARA MISTURA INSTANTÂNEA, APLICAÇÃO: TUBOS E CONEXÕES DE PVC, APRESENTAÇÃO: BISNAGA;UN;5,0000;41,8900;209,4500;0,0000;21/12/2026
HOSPITAL DA MULHER PARTEIRA MARIA CORREIA/RN;931528;21;Material;931528-101/2026;PATRIMÔNIO - MANUTENÇÃO - Aquisição de Materiais;Catálogo do Compras.gov.br;Material;8040;ADESIVOS;11348;ADESIVO CONEXÃO HIDRÁULICA;371114;CARACTERÍSTICAS ADICIONAIS: AQUATHERM, COMPOSIÇÃO: CPVC;UN;20,0000;53,9700;1079,4000;0,0000;21/12/2026
HOSPITAL DA MULHER PARTEIRA MARIA CORREIA/RN;931528;22;Material;931528-101/2026;PATRIMÔNIO - MANUTENÇÃO - Aquisição de Materiais;Catálogo do Compras.gov.br;Material;9999;ITENS DIVERSOS;17408;TAMPÃO CONEXÃO;262838;DIÂMETRO: 100, MATERIAL: PVC - CLORETO DE POLIVINILA, TIPO ROSCA: SOLDÁVEL, USO: SANITÁRIO;UN;10,0000;14,9000;149,0000;0,0000;21/12/2026
HOSPITAL DA MULHER PARTEIRA MARIA CORREIA/RN;931528;23;Material;931528-101/2026;PATRIMÔNIO - MANUTENÇÃO - Aquisição de Materiais;Catálogo do Compras.gov.br;Material;9999;ITENS DIVERSOS;17408;TAMPÃO CONEXÃO;611289;CARACTERÍSTICAS ADICIONAIS: NORMA ABNT NBR 5648 SOLDAVEL, COR: MARROM, DIÂMETRO: 110, MATERIAL: PVC - CLORETO DE POLIVINILA, TIPO CONEXÃO: CAP, USO: INSTALAÇÕES HIDRÁULICAS;UN;5,0000;18,6700;93,3500;0,0000;21/12/2026
HOSPITAL DA MULHER PARTEIRA MARIA CORREIA/RN;931528;24;Material;931528-101/2026;PATRIMÔNIO - MANUTENÇÃO - Aquisição de Materiais;Catálogo do Compras.gov.br;Material;8040;ADESIVOS;13894;COLA;477252;COMPOSIÇÃO: RESINA EPÓXI, COR: INCOLOR, TIPO: ESTER VINILICA, TRANSMITÂNCIA: TRANSPARENTE;UN;5,0000;24,7000;123,5000;0,0000;21/12/2026
HOSPITAL DA MULHER PARTEIRA MARIA CORREIA/RN;931528;25;Material;931528-101/2026;PATRIMÔNIO - MANUTENÇÃO - Aquisição de Materiais;Catálogo do Compras.gov.br;Material;7125;ARMÁRIOS E ESTANTES;554;CADEADO;256231;LARGURA: 20, MATERIAL: LATÃO MACIÇO, MATERIAL HASTE: AÇO TEMPERADO, ALTURA CORPO: 22,50, QUANTIDADE PINOS: 4, ESPESSURA: 3,50;UN;2,0000;16,3000;32,6000;0,0000;21/12/2026
HOSPITAL DA MULHER PARTEIRA MARIA CORREIA/RN;931528;26;Material;931528-101/2026;PATRIMÔNIO - MANUTENÇÃO - Aquisição de Materiais;Catálogo do Compras.gov.br;Material;7125;ARMÁRIOS E ESTANTES;554;CADEADO;252324;ALTURA: 30, COR: AMARELA, LARGURA: 30, MATERIAL: LATÃO MACIÇO, MATERIAL HASTE: AÇO GALVANIZADO, ALTURA CORPO: 55, ALTURA HASTE: 25;UN;1,0000;23,7000;23,7000;0,0000;21/12/2026
HOSPITAL DA MULHER PARTEIRA MARIA CORREIA/RN;931528;27;Material;931528-101/2026;PATRIMÔNIO - MANUTENÇÃO - Aquisição de Materiais;Catálogo do Compras.gov.br;Material;7125;ARMÁRIOS E ESTANTES;554;CADEADO;253602;ALTURA: 55, LARGURA: 40, MATERIAL: LATÃO MACIÇO, MATERIAL HASTE: AÇO INOXIDÁVEL, ALTURA CORPO: 34, ALTURA HASTE: 27, QUANTIDADE PINOS: 4, DIÂMETRO HASTE: 4;UN;1,0000;39,9000;39,9000;0,0000;21/12/2026
HOSPITAL DA MULHER PARTEIRA MARIA CORREIA/RN;931528;28;Material;931528-101/2026;PATRIMÔNIO - MANUTENÇÃO - Aquisição de Materiais;Catálogo do Compras.gov.br;Material;7125;ARMÁRIOS E ESTANTES;554;CADEADO;420635;ALTURA: 50, CARACTERÍSTICAS ADICIONAIS: 4 PINOS, LARGURA: 27, MATERIAL: LATÃO MACIÇO, MATERIAL HASTE: AÇO INOXIDÁVEL;UN;1,0000;42,6600;42,6600;0,0000;21/12/2026
HOSPITAL DA MULHER PARTEIRA MARIA CORREIA/RN;931528;29;Material;931528-101/2026;PATRIMÔNIO - MANUTENÇÃO - Aquisição de Materiais;Catálogo do Compras.gov.br;Material;9150;ÓLEOS E GRAXAS PARA CORTE, LUBRIFICAÇÃO E SISTEMAS  HIDRÁULICOS;14780;DESENGRIMPANTE;602645;APLICAÇÃO: USO GERAL, APRESENTAÇÃO: SPRAY, COMPOSIÇÃO: BASE SINTÉTICA BIODEGRADÁVEL;UN;5,0000;28,0000;140,0000;0,0000;21/12/2026
HOSPITAL DA MULHER PARTEIRA MARIA CORREIA/RN;931528;30;Material;931528-101/2026;PATRIMÔNIO - MANUTENÇÃO - Aquisição de Materiais;Catálogo do Compras.gov.br;Material;8040;ADESIVOS;17252;ADESIVO VEDA-CALHA;411787;APLICAÇÃO: CALHAS, TELHAS, RUFOS, PINGADEIRA, ASPECTO FÍSICO: FITA, CARACTERÍSTICAS ADICIONAIS: IMPERMEÁVEL, LARGURA: 20, MATERIAL: POLIETILENO A BÁSE DE BETUME ASFÁLTICO MODIFICADO;BIS;2,0000;119,9000;239,8000;0,0000;21/12/2026
HOSPITAL DA MULHER PARTEIRA MARIA CORREIA/RN;931528;31;Material;931528-101/2026;PATRIMÔNIO - MANUTENÇÃO - Aquisição de Materiais;Catálogo do Compras.gov.br;Material;9999;ITENS DIVERSOS;11017;PONTEIRA;602861;APLICAÇÃO: PARAFUSADEIRA, CARACTERÍSTICAS ADICIONAIS: 5 PEÇAS PH2 ACOMPANHA ESTOJO, MATERIAL: AÇO, TIPO PONTA: PHILIPS;UN;4,0000;25,9000;103,6000;0,0000;21/12/2026
HOSPITAL DA MULHER PARTEIRA MARIA CORREIA/RN;931528;32;Material;931528-101/2026;PATRIMÔNIO - MANUTENÇÃO - Aquisição de Materiais;Catálogo do Compras.gov.br;Material;8010;TINTAS, VERNIZES E PRODUTOS CORRELATOS;1508;MASSA CORRIDA;275188;COMPOSIÇÃO BÁSICA: RESINA ACRÍLICA, SOLUBILIDADE: ÁGUA, TEMPO SECAGEM: 3, MÉTODO APLICAÇÃO: COM ESPÁTULA, APLICAÇÃO: IMPERFEIÇÃO SUPERFÍCIE INTERNA PARA PINTURA;EMB;1,0000;241,6700;241,6700;0,0000;21/12/2026
HOSPITAL DA MULHER PARTEIRA MARIA CORREIA/RN;931528;33;Material;931528-101/2026;PATRIMÔNIO - MANUTENÇÃO - Aquisição de Materiais;Catálogo do Compras.gov.br;Material;8310;FIOS E LINHAS;7533;FIO ELETRICO;261621;BITOLA: 4, COR: VERDE, MATERIAL CONDUTOR: COBRE, MATERIAL ISOLAMENTO: PVC, TIPO: FLEXÍVEL;M;300,0000;2,7000;810,0000;0,0000;21/12/2026
HOSPITAL DA MULHER PARTEIRA MARIA CORREIA/RN;931528;34;Material;931528-101/2026;PATRIMÔNIO - MANUTENÇÃO - Aquisição de Materiais;Catálogo do Compras.gov.br;Material;8310;FIOS E LINHAS;7533;FIO ELETRICO;416520;BITOLA: 6, COR: VERDE, MATERIAL CONDUTOR: COBRE, MATERIAL ISOLAMENTO: PVC, TENSÃO: 750, TIPO: FLEXÍVEL;M;300,0000;3,7500;1125,0000;0,0000;21/12/2026
HOSPITAL DA MULHER PARTEIRA MARIA CORREIA/RN;931528;35;Material;931528-101/2026;PATRIMÔNIO - MANUTENÇÃO - Aquisição de Materiais;Catálogo do Compras.gov.br;Material;8310;FIOS E LINHAS;7533;FIO ELETRICO;416518;BITOLA: 6, COR: AZUL, MATERIAL CONDUTOR: COBRE, MATERIAL ISOLAMENTO: PVC, TENSÃO: 750, TIPO: FLEXÍVEL;M;300,0000;3,7500;1125,0000;0,0000;21/12/2026
HOSPITAL DA MULHER PARTEIRA MARIA CORREIA/RN;931528;36;Material;931528-101/2026;PATRIMÔNIO - MANUTENÇÃO - Aquisição de Materiais;Catálogo do Compras.gov.br;Material;8310;FIOS E LINHAS;7533;FIO ELETRICO;265375;BITOLA: 6, COR: VERMELHO, MATERIAL CONDUTOR: COBRE, MATERIAL ISOLAMENTO: PVC, TENSÃO: 750, TIPO: FLEXÍVEL / CABINHO;M;300,0000;3,7500;1125,0000;0,0000;21/12/2026
HOSPITAL DA MULHER PARTEIRA MARIA CORREIA/RN;931528;37;Material;931528-101/2026;PATRIMÔNIO - MANUTENÇÃO - Aquisição de Materiais;Catálogo do Compras.gov.br;Material;9140;ÓLEOS COMBUSTÍVEIS;609;GRAXA;233181;CARACTERÍSTICAS ADICIONAIS: NÃO APLICÁVEL, TIPO ADITIVOS: ANTICORROSIVO/ANTIOXIDANTE/ADESIVIDADE/ANTI-FERRU-, TIPO BASE: ÓLEO MINERAL, TIPO ESPESSANTE: LÍTIO, APLICAÇÃO: AUTOMOTIVA;BD;1,0000;679,7300;679,7300;0,0000;21/12/2026
HOSPITAL DA MULHER PARTEIRA MARIA CORREIA/RN;931528;39;Material;931528-100/2026;NUTRIÇÃO Gêneros alimentícios - perecíveis;Catálogo do Compras.gov.br;Material;8950;CONDIMENTOS E PRODUTOS CORRELATOS;19774;CONDIMENTO;463901;ADICIONAL: ORGÂNICO, APRESENTAÇÃO: NATURAL, TIPO: HORTELÃ;KG;1500,0000;1,5000;2250,0000;0,0000;21/12/2026
HOSPITAL DA MULHER PARTEIRA MARIA CORREIA/RN;931528;40;Material;931528-100/2026;NUTRIÇÃO Gêneros alimentícios - perecíveis;Catálogo do Compras.gov.br;Material;8950;CONDIMENTOS E PRODUTOS CORRELATOS;19774;CONDIMENTO;463876;APRESENTAÇÃO: NATURAL, TIPO: COENTRO;KG;750,0000;6,0000;4500,0000;0,0000;21/12/2026
HOSPITAL DA MULHER PARTEIRA MARIA CORREIA/RN;931528;41;Material;931528-100/2026;NUTRIÇÃO Gêneros alimentícios - perecíveis;Catálogo do Compras.gov.br;Material;8950;CONDIMENTOS E PRODUTOS CORRELATOS;19774;CONDIMENTO;463880;ADICIONAL: ORGÂNICO, APRESENTAÇÃO: NATURAL, TIPO: CEBOLINHA;KG;1500,0000;6,0000;9000,0000;0,0000;21/12/2026
HOSPITAL DA MULHER PARTEIRA MARIA CORREIA/RN;931528;42;Material;931528-100/2026;NUTRIÇÃO Gêneros alimentícios - perecíveis;Catálogo do Compras.gov.br;Material;8950;CONDIMENTOS E PRODUTOS CORRELATOS;19774;CONDIMENTO;463856;APRESENTAÇÃO: DESIDRATADO, TIPO: ALECRIM;KG;26,0000;3,2800;85,2800;0,0000;21/12/2026
HOSPITAL DA MULHER PARTEIRA MARIA CORREIA/RN;931528;43;Material;931528-100/2026;NUTRIÇÃO Gêneros alimentícios - perecíveis;Catálogo do Compras.gov.br;Material;8950;CONDIMENTOS E PRODUTOS CORRELATOS;19774;CONDIMENTO;463857;APRESENTAÇÃO: PÓ, TIPO: AÇAFRÃO;KG;20,0000;31,5000;630,0000;0,0000;21/12/2026
HOSPITAL DA MULHER PARTEIRA MARIA CORREIA/RN;931528;44;Material;931528-100/2026;NUTRIÇÃO Gêneros alimentícios - perecíveis;Catálogo do Compras.gov.br;Material;8950;CONDIMENTOS E PRODUTOS CORRELATOS;19774;CONDIMENTO;463893;APRESENTAÇÃO: PÓ, TIPO: CÚRCUMA;KG;20,0000;29,4900;589,8000;0,0000;21/12/2026
HOSPITAL DA MULHER PARTEIRA MARIA CORREIA/RN;931528;45;Material;931528-100/2026;NUTRIÇÃO Gêneros alimentícios - perecíveis;Catálogo do Compras.gov.br;Material;8960;BEBIDAS NÃO ALCOÓLICAS;944;ÁGUA COCO;307147;CARACTERÍSTICAS ADICIONAIS: EMBALAGEM TIPO LONGA VIDA, PRAZO VALIDADE: 3 (ABERTO), MATERIAL: ÁGUA CÔCO VERDE;UN;3000,0000;5,9900;17970,0000;0,0000;21/12/2026
HOSPITAL DA MULHER PARTEIRA MARIA CORREIA/RN;931528;46;Material;931528-100/2026;NUTRIÇÃO Gêneros alimentícios - perecíveis;Catálogo do Compras.gov.br;Material;8960;BEBIDAS NÃO ALCOÓLICAS;944;ÁGUA COCO;217771;PRAZO VALIDADE: 3 (ABERTO), MATERIAL: ÁGUA CÔCO VERDE;UN;3000,0000;5,9900;17970,0000;0,0000;21/12/2026
HOSPITAL DA MULHER PARTEIRA MARIA CORREIA/RN;931528;47;Material;931528-100/2026;NUTRIÇÃO Gêneros alimentícios - perecíveis;Catálogo do Compras.gov.br;Material;8960;BEBIDAS NÃO ALCOÓLICAS;19555;ÁGUA MINERAL NATURAL;445485;MATERIAL EMBALAGEM: PLÁSTICO, TIPO: SEM GÁS, TIPO EMBALAGEM: RETORNÁVEL;GRR;7500,0000;25,0000;187500,0000;0,0000;21/12/2026
HOSPITAL DA MULHER PARTEIRA MARIA CORREIA/RN;931528;48;Material;931528-99/2026;NUTRIÇÃO Gêneros alimentícios - não perecíveis.;Catálogo do Compras.gov.br;Material;8955;CAFÉ, CHÁ E CHOCOLATE;4805;CHÁ ALIMENTAÇÃO;305800;APRESENTAÇÃO: SACHÊ, TIPO: CHÁ DE BOLDO, USO: ALIMENTÍCIO;CX;500,0000;4,2900;2145,0000;0,0000;21/12/2026
HOSPITAL DA MULHER PARTEIRA MARIA CORREIA/RN;931528;49;Material;931528-99/2026;NUTRIÇÃO Gêneros alimentícios - não perecíveis.;Catálogo do Compras.gov.br;Material;8955;CAFÉ, CHÁ E CHOCOLATE;4805;CHÁ ALIMENTAÇÃO;305799;APRESENTAÇÃO: SAQUINHOS DE 10G, TIPO: CHÁ DE HORTELÃ, USO: ALIMENTÍCIO;CX;500,0000;4,2900;2145,0000;0,0000;21/12/2026
HOSPITAL DA MULHER PARTEIRA MARIA CORREIA/RN;931528;50;Material;931528-99/2026;NUTRIÇÃO Gêneros alimentícios - não perecíveis.;Catálogo do Compras.gov.br;Material;8955;CAFÉ, CHÁ E CHOCOLATE;4805;CHÁ ALIMENTAÇÃO;256089;APRESENTAÇÃO: SAQUINHOS DE 15G, TIPO: CHA DE CAMOMILA, USO: ALIMENTÍCIO;CX;500,0000;4,2900;2145,0000;0,0000;21/12/2026
HOSPITAL DA MULHER PARTEIRA MARIA CORREIA/RN;931528;51;Material;931528-99/2026;NUTRIÇÃO Gêneros alimentícios - não perecíveis.;Catálogo do Compras.gov.br;Material;8955;CAFÉ, CHÁ E CHOCOLATE;4805;CHÁ ALIMENTAÇÃO;305797;APRESENTAÇÃO: SAQUINHOS DE 10G, TIPO: ERVA DOCE, USO: ALIMENTÍCIO;CX;500,0000;4,2900;2145,0000;0,0000;21/12/2026
HOSPITAL DA MULHER PARTEIRA MARIA CORREIA/RN;931528;52;Material;931528-99/2026;NUTRIÇÃO Gêneros alimentícios - não perecíveis.;Catálogo do Compras.gov.br;Material;8955;CAFÉ, CHÁ E CHOCOLATE;4805;CHÁ ALIMENTAÇÃO;305794;APRESENTAÇÃO: SAQUINHOS DE 10G, TIPO: ERVA CIDREIRA, USO: ALIMENTÍCIO;CX;500,0000;4,2900;2145,0000;0,0000;21/12/2026
HOSPITAL DA MULHER PARTEIRA MARIA CORREIA/RN;931528;53;Material;931528-99/2026;NUTRIÇÃO Gêneros alimentícios - não perecíveis.;Catálogo do Compras.gov.br;Material;8955;CAFÉ, CHÁ E CHOCOLATE;4805;CHÁ ALIMENTAÇÃO;233885;TIPO: CHÁ PRETO, USO: ALIMENTÍCIO;CX;500,0000;5,2900;2645,0000;0,0000;21/12/2026
HOSPITAL DA MULHER PARTEIRA MARIA CORREIA/RN;931528;54;Material;931528-99/2026;NUTRIÇÃO Gêneros alimentícios - não perecíveis.;Catálogo do Compras.gov.br;Material;8955;CAFÉ, CHÁ E CHOCOLATE;19764;CHOCOLATE;463547;APRESENTAÇÃO: PÓ, CARACTERÍSTICA ADICIONAL: 50 % CACAU, SABOR: TRADICIONAL, TIPO: PRETO;EMB;1000,0000;33,9100;33910,0000;0,0000;21/12/2026
HOSPITAL DA MULHER PARTEIRA MARIA CORREIA/RN;931528;55;Material;931528-99/2026;NUTRIÇÃO Gêneros alimentícios - não perecíveis.;Catálogo do Compras.gov.br;Material;8960;BEBIDAS NÃO ALCOÓLICAS;19555;ÁGUA MINERAL NATURAL;445485;MATERIAL EMBALAGEM: PLÁSTICO, TIPO: SEM GÁS, TIPO EMBALAGEM: RETORNÁVEL;GRR;7500,0000;25,0000;187500,0000;0,0000;21/12/2026
HOSPITAL DA MULHER PARTEIRA MARIA CORREIA/RN;931528;56;Material;931528-98/2026;NUTRIÇÃO Requisição de fórmulas enterais e fórmulas infantis.;Catálogo do Compras.gov.br;Material;8940;ALIMENTOS ESPECIAIS DIETÉTICOS E PREPARADOS ALIMENTÍCIOS;17301;DIETA ENTERAL;613729;ASPECTO FÍSICO: LÍQUIDO, CARACTERÍSTICAS: HIPERCALÓRICA,NORMOPROTEICA, CARACTERÍSTICAS ADICIONAIS: ISENTA LACTOSE E GLÚTEN, COMPONENTES ADICIONAIS: VITAMINAS E MINERAIS, FONTE DE CARBOIDRATO: MALTODEXTRINA, FONTE DE LIPÍDIOS: ÓLEOS VEGETAIS, FONTE DE PROTEÍNA: PTN ISOLADA SOJA, SABOR: C/SABOR, USO: ENTERAL E/OU ORAL;L;375,0000;28,7700;10788,7500;0,0000;21/09/2026
HOSPITAL DA MULHER PARTEIRA MARIA CORREIA/RN;931528;57;Material;931528-98/2026;NUTRIÇÃO Requisição de fórmulas enterais e fórmulas infantis.;Catálogo do Compras.gov.br;Material;8940;ALIMENTOS ESPECIAIS DIETÉTICOS E PREPARADOS ALIMENTÍCIOS;5648;DIETA INFANTIL;480873;ADICIONAIS:  C/ LC PUFAS, ASPECTO FÍSICO: PÓ, CARACTERÍSTICAS ADICIONAIS: ISENTO GLÚTEN, COMPONENTES ADICIONAIS: VITAMINAS E MINERAIS, FONTE DE CARBOIDRATO: LACTOSE E/OU MALTODEX., FONTE DE LIPÍDIOS: ÓLEOS VEGETAIS E/OU TCM, FONTE DE PROTEÍNA: PTN SR.LEITE E/OU CASEÍNA, INDICAÇÃO: 0 A 10 ANOS, SABOR: C/ OU S/SABOR, USO: ENTERAL OU ORAL;KG;10,0000;159,9700;1599,7000;0,0000;21/09/2026
HOSPITAL DA MULHER PARTEIRA MARIA CORREIA/RN;931528;58;Material;931528-98/2026;NUTRIÇÃO Requisição de fórmulas enterais e fórmulas infantis.;Catálogo do Compras.gov.br;Material;8940;ALIMENTOS ESPECIAIS DIETÉTICOS E PREPARADOS ALIMENTÍCIOS;5648;DIETA INFANTIL;613933;ASPECTO FÍSICO: PÓ, CARACTERÍSTICA: NORMOCALÓRICO, CARACTERÍSTICAS ADICIONAIS: ISENTO GLÚTEN, COMPONENTES ADICIONAIS: VIT.,MIN.E FIBRAS, FONTE DE CARBOIDRATO: LACTOSE E/OU MALTODEX., FONTE DE LIPÍDIOS: ÓLEOS VEGETAIS, FONTE DE PROTEÍNA: LEITE DESNATADO E/OU SR. LEITE, INDICAÇÃO: A PARTIR 3 ANOS, SABOR: C/SABOR, USO: ENTERAL E/OU ORAL;KG;5,0000;192,2500;961,2500;0,0000;21/09/2026
HOSPITAL DA MULHER PARTEIRA MARIA CORREIA/RN;931528;59;Material;931528-98/2026;NUTRIÇÃO Requisição de fórmulas enterais e fórmulas infantis.;Catálogo do Compras.gov.br;Material;8940;ALIMENTOS ESPECIAIS DIETÉTICOS E PREPARADOS ALIMENTÍCIOS;5648;DIETA INFANTIL;601400;ADICIONAIS: C/ LC PUFAS E/OU LECT.SOJA, ASPECTO FÍSICO: PÓ, CARACTERÍSTICAS ADICIONAIS: ISENTO GLÚTEN, COMPONENTES ADICIONAIS: VIT.,MIN.E FIBRAS, FONTE DE CARBOIDRATO: LACTOSE E/OU MALTODEX., FONTE DE LIPÍDIOS: ÓLEOS VEGETAIS, FONTE DE PROTEÍNA: LEITE DESNATADO E/OU PTN DO LEITE, INDICAÇÃO: 1 A 3 ANOS, SABOR: C/ OU S/SABOR, USO: ENTERAL E/OU ORAL;KG;20,0000;173,6200;3472,4000;0,0000;21/09/2026
HOSPITAL DA MULHER PARTEIRA MARIA CORREIA/RN;931528;60;Material;931528-98/2026;NUTRIÇÃO Requisição de fórmulas enterais e fórmulas infantis.;Catálogo do Compras.gov.br;Material;8940;ALIMENTOS ESPECIAIS DIETÉTICOS E PREPARADOS ALIMENTÍCIOS;5648;DIETA INFANTIL;453646;ADICIONAIS: C/ LECITINA SOJA, ASPECTO FÍSICO: PÓ, CARACTERÍSTICAS ADICIONAIS: ISENTO GLÚTEN, COMPONENTES ADICIONAIS: VITAMINAS E MINERAIS, FONTE DE CARBOIDRATO: MALTODEXTRINA E/OU LACTOSE E/OU AMIDO, FONTE DE LIPÍDIOS: ÓLEOS VEGETAIS, FONTE DE PROTEÍNA: SORO LEITE E CASEÍNA, INDICAÇÃO: 0 A 12 MESES, USO: ENTERAL OU ORAL;KG;10,0000;178,7500;1787,5000;0,0000;21/09/2026
HOSPITAL DA MULHER PARTEIRA MARIA CORREIA/RN;931528;61;Material;931528-98/2026;NUTRIÇÃO Requisição de fórmulas enterais e fórmulas infantis.;Catálogo do Compras.gov.br;Material;8940;ALIMENTOS ESPECIAIS DIETÉTICOS E PREPARADOS ALIMENTÍCIOS;5648;DIETA INFANTIL;442688;ASPECTO FÍSICO: PÓ, CARACTERÍSTICAS ADICIONAIS: ISENTO GLT.,LAC.,SACAR., COMPONENTES ADICIONAIS: AA'S,VIT.,MINERAIS, FONTE DE CARBOIDRATO: MALTODEXTRINA E AMIDO DE MILHO, FONTE DE LIPÍDIOS: ÓLEOS VEGETAIS, FONTE DE PROTEÍNA: PTN HIDROLISADA DE ARROZ, INDICAÇÃO: 0 A 36 MESES, USO: ENTERAL OU ORAL;KG;6,0000;680,0000;4080,0000;0,0000;21/09/2026
HOSPITAL DA MULHER PARTEIRA MARIA CORREIA/RN;931528;62;Material;931528-98/2026;NUTRIÇÃO Requisição de fórmulas enterais e fórmulas infantis.;Catálogo do Compras.gov.br;Material;8940;ALIMENTOS ESPECIAIS DIETÉTICOS E PREPARADOS ALIMENTÍCIOS;5648;DIETA INFANTIL;436747;APRESENTAÇÃO: EM SACHÊ, ASPECTO FÍSICO: PÓ, CARACTERÍSTICAS ADICIONAIS: ISENTO GLÚTEN, COMPONENTES ADICIONAIS: VITAMINAS E MINERAIS, FONTE DE CARBOIDRATO: MALTODEXTRINA, FONTE DE PROTEÍNA: PTN HIDROLISADA SORO LEITE, INDICAÇÃO: RECÉM-NASCIDO, USO: ENTERAL OU ORAL;G;175,0000;4,3900;768,2500;0,0000;21/09/2026
HOSPITAL DA MULHER PARTEIRA MARIA CORREIA/RN;931528;63;Material;931528-98/2026;NUTRIÇÃO Requisição de fórmulas enterais e fórmulas infantis.;Catálogo do Compras.gov.br;Material;8940;ALIMENTOS ESPECIAIS DIETÉTICOS E PREPARADOS ALIMENTÍCIOS;5648;DIETA INFANTIL;435949;ADICIONAIS:  C/ LC PUFAS,PREBIÓTICOS, ASPECTO FÍSICO: PÓ, CARACTERÍSTICAS ADICIONAIS: ISENTO GLÚTEN,SACAROSE E FRUTOSE, COMPONENTES ADICIONAIS: VIT.,MIN.E FIBRAS, FONTE DE CARBOIDRATO: MALTODEXTRINA E/OU LACTOSE E/OU AMIDO, FONTE DE LIPÍDIOS: ÓLEOS VEGETAIS, FONTE DE PROTEÍNA: PTN HIDROLISADA SORO LEITE, INDICAÇÃO: 0 A 12 MESES, USO: ENTERAL OU ORAL;KG;6,0000;237,0000;1422,0000;0,0000;21/09/2026
HOSPITAL DA MULHER PARTEIRA MARIA CORREIA/RN;931528;64;Material;931528-98/2026;NUTRIÇÃO Requisição de fórmulas enterais e fórmulas infantis.;Catálogo do Compras.gov.br;Material;8940;ALIMENTOS ESPECIAIS DIETÉTICOS E PREPARADOS ALIMENTÍCIOS;5648;DIETA INFANTIL;434212;ADICIONAIS: C/ LC PUFAS E NUCLEOTÍDEOS, ASPECTO FÍSICO: PÓ, CARACTERÍSTICAS ADICIONAIS: ISENTO GLÚTEN, COMPONENTES ADICIONAIS: VIT.,MIN.E FIBRAS, FONTE DE CARBOIDRATO: LACTOSE E/OU MALTODEX., FONTE DE LIPÍDIOS: ÓLEOS VEGETAIS, FONTE DE PROTEÍNA: PTN SR.LEITE E/OU CASEÍNA, INDICAÇÃO: A PARTIR 10 MESES, USO: ENTERAL OU ORAL;KG;6,0000;237,0000;1422,0000;0,0000;21/09/2026
HOSPITAL DA MULHER PARTEIRA MARIA CORREIA/RN;931528;65;Material;931528-98/2026;NUTRIÇÃO Requisição de fórmulas enterais e fórmulas infantis.;Catálogo do Compras.gov.br;Material;8940;ALIMENTOS ESPECIAIS DIETÉTICOS E PREPARADOS ALIMENTÍCIOS;5648;DIETA INFANTIL;431207;ASPECTO FÍSICO: PÓ, CARACTERÍSTICA: HIPERCALÓRICO, CARACTERÍSTICAS ADICIONAIS: ISENTO GLÚTEN, COMPONENTES ADICIONAIS: VITAMINAS E MINERAIS, FONTE DE CARBOIDRATO: LACTOSE E/OU MALTODEXTRINA E/OU SACAROSE, FONTE DE LIPÍDIOS: GORDURA LÁCTEA, FONTE DE PROTEÍNA: LEITE DESNATADO, INDICAÇÃO: A PARTIR 3 ANOS, SABOR: C/SABOR, USO: ENTERAL OU ORAL;KG;5,0000;159,9700;799,8500;0,0000;21/09/2026
HOSPITAL DA MULHER PARTEIRA MARIA CORREIA/RN;931528;66;Material;931528-98/2026;NUTRIÇÃO Requisição de fórmulas enterais e fórmulas infantis.;Catálogo do Compras.gov.br;Material;8940;ALIMENTOS ESPECIAIS DIETÉTICOS E PREPARADOS ALIMENTÍCIOS;5648;DIETA INFANTIL;427802;ADICIONAIS: C/LEC.SOJA E/OU LC PUFAS E/OU NUCLEOT. E/OU PROBIO, ASPECTO FÍSICO: PÓ, CARACTERÍSTICAS ADICIONAIS: ISENTO GLÚTEN, COMPONENTES ADICIONAIS: VIT.E MIN.E/OU AA'S, FONTE DE CARBOIDRATO: LACTOSE E/OU MALTODEX., FONTE DE LIPÍDIOS: ÓLEOS VEGETAIS, FONTE DE PROTEÍNA: L.DESN.E/OU CONC.PTC.SR.LEITE, INDICAÇÃO: 0 A 6 MESES, USO: ENTERAL OU ORAL;KG;6,0000;134,8000;808,8000;0,0000;21/09/2026
HOSPITAL DA MULHER PARTEIRA MARIA CORREIA/RN;931528;67;Material;931528-98/2026;NUTRIÇÃO Requisição de fórmulas enterais e fórmulas infantis.;Catálogo do Compras.gov.br;Material;8940;ALIMENTOS ESPECIAIS DIETÉTICOS E PREPARADOS ALIMENTÍCIOS;5648;DIETA INFANTIL;427802;ADICIONAIS: C/LEC.SOJA E/OU LC PUFAS E/OU NUCLEOT. E/OU PROBIO, ASPECTO FÍSICO: PÓ, CARACTERÍSTICAS ADICIONAIS: ISENTO GLÚTEN, COMPONENTES ADICIONAIS: VIT.E MIN.E/OU AA'S, FONTE DE CARBOIDRATO: LACTOSE E/OU MALTODEX., FONTE DE LIPÍDIOS: ÓLEOS VEGETAIS, FONTE DE PROTEÍNA: L.DESN.E/OU CONC.PTC.SR.LEITE, INDICAÇÃO: 0 A 6 MESES, USO: ENTERAL OU ORAL;KG;5,0000;149,9700;749,8500;0,0000;21/09/2026
HOSPITAL DA MULHER PARTEIRA MARIA CORREIA/RN;931528;68;Material;931528-98/2026;NUTRIÇÃO Requisição de fórmulas enterais e fórmulas infantis.;Catálogo do Compras.gov.br;Material;8940;ALIMENTOS ESPECIAIS DIETÉTICOS E PREPARADOS ALIMENTÍCIOS;5648;DIETA INFANTIL;432316;ADICIONAIS:  C/ LC PUFAS,PREBIÓTICOS, ASPECTO FÍSICO: PÓ, CARACTERÍSTICAS ADICIONAIS: ISENTO GLÚTEN,SACAROSE, COMPONENTES ADICIONAIS: VITAMINAS E MINERAIS, FONTE DE CARBOIDRATO: MALTODEXTRINA,LACTOSE, FONTE DE LIPÍDIOS: ÓLEOS VEGETAIS, FONTE DE PROTEÍNA: SORO LEITE E CASEÍNA, INDICAÇÃO: 0 A 12 MESES, USO: ENTERAL OU ORAL;KG;6,0000;112,2500;673,5000;0,0000;21/09/2026
HOSPITAL DA MULHER PARTEIRA MARIA CORREIA/RN;931528;69;Material;931528-98/2026;NUTRIÇÃO Requisição de fórmulas enterais e fórmulas infantis.;Catálogo do Compras.gov.br;Material;8940;ALIMENTOS ESPECIAIS DIETÉTICOS E PREPARADOS ALIMENTÍCIOS;17301;DIETA ENTERAL;438837;ASPECTO FÍSICO: LÍQUIDO, CARACTERÍSTICAS: NORMOCALÓRICA,NORMOPROTEÍCA, CARACTERÍSTICAS ADICIONAIS: ISENTO GLÚTEN,LACT.,SACAROSE, COMPONENTES ADICIONAIS: VIT.,MIN. E FIBRAS, FONTE DE CARBOIDRATO: MALTODEXTRINA, FONTE DE LIPÍDIOS: ÓLEOS VEGETAIS E/OU TCM, FONTE DE PROTEÍNA: CASEINATO E/OU PTN ISOLADA SOJA, SABOR: C/ OU S/ SABOR, USO: ENTERAL OU ORAL;L;200,0000;23,2000;4640,0000;0,0000;21/09/2026
HOSPITAL DA MULHER PARTEIRA MARIA CORREIA/RN;931528;70;Material;931528-98/2026;NUTRIÇÃO Requisição de fórmulas enterais e fórmulas infantis.;Catálogo do Compras.gov.br;Material;8940;ALIMENTOS ESPECIAIS DIETÉTICOS E PREPARADOS ALIMENTÍCIOS;5648;DIETA INFANTIL;485142;ADICIONAIS: C/ ÁCIDOS GRAXOS ESSENCIAIS, ASPECTO FÍSICO: PÓ, CARACTERÍSTICAS ADICIONAIS: ISENTO GLÚTEN, COMPONENTES ADICIONAIS: VIT.,MIN.E FIBRAS, FONTE DE CARBOIDRATO: MALTODEXTRINA E/OU LACTOSE E/OU AMIDO, FONTE DE LIPÍDIOS: ÓLEOS VEGETAIS E/OU TCM, FONTE DE PROTEÍNA: PTN HIDROLISADA SORO LEITE, INDICAÇÃO: 0 A 36 MESES, SABOR: C/ OU S/SABOR, USO: ENTERAL OU ORAL;G;10000,0000;0,2250;2250,0000;0,0000;21/09/2026
HOSPITAL DA MULHER PARTEIRA MARIA CORREIA/RN;931528;71;Material;931528-98/2026;NUTRIÇÃO Requisição de fórmulas enterais e fórmulas infantis.;Catálogo do Compras.gov.br;Material;8940;ALIMENTOS ESPECIAIS DIETÉTICOS E PREPARADOS ALIMENTÍCIOS;5648;DIETA INFANTIL;480873;ADICIONAIS:  C/ LC PUFAS, ASPECTO FÍSICO: PÓ, CARACTERÍSTICAS ADICIONAIS: ISENTO GLÚTEN, COMPONENTES ADICIONAIS: VITAMINAS E MINERAIS, FONTE DE CARBOIDRATO: LACTOSE E/OU MALTODEX., FONTE DE LIPÍDIOS: ÓLEOS VEGETAIS E/OU TCM, FONTE DE PROTEÍNA: PTN SR.LEITE E/OU CASEÍNA, INDICAÇÃO: 0 A 10 ANOS, SABOR: C/ OU S/SABOR, USO: ENTERAL OU ORAL;KCAL/L;50,0000;40,0000;2000,0000;0,0000;21/09/2026
HOSPITAL DA MULHER PARTEIRA MARIA CORREIA/RN;931528;72;Material;931528-98/2026;NUTRIÇÃO Requisição de fórmulas enterais e fórmulas infantis.;Catálogo do Compras.gov.br;Material;8940;ALIMENTOS ESPECIAIS DIETÉTICOS E PREPARADOS ALIMENTÍCIOS;5648;DIETA INFANTIL;450885;ASPECTO FÍSICO: PÓ, CARACTERÍSTICAS ADICIONAIS: ISENTO GLÚTEN, COMPONENTES ADICIONAIS: VITAMINAS E MINERAIS, FONTE DE CARBOIDRATO: LACTOSE E/OU MALTODEX., FONTE DE LIPÍDIOS: ÓLEOS VEGETAIS, FONTE DE PROTEÍNA: PTN HIDROLISADA SORO LEITE, INDICAÇÃO: 0 A 12 MESES, USO: ENTERAL OU ORAL;KG;20,0000;127,6200;2552,4000;0,0000;21/09/2026
HOSPITAL DA MULHER PARTEIRA MARIA CORREIA/RN;931528;73;Material;931528-98/2026;NUTRIÇÃO Requisição de fórmulas enterais e fórmulas infantis.;Catálogo do Compras.gov.br;Material;8940;ALIMENTOS ESPECIAIS DIETÉTICOS E PREPARADOS ALIMENTÍCIOS;5648;DIETA INFANTIL;465751;ADICIONAIS:  C/ LC PUFAS, ASPECTO FÍSICO: PÓ, CARACTERÍSTICAS ADICIONAIS: ISENTO GLÚTEN,LACTOSE, COMPONENTES ADICIONAIS: VITAMINAS E MINERAIS, FONTE DE CARBOIDRATO: MALTODEXTRINA E/OU SACAROSE, FONTE DE LIPÍDIOS: ÓLEOS VEGETAIS, FONTE DE PROTEÍNA: CASEINATO, INDICAÇÃO: A PARTIR 3 ANOS, SABOR: C/ OU S/SABOR, USO: ENTERAL OU ORAL;G;500,0000;65,0000;32500,0000;0,0000;21/09/2026
HOSPITAL DA MULHER PARTEIRA MARIA CORREIA/RN;931528;74;Material;931528-98/2026;NUTRIÇÃO Requisição de fórmulas enterais e fórmulas infantis.;Catálogo do Compras.gov.br;Material;8940;ALIMENTOS ESPECIAIS DIETÉTICOS E PREPARADOS ALIMENTÍCIOS;5648;DIETA INFANTIL;465622;ASPECTO FÍSICO: PÓ, CARACTERÍSTICA: NORMOCALÓRICO,NORMOPROTEICA, CARACTERÍSTICAS ADICIONAIS: ISENTO GLÚTEN, COMPONENTES ADICIONAIS: VIT., MIN. E/OU FIBRAS, FONTE DE CARBOIDRATO: MALTO.E/OU SACAROSE E/OU AMIDO E/OU XAROPE MILHO, FONTE DE LIPÍDIOS: ÓLEOS VEGETAIS E/OU TCM, FONTE DE PROTEÍNA: CASEI.E/OU ISOL.SR E/OU CONC.SR LTE E/OU ISOL.SOJA, SABOR: C/SABOR, USO: ENTERAL OU ORAL;G;50,0000;46,9700;2348,5000;0,0000;21/09/2026
HOSPITAL DA MULHER PARTEIRA MARIA CORREIA/RN;931528;75;Material;931528-98/2026;NUTRIÇÃO Requisição de fórmulas enterais e fórmulas infantis.;Catálogo do Compras.gov.br;Material;8940;ALIMENTOS ESPECIAIS DIETÉTICOS E PREPARADOS ALIMENTÍCIOS;5648;DIETA INFANTIL;451540;ASPECTO FÍSICO: PÓ, CARACTERÍSTICAS ADICIONAIS: ISENTO GLÚTEN, COMPONENTES ADICIONAIS: VIT.,MIN.E FIBRAS, FONTE DE CARBOIDRATO: MALTODEXTRINA,LACTOSE, FONTE DE LIPÍDIOS: ÓLEOS VEGETAIS E GORDURA LÁCTEA, FONTE DE PROTEÍNA: PTN SR.LEITE E/OU CASEÍNA, INDICAÇÃO: COMPOSTO LÁCTEO, USO: ENTERAL OU ORAL;G;8000,0000;0,7000;5600,0000;0,0000;21/09/2026
HOSPITAL DA MULHER PARTEIRA MARIA CORREIA/RN;931528;76;Material;931528-98/2026;NUTRIÇÃO Requisição de fórmulas enterais e fórmulas infantis.;Catálogo do Compras.gov.br;Material;8940;ALIMENTOS ESPECIAIS DIETÉTICOS E PREPARADOS ALIMENTÍCIOS;5648;DIETA INFANTIL;444377;ADICIONAIS:  C/ LC PUFAS, ASPECTO FÍSICO: PÓ, CARACTERÍSTICAS ADICIONAIS: ISENTO GLÚTEN, COMPONENTES ADICIONAIS: VITAMINAS E MINERAIS, FONTE DE CARBOIDRATO: LACTOSE E/OU MALTODEX., FONTE DE LIPÍDIOS: ÓLEOS VEGETAIS, FONTE DE PROTEÍNA: SORO LEITE E CASEÍNA, INDICAÇÃO: PREMATURO/BAIXO PESO, USO: ENTERAL OU ORAL;G;8800,0000;0,4800;4224,0000;0,0000;21/09/2026
HOSPITAL DA MULHER PARTEIRA MARIA CORREIA/RN;931528;77;Material;931528-98/2026;NUTRIÇÃO Requisição de fórmulas enterais e fórmulas infantis.;Catálogo do Compras.gov.br;Material;8940;ALIMENTOS ESPECIAIS DIETÉTICOS E PREPARADOS ALIMENTÍCIOS;5648;DIETA INFANTIL;442836;ASPECTO FÍSICO: PÓ, CARACTERÍSTICAS ADICIONAIS: ISENTO GLÚTEN, COMPONENTES ADICIONAIS: VITAMINAS E MINERAIS, FONTE DE CARBOIDRATO: LACTOSE E/OU MALTODEX., FONTE DE LIPÍDIOS: ÓLEOS VEGETAIS, FONTE DE PROTEÍNA: SORO LEITE E CASEÍNA, INDICAÇÃO: A PARTIR 6° MÊS, USO: ENTERAL OU ORAL;G;16000,0000;0,1500;2400,0000;0,0000;21/09/2026
HOSPITAL DA MULHER PARTEIRA MARIA CORREIA/RN;931528;78;Material;931528-98/2026;NUTRIÇÃO Requisição de fórmulas enterais e fórmulas infantis.;Catálogo do Compras.gov.br;Material;8940;ALIMENTOS ESPECIAIS DIETÉTICOS E PREPARADOS ALIMENTÍCIOS;5648;DIETA INFANTIL;438930;ADICIONAIS:  C/ TCM, ASPECTO FÍSICO: LÍQUIDO, CARACTERÍSTICA: NORMOCALÓRICO,NORMOPROTEICA, CARACTERÍSTICAS ADICIONAIS: ISENTO GLÚTEN,LACTOSE, COMPONENTES ADICIONAIS: VITAMINAS E MINERAIS, FONTE DE CARBOIDRATO: MALTODEXTRINA E/OU SACAROSE, FONTE DE LIPÍDIOS: ÓLEOS VEGETAIS, FONTE DE PROTEÍNA: PTN ISOL. LEITE E PTN CONC. SR. LEITE E CASEINATO, INDICAÇÃO: 1 A 10 ANOS, SABOR: C/SABOR, USO: ENTERAL OU ORAL;G;3750,0000;9,8200;36825,0000;0,0000;21/09/2026
HOSPITAL DA MULHER PARTEIRA MARIA CORREIA/RN;931528;79;Material;931528-98/2026;NUTRIÇÃO Requisição de fórmulas enterais e fórmulas infantis.;Catálogo do Compras.gov.br;Material;8940;ALIMENTOS ESPECIAIS DIETÉTICOS E PREPARADOS ALIMENTÍCIOS;5648;DIETA INFANTIL;405974;ADICIONAIS:  C/ TCM,LEC.SOJA,GORD.LÁCTEA, ASPECTO FÍSICO: LÍQUIDO, CARACTERÍSTICA: NORMOCALÓRICO,NORMOPROTEICA, CARACTERÍSTICAS ADICIONAIS: ISENTO GLÚTEN,LACT.,COLESTEROL, COMPONENTES ADICIONAIS: AA'S,VIT.,MINERAIS, FONTE DE CARBOIDRATO: MALTODEXTRINA,SACAROSE, FONTE DE LIPÍDIOS: ÓLEOS VEGETAIS, FONTE DE PROTEÍNA: PTN SORO LEITE E LEITE VACA, INDICAÇÃO: 1 A 10 ANOS, SABOR: C/SABOR, USO: ENTERAL OU ORAL;L;25,0000;102,7000;2567,5000;0,0000;21/09/2026
HOSPITAL DA MULHER PARTEIRA MARIA CORREIA/RN;931528;80;Material;931528-98/2026;NUTRIÇÃO Requisição de fórmulas enterais e fórmulas infantis.;Catálogo do Compras.gov.br;Material;8940;ALIMENTOS ESPECIAIS DIETÉTICOS E PREPARADOS ALIMENTÍCIOS;5648;DIETA INFANTIL;405976;ADICIONAIS:  C/ TCM,LEC.SOJA, ASPECTO FÍSICO: LÍQUIDO, CARACTERÍSTICA: NORMOCALÓRICO,NORMOPROTEICA, CARACTERÍSTICAS ADICIONAIS: ISENTO GLÚTEN,LACTOSE, COMPONENTES ADICIONAIS: AA'S,VIT.,MINERAIS, FONTE DE CARBOIDRATO: MALTODEXTRINA,SACAROSE,AMIDO, FONTE DE LIPÍDIOS: ÓLEOS VEGETAIS, FONTE DE PROTEÍNA: PTN HIDROLISADA SORO LEITE, INDICAÇÃO: 1 A 10 ANOS, SABOR: C/SABOR, USO: ENTERAL OU ORAL;KCAL/L;25,0000;42,5600;1064,0000;0,0000;21/09/2026
HOSPITAL DA MULHER PARTEIRA MARIA CORREIA/RN;931528;81;Material;931528-98/2026;NUTRIÇÃO Requisição de fórmulas enterais e fórmulas infantis.;Catálogo do Compras.gov.br;Material;8940;ALIMENTOS ESPECIAIS DIETÉTICOS E PREPARADOS ALIMENTÍCIOS;5648;DIETA INFANTIL;405988;ADICIONAIS:  C/ TCM, ASPECTO FÍSICO: LÍQUIDO, CARACTERÍSTICA: HIPERCALÓRICO,NORMOPROTEICO, CARACTERÍSTICAS ADICIONAIS: ISENTO GLÚTEN,LACT.,COLESTEROL, COMPONENTES ADICIONAIS: AA'S,VIT.,MINERAIS, FONTE DE CARBOIDRATO: MALTODEXTRINA,SACAROSE, FONTE DE LIPÍDIOS: ÓLEOS VEGETAIS, FONTE DE PROTEÍNA: PTN LEITE, INDICAÇÃO: 1 A 12 ANOS, SABOR: C/SABOR, USO: ENTERAL OU ORAL;KCAL/L;25,0000;39,9400;998,5000;0,0000;21/09/2026
HOSPITAL DA MULHER PARTEIRA MARIA CORREIA/RN;931528;82;Material;931528-98/2026;NUTRIÇÃO Requisição de fórmulas enterais e fórmulas infantis.;Catálogo do Compras.gov.br;Material;8940;ALIMENTOS ESPECIAIS DIETÉTICOS E PREPARADOS ALIMENTÍCIOS;5648;DIETA INFANTIL;427802;ADICIONAIS: C/LEC.SOJA E/OU LC PUFAS E/OU NUCLEOT. E/OU PROBIO, ASPECTO FÍSICO: PÓ, CARACTERÍSTICAS ADICIONAIS: ISENTO GLÚTEN, COMPONENTES ADICIONAIS: VIT.E MIN.E/OU AA'S, FONTE DE CARBOIDRATO: LACTOSE E/OU MALTODEX., FONTE DE LIPÍDIOS: ÓLEOS VEGETAIS, FONTE DE PROTEÍNA: L.DESN.E/OU CONC.PTC.SR.LEITE, INDICAÇÃO: 0 A 6 MESES, USO: ENTERAL OU ORAL;KCAL/L;50,0000;24,3700;1218,5000;0,0000;21/09/2026
HOSPITAL DA MULHER PARTEIRA MARIA CORREIA/RN;931528;83;Material;931528-98/2026;NUTRIÇÃO Requisição de fórmulas enterais e fórmulas infantis.;Catálogo do Compras.gov.br;Material;8940;ALIMENTOS ESPECIAIS DIETÉTICOS E PREPARADOS ALIMENTÍCIOS;5648;DIETA INFANTIL;431207;ASPECTO FÍSICO: PÓ, CARACTERÍSTICA: HIPERCALÓRICO, CARACTERÍSTICAS ADICIONAIS: ISENTO GLÚTEN, COMPONENTES ADICIONAIS: VITAMINAS E MINERAIS, FONTE DE CARBOIDRATO: LACTOSE E/OU MALTODEXTRINA E/OU SACAROSE, FONTE DE LIPÍDIOS: GORDURA LÁCTEA, FONTE DE PROTEÍNA: LEITE DESNATADO, INDICAÇÃO: A PARTIR 3 ANOS, SABOR: C/SABOR, USO: ENTERAL OU ORAL;G;8000,0000;0,1000;800,0000;0,0000;21/09/2026
HOSPITAL DA MULHER PARTEIRA MARIA CORREIA/RN;931528;84;Material;931528-98/2026;NUTRIÇÃO Requisição de fórmulas enterais e fórmulas infantis.;Catálogo do Compras.gov.br;Material;8940;ALIMENTOS ESPECIAIS DIETÉTICOS E PREPARADOS ALIMENTÍCIOS;5648;DIETA INFANTIL;432636;ADICIONAIS: C/ LC PUFAS E/OU LECT.SOJA, ASPECTO FÍSICO: PÓ, CARACTERÍSTICAS ADICIONAIS: ISENTO GLÚTEN, COMPONENTES ADICIONAIS: VITAMINAS E MINERAIS, FONTE DE CARBOIDRATO: MALTODEXTRINA E/OU XAROPE MILHO E/OU SACAROSE, FONTE DE LIPÍDIOS: ÓLEOS VEGETAIS, FONTE DE PROTEÍNA: PTN ISOLADA SOJA, INDICAÇÃO: A PARTIR 6° MÊS, USO: ENTERAL OU ORAL;G;20,0000;118,0000;2360,0000;0,0000;21/09/2026
HOSPITAL DA MULHER PARTEIRA MARIA CORREIA/RN;931528;85;Material;931528-98/2026;NUTRIÇÃO Requisição de fórmulas enterais e fórmulas infantis.;Catálogo do Compras.gov.br;Material;8940;ALIMENTOS ESPECIAIS DIETÉTICOS E PREPARADOS ALIMENTÍCIOS;;;;;-;0,0000;0,0000;2522,5000;0,0000;21/09/2026
HOSPITAL DA MULHER PARTEIRA MARIA CORREIA/RN;931528;86;Material;931528-98/2026;NUTRIÇÃO Requisição de fórmulas enterais e fórmulas infantis.;Catálogo do Compras.gov.br;Material;8940;ALIMENTOS ESPECIAIS DIETÉTICOS E PREPARADOS ALIMENTÍCIOS;;;;;-;0,0000;0,0000;1108,7500;0,0000;21/09/2026
HOSPITAL DA MULHER PARTEIRA MARIA CORREIA/RN;931528;87;Material;931528-98/2026;NUTRIÇÃO Requisição de fórmulas enterais e fórmulas infantis.;Catálogo do Compras.gov.br;Material;8940;ALIMENTOS ESPECIAIS DIETÉTICOS E PREPARADOS ALIMENTÍCIOS;;;;;-;0,0000;0,0000;3665,0000;0,0000;21/09/2026
HOSPITAL DA MULHER PARTEIRA MARIA CORREIA/RN;931528;88;Material;931528-98/2026;NUTRIÇÃO Requisição de fórmulas enterais e fórmulas infantis.;Catálogo do Compras.gov.br;Material;8940;ALIMENTOS ESPECIAIS DIETÉTICOS E PREPARADOS ALIMENTÍCIOS;;;;;-;0,0000;0,0000;3387,5000;0,0000;21/09/2026
HOSPITAL DA MULHER PARTEIRA MARIA CORREIA/RN;931528;89;Material;931528-98/2026;NUTRIÇÃO Requisição de fórmulas enterais e fórmulas infantis.;Catálogo do Compras.gov.br;Material;8940;ALIMENTOS ESPECIAIS DIETÉTICOS E PREPARADOS ALIMENTÍCIOS;;;;;-;0,0000;0,0000;1462,5000;0,0000;21/09/2026
HOSPITAL DA MULHER PARTEIRA MARIA CORREIA/RN;931528;90;Material;931528-98/2026;NUTRIÇÃO Requisição de fórmulas enterais e fórmulas infantis.;Catálogo do Compras.gov.br;Material;8940;ALIMENTOS ESPECIAIS DIETÉTICOS E PREPARADOS ALIMENTÍCIOS;;;;;-;0,0000;0,0000;728,5200;0,0000;21/09/2026
HOSPITAL DA MULHER PARTEIRA MARIA CORREIA/RN;931528;91;Material;931528-98/2026;NUTRIÇÃO Requisição de fórmulas enterais e fórmulas infantis.;Catálogo do Compras.gov.br;Material;8940;ALIMENTOS ESPECIAIS DIETÉTICOS E PREPARADOS ALIMENTÍCIOS;;;;;-;0,0000;0,0000;3640,0000;0,0000;21/09/2026
HOSPITAL DA MULHER PARTEIRA MARIA CORREIA/RN;931528;323;Material;931528-89/2026;LABORATÓRIO Aquisição de insumos essenciais para o funcionamento do Laboratório de Análises Clínicas;Catálogo do Compras.gov.br;Material;6810;PRODUTOS QUÍMICOS;;;;;-;0,0000;0,0000;647,9000;0,0000;21/09/2026
HOSPITAL DA MULHER PARTEIRA MARIA CORREIA/RN;931528;92;Material;931528-97/2026;NUTRIÇÃO Requisição de Equipamentos;Catálogo do Compras.gov.br;Material;7320;EQUIPAMENTOS E APARELHOS DE COZINHA;1106;MULTIPROCESSADOR ALIMENTOS;624525;CARACTERÍSTICAS ADICIONAIS: BOCA PARA ADICIONAR ALIMENTO, SISTEMA DE SEGURANÇA, COMPONENTES: JARRA DO PROCESSADOR: 1L, JARRA DO LIQUIDIFICADOR:, FUNÇÃO: 7 EM 1, MATERIAL: METAL, POTÊNCIA: 1000, TENSÃO: 127/220;UN;2,0000;224,1000;448,2000;0,0000;21/09/2026
HOSPITAL DA MULHER PARTEIRA MARIA CORREIA/RN;931528;93;Material;931528-97/2026;NUTRIÇÃO Requisição de Equipamentos;Catálogo do Compras.gov.br;Material;7320;EQUIPAMENTOS E APARELHOS DE COZINHA;13581;LIQUIDIFICADOR;329506;CAPACIDADE: 3, CARACTERÍSTICAS ADICIONAIS: 4 VELOCIDADES, USO: DOMÉSTICO, VOLTAGEM: 220;UN;2,0000;193,0400;386,0800;0,0000;21/09/2026
HOSPITAL DA MULHER PARTEIRA MARIA CORREIA/RN;931528;94;Material;931528-97/2026;NUTRIÇÃO Requisição de Equipamentos;Catálogo do Compras.gov.br;Material;7320;EQUIPAMENTOS E APARELHOS DE COZINHA;1093;LIQUIDIFICADOR INDUSTRIAL;475771;APLICAÇÃO: INDUSTRIAL, CAPACIDADE: 10, MATERIAL BASE: AÇO INOX, MATERIAL COPO: AÇO INOXIDÁVEL, POTÊNCIA MOTOR: 0,50, TENSÃO NOMINAL: 110/220;UN;2,0000;690,0000;1380,0000;0,0000;21/09/2026
HOSPITAL DA MULHER PARTEIRA MARIA CORREIA/RN;931528;95;Material;931528-97/2026;NUTRIÇÃO Requisição de Equipamentos;Catálogo do Compras.gov.br;Material;7320;EQUIPAMENTOS E APARELHOS DE COZINHA;1093;LIQUIDIFICADOR INDUSTRIAL;260885;APLICAÇÃO: INDUSTRIAL, CAPACIDADE: 2, MATERIAL BASE: ALUMÍNIO, MATERIAL COPO: AÇO INOXIDÁVEL, POTÊNCIA MOTOR: 1/3, TENSÃO NOMINAL: 110/220, LARGURA: 250, ALTURA: 575, PESO: 3,0;UN;2,0000;310,8100;621,6200;0,0000;21/09/2026
HOSPITAL DA MULHER PARTEIRA MARIA CORREIA/RN;931528;96;Material;931528-97/2026;NUTRIÇÃO Requisição de Equipamentos;Catálogo do Compras.gov.br;Material;7320;EQUIPAMENTOS E APARELHOS DE COZINHA;1093;LIQUIDIFICADOR INDUSTRIAL;219499;APLICAÇÃO: INDUSTRIAL, CAPACIDADE: 4, MATERIAL BASE: ALUMÍNIO, MATERIAL COPO: AÇO INOXIDÁVEL, POTÊNCIA MOTOR: 0,50, TENSÃO NOMINAL: 110/220, LARGURA: 250, ALTURA: 630, PESO: 12;UN;2,0000;450,7700;901,5400;0,0000;21/09/2026
HOSPITAL DA MULHER PARTEIRA MARIA CORREIA/RN;931528;97;Material;931528-97/2026;NUTRIÇÃO Requisição de Equipamentos;Catálogo do Compras.gov.br;Material;7310;EQUIPAMENTOS PARA COZINHAR, ASSAR E SERVIR ALIMENTOS;1070;FOGÃO INDUSTRIAL;255374;ALTURA: 850, APLICAÇÃO: RESTAURANTE, CARACTERÍSTICAS ADICIONAIS: COM FORNO/GRELHAS 40 X 40CM / QUEIMADORES DUPLOS, COMPRIMENTO: 1.770, FUNCIONAMENTO: GÁS, LARGURA: 1.178, MATERIAL: AÇO INOXIDÁVEL, QUANTIDADE BOCAS: 8, TIPO ACENDIMENTO: AUTOMÁTICO, TIPO USO: COZINHAR E ASSAR ALIMENTOS;UN;1,0000;6290,7000;6290,7000;0,0000;21/09/2026
HOSPITAL DA MULHER PARTEIRA MARIA CORREIA/RN;931528;324;Material;931528-89/2026;LABORATÓRIO Aquisição de insumos essenciais para o funcionamento do Laboratório de Análises Clínicas;Catálogo do Compras.gov.br;Material;6810;PRODUTOS QUÍMICOS;;;;;-;0,0000;0,0000;698,4000;0,0000;21/09/2026
HOSPITAL DA MULHER PARTEIRA MARIA CORREIA/RN;931528;138;Material;931528-96/2026;NUTRIÇÃO Requisição de utensílios de cozinha e copa.;Catálogo do Compras.gov.br;Material;7330;UTENSÍLIOS E FERRAMENTAS MANUAIS DE COZINHA;1225;ABRIDOR;362664;CARACTERÍSTICAS ADICIONAIS: MANUAL, REFORÇADO, LATA / GARRAFA, MATERIAL: AÇO TEMPERADO;UN;6,0000;7,9300;47,5800;0,0000;21/09/2026
HOSPITAL DA MULHER PARTEIRA MARIA CORREIA/RN;931528;139;Material;931528-96/2026;NUTRIÇÃO Requisição de utensílios de cozinha e copa.;Catálogo do Compras.gov.br;Material;7330;UTENSÍLIOS E FERRAMENTAS MANUAIS DE COZINHA;2141;AFIADOR MANUAL/ELÉTRICO;603662;ALTURA: 5, APLICAÇÃO: FACAS, LÂMINAS, BROCAS E TESOURAS, COMPRIMENTO CORPO: 128, LARGURA: 15, MATERIAL CABO: PLÁSTICO, MATERIAL CORPO: METAL DURO, TIPO: COM ESTRIAS;UN;1,0000;73,0500;73,0500;0,0000;21/09/2026
HOSPITAL DA MULHER PARTEIRA MARIA CORREIA/RN;931528;140;Material;931528-96/2026;NUTRIÇÃO Requisição de utensílios de cozinha e copa.;Catálogo do Compras.gov.br;Material;7330;UTENSÍLIOS E FERRAMENTAS MANUAIS DE COZINHA;1117;BULE;407587;CAPACIDADE: 7, CARACTERÍSTICAS ADICIONAIS: COM TAMPA, MATERIAL: ALUMÍNIO;UN;5,0000;72,5900;362,9500;0,0000;21/09/2026
HOSPITAL DA MULHER PARTEIRA MARIA CORREIA/RN;931528;141;Material;931528-96/2026;NUTRIÇÃO Requisição de utensílios de cozinha e copa.;Catálogo do Compras.gov.br;Material;7350;LOUÇA E ARTIGOS DE MESA;3300;BANDEJA DE AÇO;286098;APLICAÇÃO: SERVIR REFEIÇÕES, COMPRIMENTO: 48, LARGURA: 32, MATERIAL: AÇO INOXIDÁVEL, FORMATO: RETANGULAR;UN;5,0000;116,3900;581,9500;0,0000;21/09/2026
HOSPITAL DA MULHER PARTEIRA MARIA CORREIA/RN;931528;142;Material;931528-96/2026;NUTRIÇÃO Requisição de utensílios de cozinha e copa.;Catálogo do Compras.gov.br;Material;7330;UTENSÍLIOS E FERRAMENTAS MANUAIS DE COZINHA;4149;CAIXA PLÁSTICA;338807;APLICAÇÃO: ALIMENTOS, CAPACIDADE: 10, CARACTERÍSTICAS ADICIONAIS: COM TAMPA, MATERIAL: POLIPROPILENO;UN;20,0000;27,4100;548,2000;0,0000;21/09/2026
HOSPITAL DA MULHER PARTEIRA MARIA CORREIA/RN;931528;143;Material;931528-96/2026;NUTRIÇÃO Requisição de utensílios de cozinha e copa.;Catálogo do Compras.gov.br;Material;7330;UTENSÍLIOS E FERRAMENTAS MANUAIS DE COZINHA;4149;CAIXA PLÁSTICA;378071;APLICAÇÃO: ACONDICIONAMENTO DE CARNES, CAPACIDADE: 61, COR: BRANCA, MATERIAL: PLÁSTICO RÍGIDO, TIPO: MONOBLOCO;UN;5,0000;191,3300;956,6500;0,0000;21/09/2026
HOSPITAL DA MULHER PARTEIRA MARIA CORREIA/RN;931528;144;Material;931528-96/2026;NUTRIÇÃO Requisição de utensílios de cozinha e copa.;Catálogo do Compras.gov.br;Material;7330;UTENSÍLIOS E FERRAMENTAS MANUAIS DE COZINHA;4149;CAIXA PLÁSTICA;458930;ALTURA: 7, APLICAÇÃO: LABORATÓRIO, CAPACIDADE: 7, COMPRIMENTO: 36,5, COR: PRETA, LARGURA: 26, MATERIAL: POLIPROPILENO, TIPO: ORGANIZADOR COM TAMPA;UN;10,0000;38,0000;380,0000;0,0000;21/09/2026
HOSPITAL DA MULHER PARTEIRA MARIA CORREIA/RN;931528;145;Material;931528-96/2026;NUTRIÇÃO Requisição de utensílios de cozinha e copa.;Catálogo do Compras.gov.br;Material;8115;CAIXAS, CAIXOTES E ENGRADADOS;4149;CAIXA PLÁSTICA;444897;ALTURA: 12, APLICAÇÃO: ACONDICIONAMENTO ALIMENTOS, CAPACIDADE: 16, CARACTERÍSTICAS ADICIONAIS: TAMPA E TRAVAS, COMPRIMENTO: 53, COR: INCOLOR, LARGURA: 32, TRANSMITÂNCIA: TRANSPARENTE;UN;10,0000;40,7600;407,6000;0,0000;21/09/2026
HOSPITAL DA MULHER PARTEIRA MARIA CORREIA/RN;931528;146;Material;931528-96/2026;NUTRIÇÃO Requisição de utensílios de cozinha e copa.;Catálogo do Compras.gov.br;Material;8115;CAIXAS, CAIXOTES E ENGRADADOS;4149;CAIXA PLÁSTICA;438010;ALTURA: 201, CAPACIDADE: 28, COMPRIMENTO: 564, COR: BRANCA, LARGURA: 385, MATERIAL: PLÁSTICO, TIPO: ORGANIZADOR COM TAMPA;UN;10,0000;29,9000;299,0000;0,0000;21/09/2026
HOSPITAL DA MULHER PARTEIRA MARIA CORREIA/RN;931528;147;Material;931528-96/2026;NUTRIÇÃO Requisição de utensílios de cozinha e copa.;Catálogo do Compras.gov.br;Material;8115;CAIXAS, CAIXOTES E ENGRADADOS;4149;CAIXA PLÁSTICA;440739;ALTURA: 37, CAPACIDADE: 56, CARACTERÍSTICAS ADICIONAIS: TAMPA E TRAVAS, COMPRIMENTO: 56,50, LARGURA: 38,50, MATERIAL: PLÁSTICO RESISTENTE, TIPO: CAIXA ORGANIZADORA, TRANSMITÂNCIA: TRANSPARENTE;UN;10,0000;78,9000;789,0000;0,0000;21/09/2026
HOSPITAL DA MULHER PARTEIRA MARIA CORREIA/RN;931528;148;Material;931528-96/2026;NUTRIÇÃO Requisição de utensílios de cozinha e copa.;Catálogo do Compras.gov.br;Material;8135;MATERIAIS A GRANEL PARA ACONDICIONAMENTO E EMBALAGEM;13731;MARMITA DESCARTÁVEL;297318;CARACTERÍSTICAS ADICIONAIS: COM TAMPA, MATERIAL: ALUMÍNIO, TAMANHO: Nº 8;CX;1000,0000;43,9000;43900,0000;0,0000;21/09/2026
HOSPITAL DA MULHER PARTEIRA MARIA CORREIA/RN;931528;149;Material;931528-96/2026;NUTRIÇÃO Requisição de utensílios de cozinha e copa.;Catálogo do Compras.gov.br;Material;9330;ARTIGOS DE PLÁSTICO;4149;CAIXA PLÁSTICA;406834;ALTURA: 35, CAPACIDADE: 71, CARACTERÍSTICAS ADICIONAIS: COM TAMPA, COMPRIMENTO: 71, LARGURA: 35,50, MATERIAL: POLIPROPILENO;UN;10,0000;79,9000;799,0000;0,0000;21/09/2026
HOSPITAL DA MULHER PARTEIRA MARIA CORREIA/RN;931528;150;Material;931528-96/2026;NUTRIÇÃO Requisição de utensílios de cozinha e copa.;Catálogo do Compras.gov.br;Material;9330;ARTIGOS DE PLÁSTICO;4149;CAIXA PLÁSTICA;320456;ALTURA: 12, CAPACIDADE: 4,30, CARACTERÍSTICAS ADICIONAIS: RESISTENTE, COM TAMPA, COMPACTA, NÃO PERFURADA, COMPRIMENTO: 32, LARGURA: 16, TIPO: MULTIUSO;UN;10,0000;29,7000;297,0000;0,0000;21/09/2026
HOSPITAL DA MULHER PARTEIRA MARIA CORREIA/RN;931528;151;Material;931528-96/2026;NUTRIÇÃO Requisição de utensílios de cozinha e copa.;Catálogo do Compras.gov.br;Material;9330;ARTIGOS DE PLÁSTICO;4149;CAIXA PLÁSTICA;314498;CAPACIDADE: 8,60, COR: BRANCA, TIPO: ORGANIZADOR COM TAMPA, DIMENSÕES: 400 X 270 X 133;UN;10,0000;21,8400;218,4000;0,0000;21/09/2026
HOSPITAL DA MULHER PARTEIRA MARIA CORREIA/RN;931528;152;Material;931528-96/2026;NUTRIÇÃO Requisição de utensílios de cozinha e copa.;Catálogo do Compras.gov.br;Material;9330;ARTIGOS DE PLÁSTICO;4149;CAIXA PLÁSTICA;444901;APLICAÇÃO: ABATEDOURO,FRIGORÍFICO., CAPACIDADE: 48, CARACTERÍSTICAS ADICIONAIS: VAZADA NAS LATERAIS, COR: BRANCA, MATERIAL: POLIETILENO;UN;20,0000;36,1000;722,0000;0,0000;21/09/2026
HOSPITAL DA MULHER PARTEIRA MARIA CORREIA/RN;931528;153;Material;931528-96/2026;NUTRIÇÃO Requisição de utensílios de cozinha e copa.;Catálogo do Compras.gov.br;Material;9330;ARTIGOS DE PLÁSTICO;4149;CAIXA PLÁSTICA;407863;ALTURA: 18, CAPACIDADE: 25, COMPRIMENTO: 61,50, COR: BRANCA LEITOSA, LARGURA: 42, MATERIAL: POLIETILENO, TIPO: MONOBLOCO;UN;2,0000;44,4700;88,9400;0,0000;21/09/2026
HOSPITAL DA MULHER PARTEIRA MARIA CORREIA/RN;931528;154;Material;931528-96/2026;NUTRIÇÃO Requisição de utensílios de cozinha e copa.;Catálogo do Compras.gov.br;Material;7330;UTENSÍLIOS E FERRAMENTAS MANUAIS DE COZINHA;1058;CALDEIRÃO;304596;CAPACIDADE: 45, CARACTERÍSTICAS ADICIONAIS: COM TAMPAS E ALÇAS REFORÇADAS, MATERIAL: ALUMÍNIO ESCOVADO, TAMANHO: GRANDE;UN;2,0000;314,6500;629,3000;0,0000;21/09/2026
HOSPITAL DA MULHER PARTEIRA MARIA CORREIA/RN;931528;155;Material;931528-96/2026;NUTRIÇÃO Requisição de utensílios de cozinha e copa.;Catálogo do Compras.gov.br;Material;7330;UTENSÍLIOS E FERRAMENTAS MANUAIS DE COZINHA;1058;CALDEIRÃO;397201;CAPACIDADE: 32,5, CARACTERÍSTICAS ADICIONAIS: COM 2 ALÇAS  E TAMPA, MATERIAL: ALUMÍNIO;UN;2,0000;185,9900;371,9800;0,0000;21/09/2026
HOSPITAL DA MULHER PARTEIRA MARIA CORREIA/RN;931528;156;Material;931528-96/2026;NUTRIÇÃO Requisição de utensílios de cozinha e copa.;Catálogo do Compras.gov.br;Material;7330;UTENSÍLIOS E FERRAMENTAS MANUAIS DE COZINHA;16507;CANECO DE METAL;482842;APLICAÇÃO: USO EM COZINHA, CAPACIDADE: 3,2, MATERIAL: AÇO INOXIDÁVEL, MATERIAL CABO: BAQUELITE;UN;5,0000;34,2900;171,4500;0,0000;21/09/2026
HOSPITAL DA MULHER PARTEIRA MARIA CORREIA/RN;931528;674;Material;931528-55/2026;NUTRIÇÃO Gêneros alimentícios - perecíveis;Catálogo do Compras.gov.br;Material;8915;FRUTAS, VERDURAS E LEGUMES;19772;LEGUME IN NATURA;463746;TIPO: ABÓBORA MORANGA;KG;480,0000;3,0000;1440,0000;0,0000;21/12/2026
HOSPITAL DA MULHER PARTEIRA MARIA CORREIA/RN;931528;157;Material;931528-96/2026;NUTRIÇÃO Requisição de utensílios de cozinha e copa.;Catálogo do Compras.gov.br;Material;7330;UTENSÍLIOS E FERRAMENTAS MANUAIS DE COZINHA;16507;CANECO DE METAL;482840;APLICAÇÃO: USO EM COZINHA, CAPACIDADE: 6,2, MATERIAL: AÇO INOXIDÁVEL, MATERIAL CABO: BAQUELITE;UN;5,0000;73,0000;365,0000;0,0000;21/09/2026
HOSPITAL DA MULHER PARTEIRA MARIA CORREIA/RN;931528;158;Material;931528-96/2026;NUTRIÇÃO Requisição de utensílios de cozinha e copa.;Catálogo do Compras.gov.br;Material;7340;CUTELARIA E TALHERES;5362;COLHER;315150;CARACTERÍSTICAS ADICIONAIS: MEDINDO 25 CM DE DIÂMETRO E 10 CM PARTE CÔNCAVA, MATERIAL CABO: AÇO INOXIDÁVEL, MATERIAL CORPO: AÇO INOXIDÁVEL, TAMANHO: GRANDE, TIPO: ARROZ;UN;20,0000;17,5900;351,8000;0,0000;21/09/2026
HOSPITAL DA MULHER PARTEIRA MARIA CORREIA/RN;931528;159;Material;931528-96/2026;NUTRIÇÃO Requisição de utensílios de cozinha e copa.;Catálogo do Compras.gov.br;Material;7340;CUTELARIA E TALHERES;1132;CONCHA;464877;CARACTERÍSTICAS ADICIONAIS: TIPO HOTEL, DIÂMETRO: 20, MATERIAL CABO: ALUMÍNIO, MATERIAL CORPO: ALUMÍNIO;UN;4,0000;42,8600;171,4400;0,0000;21/09/2026
HOSPITAL DA MULHER PARTEIRA MARIA CORREIA/RN;931528;160;Material;931528-96/2026;NUTRIÇÃO Requisição de utensílios de cozinha e copa.;Catálogo do Compras.gov.br;Material;7340;CUTELARIA E TALHERES;1132;CONCHA;454989;CAPACIDADE: 250, CARACTERÍSTICAS ADICIONAIS: TIPO PEGADOR DE CEREAIS EM EMPÓRIOS, MATERIAL CABO: AÇO INOXIDÁVEL, MATERIAL CORPO: AÇO INOXIDÁVEL;UN;4,0000;16,9900;67,9600;0,0000;21/09/2026
HOSPITAL DA MULHER PARTEIRA MARIA CORREIA/RN;931528;161;Material;931528-96/2026;NUTRIÇÃO Requisição de utensílios de cozinha e copa.;Catálogo do Compras.gov.br;Material;7330;UTENSÍLIOS E FERRAMENTAS MANUAIS DE COZINHA;5927;PICADOR LEGUMES;334043;CARACTERÍSTICAS ADICIONAIS: LÂMINA, ALAVANCA E TRIPÉ, CUBO DE PLACA DE 10MM E, MATERIAL: AÇO INOXIDÁVEL, TIPO: MANUAL;UN;5,0000;189,0000;945,0000;0,0000;21/09/2026
HOSPITAL DA MULHER PARTEIRA MARIA CORREIA/RN;931528;162;Material;931528-96/2026;NUTRIÇÃO Requisição de utensílios de cozinha e copa.;Catálogo do Compras.gov.br;Material;7330;UTENSÍLIOS E FERRAMENTAS MANUAIS DE COZINHA;16429;PANELA CUSCUZ;254852;CAPACIDADE: 3, MATERIAL: ALUMÍNIO;UN;3,0000;27,5300;82,5900;0,0000;21/09/2026
HOSPITAL DA MULHER PARTEIRA MARIA CORREIA/RN;931528;163;Material;931528-96/2026;NUTRIÇÃO Requisição de utensílios de cozinha e copa.;Catálogo do Compras.gov.br;Material;7330;UTENSÍLIOS E FERRAMENTAS MANUAIS DE COZINHA;12474;TACHO;397284;ALTURA: 13,50, CAPACIDADE: 9,25, CARACTERÍSTICAS ADICIONAIS: COM ORLA E 2 ALÇAS, DIÂMETRO BOCA: 35, MATERIAL: ALUMÍNIO;UN;4,0000;512,7500;2051,0000;0,0000;21/09/2026
HOSPITAL DA MULHER PARTEIRA MARIA CORREIA/RN;931528;164;Material;931528-96/2026;NUTRIÇÃO Requisição de utensílios de cozinha e copa.;Catálogo do Compras.gov.br;Material;7330;UTENSÍLIOS E FERRAMENTAS MANUAIS DE COZINHA;1287;JARRA;287935;APLICAÇÃO: COPA E COZINHA, CAPACIDADE: 1, MATERIAL: PLÁSTICO, MODELO: COM TAMPA;UN;10,0000;9,9900;99,9000;0,0000;21/09/2026
HOSPITAL DA MULHER PARTEIRA MARIA CORREIA/RN;931528;165;Material;931528-96/2026;NUTRIÇÃO Requisição de utensílios de cozinha e copa.;Catálogo do Compras.gov.br;Material;7240;RECEPIENTES PARA USO DOMÉSTICO E COMERCIAL;11495;LIXEIRA;324614;CAPACIDADE: 15, MATERIAL: PLÁSTICO, TIPO: COM TAMPA E PEDAL;UN;2,0000;59,9000;119,8000;0,0000;21/09/2026
HOSPITAL DA MULHER PARTEIRA MARIA CORREIA/RN;931528;166;Material;931528-96/2026;NUTRIÇÃO Requisição de utensílios de cozinha e copa.;Catálogo do Compras.gov.br;Material;7330;UTENSÍLIOS E FERRAMENTAS MANUAIS DE COZINHA;1075;PANELA PRESSÃO;421716;CAPACIDADE: 7, CARACTERÍSTICAS ADICIONAIS: TAMPA COM SISTEMA DE FECHAMENTO EXTERNO, MATERIAL: ALUMÍNIO POLIDO, SISTEMA SEGURANÇA: VÁLVULA SEGURANÇA;UN;2,0000;135,9200;271,8400;0,0000;21/09/2026
HOSPITAL DA MULHER PARTEIRA MARIA CORREIA/RN;931528;167;Material;931528-96/2026;NUTRIÇÃO Requisição de utensílios de cozinha e copa.;Catálogo do Compras.gov.br;Material;7330;UTENSÍLIOS E FERRAMENTAS MANUAIS DE COZINHA;1075;PANELA PRESSÃO;616647;CAPACIDADE: 20, CARACTERÍSTICAS ADICIONAIS: FECHAMENTO EXTERNO, COM DUAS ASAS, MATERIAL: ALUMÍNIO, MATERIAL CABO: BAQUELITE, SISTEMA SEGURANÇA: VÁLVULA SEGURANÇA;UN;2,0000;360,4200;720,8400;0,0000;21/09/2026
HOSPITAL DA MULHER PARTEIRA MARIA CORREIA/RN;931528;168;Material;931528-96/2026;NUTRIÇÃO Requisição de utensílios de cozinha e copa.;Catálogo do Compras.gov.br;Material;7125;ARMÁRIOS E ESTANTES;14421;PRATELEIRA;624612;COMPRIMENTO: 150, ESPESSURA: 0,8, LARGURA: 35, MATERIAL: AÇO INOXIDÁVEL, PROFUNDIDADE: 0,30, TIPO: SUSPENSA, USO: COZINHA INDUSTRIAL;UN;8,0000;37,5400;300,3200;0,0000;21/09/2026
HOSPITAL DA MULHER PARTEIRA MARIA CORREIA/RN;931528;169;Material;931528-96/2026;NUTRIÇÃO Requisição de utensílios de cozinha e copa.;Catálogo do Compras.gov.br;Material;7330;UTENSÍLIOS E FERRAMENTAS MANUAIS DE COZINHA;11401;RALADOR ALIMENTO;261597;APLICAÇÃO: COZINHA, MATERIAL: AÇO INOXIDÁVEL, QUANTIDADE FACES: 4, TIPO: MANUAL;UN;5,0000;29,9900;149,9500;0,0000;21/09/2026
HOSPITAL DA MULHER PARTEIRA MARIA CORREIA/RN;931528;170;Material;931528-96/2026;NUTRIÇÃO Requisição de utensílios de cozinha e copa.;Catálogo do Compras.gov.br;Material;7330;UTENSÍLIOS E FERRAMENTAS MANUAIS DE COZINHA;12474;TACHO;397283;ALTURA: 12, CAPACIDADE: 16, CARACTERÍSTICAS ADICIONAIS: COM ORLA E 2 ALÇAS, DIÂMETRO BOCA: 30, MATERIAL: ALUMÍNIO;UN;4,0000;512,7500;2051,0000;0,0000;21/09/2026
HOSPITAL DA MULHER PARTEIRA MARIA CORREIA/RN;931528;171;Material;931528-96/2026;NUTRIÇÃO Requisição de utensílios de cozinha e copa.;Catálogo do Compras.gov.br;Material;7110;MOBILIÁRIO PARA ESCRITÓRIO;16454;GAVETEIRO FIXO;352230;ALTURA: 18, CARACTERÍSTICAS ADICIONAIS: TRANSPARENTE, LARGURA: 27,50, MATERIAL: PLÁSTICO, PROFUNDIDADE: 22,10, QUANTIDADE GAVETAS: 3;UN;5,0000;43,0500;215,2500;0,0000;21/09/2026
HOSPITAL DA MULHER PARTEIRA MARIA CORREIA/RN;931528;172;Material;931528-96/2026;NUTRIÇÃO Requisição de utensílios de cozinha e copa.;Catálogo do Compras.gov.br;Material;7125;ARMÁRIOS E ESTANTES;13563;ESTANTE;;;-;0,0000;0,0000;1697,9900;0,0000;21/09/2026
HOSPITAL DA MULHER PARTEIRA MARIA CORREIA/RN;931528;173;Material;931528-96/2026;NUTRIÇÃO Requisição de utensílios de cozinha e copa.;Catálogo do Compras.gov.br;Material;7105;MOBILIÁRIO DOMÉSTICO;14647;ESTRADO MODULAR;;;-;0,0000;0,0000;2430,0000;0,0000;21/09/2026
HOSPITAL DA MULHER PARTEIRA MARIA CORREIA/RN;931528;174;Material;931528-96/2026;NUTRIÇÃO Requisição de utensílios de cozinha e copa.;Catálogo do Compras.gov.br;Material;8120;CILINDROS COMERCIAIS E INDUSTRIAIS PARA GASES;1115;GARRAFA TÉRMICA;370718;CAPACIDADE: 5, CARACTERÍSTICAS ADICIONAIS: COM TORNEIRA, ALÇA E PÉS DOBRÁVEIS EM BAIXO., MATERIAL: PLÁSTICO;UN;3,0000;59,2900;177,8700;0,0000;21/09/2026
HOSPITAL DA MULHER PARTEIRA MARIA CORREIA/RN;931528;175;Material;931528-96/2026;NUTRIÇÃO Requisição de utensílios de cozinha e copa.;Catálogo do Compras.gov.br;Material;8145;RECIPIENTES ESPECIALIZADOS PARA TRANSPORTE E ARMAZENAGEM;7092;ESTANTE RACK;;;-;0,0000;0,0000;339,8000;0,0000;21/09/2026
HOSPITAL DA MULHER PARTEIRA MARIA CORREIA/RN;931528;176;Material;931528-96/2026;NUTRIÇÃO Requisição de utensílios de cozinha e copa.;Catálogo do Compras.gov.br;Material;8145;RECIPIENTES ESPECIALIZADOS PARA TRANSPORTE E ARMAZENAGEM;7092;ESTANTE RACK;;;-;0,0000;0,0000;432,8000;0,0000;21/09/2026
HOSPITAL DA MULHER PARTEIRA MARIA CORREIA/RN;931528;177;Material;931528-96/2026;NUTRIÇÃO Requisição de utensílios de cozinha e copa.;Catálogo do Compras.gov.br;Material;7310;EQUIPAMENTOS PARA COZINHAR, ASSAR E SERVIR ALIMENTOS;1287;JARRA;;;-;0,0000;0,0000;111,0000;0,0000;21/09/2026
HOSPITAL DA MULHER PARTEIRA MARIA CORREIA/RN;931528;1066;Material;931528-34/2026;FARMÁCIA AQUISIÇÃO DE MEDICAMENTOS;Catálogo do Compras.gov.br;Material;6505;DROGAS E MEDICAMENTOS;4677;CARVEDILOL;267564;DOSAGEM: 12,5;COMPR;4000,0000;0,1900;760,0000;0,0000;21/12/2026
HOSPITAL DA MULHER PARTEIRA MARIA CORREIA/RN;931528;178;Serviço;931528-95/2026;NUTRIÇÃO Serviço de Manutenção dos Equipamentos - cozinha.;Catálogo do Compras.gov.br;Serviço;871;SERVIÇOS DE MANUTENÇÃO E REPARO DE PRODUTOS FABRICADOS DE METAL,MAQUINARIA E EQUIPAMENTOS;;;3670;MANUTENÇÃO DE EQUIPAMENTOS DE COZINHA INDUSTRIAL;-;12,0000;19687,8700;236254,4400;0,0000;21/09/2026
HOSPITAL DA MULHER PARTEIRA MARIA CORREIA/RN;931528;179;Material;931528-94/2026;Aquisição de materiais de limpeza e higiene, materiais de expediente administrativo e materiais de l;Catálogo do Compras.gov.br;Material;7510;ARTIGOS PARA ESCRITÓRIO;38;ALFINETE MAPA;607788;COMPRIMENTO: 10, COR: VARIADA, MATERIAL: METAL, MATERIAL CABEÇA: PLÁSTICO, TRATAMENTO SUPERFICIAL: GALVANIZADO;CX;30,0000;13,9000;417,0000;0,0000;21/12/2026
HOSPITAL DA MULHER PARTEIRA MARIA CORREIA/RN;931528;180;Material;931528-94/2026;Aquisição de materiais de limpeza e higiene, materiais de expediente administrativo e materiais de l;Catálogo do Compras.gov.br;Material;8135;MATERIAIS A GRANEL PARA ACONDICIONAMENTO E EMBALAGEM;14831;LACRE SEGURANÇA;619878;ACABAMENTO SUPERFICIAL: ENCAPADO, COM PVC, APLICAÇÃO: FECHAMENTO DE EMBALAGENS DE PÃES E BISCOITOS, COMPRIMENTO: 80, COR: BRANCA, MATERIAL: ARAME;CX;5,0000;32,9200;164,6000;0,0000;21/12/2026
HOSPITAL DA MULHER PARTEIRA MARIA CORREIA/RN;931528;181;Material;931528-94/2026;Aquisição de materiais de limpeza e higiene, materiais de expediente administrativo e materiais de l;Catálogo do Compras.gov.br;Material;7510;ARTIGOS PARA ESCRITÓRIO;205;BORRACHA APAGADORA ESCRITA;486054;ALTURA: 8, APLICAÇÃO: PARA LÁPIS E TINTA, COMPRIMENTO: 53, LARGURA: 18, MATERIAL: BORRACHA, TIPO: MACIA;CX;12,0000;22,9000;274,8000;0,0000;21/12/2026
HOSPITAL DA MULHER PARTEIRA MARIA CORREIA/RN;931528;182;Material;931528-94/2026;Aquisição de materiais de limpeza e higiene, materiais de expediente administrativo e materiais de l;Catálogo do Compras.gov.br;Material;7510;ARTIGOS PARA ESCRITÓRIO;196;CADERNO;622531;CARACTERÍSTICAS ADICIONAIS: CAPA DURA, COMPRIMENTO: 275, GRAMATURA FOLHAS: 56, LARGURA: 200, MATERIAL: PAPEL OFF-SET, MATERIAL CAPA: PAPELÃO REVESTIDA COM PAPEL-COUCHÉ, QUANTIDADE FOLHAS: 80;UN;80,0000;24,9000;1992,0000;0,0000;21/12/2026
HOSPITAL DA MULHER PARTEIRA MARIA CORREIA/RN;931528;183;Material;931528-94/2026;Aquisição de materiais de limpeza e higiene, materiais de expediente administrativo e materiais de l;Catálogo do Compras.gov.br;Material;7510;ARTIGOS PARA ESCRITÓRIO;19708;CAIXA ARQUIVO;625317;CARACTERÍSTICAS ADICIONAIS: COM DADOS DE IDENTIFICACAO DO PRODUTO A MARCA DO F, COR: VERDE, DIMENSÃO (C X L X A): 360 X 130 X 250, IMPRESSÃO: CONFORME MODELO, MATERIAL: PLASTICO POLIONDA;UN;1200,0000;12,9000;15480,0000;0,0000;21/12/2026
HOSPITAL DA MULHER PARTEIRA MARIA CORREIA/RN;931528;184;Material;931528-94/2026;Aquisição de materiais de limpeza e higiene, materiais de expediente administrativo e materiais de l;Catálogo do Compras.gov.br;Material;9330;ARTIGOS DE PLÁSTICO;4149;CAIXA PLÁSTICA;615870;ALTURA 01: 12,5, CARACTERÍSTICAS ADICIONAIS: COM TAMPA, EMPILHÁVEL, COMPRIMENTO: 32, COR: BRANCA LEITOSA, LARGURA: 16,5, MATERIAL: POLIPROPILENO ALTA DENSIDADE;UN;100,0000;86,9900;8699,0000;0,0000;21/12/2026
HOSPITAL DA MULHER PARTEIRA MARIA CORREIA/RN;931528;185;Material;931528-94/2026;Aquisição de materiais de limpeza e higiene, materiais de expediente administrativo e materiais de l;Catálogo do Compras.gov.br;Material;9330;ARTIGOS DE PLÁSTICO;4149;CAIXA PLÁSTICA;616939;ALTURA: 13, APLICAÇÃO: MULTIUSO, COMPRIMENTO 1: 41,1, LARGURA: 29,1, MATERIAL: PLÁSTICO, TIPO: EMPILHÁVEL, COM TAMPA;UN;100,0000;16,9000;1690,0000;0,0000;21/12/2026
HOSPITAL DA MULHER PARTEIRA MARIA CORREIA/RN;931528;186;Material;931528-94/2026;Aquisição de materiais de limpeza e higiene, materiais de expediente administrativo e materiais de l;Catálogo do Compras.gov.br;Material;7510;ARTIGOS PARA ESCRITÓRIO;15014;CORRETIVO FITA;624178;APLICAÇÃO: APAGAR CANETA ESFEROGRÁFICA, CARACTERÍSTICAS ADICIONAIS: NÃO TÓXICO E CERTIFICADO PELO INMETRO, COMPRIMENTO: 6, LARGURA: 5, MATERIAL: POLIETILENO;CX;24,0000;43,0000;1032,0000;0,0000;21/12/2026
HOSPITAL DA MULHER PARTEIRA MARIA CORREIA/RN;931528;187;Material;931528-94/2026;Aquisição de materiais de limpeza e higiene, materiais de expediente administrativo e materiais de l;Catálogo do Compras.gov.br;Material;7510;ARTIGOS PARA ESCRITÓRIO;99;CANETA ESFEROGRÁFICA;306570;CARACTERÍSTICAS ADICIONAIS: CORPO SEXTAVADO, COR TINTA: PRETA, MATERIAL: PLÁSTICO CRISTAL, MATERIAL PONTA: METÁLICA COM ESFERA DE TUNGSTÊNIO, TIPO ESCRITA: MÉDIA;CX;12,0000;59,9000;718,8000;0,0000;21/12/2026
HOSPITAL DA MULHER PARTEIRA MARIA CORREIA/RN;931528;188;Material;931528-94/2026;Aquisição de materiais de limpeza e higiene, materiais de expediente administrativo e materiais de l;Catálogo do Compras.gov.br;Material;7510;ARTIGOS PARA ESCRITÓRIO;99;CANETA ESFEROGRÁFICA;306569;CARACTERÍSTICAS ADICIONAIS: CORPO SEXTAVADO, COR TINTA: AZUL, MATERIAL: PLÁSTICO CRISTAL, MATERIAL PONTA: METÁLICA COM ESFERA DE TUNGSTÊNIO, TIPO ESCRITA: MÉDIA;CX;20,0000;59,9000;1198,0000;0,0000;21/12/2026
HOSPITAL DA MULHER PARTEIRA MARIA CORREIA/RN;931528;189;Material;931528-94/2026;Aquisição de materiais de limpeza e higiene, materiais de expediente administrativo e materiais de l;Catálogo do Compras.gov.br;Material;7510;ARTIGOS PARA ESCRITÓRIO;99;CANETA ESFEROGRÁFICA;306571;CARACTERÍSTICAS ADICIONAIS: CORPO SEXTAVADO, COR TINTA: VERMELHA, MATERIAL: PLÁSTICO CRISTAL, MATERIAL PONTA: METÁLICA COM ESFERA DE TUNGSTÊNIO, TIPO ESCRITA: MÉDIA;CX;12,0000;59,9000;718,8000;0,0000;21/12/2026
HOSPITAL DA MULHER PARTEIRA MARIA CORREIA/RN;931528;190;Material;931528-94/2026;Aquisição de materiais de limpeza e higiene, materiais de expediente administrativo e materiais de l;Catálogo do Compras.gov.br;Material;7510;ARTIGOS PARA ESCRITÓRIO;18078;CANETA HIDROGRÁFICA;626520;APLICAÇÃO: RETROPROJETOR, CARACTERÍSTICAS ADICIONAIS: PONTA DE 1 MM, COR CARGA: VERMELHA, ESPESSURA ESCRITA: FINA, MATERIAL: PLÁSTICO, MATERIAL PONTA: AÇO INOXIDÁVEL;CX;10,0000;19,0000;190,0000;0,0000;21/12/2026
HOSPITAL DA MULHER PARTEIRA MARIA CORREIA/RN;931528;191;Material;931528-94/2026;Aquisição de materiais de limpeza e higiene, materiais de expediente administrativo e materiais de l;Catálogo do Compras.gov.br;Material;7510;ARTIGOS PARA ESCRITÓRIO;18078;CANETA HIDROGRÁFICA;626519;APLICAÇÃO: RETROPROJETOR, CARACTERÍSTICAS ADICIONAIS: PONTA DE 1 MM, COR CARGA: PRETA, ESPESSURA ESCRITA: FINA, MATERIAL: PLÁSTICO, MATERIAL PONTA: AÇO INOXIDÁVEL;CX;10,0000;19,0000;190,0000;0,0000;21/12/2026
HOSPITAL DA MULHER PARTEIRA MARIA CORREIA/RN;931528;192;Material;931528-94/2026;Aquisição de materiais de limpeza e higiene, materiais de expediente administrativo e materiais de l;Catálogo do Compras.gov.br;Material;7510;ARTIGOS PARA ESCRITÓRIO;18078;CANETA HIDROGRÁFICA;429227;APLICAÇÃO: CD, COR CARGA: AZUL, ESPESSURA ESCRITA: FINA, MATERIAL: PLÁSTICO, MATERIAL PONTA: FELTRO;CX;10,0000;19,0000;190,0000;0,0000;21/12/2026
HOSPITAL DA MULHER PARTEIRA MARIA CORREIA/RN;931528;193;Material;931528-94/2026;Aquisição de materiais de limpeza e higiene, materiais de expediente administrativo e materiais de l;Catálogo do Compras.gov.br;Material;7510;ARTIGOS PARA ESCRITÓRIO;14013;PINCEL MARCADOR PERMANENTE CD;396418;CARACTERÍSTICAS ADICIONAIS: 2 PONTAS 4MM / 8MM, COR TINTA: PRETA, MATERIAL: PLÁSTICO, TIPO PONTA: POLIÉSTER;CX;5,0000;37,9000;189,5000;0,0000;21/12/2026
HOSPITAL DA MULHER PARTEIRA MARIA CORREIA/RN;931528;194;Material;931528-94/2026;Aquisição de materiais de limpeza e higiene, materiais de expediente administrativo e materiais de l;Catálogo do Compras.gov.br;Material;7510;ARTIGOS PARA ESCRITÓRIO;14013;PINCEL MARCADOR PERMANENTE CD;396419;CARACTERÍSTICAS ADICIONAIS: 2 PONTAS 4MM / 8MM, COR TINTA: VERMELHA, MATERIAL: PLÁSTICO, TIPO PONTA: POLIÉSTER;CX;5,0000;180,0000;900,0000;0,0000;21/12/2026
HOSPITAL DA MULHER PARTEIRA MARIA CORREIA/RN;931528;195;Material;931528-94/2026;Aquisição de materiais de limpeza e higiene, materiais de expediente administrativo e materiais de l;Catálogo do Compras.gov.br;Material;7510;ARTIGOS PARA ESCRITÓRIO;18075;CANETA MARCA-TEXTO;328136;CARACTERÍSTICAS ADICIONAIS: TRAÇO 4 MM, FILTRO POLIESTER, BASE D'ÁGUA, COR: VERDE, MATERIAL: PLÁSTICO, TIPO PONTA: CHANFRADA/POLIETILENO;CX;100,0000;24,4800;2448,0000;0,0000;21/12/2026
HOSPITAL DA MULHER PARTEIRA MARIA CORREIA/RN;931528;196;Material;931528-94/2026;Aquisição de materiais de limpeza e higiene, materiais de expediente administrativo e materiais de l;Catálogo do Compras.gov.br;Material;7510;ARTIGOS PARA ESCRITÓRIO;11;CLIPE;483432;APLICAÇÃO: MATERIAL DE EXPEDIENTE, FORMATO: PARALELO, MATERIAL: ARAME DE AÇO, TAMANHO: 6/0, TRATAMENTO SUPERFICIAL: GALVANIZADO;CX;100,0000;11,3500;1135,0000;0,0000;21/12/2026
HOSPITAL DA MULHER PARTEIRA MARIA CORREIA/RN;931528;197;Material;931528-94/2026;Aquisição de materiais de limpeza e higiene, materiais de expediente administrativo e materiais de l;Catálogo do Compras.gov.br;Material;7510;ARTIGOS PARA ESCRITÓRIO;11;CLIPE;463460;APLICAÇÃO: FIXAR PAPÉIS E SIMILARES, FORMATO: PARALELO, MATERIAL: ARAME DE AÇO, TAMANHO: 2/0, TRATAMENTO SUPERFICIAL: GALVANIZADO;CX;200,0000;10,1500;2030,0000;0,0000;21/12/2026
HOSPITAL DA MULHER PARTEIRA MARIA CORREIA/RN;931528;198;Material;931528-94/2026;Aquisição de materiais de limpeza e higiene, materiais de expediente administrativo e materiais de l;Catálogo do Compras.gov.br;Material;7510;ARTIGOS PARA ESCRITÓRIO;11;CLIPE;458597;FORMATO: PARALELO, MATERIAL: ARAME DE AÇO, TAMANHO: 8/0, TRATAMENTO SUPERFICIAL: GALVANIZADO;CX;200,0000;5,0000;1000,0000;0,0000;21/12/2026
HOSPITAL DA MULHER PARTEIRA MARIA CORREIA/RN;931528;199;Material;931528-94/2026;Aquisição de materiais de limpeza e higiene, materiais de expediente administrativo e materiais de l;Catálogo do Compras.gov.br;Material;7510;ARTIGOS PARA ESCRITÓRIO;11;CLIPE;335845;CARACTERÍSTICAS ADICIONAIS: COR AZUL, FORMATO: PARALELO, MATERIAL: PLÁSTICO, TAMANHO: 4/0;CX;100,0000;11,9500;1195,0000;0,0000;21/12/2026
HOSPITAL DA MULHER PARTEIRA MARIA CORREIA/RN;931528;200;Material;931528-94/2026;Aquisição de materiais de limpeza e higiene, materiais de expediente administrativo e materiais de l;Catálogo do Compras.gov.br;Material;7510;ARTIGOS PARA ESCRITÓRIO;18;CORRETIVO LÍQUIDO;376694;APLICAÇÃO: PAPEL RECICLADO, CARACTERÍSTICAS ADICIONAIS: ATÓXICO, LAVÁVEL, INODORO, MATERIAL: BASE D'ÁGUA - SECAGEM RÁPIDA;CX;60,0000;40,5000;2430,0000;0,0000;21/12/2026
HOSPITAL DA MULHER PARTEIRA MARIA CORREIA/RN;931528;201;Material;931528-94/2026;Aquisição de materiais de limpeza e higiene, materiais de expediente administrativo e materiais de l;Catálogo do Compras.gov.br;Material;7510;ARTIGOS PARA ESCRITÓRIO;106;PORTA-FITA ADESIVA;275657;ALTURA: 6, CARACTERÍSTICAS ADICIONAIS: MIOLO FIXADOR DE ROLO, COR: PRETA, LARGURA: 15, MATERIAL: ACRÍLICO;UN;5,0000;78,9000;394,5000;0,0000;21/12/2026
HOSPITAL DA MULHER PARTEIRA MARIA CORREIA/RN;931528;202;Material;931528-94/2026;Aquisição de materiais de limpeza e higiene, materiais de expediente administrativo e materiais de l;Catálogo do Compras.gov.br;Material;7510;ARTIGOS PARA ESCRITÓRIO;106;PORTA-FITA ADESIVA;203975;COMPRIMENTO: 65, COR: INCOLOR, LARGURA: 12, MATERIAL: PLÁSTICO;UN;5,0000;29,9000;149,5000;0,0000;21/12/2026
HOSPITAL DA MULHER PARTEIRA MARIA CORREIA/RN;931528;203;Material;931528-94/2026;Aquisição de materiais de limpeza e higiene, materiais de expediente administrativo e materiais de l;Catálogo do Compras.gov.br;Material;7510;ARTIGOS PARA ESCRITÓRIO;18071;FITA ADESIVA;302686;APLICAÇÃO: MULTIUSO, CARACTERÍSTICAS ADICIONAIS: TRANSPARENTE, COMPRIMENTO: 10, COR: AMARELA, LARGURA: 12, MATERIAL: POLIPROPILENO, TIPO: MONOFACE;CX;50,0000;19,9000;995,0000;0,0000;21/12/2026
HOSPITAL DA MULHER PARTEIRA MARIA CORREIA/RN;931528;204;Material;931528-94/2026;Aquisição de materiais de limpeza e higiene, materiais de expediente administrativo e materiais de l;Catálogo do Compras.gov.br;Material;7510;ARTIGOS PARA ESCRITÓRIO;18071;FITA ADESIVA;279071;APLICAÇÃO: MULTIUSO, COMPRIMENTO: 50, COR: INCOLOR, LARGURA: 18, MATERIAL: CELOFANE TRANSPARENTE, TIPO: MONOFACE;CX;60,0000;44,1900;2651,4000;0,0000;21/12/2026
HOSPITAL DA MULHER PARTEIRA MARIA CORREIA/RN;931528;205;Material;931528-94/2026;Aquisição de materiais de limpeza e higiene, materiais de expediente administrativo e materiais de l;Catálogo do Compras.gov.br;Material;7510;ARTIGOS PARA ESCRITÓRIO;13856;ETIQUETA AUTO-ADESIVA;466383;APLICAÇÃO: IDENTIFICAÇÃO DE PRODUTO, APRESENTAÇÃO: ROLO COM 7,6 METROS, COMPRIMENTO: 25,4, COR: BRANCA, FORMATO: RETANGULAR, LARGURA I: 7,70, MATERIAL: VINIL ADESIVO;BOB;100,0000;25,0000;2500,0000;0,0000;21/12/2026
HOSPITAL DA MULHER PARTEIRA MARIA CORREIA/RN;931528;206;Material;931528-94/2026;Aquisição de materiais de limpeza e higiene, materiais de expediente administrativo e materiais de l;Catálogo do Compras.gov.br;Material;7510;ARTIGOS PARA ESCRITÓRIO;21;ETIQUETA ADESIVA;291113;CARACTERÍSTICAS ADICIONAIS: FORMULÁRIO CONTÍNUO, 2 CARREIRAS, COMPRIMENTO: 70, COR: BRANCA, LARGURA: 23,40, MATERIAL: PAPEL;CTE;500,0000;1,0000;500,0000;0,0000;21/12/2026
HOSPITAL DA MULHER PARTEIRA MARIA CORREIA/RN;931528;207;Material;931528-94/2026;Aquisição de materiais de limpeza e higiene, materiais de expediente administrativo e materiais de l;Catálogo do Compras.gov.br;Material;9310;PAPÉIS E PAPELÕES;17523;PAPEL EMBORRACHADO;434953;COMPRIMENTO: 60, COR: VARIADA, ESPESSURA: 2, LARGURA: 40, MATERIAL: BORRACHA EVA, PADRÃO: GLITTERIZADO;EMB;20,0000;1,7000;34,0000;0,0000;21/12/2026
HOSPITAL DA MULHER PARTEIRA MARIA CORREIA/RN;931528;208;Material;931528-94/2026;Aquisição de materiais de limpeza e higiene, materiais de expediente administrativo e materiais de l;Catálogo do Compras.gov.br;Material;7510;ARTIGOS PARA ESCRITÓRIO;28;GRAMPO GRAMPEADOR;358207;MATERIAL: METAL, TAMANHO: 23/10, TRATAMENTO SUPERFICIAL: NIQUELADO, USO: GRAMPEADOR GIGANTE DE MESA;CX;10,0000;39,9000;399,0000;0,0000;21/12/2026
HOSPITAL DA MULHER PARTEIRA MARIA CORREIA/RN;931528;209;Material;931528-94/2026;Aquisição de materiais de limpeza e higiene, materiais de expediente administrativo e materiais de l;Catálogo do Compras.gov.br;Material;7510;ARTIGOS PARA ESCRITÓRIO;28;GRAMPO GRAMPEADOR;425226;MATERIAL: METAL, TAMANHO: 26/6, TRATAMENTO SUPERFICIAL: GALVANIZADO/COBREADO, USO: GRAMPEADOR DE MESA;CX;90,0000;25,9900;2339,1000;0,0000;21/12/2026
HOSPITAL DA MULHER PARTEIRA MARIA CORREIA/RN;931528;210;Material;931528-94/2026;Aquisição de materiais de limpeza e higiene, materiais de expediente administrativo e materiais de l;Catálogo do Compras.gov.br;Material;7510;ARTIGOS PARA ESCRITÓRIO;12;LÁPIS PRETO;347450;CARACTERÍSTICAS ADICIONAIS: MADEIRA MACIA SEM RACHADURAS, APONTADO, MINA, DUREZA CARGA: HB, FORMATO CORPO: SEXTAVADO, MATERIAL CORPO: MADEIRA;CX;6,0000;49,5000;297,0000;0,0000;21/12/2026
HOSPITAL DA MULHER PARTEIRA MARIA CORREIA/RN;931528;211;Material;931528-94/2026;Aquisição de materiais de limpeza e higiene, materiais de expediente administrativo e materiais de l;Catálogo do Compras.gov.br;Material;7510;ARTIGOS PARA ESCRITÓRIO;176;LAPISEIRA;406915;CARACTERÍSTICAS ADICIONAIS: BORRACHA, SISTEMA AMORTECEDOR ANTIQUEBRA GRAFITE,, DIÂMETRO CARGA: 0,7, MATERIAL: PLÁSTICO;UN;150,0000;19,0600;2859,0000;0,0000;21/12/2026
HOSPITAL DA MULHER PARTEIRA MARIA CORREIA/RN;931528;212;Material;931528-94/2026;Aquisição de materiais de limpeza e higiene, materiais de expediente administrativo e materiais de l;Catálogo do Compras.gov.br;Material;7510;ARTIGOS PARA ESCRITÓRIO;17;MINA GRAFITE;356003;COMPRIMENTO: 60, DIÂMETRO: 0,50, DUREZA: 4B, MATERIAL: GRAFITA;UN;60,0000;5,0000;300,0000;0,0000;21/12/2026
HOSPITAL DA MULHER PARTEIRA MARIA CORREIA/RN;931528;213;Material;931528-94/2026;Aquisição de materiais de limpeza e higiene, materiais de expediente administrativo e materiais de l;Catálogo do Compras.gov.br;Material;7510;ARTIGOS PARA ESCRITÓRIO;17;MINA GRAFITE;203339;COMPRIMENTO: 100, DIÂMETRO: 0,70, DUREZA: 2B, MATERIAL: GRAFITA;CX;60,0000;5,0000;300,0000;0,0000;21/12/2026
HOSPITAL DA MULHER PARTEIRA MARIA CORREIA/RN;931528;214;Material;931528-94/2026;Aquisição de materiais de limpeza e higiene, materiais de expediente administrativo e materiais de l;Catálogo do Compras.gov.br;Material;9310;PAPÉIS E PAPELÕES;19746;PAPEL PARA IMPRESSÃO FORMATADO;461889;CARACTERÍSTICA ADICIONAL: ALVURA SUPERIOR, COR: BRANCO, GRAMATURA: 75, TAMANHO (C X L): 297 X 210, TIPO: SULFITE/APERGAMINHADO/OFÍCIO;EMB;2400,0000;34,0000;81600,0000;0,0000;21/12/2026
HOSPITAL DA MULHER PARTEIRA MARIA CORREIA/RN;931528;215;Material;931528-94/2026;Aquisição de materiais de limpeza e higiene, materiais de expediente administrativo e materiais de l;Catálogo do Compras.gov.br;Material;7510;ARTIGOS PARA ESCRITÓRIO;74;PAPEL AUTO-ADESIVO;622715;CARACTERÍSTICAS ADICIONAIS: TIPO/CONTACT, COMPRIMENTO: 25, COR: TRANSPARENTE, LARGURA: 40, MATERIAL: PLÁSTICO;RO;60,0000;129,9000;7794,0000;0,0000;21/12/2026
HOSPITAL DA MULHER PARTEIRA MARIA CORREIA/RN;931528;216;Material;931528-94/2026;Aquisição de materiais de limpeza e higiene, materiais de expediente administrativo e materiais de l;Catálogo do Compras.gov.br;Material;9310;PAPÉIS E PAPELÕES;145;PAPEL CARTÃO;255142;CARACTERÍSTICAS ADICIONAIS: OFF-SET, COMPRIMENTO: 297, COR: BRANCA, GRAMATURA: 120, LARGURA: 210, MATERIAL: PAPEL ALCALINO;PCT;30,0000;45,0000;1350,0000;0,0000;21/12/2026
HOSPITAL DA MULHER PARTEIRA MARIA CORREIA/RN;931528;217;Material;931528-94/2026;Aquisição de materiais de limpeza e higiene, materiais de expediente administrativo e materiais de l;Catálogo do Compras.gov.br;Material;9310;PAPÉIS E PAPELÕES;10387;PAPEL LAMINADO;328310;COMPRIMENTO: 60, COR: VARIADA, LARGURA: 50;UN;20,0000;2,5000;50,0000;0,0000;21/12/2026
HOSPITAL DA MULHER PARTEIRA MARIA CORREIA/RN;931528;218;Material;931528-94/2026;Aquisição de materiais de limpeza e higiene, materiais de expediente administrativo e materiais de l;Catálogo do Compras.gov.br;Material;9310;PAPÉIS E PAPELÕES;189;PAPEL KRAFT;276703;COMPRIMENTO: 960, COR: AMARELA, GRAMATURA: 80, LARGURA: 660, MATERIAL: CELULOSE VEGETAL;UN;30,0000;7,2500;217,5000;0,0000;21/12/2026
HOSPITAL DA MULHER PARTEIRA MARIA CORREIA/RN;931528;219;Material;931528-94/2026;Aquisição de materiais de limpeza e higiene, materiais de expediente administrativo e materiais de l;Catálogo do Compras.gov.br;Material;7510;ARTIGOS PARA ESCRITÓRIO;106;PORTA-FITA ADESIVA;252896;CARACTERÍSTICAS ADICIONAIS: COM CORTADOR FITA DE METAL E BASE ANTIDERRAPANTE, COMPRIMENTO: 15, COR: AZUL, FORMATO: RETANGULAR, LARGURA: 6, MATERIAL: PLÁSTICO;UN;30,0000;78,9000;2367,0000;0,0000;21/12/2026
HOSPITAL DA MULHER PARTEIRA MARIA CORREIA/RN;931528;220;Material;931528-94/2026;Aquisição de materiais de limpeza e higiene, materiais de expediente administrativo e materiais de l;Catálogo do Compras.gov.br;Material;7510;ARTIGOS PARA ESCRITÓRIO;106;PORTA-FITA ADESIVA;255371;CARACTERÍSTICAS ADICIONAIS: COM CORTADOR FITA DE METAL E BASE ANTIDERRAPANTE, COMPRIMENTO: 65, COR: GRAFITE, FORMATO: RETANGULAR, LARGURA: 25, MATERIAL: PLÁSTICO;UN;40,0000;29,9000;1196,0000;0,0000;21/12/2026
HOSPITAL DA MULHER PARTEIRA MARIA CORREIA/RN;931528;221;Material;931528-94/2026;Aquisição de materiais de limpeza e higiene, materiais de expediente administrativo e materiais de l;Catálogo do Compras.gov.br;Material;7510;ARTIGOS PARA ESCRITÓRIO;20;PASTA ARQUIVO;613284;CARACTERÍSTICAS ADICIONAIS 1: 12 DIVISÕES, FECHAMENTO COM ELÁSTICO, COR: INCOLOR, MATERIAL: POLIPROPILENO, TIPO: SANFONADA, TAMANHO: 330 X 240 MM;UN;60,0000;31,0000;1860,0000;0,0000;21/12/2026
HOSPITAL DA MULHER PARTEIRA MARIA CORREIA/RN;931528;222;Material;931528-94/2026;Aquisição de materiais de limpeza e higiene, materiais de expediente administrativo e materiais de l;Catálogo do Compras.gov.br;Material;7510;ARTIGOS PARA ESCRITÓRIO;20;PASTA ARQUIVO;355590;ALTURA: 335, CARACTERÍSTICAS ADICIONAIS: TRANSPARENTE, COR: INCOLOR, LARGURA: 240, MATERIAL: POLIPROPILENO, TIPO:  L;UN;80,0000;3,9000;312,0000;0,0000;21/12/2026
HOSPITAL DA MULHER PARTEIRA MARIA CORREIA/RN;931528;223;Material;931528-94/2026;Aquisição de materiais de limpeza e higiene, materiais de expediente administrativo e materiais de l;Catálogo do Compras.gov.br;Material;7510;ARTIGOS PARA ESCRITÓRIO;20;PASTA ARQUIVO;353424;ALTURA: 33,50, CARACTERÍSTICAS ADICIONAIS 2: GRAMPO TRILHO PLÁSTICO, COR: CRISTAL, LARGURA: 23, MATERIAL: POLIPROPILENO, TAMANHO: OFÍCIO;PCT;90,0000;36,5000;3285,0000;0,0000;21/12/2026
HOSPITAL DA MULHER PARTEIRA MARIA CORREIA/RN;931528;224;Material;931528-94/2026;Aquisição de materiais de limpeza e higiene, materiais de expediente administrativo e materiais de l;Catálogo do Compras.gov.br;Material;7510;ARTIGOS PARA ESCRITÓRIO;20;PASTA ARQUIVO;437765;ALTURA: 335, COR: CRISTAL, LARGURA: 250, LOMBADA: 20, MATERIAL: PLÁSTICO CORRUGADO FLEXÍVEL, TIPO: ABAS E ELÁSTICO;PCT;60,0000;74,5000;4470,0000;0,0000;21/12/2026
HOSPITAL DA MULHER PARTEIRA MARIA CORREIA/RN;931528;225;Material;931528-94/2026;Aquisição de materiais de limpeza e higiene, materiais de expediente administrativo e materiais de l;Catálogo do Compras.gov.br;Material;7510;ARTIGOS PARA ESCRITÓRIO;20;PASTA ARQUIVO;422389;ALTURA: 235, LARGURA: 335, LOMBADA: 2, MATERIAL: PLÁSTICO CORRUGADO FLEXÍVEL, TIPO: ABAS E ELÁSTICO, TAMANHO: A4;UN;150,0000;11,1700;1675,5000;0,0000;21/12/2026
HOSPITAL DA MULHER PARTEIRA MARIA CORREIA/RN;931528;226;Material;931528-94/2026;Aquisição de materiais de limpeza e higiene, materiais de expediente administrativo e materiais de l;Catálogo do Compras.gov.br;Material;7510;ARTIGOS PARA ESCRITÓRIO;20;PASTA ARQUIVO;319556;ALTURA: 240, CARACTERÍSTICAS ADICIONAIS: VISOR/HASTE/CABIDE/GANCHO PLÁSTICO NAS EXTREMIDADE, COR: AMARELA, LARGURA: 360, MATERIAL: PLÁSTICO CORRUGADO FLEXÍVEL, TIPO: SUSPENSA, PRENDEDOR INTERNO: COM TRILHO;UN;30,0000;2,2000;66,0000;0,0000;21/12/2026
HOSPITAL DA MULHER PARTEIRA MARIA CORREIA/RN;931528;227;Material;931528-94/2026;Aquisição de materiais de limpeza e higiene, materiais de expediente administrativo e materiais de l;Catálogo do Compras.gov.br;Material;7510;ARTIGOS PARA ESCRITÓRIO;18078;CANETA HIDROGRÁFICA;329743;APLICAÇÃO: QUADRO BRANCO, CARACTERÍSTICAS ADICIONAIS: CARGA DESCARTÁVEL, COR CARGA: AZUL, ESPESSURA ESCRITA: MÉDIA, MATERIAL: PLÁSTICO, MATERIAL PONTA: FELTRO, FORMATO CORPO: CILÍNDRICO;EMB;30,0000;43,0800;1292,4000;0,0000;21/12/2026
HOSPITAL DA MULHER PARTEIRA MARIA CORREIA/RN;931528;228;Material;931528-94/2026;Aquisição de materiais de limpeza e higiene, materiais de expediente administrativo e materiais de l;Catálogo do Compras.gov.br;Material;7510;ARTIGOS PARA ESCRITÓRIO;24;RÉGUA ESCRITÓRIO;394469;CARACTERÍSTICAS ADICIONAIS: TRANSPARENTE/LARGURA DE 3,5 CM, COMPRIMENTO: 30, COR: CRISTAL, GRADUAÇÃO: CENTÍMETRO/MILÍMETRO, MATERIAL: ACRÍLICO, TIPO MATERIAL: RÍGIDO;PCT;10,0000;6,5000;65,0000;0,0000;21/12/2026
HOSPITAL DA MULHER PARTEIRA MARIA CORREIA/RN;931528;229;Material;931528-94/2026;Aquisição de materiais de limpeza e higiene, materiais de expediente administrativo e materiais de l;Catálogo do Compras.gov.br;Material;7510;ARTIGOS PARA ESCRITÓRIO;24;RÉGUA ESCRITÓRIO;428937;CARACTERÍSTICAS ADICIONAIS: LARGURA 30MM, COMPRIMENTO: 50, COR: CRISTAL, GRADUAÇÃO: CENTÍMETRO/MILÍMETRO, MATERIAL: ACRÍLICO, TIPO MATERIAL: RÍGIDO;UN;50,0000;14,9000;745,0000;0,0000;21/12/2026
HOSPITAL DA MULHER PARTEIRA MARIA CORREIA/RN;931528;230;Material;931528-94/2026;Aquisição de materiais de limpeza e higiene, materiais de expediente administrativo e materiais de l;Catálogo do Compras.gov.br;Material;7510;ARTIGOS PARA ESCRITÓRIO;18258;TINTA PARA CARIMBO;416510;ASPECTO FÍSICO: LÍQUIDO, COMPONENTES: BASE D'ÁGUA, COR: AZUL;UN;30,0000;19,6000;588,0000;0,0000;21/12/2026
HOSPITAL DA MULHER PARTEIRA MARIA CORREIA/RN;931528;265;Material;931528-94/2026;Aquisição de materiais de limpeza e higiene, materiais de expediente administrativo e materiais de l;Catálogo do Compras.gov.br;Material;7510;ARTIGOS PARA ESCRITÓRIO;18071;FITA ADESIVA;611467;COMPRIMENTO: 30, LARGURA: 24, MATERIAL: ADESIVO ACRÍLICO, TIPO: DUPLA FACE;UN;15,0000;41,9900;629,8500;0,0000;21/12/2026
HOSPITAL DA MULHER PARTEIRA MARIA CORREIA/RN;931528;231;Material;931528-94/2026;Aquisição de materiais de limpeza e higiene, materiais de expediente administrativo e materiais de l;Catálogo do Compras.gov.br;Material;8510;PERFUMES, ARTIGOS PARA TOALETE E TOUCADOR;14305;DESODORIZADOR SANITÁRIO;307796;ASPECTO FÍSICO: SÓLIDO, CARACTERÍSTICAS ADICIONAIS: SUPORTE COMPATÍVEL, COMPOSIÇÃO: DODECIL BENZENO, SULFONATO DE SÓDIO, COADJUVANTE E, ESSÊNCIA: VARIADO;CX;24,0000;4,8400;116,1600;0,0000;21/12/2026
HOSPITAL DA MULHER PARTEIRA MARIA CORREIA/RN;931528;232;Material;931528-94/2026;Aquisição de materiais de limpeza e higiene, materiais de expediente administrativo e materiais de l;Catálogo do Compras.gov.br;Material;7510;ARTIGOS PARA ESCRITÓRIO;18258;TINTA PARA CARIMBO;336795;ASPECTO FÍSICO: LÍQUIDO, COMPONENTES: BASE DE ÁGUA NEGRA/COLOUR/7011, COR: PRETA;UN;30,0000;19,9000;597,0000;0,0000;21/12/2026
HOSPITAL DA MULHER PARTEIRA MARIA CORREIA/RN;931528;233;Material;931528-94/2026;Aquisição de materiais de limpeza e higiene, materiais de expediente administrativo e materiais de l;Catálogo do Compras.gov.br;Material;9930;EQUIPAMENTOS E ARTIGOS MORTUÁRIOS E DE CEMITÉRIO;11906;COBRE CORPO;382524;CARACTERÍSTICAS ADICIONAIS: VIÉS, ZÍPER LATERAL, PUXADOR, ETIQUETA DO ÓBITO, COMPRIMENTO: 1,70, COR: CINZA CLARO, ESPESSURA: 300, LARGURA: 0,80, MATERIAL: POLIETILENO BAIXA DENSIDADE;UN;180,0000;17,3800;3128,4000;0,0000;21/12/2026
HOSPITAL DA MULHER PARTEIRA MARIA CORREIA/RN;931528;234;Material;931528-94/2026;Aquisição de materiais de limpeza e higiene, materiais de expediente administrativo e materiais de l;Catálogo do Compras.gov.br;Material;9930;EQUIPAMENTOS E ARTIGOS MORTUÁRIOS E DE CEMITÉRIO;11906;COBRE CORPO;447940;CARACTERÍSTICAS ADICIONAIS: ZÍPER CENTRAL, PUXADOR, ETIQUETA ÓBITO, COMPRIMENTO: 2,30, LARGURA: 0,80, MATERIAL: POLIETILENO BAIXA DENSIDADE;UN;180,0000;17,3800;3128,4000;0,0000;21/12/2026
HOSPITAL DA MULHER PARTEIRA MARIA CORREIA/RN;931528;235;Material;931528-94/2026;Aquisição de materiais de limpeza e higiene, materiais de expediente administrativo e materiais de l;Catálogo do Compras.gov.br;Material;9320;ARTIGOS DE BORRACHA;8958;LUVA BORRACHA;225727;CARACTERÍSTICAS ADICIONAIS: AVELUDADA INTERNAMENTE E ANTIDERRAPANTE, COR: VERDE, MATERIAL: LÁTEX NATURAL, TAMANHO: PEQUENO, USO: DOMÉSTICO;PAR;360,0000;14,0000;5040,0000;0,0000;21/12/2026
HOSPITAL DA MULHER PARTEIRA MARIA CORREIA/RN;931528;236;Material;931528-94/2026;Aquisição de materiais de limpeza e higiene, materiais de expediente administrativo e materiais de l;Catálogo do Compras.gov.br;Material;9320;ARTIGOS DE BORRACHA;8958;LUVA BORRACHA;234075;CARACTERÍSTICAS ADICIONAIS: AVELUDADA INTERNAMENTE E ANTIDERRAPANTE, COR: AMARELA, MATERIAL: LÁTEX NATURAL, TAMANHO: MÉDIO;PAR;360,0000;15,0000;5400,0000;0,0000;21/12/2026
HOSPITAL DA MULHER PARTEIRA MARIA CORREIA/RN;931528;237;Material;931528-94/2026;Aquisição de materiais de limpeza e higiene, materiais de expediente administrativo e materiais de l;Catálogo do Compras.gov.br;Material;9320;ARTIGOS DE BORRACHA;8958;LUVA BORRACHA;264817;MATERIAL: LÁTEX NATURAL, TAMANHO: GRANDE, USO: MULTIUSO;PAR;360,0000;16,0000;5760,0000;0,0000;21/12/2026
HOSPITAL DA MULHER PARTEIRA MARIA CORREIA/RN;931528;238;Material;931528-94/2026;Aquisição de materiais de limpeza e higiene, materiais de expediente administrativo e materiais de l;Catálogo do Compras.gov.br;Material;8540;ARTIGOS DE PAPEL PARA HIGIENE;8122;GUARDANAPO DE PAPEL;392703;COMPRIMENTO: 24, COR: BRANCA, LARGURA: 22, MATERIAL: CELULOSE, TIPO FOLHAS: SIMPLES;CX;500,0000;95,0000;47500,0000;0,0000;21/12/2026
HOSPITAL DA MULHER PARTEIRA MARIA CORREIA/RN;931528;239;Material;931528-94/2026;Aquisição de materiais de limpeza e higiene, materiais de expediente administrativo e materiais de l;Catálogo do Compras.gov.br;Material;8135;MATERIAIS A GRANEL PARA ACONDICIONAMENTO E EMBALAGEM;1389;PAPEL ALUMÍNIO;449374;APLICAÇÃO: USO DOMÉSTICO, APRESENTAÇÃO: ROLO, COMPRIMENTO: 4, LARGURA: 30, MATERIAL: ALUMÍNIO;BOB;1000,0000;6,2000;6200,0000;0,0000;21/12/2026
HOSPITAL DA MULHER PARTEIRA MARIA CORREIA/RN;931528;240;Material;931528-94/2026;Aquisição de materiais de limpeza e higiene, materiais de expediente administrativo e materiais de l;Catálogo do Compras.gov.br;Material;8135;MATERIAIS A GRANEL PARA ACONDICIONAMENTO E EMBALAGEM;1347;PAPEL FILME;626871;APLICAÇÃO: EMBALAR E ACONDICIONAR ALIMENTOS, APRESENTAÇÃO: ROLO, CARACTERÍSTICAS ADICIONAIS: PVC ESTICÁVEL, COMPRIMENTO: 1000, ESPESSURA: 9, LARGURA: 38, MATERIAL: PVC - CLORETO DE POLIVINILA;BOB;1000,0000;8,0000;8000,0000;0,0000;21/12/2026
HOSPITAL DA MULHER PARTEIRA MARIA CORREIA/RN;931528;241;Material;931528-94/2026;Aquisição de materiais de limpeza e higiene, materiais de expediente administrativo e materiais de l;Catálogo do Compras.gov.br;Material;7510;ARTIGOS PARA ESCRITÓRIO;32;CINTA ELÁSTICA;602172;APLICAÇÃO: AMARRAR NUMERÁRIO, COR: AMARELA, FORMA: CIRCULAR, MATERIAL: BORRACHA, TAMANHO: 18;PCT;100,0000;21,1000;2110,0000;0,0000;21/12/2026
HOSPITAL DA MULHER PARTEIRA MARIA CORREIA/RN;931528;242;Material;931528-94/2026;Aquisição de materiais de limpeza e higiene, materiais de expediente administrativo e materiais de l;Catálogo do Compras.gov.br;Material;9390;PRODUTOS DIVERSOS NÃO METÁLICOS;58;PLACA ACRÍLICA;615509;ALTURA: 30, APLICAÇÃO: PORTA FOLHA INFORMATIVO, CARACTERÍSTICAS ADICIONAIS: DISPLAY VERTICAL COM FIXAÇÃO POR FITA DUPLA-FACE, ESPESSURA: 2, LARGURA: 21, MATERIAL: ACRÍLICO, TRANSMITÂNCIA: TRANSPARENTE;UN;600,0000;34,9450;20967,0000;0,0000;21/12/2026
HOSPITAL DA MULHER PARTEIRA MARIA CORREIA/RN;931528;243;Material;931528-94/2026;Aquisição de materiais de limpeza e higiene, materiais de expediente administrativo e materiais de l;Catálogo do Compras.gov.br;Material;7510;ARTIGOS PARA ESCRITÓRIO;18071;FITA ADESIVA;445375;APLICAÇÃO: EMPACOTAMENTO, COMPRIMENTO: 50, LARGURA: 50, MATERIAL: POLIPROPILENO, TIPO: TRANSPARENTE;PCT;80,0000;38,9900;3119,2000;0,0000;21/12/2026
HOSPITAL DA MULHER PARTEIRA MARIA CORREIA/RN;931528;244;Material;931528-94/2026;Aquisição de materiais de limpeza e higiene, materiais de expediente administrativo e materiais de l;Catálogo do Compras.gov.br;Material;7510;ARTIGOS PARA ESCRITÓRIO;19705;ENVELOPE;467023;COR: OURO, GRAMATURA: 80, MATERIAL: KRAFT, MODELO: SACO PADRÃO, TAMANHO (C X L): 324 X 229;UN;1000,0000;1,2900;1290,0000;0,0000;21/12/2026
HOSPITAL DA MULHER PARTEIRA MARIA CORREIA/RN;931528;245;Material;931528-94/2026;Aquisição de materiais de limpeza e higiene, materiais de expediente administrativo e materiais de l;Catálogo do Compras.gov.br;Material;7510;ARTIGOS PARA ESCRITÓRIO;6589;ENVELOPE PLÁSTICO;625682;APLICAÇÃO: PASTA CATÁLOGO, CARACTERÍSTICAS ADICIONAIS: COM 4 FUROS, COMPRIMENTO: 30, COR: INCOLOR, LARGURA: 23, TIPO PLÁSTICO: POLIETILENO BAIXA DENSIDADE, TRANSMITÂNCIA: TRANSPARENTE;UN;500,0000;0,5000;250,0000;0,0000;21/12/2026
HOSPITAL DA MULHER PARTEIRA MARIA CORREIA/RN;931528;246;Material;931528-94/2026;Aquisição de materiais de limpeza e higiene, materiais de expediente administrativo e materiais de l;Catálogo do Compras.gov.br;Material;7510;ARTIGOS PARA ESCRITÓRIO;16;LÁPIS DE COR;338468;CARACTERÍSTICAS ADICIONAIS: TAMANHO GRANDE COM 12 CORES, COMPRIMENTO TOTAL: 170, COR: DIVERSAS, DIÂMETRO CARGA: 2, FORMATO: CILÍNDRICO, MATERIAL: MADEIRA;CX;12,0000;37,9000;454,8000;0,0000;21/12/2026
HOSPITAL DA MULHER PARTEIRA MARIA CORREIA/RN;931528;247;Material;931528-94/2026;Aquisição de materiais de limpeza e higiene, materiais de expediente administrativo e materiais de l;Catálogo do Compras.gov.br;Material;7510;ARTIGOS PARA ESCRITÓRIO;21;ETIQUETA ADESIVA;456570;ALTURA: 125, COR: BRANCA, FORMATO: RETANGULAR, LARGURA: 48,80, MATERIAL: PAPEL, TIPO: AUTO-ADESIVA;CX;5,0000;230,0000;1150,0000;0,0000;21/12/2026
HOSPITAL DA MULHER PARTEIRA MARIA CORREIA/RN;931528;248;Material;931528-94/2026;Aquisição de materiais de limpeza e higiene, materiais de expediente administrativo e materiais de l;Catálogo do Compras.gov.br;Material;7510;ARTIGOS PARA ESCRITÓRIO;13894;COLA;478199;APLICAÇÃO: PAPEL, COURO E TECIDO, APRESENTAÇÃO: EMBALAGEM 100 G, CARACTERÍSTICAS ADICIONAIS: LAVÁVEL E ATÓXICA, COMPOSIÇÃO: BASE ÁGUA, COR: BRANCA, TIPO: LÍQUIDO;CX;25,0000;51,4700;1286,7500;0,0000;21/12/2026
HOSPITAL DA MULHER PARTEIRA MARIA CORREIA/RN;931528;249;Material;931528-94/2026;Aquisição de materiais de limpeza e higiene, materiais de expediente administrativo e materiais de l;Catálogo do Compras.gov.br;Material;7510;ARTIGOS PARA ESCRITÓRIO;13894;COLA;281641;APLICAÇÃO: BORRACHA E MADEIRA, CARACTERÍSTICAS ADICIONAIS: RESISTENTE A TEMPERATURA DE 75° C, COMPOSIÇÃO: CIANIACRILATO, COR: INCOLOR, TIPO: INSTANTÂNEA;UN;30,0000;10,9000;327,0000;0,0000;21/12/2026
HOSPITAL DA MULHER PARTEIRA MARIA CORREIA/RN;931528;250;Material;931528-94/2026;Aquisição de materiais de limpeza e higiene, materiais de expediente administrativo e materiais de l;Catálogo do Compras.gov.br;Material;7510;ARTIGOS PARA ESCRITÓRIO;18078;CANETA HIDROGRÁFICA;359998;APLICAÇÃO: PAPEL, CARACTERÍSTICAS ADICIONAIS: JUMBO 12 CORES E ESTOJO COM ZIP., MATERIAL: PLÁSTICO, MATERIAL PONTA: FELTRO;CX;90,0000;69,9000;6291,0000;0,0000;21/12/2026
HOSPITAL DA MULHER PARTEIRA MARIA CORREIA/RN;931528;251;Material;931528-94/2026;Aquisição de materiais de limpeza e higiene, materiais de expediente administrativo e materiais de l;Catálogo do Compras.gov.br;Material;8540;ARTIGOS DE PAPEL PARA HIGIENE;12792;TOALHA DE PAPEL;389042;APLICAÇÃO: EM TOALETES, CARACTERÍSTICAS ADICIONAIS: DESCARTÁVEL, REF.7333, MACIO E ABSORVENTE, COMPRIMENTO: 23, LARGURA: 20, MATERIAL: CELULOSE (100% FIBRAS NATURAIS), TIPO FOLHA: INTERFOLHA, 2 DOBRAS;FD;100,0000;30,4000;3040,0000;0,0000;21/12/2026
HOSPITAL DA MULHER PARTEIRA MARIA CORREIA/RN;931528;252;Material;931528-94/2026;Aquisição de materiais de limpeza e higiene, materiais de expediente administrativo e materiais de l;Catálogo do Compras.gov.br;Material;8540;ARTIGOS DE PAPEL PARA HIGIENE;12792;TOALHA DE PAPEL;277831;APLICAÇÃO: AMBIENTE HOSPITALAR, CARACTERÍSTICAS ADICIONAIS: INTERFOLHADA, COMPRIMENTO: 27, LARGURA: 23, MATERIAL: PAPEL;FD;2000,0000;145,0000;290000,0000;0,0000;21/12/2026
HOSPITAL DA MULHER PARTEIRA MARIA CORREIA/RN;931528;253;Material;931528-94/2026;Aquisição de materiais de limpeza e higiene, materiais de expediente administrativo e materiais de l;Catálogo do Compras.gov.br;Material;8530;ARTIGOS PARA HIGIENE PESSOAL;11870;SABONETE LÍQUIDO;463131;ACIDEZ: PH 6 A 8, APLICAÇÃO: ASSEPSIA DAS MÃOS, ASPECTO FÍSICO: LÍQUIDO VISCOSO, CARACTERÍSTICAS ADICIONAIS: AGENTE BACTERICIDA, COMPOSIÇÃO: TENSOATIVOS ANIÔNICOS E NÃO ANIÔNICOS,   SOLVENTE;BOM;360,0000;45,9000;16524,0000;0,0000;21/12/2026
HOSPITAL DA MULHER PARTEIRA MARIA CORREIA/RN;931528;254;Material;931528-94/2026;Aquisição de materiais de limpeza e higiene, materiais de expediente administrativo e materiais de l;Catálogo do Compras.gov.br;Material;8530;ARTIGOS PARA HIGIENE PESSOAL;11870;SABONETE LÍQUIDO;604234;ACIDEZ: 5,5 A 6,0, APLICAÇÃO: ASSEPSIA DAS MÃOS, ASPECTO FÍSICO: LÍQUIDO VISCOSO, CARACTERÍSTICAS ADICIONAIS: PRONTO USO;BOM;360,0000;17,3700;6253,2000;0,0000;21/12/2026
HOSPITAL DA MULHER PARTEIRA MARIA CORREIA/RN;931528;255;Material;931528-94/2026;Aquisição de materiais de limpeza e higiene, materiais de expediente administrativo e materiais de l;Catálogo do Compras.gov.br;Material;8530;ARTIGOS PARA HIGIENE PESSOAL;11870;SABONETE LÍQUIDO;449764;ACIDEZ: 6,50 A 7,50, APLICAÇÃO: ASSEPSIA DAS MÃOS, ASPECTO FÍSICO: SPRAY DE ESPUMA, CARACTERÍSTICAS ADICIONAIS: REFIL 600 ML, COMPOSIÇÃO: DIETANOLAMINA DE ÁCIDO GRAXO DE COCO, ACETATO DE;CX;100,0000;199,9000;19990,0000;0,0000;21/12/2026
HOSPITAL DA MULHER PARTEIRA MARIA CORREIA/RN;931528;256;Material;931528-94/2026;Aquisição de materiais de limpeza e higiene, materiais de expediente administrativo e materiais de l;Catálogo do Compras.gov.br;Material;8540;ARTIGOS DE PAPEL PARA HIGIENE;10383;PAPEL HIGIÊNICO;297836;CARACTERÍSTICAS ADICIONAIS: EXTRAMACIO, NÃO PICOTADO, COMPRIMENTO: 300, COR: BRANCA, LARGURA: 10, MATERIAL: CELULOSE VIRGEM, QUANTIDADE FOLHAS: DUPLA;PCT;240,0000;49,4500;11868,0000;0,0000;21/12/2026
HOSPITAL DA MULHER PARTEIRA MARIA CORREIA/RN;931528;257;Material;931528-94/2026;Aquisição de materiais de limpeza e higiene, materiais de expediente administrativo e materiais de l;Catálogo do Compras.gov.br;Material;8540;ARTIGOS DE PAPEL PARA HIGIENE;10383;PAPEL HIGIÊNICO;224641;CARACTERÍSTICAS ADICIONAIS: NÃO APLICÁVEL, COMPRIMENTO: 500, COR: BRANCA, LARGURA: 10, MATERIAL: CELULOSE VIRGEM, QUANTIDADE FOLHAS: SIMPLES, TIPO: LISO;PCT;340,0000;47,9100;16289,4000;0,0000;21/12/2026
HOSPITAL DA MULHER PARTEIRA MARIA CORREIA/RN;931528;258;Material;931528-94/2026;Aquisição de materiais de limpeza e higiene, materiais de expediente administrativo e materiais de l;Catálogo do Compras.gov.br;Material;7510;ARTIGOS PARA ESCRITÓRIO;19705;ENVELOPE;467426;COR: OURO, GRAMATURA: 75, MATERIAL: KRAFT, MODELO: SACO PADRÃO, TAMANHO (C X L): 250 X 180;UN;1000,0000;0,8900;890,0000;0,0000;21/12/2026
HOSPITAL DA MULHER PARTEIRA MARIA CORREIA/RN;931528;259;Material;931528-94/2026;Aquisição de materiais de limpeza e higiene, materiais de expediente administrativo e materiais de l;Catálogo do Compras.gov.br;Material;7510;ARTIGOS PARA ESCRITÓRIO;18078;CANETA HIDROGRÁFICA;471410;CARACTERÍSTICAS ADICIONAIS: TINTA  ATÓXICA À BASE DE ÀGUA, COR CARGA: VARIADA, ESPESSURA ESCRITA: MÉDIA, MATERIAL: RESINA TERMOPLÁSTICA, MATERIAL PONTA: POLIÉSTER;CX;120,0000;27,9000;3348,0000;0,0000;21/12/2026
HOSPITAL DA MULHER PARTEIRA MARIA CORREIA/RN;931528;260;Material;931528-94/2026;Aquisição de materiais de limpeza e higiene, materiais de expediente administrativo e materiais de l;Catálogo do Compras.gov.br;Material;7510;ARTIGOS PARA ESCRITÓRIO;21;ETIQUETA ADESIVA;377676;APRESENTAÇÃO: 1 ETIQUETAS POR FOLHA, COMPRIMENTO: 297, COR: BRANCA, LARGURA: 210, MATERIAL: PAPEL, TIPO: AUTO-ADESIVA;CX;10,0000;55,7800;557,8000;0,0000;21/12/2026
HOSPITAL DA MULHER PARTEIRA MARIA CORREIA/RN;931528;261;Material;931528-94/2026;Aquisição de materiais de limpeza e higiene, materiais de expediente administrativo e materiais de l;Catálogo do Compras.gov.br;Material;9310;PAPÉIS E PAPELÕES;17523;PAPEL EMBORRACHADO;473345;COMPRIMENTO: 60, COR: VARIADA, LARGURA: 40, MATERIAL: BORRACHA EVA, PADRÃO: LISO;FL;50,0000;1,3700;68,5000;0,0000;21/12/2026
HOSPITAL DA MULHER PARTEIRA MARIA CORREIA/RN;931528;262;Material;931528-94/2026;Aquisição de materiais de limpeza e higiene, materiais de expediente administrativo e materiais de l;Catálogo do Compras.gov.br;Material;7510;ARTIGOS PARA ESCRITÓRIO;18071;FITA ADESIVA;461963;COMPRIMENTO: 50, LARGURA: 18, MATERIAL: CREPE, TIPO: MONOFACE;PCT;20,0000;812,0000;16240,0000;0,0000;21/12/2026
HOSPITAL DA MULHER PARTEIRA MARIA CORREIA/RN;931528;263;Material;931528-94/2026;Aquisição de materiais de limpeza e higiene, materiais de expediente administrativo e materiais de l;Catálogo do Compras.gov.br;Material;7510;ARTIGOS PARA ESCRITÓRIO;18071;FITA ADESIVA;278973;APLICAÇÃO: MULTIUSO, COMPRIMENTO: 50, COR: BRANCA, LARGURA: 50, MATERIAL: CREPE, TIPO: MONOFACE;PCT;10,0000;72,4000;724,0000;0,0000;21/12/2026
HOSPITAL DA MULHER PARTEIRA MARIA CORREIA/RN;931528;264;Material;931528-94/2026;Aquisição de materiais de limpeza e higiene, materiais de expediente administrativo e materiais de l;Catálogo do Compras.gov.br;Material;7510;ARTIGOS PARA ESCRITÓRIO;18071;FITA ADESIVA;278969;APLICAÇÃO: MULTIUSO, COMPRIMENTO: 50, COR: BRANCA, LARGURA: 25, MATERIAL: CREPE, TIPO: MONOFACE;PCT;10,0000;45,2600;452,6000;0,0000;21/12/2026
HOSPITAL DA MULHER PARTEIRA MARIA CORREIA/RN;931528;266;Material;931528-94/2026;Aquisição de materiais de limpeza e higiene, materiais de expediente administrativo e materiais de l;Catálogo do Compras.gov.br;Material;7510;ARTIGOS PARA ESCRITÓRIO;18071;FITA ADESIVA;279102;COMPRIMENTO: 30, COR: PRETA, LARGURA: 50, MATERIAL: PVC, TIPO: MONOFACE;PCT;40,0000;16,9900;679,6000;0,0000;21/12/2026
HOSPITAL DA MULHER PARTEIRA MARIA CORREIA/RN;931528;267;Material;931528-94/2026;Aquisição de materiais de limpeza e higiene, materiais de expediente administrativo e materiais de l;Catálogo do Compras.gov.br;Material;7510;ARTIGOS PARA ESCRITÓRIO;18078;CANETA HIDROGRÁFICA;279508;APLICAÇÃO: RETROPROJETOR, COR CARGA: VARIADA, MATERIAL: PLÁSTICO;UN;50,0000;11,5000;575,0000;0,0000;21/12/2026
HOSPITAL DA MULHER PARTEIRA MARIA CORREIA/RN;931528;268;Material;931528-94/2026;Aquisição de materiais de limpeza e higiene, materiais de expediente administrativo e materiais de l;Catálogo do Compras.gov.br;Material;8135;MATERIAIS A GRANEL PARA ACONDICIONAMENTO E EMBALAGEM;14831;LACRE SEGURANÇA;350579;COMPRIMENTO: 20,5, LARGURA: 3, MATERIAL: NÁILON, TIPO: ABRAÇADEIRA;PCT;50,0000;32,0900;1604,5000;0,0000;21/12/2026
HOSPITAL DA MULHER PARTEIRA MARIA CORREIA/RN;931528;269;Material;931528-94/2026;Aquisição de materiais de limpeza e higiene, materiais de expediente administrativo e materiais de l;Catálogo do Compras.gov.br;Material;8135;MATERIAIS A GRANEL PARA ACONDICIONAMENTO E EMBALAGEM;14831;LACRE SEGURANÇA;321726;APLICAÇÃO: FECHAMENTO DE MALOTES, CARACTERÍSTICAS ADICIONAIS: NUMERAÇÃO SEQÜÊNCIAL DE 7 DÍGITOS, GRAVAÇÃO "ANVI-, COMPRIMENTO: 23, COR: LARANJA, MATERIAL: POLIPROPILENO, TIPO: ESPINHA DE PEIXE;PCT;100,0000;27,5500;2755,0000;0,0000;21/12/2026
HOSPITAL DA MULHER PARTEIRA MARIA CORREIA/RN;931528;270;Material;931528-94/2026;Aquisição de materiais de limpeza e higiene, materiais de expediente administrativo e materiais de l;Catálogo do Compras.gov.br;Material;7510;ARTIGOS PARA ESCRITÓRIO;;;;;-;0,0000;0,0000;1250000,0000;0,0000;21/12/2026
HOSPITAL DA MULHER PARTEIRA MARIA CORREIA/RN;931528;480;Material;931528-69/2026;PATRIMÔNIO - MANUTENÇÃO - Aquisição de Materiais;Catálogo do Compras.gov.br;Material;6625;INSTRUMENTO DE TESTE E DE MEDIÇÃO DE PROPRIEDADES ELÉTRICAS E ELETRÔNICAS;16543;MEGÔMETRO;304998;ACESSÓRIOS: BOLSA PARA TRANSPORTE, 2 JOGO BATERIAS RECARREGÁVE, APLICAÇÃO: MEDIÇÃO DE RESISTÊNCIA DE ISOLAMENTO DE CABOS, CARACTERÍSTICAS ADICIONAIS: TESTE VIDA ÚTIL DE CABOS, FAIXA DE MEDIDA DE 25 GI, TENSÃO DE TESTE: MÁXIMO 5 KV, TIPO: PORTÁTIL E DIGITAL;UN;1,0000;606,0000;606,0000;0,0000;21/12/2026
HOSPITAL DA MULHER PARTEIRA MARIA CORREIA/RN;931528;271;Material;931528-93/2026;Aquisição de materiais de limpeza e higiene, materiais de expediente administrativo e materiais de l;Catálogo do Compras.gov.br;Material;7330;UTENSÍLIOS E FERRAMENTAS MANUAIS DE COZINHA;17211;PORTA SABÃO, DETERGENTE E ESPONJA;620625;APLICAÇÃO: PIA DE COZINHA, CARACTERISTICAS ADICIONAIS: DISPENSER COM PUMP PARA DETERGENTE, COMPONENTES: DETERGENTE LIQUIDO E ESPONJA, MATERIAL: PLÁSTICO RESISTENTE, TIPO: RESERVATORIO PARA 2 COMPONENTES;UN;30,0000;23,0000;690,0000;0,0000;21/09/2026
HOSPITAL DA MULHER PARTEIRA MARIA CORREIA/RN;931528;289;Material;931528-88/2026;ALMOXARIFADO Aquisição de materiais de limpeza e higiene, materiais de expediente administrativo e m;Catálogo do Compras.gov.br;Material;7320;EQUIPAMENTOS E APARELHOS DE COZINHA;1643;ACENDEDOR FOGÃO;339439;MATERIAL CABO: PLÁSTICO, TIPO: MANUAL, TRATAMENTO SUPERFICIAL: PINTURA ELETROSTÁTICA;UN;12,0000;11,5000;138,0000;0,0000;21/09/2026
HOSPITAL DA MULHER PARTEIRA MARIA CORREIA/RN;931528;272;Material;931528-93/2026;Aquisição de materiais de limpeza e higiene, materiais de expediente administrativo e materiais de l;Catálogo do Compras.gov.br;Material;6810;PRODUTOS QUÍMICOS;18189;ÁLCOOL ETÍLICO;405780;ASPECTO FÍSICO: LÍQUIDO LÍMPIDO, INCOLOR, VOLÁTIL, CARACTERÍSTICA ADICIONAL: HIDRATADO, FÓRMULA QUÍMICA: C2H5OH, GRAU DE PUREZA: MÍNIMO DE 70 °INPM (70% P/P), NÚMERO DE REFERÊNCIA QUÍMICA: CAS 64-17-5, PESO MOLECULAR: 46,07, TEOR ALCOÓLICO: MÍNIMO DE 77 °GL (77% V/V A 20 °C);L;1000,0000;8,9000;8900,0000;0,0000;21/09/2026
HOSPITAL DA MULHER PARTEIRA MARIA CORREIA/RN;931528;273;Material;931528-93/2026;Aquisição de materiais de limpeza e higiene, materiais de expediente administrativo e materiais de l;Catálogo do Compras.gov.br;Material;7340;CUTELARIA E TALHERES;14921;COLHER DESCARTÁVEL;339680;APLICAÇÃO: REFEIÇÃO, CARACTERÍSTICAS ADICIONAIS: RESISTENTE, TAMANHO ADULTO, COR: BRANCA, MATERIAL: PLÁSTICO;PCT;2400,0000;2,5700;6168,0000;0,0000;21/09/2026
HOSPITAL DA MULHER PARTEIRA MARIA CORREIA/RN;931528;274;Material;931528-93/2026;Aquisição de materiais de limpeza e higiene, materiais de expediente administrativo e materiais de l;Catálogo do Compras.gov.br;Material;7340;CUTELARIA E TALHERES;14921;COLHER DESCARTÁVEL;279853;APLICAÇÃO: SOBREMESA, COR: INCOLOR, MATERIAL: PLÁSTICO;PCT;2400,0000;2,1700;5208,0000;0,0000;21/09/2026
HOSPITAL DA MULHER PARTEIRA MARIA CORREIA/RN;931528;275;Material;931528-93/2026;Aquisição de materiais de limpeza e higiene, materiais de expediente administrativo e materiais de l;Catálogo do Compras.gov.br;Material;7350;LOUÇA E ARTIGOS DE MESA;5849;COPO DESCARTÁVEL;419309;APLICAÇÃO: CAFÉ, CAPACIDADE: 50, CARACTERÍSTICAS ADICIONAIS: ATÓXICO, DE ACORDO C/ NORMA ABNT, NBR 14865, COR: BRANCO, MATERIAL: POLIESTIRENO;CX;200,0000;45,4100;9082,0000;0,0000;21/09/2026
HOSPITAL DA MULHER PARTEIRA MARIA CORREIA/RN;931528;276;Material;931528-93/2026;Aquisição de materiais de limpeza e higiene, materiais de expediente administrativo e materiais de l;Catálogo do Compras.gov.br;Material;7350;LOUÇA E ARTIGOS DE MESA;5849;COPO DESCARTÁVEL;326145;APLICAÇÃO: ÁGUA/SUCO E REFRIGERENTE, CAPACIDADE: 180, CARACTERÍSTICAS ADICIONAIS: ATÓXICO, DE ACORDO C/ NORMA ABNT, NBR 14865, COR: BRANCO, MATERIAL: POLIESTIRENO;CX;600,0000;157,7000;94620,0000;0,0000;21/09/2026
HOSPITAL DA MULHER PARTEIRA MARIA CORREIA/RN;931528;277;Material;931528-93/2026;Aquisição de materiais de limpeza e higiene, materiais de expediente administrativo e materiais de l;Catálogo do Compras.gov.br;Material;7340;CUTELARIA E TALHERES;12501;TALHER DESCARTÁVEL;310969;APLICAÇÃO: COPA E COZINHA, COR: CRISTAL, MATERIAL: PLÁSTICO, TIPO: FACA;PCT;2400,0000;2,8300;6792,0000;0,0000;21/09/2026
HOSPITAL DA MULHER PARTEIRA MARIA CORREIA/RN;931528;278;Material;931528-93/2026;Aquisição de materiais de limpeza e higiene, materiais de expediente administrativo e materiais de l;Catálogo do Compras.gov.br;Material;7340;CUTELARIA E TALHERES;12501;TALHER DESCARTÁVEL;278466;APLICAÇÃO: COPA E COZINHA, CARACTERÍSTICAS ADICIONAIS: DESCARTÁVEL RESISTENTE, MATERIAL: PLÁSTICO, TAMANHO: ADULTO, TIPO: GARFO;PCT;2400,0000;2,9000;6960,0000;0,0000;21/09/2026
HOSPITAL DA MULHER PARTEIRA MARIA CORREIA/RN;931528;279;Material;931528-93/2026;Aquisição de materiais de limpeza e higiene, materiais de expediente administrativo e materiais de l;Catálogo do Compras.gov.br;Material;7330;UTENSÍLIOS E FERRAMENTAS MANUAIS DE COZINHA;5849;COPO DESCARTÁVEL;361317;APLICAÇÃO: LÍQUIDOS FRIOS E QUENTES, CAPACIDADE: 300, CARACTERÍSTICAS ADICIONAIS: COM TAMPA/NORMA NBR 14865, COR: BRANCO, MATERIAL: POLIESTIRENO;PCT;1200,0000;37,8000;45360,0000;0,0000;21/09/2026
HOSPITAL DA MULHER PARTEIRA MARIA CORREIA/RN;931528;280;Material;931528-92/2026;ALMOXARIFADO CME - INSUMOS;Catálogo do Compras.gov.br;Material;6850;ESPECIALIDADES QUÍMICAS DIVERSAS;12234;LUBRIFICANTE MINERAL;243284;APLICAÇÃO: INSTRUMENTAL E MATERIAL CIRÚRGICO, CARACTERÍSTICAS ADICIONAIS: NÃO IÔNICO, NEUTRO, NÃO OLEOSO, NÃO PEGAJOSO, SEM, COMPOSIÇÃO: LEITES MINERAIS NEUTROS E POLÍMERO HIDROCARBONETOS;L;5,0000;50,0000;250,0000;0,0000;21/12/2026
HOSPITAL DA MULHER PARTEIRA MARIA CORREIA/RN;931528;281;Material;931528-92/2026;ALMOXARIFADO CME - INSUMOS;Catálogo do Compras.gov.br;Material;6850;ESPECIALIDADES QUÍMICAS DIVERSAS;5266;SOLUÇÃO LIMPEZA;405909;APLICAÇÃO: LIMPEZA DE INSTRUMENTOS DE AÇO INOXIDÁVEL, CARACTERÍSTICAS ADICIONAIS: REVITALIZADORA, COMPOSIÇÃO BÁSICA: ÁCIDO FOSFÓRICO A 80%, FINALIDADE: REMOÇÃO DE FERRUGEM, CROSTAS E OXIDAÇÃO;UN;5,0000;50,0000;250,0000;0,0000;21/12/2026
HOSPITAL DA MULHER PARTEIRA MARIA CORREIA/RN;931528;282;Material;931528-92/2026;ALMOXARIFADO CME - INSUMOS;Catálogo do Compras.gov.br;Material;6850;ESPECIALIDADES QUÍMICAS DIVERSAS;14235;DETERGENTE ENZIMÁTICO;476022;ADICIONAL: PARA AUTOMAÇÃO, COMPOSIÇÃO: A BASE DE AMILASE, PROTEASE, LIPASE E CARBOIDRASE;L;70,0000;30,0000;2100,0000;0,0000;21/12/2026
HOSPITAL DA MULHER PARTEIRA MARIA CORREIA/RN;931528;283;Material;931528-92/2026;ALMOXARIFADO CME - INSUMOS;Catálogo do Compras.gov.br;Material;7920;VASSOURAS, ESCOVAS, RODOS, ESPONJAS E ESFREGÕES;6950;ESCOVA LIMPEZA GERAL;396680;APLICAÇÃO: LIMPEZA DE INSTRUMENTOS EM GERAL, CARACTERÍSTICAS ADICIONAIS: AUTOCLAVÁVEL, CABO ANTIDERRAPANTE, RÍGIDO, COMPRIMENTO: 18,40, DIÂMETRO: 12,70, MATERIAL CERDAS: NÁILON, MATERIAL CORPO: PLÁSTICO;UN;16,0000;50,3300;805,2800;0,0000;21/12/2026
HOSPITAL DA MULHER PARTEIRA MARIA CORREIA/RN;931528;284;Material;931528-92/2026;ALMOXARIFADO CME - INSUMOS;Catálogo do Compras.gov.br;Material;7920;VASSOURAS, ESCOVAS, RODOS, ESPONJAS E ESFREGÕES;6950;ESCOVA LIMPEZA GERAL;396682;APLICAÇÃO: LIMPEZA DE INSTRUMENTOS EM GERAL, CARACTERÍSTICAS ADICIONAIS: AUTOCLAVÁVEL, CABO ANTIDERRAPANTE, RÍGIDO, COMPRIMENTO: 17,50, DIÂMETRO: 5, MATERIAL CERDAS: NÁILON, MATERIAL CORPO: PLÁSTICO;UN;16,0000;52,3400;837,4400;0,0000;21/12/2026
HOSPITAL DA MULHER PARTEIRA MARIA CORREIA/RN;931528;285;Material;931528-92/2026;ALMOXARIFADO CME - INSUMOS;Catálogo do Compras.gov.br;Material;7920;VASSOURAS, ESCOVAS, RODOS, ESPONJAS E ESFREGÕES;6950;ESCOVA LIMPEZA GERAL;448503;CARACTERÍSTICAS ADICIONAIS: COM CABO, COMPRIMENTO: 12,50, ESPESSURA: 4, LARGURA: 6, MATERIAL CERDAS: NÁILON, MATERIAL CORPO: PLÁSTICO;UN;16,0000;42,0800;673,2800;0,0000;21/12/2026
HOSPITAL DA MULHER PARTEIRA MARIA CORREIA/RN;931528;287;Serviço;931528-91/2026;ALMOXARIFADO CME - SERVIÇOS DE MANUTENÇÃO E REPARO;Catálogo do Compras.gov.br;Serviço;871;SERVIÇOS DE MANUTENÇÃO E REPARO DE PRODUTOS FABRICADOS DE METAL,MAQUINARIA E EQUIPAMENTOS;;;;;-;0,0000;0,0000;229494,8400;0,0000;21/09/2026
HOSPITAL DA MULHER PARTEIRA MARIA CORREIA/RN;931528;288;Serviço;931528-90/2026;Contratação de empresa especializada em serviços de Manutenção Preventiva e Corretiva, com reposição;Catálogo do Compras.gov.br;Serviço;871;SERVIÇOS DE MANUTENÇÃO E REPARO DE PRODUTOS FABRICADOS DE METAL,MAQUINARIA E EQUIPAMENTOS;;;;;-;0,0000;0,0000;1,0000;0,0000;21/09/2026
HOSPITAL DA MULHER PARTEIRA MARIA CORREIA/RN;931528;290;Material;931528-88/2026;ALMOXARIFADO Aquisição de materiais de limpeza e higiene, materiais de expediente administrativo e m;Catálogo do Compras.gov.br;Material;7920;VASSOURAS, ESCOVAS, RODOS, ESPONJAS E ESFREGÕES;14028;CABO MOP;443425;APLICAÇÃO: MOP ÚMIDO, CARACTERÍSTICAS ADICIONAIS: TRAVA PARA REFIS, COMPONENTES: GARRA EM POLIPROPILENO, COMPRIMENTO: 1,40, COR: AZUL, MATERIAL: ALUMÍNIO;UN;150,0000;35,0000;5250,0000;0,0000;21/09/2026
HOSPITAL DA MULHER PARTEIRA MARIA CORREIA/RN;931528;291;Material;931528-88/2026;ALMOXARIFADO Aquisição de materiais de limpeza e higiene, materiais de expediente administrativo e m;Catálogo do Compras.gov.br;Material;7920;VASSOURAS, ESCOVAS, RODOS, ESPONJAS E ESFREGÕES;5670;CONJUNTO PARA LIMPEZA;613780;APLICAÇÃO: LIMPEZA EM GERAL, COMPONENTES: SUPORTE, CABO 1,40M, FIBRA VERDE E FIBRA BRANCA, TIPO: SUPORTE MODELO "LT";UN;60,0000;26,0000;1560,0000;0,0000;21/09/2026
HOSPITAL DA MULHER PARTEIRA MARIA CORREIA/RN;931528;292;Material;931528-88/2026;ALMOXARIFADO Aquisição de materiais de limpeza e higiene, materiais de expediente administrativo e m;Catálogo do Compras.gov.br;Material;7920;VASSOURAS, ESCOVAS, RODOS, ESPONJAS E ESFREGÕES;5670;CONJUNTO PARA LIMPEZA;602039;APLICAÇÃO: ESFREGÃO (MOP), COMPONENTES: GARRA;UN;60,0000;141,0000;8460,0000;0,0000;21/09/2026
HOSPITAL DA MULHER PARTEIRA MARIA CORREIA/RN;931528;293;Material;931528-88/2026;ALMOXARIFADO Aquisição de materiais de limpeza e higiene, materiais de expediente administrativo e m;Catálogo do Compras.gov.br;Material;7920;VASSOURAS, ESCOVAS, RODOS, ESPONJAS E ESFREGÕES;10344;PANO LIMPEZA;357462;CARACTERÍSTICAS ADICIONAIS: CHÃO, COMPRIMENTO: 85, LARGURA: 60, MATERIAL: ALGODÃO CRU, TIPO: SACO;PCT;7,0000;360,0000;2520,0000;0,0000;21/09/2026
HOSPITAL DA MULHER PARTEIRA MARIA CORREIA/RN;931528;294;Material;931528-88/2026;ALMOXARIFADO Aquisição de materiais de limpeza e higiene, materiais de expediente administrativo e m;Catálogo do Compras.gov.br;Material;6850;ESPECIALIDADES QUÍMICAS DIVERSAS;6096;DESINCROSTANTE;301134;ASPECTO FÍSICO: LÍQUIDO, CARACTERÍSTICAS ADICIONAIS: ODOR CARACTERÍSTICO, BIODEGRADÁVEL, PESO ESPECÍFI, COMPOSIÇÃO: HIDRÓXIDOS, SEQUESTRANTES E UMECTANTES, PRINCÍPIO ATIVO: SODA CÁUSTICA, TEOR ACIDEZ: PH 1%: 12,00 A 13,00%, APLICAÇÃO: REMOÇÃO DE GORDURAS CARBONIZADAS EM CHAPAS E EQUI, COR: INCOLOR;EMB;300,0000;23,9000;7170,0000;0,0000;21/09/2026
HOSPITAL DA MULHER PARTEIRA MARIA CORREIA/RN;931528;295;Material;931528-88/2026;ALMOXARIFADO Aquisição de materiais de limpeza e higiene, materiais de expediente administrativo e m;Catálogo do Compras.gov.br;Material;6850;ESPECIALIDADES QUÍMICAS DIVERSAS;6109;DESODORANTE / AROMATIZANTE DE AMBIENTE;457804;AROMA: VARIADO, CARACTERÍSTICAS ADICIONAIS: SPRAY, TIPO: AEROSOL;FR;600,0000;14,9900;8994,0000;0,0000;21/09/2026
HOSPITAL DA MULHER PARTEIRA MARIA CORREIA/RN;931528;296;Material;931528-88/2026;ALMOXARIFADO Aquisição de materiais de limpeza e higiene, materiais de expediente administrativo e m;Catálogo do Compras.gov.br;Material;8010;TINTAS, VERNIZES E PRODUTOS CORRELATOS;12741;TINTA GUACHE;345327;APLICAÇÃO: PINTURA A PINCEL EM PAPEL/CARTÃO E CARTOLINA, CARACTERÍSTICAS ADICIONAIS: CONJUNTO C/ 6 FRASCOS DE 30 ML CADA, COMPOSIÇÃO: RESINA VINÍCULA/ÁGUA/PIGMENTO/CARGAS E CONSERVANTE, COR: DIVERSAS;CX;24,0000;18,9000;453,6000;0,0000;21/09/2026
HOSPITAL DA MULHER PARTEIRA MARIA CORREIA/RN;931528;297;Material;931528-88/2026;ALMOXARIFADO Aquisição de materiais de limpeza e higiene, materiais de expediente administrativo e m;Catálogo do Compras.gov.br;Material;7920;VASSOURAS, ESCOVAS, RODOS, ESPONJAS E ESFREGÕES;6950;ESCOVA LIMPEZA GERAL;333358;APLICAÇÃO: VASO SANITÁRIO, CARACTERÍSTICAS ADICIONAIS: FORMATO ARREDONDADO, MATERIAL CERDAS: NÁILON, MATERIAL CORPO: PLÁSTICO;UN;40,0000;19,2000;768,0000;0,0000;21/09/2026
HOSPITAL DA MULHER PARTEIRA MARIA CORREIA/RN;931528;298;Material;931528-88/2026;ALMOXARIFADO Aquisição de materiais de limpeza e higiene, materiais de expediente administrativo e m;Catálogo do Compras.gov.br;Material;7920;VASSOURAS, ESCOVAS, RODOS, ESPONJAS E ESFREGÕES;6950;ESCOVA LIMPEZA GERAL;331870;APLICAÇÃO: VASO SANITÁRIO, CARACTERÍSTICAS ADICIONAIS: COPO PLÁSTICO, MATERIAL CERDAS: POLIPROPILENO, MATERIAL CORPO: PLÁSTICO;UN;40,0000;6,0000;240,0000;0,0000;21/09/2026
HOSPITAL DA MULHER PARTEIRA MARIA CORREIA/RN;931528;299;Material;931528-88/2026;ALMOXARIFADO Aquisição de materiais de limpeza e higiene, materiais de expediente administrativo e m;Catálogo do Compras.gov.br;Material;7920;VASSOURAS, ESCOVAS, RODOS, ESPONJAS E ESFREGÕES;6986;ESPANADOR;314565;CARACTERÍSTICAS ADICIONAIS: TORNEADO E REFORÇADO, COMPRIMENTO CABO: 40, MATERIAL: PENAS, MATERIAL CABO: MADEIRA;UN;50,0000;12,0000;600,0000;0,0000;21/09/2026
HOSPITAL DA MULHER PARTEIRA MARIA CORREIA/RN;931528;300;Material;931528-88/2026;ALMOXARIFADO Aquisição de materiais de limpeza e higiene, materiais de expediente administrativo e m;Catálogo do Compras.gov.br;Material;7920;VASSOURAS, ESCOVAS, RODOS, ESPONJAS E ESFREGÕES;7042;ESPONJA LIMPEZA;620662;APLICAÇÃO: LIMPEZA GERAL, CARACTERÍSTICAS ADICIONAIS: DUPLA FACE, COMPRIMENTO MÍNIMO: 102, ESPESSURA MÍNIMA: 28, FORMATO: RETANGULAR, LARGURA MÍNIMA: 69, MATERIAL: ESPUMA / FIBRA;CX;20,0000;4,0000;80,0000;0,0000;21/09/2026
HOSPITAL DA MULHER PARTEIRA MARIA CORREIA/RN;931528;301;Material;931528-88/2026;ALMOXARIFADO Aquisição de materiais de limpeza e higiene, materiais de expediente administrativo e m;Catálogo do Compras.gov.br;Material;7920;VASSOURAS, ESCOVAS, RODOS, ESPONJAS E ESFREGÕES;14032;LIMPADOR VIDRO;482448;APLICAÇÃO: AQUÁRIO, CARACTERÍSTICAS ADICIONAIS: BASE DUPLA, COMPRIMENTO BASE: 12, COMPRIMENTO CABO: 70, LARGURA BASE: 11, MATERIAL BASE: IMÃ, FELTRO, ALGODÃO, MATERIAL CABO: BARBANTE, TIPO: LIMPADOR MAGNÉTICO;UN;40,0000;36,0000;1440,0000;0,0000;21/09/2026
HOSPITAL DA MULHER PARTEIRA MARIA CORREIA/RN;931528;302;Material;931528-88/2026;ALMOXARIFADO Aquisição de materiais de limpeza e higiene, materiais de expediente administrativo e m;Catálogo do Compras.gov.br;Material;7920;VASSOURAS, ESCOVAS, RODOS, ESPONJAS E ESFREGÕES;7042;ESPONJA LIMPEZA;624516;APLICAÇÃO: SERVIÇO PESADO, FORMATO: CIRCULAR, MATERIAL: FILAMENTO DE AÇO INOX;EMB;800,0000;6,4500;5160,0000;0,0000;21/09/2026
HOSPITAL DA MULHER PARTEIRA MARIA CORREIA/RN;931528;303;Material;931528-88/2026;ALMOXARIFADO Aquisição de materiais de limpeza e higiene, materiais de expediente administrativo e m;Catálogo do Compras.gov.br;Material;7920;VASSOURAS, ESCOVAS, RODOS, ESPONJAS E ESFREGÕES;7630;FLANELA;432871;COMPRIMENTO: 22, LARGURA: 22, MATERIAL: MICROFIBRA;UN;700,0000;16,0000;11200,0000;0,0000;21/09/2026
HOSPITAL DA MULHER PARTEIRA MARIA CORREIA/RN;931528;304;Material;931528-88/2026;ALMOXARIFADO Aquisição de materiais de limpeza e higiene, materiais de expediente administrativo e m;Catálogo do Compras.gov.br;Material;7920;VASSOURAS, ESCOVAS, RODOS, ESPONJAS E ESFREGÕES;13989;MOP ÚMIDO;229707;APLICAÇÃO: LIMPEZA, COR: NÃO APLICÁVEL, MATERIAL: FIO ALGODÃO, PESO: 340, TIPO PONTA: DOBRADA;UN;120,0000;36,0000;4320,0000;0,0000;21/09/2026
HOSPITAL DA MULHER PARTEIRA MARIA CORREIA/RN;931528;305;Material;931528-88/2026;ALMOXARIFADO Aquisição de materiais de limpeza e higiene, materiais de expediente administrativo e m;Catálogo do Compras.gov.br;Material;7920;VASSOURAS, ESCOVAS, RODOS, ESPONJAS E ESFREGÕES;14028;CABO MOP;602040;APLICAÇÃO: EFREGÃO, CARACTERÍSTICAS ADICIONAIS: ACABAMENTO FOSCO, DIAMETRO 22 MM, COMPRIMENTO: 1,40, MATERIAL: ALUMÍNIO;UN;60,0000;18,0000;1080,0000;0,0000;21/09/2026
HOSPITAL DA MULHER PARTEIRA MARIA CORREIA/RN;931528;306;Material;931528-88/2026;ALMOXARIFADO Aquisição de materiais de limpeza e higiene, materiais de expediente administrativo e m;Catálogo do Compras.gov.br;Material;7920;VASSOURAS, ESCOVAS, RODOS, ESPONJAS E ESFREGÕES;14017;PÁ COLETORA LIXO;477057;ALTURA: 8, APLICAÇÃO: LIMPEZA, COMPRIMENTO: 25, COMPRIMENTO CABO: 100, LARGURA: 24, MATERIAL CABO: MADEIRA, MATERIAL COLETOR: PLÁSTICO;UN;120,0000;8,0000;960,0000;0,0000;21/09/2026
HOSPITAL DA MULHER PARTEIRA MARIA CORREIA/RN;931528;307;Material;931528-88/2026;ALMOXARIFADO Aquisição de materiais de limpeza e higiene, materiais de expediente administrativo e m;Catálogo do Compras.gov.br;Material;7920;VASSOURAS, ESCOVAS, RODOS, ESPONJAS E ESFREGÕES;10344;PANO LIMPEZA;357462;CARACTERÍSTICAS ADICIONAIS: CHÃO, COMPRIMENTO: 85, LARGURA: 60, MATERIAL: ALGODÃO CRU, TIPO: SACO;EMB;200,0000;56,0000;11200,0000;0,0000;21/09/2026
HOSPITAL DA MULHER PARTEIRA MARIA CORREIA/RN;931528;308;Material;931528-88/2026;ALMOXARIFADO Aquisição de materiais de limpeza e higiene, materiais de expediente administrativo e m;Catálogo do Compras.gov.br;Material;7920;VASSOURAS, ESCOVAS, RODOS, ESPONJAS E ESFREGÕES;10344;PANO LIMPEZA;626317;APLICAÇÃO: LIMPEZA, CARACTERÍSTICAS ADICIONAIS: ALTO GRAU ABSORÇÃO, COMPRIMENTO: 40, LARGURA: 40, MATERIAL: MICROFIBRA., TIPO: TOALHA;EMB;300,0000;36,0000;10800,0000;0,0000;21/09/2026
HOSPITAL DA MULHER PARTEIRA MARIA CORREIA/RN;931528;309;Material;931528-88/2026;ALMOXARIFADO Aquisição de materiais de limpeza e higiene, materiais de expediente administrativo e m;Catálogo do Compras.gov.br;Material;7920;VASSOURAS, ESCOVAS, RODOS, ESPONJAS E ESFREGÕES;10344;PANO LIMPEZA;617100;CARACTERÍSTICAS ADICIONAIS: ALTA CAPACIDADE DE ABSORCAO, DESCARTAVEL, COMPRIMENTO: 40, COR: BRANCA, GRAMATURA: 70, LARGURA: 40, MATERIAL: 100% VISCOSE, TIPO: TOALHA;PCT;230,0000;9,0000;2070,0000;0,0000;21/09/2026
HOSPITAL DA MULHER PARTEIRA MARIA CORREIA/RN;931528;310;Material;931528-88/2026;ALMOXARIFADO Aquisição de materiais de limpeza e higiene, materiais de expediente administrativo e m;Catálogo do Compras.gov.br;Material;7920;VASSOURAS, ESCOVAS, RODOS, ESPONJAS E ESFREGÕES;16401;SUPORTE FIBRA / PANO;440600;APLICAÇÃO: BOBINAS DE PANO MULTIUSO TIPO PERFEX, CARACTERÍSTICAS ADICIONAIS: COM PICOTADOR, TIPO: DE PAREDE, TIPO USO: DISPENSADOR DE BOBINA;UN;220,0000;145,0000;31900,0000;0,0000;21/09/2026
HOSPITAL DA MULHER PARTEIRA MARIA CORREIA/RN;931528;311;Material;931528-88/2026;ALMOXARIFADO Aquisição de materiais de limpeza e higiene, materiais de expediente administrativo e m;Catálogo do Compras.gov.br;Material;8010;TINTAS, VERNIZES E PRODUTOS CORRELATOS;13917;REMOVEDOR FERRUGEM;311201;ASPECTO FÍSICO: LÍQUIDO INCOLOR, COMPOSIÇÃO: ÁCIDO OXÁLICO E ÁGUA;FR;10,0000;15,3000;153,0000;0,0000;21/09/2026
HOSPITAL DA MULHER PARTEIRA MARIA CORREIA/RN;931528;312;Material;931528-88/2026;ALMOXARIFADO Aquisição de materiais de limpeza e higiene, materiais de expediente administrativo e m;Catálogo do Compras.gov.br;Material;7920;VASSOURAS, ESCOVAS, RODOS, ESPONJAS E ESFREGÕES;11781;RODO;620629;CARACTERÍSTICAS ADICIONAIS: CABO APROXIMADAMENTE 1,20 M, COM ROSCA, COMPRIMENTO SUPORTE: 60, MATERIAL CABO: MADEIRA, MATERIAL SUPORTE: POLIPROPILENO, QUANTIDADE BORRACHAS: 2;UN;240,0000;33,9000;8136,0000;0,0000;21/09/2026
HOSPITAL DA MULHER PARTEIRA MARIA CORREIA/RN;931528;313;Material;931528-88/2026;ALMOXARIFADO Aquisição de materiais de limpeza e higiene, materiais de expediente administrativo e m;Catálogo do Compras.gov.br;Material;7920;VASSOURAS, ESCOVAS, RODOS, ESPONJAS E ESFREGÕES;11781;RODO;481029;CARACTERÍSTICAS ADICIONAIS: CABO 1,40 M, COMPRIMENTO SUPORTE: 40, MATERIAL CABO: MADEIRA COM CAPA PLÁSTICA, MATERIAL SUPORTE: MADEIRA, QUANTIDADE BORRACHAS: 2;UN;240,0000;20,0000;4800,0000;0,0000;21/09/2026
HOSPITAL DA MULHER PARTEIRA MARIA CORREIA/RN;931528;314;Material;931528-88/2026;ALMOXARIFADO Aquisição de materiais de limpeza e higiene, materiais de expediente administrativo e m;Catálogo do Compras.gov.br;Material;6850;ESPECIALIDADES QUÍMICAS DIVERSAS;14564;NEUTRALIZANTE QUÍMICO;233444;APLICAÇÃO: MINIMIZAR EFEITOS QUÍMICOS DESGASTANTES NA LAVAGEM, ASPECTO FÍSICO: LÍQUIDO INCOLOR,ODOR ÁCIDO E IRRITANTE, COMPOSIÇÃO: CARBONATOS,METABISULEITOS E SEQUESTRANTES;BD;98,0000;400,0000;39200,0000;0,0000;21/09/2026
HOSPITAL DA MULHER PARTEIRA MARIA CORREIA/RN;931528;315;Material;931528-88/2026;ALMOXARIFADO Aquisição de materiais de limpeza e higiene, materiais de expediente administrativo e m;Catálogo do Compras.gov.br;Material;7920;VASSOURAS, ESCOVAS, RODOS, ESPONJAS E ESFREGÕES;13327;VASSOURA;406214;CARACTERÍSTICAS ADICIONAIS: COM PONTEIRA ALÇA, CABO ROSQUEADO DE 1,20 M, COMPRIMENTO CEPA: 25, MATERIAL CEPA: POLIPROPILENO, MATERIAL CERDAS: NÁILON;UN;220,0000;11,0000;2420,0000;0,0000;21/09/2026
HOSPITAL DA MULHER PARTEIRA MARIA CORREIA/RN;931528;316;Material;931528-88/2026;ALMOXARIFADO Aquisição de materiais de limpeza e higiene, materiais de expediente administrativo e m;Catálogo do Compras.gov.br;Material;7920;VASSOURAS, ESCOVAS, RODOS, ESPONJAS E ESFREGÕES;13327;VASSOURA;234406;CARACTERÍSTICAS ADICIONAIS: COM CABO, COMPRIMENTO CEPA: 30, MATERIAL CEPA: PLÁSTICO, MATERIAL CERDAS: NÁILON, MATERIAL CABO: PLÁSTICO, COMPRIMENTO CERDAS: MÍNIMO 5;UN;220,0000;7,8000;1716,0000;0,0000;21/09/2026
HOSPITAL DA MULHER PARTEIRA MARIA CORREIA/RN;931528;317;Material;931528-88/2026;ALMOXARIFADO Aquisição de materiais de limpeza e higiene, materiais de expediente administrativo e m;Catálogo do Compras.gov.br;Material;7920;VASSOURAS, ESCOVAS, RODOS, ESPONJAS E ESFREGÕES;13327;VASSOURA;481234;CARACTERÍSTICAS ADICIONAIS: COM CABO ROSQUEADO, COMPRIMENTO CEPA: 40, LARGURA CEPA: 7,5, MATERIAL CEPA: MADEIRA, MATERIAL CERDAS: NÁILON;UN;12,0000;4,0000;48,0000;0,0000;21/09/2026
HOSPITAL DA MULHER PARTEIRA MARIA CORREIA/RN;931528;318;Material;931528-88/2026;ALMOXARIFADO Aquisição de materiais de limpeza e higiene, materiais de expediente administrativo e m;Catálogo do Compras.gov.br;Material;7920;VASSOURAS, ESCOVAS, RODOS, ESPONJAS E ESFREGÕES;7174;ESTOPA;227345;MATERIAL: FIO ALGODÃO PURO, APLICAÇÃO: POLIMENTO E LIMPEZA ESPECIAL;PCT;36,0000;33,0000;1188,0000;0,0000;21/09/2026
HOSPITAL DA MULHER PARTEIRA MARIA CORREIA/RN;931528;319;Material;931528-88/2026;ALMOXARIFADO Aquisição de materiais de limpeza e higiene, materiais de expediente administrativo e m;Catálogo do Compras.gov.br;Material;7920;VASSOURAS, ESCOVAS, RODOS, ESPONJAS E ESFREGÕES;7042;ESPONJA LIMPEZA;306176;APLICAÇÃO: LIMPEZA GERAL, CARACTERÍSTICAS ADICIONAIS: TEXTURA MACIA E ISENTA DE SINAIS DE OXIDAÇÃO, COMPRIMENTO MÍNIMO: 100, FORMATO: RETANGULAR, LARGURA MÍNIMA: 75, MATERIAL: LÃ DE AÇO CARBONO;UN;400,0000;6,4500;2580,0000;0,0000;21/09/2026
HOSPITAL DA MULHER PARTEIRA MARIA CORREIA/RN;931528;320;Material;931528-88/2026;ALMOXARIFADO Aquisição de materiais de limpeza e higiene, materiais de expediente administrativo e m;Catálogo do Compras.gov.br;Material;7920;VASSOURAS, ESCOVAS, RODOS, ESPONJAS E ESFREGÕES;14031;MOP PÓ;229930;APLICAÇÃO: LIMPEZA, COMPRIMENTO: 80, ESPESSURA: 2, LARGURA: 30, MATERIAL: FIO ALGODÃO;UN;240,0000;30,4000;7296,0000;0,0000;21/09/2026
HOSPITAL DA MULHER PARTEIRA MARIA CORREIA/RN;931528;321;Material;931528-88/2026;ALMOXARIFADO Aquisição de materiais de limpeza e higiene, materiais de expediente administrativo e m;Catálogo do Compras.gov.br;Material;7920;VASSOURAS, ESCOVAS, RODOS, ESPONJAS E ESFREGÕES;10344;PANO LIMPEZA;357462;CARACTERÍSTICAS ADICIONAIS: CHÃO, COMPRIMENTO: 85, LARGURA: 60, MATERIAL: ALGODÃO CRU, TIPO: SACO;PCT;360,0000;7,9000;2844,0000;0,0000;21/09/2026
HOSPITAL DA MULHER PARTEIRA MARIA CORREIA/RN;931528;322;Material;931528-89/2026;LABORATÓRIO Aquisição de insumos essenciais para o funcionamento do Laboratório de Análises Clínicas;Catálogo do Compras.gov.br;Material;6810;PRODUTOS QUÍMICOS;2259;ÁLCOOL ETÍLICO;618744;ADICIONAL: ESPECIALMENTE MANIPULADO, FORMA FARMACÊUTICA: SOLUÇÃO INJETÁVEL, TEOR ALCOÓLICO: ABSOLUTO, MÍNIMO DE 99,5%;FR;100,0000;24,0000;2400,0000;0,0000;21/09/2026
HOSPITAL DA MULHER PARTEIRA MARIA CORREIA/RN;931528;325;Material;931528-89/2026;LABORATÓRIO Aquisição de insumos essenciais para o funcionamento do Laboratório de Análises Clínicas;Catálogo do Compras.gov.br;Material;8115;CAIXAS, CAIXOTES E ENGRADADOS;4175;CAIXA TÉRMICA;475421;APLICAÇÃO: TRANSPORTE DE HEMOCOMPONENTES, CAPACIDADE: 12, CARACTERÍSTICAS ADICIONAIS: COM ALÇA E TAMPA, TAMANHO CERCA DE 40 X 25 X 26 CM, MATERIAL: POLIETILENO ALTA DENSIDADE E POLIURETANO;UN;6,0000;267,1000;1602,6000;0,0000;21/09/2026
HOSPITAL DA MULHER PARTEIRA MARIA CORREIA/RN;931528;326;Material;931528-89/2026;LABORATÓRIO Aquisição de insumos essenciais para o funcionamento do Laboratório de Análises Clínicas;Catálogo do Compras.gov.br;Material;9999;ITENS DIVERSOS;13092;TUBO PARA COLETA DE AMOSTRA BIOLÓGICA;374257;CARACTERÍSTICA ADICIONAL: PARA AUTOMAÇÃO, MATERIAL: VIDRO, USO: PARA PROVA DE COAGULAÇÃO ATIVADA;UN;5000,0000;0,2300;1150,0000;0,0000;21/09/2026
HOSPITAL DA MULHER PARTEIRA MARIA CORREIA/RN;931528;327;Material;931528-87/2026;ALMOXARIFADO Aquisição de materiais de limpeza e higiene, materiais de expediente administrativo e m;Catálogo do Compras.gov.br;Material;7240;RECEPIENTES PARA USO DOMÉSTICO E COMERCIAL;15723;COLETOR COPO PLÁSTICO;380366;CAPACIDADE: 300 COPOS, CARACTERÍSTICAS ADICIONAIS: 1 BOCA ÁGUA E 1 BOCA CAFÉ, SUPORTE CHÃO COR PRETA, COR: CINZA, MATERIAL: POLIETILENO, USO: COLETA COPOS DESCARTÁVEIS;UN;150,0000;48,0700;7210,5000;0,0000;21/09/2026
HOSPITAL DA MULHER PARTEIRA MARIA CORREIA/RN;931528;328;Material;931528-87/2026;ALMOXARIFADO Aquisição de materiais de limpeza e higiene, materiais de expediente administrativo e m;Catálogo do Compras.gov.br;Material;7195;MOBILIÁRIOS DIVERSOS E ACESSÓRIOS;14399;QUADRO AVISOS;298186;CARACTERÍSTICAS ADICIONAIS: MOLDURA C/ ACABAMENTO ANODIZADO NATURAL FOSCO, FRI, COMPRIMENTO: 120, LARGURA: 90, MATERIAL: FIBRA MINERAL, MATERIAL MOLDURA: ALUMÍNIO, REVESTIMENTO: CORTIÇA;UN;15,0000;199,9000;2998,5000;0,0000;21/09/2026
HOSPITAL DA MULHER PARTEIRA MARIA CORREIA/RN;931528;329;Material;931528-87/2026;ALMOXARIFADO Aquisição de materiais de limpeza e higiene, materiais de expediente administrativo e m;Catálogo do Compras.gov.br;Material;7110;MOBILIÁRIO PARA ESCRITÓRIO;1454;QUADRO BRANCO;612774;ACABAMENTO SUPERFICIAL MOLDURA: ALUMÍNIO, COMPRIMENTO: 90, COR MOLDURA: NATURAL, FINALIDADE: QUADRO AVISO / APOIO A AULAS, LARGURA: 60, MATERIAL: MDF, MATERIAL MOLDURA: ALUMÍNIO ANODIZADO;UN;5,0000;118,2700;591,3500;0,0000;21/09/2026
HOSPITAL DA MULHER PARTEIRA MARIA CORREIA/RN;931528;330;Material;931528-87/2026;ALMOXARIFADO Aquisição de materiais de limpeza e higiene, materiais de expediente administrativo e m;Catálogo do Compras.gov.br;Material;7110;MOBILIÁRIO PARA ESCRITÓRIO;1454;QUADRO BRANCO;464327;ACABAMENTO SUPERFICIAL MOLDURA: ALUMÍNIO, CARACTERÍSTICAS ADICIONAIS: SUPORTE PARA APAGADOR, COMPRIMENTO: 120, LARGURA: 90, MATERIAL: FÓRMICA BRANCA, MATERIAL MOLDURA: ALUMÍNIO;UN;5,0000;331,9000;1659,5000;0,0000;21/09/2026
HOSPITAL DA MULHER PARTEIRA MARIA CORREIA/RN;931528;331;Material;931528-87/2026;ALMOXARIFADO Aquisição de materiais de limpeza e higiene, materiais de expediente administrativo e m;Catálogo do Compras.gov.br;Material;7290;UTENSÍLIOS COMERCIAIS E DOMÉSTICOS DIVERSOS;12413;SUPORTE MONITOR VÍDEO;600847;ACABAMENTO SUPERFICIAL: PINTURA ELETROSTÁTICA, CAPACIDADE CARGA: 22, CARACTERÍSTICAS ADICIONAIS: DUAS GAVETAS, COR: PRETA, MATERIAL: MADEIRA MDF, TIPO: CAIXA;UN;140,0000;78,9900;11058,6000;0,0000;21/09/2026
HOSPITAL DA MULHER PARTEIRA MARIA CORREIA/RN;931528;332;Material;931528-87/2026;ALMOXARIFADO Aquisição de materiais de limpeza e higiene, materiais de expediente administrativo e m;Catálogo do Compras.gov.br;Material;7195;MOBILIÁRIOS DIVERSOS E ACESSÓRIOS;6073;DESCANSO PÉS;328454;AJUSTE ALTURA: 60 A 180, CARACTERÍSTICAS ADICIONAIS: BASE ANTIDERRAPANTE, ALTURA E ÂNGULOS REGULÁVEIS, COMPRIMENTO: 450, LARGURA: 30, MATERIAL ESTRUTURA: AÇO, TIPO: AJUSTÁVEL;UN;140,0000;174,9500;24493,0000;0,0000;21/09/2026
HOSPITAL DA MULHER PARTEIRA MARIA CORREIA/RN;931528;333;Material;931528-87/2026;ALMOXARIFADO Aquisição de materiais de limpeza e higiene, materiais de expediente administrativo e m;Catálogo do Compras.gov.br;Material;7240;RECEPIENTES PARA USO DOMÉSTICO E COMERCIAL;2826;DISPENSER PAPEL TOALHA;614553;COR: BRANCA, DIMENSÕES: 345 X 290 X 200, MATERIAL: PLÁSTICO ABS, TIPO: SEMIAUTOMÁTICO;UN;60,0000;47,0000;2820,0000;0,0000;21/09/2026
HOSPITAL DA MULHER PARTEIRA MARIA CORREIA/RN;931528;334;Material;931528-87/2026;ALMOXARIFADO Aquisição de materiais de limpeza e higiene, materiais de expediente administrativo e m;Catálogo do Compras.gov.br;Material;7240;RECEPIENTES PARA USO DOMÉSTICO E COMERCIAL;3255;DISPENSER HIGIENIZADOR;477938;APLICAÇÃO: MÃOS, CAPACIDADE: 600, CARACTERÍSTICAS ADICIONAIS: SENSOR AUTOMÁTICO DE APROXIMAÇÃO, COR: BRANCA, MATERIAL: PLÁSTICO ABS, TIPO FIXAÇÃO: PAREDE;UN;60,0000;35,0000;2100,0000;0,0000;21/09/2026
HOSPITAL DA MULHER PARTEIRA MARIA CORREIA/RN;931528;335;Material;931528-87/2026;ALMOXARIFADO Aquisição de materiais de limpeza e higiene, materiais de expediente administrativo e m;Catálogo do Compras.gov.br;Material;7240;RECEPIENTES PARA USO DOMÉSTICO E COMERCIAL;16554;DISPENSER PAPEL HIGIÊNICO;438912;ALTURA: 30, CARACTERÍSTICAS ADICIONAIS: VISOR TRANSPARENTE, SERRILHADOR, ROLO DE ATÉ 500 M, COR: BRANCO, LARGURA: 27, MATERIAL BASE: PLÁSTICO ABS, MATERIAL TAMPA: ACRÍLICO CRISTAL, PROFUNDIDADE: 13,50, TIPO: DE PAREDE;UN;60,0000;50,0000;3000,0000;0,0000;21/09/2026
HOSPITAL DA MULHER PARTEIRA MARIA CORREIA/RN;931528;336;Material;931528-87/2026;ALMOXARIFADO Aquisição de materiais de limpeza e higiene, materiais de expediente administrativo e m;Catálogo do Compras.gov.br;Material;7240;RECEPIENTES PARA USO DOMÉSTICO E COMERCIAL;3819;BORRIFADOR;272254;APLICAÇÃO: ACONDICIONAR SOLUÇÃO REVELADORA, CAPACIDADE: 500, MATERIAL: PLÁSTICO, TIPO: SPRAY, CONTENDO BICO BORRIFADOR;UN;200,0000;6,0000;1200,0000;0,0000;21/09/2026
HOSPITAL DA MULHER PARTEIRA MARIA CORREIA/RN;931528;418;Serviço;931528-74/2026;PATRIMÔNIO - SERVIÇOS DE LEASING OU ALUGUEL RELACIONADOS A OUTROS BENS;Catálogo do Compras.gov.br;Serviço;732;SERVIÇOS DE LEASING OU ALUGUEL RELACIONADOS A OUTROS BENS;;;;;-;0,0000;0,0000;46800,0000;0,0000;21/12/2026
HOSPITAL DA MULHER PARTEIRA MARIA CORREIA/RN;931528;359;Material;931528-86/2026;NUTRIÇÃO Gêneros alimentícios - não perecíveis.;Catálogo do Compras.gov.br;Material;8950;CONDIMENTOS E PRODUTOS CORRELATOS;19774;CONDIMENTO;463938;ADICIONAL: CABEÇA, APRESENTAÇÃO: NATURAL, TIPO: ALHO;EMB;15000,0000;2,6700;40050,0000;0,0000;21/12/2026
HOSPITAL DA MULHER PARTEIRA MARIA CORREIA/RN;931528;360;Material;931528-86/2026;NUTRIÇÃO Gêneros alimentícios - não perecíveis.;Catálogo do Compras.gov.br;Material;8950;CONDIMENTOS E PRODUTOS CORRELATOS;19774;CONDIMENTO;463930;APRESENTAÇÃO: NATURAL, TIPO: SALSA;KG;750,0000;1,8000;1350,0000;0,0000;21/12/2026
HOSPITAL DA MULHER PARTEIRA MARIA CORREIA/RN;931528;361;Material;931528-86/2026;NUTRIÇÃO Gêneros alimentícios - não perecíveis.;Catálogo do Compras.gov.br;Material;8950;CONDIMENTOS E PRODUTOS CORRELATOS;19774;CONDIMENTO;463856;APRESENTAÇÃO: DESIDRATADO, TIPO: ALECRIM;KG;26,0000;3,2800;85,2800;0,0000;21/12/2026
HOSPITAL DA MULHER PARTEIRA MARIA CORREIA/RN;931528;362;Material;931528-86/2026;NUTRIÇÃO Gêneros alimentícios - não perecíveis.;Catálogo do Compras.gov.br;Material;8950;CONDIMENTOS E PRODUTOS CORRELATOS;19774;CONDIMENTO;463857;APRESENTAÇÃO: PÓ, TIPO: AÇAFRÃO;KG;20,0000;31,5000;630,0000;0,0000;21/12/2026
HOSPITAL DA MULHER PARTEIRA MARIA CORREIA/RN;931528;363;Material;931528-86/2026;NUTRIÇÃO Gêneros alimentícios - não perecíveis.;Catálogo do Compras.gov.br;Material;8950;CONDIMENTOS E PRODUTOS CORRELATOS;19774;CONDIMENTO;463893;APRESENTAÇÃO: PÓ, TIPO: CÚRCUMA;KG;20,0000;29,4900;589,8000;0,0000;21/12/2026
HOSPITAL DA MULHER PARTEIRA MARIA CORREIA/RN;931528;364;Material;931528-86/2026;NUTRIÇÃO Gêneros alimentícios - não perecíveis.;Catálogo do Compras.gov.br;Material;8950;CONDIMENTOS E PRODUTOS CORRELATOS;19774;CONDIMENTO;463908;APRESENTAÇÃO: DESIDRATADO, TIPO: MANJERICÃO;KG;50,0000;15,0000;750,0000;0,0000;21/12/2026
HOSPITAL DA MULHER PARTEIRA MARIA CORREIA/RN;931528;365;Material;931528-86/2026;NUTRIÇÃO Gêneros alimentícios - não perecíveis.;Catálogo do Compras.gov.br;Material;8950;CONDIMENTOS E PRODUTOS CORRELATOS;19774;CONDIMENTO;463916;APRESENTAÇÃO: DESIDRATADO, TIPO: ORÉGANO;KG;50,0000;8,0200;401,0000;0,0000;21/12/2026
HOSPITAL DA MULHER PARTEIRA MARIA CORREIA/RN;931528;366;Material;931528-86/2026;NUTRIÇÃO Gêneros alimentícios - não perecíveis.;Catálogo do Compras.gov.br;Material;8950;CONDIMENTOS E PRODUTOS CORRELATOS;19774;CONDIMENTO;463904;APRESENTAÇÃO: FOLHA, TIPO: LOURO;KG;50,0000;7,7000;385,0000;0,0000;21/12/2026
HOSPITAL DA MULHER PARTEIRA MARIA CORREIA/RN;931528;367;Material;931528-86/2026;NUTRIÇÃO Gêneros alimentícios - não perecíveis.;Catálogo do Compras.gov.br;Material;8950;CONDIMENTOS E PRODUTOS CORRELATOS;19690;ARROZ BENEFICIADO;472895;CARACTERÍSTICA ADICIONAL: ORGÂNICO, CLASSE: LONGO FINO, QUALIDADE: TIPO 1, SUBGRUPO: POLIDO, TIPO: AGULHINHA/BRANCO;KG;375,0000;7,9900;2996,2500;0,0000;21/12/2026
HOSPITAL DA MULHER PARTEIRA MARIA CORREIA/RN;931528;368;Material;931528-86/2026;NUTRIÇÃO Gêneros alimentícios - não perecíveis.;Catálogo do Compras.gov.br;Material;8950;CONDIMENTOS E PRODUTOS CORRELATOS;19690;ARROZ BENEFICIADO;458908;CLASSE: LONGO FINO, QUALIDADE: TIPO 1, SUBGRUPO: POLIDO, TIPO: PARBOILIZADO;KG;250,0000;7,4900;1872,5000;0,0000;21/12/2026
HOSPITAL DA MULHER PARTEIRA MARIA CORREIA/RN;931528;369;Material;931528-86/2026;NUTRIÇÃO Gêneros alimentícios - não perecíveis.;Catálogo do Compras.gov.br;Material;8950;CONDIMENTOS E PRODUTOS CORRELATOS;19690;ARROZ BENEFICIADO;458910;CLASSE: LONGO FINO, QUALIDADE: TIPO 1, SUBGRUPO: INTEGRAL, TIPO: PARBOILIZADO;KG;250,0000;11,9000;2975,0000;0,0000;21/12/2026
HOSPITAL DA MULHER PARTEIRA MARIA CORREIA/RN;931528;370;Material;931528-86/2026;NUTRIÇÃO Gêneros alimentícios - não perecíveis.;Catálogo do Compras.gov.br;Material;8945;ÓLEOS E GORDURAS COMESTÍVEIS;19768;AZEITE;463696;ESPÉCIE VEGETAL: DE OLIVA, TEOR DA ACIDEZ: EXTRAVIRGEM - MENOR QUE 0,8%, TIPO: PURO;UN;50,0000;55,4900;2774,5000;0,0000;21/12/2026
HOSPITAL DA MULHER PARTEIRA MARIA CORREIA/RN;931528;371;Material;931528-86/2026;NUTRIÇÃO Gêneros alimentícios - não perecíveis.;Catálogo do Compras.gov.br;Material;6810;PRODUTOS QUÍMICOS;19766;CAFÉ;463587;APRESENTAÇÃO: TORRADO MOÍDO, EMPACOTAMENTO: VÁCUO, INTENSIDADE: MÉDIA, TIPO: TRADICIONAL;PCT;400,0000;12,4900;4996,0000;0,0000;21/12/2026
HOSPITAL DA MULHER PARTEIRA MARIA CORREIA/RN;931528;372;Material;931528-86/2026;NUTRIÇÃO Gêneros alimentícios - não perecíveis.;Catálogo do Compras.gov.br;Material;8945;ÓLEOS E GORDURAS COMESTÍVEIS;17295;CREME DE LEITE;446533;PROCESSAMENTO: UHT, TEOR GORDURA: ATÉ 20% DE GORDURA, TRATAMENTO: HOMOGENEIZADO;EMB;1000,0000;4,9900;4990,0000;0,0000;21/12/2026
HOSPITAL DA MULHER PARTEIRA MARIA CORREIA/RN;931528;373;Material;931528-86/2026;NUTRIÇÃO Gêneros alimentícios - não perecíveis.;Catálogo do Compras.gov.br;Material;8950;CONDIMENTOS E PRODUTOS CORRELATOS;19716;MASSA DE TOMATE;459670;APRESENTAÇÃO: CREME, COMPOSIÇÃO: TRADICIONAL, TIPO: EXTRATO CONCENTRADO;EMB;1500,0000;7,9800;11970,0000;0,0000;21/12/2026
HOSPITAL DA MULHER PARTEIRA MARIA CORREIA/RN;931528;374;Material;931528-86/2026;NUTRIÇÃO Gêneros alimentícios - não perecíveis.;Catálogo do Compras.gov.br;Material;8950;CONDIMENTOS E PRODUTOS CORRELATOS;19774;CONDIMENTO;463937;APRESENTAÇÃO: PÓ, TIPO: URUCUM;EMB;3600,0000;4,1900;15084,0000;0,0000;21/12/2026
HOSPITAL DA MULHER PARTEIRA MARIA CORREIA/RN;931528;375;Material;931528-86/2026;NUTRIÇÃO Gêneros alimentícios - não perecíveis.;Catálogo do Compras.gov.br;Material;8950;CONDIMENTOS E PRODUTOS CORRELATOS;19715;MOLHO DE MESA;459658;APRESENTAÇÃO: CREME, COMPOSIÇÃO: TRADICIONAL, TIPO: MAIONESE;EMB;400,0000;17,4900;6996,0000;0,0000;21/12/2026
HOSPITAL DA MULHER PARTEIRA MARIA CORREIA/RN;931528;376;Material;931528-86/2026;NUTRIÇÃO Gêneros alimentícios - não perecíveis.;Catálogo do Compras.gov.br;Material;8945;ÓLEOS E GORDURAS COMESTÍVEIS;19767;ÓLEO VEGETAL COMESTÍVEL;463692;ESPÉCIE VEGETAL: SOJA, TIPO: PURO, TIPO QUALIDADE: TIPO 1;EMB;750,0000;8,9900;6742,5000;0,0000;21/12/2026
HOSPITAL DA MULHER PARTEIRA MARIA CORREIA/RN;931528;377;Material;931528-86/2026;NUTRIÇÃO Gêneros alimentícios - não perecíveis.;Catálogo do Compras.gov.br;Material;8950;CONDIMENTOS E PRODUTOS CORRELATOS;852;SAL;448219;ADITIVOS: IODATO DE POTÁSSIO, APLICAÇÃO: ALIMENTÍCIA, CARACTERÍSTICAS ADICIONAIS: 50% CLORETO DE POTÁSSIO, 50% CLORETO DE SÓDIO, TIPO: REFINADO;SC;1200,0000;2,9800;3576,0000;0,0000;21/12/2026
HOSPITAL DA MULHER PARTEIRA MARIA CORREIA/RN;931528;378;Material;931528-86/2026;NUTRIÇÃO Gêneros alimentícios - não perecíveis.;Catálogo do Compras.gov.br;Material;8950;CONDIMENTOS E PRODUTOS CORRELATOS;12619;TEMPERO;243203;APLICAÇÃO: USO CULINÁRIO, APRESENTAÇÃO: LÍQUIDO, TIPO: COMPLETO SEM PIMENTA, CONDIMENTADO E CONCENTRADO;GRF;1500,0000;5,9300;8895,0000;0,0000;21/12/2026
HOSPITAL DA MULHER PARTEIRA MARIA CORREIA/RN;931528;379;Material;931528-86/2026;NUTRIÇÃO Gêneros alimentícios - não perecíveis.;Catálogo do Compras.gov.br;Material;8950;CONDIMENTOS E PRODUTOS CORRELATOS;853;VINAGRE;217096;ACIDEZ: 4,20, ASPECTO FÍSICO: LÍQUIDO, ASPECTO VISUAL: LÍMPIDO E SEM DEPÓSITOS, MATÉRIA-PRIMA: ÁLCOOL CANA DE AÇÚCAR, TIPO: NEUTRO;FR;2700,0000;2,6000;7020,0000;0,0000;21/12/2026
HOSPITAL DA MULHER PARTEIRA MARIA CORREIA/RN;931528;380;Material;931528-86/2026;NUTRIÇÃO Gêneros alimentícios - não perecíveis.;Catálogo do Compras.gov.br;Material;8710;FORRAGENS E ALIMENTOS;852;SAL;;;-;0,0000;0,0000;60,0000;0,0000;21/12/2026
HOSPITAL DA MULHER PARTEIRA MARIA CORREIA/RN;931528;381;Material;931528-85/2026;ALMOXARIFADO CME - INSUMOS;Catálogo do Compras.gov.br;Material;6810;PRODUTOS QUÍMICOS;6136;DETERGENTE;462871;APLICAÇÃO: LAVAGEM E HIGIENIZAÇAO DE INSTRUMENTAL CIRURGICO, AROMA: NEUTRO, ASPECTO FÍSICO: LÍQUIDO INCOLOR, CARACTERÍSTICAS ADICIONAIS: DILUIÇÃO PARA DESINFECÇÃO 1/50 LITROS, COMPOSIÇÃO: DODECILBENZENO SULFONATO DE SÓDIO;L;58,0000;30,0000;1740,0000;0,0000;21/09/2026
HOSPITAL DA MULHER PARTEIRA MARIA CORREIA/RN;931528;382;Material;931528-84/2026;LABORATÓRIO Aquisição de insumos essenciais para o funcionamento do Laboratório de Análises Clínicas;Catálogo do Compras.gov.br;Material;6640;EQUIPAMENTOS E ARTIGOS DE LABORATÓRIO;11016;PONTEIRA LABORATÓRIO;446911;CAPACIDADE: ATÉ 1000 MCL, ESTERILIDADE*: APIROGÊNICO, LIVRE DE DNASE E RNASE, MATERIAL: POLIPROPILENO, TIPO USO*: ESTERILIZÁVEL;UN;20000,0000;0,0800;1600,0000;0,0000;21/09/2026
HOSPITAL DA MULHER PARTEIRA MARIA CORREIA/RN;931528;383;Material;931528-84/2026;LABORATÓRIO Aquisição de insumos essenciais para o funcionamento do Laboratório de Análises Clínicas;Catálogo do Compras.gov.br;Material;6640;EQUIPAMENTOS E ARTIGOS DE LABORATÓRIO;11016;PONTEIRA LABORATÓRIO;408699;CAPACIDADE: ATÉ 200 MCL, ESTERILIDADE*: ESTÉRIL, APIROGÊNICO, LIVRE DE DNASE E RNASE, MATERIAL: POLIPROPILENO, TIPO USO*: DESCARTÁVEL;UN;20000,0000;0,0500;1000,0000;0,0000;21/09/2026
HOSPITAL DA MULHER PARTEIRA MARIA CORREIA/RN;931528;384;Material;931528-84/2026;LABORATÓRIO Aquisição de insumos essenciais para o funcionamento do Laboratório de Análises Clínicas;Catálogo do Compras.gov.br;Material;6640;EQUIPAMENTOS E ARTIGOS DE LABORATÓRIO;2435;TIRA LABORATÓRIO;417845;CAPACIDADE: 8 POÇOS, MATERIAL: PLÁSTICO, TIPO: PARA IMUNOENSAIOS, TIPO FUNDO: FUNDO CHATO, VOLUME: 0,4;UN;2000,0000;0,5200;1040,0000;0,0000;21/09/2026
HOSPITAL DA MULHER PARTEIRA MARIA CORREIA/RN;931528;385;Material;931528-84/2026;LABORATÓRIO Aquisição de insumos essenciais para o funcionamento do Laboratório de Análises Clínicas;Catálogo do Compras.gov.br;Material;6640;EQUIPAMENTOS E ARTIGOS DE LABORATÓRIO;4416;CANETA PERMANENTE;608143;CARACTERÍSTICAS ADICIONAIS: SECAGEM  EM PLÁSTICO, VINIL, ACRÍLICO E VIDRO, COR TINTA: AZUL/PRETO/VERMELHO, MATERIAL CORPO: PLÁSTICO, MATERIAL PONTA: POLIÉSTER, TIPO ESCRITA: EXTRAFINA;UN;30,0000;24,9000;747,0000;0,0000;21/09/2026
HOSPITAL DA MULHER PARTEIRA MARIA CORREIA/RN;931528;386;Material;931528-84/2026;LABORATÓRIO Aquisição de insumos essenciais para o funcionamento do Laboratório de Análises Clínicas;Catálogo do Compras.gov.br;Material;6640;EQUIPAMENTOS E ARTIGOS DE LABORATÓRIO;8637;LAMÍNULA;409643;DIMENSÕES: CERCA DE 25 X 25, MATERIAL: VIDRO;UN;30,0000;14,2500;427,5000;0,0000;21/09/2026
HOSPITAL DA MULHER PARTEIRA MARIA CORREIA/RN;931528;387;Material;931528-84/2026;LABORATÓRIO Aquisição de insumos essenciais para o funcionamento do Laboratório de Análises Clínicas;Catálogo do Compras.gov.br;Material;6640;EQUIPAMENTOS E ARTIGOS DE LABORATÓRIO;8637;LAMÍNULA;409646;DIMENSÕES: CERCA DE 25 X 50, MATERIAL: VIDRO;UN;30,0000;15,3000;459,0000;0,0000;21/09/2026
HOSPITAL DA MULHER PARTEIRA MARIA CORREIA/RN;931528;388;Material;931528-84/2026;LABORATÓRIO Aquisição de insumos essenciais para o funcionamento do Laboratório de Análises Clínicas;Catálogo do Compras.gov.br;Material;6640;EQUIPAMENTOS E ARTIGOS DE LABORATÓRIO;2176;AGULHA COLETA SANGUE À VÁCUO;411900;DIMENSÃO: 25 G X 1 1/4", MATERIAL: AÇO INOXIDÁVEL SILICONIZADO, TIPO CONEXÃO: CONECTOR LUER LOCK EM PLÁSTICO, TIPO FIXAÇÃO: PROTETOR PLÁSTICO, TIPO PONTA: BISEL CURTO TRIFACETADO, USO: ESTÉRIL, DESCARTÁVEL, EMBALAGEM INDIVIDUAL;CX;300,0000;47,0000;14100,0000;0,0000;21/09/2026
HOSPITAL DA MULHER PARTEIRA MARIA CORREIA/RN;931528;389;Material;931528-84/2026;LABORATÓRIO Aquisição de insumos essenciais para o funcionamento do Laboratório de Análises Clínicas;Catálogo do Compras.gov.br;Material;6640;EQUIPAMENTOS E ARTIGOS DE LABORATÓRIO;13114;TUBO LABORATÓRIO;625906;ACESSÓRIOS: TAMPA ROSQUEÁVEL, CAPACIDADE: 50, CARACTERÍSTICA ADICIONAL: BAIXA RETENÇÃO DE ÁCIDOS NUCLEICOS, ESTERILIDADE: ESTÉRIL, APIROGÊNICO, LIVRE DE DNASE E RNASE, GRADUAÇÃO: GRADUADO, MATERIAL: PLÁSTICO, TIPO: CENTRÍFUGA, TIPO FUNDO: FUNDO CÔNICO, USO: DESCARTÁVEL;UN;10000,0000;0,8900;8900,0000;0,0000;21/09/2026
HOSPITAL DA MULHER PARTEIRA MARIA CORREIA/RN;931528;390;Material;931528-84/2026;LABORATÓRIO Aquisição de insumos essenciais para o funcionamento do Laboratório de Análises Clínicas;Catálogo do Compras.gov.br;Material;6640;EQUIPAMENTOS E ARTIGOS DE LABORATÓRIO;8637;LAMÍNULA;;;-;0,0000;0,0000;1000,0000;0,0000;21/09/2026
HOSPITAL DA MULHER PARTEIRA MARIA CORREIA/RN;931528;391;Material;931528-84/2026;LABORATÓRIO Aquisição de insumos essenciais para o funcionamento do Laboratório de Análises Clínicas;Catálogo do Compras.gov.br;Material;6640;EQUIPAMENTOS E ARTIGOS DE LABORATÓRIO;9748;MICROPIPETA;483416;ADICIONAL: AUTOCLAVÁVEL, AJUSTE: VOLUME REGULÁVEL, CAPACIDADE ASPIRAÇÃO: ATÉ 100, CARACTERÍSTICA ADICIONAL: 16 CANAIS, COMPONENTES: COM EJETOR DE PONTEIRA, SUPORTE, TIPO*: MULTICANAL, MECÂNICA;UN;1,0000;191,3000;191,3000;0,0000;21/09/2026
HOSPITAL DA MULHER PARTEIRA MARIA CORREIA/RN;931528;392;Material;931528-84/2026;LABORATÓRIO Aquisição de insumos essenciais para o funcionamento do Laboratório de Análises Clínicas;Catálogo do Compras.gov.br;Material;6640;EQUIPAMENTOS E ARTIGOS DE LABORATÓRIO;9748;MICROPIPETA;454365;ADICIONAL: AUTOCLAVÁVEL, AJUSTE: VOLUME REGULÁVEL, CAPACIDADE ASPIRAÇÃO: ATÉ 10, COMPONENTES: COM EJETOR DE PONTEIRA, COMPONENTES ADICIONAIS: COM CARREGADOR BATERIA, TIPO*: MONOCANAL, DIGITAL;UN;1,0000;191,3000;191,3000;0,0000;21/09/2026
HOSPITAL DA MULHER PARTEIRA MARIA CORREIA/RN;931528;393;Material;931528-84/2026;LABORATÓRIO Aquisição de insumos essenciais para o funcionamento do Laboratório de Análises Clínicas;Catálogo do Compras.gov.br;Material;6640;EQUIPAMENTOS E ARTIGOS DE LABORATÓRIO;9748;MICROPIPETA;452811;ADICIONAL: AUTOCLAVÁVEL, AJUSTE: VOLUME REGULÁVEL, CAPACIDADE ASPIRAÇÃO: ATÉ 50, COMPONENTES: COM EJETOR DE PONTEIRA, TIPO*: MONOCANAL, MECÂNICA;UN;1,0000;191,3000;191,3000;0,0000;21/09/2026
HOSPITAL DA MULHER PARTEIRA MARIA CORREIA/RN;931528;394;Material;931528-84/2026;LABORATÓRIO Aquisição de insumos essenciais para o funcionamento do Laboratório de Análises Clínicas;Catálogo do Compras.gov.br;Material;6640;EQUIPAMENTOS E ARTIGOS DE LABORATÓRIO;9748;MICROPIPETA;450677;ADICIONAL: AUTOCLAVÁVEL, AJUSTE: VOLUME REGULÁVEL, CAPACIDADE ASPIRAÇÃO: ATÉ 10, COMPONENTES: COM EJETOR DE PONTEIRA, TIPO*: MONOCANAL, MECÂNICA;UN;1,0000;191,3000;191,3000;0,0000;21/09/2026
HOSPITAL DA MULHER PARTEIRA MARIA CORREIA/RN;931528;395;Material;931528-84/2026;LABORATÓRIO Aquisição de insumos essenciais para o funcionamento do Laboratório de Análises Clínicas;Catálogo do Compras.gov.br;Material;6640;EQUIPAMENTOS E ARTIGOS DE LABORATÓRIO;9748;MICROPIPETA;454353;ADICIONAL: AUTOCLAVÁVEL, AJUSTE: VOLUME REGULÁVEL, CAPACIDADE ASPIRAÇÃO: ATÉ 300, CARACTERÍSTICA ADICIONAL: 12 CANAIS, COMPONENTES: COM EJETOR DE PONTEIRA, TIPO*: MULTICANAL, MECÂNICA;UN;1,0000;191,3000;191,3000;0,0000;21/09/2026
HOSPITAL DA MULHER PARTEIRA MARIA CORREIA/RN;931528;396;Material;931528-84/2026;LABORATÓRIO Aquisição de insumos essenciais para o funcionamento do Laboratório de Análises Clínicas;Catálogo do Compras.gov.br;Material;6640;EQUIPAMENTOS E ARTIGOS DE LABORATÓRIO;16365;CONTADOR DE CÉLULAS;419221;ADICIONAL: C/ ALARME, SISTEMA SEGURANÇA, AJUSTE: AJUSTE MECÂNICO, COM VISOR DIGITAL, CAPACIDADE: ATÉ 10 TIPOS CELULARES, MEMÓRIA: ATÉ 100 CONTAGENS, OUTROS COMPONENTES: C/ CONTAGEM RELATIVA E ABSOLUTA, TIPO: P/ CÉLULAS SANGUÍNEAS;UN;2,0000;1200,0000;2400,0000;0,0000;21/09/2026
HOSPITAL DA MULHER PARTEIRA MARIA CORREIA/RN;931528;397;Material;931528-84/2026;LABORATÓRIO Aquisição de insumos essenciais para o funcionamento do Laboratório de Análises Clínicas;Catálogo do Compras.gov.br;Material;6640;EQUIPAMENTOS E ARTIGOS DE LABORATÓRIO;2242;ALÇA BACTERIOLÓGICA;408824;DIMENSÕES: CERCA DE 35 X 150, ESTERILIDADE: ESTÉRIL, DESCARTÁVEL, FORMATO: EM "T", MATERIAL*: PLÁSTICO, TIPO*: DRIGALSKY;UN;1000,0000;0,8900;890,0000;0,0000;21/09/2026
HOSPITAL DA MULHER PARTEIRA MARIA CORREIA/RN;931528;398;Material;931528-84/2026;LABORATÓRIO Aquisição de insumos essenciais para o funcionamento do Laboratório de Análises Clínicas;Catálogo do Compras.gov.br;Material;6640;EQUIPAMENTOS E ARTIGOS DE LABORATÓRIO;13831;SWAB;480902;APRESENTAÇÃO*: EMBALAGEM INDIVIDUAL, ESTERILIDADE: ESTÉRIL, MATERIAL: HASTE PLÁSTICA, TIPO DE USO: DESCARTÁVEL, TIPO PONTA: PONTA EM ALGODÃO HIDRÓFILO E RAYON;UN;1000,0000;0,2400;240,0000;0,0000;21/09/2026
HOSPITAL DA MULHER PARTEIRA MARIA CORREIA/RN;931528;399;Material;931528-84/2026;LABORATÓRIO Aquisição de insumos essenciais para o funcionamento do Laboratório de Análises Clínicas;Catálogo do Compras.gov.br;Material;6640;EQUIPAMENTOS E ARTIGOS DE LABORATÓRIO;13831;SWAB;440736;ADITIVOS: COM SOLUÇÃO REAGENTE, APRESENTAÇÃO*: EMBALAGEM INDIVIDUAL EM TUBO PLÁSTICO, ESTERILIDADE: ESTÉRIL, MATERIAL: HASTE PLÁSTICA, TIPO DE USO: DESCARTÁVEL, TIPO PONTA: PONTA DE ALGODÃO;UN;1000,0000;3,2700;3270,0000;0,0000;21/09/2026
HOSPITAL DA MULHER PARTEIRA MARIA CORREIA/RN;931528;400;Material;931528-84/2026;LABORATÓRIO Aquisição de insumos essenciais para o funcionamento do Laboratório de Análises Clínicas;Catálogo do Compras.gov.br;Material;6640;EQUIPAMENTOS E ARTIGOS DE LABORATÓRIO;19042;MEIO DE CULTURA.;473359;ASPECTO FÍSICO*: SÓLIDO, CARACTERÍSTICAS ADICIONAIS 1: PLACA 90 MM, TIPO*: ÁGAR CROMOGÊNICO PARA KPC;UN;1000,0000;4,2000;4200,0000;0,0000;21/09/2026
HOSPITAL DA MULHER PARTEIRA MARIA CORREIA/RN;931528;401;Material;931528-84/2026;LABORATÓRIO Aquisição de insumos essenciais para o funcionamento do Laboratório de Análises Clínicas;Catálogo do Compras.gov.br;Material;6640;EQUIPAMENTOS E ARTIGOS DE LABORATÓRIO;19042;MEIO DE CULTURA.;473359;ASPECTO FÍSICO*: SÓLIDO, CARACTERÍSTICAS ADICIONAIS 1: PLACA 90 MM, TIPO*: ÁGAR CROMOGÊNICO PARA KPC;UN;1000,0000;4,2000;4200,0000;0,0000;21/09/2026
HOSPITAL DA MULHER PARTEIRA MARIA CORREIA/RN;931528;402;Material;931528-84/2026;LABORATÓRIO Aquisição de insumos essenciais para o funcionamento do Laboratório de Análises Clínicas;Catálogo do Compras.gov.br;Material;6640;EQUIPAMENTOS E ARTIGOS DE LABORATÓRIO;19042;MEIO DE CULTURA.;473359;ASPECTO FÍSICO*: SÓLIDO, CARACTERÍSTICAS ADICIONAIS 1: PLACA 90 MM, TIPO*: ÁGAR CROMOGÊNICO PARA KPC;UN;1000,0000;4,2000;4200,0000;0,0000;21/09/2026
HOSPITAL DA MULHER PARTEIRA MARIA CORREIA/RN;931528;403;Material;931528-84/2026;LABORATÓRIO Aquisição de insumos essenciais para o funcionamento do Laboratório de Análises Clínicas;Catálogo do Compras.gov.br;Material;6640;EQUIPAMENTOS E ARTIGOS DE LABORATÓRIO;19042;MEIO DE CULTURA.;473359;ASPECTO FÍSICO*: SÓLIDO, CARACTERÍSTICAS ADICIONAIS 1: PLACA 90 MM, TIPO*: ÁGAR CROMOGÊNICO PARA KPC;UN;1000,0000;4,2000;4200,0000;0,0000;21/09/2026
HOSPITAL DA MULHER PARTEIRA MARIA CORREIA/RN;931528;404;Material;931528-84/2026;LABORATÓRIO Aquisição de insumos essenciais para o funcionamento do Laboratório de Análises Clínicas;Catálogo do Compras.gov.br;Material;6640;EQUIPAMENTOS E ARTIGOS DE LABORATÓRIO;18913;MEIO DE CULTURA;618671;APRESENTAÇÃO: LÍQUIDO, CARACTERÍSTICA ADICIONAL: TUBO 13X100MM, TIPO: CALDO TETRATIONATO;UN;1000,0000;5,0000;5000,0000;0,0000;21/09/2026
HOSPITAL DA MULHER PARTEIRA MARIA CORREIA/RN;931528;405;Material;931528-84/2026;LABORATÓRIO Aquisição de insumos essenciais para o funcionamento do Laboratório de Análises Clínicas;Catálogo do Compras.gov.br;Material;6640;EQUIPAMENTOS E ARTIGOS DE LABORATÓRIO;7094;ESTANTE TUBO ENSAIO;438222;CAPACIDADE*: ATÉ 40 UNIDADES, DIÂMETRO TUBO: PARA TUBOS ATÉ 15, MATERIAL: ARAME REVESTIDO EM PVC;UN;10,0000;23,8500;238,5000;0,0000;21/09/2026
HOSPITAL DA MULHER PARTEIRA MARIA CORREIA/RN;931528;406;Material;931528-84/2026;LABORATÓRIO Aquisição de insumos essenciais para o funcionamento do Laboratório de Análises Clínicas;Catálogo do Compras.gov.br;Material;6640;EQUIPAMENTOS E ARTIGOS DE LABORATÓRIO;4352;CÂMARA CONTAGEM;410860;MATERIAL: VIDRO, PROFUNDIDADE: PROFUNDIDADE CERCA DE 0,2, TIPO: FUCHS ROSENTAL;UN;2,0000;350,0000;700,0000;0,0000;21/09/2026
HOSPITAL DA MULHER PARTEIRA MARIA CORREIA/RN;931528;407;Material;931528-84/2026;LABORATÓRIO Aquisição de insumos essenciais para o funcionamento do Laboratório de Análises Clínicas;Catálogo do Compras.gov.br;Material;6640;EQUIPAMENTOS E ARTIGOS DE LABORATÓRIO;4352;CÂMARA CONTAGEM;411380;CARACTERÍSTICA ADICIONAL: ESPELHADA, MATERIAL: VIDRO, PROFUNDIDADE: PROFUNDIDADE CERCA DE 0,1, TIPO: NEUBAUER;UN;1,0000;250,0000;250,0000;0,0000;21/09/2026
HOSPITAL DA MULHER PARTEIRA MARIA CORREIA/RN;931528;408;Serviço;931528-83/2026;Contratação de empresa para serviço de Locação de equipamentos da área de saúde do tipo Equipamentos;Catálogo do Compras.gov.br;Material;6640;EQUIPAMENTOS E ARTIGOS DE LABORATÓRIO;17911;CABINE SEGURANÇA BIOLÓGICA;452875;CLASSE: CLASSE II, COMPONENTES: JANELA CORREDIÇA,LÂMPADA GERMICIDA,LUZ INTERNA, FLUXO DE AR: RECIRCULAÇÃO 70% DE AR, MATERIAL: AÇO INOX, TIPO: TIPO A2, TIPO EXAUSTOR: EXAUSTÃO AMBIENTE EXTERNO, TIPO FILTRO: FILTRO HEPA EXAUSTÃO E INSUFLAÇÃO;UN;1,0000;35000,0000;35000,0000;0,0000;21/09/2026
HOSPITAL DA MULHER PARTEIRA MARIA CORREIA/RN;931528;409;Serviço;931528-83/2026;Contratação de empresa para serviço de Locação de equipamentos da área de saúde do tipo Equipamentos;Catálogo do Compras.gov.br;Material;6640;EQUIPAMENTOS E ARTIGOS DE LABORATÓRIO;4681;ESTUFA LABORATÓRIO;436701;ADICIONAL: C/ VEDAÇÃO, AJUSTE: AJUSTE DIGITAL,C/ PAINEL DE CONTROLE, PROGRAMÁVEL, CAPACIDADE: CERCA DE 50, COMPONENTES: C/ ATÉ 2 BANDEJAS, PORTA VIDRO INTERNA, MATERIAL*: GABINETE AÇO INOX, TEMPERATURA: ATÉ 70;UN;1,0000;5000,0000;5000,0000;0,0000;21/09/2026
HOSPITAL DA MULHER PARTEIRA MARIA CORREIA/RN;931528;416;Serviço;931528-76/2026;PATRIMÔNIO - Dedetização. A presente solicitação tem como finalidade a contratação de serviços de De;Catálogo do Compras.gov.br;Serviço;943;SERVIÇOS DE SANEAMENTO E SERVIÇOS SIMILARES;;;3417;DESINSETIZAÇÃO / DESRATIZAÇÃO / DEDETIZAÇÃO;-;12,0000;12291,0300;147492,3600;0,0000;21/12/2026
HOSPITAL DA MULHER PARTEIRA MARIA CORREIA/RN;931528;410;Material;931528-82/2026;PATRIMÔNIO - Equipamentos Segurança, prevenção e combate a Incêndio.;Catálogo do Compras.gov.br;Material;6640;EQUIPAMENTOS E ARTIGOS DE LABORATÓRIO;13722;LUVA SEGURANÇA;232378;APLICAÇÃO: SEGURANÇA E PROTEÇÃO INDIVIDUAL., CARACTERÍSTICAS ADICIONAIS: RESISTE ATÉ 320°C POR ATÉ 4 SEGUNDOS, MATERIAL: TECIDO ALGODÃO ESPECIAL / KEVLAR, TAMANHO: ÚNICO;UN;2,0000;164,8500;329,7000;0,0000;21/09/2026
HOSPITAL DA MULHER PARTEIRA MARIA CORREIA/RN;931528;411;Serviço;931528-81/2026;ALMOXARIFADO CME -SERVIÇO MANUTENÇÃO AUTOCLAVE;Catálogo do Compras.gov.br;Serviço;871;SERVIÇOS DE MANUTENÇÃO E REPARO DE PRODUTOS FABRICADOS DE METAL,MAQUINARIA E EQUIPAMENTOS;;;2461;MANUTENÇÃO DE AUTOCLAVES;-;12,0000;3936,0000;47232,0000;0,0000;21/12/2026
HOSPITAL DA MULHER PARTEIRA MARIA CORREIA/RN;931528;412;Serviço;931528-79/2026;PATRIMÔNIO - EXTINTORES: MANUTENÇÃO E RECARGAEXTINTORES;Catálogo do Compras.gov.br;Serviço;872;SERVIÇOS DE REPARO DE OUTROS BENS;;;3662;MANUTENÇÃO EXTINTORES / MANGUEIRAS - COMBATE INCÊNDIO;-;12,0000;5007,4000;60088,8000;0,0000;21/09/2026
HOSPITAL DA MULHER PARTEIRA MARIA CORREIA/RN;931528;413;Serviço;931528-80/2026;PATRIMÔNIO - Lavanderia - Manutenção corretiva e preditiva de máquinas e equipamentos da lavanderia;Catálogo do Compras.gov.br;Serviço;872;SERVIÇOS DE REPARO DE OUTROS BENS;;;13005;MANUTENÇÃO DE LAVANDERIA HOSPITALAR / INDUSTRIAL;-;12,0000;6626,1500;79513,8000;0,0000;21/09/2026
HOSPITAL DA MULHER PARTEIRA MARIA CORREIA/RN;931528;414;Serviço;931528-78/2026;PATRIMÔNIO - TI - Serviços;Catálogo do Compras.gov.br;Serviço;181;SERVICOS DE ARRENDAMENTO MERCANTIL, FINANCEIRO E OPERACIONAL;;;27618;ALUGUEL DE IMPRESSORA / MULTIFUNCIONAL / PLOTTER /SCANNER;-;12,0000;10800,0000;129600,0000;0,0000;21/09/2026
HOSPITAL DA MULHER PARTEIRA MARIA CORREIA/RN;931528;415;Serviço;931528-77/2026;PATRIMÔNIO - Serviços Administrativos;Catálogo do Compras.gov.br;Serviço;911;SERVIÇOS ADMINISTRATIVOS DO GOVERNO;;;;;-;0,0000;0,0000;244000,0800;0,0000;21/12/2026
HOSPITAL DA MULHER PARTEIRA MARIA CORREIA/RN;931528;417;Serviço;931528-75/2026;PATRIMÔNIO - Ar Medicinal. A presente solicitação tem como finalidade a contratação de serviços de m;Catálogo do Compras.gov.br;Serviço;871;SERVIÇOS DE MANUTENÇÃO E REPARO DE PRODUTOS FABRICADOS DE METAL,MAQUINARIA E EQUIPAMENTOS;;;19429;INSTALAÇÃO / MANUTENÇÃO - SISTEMA AR COMPRIMIDO;-;12,0000;1158,8800;13906,5600;0,0000;21/12/2026
HOSPITAL DA MULHER PARTEIRA MARIA CORREIA/RN;931528;419;Material;931528-73/2026;PATRIMÔNIO - Aquisição Bens Mobiliário e outros;Catálogo do Compras.gov.br;Material;8315;MIUDEZAS E AVIAMENTOS PARA COSTURA;7152;ESTOJO DE COSTURA;;;-;0,0000;0,0000;1300,0000;0,0000;21/09/2026
HOSPITAL DA MULHER PARTEIRA MARIA CORREIA/RN;931528;420;Material;931528-73/2026;PATRIMÔNIO - Aquisição Bens Mobiliário e outros;Catálogo do Compras.gov.br;Material;8315;MIUDEZAS E AVIAMENTOS PARA COSTURA;1576;BOTÃO VESTUÁRIO;378258;COR: INCOLOR, DIÂMETRO: 17, FORMATO: REDONDO, MATERIAL: RESINA, MODELO: COM FURO, QUANTIDADE FUROS: 2;PCT;2,0000;70,0000;140,0000;0,0000;21/09/2026
HOSPITAL DA MULHER PARTEIRA MARIA CORREIA/RN;931528;421;Material;931528-73/2026;PATRIMÔNIO - Aquisição Bens Mobiliário e outros;Catálogo do Compras.gov.br;Material;8450;VESTUÁRIO INFANTO-JUVENIL E COMPLEMENTOS;4071;CADARÇO;459034;COMPRIMENTO: 100, ESPESSURA: 10, LARGURA: 10, MATERIAL: ALGODÃO CRÚ;UN;100,0000;4,1900;419,0000;0,0000;21/09/2026
HOSPITAL DA MULHER PARTEIRA MARIA CORREIA/RN;931528;422;Material;931528-73/2026;PATRIMÔNIO - Aquisição Bens Mobiliário e outros;Catálogo do Compras.gov.br;Material;8315;MIUDEZAS E AVIAMENTOS PARA COSTURA;1537;ZÍPER;624400;COR: BRANCA;PCT;10,0000;17,9900;179,9000;0,0000;21/09/2026
HOSPITAL DA MULHER PARTEIRA MARIA CORREIA/RN;931528;423;Material;931528-73/2026;PATRIMÔNIO - Aquisição Bens Mobiliário e outros;Catálogo do Compras.gov.br;Material;8440;MEIAS, LUVAS E OUTROS COMPLEMENTOS DO VESTUARIO MASCULINO;9581;MEIA VESTUÁRIO MASCULINO;617437;CARACTERÍSTICAS ADICIONAIS: CANO MÉDIO, COR: BRANCA, MATERIAL: 70% ALGODAO 25% POLIAMIDA E 5% ELASTODIENO, TAMANHO: ÚNICO, TIPO: ESPORTIVA;P;100,0000;12,6000;1260,0000;0,0000;21/09/2026
HOSPITAL DA MULHER PARTEIRA MARIA CORREIA/RN;931528;445;Material;931528-72/2026;ALMOXARIFADO Aquisição de materiais de limpeza e higiene, materiais de expediente administrativo e m;Catálogo do Compras.gov.br;Material;8040;ADESIVOS;10792;PISTOLA APLICADORA;614153;APLICAÇÃO: REVESTIMENTO EMBALAGENS, POTÊNCIA: 147, TEMPERATURA TRABALHO: 205, TIPO: PISTOLA COLA QUENTE, VAZÃO: 10;UN;10,0000;35,9000;359,0000;0,0000;21/09/2026
HOSPITAL DA MULHER PARTEIRA MARIA CORREIA/RN;931528;446;Material;931528-72/2026;ALMOXARIFADO Aquisição de materiais de limpeza e higiene, materiais de expediente administrativo e m;Catálogo do Compras.gov.br;Material;8105;SACOS E BOLSAS;11902;SACO;309529;ALTURA: 35, CARACTERÍSTICAS ADICIONAIS: BOBINA PICOTADA, COR: INCOLOR, ESPESSURA: 0,04, LARGURA: 20, MATERIAL: PLÁSTICO, TRANSMITÂNCIA: TRANSPARENTE;BOB;4,0000;62,1900;248,7600;0,0000;21/09/2026
HOSPITAL DA MULHER PARTEIRA MARIA CORREIA/RN;931528;447;Material;931528-72/2026;ALMOXARIFADO Aquisição de materiais de limpeza e higiene, materiais de expediente administrativo e m;Catálogo do Compras.gov.br;Material;8105;SACOS E BOLSAS;11902;SACO;474919;ALTURA: 30, ESPESSURA: 0,10, LARGURA: 15, MATERIAL: PLÁSTICO POLIETILENO, TRANSMITÂNCIA: TRANSPARENTE;EMB;1500,0000;39,9000;59850,0000;0,0000;21/09/2026
HOSPITAL DA MULHER PARTEIRA MARIA CORREIA/RN;931528;448;Material;931528-72/2026;ALMOXARIFADO Aquisição de materiais de limpeza e higiene, materiais de expediente administrativo e m;Catálogo do Compras.gov.br;Material;8105;SACOS E BOLSAS;11902;SACO;460146;ALTURA: 80, GRAMATURA: 0,20, LARGURA: 50, MATERIAL: PLÁSTICO, TRANSMITÂNCIA: TRANSPARENTE;EMB;24,0000;190,0000;4560,0000;0,0000;21/09/2026
HOSPITAL DA MULHER PARTEIRA MARIA CORREIA/RN;931528;449;Material;931528-72/2026;ALMOXARIFADO Aquisição de materiais de limpeza e higiene, materiais de expediente administrativo e m;Catálogo do Compras.gov.br;Material;8105;SACOS E BOLSAS;11902;SACO;264021;APLICAÇÃO: ACONDICIONAMENTO DE OBJETOS VARIADOS, COMPRIMENTO: 42, COR: INCOLOR, ESPESSURA: 0,015, LARGURA: 28, MATERIAL: POLIETILENO VIRGEM, TIPO USO: ACONDICIONAMENTO DE OBJETOS VARIADOS, TRANSMITÂNCIA: TRANSPARENTE;EMB;10,0000;109,9000;1099,0000;0,0000;21/09/2026
HOSPITAL DA MULHER PARTEIRA MARIA CORREIA/RN;931528;450;Material;931528-72/2026;ALMOXARIFADO Aquisição de materiais de limpeza e higiene, materiais de expediente administrativo e m;Catálogo do Compras.gov.br;Material;8105;SACOS E BOLSAS;11902;SACO;374299;ALTURA: 25, APLICAÇÃO: LABORATORIAL, ESPESSURA: 0,6, LARGURA: 12, MATERIAL: PLÁSTICO, TRANSMITÂNCIA: TRANSPARENTE;EMB;75,0000;18,9000;1417,5000;0,0000;21/09/2026
HOSPITAL DA MULHER PARTEIRA MARIA CORREIA/RN;931528;451;Material;931528-72/2026;ALMOXARIFADO Aquisição de materiais de limpeza e higiene, materiais de expediente administrativo e m;Catálogo do Compras.gov.br;Material;8105;SACOS E BOLSAS;11902;SACO;234130;ALTURA: 45, APLICAÇÃO: ACONDICIONAMENTO, COR: INCOLOR, ESPESSURA: 0,1, LARGURA: 35, MATERIAL: PLÁSTICO, TIPO USO: GERAL, TRANSMITÂNCIA: TRANSPARENTE;EMB;20,0000;32,9000;658,0000;0,0000;21/09/2026
HOSPITAL DA MULHER PARTEIRA MARIA CORREIA/RN;931528;452;Material;931528-72/2026;ALMOXARIFADO Aquisição de materiais de limpeza e higiene, materiais de expediente administrativo e m;Catálogo do Compras.gov.br;Material;8105;SACOS E BOLSAS;11902;SACO;244292;ALTURA: 10, APLICAÇÃO: PRODUÇÃO DE MUDAS, CARACTERÍSTICAS ADICIONAIS: COM FUROS, COR: PRETO, ESPESSURA: 0,2, LARGURA: 20, MATERIAL: PLÁSTICO, TIPO USO: PRODUÇÃO PLANTIO MUDAS;PCT;24,0000;34,0000;816,0000;0,0000;21/09/2026
HOSPITAL DA MULHER PARTEIRA MARIA CORREIA/RN;931528;453;Material;931528-72/2026;ALMOXARIFADO Aquisição de materiais de limpeza e higiene, materiais de expediente administrativo e m;Catálogo do Compras.gov.br;Material;8105;SACOS E BOLSAS;11903;SACO PLÁSTICO LIXO;226092;ALTURA: 62, CAPACIDADE: 30, COR: PRETA, LARGURA: 59, APRESENTAÇÃO: PEÇA ÚNICA;FD;140,0000;86,0000;12040,0000;0,0000;21/09/2026
HOSPITAL DA MULHER PARTEIRA MARIA CORREIA/RN;931528;454;Material;931528-72/2026;ALMOXARIFADO Aquisição de materiais de limpeza e higiene, materiais de expediente administrativo e m;Catálogo do Compras.gov.br;Material;8105;SACOS E BOLSAS;11903;SACO PLÁSTICO LIXO;372616;CAPACIDADE: 50, COR: PRETA;FD;140,0000;156,0000;21840,0000;0,0000;21/09/2026
HOSPITAL DA MULHER PARTEIRA MARIA CORREIA/RN;931528;455;Material;931528-72/2026;ALMOXARIFADO Aquisição de materiais de limpeza e higiene, materiais de expediente administrativo e m;Catálogo do Compras.gov.br;Material;8105;SACOS E BOLSAS;11903;SACO PLÁSTICO LIXO;226094;ALTURA: 100, CAPACIDADE: 100, COR: PRETA, LARGURA: 80, APRESENTAÇÃO: PEÇA ÚNICA;FD;160,0000;145,0000;23200,0000;0,0000;21/09/2026
HOSPITAL DA MULHER PARTEIRA MARIA CORREIA/RN;931528;456;Material;931528-72/2026;ALMOXARIFADO Aquisição de materiais de limpeza e higiene, materiais de expediente administrativo e m;Catálogo do Compras.gov.br;Material;8105;SACOS E BOLSAS;11903;SACO PLÁSTICO LIXO;471943;ALTURA: 75, APLICAÇÃO: RESÍDUOS COMUNS DIVERSOS, CAPACIDADE: 40, CARACTERÍSTICAS ADICIONAIS: REFORÇADO, COR: PRETA, ESPESSURA: 4 MICRA, LARGURA: 65, MATERIAL: POLIETILENO;FD;120,0000;10,8200;1298,4000;0,0000;21/09/2026
HOSPITAL DA MULHER PARTEIRA MARIA CORREIA/RN;931528;457;Material;931528-72/2026;ALMOXARIFADO Aquisição de materiais de limpeza e higiene, materiais de expediente administrativo e m;Catálogo do Compras.gov.br;Material;8105;SACOS E BOLSAS;11903;SACO PLÁSTICO LIXO;233909;ALTURA: 200, CAPACIDADE: 200, COR: PRETA, LARGURA: 80, APRESENTAÇÃO: PEÇA ÚNICA;FD;140,0000;158,0000;22120,0000;0,0000;21/09/2026
HOSPITAL DA MULHER PARTEIRA MARIA CORREIA/RN;931528;458;Material;931528-72/2026;ALMOXARIFADO Aquisição de materiais de limpeza e higiene, materiais de expediente administrativo e m;Catálogo do Compras.gov.br;Material;8105;SACOS E BOLSAS;11903;SACO PLÁSTICO LIXO;353773;ALTURA: 57, APLICAÇÃO: HOSPITALAR, CAPACIDADE: 50, COR: BRANCO LEITOSO, LARGURA: 70, MATERIAL: POLIETILENO ALTA DENSIDADE;FD;160,0000;75,0000;12000,0000;0,0000;21/09/2026
HOSPITAL DA MULHER PARTEIRA MARIA CORREIA/RN;931528;459;Material;931528-72/2026;ALMOXARIFADO Aquisição de materiais de limpeza e higiene, materiais de expediente administrativo e m;Catálogo do Compras.gov.br;Material;8105;SACOS E BOLSAS;11903;SACO PLÁSTICO LIXO;353776;ALTURA: 105, APLICAÇÃO: HOSPITALAR, CAPACIDADE: 100, COR: BRANCO LEITOSO, LARGURA: 75, MATERIAL: POLIETILENO ALTA DENSIDADE;FD;140,0000;99,3200;13904,8000;0,0000;21/09/2026
HOSPITAL DA MULHER PARTEIRA MARIA CORREIA/RN;931528;460;Material;931528-72/2026;ALMOXARIFADO Aquisição de materiais de limpeza e higiene, materiais de expediente administrativo e m;Catálogo do Compras.gov.br;Material;8105;SACOS E BOLSAS;11902;SACO;338994;APLICAÇÃO: ACONDICIONAMENTO DE ALIMENTOS, CAPACIDADE: 1, MATERIAL: PAPEL;PCT;60,0000;26,0000;1560,0000;0,0000;21/09/2026
HOSPITAL DA MULHER PARTEIRA MARIA CORREIA/RN;931528;461;Material;931528-72/2026;ALMOXARIFADO Aquisição de materiais de limpeza e higiene, materiais de expediente administrativo e m;Catálogo do Compras.gov.br;Material;8105;SACOS E BOLSAS;11902;SACO;350420;ALTURA: 50, APLICAÇÃO: ACONDICIONAMENTO DE ALIMENTOS, CAPACIDADE: 3, CARACTERÍSTICAS ADICIONAIS: BOBINA PICOTADA, ESPESSURA: 0,04, LARGURA: 38, MATERIAL: PLÁSTICO;PCT;60,0000;28,0000;1680,0000;0,0000;21/09/2026
HOSPITAL DA MULHER PARTEIRA MARIA CORREIA/RN;931528;462;Material;931528-72/2026;ALMOXARIFADO Aquisição de materiais de limpeza e higiene, materiais de expediente administrativo e m;Catálogo do Compras.gov.br;Material;8105;SACOS E BOLSAS;11902;SACO;307144;ALTURA: 45, APLICAÇÃO: ACONDICIONAMENTO DE ALIMENTOS, CAPACIDADE: 5, LARGURA: 35, MATERIAL: PLÁSTICO TRANSPARENTE;PCT;60,0000;32,0000;1920,0000;0,0000;21/09/2026
HOSPITAL DA MULHER PARTEIRA MARIA CORREIA/RN;931528;463;Material;931528-72/2026;ALMOXARIFADO Aquisição de materiais de limpeza e higiene, materiais de expediente administrativo e m;Catálogo do Compras.gov.br;Material;8040;ADESIVOS;13894;COLA;312299;APLICAÇÃO: PAPEL, CARACTERÍSTICAS ADICIONAIS: SECAGEM RÁPIDA, COMPOSIÇÃO: POLIVINIL ACETATO - PVA, TIPO: BASTÃO;CX;30,0000;31,2900;938,7000;0,0000;21/09/2026
HOSPITAL DA MULHER PARTEIRA MARIA CORREIA/RN;931528;464;Material;931528-72/2026;ALMOXARIFADO Aquisição de materiais de limpeza e higiene, materiais de expediente administrativo e m;Catálogo do Compras.gov.br;Material;8105;SACOS E BOLSAS;11903;SACO PLÁSTICO LIXO;375948;CAPACIDADE: 200, CARACTERÍSTICAS ADICIONAIS: COM SIMBOLOGIA DE SUBSTÂNCIA INFECTANTE, COR: BRANCO LEITOSO, MATERIAL: POLIETILENO, NORMAS TÉCNICAS: NBR 7500, NBR 9191;FD;120,0000;187,5300;22503,6000;0,0000;21/09/2026
HOSPITAL DA MULHER PARTEIRA MARIA CORREIA/RN;931528;465;Material;931528-72/2026;ALMOXARIFADO Aquisição de materiais de limpeza e higiene, materiais de expediente administrativo e m;Catálogo do Compras.gov.br;Material;8105;SACOS E BOLSAS;11903;SACO PLÁSTICO LIXO;;;-;0,0000;0,0000;500000,0000;0,0000;21/09/2026
HOSPITAL DA MULHER PARTEIRA MARIA CORREIA/RN;931528;466;Material;931528-71/2026;ALMOXARIFADO Aquisição de materiais de limpeza e higiene, materiais de expediente administrativo e m;Catálogo do Compras.gov.br;Material;7930;COMPOSTOS E PREPARADOS PARA LIMPEZA E POLIMENTO;2166;ÁGUA SANITÁRIA;310507;COMPOSIÇÃO QUÍMICA: HIPOCLORITO DE SÓDIO, HIDRÓXIDO DE SÓDIO, CLORETO, COR: INCOLOR, TIPO: COMUM, APLICAÇÃO: LAVAGEM E ALVEJANTE DE ROUPAS, BANHEIRAS, PIAS,;GRF;960,0000;13,0900;12566,4000;0,0000;21/09/2026
HOSPITAL DA MULHER PARTEIRA MARIA CORREIA/RN;931528;467;Material;931528-71/2026;ALMOXARIFADO Aquisição de materiais de limpeza e higiene, materiais de expediente administrativo e m;Catálogo do Compras.gov.br;Material;7930;COMPOSTOS E PREPARADOS PARA LIMPEZA E POLIMENTO;11200;SOLUÇÃO LIMPEZA MULTIUSO;454030;ASPECTO FÍSICO: LÍQUIDO, CARACTERÍSTICAS ADICIONAIS: TAMPA DOSADORA DE FLUXO, COMPOSIÇÃO BÁSICA: ÁLCOOL, PROPILENO GLICOL, PERFUME, LINALOOL;GL;60,0000;26,0000;1560,0000;0,0000;21/09/2026
HOSPITAL DA MULHER PARTEIRA MARIA CORREIA/RN;931528;468;Material;931528-71/2026;ALMOXARIFADO Aquisição de materiais de limpeza e higiene, materiais de expediente administrativo e m;Catálogo do Compras.gov.br;Material;7930;COMPOSTOS E PREPARADOS PARA LIMPEZA E POLIMENTO;15022;SAPONÁCEO;236605;APLICAÇÃO: LIMPEZA PISOS, PAREDES E LOUÇAS, CARACTERÍSTICAS ADICIONAIS: BIODEGRADÁVEL, COMPOSIÇÃO: DETERGENTE;FR;260,0000;12,2900;3195,4000;0,0000;21/09/2026
HOSPITAL DA MULHER PARTEIRA MARIA CORREIA/RN;931528;469;Material;931528-71/2026;ALMOXARIFADO Aquisição de materiais de limpeza e higiene, materiais de expediente administrativo e m;Catálogo do Compras.gov.br;Material;7930;COMPOSTOS E PREPARADOS PARA LIMPEZA E POLIMENTO;11865;SABÃO PÓ;600612;ASPECTO FÍSICO: PÓ, CARACTERÍSTICAS ADICIONAIS: AMARELO, UTIIZADO EM LIMPEZA EM GERAL, COMPOSIÇÃO: ÁCIDOS GRAXOS VEGETAIS, ÁLCALIS, SULFATO, CARBONA;CX;400,0000;12,1800;4872,0000;0,0000;21/09/2026
HOSPITAL DA MULHER PARTEIRA MARIA CORREIA/RN;931528;470;Material;931528-71/2026;ALMOXARIFADO Aquisição de materiais de limpeza e higiene, materiais de expediente administrativo e m;Catálogo do Compras.gov.br;Material;7930;COMPOSTOS E PREPARADOS PARA LIMPEZA E POLIMENTO;6136;DETERGENTE;620665;APLICAÇÃO: LIMPEZA EM GERAL, AROMA: NEUTRO, ASPECTO FÍSICO: LÍQUIDO, CARACTERÍSTICAS ADICIONAIS: PH ENTRE 6,0 E 8,0,SOLUCAO A 1% P/P, COMPONENTE ATIVO: ALQUIL BENZENO,SULFONATO DE SODIO,TEOR MINIMO DE, COMPOSIÇÃO: TENSAOTIVOS ANIÔNICOS/COADJUVANTES/PRESERVANTES;EMB;450,0000;49,5800;22311,0000;0,0000;21/09/2026
HOSPITAL DA MULHER PARTEIRA MARIA CORREIA/RN;931528;471;Material;931528-71/2026;ALMOXARIFADO Aquisição de materiais de limpeza e higiene, materiais de expediente administrativo e m;Catálogo do Compras.gov.br;Material;7930;COMPOSTOS E PREPARADOS PARA LIMPEZA E POLIMENTO;6136;DETERGENTE;618314;AROMA: NEUTRO, ASPECTO FÍSICO: LÍQUIDO VISCOSO, COMPOSIÇÃO: TENSOATIVO ANIÔNICO, BIODEGRADÁVEL, PH: 6,5 7,5, C;EMB;400,0000;5,0000;2000,0000;0,0000;21/09/2026
HOSPITAL DA MULHER PARTEIRA MARIA CORREIA/RN;931528;472;Material;931528-71/2026;ALMOXARIFADO Aquisição de materiais de limpeza e higiene, materiais de expediente administrativo e m;Catálogo do Compras.gov.br;Material;7930;COMPOSTOS E PREPARADOS PARA LIMPEZA E POLIMENTO;8847;LIMPA-VIDRO;470966;ASPECTO FÍSICO: LÍQUIDO, CARACTERÍSTICAS ADICIONAIS: EMULSIFICANTE, CORANTE, SOLVENTES, COMPOSIÇÃO:  ALQUIL BENZENO SULFÔNICO, ALCALINIZANTE, SEQUESTR;EMB;960,0000;11,0000;10560,0000;0,0000;21/09/2026
HOSPITAL DA MULHER PARTEIRA MARIA CORREIA/RN;931528;473;Material;931528-71/2026;ALMOXARIFADO Aquisição de materiais de limpeza e higiene, materiais de expediente administrativo e m;Catálogo do Compras.gov.br;Material;7930;COMPOSTOS E PREPARADOS PARA LIMPEZA E POLIMENTO;11200;SOLUÇÃO LIMPEZA MULTIUSO;317239;ASPECTO FÍSICO: LÍQUIDO, CARACTERÍSTICAS ADICIONAIS: DESENGRAXANTE ALCALINO, EBMEG, PRESERVANTE BACTERI, COMPOSIÇÃO BÁSICA: TENSOATIVO CATIÔNICO, NÃO-IÔNICO, ALCALINIZANTE, TIPO USO: PROTETOR DE SUPERFÍCIE E INIBIDOR DE CORROSÃO, APLICAÇÃO: AUTOCLAVE;FR;220,0000;5,3000;1166,0000;0,0000;21/09/2026
HOSPITAL DA MULHER PARTEIRA MARIA CORREIA/RN;931528;474;Material;931528-71/2026;ALMOXARIFADO Aquisição de materiais de limpeza e higiene, materiais de expediente administrativo e m;Catálogo do Compras.gov.br;Material;7930;COMPOSTOS E PREPARADOS PARA LIMPEZA E POLIMENTO;715;ÁLCOOL ETÍLICO LIMPEZA DE AMBIENTES;481012;APLICAÇÃO: LIMPEZA, CARACTERÍSTICAS ADICIONAIS: LÍQUIDO, CONCENTRAÇÃO: 70%, TIPO: ETÍLICO;GL;360,0000;7,1500;2574,0000;0,0000;21/09/2026
HOSPITAL DA MULHER PARTEIRA MARIA CORREIA/RN;931528;475;Material;931528-71/2026;ALMOXARIFADO Aquisição de materiais de limpeza e higiene, materiais de expediente administrativo e m;Catálogo do Compras.gov.br;Material;7930;COMPOSTOS E PREPARADOS PARA LIMPEZA E POLIMENTO;13772;LUSTRADOR MÓVEIS;472871;APLICAÇÃO: MÓVEIS E SUPERFÍCIES LISAS, AROMA: LAVANDA, ASPECTO FÍSICO: PASTOSO, COMPONENTES: CERA MICROCRISTALINA, ÓLEO PARAFÍNICO, SILICONE, A;FR;280,0000;9,6000;2688,0000;0,0000;21/09/2026
HOSPITAL DA MULHER PARTEIRA MARIA CORREIA/RN;931528;476;Material;931528-71/2026;ALMOXARIFADO Aquisição de materiais de limpeza e higiene, materiais de expediente administrativo e m;Catálogo do Compras.gov.br;Material;7930;COMPOSTOS E PREPARADOS PARA LIMPEZA E POLIMENTO;2387;AMACIANTE DE ROUPA;373115;ASPECTO FÍSICO: LÍQUIDO VISCOSO, CARACTERÍSTICAS ADICIONAIS: PH (PURO) 3,0 A 3,6 /, COMPOSIÇÃO: CLORETO DE DIALQUILDIMETILAMÔNIO;BOM;60,0000;717,0100;43020,6000;0,0000;21/09/2026
HOSPITAL DA MULHER PARTEIRA MARIA CORREIA/RN;931528;477;Material;931528-71/2026;ALMOXARIFADO Aquisição de materiais de limpeza e higiene, materiais de expediente administrativo e m;Catálogo do Compras.gov.br;Material;7930;COMPOSTOS E PREPARADOS PARA LIMPEZA E POLIMENTO;6136;DETERGENTE;390358;APLICAÇÃO: LAVAGEM DE ROUPAS, AROMA: NEUTRO, ASPECTO FÍSICO: LÍQUIDO, CARACTERÍSTICAS ADICIONAIS: BAIXO TEOR DE ESPUMA, COMPOSIÇÃO: TENSOATIVOS ANIÔNICOS, AGENTES ANTIREDEPOSITANTES,;BOM;102,0000;856,0100;87313,0200;0,0000;21/09/2026
HOSPITAL DA MULHER PARTEIRA MARIA CORREIA/RN;931528;478;Material;931528-71/2026;ALMOXARIFADO Aquisição de materiais de limpeza e higiene, materiais de expediente administrativo e m;Catálogo do Compras.gov.br;Material;7930;COMPOSTOS E PREPARADOS PARA LIMPEZA E POLIMENTO;6136;DETERGENTE;317367;ASPECTO FÍSICO: LÍQUIDO OPACO, CARACTERÍSTICAS ADICIONAIS: PH (1%) 11,70 A 13,70%, ALCALINIDADE LIVRE NAOH 44, COMPOSIÇÃO: HIDRÓXIDO DE SÓDIO,TENSOATIVO NÃO-IÔNICO,ÁCIDO FOS, DENSIDADE A 25° CELSIUS: 1,48 A 1,52;BOM;108,0000;1000,0100;108001,0800;0,0000;21/09/2026
HOSPITAL DA MULHER PARTEIRA MARIA CORREIA/RN;931528;479;Material;931528-70/2026;PATRIMÔNIO - MANUTENÇÃO - Aquisição de Materiais;Catálogo do Compras.gov.br;Material;7230;TAPEÇARIAS, CORTINAS E PERSIANAS;759;FORRO GESSO;374954;ACABAMENTO SUPERFICIAL: NATURAL, APRESENTAÇÃO: GESSO ACARTONADO, COMPRIMENTO: 60, ESPESSURA: 12,50, LARGURA: 60, MATERIAL: SULFATO DE CÁLCIO;UN;100,0000;98,1200;9812,0000;0,0000;21/09/2026
HOSPITAL DA MULHER PARTEIRA MARIA CORREIA/RN;931528;481;Material;931528-68/2026;PATRIMÔNIO - Aquisição Bens Mobiliário e outros;Catálogo do Compras.gov.br;Material;6625;INSTRUMENTO DE TESTE E DE MEDIÇÃO DE PROPRIEDADES ELÉTRICAS E ELETRÔNICAS;10230;OSCILOSCÓPIO;484406;ALIMENTAÇÃO: 100-240, LARGURA FAIXA: 100, MATERIAL CORPO: METAL, MATERIAL REVESTIMENTO EXTERNO: PLÁSTICO, QUANTIDADE CANAIS: 2, TIPO: DIGITAL, TIPO TELA: COLORIDA;UN;1,0000;3255,5500;3255,5500;0,0000;21/12/2026
HOSPITAL DA MULHER PARTEIRA MARIA CORREIA/RN;931528;645;Serviço;931528-59/2026;FARMÁCIA Contratação de empresa especializada em serviços de Manutenção Preventiva e Corretiva, com;Catálogo do Compras.gov.br;Material;6530;MOBILIÁRIO, EQUIPAMENTOS, UTENSÍLIOS E  SUPRIMENTOS  HOSPITALARES;;;;;-;0,0000;0,0000;24419,8800;0,0000;21/09/2026
HOSPITAL DA MULHER PARTEIRA MARIA CORREIA/RN;931528;482;Material;931528-67/2026;PATRIMONIO - CEQUIP Aquisição de equipamentos hospitalares;Catálogo do Compras.gov.br;Material;7810;EQUIPAMENTO PARA ATLETISMO E DESPORTO;4405;CANELEIRA;251576;CARACTERÍSTICAS ADICIONAIS: REGULÁVEL, COR: AZUL, MATERIAL: BORRACHA, PESO: 0,50, TAMANHO: M, TIPO: SIMPLES, USO: GINÁSTICA;PAR;4,0000;35,9000;143,6000;0,0000;21/09/2026
HOSPITAL DA MULHER PARTEIRA MARIA CORREIA/RN;931528;483;Material;931528-67/2026;PATRIMONIO - CEQUIP Aquisição de equipamentos hospitalares;Catálogo do Compras.gov.br;Material;7810;EQUIPAMENTO PARA ATLETISMO E DESPORTO;4405;CANELEIRA;229744;CARACTERÍSTICAS ADICIONAIS: REGULÁVEL, COR: AZUL, MATERIAL: BORRACHA, PESO: 2, TAMANHO: M, TIPO: SIMPLES, USO: GINÁSTICA;PAR;4,0000;43,9000;175,6000;0,0000;21/09/2026
HOSPITAL DA MULHER PARTEIRA MARIA CORREIA/RN;931528;484;Material;931528-67/2026;PATRIMONIO - CEQUIP Aquisição de equipamentos hospitalares;Catálogo do Compras.gov.br;Material;7810;EQUIPAMENTO PARA ATLETISMO E DESPORTO;4405;CANELEIRA;229743;CARACTERÍSTICAS ADICIONAIS: REGULÁVEL, COR: AZUL, MATERIAL: BORRACHA, PESO: 1, TAMANHO: M, TIPO: SIMPLES, USO: GINÁSTICA;PAR;4,0000;39,9000;159,6000;0,0000;21/09/2026
HOSPITAL DA MULHER PARTEIRA MARIA CORREIA/RN;931528;485;Material;931528-67/2026;PATRIMONIO - CEQUIP Aquisição de equipamentos hospitalares;Catálogo do Compras.gov.br;Material;7830;EQUIPAMENTO PARA GINÁSTICA E RECREAÇÃO;8166;HALTERE;627093;APLICAÇÃO: GINÁSTICA E TREINAMENTO DESPORTIVO, CARACTERÍSTICAS ADICIONAIS: RESISTENTE À ÁGUA, ÓLEOS., MATERIAL: FERRO FUNDIDO, PESO: 1, REVESTIMENTO: BORRACHA, TIPO: MACIÇO;P;4,0000;27,0000;108,0000;0,0000;21/09/2026
HOSPITAL DA MULHER PARTEIRA MARIA CORREIA/RN;931528;486;Material;931528-67/2026;PATRIMONIO - CEQUIP Aquisição de equipamentos hospitalares;Catálogo do Compras.gov.br;Material;7830;EQUIPAMENTO PARA GINÁSTICA E RECREAÇÃO;8166;HALTERE;627092;APLICAÇÃO: GINÁSTICA E TREINAMENTO DESPORTIVO, CARACTERÍSTICAS ADICIONAIS: RESISTENTE À ÁGUA, ÓLEOS., MATERIAL: FERRO FUNDIDO, PESO: 2, REVESTIMENTO: BORRACHA, TIPO: MACIÇO;P;4,0000;67,9000;271,6000;0,0000;21/09/2026
HOSPITAL DA MULHER PARTEIRA MARIA CORREIA/RN;931528;487;Material;931528-67/2026;PATRIMONIO - CEQUIP Aquisição de equipamentos hospitalares;Catálogo do Compras.gov.br;Material;7830;EQUIPAMENTO PARA GINÁSTICA E RECREAÇÃO;8166;HALTERE;379701;FORMA: GEOMÉTRICA REDONDA NAS EXTREMIDADES, MATERIAL: FERRO, PESO: 0,50, REVESTIMENTO: BORRACHA PVC - CLORETO DE POLIVINILA;P;4,0000;25,9900;103,9600;0,0000;21/09/2026
HOSPITAL DA MULHER PARTEIRA MARIA CORREIA/RN;931528;488;Material;931528-67/2026;PATRIMONIO - CEQUIP Aquisição de equipamentos hospitalares;Catálogo do Compras.gov.br;Material;7810;EQUIPAMENTO PARA ATLETISMO E DESPORTO;3676;BOLA FUTEBOL;476036;CIRCUNFERÊNCIA: 64, MATERIAL: PVC, MODELO: FUTEBOL DE CAMPO, PESO CHEIA: 315 A 325;UN;10,0000;14,9000;149,0000;0,0000;21/09/2026
HOSPITAL DA MULHER PARTEIRA MARIA CORREIA/RN;931528;489;Material;931528-67/2026;PATRIMONIO - CEQUIP Aquisição de equipamentos hospitalares;Catálogo do Compras.gov.br;Material;7830;EQUIPAMENTO PARA GINÁSTICA E RECREAÇÃO;3431;BASTÃO GINÁSTICA;401104;CARACTERÍSTICAS ADICIONAIS: MADEIRA PINHO, COMPRIMENTO: 1, DIÂMETRO EXTERNO: 2,50, MATERIAL: MADEIRA;UN;2,0000;92,9000;185,8000;0,0000;21/09/2026
HOSPITAL DA MULHER PARTEIRA MARIA CORREIA/RN;931528;490;Material;931528-67/2026;PATRIMONIO - CEQUIP Aquisição de equipamentos hospitalares;Catálogo do Compras.gov.br;Material;7830;EQUIPAMENTO PARA GINÁSTICA E RECREAÇÃO;30219;FAIXA EXERCITADORA MUSCULAR;618101;APRESENTAÇÃO: UNIDADE, COMPRIMENTO LINEAR: CERCA DE 90 CM, COR: C/ COR, INTENSIDADE DE RESISTÊNCIA: MÉDIA, LARGURA: CERCA DE 7,5 CM, MATERIAL: LÁTEX NATURAL, TIPO: BANDA CIRCULAR ELÁSTICA;UN;7,0000;23,9000;167,3000;0,0000;21/09/2026
HOSPITAL DA MULHER PARTEIRA MARIA CORREIA/RN;931528;491;Material;931528-67/2026;PATRIMONIO - CEQUIP Aquisição de equipamentos hospitalares;Catálogo do Compras.gov.br;Material;7830;EQUIPAMENTO PARA GINÁSTICA E RECREAÇÃO;30219;FAIXA EXERCITADORA MUSCULAR;618088;APRESENTAÇÃO: UNIDADE, COMPRIMENTO LINEAR: CERCA DE 80 CM, COR: C/ COR, INTENSIDADE DE RESISTÊNCIA: LEVE, LARGURA: CERCA DE 10 CM, MATERIAL: LÁTEX NATURAL, TIPO: BANDA CIRCULAR ELÁSTICA;UN;7,0000;23,9000;167,3000;0,0000;21/09/2026
HOSPITAL DA MULHER PARTEIRA MARIA CORREIA/RN;931528;538;Material;931528-66/2026;Gêneros alimentícios - não perecíveis.;Catálogo do Compras.gov.br;Material;8940;ALIMENTOS ESPECIAIS DIETÉTICOS E PREPARADOS ALIMENTÍCIOS;19696;AMIDO;459077;BASE: DE MILHO;KG;93,0000;21,2200;1973,4600;0,0000;21/12/2026
HOSPITAL DA MULHER PARTEIRA MARIA CORREIA/RN;931528;539;Material;931528-66/2026;Gêneros alimentícios - não perecíveis.;Catálogo do Compras.gov.br;Material;8940;ALIMENTOS ESPECIAIS DIETÉTICOS E PREPARADOS ALIMENTÍCIOS;14918;MINGAU INSTANTÂNEO;462479;APRESENTAÇÃO: PÓ, COMPONENTES: AMIDO, MALTODEXTRINA, VITAMINA A, B1, B3, B6, B12,;KG;50,0000;7,0900;354,5000;0,0000;21/12/2026
HOSPITAL DA MULHER PARTEIRA MARIA CORREIA/RN;931528;540;Material;931528-66/2026;Gêneros alimentícios - não perecíveis.;Catálogo do Compras.gov.br;Material;8920;PRODUTOS DE PANIFICAÇÃO E CEREAIS;19722;AVEIA BENEFICIADA;460502;APRESENTAÇÃO: EM FLOCOS GROSSOS, CLASSE: BRANCA, PRESENÇA DE GLÚTEN: CONTÉM GLÚTEN;KG;20,0000;12,9900;259,8000;0,0000;21/12/2026
HOSPITAL DA MULHER PARTEIRA MARIA CORREIA/RN;931528;541;Material;931528-66/2026;Gêneros alimentícios - não perecíveis.;Catálogo do Compras.gov.br;Material;8925;AÇÚCAR, CONFEITOS, CASTANHAS, NOZES E SIMILARES;19777;AÇÚCAR;463996;COLORAÇÃO: BRANCA, TIPO: REFINADO;EMB;500,0000;6,4900;3245,0000;0,0000;21/12/2026
HOSPITAL DA MULHER PARTEIRA MARIA CORREIA/RN;931528;542;Material;931528-66/2026;Gêneros alimentícios - não perecíveis.;Catálogo do Compras.gov.br;Material;8940;ALIMENTOS ESPECIAIS DIETÉTICOS E PREPARADOS ALIMENTÍCIOS;926;ADOÇANTE;407523;ASPECTO FÍSICO: LÍQUIDO TRANSPARENTE, CARACTERÍSTICAS ADICIONAIS: BICO DOSADOR, INGREDIENTES: SUCRALOSE, PRAZO VALIDADE: 1, TIPO: DIETÉTICO;UN;50,0000;12,7900;639,5000;0,0000;21/12/2026
HOSPITAL DA MULHER PARTEIRA MARIA CORREIA/RN;931528;543;Material;931528-66/2026;Gêneros alimentícios - não perecíveis.;Catálogo do Compras.gov.br;Material;8940;ALIMENTOS ESPECIAIS DIETÉTICOS E PREPARADOS ALIMENTÍCIOS;926;ADOÇANTE;368135;ASPECTO FÍSICO: PÓ FINO BRANCO, INGREDIENTES: ESTÉVIA, TIPO: DIETÉTICO;CX;5,0000;15,9000;79,5000;0,0000;21/12/2026
HOSPITAL DA MULHER PARTEIRA MARIA CORREIA/RN;931528;544;Material;931528-66/2026;Gêneros alimentícios - não perecíveis.;Catálogo do Compras.gov.br;Material;8925;AÇÚCAR, CONFEITOS, CASTANHAS, NOZES E SIMILARES;926;ADOÇANTE;422397;ASPECTO FÍSICO: PÓ FINO BRANCO, INGREDIENTES: SUCRALOSE, TIPO: DIETÉTICO;EMB;20,0000;32,7700;655,4000;0,0000;21/12/2026
HOSPITAL DA MULHER PARTEIRA MARIA CORREIA/RN;931528;545;Material;931528-66/2026;Gêneros alimentícios - não perecíveis.;Catálogo do Compras.gov.br;Material;8920;PRODUTOS DE PANIFICAÇÃO E CEREAIS;883;BISCOITO;333329;SABOR: ÁGUA E SAL, TIPO: BOLACHA;PCT;1000,0000;8,3900;8390,0000;0,0000;21/12/2026
HOSPITAL DA MULHER PARTEIRA MARIA CORREIA/RN;931528;546;Material;931528-66/2026;Gêneros alimentícios - não perecíveis.;Catálogo do Compras.gov.br;Material;8920;PRODUTOS DE PANIFICAÇÃO E CEREAIS;883;BISCOITO;235092;TIPO: CREAM CRACKER, APRESENTAÇÃO: QUADRADO, CLASSIFICAÇÃO: SALGADO;PCT;1000,0000;4,3900;4390,0000;0,0000;21/12/2026
HOSPITAL DA MULHER PARTEIRA MARIA CORREIA/RN;931528;547;Material;931528-66/2026;Gêneros alimentícios - não perecíveis.;Catálogo do Compras.gov.br;Material;8920;PRODUTOS DE PANIFICAÇÃO E CEREAIS;14753;SEMENTE;373203;TIPO: GERGELIM;EMB;15,0000;14,0000;210,0000;0,0000;21/12/2026
HOSPITAL DA MULHER PARTEIRA MARIA CORREIA/RN;931528;548;Material;931528-66/2026;Gêneros alimentícios - não perecíveis.;Catálogo do Compras.gov.br;Material;8920;PRODUTOS DE PANIFICAÇÃO E CEREAIS;883;BISCOITO;460235;CARACTERÍSTICAS ADICIONAIS: INTEGRAL E SEM RECHEIO, SABOR: SALGADO, TIPO: CREAM CRACKER;PCT;1000,0000;7,2900;7290,0000;0,0000;21/12/2026
HOSPITAL DA MULHER PARTEIRA MARIA CORREIA/RN;931528;549;Material;931528-66/2026;Gêneros alimentícios - não perecíveis.;Catálogo do Compras.gov.br;Material;8920;PRODUTOS DE PANIFICAÇÃO E CEREAIS;883;BISCOITO;605938;SABOR: MAIZENA, TIPO: SEM RECHEIO;PCT;1000,0000;5,8900;5890,0000;0,0000;21/12/2026
HOSPITAL DA MULHER PARTEIRA MARIA CORREIA/RN;931528;550;Material;931528-66/2026;Gêneros alimentícios - não perecíveis.;Catálogo do Compras.gov.br;Material;8920;PRODUTOS DE PANIFICAÇÃO E CEREAIS;19695;CANJICA;459074;CARACTERÍSTICA ADICIONAL: NÃO TRANSGÊNICO, CLASSE: AMARELA, GRUPO: ESPECIAL, Nº 3, QUALIDADE: TIPO 3, SUBGRUPO: DESPELICULADA;EMB;500,0000;4,9900;2495,0000;0,0000;21/12/2026
HOSPITAL DA MULHER PARTEIRA MARIA CORREIA/RN;931528;551;Material;931528-66/2026;Gêneros alimentícios - não perecíveis.;Catálogo do Compras.gov.br;Material;8920;PRODUTOS DE PANIFICAÇÃO E CEREAIS;19776;CEREAL MATINAL/LANCHES;463974;INGREDIENTES ADICIONAIS: FORTIFICADO COM VITAMINAS E MINERAIS, INGREDIENTES PRINCIPAIS: TRIGO E LEITE, TIPO: FARINHA LÁCTEA;EMB;1000,0000;18,6500;18650,0000;0,0000;21/12/2026
HOSPITAL DA MULHER PARTEIRA MARIA CORREIA/RN;931528;552;Material;931528-66/2026;Gêneros alimentícios - não perecíveis.;Catálogo do Compras.gov.br;Material;8925;AÇÚCAR, CONFEITOS, CASTANHAS, NOZES E SIMILARES;19754;DOCE NÃO CONFEITADO;462651;FORMA APRESENTAÇÃO: TABLETE, SABOR: GOIABA, TIPO: MASSA;EMB;1500,0000;47,5300;71295,0000;0,0000;21/12/2026
HOSPITAL DA MULHER PARTEIRA MARIA CORREIA/RN;931528;553;Material;931528-66/2026;Gêneros alimentícios - não perecíveis.;Catálogo do Compras.gov.br;Material;8920;PRODUTOS DE PANIFICAÇÃO E CEREAIS;14916;FARINHA CEREAIS;466515;APRESENTAÇÃO: PÓ, COMPONENTES: SEMENTES DE LINHAÇA,;LT;1500,0000;17,7600;26640,0000;0,0000;21/12/2026
HOSPITAL DA MULHER PARTEIRA MARIA CORREIA/RN;931528;554;Material;931528-66/2026;Gêneros alimentícios - não perecíveis.;Catálogo do Compras.gov.br;Material;8920;PRODUTOS DE PANIFICAÇÃO E CEREAIS;19692;FARINHA DE MANDIOCA;458918;ACIDEZ: BAIXA ACIDEZ, ASPECTO FÍSICO: TIPO 1, CLASSE: FINA, GRUPO: SECA, SUBGRUPO: BRANCA;EMB;1500,0000;10,3900;15585,0000;0,0000;21/12/2026
HOSPITAL DA MULHER PARTEIRA MARIA CORREIA/RN;931528;555;Material;931528-66/2026;Gêneros alimentícios - não perecíveis.;Catálogo do Compras.gov.br;Material;8920;PRODUTOS DE PANIFICAÇÃO E CEREAIS;19694;FARINHA DE MILHO;479080;APRESENTAÇÃO: PRÉ-COZIDA, CARACTERÍSTICA ADICIONAL: NÃO TRANSGÊNICO, GRÃO: AMARELO, TIPO: FLOCADA;EMB;2500,0000;3,7700;9425,0000;0,0000;21/12/2026
HOSPITAL DA MULHER PARTEIRA MARIA CORREIA/RN;931528;556;Material;931528-66/2026;Gêneros alimentícios - não perecíveis.;Catálogo do Compras.gov.br;Material;8920;PRODUTOS DE PANIFICAÇÃO E CEREAIS;19720;FARINHA DE TRIGO;460265;GRUPO: DOMÉSTICO, INGREDIENTE ADICIONAL: COM FERMENTO, FORTIFICADA COM FERRO E ÁCIDO FÓLICO, TIPO: TIPO 1, ESPECIAL;EMB;500,0000;8,9900;4495,0000;0,0000;21/12/2026
HOSPITAL DA MULHER PARTEIRA MARIA CORREIA/RN;931528;557;Material;931528-66/2026;Gêneros alimentícios - não perecíveis.;Catálogo do Compras.gov.br;Material;8920;PRODUTOS DE PANIFICAÇÃO E CEREAIS;19720;FARINHA DE TRIGO;460263;GRUPO: DOMÉSTICO, INGREDIENTE ADICIONAL: FORTIFICADA COM FERRO E ÁCIDO FÓLICO, TIPO: TIPO 1, ESPECIAL;EMB;500,0000;4,6900;2345,0000;0,0000;21/12/2026
HOSPITAL DA MULHER PARTEIRA MARIA CORREIA/RN;931528;558;Material;931528-66/2026;Gêneros alimentícios - não perecíveis.;Catálogo do Compras.gov.br;Material;8915;FRUTAS, VERDURAS E LEGUMES;19792;LEGUMINOSA;464553;TIPO: TIPO 1, VARIEDADE: FEIJÃO CARIOCA;EMB;2000,0000;7,2900;14580,0000;0,0000;21/12/2026
HOSPITAL DA MULHER PARTEIRA MARIA CORREIA/RN;931528;559;Material;931528-66/2026;Gêneros alimentícios - não perecíveis.;Catálogo do Compras.gov.br;Material;8915;FRUTAS, VERDURAS E LEGUMES;19792;LEGUMINOSA;464567;TIPO: TIPO 1, VARIEDADE: FEIJÃO MACASSAR;EMB;1000,0000;8,9100;8910,0000;0,0000;21/12/2026
HOSPITAL DA MULHER PARTEIRA MARIA CORREIA/RN;931528;560;Material;931528-66/2026;Gêneros alimentícios - não perecíveis.;Catálogo do Compras.gov.br;Material;8915;FRUTAS, VERDURAS E LEGUMES;19792;LEGUMINOSA;464552;TIPO: TIPO 1, VARIEDADE: FEIJÃO PRETO;EMB;1000,0000;8,8900;8890,0000;0,0000;21/12/2026
HOSPITAL DA MULHER PARTEIRA MARIA CORREIA/RN;931528;561;Material;931528-66/2026;Gêneros alimentícios - não perecíveis.;Catálogo do Compras.gov.br;Material;8920;PRODUTOS DE PANIFICAÇÃO E CEREAIS;19712;FERMENTO;459586;APRESENTAÇÃO: PÓ, TIPO: QUÍMICO;EMB;120,0000;6,1900;742,8000;0,0000;21/12/2026
HOSPITAL DA MULHER PARTEIRA MARIA CORREIA/RN;931528;562;Material;931528-66/2026;Gêneros alimentícios - não perecíveis.;Catálogo do Compras.gov.br;Material;8925;AÇÚCAR, CONFEITOS, CASTANHAS, NOZES E SIMILARES;19756;GELATINA ALIMENTÍCIA;462723;APRESENTAÇÃO: PÓ, CARACTERÍSTICA ADICIONAL: SEM CORANTES ARTIFICIAIS, ORIGEM: VEGETAL, SABOR: SEM SABOR;PCT;500,0000;9,7900;4895,0000;0,0000;21/12/2026
HOSPITAL DA MULHER PARTEIRA MARIA CORREIA/RN;931528;563;Material;931528-66/2026;Gêneros alimentícios - não perecíveis.;Catálogo do Compras.gov.br;Material;8920;PRODUTOS DE PANIFICAÇÃO E CEREAIS;19722;AVEIA BENEFICIADA;460499;APRESENTAÇÃO: FARELO, CLASSE: BRANCA, PRESENÇA DE GLÚTEN: CONTÉM GLÚTEN;EMB;350,0000;16,2000;5670,0000;0,0000;21/12/2026
HOSPITAL DA MULHER PARTEIRA MARIA CORREIA/RN;931528;564;Material;931528-66/2026;Gêneros alimentícios - não perecíveis.;Catálogo do Compras.gov.br;Material;8920;PRODUTOS DE PANIFICAÇÃO E CEREAIS;4792;CEREAL PREPARADO;444323;ASPECTO FÍSICO: GRÂOS, CARACTERÍSTICAS ADICIONAIS: GRANOLA, COMPONENTES: AVEIA, BANANA, MAÇÃ E CANELA;EMB;2000,0000;16,4900;32980,0000;0,0000;21/12/2026
HOSPITAL DA MULHER PARTEIRA MARIA CORREIA/RN;931528;565;Material;931528-66/2026;Gêneros alimentícios - não perecíveis.;Catálogo do Compras.gov.br;Material;8915;FRUTAS, VERDURAS E LEGUMES;19792;LEGUMINOSA;464569;VARIEDADE: GRÃO DE BICO;EMB;60,0000;10,1500;609,0000;0,0000;21/12/2026
HOSPITAL DA MULHER PARTEIRA MARIA CORREIA/RN;931528;566;Material;931528-66/2026;Gêneros alimentícios - não perecíveis.;Catálogo do Compras.gov.br;Material;8915;FRUTAS, VERDURAS E LEGUMES;19714;LEGUME EM CONSERVA;462823;TIPO: ERVILHA;EMB;7500,0000;4,2900;32175,0000;0,0000;21/12/2026
HOSPITAL DA MULHER PARTEIRA MARIA CORREIA/RN;931528;567;Material;931528-66/2026;Gêneros alimentícios - não perecíveis.;Catálogo do Compras.gov.br;Material;8910;OVOS E LATICÍNIOS;19779;LEITE CÔCO;464012;CARACTERÍSTICA ADICIONAL: TEOR DE GORDURA REDUZIDA, TIPO: MAGRO;GRF;1500,0000;11,4900;17235,0000;0,0000;21/12/2026
HOSPITAL DA MULHER PARTEIRA MARIA CORREIA/RN;931528;568;Material;931528-66/2026;Gêneros alimentícios - não perecíveis.;Catálogo do Compras.gov.br;Material;8910;OVOS E LATICÍNIOS;19780;LEITE CONDENSADO;464015;CARACTERÍSTICA ADICIONAL: ISENTO DE AÇÚCAR - DIET, INGREDIENTE BÁSICO: LEITE IN NATURA, INGREDIENTE OPCIONAL: SUCRALOSE, TIPO: DESNATADO;CX;15000,0000;11,9800;179700,0000;0,0000;21/12/2026
HOSPITAL DA MULHER PARTEIRA MARIA CORREIA/RN;931528;569;Material;931528-66/2026;Gêneros alimentícios - não perecíveis.;Catálogo do Compras.gov.br;Material;8910;OVOS E LATICÍNIOS;15354;LEITE SOJA;296946;ASPECTO FÍSICO: PÓ;LT;1500,0000;18,6900;28035,0000;0,0000;21/12/2026
HOSPITAL DA MULHER PARTEIRA MARIA CORREIA/RN;931528;570;Material;931528-66/2026;Gêneros alimentícios - não perecíveis.;Catálogo do Compras.gov.br;Material;8910;OVOS E LATICÍNIOS;8755;LEITE EM PÓ;447375;ORIGEM: DE VACA, SOLUBILIDADE: INSTANTÂNEO, TEOR GORDURA: INTEGRAL, TIPO RESTRIÇÃO: ZERO LACTOSE;EMB;4500,0000;37,9000;170550,0000;0,0000;21/12/2026
HOSPITAL DA MULHER PARTEIRA MARIA CORREIA/RN;931528;571;Material;931528-66/2026;Gêneros alimentícios - não perecíveis.;Catálogo do Compras.gov.br;Material;8910;OVOS E LATICÍNIOS;8755;LEITE EM PÓ;446021;ORIGEM: DE VACA, SOLUBILIDADE: INSTANTÂNEO, TEOR GORDURA: DESNATADO;EMB;2000,0000;9,7900;19580,0000;0,0000;21/12/2026
HOSPITAL DA MULHER PARTEIRA MARIA CORREIA/RN;931528;572;Material;931528-66/2026;Gêneros alimentícios - não perecíveis.;Catálogo do Compras.gov.br;Material;8910;OVOS E LATICÍNIOS;8755;LEITE EM PÓ;446019;ORIGEM: DE VACA, SOLUBILIDADE: INSTANTÂNEO, TEOR GORDURA: INTEGRAL;EMB;3000,0000;9,4900;28470,0000;0,0000;21/12/2026
HOSPITAL DA MULHER PARTEIRA MARIA CORREIA/RN;931528;573;Material;931528-66/2026;Gêneros alimentícios - não perecíveis.;Catálogo do Compras.gov.br;Material;8920;PRODUTOS DE PANIFICAÇÃO E CEREAIS;19691;MACARRÃO;458955;APRESENTAÇÃO: ESPAGUETE, BASE DA MASSA: DE SÊMOLA/SEMOLINA, INGREDIENTES ADICIONAIS: COM OVOS, TEOR DE UMIDADE: MASSA SECA;EMB;2000,0000;5,4900;10980,0000;0,0000;21/12/2026
HOSPITAL DA MULHER PARTEIRA MARIA CORREIA/RN;931528;574;Material;931528-66/2026;Gêneros alimentícios - não perecíveis.;Catálogo do Compras.gov.br;Material;8920;PRODUTOS DE PANIFICAÇÃO E CEREAIS;19691;MACARRÃO;458952;APRESENTAÇÃO: ESPAGUETE, BASE DA MASSA: DE FARINHA DE TRIGO, TEOR DE UMIDADE: MASSA SECA, TIPO: INTEGRAL;EMB;2000,0000;7,8900;15780,0000;0,0000;21/12/2026
HOSPITAL DA MULHER PARTEIRA MARIA CORREIA/RN;931528;575;Material;931528-66/2026;Gêneros alimentícios - não perecíveis.;Catálogo do Compras.gov.br;Material;8920;PRODUTOS DE PANIFICAÇÃO E CEREAIS;19691;MACARRÃO;458997;APRESENTAÇÃO: LASANHA, BASE DA MASSA: DE FARINHA DE TRIGO, TEOR DE UMIDADE: MASSA SECA;EMB;250,0000;9,4900;2372,5000;0,0000;21/12/2026
HOSPITAL DA MULHER PARTEIRA MARIA CORREIA/RN;931528;576;Material;931528-66/2026;Gêneros alimentícios - não perecíveis.;Catálogo do Compras.gov.br;Material;8920;PRODUTOS DE PANIFICAÇÃO E CEREAIS;19691;MACARRÃO;458974;APRESENTAÇÃO: PARAFUSO, BASE DA MASSA: DE FARINHA DE TRIGO, TEOR DE UMIDADE: MASSA SECA;EMB;1000,0000;6,5900;6590,0000;0,0000;21/12/2026
HOSPITAL DA MULHER PARTEIRA MARIA CORREIA/RN;931528;577;Material;931528-66/2026;Gêneros alimentícios - não perecíveis.;Catálogo do Compras.gov.br;Material;8920;PRODUTOS DE PANIFICAÇÃO E CEREAIS;14581;MILHO;279262;APLICAÇÃO: MUNGUNZÁ (CANJICA), TIPO: GRÃO;PCT;1000,0000;2,7900;2790,0000;0,0000;21/12/2026
HOSPITAL DA MULHER PARTEIRA MARIA CORREIA/RN;931528;578;Material;931528-66/2026;Gêneros alimentícios - não perecíveis.;Catálogo do Compras.gov.br;Material;8920;PRODUTOS DE PANIFICAÇÃO E CEREAIS;19748;MILHO DE PIPOCA;462122;CLASSE: AMARELA, FORMATO ESTOURADO: TIPO IRREGULAR/BUTTERFLY, GRUPO: DURO, QUALIDADE: TIPO 1;EMB;1000,0000;6,1900;6190,0000;0,0000;21/12/2026
HOSPITAL DA MULHER PARTEIRA MARIA CORREIA/RN;931528;579;Material;931528-66/2026;Gêneros alimentícios - não perecíveis.;Catálogo do Compras.gov.br;Material;8915;FRUTAS, VERDURAS E LEGUMES;19714;LEGUME EM CONSERVA;462832;ADICIONAL: À VÁCUO, TIPO: MILHO VERDE;EMB;500,0000;5,9900;2995,0000;0,0000;21/12/2026
HOSPITAL DA MULHER PARTEIRA MARIA CORREIA/RN;931528;580;Material;931528-66/2026;Gêneros alimentícios - não perecíveis.;Catálogo do Compras.gov.br;Material;8925;AÇÚCAR, CONFEITOS, CASTANHAS, NOZES E SIMILARES;19754;DOCE NÃO CONFEITADO;621516;CARACTERÍSTICA ADICIONAL: FRUTA, FORMA APRESENTAÇÃO: PEDAÇOS, INGREDIENTE ADICIONAL: AÇÚCAR, ÁCIDO CÍTRICO E CONSERVANTES SORBATO DE PO, SABOR: VARIADO, TIPO: CRISTALIZADO;EMB;30,0000;6,9800;209,4000;0,0000;21/12/2026
HOSPITAL DA MULHER PARTEIRA MARIA CORREIA/RN;931528;581;Material;931528-66/2026;Gêneros alimentícios - não perecíveis.;Catálogo do Compras.gov.br;Material;8925;AÇÚCAR, CONFEITOS, CASTANHAS, NOZES E SIMILARES;19754;DOCE NÃO CONFEITADO;609082;FORMA APRESENTAÇÃO: TABLETE, SABOR: RAPADURA, TIPO: SECO;COPO;1500,0000;26,4000;39600,0000;0,0000;21/12/2026
HOSPITAL DA MULHER PARTEIRA MARIA CORREIA/RN;931528;582;Material;931528-66/2026;Gêneros alimentícios - não perecíveis.;Catálogo do Compras.gov.br;Material;8920;PRODUTOS DE PANIFICAÇÃO E CEREAIS;4792;CEREAL PREPARADO;;;-;0,0000;0,0000;6125,0000;0,0000;21/12/2026
HOSPITAL DA MULHER PARTEIRA MARIA CORREIA/RN;931528;583;Material;931528-66/2026;Gêneros alimentícios - não perecíveis.;Catálogo do Compras.gov.br;Material;8920;PRODUTOS DE PANIFICAÇÃO E CEREAIS;4792;CEREAL PREPARADO;;;-;0,0000;0,0000;3486,0000;0,0000;21/12/2026
HOSPITAL DA MULHER PARTEIRA MARIA CORREIA/RN;931528;584;Material;931528-65/2026;ALMOXARIFADO Aquisição de materiais de limpeza e higiene, materiais de expediente administrativo e m;Catálogo do Compras.gov.br;Material;7520;ACESSÓRIOS E DISPOSITIVOS PARA ESCRITÓRIO;22;ALMOFADA CARIMBO;486055;COMPRIMENTO: 120, LARGURA: 106, MATERIAL ALMOFADA: ESPONJA ABSORVENTE, MATERIAL CAIXA: METAL;UN;30,0000;25,9000;777,0000;0,0000;21/12/2026
HOSPITAL DA MULHER PARTEIRA MARIA CORREIA/RN;931528;585;Material;931528-65/2026;ALMOXARIFADO Aquisição de materiais de limpeza e higiene, materiais de expediente administrativo e m;Catálogo do Compras.gov.br;Material;7520;ACESSÓRIOS E DISPOSITIVOS PARA ESCRITÓRIO;279;APAGADOR QUADRO BRANCO;427366;ALTURA: 10, CARACTERÍSTICAS ADICIONAIS: ESTOJO COM COMPARTIMENTO PARA 2 PINCÉIS, COMPRIMENTO: 17, LARGURA: 5, MATERIAL BASE: FELTRO, MATERIAL CORPO: ACRÍLICO;CX;5,0000;89,4000;447,0000;0,0000;21/12/2026
HOSPITAL DA MULHER PARTEIRA MARIA CORREIA/RN;931528;586;Material;931528-65/2026;ALMOXARIFADO Aquisição de materiais de limpeza e higiene, materiais de expediente administrativo e m;Catálogo do Compras.gov.br;Material;7520;ACESSÓRIOS E DISPOSITIVOS PARA ESCRITÓRIO;46;APONTADOR LÁPIS;468205;MATERIAL: METAL, QUANTIDADE FUROS: 1, TAMANHO: PEQUENO, TIPO: ESCOLAR;CX;3,0000;47,9000;143,7000;0,0000;21/12/2026
HOSPITAL DA MULHER PARTEIRA MARIA CORREIA/RN;931528;587;Material;931528-65/2026;ALMOXARIFADO Aquisição de materiais de limpeza e higiene, materiais de expediente administrativo e m;Catálogo do Compras.gov.br;Material;7540;FORMULÁRIOS PADRONIZADOS;346;BLOCO RECADO;462282;CARACTERÍSTICAS ADICIONAIS: 4 CORES NEON, REMOVÍVEL/REPOSICIONÁVEL 75 G/M2, COMPRIMENTO: 50, COR: VARIADA, LARGURA: 38, MATERIAL: PAPEL, QUANTIDADE FOLHAS: 50;BL;450,0000;16,9000;7605,0000;0,0000;21/12/2026
HOSPITAL DA MULHER PARTEIRA MARIA CORREIA/RN;931528;588;Material;931528-65/2026;ALMOXARIFADO Aquisição de materiais de limpeza e higiene, materiais de expediente administrativo e m;Catálogo do Compras.gov.br;Material;7540;FORMULÁRIOS PADRONIZADOS;346;BLOCO RECADO;626162;CARACTERÍSTICAS ADICIONAIS: AUTO-ADESIVO, COMPRIMENTO: 102, COR: VARIADA, LARGURA: 76, MATERIAL: PAPEL, QUANTIDADE FOLHAS: 100;BL;450,0000;15,5000;6975,0000;0,0000;21/12/2026
HOSPITAL DA MULHER PARTEIRA MARIA CORREIA/RN;931528;589;Material;931528-65/2026;ALMOXARIFADO Aquisição de materiais de limpeza e higiene, materiais de expediente administrativo e m;Catálogo do Compras.gov.br;Material;7520;ACESSÓRIOS E DISPOSITIVOS PARA ESCRITÓRIO;1499;ESTILETE;622133;CARACTERÍSTICAS ADICIONAIS: LÂMINA DE AÇO CARBONO, ESPESSURA: 18, MATERIAL CORPO: POLIPROPILENO, TIPO: COM TRAVA;CX;250,0000;13,9000;3475,0000;0,0000;21/12/2026
HOSPITAL DA MULHER PARTEIRA MARIA CORREIA/RN;931528;590;Material;931528-65/2026;ALMOXARIFADO Aquisição de materiais de limpeza e higiene, materiais de expediente administrativo e m;Catálogo do Compras.gov.br;Material;7520;ACESSÓRIOS E DISPOSITIVOS PARA ESCRITÓRIO;1499;ESTILETE;478929;CARACTERÍSTICAS ADICIONAIS: COM TRAVA DE SEGURANÇA, COMPRIMENTO: 62, MATERIAL CORPO: EMBORRACHADO, TIPO: TRAPEZOIDAL;CX;250,0000;24,2500;6062,5000;0,0000;21/12/2026
HOSPITAL DA MULHER PARTEIRA MARIA CORREIA/RN;931528;591;Material;931528-65/2026;ALMOXARIFADO Aquisição de materiais de limpeza e higiene, materiais de expediente administrativo e m;Catálogo do Compras.gov.br;Material;7520;ACESSÓRIOS E DISPOSITIVOS PARA ESCRITÓRIO;18066;EXTRATOR GRAMPO;429012;CARACTERÍSTICAS ADICIONAIS: PRENSADO A FRIO, ESPESSURA: 1MM, COMPRIMENTO: 150, LARGURA: 15, MATERIAL: AÇO INOXIDÁVEL, TIPO: ESPÁTULA, TRATAMENTO SUPERFICIAL: CROMADO;UN;200,0000;1,6700;334,0000;0,0000;21/12/2026
HOSPITAL DA MULHER PARTEIRA MARIA CORREIA/RN;931528;673;Material;931528-55/2026;NUTRIÇÃO Gêneros alimentícios - perecíveis;Catálogo do Compras.gov.br;Material;8915;FRUTAS, VERDURAS E LEGUMES;19773;VERDURA IN NATURA;467414;APRESENTAÇÃO: ORGÂNICA, TIPO: REPOLHO BRANCO / VERDE;KG;15000,0000;3,2000;48000,0000;0,0000;21/12/2026
HOSPITAL DA MULHER PARTEIRA MARIA CORREIA/RN;931528;592;Material;931528-65/2026;ALMOXARIFADO Aquisição de materiais de limpeza e higiene, materiais de expediente administrativo e m;Catálogo do Compras.gov.br;Material;7520;ACESSÓRIOS E DISPOSITIVOS PARA ESCRITÓRIO;27;GRAMPEADOR;617122;CAPACIDADE: 15, MATERIAL: METAL / BORRACHA, TAMANHO GRAMPO: 26/6, TIPO: MESA;PC;60,0000;32,0000;1920,0000;0,0000;21/12/2026
HOSPITAL DA MULHER PARTEIRA MARIA CORREIA/RN;931528;593;Material;931528-65/2026;ALMOXARIFADO Aquisição de materiais de limpeza e higiene, materiais de expediente administrativo e m;Catálogo do Compras.gov.br;Material;7520;ACESSÓRIOS E DISPOSITIVOS PARA ESCRITÓRIO;27;GRAMPEADOR;308762;CAPACIDADE: 100, CARACTERÍSTICAS ADICIONAIS: SEMI-PROFISSIONAL, MATERIAL: METAL, TAMANHO GRAMPO: 23/10, TIPO: MESA;PC;30,0000;78,0000;2340,0000;0,0000;21/12/2026
HOSPITAL DA MULHER PARTEIRA MARIA CORREIA/RN;931528;594;Material;931528-65/2026;ALMOXARIFADO Aquisição de materiais de limpeza e higiene, materiais de expediente administrativo e m;Catálogo do Compras.gov.br;Material;7520;ACESSÓRIOS E DISPOSITIVOS PARA ESCRITÓRIO;148;GRAMPO PASTA;353753;CARACTERÍSTICAS ADICIONAIS: TRAVAS BILATERAIS, BRAÇOS FLEXÍVEIS, RESISTENTES, COMPRIMENTO: 9, COR: BRANCA, DISTÂNCIA ENTRE FUROS: 8, LARGURA: 4, MATERIAL: PLÁSTICO, TIPO: CLIKTELOS;CX;40,0000;25,9000;1036,0000;0,0000;21/12/2026
HOSPITAL DA MULHER PARTEIRA MARIA CORREIA/RN;931528;595;Material;931528-65/2026;ALMOXARIFADO Aquisição de materiais de limpeza e higiene, materiais de expediente administrativo e m;Catálogo do Compras.gov.br;Material;7540;FORMULÁRIOS PADRONIZADOS;200;LIVRO ATA;483474;CARACTERÍSTICAS ADICIONAIS: FOLHAS PAUTADAS SEM MARGEM, CAPA DURA, COMPRIMENTO: 300, GRAMATURA: 63, LARGURA: 210, MATERIAL: PAPEL OFSETE, QUANTIDADE FOLHAS: 100;PCT;40,0000;210,9900;8439,6000;0,0000;21/12/2026
HOSPITAL DA MULHER PARTEIRA MARIA CORREIA/RN;931528;596;Material;931528-65/2026;ALMOXARIFADO Aquisição de materiais de limpeza e higiene, materiais de expediente administrativo e m;Catálogo do Compras.gov.br;Material;7540;FORMULÁRIOS PADRONIZADOS;200;LIVRO ATA;357412;CARACTERÍSTICAS ADICIONAIS: CAPA DE PAPELÃO PLASTIFICADO 700 G/M2 PRETA, COMPRIMENTO: 300, GRAMATURA: 56, LARGURA: 205, MATERIAL: PAPEL OFF-SET, QUANTIDADE FOLHAS: 200;UN;100,0000;45,9000;4590,0000;0,0000;21/12/2026
HOSPITAL DA MULHER PARTEIRA MARIA CORREIA/RN;931528;597;Material;931528-65/2026;ALMOXARIFADO Aquisição de materiais de limpeza e higiene, materiais de expediente administrativo e m;Catálogo do Compras.gov.br;Material;7540;FORMULÁRIOS PADRONIZADOS;200;LIVRO ATA;200690;COMPRIMENTO: 297, GRAMATURA: 75, LARGURA: 210, MATERIAL: PAPEL SULFITE, QUANTIDADE FOLHAS: 50;UN;100,0000;24,3300;2433,0000;0,0000;21/12/2026
HOSPITAL DA MULHER PARTEIRA MARIA CORREIA/RN;931528;598;Material;931528-65/2026;ALMOXARIFADO Aquisição de materiais de limpeza e higiene, materiais de expediente administrativo e m;Catálogo do Compras.gov.br;Material;7540;FORMULÁRIOS PADRONIZADOS;201;LIVRO PROTOCOLO;483473;COMPRIMENTO: 216, GRAMATURA FOLHAS: 63, LARGURA: 154, MATERIAL CAPA: PAPELÃO 820 G/M2 REVESTIDO PAPEL COUCHÊ, MATERIAL FOLHAS: PAPEL OFSETE, QUANTIDADE FOLHAS: 104, TIPO CAPA: DURA;UN;200,0000;26,2400;5248,0000;0,0000;21/12/2026
HOSPITAL DA MULHER PARTEIRA MARIA CORREIA/RN;931528;599;Material;931528-65/2026;ALMOXARIFADO Aquisição de materiais de limpeza e higiene, materiais de expediente administrativo e m;Catálogo do Compras.gov.br;Material;7520;ACESSÓRIOS E DISPOSITIVOS PARA ESCRITÓRIO;15543;LÂMINA ESTILETE;321724;LARGURA: 9, MATERIAL: AÇO, TIPO USO: DESCARTÁVEL;CX;5,0000;21,9900;109,9500;0,0000;21/12/2026
HOSPITAL DA MULHER PARTEIRA MARIA CORREIA/RN;931528;600;Material;931528-65/2026;ALMOXARIFADO Aquisição de materiais de limpeza e higiene, materiais de expediente administrativo e m;Catálogo do Compras.gov.br;Material;7520;ACESSÓRIOS E DISPOSITIVOS PARA ESCRITÓRIO;15543;LÂMINA ESTILETE;427106;COMPRIMENTO: 100, LARGURA: 18, MATERIAL: AÇO CARBONO;UN;200,0000;6,0000;1200,0000;0,0000;21/12/2026
HOSPITAL DA MULHER PARTEIRA MARIA CORREIA/RN;931528;601;Material;931528-65/2026;ALMOXARIFADO Aquisição de materiais de limpeza e higiene, materiais de expediente administrativo e m;Catálogo do Compras.gov.br;Material;7540;FORMULÁRIOS PADRONIZADOS;8893;LIVRO REGISTRO / CONTROLE;616389;APLICAÇÃO: REGISTRO DE TERMOS CIRCUNSTANCIADOS DE OCORRÊNCIA, CARACTERÍSTICAS ADICIONAIS: IMPRESSO CONFORME MODELO, COMPRIMENTO: 335, GRAMATURA FOLHAS: 75, LARGURA: 245, MATERIAL FOLHAS: PAPEL OFSETE, PADRÃO COR: 1/1, QUANTIDADE FOLHAS: 100, TIPO CAPA: DURA;UN;30,0000;17,5000;525,0000;0,0000;21/12/2026
HOSPITAL DA MULHER PARTEIRA MARIA CORREIA/RN;931528;602;Material;931528-65/2026;ALMOXARIFADO Aquisição de materiais de limpeza e higiene, materiais de expediente administrativo e m;Catálogo do Compras.gov.br;Material;7820;JOGOS, BRINQUEDOS E ARTIGOS CORRELATOS COM RODAS;9423;MASSA MODELAR;430354;APRESENTAÇÃO: 12 POTES, CARACTERÍSTICAS ADICIONAIS: ATÓXICA, CARACTERÍSTICAS OPCIONAIS: SEM MOLDES, COMPOSIÇÃO BÁSICA: CERA, COR: VARIADA, QUANTIDADE CORES: 12;UN;30,0000;7,2700;218,1000;0,0000;21/12/2026
HOSPITAL DA MULHER PARTEIRA MARIA CORREIA/RN;931528;603;Material;931528-65/2026;ALMOXARIFADO Aquisição de materiais de limpeza e higiene, materiais de expediente administrativo e m;Catálogo do Compras.gov.br;Material;7540;FORMULÁRIOS PADRONIZADOS;146;PAPEL CARTA;275536;APLICAÇÃO: IMPRESSORA JATO DE TINTA / LASER, CARACTERÍSTICAS ADICIONAIS: EMBALAGEM RESISTENTE A UMIDADE, COMPRIMENTO: 279, GRAMATURA: 75, LARGURA: 216, MATERIAL: PAPEL BRANCO ALCALINO;CX;50,0000;32,2900;1614,5000;0,0000;21/12/2026
HOSPITAL DA MULHER PARTEIRA MARIA CORREIA/RN;931528;604;Material;931528-65/2026;ALMOXARIFADO Aquisição de materiais de limpeza e higiene, materiais de expediente administrativo e m;Catálogo do Compras.gov.br;Material;7540;FORMULÁRIOS PADRONIZADOS;75;PAPEL CARTOLINA;288944;COMPRIMENTO: 660, COR: DIVERSAS, GRAMATURA: 180, LARGURA: 500, MATERIAL: CELULOSE VEGETAL;FL;30,0000;1,6000;48,0000;0,0000;21/12/2026
HOSPITAL DA MULHER PARTEIRA MARIA CORREIA/RN;931528;605;Material;931528-65/2026;ALMOXARIFADO Aquisição de materiais de limpeza e higiene, materiais de expediente administrativo e m;Catálogo do Compras.gov.br;Material;7520;ACESSÓRIOS E DISPOSITIVOS PARA ESCRITÓRIO;47;PORTA-LÁPIS/CLIPE/LEMBRETE;202541;COR: FUMÊ, MATERIAL: ACRÍLICO, TIPO: CONJUGADO;UN;20,0000;39,0300;780,6000;0,0000;21/12/2026
HOSPITAL DA MULHER PARTEIRA MARIA CORREIA/RN;931528;606;Material;931528-65/2026;ALMOXARIFADO Aquisição de materiais de limpeza e higiene, materiais de expediente administrativo e m;Catálogo do Compras.gov.br;Material;7520;ACESSÓRIOS E DISPOSITIVOS PARA ESCRITÓRIO;47;PORTA-LÁPIS/CLIPE/LEMBRETE;337770;COMPRIMENTO: 230, COR: INCOLOR, LARGURA: 80, MATERIAL: ACRÍLICO;UN;50,0000;23,9000;1195,0000;0,0000;21/12/2026
HOSPITAL DA MULHER PARTEIRA MARIA CORREIA/RN;931528;607;Material;931528-65/2026;ALMOXARIFADO Aquisição de materiais de limpeza e higiene, materiais de expediente administrativo e m;Catálogo do Compras.gov.br;Material;7520;ACESSÓRIOS E DISPOSITIVOS PARA ESCRITÓRIO;56;PERFURADOR PAPEL;434707;CAPACIDADE PERFURAÇÃO: 50, CARACTERÍSTICAS ADICIONAIS: COM MARGINADOR E APARADOR, FUNCIONAMENTO: MANUAL, MATERIAL: METAL, QUANTIDADE FUROS: 2, TIPO: MESA;UN;20,0000;94,9000;1898,0000;0,0000;21/12/2026
HOSPITAL DA MULHER PARTEIRA MARIA CORREIA/RN;931528;608;Material;931528-65/2026;ALMOXARIFADO Aquisição de materiais de limpeza e higiene, materiais de expediente administrativo e m;Catálogo do Compras.gov.br;Material;7520;ACESSÓRIOS E DISPOSITIVOS PARA ESCRITÓRIO;56;PERFURADOR PAPEL;413723;CAPACIDADE PERFURAÇÃO: 100, CARACTERÍSTICAS ADICIONAIS: FURO REDONDO, MARGEADOR, REGULAGEM DE PROFUNDIDADE, FUNCIONAMENTO: MANUAL, MATERIAL: FERRO FUNDIDO, QUANTIDADE FUROS: 2, TIPO: MESA;UN;10,0000;94,9000;949,0000;0,0000;21/12/2026
HOSPITAL DA MULHER PARTEIRA MARIA CORREIA/RN;931528;609;Material;931528-65/2026;ALMOXARIFADO Aquisição de materiais de limpeza e higiene, materiais de expediente administrativo e m;Catálogo do Compras.gov.br;Material;7520;ACESSÓRIOS E DISPOSITIVOS PARA ESCRITÓRIO;56;PERFURADOR PAPEL;414987;CAPACIDADE PERFURAÇÃO: 25, FUNCIONAMENTO: MANUAL, MATERIAL: METAL, TIPO: PEQUENO, TRATAMENTO SUPERFICIAL: NIQUELADO;UN;20,0000;54,8000;1096,0000;0,0000;21/12/2026
HOSPITAL DA MULHER PARTEIRA MARIA CORREIA/RN;931528;610;Material;931528-65/2026;ALMOXARIFADO Aquisição de materiais de limpeza e higiene, materiais de expediente administrativo e m;Catálogo do Compras.gov.br;Material;7520;ACESSÓRIOS E DISPOSITIVOS PARA ESCRITÓRIO;18065;PRANCHETA PORTÁTIL;439975;CARACTERÍSTICAS ADICIONAIS: COM PEGADOR METÁLICO, COMPRIMENTO: 345, COR: CRISTAL, LARGURA: 220, MATERIAL: ACRÍLICO TRANSPARENTE;UN;140,0000;21,9900;3078,6000;0,0000;21/12/2026
HOSPITAL DA MULHER PARTEIRA MARIA CORREIA/RN;931528;611;Material;931528-65/2026;ALMOXARIFADO Aquisição de materiais de limpeza e higiene, materiais de expediente administrativo e m;Catálogo do Compras.gov.br;Material;7520;ACESSÓRIOS E DISPOSITIVOS PARA ESCRITÓRIO;249;TESOURA;461462;CARACTERÍSTICAS ADICIONAIS: SEM PONTA, COMPRIMENTO: 13, MATERIAL: AÇO INOXIDÁVEL, MATERIAL CABO: POLIPROPILENO;UN;35,0000;10,9900;384,6500;0,0000;21/12/2026
HOSPITAL DA MULHER PARTEIRA MARIA CORREIA/RN;931528;612;Material;931528-65/2026;ALMOXARIFADO Aquisição de materiais de limpeza e higiene, materiais de expediente administrativo e m;Catálogo do Compras.gov.br;Material;7520;ACESSÓRIOS E DISPOSITIVOS PARA ESCRITÓRIO;249;TESOURA;477123;COMPRIMENTO: 21, MATERIAL: AÇO INOXIDÁVEL, MATERIAL CABO: POLIETILENO;UN;12,0000;19,9000;238,8000;0,0000;21/12/2026
HOSPITAL DA MULHER PARTEIRA MARIA CORREIA/RN;931528;613;Material;931528-65/2026;ALMOXARIFADO Aquisição de materiais de limpeza e higiene, materiais de expediente administrativo e m;Catálogo do Compras.gov.br;Material;7520;ACESSÓRIOS E DISPOSITIVOS PARA ESCRITÓRIO;4416;CANETA PERMANENTE;354898;CARACTERÍSTICAS ADICIONAIS: ESPESSURA PONTA 2MM, COR TINTA: AZUL, MATERIAL CORPO: PLÁSTICO, MATERIAL PONTA: METAL, TIPO ESCRITA: GROSSA;UN;120,0000;13,9000;1668,0000;0,0000;21/12/2026
HOSPITAL DA MULHER PARTEIRA MARIA CORREIA/RN;931528;614;Material;931528-65/2026;ALMOXARIFADO Aquisição de materiais de limpeza e higiene, materiais de expediente administrativo e m;Catálogo do Compras.gov.br;Material;7520;ACESSÓRIOS E DISPOSITIVOS PARA ESCRITÓRIO;280;CAIXA CORRESPONDÊNCIA;336564;ALTURA: 50, CARACTERÍSTICAS ADICIONAIS: ARTICULAÇÃO EM ACRÍLICO, COMPRIMENTO: 370, COR: FUMÊ, LARGURA: 260, MATERIAL: ACRÍLICO, TIPO: TRIPLA;UN;30,0000;69,3000;2079,0000;0,0000;21/12/2026
HOSPITAL DA MULHER PARTEIRA MARIA CORREIA/RN;931528;615;Material;931528-64/2026;PATRIMONIO - CEQUIP Aquisição de equipamentos hospitalares;Catálogo do Compras.gov.br;Material;6530;MOBILIÁRIO, EQUIPAMENTOS, UTENSÍLIOS E  SUPRIMENTOS  HOSPITALARES;2662;VENTILADOR NÃO INVASIVO;454270;ADICIONAL 1: TRAQUEIAS, ADICIONAL*: UMIDIFICADOR, APLICAÇÃO: NEONATAL, COMPONENTE 3: MISTURADOR DE GASES, COMPONENTE 4: ALARME, CONTROLES: CONTROLE DE FLUXO E CONCENTRAÇÃO DE O2, FAIXA DE PRESSÃO: CERCA DE 0 A 15 CM H20, MODOS VENTILAÇÃO: PRESSÃO EM SELO D'ÁGUA, TIPO USO: EM REDE DE O2 E AR COMPRIMIDO, TIPO*: GERADOR DE FLUXO, VÁLVULA: VÁLVULA SEGURANÇA;UN;35,0000;221,6000;7756,0000;0,0000;21/09/2026
HOSPITAL DA MULHER PARTEIRA MARIA CORREIA/RN;931528;616;Material;931528-64/2026;PATRIMONIO - CEQUIP Aquisição de equipamentos hospitalares;Catálogo do Compras.gov.br;Material;6530;MOBILIÁRIO, EQUIPAMENTOS, UTENSÍLIOS E  SUPRIMENTOS  HOSPITALARES;30261;VÁLVULA REGULADORA PARA GASES MEDICINAIS;621804;COMPATIBILIDADE: P/ CILINDRO, COMPONENTE: C/ 1 MANÔMETRO, MATERIAL: LATÃO CROMADO E POLÍMERO, MODELO: VÁLVULA REGULADORA DE PRESSÃO, TIPO DE GÁS: P/ AR COMPRIMIDO;UN;40,0000;326,2300;13049,2000;0,0000;21/09/2026
HOSPITAL DA MULHER PARTEIRA MARIA CORREIA/RN;931528;617;Material;931528-64/2026;PATRIMONIO - CEQUIP Aquisição de equipamentos hospitalares;Catálogo do Compras.gov.br;Material;6530;MOBILIÁRIO, EQUIPAMENTOS, UTENSÍLIOS E  SUPRIMENTOS  HOSPITALARES;30261;VÁLVULA REGULADORA PARA GASES MEDICINAIS;621803;COMPATIBILIDADE: P/ CILINDRO, COMPONENTE: C/ 1 MANÔMETRO, MATERIAL: LATÃO CROMADO E POLÍMERO, MODELO: VÁLVULA REGULADORA DE PRESSÃO, TIPO DE GÁS: P/ OXIGÊNIO;UN;40,0000;360,0000;14400,0000;0,0000;21/09/2026
HOSPITAL DA MULHER PARTEIRA MARIA CORREIA/RN;931528;618;Material;931528-64/2026;PATRIMONIO - CEQUIP Aquisição de equipamentos hospitalares;Catálogo do Compras.gov.br;Material;6530;MOBILIÁRIO, EQUIPAMENTOS, UTENSÍLIOS E  SUPRIMENTOS  HOSPITALARES;6789;MATERIAL FISIOTERAPIA;615614;APLICAÇÃO: EXERCÍCIO FORTALECIMENTO MUSCULAR E MASSAGEM, CARACTERÍSTICAS ADICIONAIS: TEXTURIZADO, DIMENSÃO: CERCA DE 15 X 60, ESTERILIDADE: REUTILIZÁVEL, MATERIAL: EVA, TIPO: ROLO CILÍNDRICO;UN;2,0000;53,9500;107,9000;0,0000;21/09/2026
HOSPITAL DA MULHER PARTEIRA MARIA CORREIA/RN;931528;619;Material;931528-64/2026;PATRIMONIO - CEQUIP Aquisição de equipamentos hospitalares;Catálogo do Compras.gov.br;Material;6530;MOBILIÁRIO, EQUIPAMENTOS, UTENSÍLIOS E  SUPRIMENTOS  HOSPITALARES;6789;MATERIAL FISIOTERAPIA;615613;APLICAÇÃO: EXERCÍCIO FORTALECIMENTO MUSCULAR E MASSAGEM, CARACTERÍSTICAS ADICIONAIS: TEXTURIZADO, DIMENSÃO: CERCA DE 15 X 45, ESTERILIDADE: REUTILIZÁVEL, MATERIAL: EVA, TIPO: ROLO CILÍNDRICO;UN;2,0000;67,2700;134,5400;0,0000;21/09/2026
HOSPITAL DA MULHER PARTEIRA MARIA CORREIA/RN;931528;620;Material;931528-64/2026;PATRIMONIO - CEQUIP Aquisição de equipamentos hospitalares;Catálogo do Compras.gov.br;Material;6530;MOBILIÁRIO, EQUIPAMENTOS, UTENSÍLIOS E  SUPRIMENTOS  HOSPITALARES;6789;MATERIAL FISIOTERAPIA;615612;APLICAÇÃO: EXERCÍCIO FORTALECIMENTO MUSCULAR E MASSAGEM, CARACTERÍSTICAS ADICIONAIS: TEXTURIZADO, DIMENSÃO: CERCA DE 15 X 30, ESTERILIDADE: REUTILIZÁVEL, MATERIAL: EVA, TIPO: ROLO CILÍNDRICO;UN;2,0000;76,5800;153,1600;0,0000;21/09/2026
HOSPITAL DA MULHER PARTEIRA MARIA CORREIA/RN;931528;621;Material;931528-64/2026;PATRIMONIO - CEQUIP Aquisição de equipamentos hospitalares;Catálogo do Compras.gov.br;Material;6530;MOBILIÁRIO, EQUIPAMENTOS, UTENSÍLIOS E  SUPRIMENTOS  HOSPITALARES;6789;MATERIAL FISIOTERAPIA;468506;CAPACIDADE: ATÉ 300, MATERIAL: BORRACHA NATURAL, TAMANHO: 45CM CIRCUNFERÊNCIA, TIPO: BOLA DE FEIJÃO - BOBATH;UN;2,0000;385,0000;770,0000;0,0000;21/09/2026
HOSPITAL DA MULHER PARTEIRA MARIA CORREIA/RN;931528;622;Material;931528-64/2026;PATRIMONIO - CEQUIP Aquisição de equipamentos hospitalares;Catálogo do Compras.gov.br;Material;6530;MOBILIÁRIO, EQUIPAMENTOS, UTENSÍLIOS E  SUPRIMENTOS  HOSPITALARES;3523;BICICLETA HORIZONTAL EXERCÍCIOS REABILITAÇÃO FÍSICA;604884;ACESSÓRIOS: PESEIRA, MANOPLA, C/ SUSTENTAÇÃO MEMBROS, AJUSTE: TREINO PASSIVO, ATIVO E ASSISTIDO, APLICAÇÃO: P/ BRAÇO E PERNA, USO NO LEITO, MODELO: CICLOERGÔMETRO COMPUTADORIZADO, PORTÁTIL, TIPO MEDIÇÃO: SIMETRIA, TÔNUS, FORÇA, TIPO PAINEL: TELA AJUSTE DIGITAL, TIPO PINTURA: ELETROSTÁTICA, BASE  ARTICULÁVEL E REGULÁVEL;UN;3,0000;140,5500;421,6500;0,0000;21/09/2026
HOSPITAL DA MULHER PARTEIRA MARIA CORREIA/RN;931528;623;Material;931528-64/2026;PATRIMONIO - CEQUIP Aquisição de equipamentos hospitalares;Catálogo do Compras.gov.br;Material;6530;MOBILIÁRIO, EQUIPAMENTOS, UTENSÍLIOS E  SUPRIMENTOS  HOSPITALARES;6789;MATERIAL FISIOTERAPIA;348097;APLICAÇÃO: MÉDIA FREQUÊNCIA, 3 CORRENTES, 6 ESTÍMULOS, CARACTERÍSTICAS ADICIONAIS: TEMPORIZADOR ELETRÔNICO REGRESSIVO VARIÁVEL 1-60', COMPONENTES: 4 CANAIS INDEPENDENTES, FES 3 MODOS ESTIMULAÇÃO, OUTROS COMPONENTES: CONTROLE SUBIDA, DESCIDA, SUSTENTAÇÃO E REPOUSO, TIPO: APARELHO TENS/FES;UN;3,0000;859,0000;2577,0000;0,0000;21/09/2026
HOSPITAL DA MULHER PARTEIRA MARIA CORREIA/RN;931528;624;Material;931528-64/2026;PATRIMONIO - CEQUIP Aquisição de equipamentos hospitalares;Catálogo do Compras.gov.br;Material;6530;MOBILIÁRIO, EQUIPAMENTOS, UTENSÍLIOS E  SUPRIMENTOS  HOSPITALARES;6789;MATERIAL FISIOTERAPIA;362887;CARACTERÍSTICAS ADICIONAIS: RESISTÊNCIA EXPIRATÓRIA GRADATIVA, COMPONENTES: VÁLVULA AJUSTÁVEL 4 A 20CMH2O, TIPO: SISTEMA P/PRESSÃO EXPIRATÓRIA POSITIVA;CJ;5,0000;180,9000;904,5000;0,0000;21/09/2026
HOSPITAL DA MULHER PARTEIRA MARIA CORREIA/RN;931528;625;Material;931528-64/2026;PATRIMONIO - CEQUIP Aquisição de equipamentos hospitalares;Catálogo do Compras.gov.br;Material;6530;MOBILIÁRIO, EQUIPAMENTOS, UTENSÍLIOS E  SUPRIMENTOS  HOSPITALARES;2662;VENTILADOR NÃO INVASIVO;454270;ADICIONAL 1: TRAQUEIAS, ADICIONAL*: UMIDIFICADOR, APLICAÇÃO: NEONATAL, COMPONENTE 3: MISTURADOR DE GASES, COMPONENTE 4: ALARME, CONTROLES: CONTROLE DE FLUXO E CONCENTRAÇÃO DE O2, FAIXA DE PRESSÃO: CERCA DE 0 A 15 CM H20, MODOS VENTILAÇÃO: PRESSÃO EM SELO D'ÁGUA, TIPO USO: EM REDE DE O2 E AR COMPRIMIDO, TIPO*: GERADOR DE FLUXO, VÁLVULA: VÁLVULA SEGURANÇA;UN;7,0000;26000,0000;182000,0000;0,0000;21/09/2026
HOSPITAL DA MULHER PARTEIRA MARIA CORREIA/RN;931528;626;Material;931528-64/2026;PATRIMONIO - CEQUIP Aquisição de equipamentos hospitalares;Catálogo do Compras.gov.br;Material;6530;MOBILIÁRIO, EQUIPAMENTOS, UTENSÍLIOS E  SUPRIMENTOS  HOSPITALARES;30278;COLCHÃO D'ÁGUA - USO EM SAÚDE;623246;CAPACIDADE: ATÉ 130 KG, DIMENSÕES ( COMP X LARG ): CERCA DE 185 X 80 CM, MATERIAL: POLÍMERO RESISTENTE, IMPERMEÁVEL, MODELO: TUBULAR;UN;20,0000;259,8900;5197,8000;0,0000;21/09/2026
HOSPITAL DA MULHER PARTEIRA MARIA CORREIA/RN;931528;627;Material;931528-64/2026;PATRIMONIO - CEQUIP Aquisição de equipamentos hospitalares;Catálogo do Compras.gov.br;Material;6530;MOBILIÁRIO, EQUIPAMENTOS, UTENSÍLIOS E  SUPRIMENTOS  HOSPITALARES;;;;;-;0,0000;0,0000;19520,5500;0,0000;21/09/2026
HOSPITAL DA MULHER PARTEIRA MARIA CORREIA/RN;931528;628;Material;931528-63/2026;PATRIMÔNIO - Aquisição Bens Mobiliário e outros;Catálogo do Compras.gov.br;Material;7210;UTENSÍLIOS DOMÉSTICOS;18651;JOGO CAMA;603492;COMPONENTES: SOBRE LENÇOL, LENÇOL E FRONHAS, COR: VARIADA, MATERIAL: 100% MICROFIBRA, TIPO: CASAL;UN;100,0000;53,0000;5300,0000;0,0000;21/09/2026
HOSPITAL DA MULHER PARTEIRA MARIA CORREIA/RN;931528;629;Material;931528-63/2026;PATRIMÔNIO - Aquisição Bens Mobiliário e outros;Catálogo do Compras.gov.br;Material;6530;MOBILIÁRIO, EQUIPAMENTOS, UTENSÍLIOS E  SUPRIMENTOS  HOSPITALARES;4076;CADEIRA DE RODAS;404339;ACABAMENTO DO ENCOSTO E ASSENTO: PLÁSTICO RESISTENTE, ACABAMENTO ESTRUTURA: ESMALTADO, APOIO PÉS: APOIO PÉS FIXO, CAPACIDADE MÁXIMA: ATÉ 250, CARACTERÍSTICAS ADICIONAIS: ENCAIXE PARA VASO SANITÁRIO, MATERIAL ESTRUTURA: AÇO INOXIDÁVEL, TAMANHO: ADULTO, TIPO CONSTRUTIVO: FIXA, TIPO DE PNEU: PNEUS DIANTEIROS MACIÇOS, TIPO ENCOSTO: ENCOSTO FIXO, TIPO FUNCIONAMENTO: MANUAL, TIPO PNEU TRASEIRO: TRASEIRO MACIÇO, TIPO USO: BANHO;UN;20,0000;1990,0000;39800,0000;0,0000;21/09/2026
HOSPITAL DA MULHER PARTEIRA MARIA CORREIA/RN;931528;630;Material;931528-63/2026;PATRIMÔNIO - Aquisição Bens Mobiliário e outros;Catálogo do Compras.gov.br;Material;6530;MOBILIÁRIO, EQUIPAMENTOS, UTENSÍLIOS E  SUPRIMENTOS  HOSPITALARES;9639;CAMA HOSPITALAR;467578;CAPACIDADE DE CARGA: ATÉ 300, CARACTERÍSTICAS ADICIONAIS: POSIÇÕES TRENDELEMBURG, REVERSO E CADEIRA, CARACTERÍSTICAS ADICIONAIS 01: GRADES ESCAMOTEÁVEIS, COMPONENTES: CABEÇEIRA E PESEIRA REMOVÍVEIS PLÁSTICO, COMPONENTES 01: ALTURA REGULÁVEL, DIMENSÃO: CERCA DE 2,00 X 0,90, MATERIAL: TUBULAR AÇO CARBONO, RODAS: RODÍZIOS C/ FREIOS, TIPO: MANIVELAS;UN;10,0000;5976,0000;59760,0000;0,0000;21/09/2026
HOSPITAL DA MULHER PARTEIRA MARIA CORREIA/RN;931528;631;Material;931528-63/2026;PATRIMÔNIO - Aquisição Bens Mobiliário e outros;Catálogo do Compras.gov.br;Material;6530;MOBILIÁRIO, EQUIPAMENTOS, UTENSÍLIOS E  SUPRIMENTOS  HOSPITALARES;9639;CAMA HOSPITALAR;422533;ACABAMENTO DA SUPERFÍCIE: PINTURA ELETROSTÁTICA, ALTURA: CERCA DE 0,60, CAPACIDADE DE CARGA: ATÉ 150, CARACTERÍSTICAS ADICIONAIS: CABECEIRA, PESEIRA, GRADE ESCAMOTEÁVEIS, COMPONENTES: SUPORTE DE SORO, COMPRIMENTO: ATÉ 1,90, LARGURA: CERCA DE 0,80, MATERIAL: AÇO INOXIDÁVEL, RODAS: 4 RODÍZIOS DE 5", FREIO EM 2 RODÍZIOS DIAGONAIS, TIPO: 3 MANIVELAS ESCAMOTEÁVEIS, TIPOS DE ACIONAMENTO: MANUAL;UN;10,0000;4876,0000;48760,0000;0,0000;21/09/2026
HOSPITAL DA MULHER PARTEIRA MARIA CORREIA/RN;931528;632;Material;931528-63/2026;PATRIMÔNIO - Aquisição Bens Mobiliário e outros;Catálogo do Compras.gov.br;Material;6530;MOBILIÁRIO, EQUIPAMENTOS, UTENSÍLIOS E  SUPRIMENTOS  HOSPITALARES;30162;COLCHÃO USO HOSPITALAR;614718;DENSIDADE: CERCA DE D-26 A D-33, DIMENSÕES  (C X L X A): CERCA DE 188 X 88 X 18, MATERIAL: ESPUMA FLEXÍVEL POLIURETANO, REVESTIMENTO: C/ CAPA REMOVÍVEL, TOTALMENTE IMPERMEÁVEL;UN;10,0000;1247,0000;12470,0000;0,0000;21/09/2026
HOSPITAL DA MULHER PARTEIRA MARIA CORREIA/RN;931528;633;Material;931528-63/2026;PATRIMÔNIO - Aquisição Bens Mobiliário e outros;Catálogo do Compras.gov.br;Material;6530;MOBILIÁRIO, EQUIPAMENTOS, UTENSÍLIOS E  SUPRIMENTOS  HOSPITALARES;18559;BERÇO HOSPITALAR;443184;ACESSÓRIOS: SUPORTE SORO, ACIONAMENTO: MANUAL, BASE DO LEITO: LEITO ESTRADO FIXO, COMPONENTES 2: COLCHÃO, DIMENSÕES: CERCA DE 80 X 140, MATERIAL DA ESTRUTURA: AÇO CARBONO, PINTURA ELETROSTÁTICA, PÉS: PÉS FIXOS C/ PONTEIRA DE BORRACHA, TIPO CABECEIRA / PESEIRA: CABECEIRA E PESEIRA EM POLIURETANO, TIPO GRADE: GRADES LATERAIS DESLIZANTES;UN;10,0000;2698,0000;26980,0000;0,0000;21/09/2026
HOSPITAL DA MULHER PARTEIRA MARIA CORREIA/RN;931528;634;Material;931528-63/2026;PATRIMÔNIO - Aquisição Bens Mobiliário e outros;Catálogo do Compras.gov.br;Material;6530;MOBILIÁRIO, EQUIPAMENTOS, UTENSÍLIOS E  SUPRIMENTOS  HOSPITALARES;30162;COLCHÃO USO HOSPITALAR;614706;DENSIDADE: CERCA DE D-26 A D-33, DIMENSÕES  (C X L X A): CERCA DE 188 X 78 X 12, MATERIAL: ESPUMA FLEXÍVEL POLIURETANO, REVESTIMENTO: C/ CAPA REMOVÍVEL, TOTALMENTE IMPERMEÁVEL;UN;30,0000;399,0000;11970,0000;0,0000;21/09/2026
HOSPITAL DA MULHER PARTEIRA MARIA CORREIA/RN;931528;635;Material;931528-62/2026;PATRIMÔNIO - TI - Aquisição Material e Equipamentos;Catálogo do Compras.gov.br;Material;7090;SUPRIMENTOS DE INFORMÁTICA - TIC;5409;MOUSE COMPUTADOR;451822;CONECTIVIDADE: COM FIO, SENSOR: LED, TAMANHO: PADRÃO, TIPO CONECTOR: USB;UN;50,0000;174,4200;8721,0000;0,0000;21/09/2026
HOSPITAL DA MULHER PARTEIRA MARIA CORREIA/RN;931528;636;Material;931528-62/2026;PATRIMÔNIO - TI - Aquisição Material e Equipamentos;Catálogo do Compras.gov.br;Material;7080;PEÇAS, ACESSÓRIOS E FERRAMENTAS PARA REDES DE TIC;208;CABO REDE COMPUTADOR;626126;CARACTERÍSTICAS ADICIONAIS: TRANSPARENTE NÃO PROPAGANTE A CHAMA UL 94V-0, CATEGORIA: 6, COMPRIMENTO: 1,5, COR: AZUL, MATERIAL CONDUTOR: COBRE ELETROLÍTICO, MATERIAL REVESTIMENTO: TERMOPLÁSTICO DE ALTA QUALIDADE, TIPO CABO: U/UTP;CX;15,0000;200,0000;3000,0000;0,0000;21/09/2026
HOSPITAL DA MULHER PARTEIRA MARIA CORREIA/RN;931528;637;Material;931528-61/2026;PATRIMÔNIO - TI - Aquisição Material e EquipamentoS;Catálogo do Compras.gov.br;Material;7060;PEÇAS E ACESSÓRIOS PARA COMPUTADORES;14650;CÂMERA VIDEOCONFERÊNCIA;479217;CARACTERÍSTICAS ADICIONAIS: WEBCAM USB COM MICROFONE EMBUTIDO, RESOLUÇÃO: 1080 X 1920, TIPO LENTE: FOCO AUTOMÁTICO, VELOCIDADE TRANSMISSÃO VÍDEO: 60;UN;8,0000;458,9000;3671,2000;0,0000;21/09/2026
HOSPITAL DA MULHER PARTEIRA MARIA CORREIA/RN;931528;638;Material;931528-61/2026;PATRIMÔNIO - TI - Aquisição Material e EquipamentoS;Catálogo do Compras.gov.br;Material;7060;PEÇAS E ACESSÓRIOS PARA COMPUTADORES;7709;FONTE ALIMENTAÇÃO;617031;APLICAÇÃO: MICROCOMPUTADOR, CARACTERÍSTICAS ADICIONAIS 1: CONECTOR ATX 20/40 PINOS, CONECTOR ATX 2.0 12V, DIMENSÕES: 7,0 X 8,5X 17,5  (AXLXC), FREQUÊNCIA NOMINAL: 50/60, MODELO: ATX SLIM, POTÊNCIA NOMINAL: 300, TENSÃO ALIMENTAÇÃO: 110/240;UN;50,0000;300,0000;15000,0000;0,0000;21/09/2026
HOSPITAL DA MULHER PARTEIRA MARIA CORREIA/RN;931528;639;Material;931528-60/2026;ALMOXARIFADO Aquisição de materiais de limpeza e higiene, materiais de expediente administrativo e m;Catálogo do Compras.gov.br;Material;6840;PESTICIDAS E DESINFETANTES;14487;DESINFETANTE;408649;CARACTERÍSTICA ADICIONAL: COM AROMA, COMPOSIÇÃO: À BASE DE QUATERNÁRIO DE AMÔNIO, FORMA FÍSICA: SOLUÇÃO AQUOSA, PRINCÍPIO ATIVO: CLORETO ALQUIL DIMETIL BENZIL AMÔNIO +TENSIOATIVOS, TEOR ATIVO: TEOR ATIVO EM TORNO DE 15%;L;540,0000;60,0000;32400,0000;0,0000;21/09/2026
HOSPITAL DA MULHER PARTEIRA MARIA CORREIA/RN;931528;640;Material;931528-60/2026;ALMOXARIFADO Aquisição de materiais de limpeza e higiene, materiais de expediente administrativo e m;Catálogo do Compras.gov.br;Material;6840;PESTICIDAS E DESINFETANTES;14487;DESINFETANTE;625338;CARACTERÍSTICA ADICIONAL: BACTERICIDA AROMATIZANTE COM FRAGRÂNCIAS SUAVES, COMPOSIÇÃO: CLORETO DE BENZALCÔNICO, EMULSSIFICANTE, ESSÊNCIA,, FORMA FÍSICA: LÍQUIDA, PRINCÍPIO ATIVO: CLORETO DE BENZALCÕNICO, TEOR ATIVO: 0,7% (P/P);L;720,0000;25,0000;18000,0000;0,0000;21/09/2026
HOSPITAL DA MULHER PARTEIRA MARIA CORREIA/RN;931528;641;Material;931528-60/2026;ALMOXARIFADO Aquisição de materiais de limpeza e higiene, materiais de expediente administrativo e m;Catálogo do Compras.gov.br;Material;6840;PESTICIDAS E DESINFETANTES;2017;ÁCIDO PERACÉTICO;423424;COMPOSIÇÃO: ASSOCIADO AO PERÓXIDO DE HIDROGÊNIO E ÁC. ACÉTICO, CONCENTRAÇÕES: CERCA DE 3,5% + 30% + 4%, FORMA FISICA: SOLUÇÃO AQUOSA;L;96,0000;800,0000;76800,0000;0,0000;21/09/2026
HOSPITAL DA MULHER PARTEIRA MARIA CORREIA/RN;931528;642;Material;931528-60/2026;ALMOXARIFADO Aquisição de materiais de limpeza e higiene, materiais de expediente administrativo e m;Catálogo do Compras.gov.br;Material;6840;PESTICIDAS E DESINFETANTES;19398;INSETICIDA;484679;APLICAÇÃO: USO DOMÉSTICO, TIPO: LÍQUIDO;UN;400,0000;20,9000;8360,0000;0,0000;21/09/2026
HOSPITAL DA MULHER PARTEIRA MARIA CORREIA/RN;931528;643;Material;931528-60/2026;ALMOXARIFADO Aquisição de materiais de limpeza e higiene, materiais de expediente administrativo e m;Catálogo do Compras.gov.br;Material;6840;PESTICIDAS E DESINFETANTES;;;;;-;0,0000;0,0000;850000,0000;0,0000;21/09/2026
HOSPITAL DA MULHER PARTEIRA MARIA CORREIA/RN;931528;646;Material;931528-58/2026;LABORATÓRIO Aquisição de insumos essenciais para o funcionamento do Laboratório de Análises Clínicas;Catálogo do Compras.gov.br;Material;6820;CORANTES;13893;CORANTE;483789;APRESENTAÇÃO: CONJUNTO COMPLETO, TIPO*: PARA COLORAÇÃO DE RETICULINA;FR;6,0000;42,0000;252,0000;0,0000;21/09/2026
HOSPITAL DA MULHER PARTEIRA MARIA CORREIA/RN;931528;647;Material;931528-58/2026;LABORATÓRIO Aquisição de insumos essenciais para o funcionamento do Laboratório de Análises Clínicas;Catálogo do Compras.gov.br;Material;6820;CORANTES;13893;CORANTE;461105;TIPO*: CONJUNTO COLORAÇÃO ZIEHL-NEELSEN FITE FARACO;CJ;6,0000;76,5000;459,0000;0,0000;21/09/2026
HOSPITAL DA MULHER PARTEIRA MARIA CORREIA/RN;931528;648;Material;931528-57/2026;LABORATÓRIO Aquisição de insumos essenciais para o funcionamento do Laboratório de Análises Clínicas;Catálogo do Compras.gov.br;Material;6530;MOBILIÁRIO, EQUIPAMENTOS, UTENSÍLIOS E  SUPRIMENTOS  HOSPITALARES;449;CARRO TRANSPORTE MATERIAIS - ÁREA DE SAÚDE;339886;ACESSÓRIOS: P/SERVIÇOS,REFORÇADO,C/4 RODAS, ALTURA: 80, COMPRIMENTO: 100, LARGURA: 50, MATERIAL ESTRUTURA: AÇO INOXIDÁVEL, QUANTIDADE PRATELEIRAS: 2 PRATELEIRAS;UN;2,0000;3000,0000;6000,0000;0,0000;21/09/2026
HOSPITAL DA MULHER PARTEIRA MARIA CORREIA/RN;931528;649;Material;931528-56/2026;PATRIMONIO - CEQUIP Aquisição de equipamentos hospitalares;Catálogo do Compras.gov.br;Material;7020;IMPRESSORAS;8313;IMPRESSORA TÉRMICA;415111;APLICAÇÃO: IMPRESSÃO TÉRMICA DE PULSEIRA DE IDENTIFICAÇÃO, RESOLUÇÃO: 300, TIPO CONEXÃO: INTERFACE PARALELA E USB, VELOCIDADE IMPRESSÃO: 51;UN;5,0000;3544,0000;17720,0000;0,0000;21/09/2026
HOSPITAL DA MULHER PARTEIRA MARIA CORREIA/RN;931528;650;Material;931528-55/2026;NUTRIÇÃO Gêneros alimentícios - perecíveis;Catálogo do Compras.gov.br;Material;8915;FRUTAS, VERDURAS E LEGUMES;19789;FRUTA;464373;APRESENTAÇÃO: NATURAL, TIPO: ABACATE FORTUNA;KG;1020,0000;10,0000;10200,0000;0,0000;21/12/2026
HOSPITAL DA MULHER PARTEIRA MARIA CORREIA/RN;931528;651;Material;931528-55/2026;NUTRIÇÃO Gêneros alimentícios - perecíveis;Catálogo do Compras.gov.br;Material;8915;FRUTAS, VERDURAS E LEGUMES;19789;FRUTA;464374;APRESENTAÇÃO: NATURAL, TIPO: ABACAXI PÉROLA;KG;1020,0000;8,9900;9169,8000;0,0000;21/12/2026
HOSPITAL DA MULHER PARTEIRA MARIA CORREIA/RN;931528;652;Material;931528-55/2026;NUTRIÇÃO Gêneros alimentícios - perecíveis;Catálogo do Compras.gov.br;Material;8915;FRUTAS, VERDURAS E LEGUMES;19789;FRUTA;474374;ADICIONAL: PRETA, APRESENTAÇÃO: DESIDRATADA / SECA, TIPO 1: AMEIXA;G;3750,0000;39,9900;149962,5000;0,0000;21/12/2026
HOSPITAL DA MULHER PARTEIRA MARIA CORREIA/RN;931528;653;Material;931528-55/2026;NUTRIÇÃO Gêneros alimentícios - perecíveis;Catálogo do Compras.gov.br;Material;8915;FRUTAS, VERDURAS E LEGUMES;19789;FRUTA;464381;APRESENTAÇÃO: NATURAL, TIPO: BANANA PRATA / BANANA BRANCA;KG;7500,0000;4,0000;30000,0000;0,0000;21/12/2026
HOSPITAL DA MULHER PARTEIRA MARIA CORREIA/RN;931528;654;Material;931528-55/2026;NUTRIÇÃO Gêneros alimentícios - perecíveis;Catálogo do Compras.gov.br;Material;8915;FRUTAS, VERDURAS E LEGUMES;19789;FRUTA;464392;APRESENTAÇÃO: NATURAL, TIPO: GOIABA VERMELHA;KG;4500,0000;10,0000;45000,0000;0,0000;21/12/2026
HOSPITAL DA MULHER PARTEIRA MARIA CORREIA/RN;931528;655;Material;931528-55/2026;NUTRIÇÃO Gêneros alimentícios - perecíveis;Catálogo do Compras.gov.br;Material;8915;FRUTAS, VERDURAS E LEGUMES;19789;FRUTA;464393;APRESENTAÇÃO: NATURAL, TIPO: LARANJA PERA;KG;4500,0000;4,2500;19125,0000;0,0000;21/12/2026
HOSPITAL DA MULHER PARTEIRA MARIA CORREIA/RN;931528;656;Material;931528-55/2026;NUTRIÇÃO Gêneros alimentícios - perecíveis;Catálogo do Compras.gov.br;Material;8915;FRUTAS, VERDURAS E LEGUMES;19789;FRUTA;464398;APRESENTAÇÃO: NATURAL, TIPO: LIMÃO TAITI;KG;7500,0000;5,0000;37500,0000;0,0000;21/12/2026
HOSPITAL DA MULHER PARTEIRA MARIA CORREIA/RN;931528;657;Material;931528-55/2026;NUTRIÇÃO Gêneros alimentícios - perecíveis;Catálogo do Compras.gov.br;Material;8915;FRUTAS, VERDURAS E LEGUMES;19789;FRUTA;464401;APRESENTAÇÃO: NATURAL, TIPO: MAÇÃ FUJI;KG;3000,0000;11,9000;35700,0000;0,0000;21/12/2026
HOSPITAL DA MULHER PARTEIRA MARIA CORREIA/RN;931528;658;Material;931528-55/2026;NUTRIÇÃO Gêneros alimentícios - perecíveis;Catálogo do Compras.gov.br;Material;8915;FRUTAS, VERDURAS E LEGUMES;19789;FRUTA;464405;APRESENTAÇÃO: NATURAL, TIPO: MAMÃO FORMOSA;KG;7500,0000;3,0000;22500,0000;0,0000;21/12/2026
HOSPITAL DA MULHER PARTEIRA MARIA CORREIA/RN;931528;659;Material;931528-55/2026;NUTRIÇÃO Gêneros alimentícios - perecíveis;Catálogo do Compras.gov.br;Material;8915;FRUTAS, VERDURAS E LEGUMES;19789;FRUTA;464418;APRESENTAÇÃO: NATURAL, TIPO: MELANCIA VERMELHA;KG;3375,0000;2,0000;6750,0000;0,0000;21/12/2026
HOSPITAL DA MULHER PARTEIRA MARIA CORREIA/RN;931528;660;Material;931528-55/2026;NUTRIÇÃO Gêneros alimentícios - perecíveis;Catálogo do Compras.gov.br;Material;8915;FRUTAS, VERDURAS E LEGUMES;19789;FRUTA;464415;APRESENTAÇÃO: NATURAL, TIPO: MARACUJÁ AZEDO / MARACUJÁ AMARELO;KG;7500,0000;6,8000;51000,0000;0,0000;21/12/2026
HOSPITAL DA MULHER PARTEIRA MARIA CORREIA/RN;931528;661;Material;931528-55/2026;NUTRIÇÃO Gêneros alimentícios - perecíveis;Catálogo do Compras.gov.br;Material;8915;FRUTAS, VERDURAS E LEGUMES;19789;FRUTA;464421;APRESENTAÇÃO: NATURAL, TIPO: MELÃO CANTALOUPE;KG;3750,0000;2,5000;9375,0000;0,0000;21/12/2026
HOSPITAL DA MULHER PARTEIRA MARIA CORREIA/RN;931528;662;Material;931528-55/2026;NUTRIÇÃO Gêneros alimentícios - perecíveis;Catálogo do Compras.gov.br;Material;8915;FRUTAS, VERDURAS E LEGUMES;19789;FRUTA;464426;APRESENTAÇÃO: NATURAL, TIPO: PERA D'ÁGUA;KG;3000,0000;16,0000;48000,0000;0,0000;21/12/2026
HOSPITAL DA MULHER PARTEIRA MARIA CORREIA/RN;931528;663;Material;931528-55/2026;NUTRIÇÃO Gêneros alimentícios - perecíveis;Catálogo do Compras.gov.br;Material;8915;FRUTAS, VERDURAS E LEGUMES;19789;FRUTA;481037;ADICIONAL: ORGÂNICA, APRESENTAÇÃO: NATURAL, TIPO: TANGERINA PONCAN;KG;3000,0000;14,0000;42000,0000;0,0000;21/12/2026
HOSPITAL DA MULHER PARTEIRA MARIA CORREIA/RN;931528;664;Material;931528-55/2026;NUTRIÇÃO Gêneros alimentícios - perecíveis;Catálogo do Compras.gov.br;Material;8915;FRUTAS, VERDURAS E LEGUMES;19789;FRUTA;464438;APRESENTAÇÃO: NATURAL, TIPO: UVA ITÁLIA;KG;1500,0000;12,0000;18000,0000;0,0000;21/12/2026
HOSPITAL DA MULHER PARTEIRA MARIA CORREIA/RN;931528;665;Material;931528-55/2026;NUTRIÇÃO Gêneros alimentícios - perecíveis;Catálogo do Compras.gov.br;Material;8915;FRUTAS, VERDURAS E LEGUMES;19789;FRUTA;464439;APRESENTAÇÃO: NATURAL, TIPO: UVA NIÁGARA ROSADA;KG;1500,0000;15,0000;22500,0000;0,0000;21/12/2026
HOSPITAL DA MULHER PARTEIRA MARIA CORREIA/RN;931528;666;Material;931528-55/2026;NUTRIÇÃO Gêneros alimentícios - perecíveis;Catálogo do Compras.gov.br;Material;8915;FRUTAS, VERDURAS E LEGUMES;19789;FRUTA;464883;ADICIONAL: PRETA, APRESENTAÇÃO: DESIDRATADA / SECA, TIPO 1: UVA PASSA;KG;750,0000;27,9000;20925,0000;0,0000;21/12/2026
HOSPITAL DA MULHER PARTEIRA MARIA CORREIA/RN;931528;667;Material;931528-55/2026;NUTRIÇÃO Gêneros alimentícios - perecíveis;Catálogo do Compras.gov.br;Material;8915;FRUTAS, VERDURAS E LEGUMES;19790;POLPA DE FRUTA;464484;APRESENTAÇÃO: CONGELADA, TIPO: ACEROLA;KG;1500,0000;27,1500;40725,0000;0,0000;21/12/2026
HOSPITAL DA MULHER PARTEIRA MARIA CORREIA/RN;931528;668;Material;931528-55/2026;NUTRIÇÃO Gêneros alimentícios - perecíveis;Catálogo do Compras.gov.br;Material;8915;FRUTAS, VERDURAS E LEGUMES;19790;POLPA DE FRUTA;464514;APRESENTAÇÃO: CONGELADA, TIPO: GOIABA VERMELHA;KG;3000,0000;23,9000;71700,0000;0,0000;21/12/2026
HOSPITAL DA MULHER PARTEIRA MARIA CORREIA/RN;931528;669;Material;931528-55/2026;NUTRIÇÃO Gêneros alimentícios - perecíveis;Catálogo do Compras.gov.br;Material;8915;FRUTAS, VERDURAS E LEGUMES;19790;POLPA DE FRUTA;464511;APRESENTAÇÃO: CONGELADA, TIPO: CAJU;KG;3000,0000;32,9000;98700,0000;0,0000;21/12/2026
HOSPITAL DA MULHER PARTEIRA MARIA CORREIA/RN;931528;670;Material;931528-55/2026;NUTRIÇÃO Gêneros alimentícios - perecíveis;Catálogo do Compras.gov.br;Material;8915;FRUTAS, VERDURAS E LEGUMES;19790;POLPA DE FRUTA;464485;APRESENTAÇÃO: CONGELADA, TIPO: CAJÁ;KG;3000,0000;27,0000;81000,0000;0,0000;21/12/2026
HOSPITAL DA MULHER PARTEIRA MARIA CORREIA/RN;931528;671;Material;931528-55/2026;NUTRIÇÃO Gêneros alimentícios - perecíveis;Catálogo do Compras.gov.br;Material;8915;FRUTAS, VERDURAS E LEGUMES;19790;POLPA DE FRUTA;464465;APRESENTAÇÃO: CONGELADA, TIPO: UVA;KG;3000,0000;32,0000;96000,0000;0,0000;21/12/2026
HOSPITAL DA MULHER PARTEIRA MARIA CORREIA/RN;931528;672;Material;931528-55/2026;NUTRIÇÃO Gêneros alimentícios - perecíveis;Catálogo do Compras.gov.br;Material;8915;FRUTAS, VERDURAS E LEGUMES;19773;VERDURA IN NATURA;463818;TIPO: ACELGA;KG;1125,0000;5,5000;6187,5000;0,0000;21/12/2026
HOSPITAL DA MULHER PARTEIRA MARIA CORREIA/RN;931528;675;Material;931528-55/2026;NUTRIÇÃO Gêneros alimentícios - perecíveis;Catálogo do Compras.gov.br;Material;8915;FRUTAS, VERDURAS E LEGUMES;19773;VERDURA IN NATURA;463845;APRESENTAÇÃO: ORGÂNICA, TIPO: ALFACE AMERICANA;KG;15000,0000;5,2700;79050,0000;0,0000;21/12/2026
HOSPITAL DA MULHER PARTEIRA MARIA CORREIA/RN;931528;676;Material;931528-55/2026;NUTRIÇÃO Gêneros alimentícios - perecíveis;Catálogo do Compras.gov.br;Material;8915;FRUTAS, VERDURAS E LEGUMES;19773;VERDURA IN NATURA;463827;TIPO: SALSÃO;KG;1500,0000;1,8000;2700,0000;0,0000;21/12/2026
HOSPITAL DA MULHER PARTEIRA MARIA CORREIA/RN;931528;677;Material;931528-55/2026;NUTRIÇÃO Gêneros alimentícios - perecíveis;Catálogo do Compras.gov.br;Material;8915;FRUTAS, VERDURAS E LEGUMES;19773;VERDURA IN NATURA;463842;APRESENTAÇÃO: ORGÂNICA, TIPO: COUVE;KG;15000,0000;11,0000;165000,0000;0,0000;21/12/2026
HOSPITAL DA MULHER PARTEIRA MARIA CORREIA/RN;931528;678;Material;931528-55/2026;NUTRIÇÃO Gêneros alimentícios - perecíveis;Catálogo do Compras.gov.br;Material;8915;FRUTAS, VERDURAS E LEGUMES;19772;LEGUME IN NATURA;463789;TIPO: INHAME;KG;7500,0000;4,5000;33750,0000;0,0000;21/12/2026
HOSPITAL DA MULHER PARTEIRA MARIA CORREIA/RN;931528;679;Material;931528-55/2026;NUTRIÇÃO Gêneros alimentícios - perecíveis;Catálogo do Compras.gov.br;Material;8915;FRUTAS, VERDURAS E LEGUMES;19772;LEGUME IN NATURA;463812;APRESENTAÇÃO: ORGÂNICO, TIPO: PIMENTÃO VERDE;KG;1500,0000;10,9000;16350,0000;0,0000;21/12/2026
HOSPITAL DA MULHER PARTEIRA MARIA CORREIA/RN;931528;680;Material;931528-55/2026;NUTRIÇÃO Gêneros alimentícios - perecíveis;Catálogo do Compras.gov.br;Material;8915;FRUTAS, VERDURAS E LEGUMES;19772;LEGUME IN NATURA;463796;TIPO: PEPINO;KG;3000,0000;6,9000;20700,0000;0,0000;21/12/2026
HOSPITAL DA MULHER PARTEIRA MARIA CORREIA/RN;931528;681;Material;931528-55/2026;NUTRIÇÃO Gêneros alimentícios - perecíveis;Catálogo do Compras.gov.br;Material;8915;FRUTAS, VERDURAS E LEGUMES;19772;LEGUME IN NATURA;463784;APRESENTAÇÃO: ORGÂNICO, TIPO: CEBOLA BRANCA;KG;1500,0000;6,4800;9720,0000;0,0000;21/12/2026
HOSPITAL DA MULHER PARTEIRA MARIA CORREIA/RN;931528;682;Material;931528-55/2026;NUTRIÇÃO Gêneros alimentícios - perecíveis;Catálogo do Compras.gov.br;Material;8915;FRUTAS, VERDURAS E LEGUMES;19772;LEGUME IN NATURA;463773;APRESENTAÇÃO: ORGÂNICO, TIPO: CENOURA;KG;1500,0000;2,9900;4485,0000;0,0000;21/12/2026
HOSPITAL DA MULHER PARTEIRA MARIA CORREIA/RN;931528;683;Material;931528-55/2026;NUTRIÇÃO Gêneros alimentícios - perecíveis;Catálogo do Compras.gov.br;Material;8915;FRUTAS, VERDURAS E LEGUMES;19772;LEGUME IN NATURA;463779;APRESENTAÇÃO: ORGÂNICO, TIPO: CHUCHU VERDE;KG;3000,0000;3,9900;11970,0000;0,0000;21/12/2026
HOSPITAL DA MULHER PARTEIRA MARIA CORREIA/RN;931528;684;Material;931528-55/2026;NUTRIÇÃO Gêneros alimentícios - perecíveis;Catálogo do Compras.gov.br;Material;8915;FRUTAS, VERDURAS E LEGUMES;19772;LEGUME IN NATURA;617162;APRESENTAÇÃO: NATURAL, TIPO 1: BATATA DOCE CASCA ROSADA;KG;1500,0000;2,5800;3870,0000;0,0000;21/12/2026
HOSPITAL DA MULHER PARTEIRA MARIA CORREIA/RN;931528;685;Material;931528-55/2026;NUTRIÇÃO Gêneros alimentícios - perecíveis;Catálogo do Compras.gov.br;Material;8915;FRUTAS, VERDURAS E LEGUMES;19772;LEGUME IN NATURA;468302;TIPO: BATATA INGLESA BOLINHA;KG;3000,0000;9,7600;29280,0000;0,0000;21/12/2026
HOSPITAL DA MULHER PARTEIRA MARIA CORREIA/RN;931528;686;Material;931528-55/2026;NUTRIÇÃO Gêneros alimentícios - perecíveis;Catálogo do Compras.gov.br;Material;8915;FRUTAS, VERDURAS E LEGUMES;19772;LEGUME IN NATURA;463768;APRESENTAÇÃO: ORGÂNICO, TIPO: BETERRABA;KG;3000,0000;5,5900;16770,0000;0,0000;21/12/2026
HOSPITAL DA MULHER PARTEIRA MARIA CORREIA/RN;931528;687;Material;931528-55/2026;NUTRIÇÃO Gêneros alimentícios - perecíveis;Catálogo do Compras.gov.br;Material;8915;FRUTAS, VERDURAS E LEGUMES;19772;LEGUME IN NATURA;463804;TIPO: TOMATE CAQUI;KG;3000,0000;5,9900;17970,0000;0,0000;21/12/2026
HOSPITAL DA MULHER PARTEIRA MARIA CORREIA/RN;931528;688;Material;931528-55/2026;NUTRIÇÃO Gêneros alimentícios - perecíveis;Catálogo do Compras.gov.br;Material;8910;OVOS E LATICÍNIOS;18653;BEBIDA LÁCTEA;469775;SABOR: LEITE FERMENTADO;L;1500,0000;21,9000;32850,0000;0,0000;21/12/2026
HOSPITAL DA MULHER PARTEIRA MARIA CORREIA/RN;931528;689;Material;931528-55/2026;NUTRIÇÃO Gêneros alimentícios - perecíveis;Catálogo do Compras.gov.br;Material;8910;OVOS E LATICÍNIOS;18653;BEBIDA LÁCTEA;304420;APRESENTAÇÃO: EMBALAGEM TETRAPACK, SABOR: MORANGO;L;750,0000;16,5000;12375,0000;0,0000;21/12/2026
HOSPITAL DA MULHER PARTEIRA MARIA CORREIA/RN;931528;690;Material;931528-55/2026;NUTRIÇÃO Gêneros alimentícios - perecíveis;Catálogo do Compras.gov.br;Material;8905;CARNES, AVES E PEIXES;4548;CARNE BOVINA IN NATURA;447402;APRESENTAÇÃO: FATIADA EM BIFE, ESTADO DE CONSERVAÇÃO: RESFRIADO(A), TIPO CORTE: ALCATRA;KG;1500,0000;54,0200;81030,0000;0,0000;21/12/2026
HOSPITAL DA MULHER PARTEIRA MARIA CORREIA/RN;931528;691;Material;931528-55/2026;NUTRIÇÃO Gêneros alimentícios - perecíveis;Catálogo do Compras.gov.br;Material;8905;CARNES, AVES E PEIXES;4548;CARNE BOVINA IN NATURA;447404;APRESENTAÇÃO: CORTADA EM CUBOS, ESTADO DE CONSERVAÇÃO: CONGELADO(A), TIPO CORTE: ALCATRA;KG;1500,0000;54,0200;81030,0000;0,0000;21/12/2026
HOSPITAL DA MULHER PARTEIRA MARIA CORREIA/RN;931528;692;Material;931528-55/2026;NUTRIÇÃO Gêneros alimentícios - perecíveis;Catálogo do Compras.gov.br;Material;8905;CARNES, AVES E PEIXES;4548;CARNE BOVINA IN NATURA;447468;APRESENTAÇÃO: PEÇA INTEIRA, ESTADO DE CONSERVAÇÃO: CONGELADO(A), TIPO CORTE: FRALDINHA;KG;750,0000;39,9900;29992,5000;0,0000;21/12/2026
HOSPITAL DA MULHER PARTEIRA MARIA CORREIA/RN;931528;693;Material;931528-55/2026;NUTRIÇÃO Gêneros alimentícios - perecíveis;Catálogo do Compras.gov.br;Material;8905;CARNES, AVES E PEIXES;4548;CARNE BOVINA IN NATURA;447462;APRESENTAÇÃO: PEÇA INTEIRA, ESTADO DE CONSERVAÇÃO: RESFRIADO(A), TIPO CORTE: CONTRAFILÉ;KG;750,0000;65,9900;49492,5000;0,0000;21/12/2026
HOSPITAL DA MULHER PARTEIRA MARIA CORREIA/RN;931528;694;Material;931528-55/2026;NUTRIÇÃO Gêneros alimentícios - perecíveis;Catálogo do Compras.gov.br;Material;8905;CARNES, AVES E PEIXES;4548;CARNE BOVINA IN NATURA;447413;APRESENTAÇÃO: CORTADA, ESTADO DE CONSERVAÇÃO: RESFRIADO(A), TIPO CORTE: COSTELA;KG;1500,0000;27,9800;41970,0000;0,0000;21/12/2026
HOSPITAL DA MULHER PARTEIRA MARIA CORREIA/RN;931528;695;Material;931528-55/2026;NUTRIÇÃO Gêneros alimentícios - perecíveis;Catálogo do Compras.gov.br;Material;8905;CARNES, AVES E PEIXES;4548;CARNE BOVINA IN NATURA;447432;APRESENTAÇÃO: PEÇA INTEIRA, ESTADO DE CONSERVAÇÃO: RESFRIADO(A), TIPO CORTE: COXÃO MOLE;KG;750,0000;52,9900;39742,5000;0,0000;21/12/2026
HOSPITAL DA MULHER PARTEIRA MARIA CORREIA/RN;931528;696;Material;931528-55/2026;NUTRIÇÃO Gêneros alimentícios - perecíveis;Catálogo do Compras.gov.br;Material;8905;CARNES, AVES E PEIXES;4548;CARNE BOVINA IN NATURA;447485;APRESENTAÇÃO: PEÇA INTEIRA, ESTADO DE CONSERVAÇÃO: RESFRIADO(A), TIPO CORTE: FÍGADO;KG;1500,0000;27,9900;41985,0000;0,0000;21/12/2026
HOSPITAL DA MULHER PARTEIRA MARIA CORREIA/RN;931528;697;Material;931528-55/2026;NUTRIÇÃO Gêneros alimentícios - perecíveis;Catálogo do Compras.gov.br;Material;8905;CARNES, AVES E PEIXES;4548;CARNE BOVINA IN NATURA;447442;APRESENTAÇÃO: PEÇA INTEIRA, ESTADO DE CONSERVAÇÃO: RESFRIADO(A), TIPO CORTE: LAGARTO;KG;1500,0000;32,9900;49485,0000;0,0000;21/12/2026
HOSPITAL DA MULHER PARTEIRA MARIA CORREIA/RN;931528;698;Material;931528-55/2026;NUTRIÇÃO Gêneros alimentícios - perecíveis;Catálogo do Compras.gov.br;Material;8905;CARNES, AVES E PEIXES;4548;CARNE BOVINA IN NATURA;447496;APRESENTAÇÃO: CORTADA EM CUBOS, ESTADO DE CONSERVAÇÃO: RESFRIADO(A), TIPO CORTE: MÚSCULO TRASEIRO;KG;1500,0000;34,9000;52350,0000;0,0000;21/12/2026
HOSPITAL DA MULHER PARTEIRA MARIA CORREIA/RN;931528;1067;Material;931528-34/2026;FARMÁCIA AQUISIÇÃO DE MEDICAMENTOS;Catálogo do Compras.gov.br;Material;6505;DROGAS E MEDICAMENTOS;17995;TROMETAMOL;306465;COMPOSIÇÃO: SAL CETOROLACO, CONCENTRAÇÃO: 30 MG/ML, FORMA FARMACÊUTICA: SOLUÇÃO INJETÁVEL;AM;3500,0000;4,1500;14525,0000;0,0000;21/12/2026
HOSPITAL DA MULHER PARTEIRA MARIA CORREIA/RN;931528;699;Material;931528-55/2026;NUTRIÇÃO Gêneros alimentícios - perecíveis;Catálogo do Compras.gov.br;Material;8905;CARNES, AVES E PEIXES;4548;CARNE BOVINA IN NATURA;447497;APRESENTAÇÃO: MOIDA, ESTADO DE CONSERVAÇÃO: RESFRIADO(A), TIPO CORTE: MÚSCULO TRASEIRO;KG;1500,0000;34,9000;52350,0000;0,0000;21/12/2026
HOSPITAL DA MULHER PARTEIRA MARIA CORREIA/RN;931528;700;Material;931528-55/2026;NUTRIÇÃO Gêneros alimentícios - perecíveis;Catálogo do Compras.gov.br;Material;8905;CARNES, AVES E PEIXES;4548;CARNE BOVINA IN NATURA;480370;APRESENTAÇÃO: PEÇA INTEIRA, ESTADO DE CONSERVAÇÃO: RESFRIADO(A), TIPO CORTE: PATINHO;KG;1500,0000;48,9000;73350,0000;0,0000;21/12/2026
HOSPITAL DA MULHER PARTEIRA MARIA CORREIA/RN;931528;701;Material;931528-55/2026;NUTRIÇÃO Gêneros alimentícios - perecíveis;Catálogo do Compras.gov.br;Material;8905;CARNES, AVES E PEIXES;3267;CARNE SALGADA;451065;APRESENTAÇÃO: CORTADA EM CUBOS, ESTADO DE CONSERVAÇÃO: RESFRIADO(A), ORIGEM: BOVINA, TIPO CORTE: COXÃO MOLE;KG;1500,0000;49,9900;74985,0000;0,0000;21/12/2026
HOSPITAL DA MULHER PARTEIRA MARIA CORREIA/RN;931528;702;Material;931528-55/2026;NUTRIÇÃO Gêneros alimentícios - perecíveis;Catálogo do Compras.gov.br;Material;8905;CARNES, AVES E PEIXES;3267;CARNE SALGADA;447736;APRESENTAÇÃO: PEDAÇO, ESTADO DE CONSERVAÇÃO: SECO(A), ORIGEM: BOVINA, TIPO CORTE: COXÃO MOLE - CARNE DE SOL;KG;1500,0000;52,7900;79185,0000;0,0000;21/12/2026
HOSPITAL DA MULHER PARTEIRA MARIA CORREIA/RN;931528;703;Material;931528-55/2026;NUTRIÇÃO Gêneros alimentícios - perecíveis;Catálogo do Compras.gov.br;Material;8905;CARNES, AVES E PEIXES;3267;CARNE SALGADA;447734;APRESENTAÇÃO: EM MANTAS, ESTADO DE CONSERVAÇÃO: SECO(A), ORIGEM: BOVINA, TIPO CORTE: PONTA DE AGULHA - CHARQUE;KG;1500,0000;41,9900;62985,0000;0,0000;21/12/2026
HOSPITAL DA MULHER PARTEIRA MARIA CORREIA/RN;931528;704;Material;931528-55/2026;NUTRIÇÃO Gêneros alimentícios - perecíveis;Catálogo do Compras.gov.br;Material;8905;CARNES, AVES E PEIXES;4550;CARNE DE AVE IN NATURA;447637;APRESENTAÇÃO: INTEIRO, ESTADO DE CONSERVAÇÃO: RESFRIADO(A), PROCESSAMENTO: SEM PELE, COM OSSO, TIPO ANIMAL: FRANGO, TIPO CORTE: COXA E SOBRECOXA;KG;1500,0000;16,4900;24735,0000;0,0000;21/12/2026
HOSPITAL DA MULHER PARTEIRA MARIA CORREIA/RN;931528;705;Material;931528-55/2026;NUTRIÇÃO Gêneros alimentícios - perecíveis;Catálogo do Compras.gov.br;Material;8905;CARNES, AVES E PEIXES;4550;CARNE DE AVE IN NATURA;447636;APRESENTAÇÃO: INTEIRO, ESTADO DE CONSERVAÇÃO: CONGELADO(A), PROCESSAMENTO: COM PELE, COM OSSO, TIPO ANIMAL: FRANGO, TIPO CORTE: COXA E SOBRECOXA;KG;1500,0000;18,9900;28485,0000;0,0000;21/12/2026
HOSPITAL DA MULHER PARTEIRA MARIA CORREIA/RN;931528;706;Material;931528-55/2026;NUTRIÇÃO Gêneros alimentícios - perecíveis;Catálogo do Compras.gov.br;Material;8905;CARNES, AVES E PEIXES;4550;CARNE DE AVE IN NATURA;447616;APRESENTAÇÃO: CORTADA EM CUBOS, ESTADO DE CONSERVAÇÃO: CONGELADO(A), PROCESSAMENTO: SEM PELE, SEM OSSO, TIPO ANIMAL: FRANGO, TIPO CORTE: PEITO;KG;3000,0000;23,8900;71670,0000;0,0000;21/12/2026
HOSPITAL DA MULHER PARTEIRA MARIA CORREIA/RN;931528;707;Material;931528-55/2026;NUTRIÇÃO Gêneros alimentícios - perecíveis;Catálogo do Compras.gov.br;Material;8905;CARNES, AVES E PEIXES;4550;CARNE DE AVE IN NATURA;447587;APRESENTAÇÃO: INTEIRO, ESTADO DE CONSERVAÇÃO: CONGELADO(A), PROCESSAMENTO: LIMPO, TIPO ANIMAL: FRANGO CAIPIRA, TIPO CORTE: COM MIÚDOS;KG;3000,0000;29,9900;89970,0000;0,0000;21/12/2026
HOSPITAL DA MULHER PARTEIRA MARIA CORREIA/RN;931528;708;Material;931528-55/2026;NUTRIÇÃO Gêneros alimentícios - perecíveis;Catálogo do Compras.gov.br;Material;8915;FRUTAS, VERDURAS E LEGUMES;19792;LEGUMINOSA;464553;TIPO: TIPO 1, VARIEDADE: FEIJÃO CARIOCA;EMB;12000,0000;7,2900;87480,0000;0,0000;21/12/2026
HOSPITAL DA MULHER PARTEIRA MARIA CORREIA/RN;931528;709;Material;931528-55/2026;NUTRIÇÃO Gêneros alimentícios - perecíveis;Catálogo do Compras.gov.br;Material;8915;FRUTAS, VERDURAS E LEGUMES;19792;LEGUMINOSA;464567;TIPO: TIPO 1, VARIEDADE: FEIJÃO MACASSAR;EMB;7500,0000;8,9100;66825,0000;0,0000;21/12/2026
HOSPITAL DA MULHER PARTEIRA MARIA CORREIA/RN;931528;710;Material;931528-55/2026;NUTRIÇÃO Gêneros alimentícios - perecíveis;Catálogo do Compras.gov.br;Material;8915;FRUTAS, VERDURAS E LEGUMES;19792;LEGUMINOSA;464552;TIPO: TIPO 1, VARIEDADE: FEIJÃO PRETO;EMB;7500,0000;8,8900;66675,0000;0,0000;21/12/2026
HOSPITAL DA MULHER PARTEIRA MARIA CORREIA/RN;931528;711;Material;931528-55/2026;NUTRIÇÃO Gêneros alimentícios - perecíveis;Catálogo do Compras.gov.br;Material;8910;OVOS E LATICÍNIOS;18653;BEBIDA LÁCTEA;620881;CARACTERÍSTICA ADICIONAIS: SEM AÇÚCAR, SEM GORDURA, SEM LACTOSE E DESNATADO, SABOR: VARIADO;L;7500,0000;17,9900;134925,0000;0,0000;21/12/2026
HOSPITAL DA MULHER PARTEIRA MARIA CORREIA/RN;931528;712;Material;931528-55/2026;NUTRIÇÃO Gêneros alimentícios - perecíveis;Catálogo do Compras.gov.br;Material;8910;OVOS E LATICÍNIOS;8753;LEITE FLUIDO;445997;ORIGEM: DE VACA, PROCESSAMENTO: UHT, TEOR GORDURA: DESNATADO, TIPO: A;SC;3000,0000;6,4900;19470,0000;0,0000;21/12/2026
HOSPITAL DA MULHER PARTEIRA MARIA CORREIA/RN;931528;713;Material;931528-55/2026;NUTRIÇÃO Gêneros alimentícios - perecíveis;Catálogo do Compras.gov.br;Material;8910;OVOS E LATICÍNIOS;8753;LEITE FLUIDO;445995;ORIGEM: DE VACA, PROCESSAMENTO: UHT, TEOR GORDURA: INTEGRAL, TIPO: A;SC;3000,0000;6,8900;20670,0000;0,0000;21/12/2026
HOSPITAL DA MULHER PARTEIRA MARIA CORREIA/RN;931528;714;Material;931528-55/2026;NUTRIÇÃO Gêneros alimentícios - perecíveis;Catálogo do Compras.gov.br;Material;8910;OVOS E LATICÍNIOS;19586;OVO;446618;CLASSE: A, GRUPO: BRANCO, ORIGEM: GALINHA, TIPO: GRANDE;UN;15000,0000;1,0000;15000,0000;0,0000;21/12/2026
HOSPITAL DA MULHER PARTEIRA MARIA CORREIA/RN;931528;715;Material;931528-55/2026;NUTRIÇÃO Gêneros alimentícios - perecíveis;Catálogo do Compras.gov.br;Material;8920;PRODUTOS DE PANIFICAÇÃO E CEREAIS;19721;PÃO;460380;BASE: DE FARINHA DE TRIGO REFINADA, TIPO: TIPO FRANÇÊS/BRANCO/DE SAL;EMB;15000,0000;1,0200;15300,0000;0,0000;21/12/2026
HOSPITAL DA MULHER PARTEIRA MARIA CORREIA/RN;931528;716;Material;931528-55/2026;NUTRIÇÃO Gêneros alimentícios - perecíveis;Catálogo do Compras.gov.br;Material;8920;PRODUTOS DE PANIFICAÇÃO E CEREAIS;19721;PÃO;460381;BASE: DE FARINHA DE TRIGO SEMI-INTEGRAL, TIPO: TIPO FRANÇÊS/DE SAL;EMB;15000,0000;1,1500;17250,0000;0,0000;21/12/2026
HOSPITAL DA MULHER PARTEIRA MARIA CORREIA/RN;931528;717;Material;931528-55/2026;NUTRIÇÃO Gêneros alimentícios - perecíveis;Catálogo do Compras.gov.br;Material;8920;PRODUTOS DE PANIFICAÇÃO E CEREAIS;19721;PÃO;460385;BASE: DE FARINHA DE TRIGO REFINADA, TIPO: SEMI-DOCE, TIPO ADICIONAL: BISNAGA, CARECA/SEDA;UN;4500,0000;1,0200;4590,0000;0,0000;21/12/2026
HOSPITAL DA MULHER PARTEIRA MARIA CORREIA/RN;931528;718;Material;931528-55/2026;NUTRIÇÃO Gêneros alimentícios - perecíveis;Catálogo do Compras.gov.br;Material;8905;CARNES, AVES E PEIXES;9382;PEIXE IN NATURA;448953;APRESENTAÇÃO: SEM PELE, ESTADO DE CONSERVAÇÃO: CONGELADO(A), TIPO CORTE: FILÉ, VARIEDADE: TILÁPIA;KG;1500,0000;58,0000;87000,0000;0,0000;21/12/2026
HOSPITAL DA MULHER PARTEIRA MARIA CORREIA/RN;931528;719;Material;931528-55/2026;NUTRIÇÃO Gêneros alimentícios - perecíveis;Catálogo do Compras.gov.br;Material;8905;CARNES, AVES E PEIXES;9382;PEIXE IN NATURA;448905;APRESENTAÇÃO: COM PELE, ESTADO DE CONSERVAÇÃO: CONGELADO(A), TIPO CORTE: POSTA, VARIEDADE: CAVALA;KG;1500,0000;37,9900;56985,0000;0,0000;21/12/2026
HOSPITAL DA MULHER PARTEIRA MARIA CORREIA/RN;931528;720;Material;931528-55/2026;NUTRIÇÃO Gêneros alimentícios - perecíveis;Catálogo do Compras.gov.br;Material;8905;CARNES, AVES E PEIXES;9382;PEIXE IN NATURA;448946;APRESENTAÇÃO: COM PELE, ESTADO DE CONSERVAÇÃO: CONGELADO(A), TIPO CORTE: POSTA, VARIEDADE: DOURADO;KG;750,0000;38,9900;29242,5000;0,0000;21/12/2026
HOSPITAL DA MULHER PARTEIRA MARIA CORREIA/RN;931528;721;Material;931528-55/2026;NUTRIÇÃO Gêneros alimentícios - perecíveis;Catálogo do Compras.gov.br;Material;8905;CARNES, AVES E PEIXES;9382;PEIXE IN NATURA;448922;APRESENTAÇÃO: COM PELE, ESTADO DE CONSERVAÇÃO: CONGELADO(A), TIPO CORTE: POSTA, VARIEDADE: MECA;KG;750,0000;56,9900;42742,5000;0,0000;21/12/2026
HOSPITAL DA MULHER PARTEIRA MARIA CORREIA/RN;931528;722;Material;931528-55/2026;NUTRIÇÃO Gêneros alimentícios - perecíveis;Catálogo do Compras.gov.br;Material;8905;CARNES, AVES E PEIXES;9382;PEIXE IN NATURA;448897;APRESENTAÇÃO: SEM PELE, ESTADO DE CONSERVAÇÃO: CONGELADO(A), TIPO CORTE: FILÉ, VARIEDADE: MERLUZA;KG;3000,0000;44,5000;133500,0000;0,0000;21/12/2026
HOSPITAL DA MULHER PARTEIRA MARIA CORREIA/RN;931528;723;Material;931528-55/2026;NUTRIÇÃO Gêneros alimentícios - perecíveis;Catálogo do Compras.gov.br;Material;8905;CARNES, AVES E PEIXES;9382;PEIXE IN NATURA;448963;APRESENTAÇÃO: SEM PELE, ESTADO DE CONSERVAÇÃO: CONGELADO(A), TIPO CORTE: FILÉ, VARIEDADE: PANGA;KG;1500,0000;45,0000;67500,0000;0,0000;21/12/2026
HOSPITAL DA MULHER PARTEIRA MARIA CORREIA/RN;931528;724;Material;931528-55/2026;NUTRIÇÃO Gêneros alimentícios - perecíveis;Catálogo do Compras.gov.br;Material;8905;CARNES, AVES E PEIXES;9382;PEIXE IN NATURA;448892;APRESENTAÇÃO: SEM PELE, ESTADO DE CONSERVAÇÃO: CONGELADO(A), TIPO CORTE: FILÉ, VARIEDADE: PESCADA BRANCA;KG;1500,0000;70,0000;105000,0000;0,0000;21/12/2026
HOSPITAL DA MULHER PARTEIRA MARIA CORREIA/RN;931528;725;Material;931528-55/2026;NUTRIÇÃO Gêneros alimentícios - perecíveis;Catálogo do Compras.gov.br;Material;8905;CARNES, AVES E PEIXES;2156;FRIOS;447773;APRESENTAÇÃO: FATIADO, ESTADO DE CONSERVAÇÃO: RESFRIADO(A), TIPO PREPARAÇÃO: COZIDO, VARIEDADE: PRESUNTO DE PERU;KG;750,0000;48,5000;36375,0000;0,0000;21/12/2026
HOSPITAL DA MULHER PARTEIRA MARIA CORREIA/RN;931528;726;Material;931528-55/2026;NUTRIÇÃO Gêneros alimentícios - perecíveis;Catálogo do Compras.gov.br;Material;8905;CARNES, AVES E PEIXES;2156;FRIOS;447776;APRESENTAÇÃO: PEÇA INTEIRA, ESTADO DE CONSERVAÇÃO: RESFRIADO(A), TIPO PREPARAÇÃO: COZIDO, VARIEDADE: PRESUNTO DE PERU;KG;750,0000;48,5000;36375,0000;0,0000;21/12/2026
HOSPITAL DA MULHER PARTEIRA MARIA CORREIA/RN;931528;727;Material;931528-55/2026;NUTRIÇÃO Gêneros alimentícios - perecíveis;Catálogo do Compras.gov.br;Material;8905;CARNES, AVES E PEIXES;4560;PROTEÍNA TEXTURIZADA SOJA;297483;APRESENTAÇÃO: FLOCOS, ASPECTO FÍSICO: DESIDRATADA;EMB;1500,0000;13,7300;20595,0000;0,0000;21/12/2026
HOSPITAL DA MULHER PARTEIRA MARIA CORREIA/RN;931528;728;Material;931528-55/2026;NUTRIÇÃO Gêneros alimentícios - perecíveis;Catálogo do Compras.gov.br;Material;8910;OVOS E LATICÍNIOS;11534;QUEIJO;447072;APRESENTAÇÃO: PEÇA, ORIGEM: DE VACA, TIPO: FRESCO, VARIEDADE: COALHO;KG;120,0000;13,7300;1647,6000;0,0000;21/12/2026
HOSPITAL DA MULHER PARTEIRA MARIA CORREIA/RN;931528;729;Material;931528-55/2026;NUTRIÇÃO Gêneros alimentícios - perecíveis;Catálogo do Compras.gov.br;Material;8910;OVOS E LATICÍNIOS;11534;QUEIJO;446637;APRESENTAÇÃO: FATIADO, ORIGEM: DE VACA, TEOR GORDURA: BAIXO TEOR DE GORDURA, VARIEDADE: MUÇARELA;KG;1500,0000;50,0000;75000,0000;0,0000;21/12/2026
HOSPITAL DA MULHER PARTEIRA MARIA CORREIA/RN;931528;730;Material;931528-55/2026;NUTRIÇÃO Gêneros alimentícios - perecíveis;Catálogo do Compras.gov.br;Material;8910;OVOS E LATICÍNIOS;11534;QUEIJO;446654;APRESENTAÇÃO: PEÇA, ORIGEM: DE VACA, TIPO: FRESCO, VARIEDADE: RICOTA;KG;150,0000;29,9900;4498,5000;0,0000;21/12/2026
HOSPITAL DA MULHER PARTEIRA MARIA CORREIA/RN;931528;731;Material;931528-54/2026;PATRIMÔNIO - TI - Aquisição Material e Equipamentos;Catálogo do Compras.gov.br;Material;7010;COMPUTADORES;13510;TECLADO MICROCOMPUTADOR;451819;CONECTIVIDADE: COM FIO, TIPO: MULTIMIDIA, TIPO CONECTOR: USB;UN;50,0000;174,4200;8721,0000;0,0000;21/12/2026
HOSPITAL DA MULHER PARTEIRA MARIA CORREIA/RN;931528;732;Material;931528-54/2026;PATRIMÔNIO - TI - Aquisição Material e Equipamentos;Catálogo do Compras.gov.br;Material;7010;COMPUTADORES;19246;TABLET;451876;ARMAZENAMENTO EXTERNO: ATÉ 32, ARMAZENAMENTO INTERNO: 16, CONECTIVIDADE: WI-FI / 3G / 4G / BLUETOOTH, CÂMERA FRONTAL: ATÉ 8, CÂMERA TRASEIRA: ATÉ 8, MEMÓRIA RAM: ATÉ 4, PROCESSADOR: QUAD CORE, SISTEMA OPERACIONAL: OPEN SOURCE, TELA: SUPERIOR A 10;UN;4,0000;1259,0000;5036,0000;0,0000;21/12/2026
HOSPITAL DA MULHER PARTEIRA MARIA CORREIA/RN;931528;733;Material;931528-54/2026;PATRIMÔNIO - TI - Aquisição Material e Equipamentos;Catálogo do Compras.gov.br;Material;7010;COMPUTADORES;8435;NOTEBOOK;613419;ALIMENTAÇÃO: BIVOLT AUTOMÁTICA, ARMAZENAMENTO HDD: SEM DISCO HDD, ARMAZENAMENTO SSD: SUPERIOR A 500, BATERIA: MINIMO DE 6 CELULAS, GARANTIA ON SITE: 12, INTERATIVIDADE DA TELA: SEM INTERATIVIDADE, MEMÓRIA RAM: SUPERIOR A 8, NÚCLEOS POR PROCESSADOR: SUPERIOR A 8, SISTEMA OPERACIONAL: PROPRIETÁRIO, TELA: SUPERIOR A 14;UN;10,0000;2500,0000;25000,0000;0,0000;21/12/2026
HOSPITAL DA MULHER PARTEIRA MARIA CORREIA/RN;931528;734;Material;931528-54/2026;PATRIMÔNIO - TI - Aquisição Material e Equipamentos;Catálogo do Compras.gov.br;Material;7010;COMPUTADORES;;;;;-;0,0000;0,0000;149960,0000;0,0000;21/12/2026
HOSPITAL DA MULHER PARTEIRA MARIA CORREIA/RN;931528;735;Material;931528-53/2026;SUBSTÂNCIAS PARA DIAGNÓSTICO "IN VITRO", REAGENTES, CONJUNTOS E JOGOS PARA TESTE;Catálogo do Compras.gov.br;Material;6550;SUBSTÂNCIAS PARA DIAGNÓSTICO "IN VITRO",  REAGENTES,  CONJUNTOS E JOGOS PARA TESTE;;;;;-;0,0000;0,0000;500000,0000;0,0000;21/12/2026
HOSPITAL DA MULHER PARTEIRA MARIA CORREIA/RN;931528;736;Material;931528-53/2026;SUBSTÂNCIAS PARA DIAGNÓSTICO "IN VITRO", REAGENTES, CONJUNTOS E JOGOS PARA TESTE;Catálogo do Compras.gov.br;Material;6550;SUBSTÂNCIAS PARA DIAGNÓSTICO "IN VITRO",  REAGENTES,  CONJUNTOS E JOGOS PARA TESTE;13893;CORANTE;617982;ASPECTO FÍSICO*: EM METANOL, COMPOSIÇÃO: TRIARILMETANO, CONCENTRAÇÃO*: 1;FR;12,0000;15,0000;180,0000;0,0000;21/12/2026
HOSPITAL DA MULHER PARTEIRA MARIA CORREIA/RN;931528;737;Material;931528-53/2026;SUBSTÂNCIAS PARA DIAGNÓSTICO "IN VITRO", REAGENTES, CONJUNTOS E JOGOS PARA TESTE;Catálogo do Compras.gov.br;Material;6550;SUBSTÂNCIAS PARA DIAGNÓSTICO "IN VITRO",  REAGENTES,  CONJUNTOS E JOGOS PARA TESTE;13893;CORANTE;353661;ASPECTO FÍSICO: LÍQUIDO, COMPOSIÇÃO: ÁLCOOL-ÁCIDO, FUCSINA FENICADA E AZUL DE METILENO, TIPO: CONJUNTO COLORAÇÃO ZIEHL-NEELSEN;FR;6,0000;76,5000;459,0000;0,0000;21/12/2026
HOSPITAL DA MULHER PARTEIRA MARIA CORREIA/RN;931528;738;Material;931528-53/2026;SUBSTÂNCIAS PARA DIAGNÓSTICO "IN VITRO", REAGENTES, CONJUNTOS E JOGOS PARA TESTE;Catálogo do Compras.gov.br;Material;6550;SUBSTÂNCIAS PARA DIAGNÓSTICO "IN VITRO",  REAGENTES,  CONJUNTOS E JOGOS PARA TESTE;13893;CORANTE;327536;ASPECTO FÍSICO: LÍQUIDO, CARACTERÍSTICAS ADICIONAIS: FRASCOS SEPARADOS CONTENDO, COMPONENTES ADICIONAIS: 0,1% DE FENOTIAZINAS, COMPOSIÇÃO: 0,1% DE CICLOHEXADIENOS,0,1% DE AZOBENZOSULFÔNICOS, TIPO: CONJUNTO CORANTE HEMATOLÓGICO PANÓTICO RÁPIDO;FR;50,0000;42,0000;2100,0000;0,0000;21/12/2026
HOSPITAL DA MULHER PARTEIRA MARIA CORREIA/RN;931528;1068;Material;931528-34/2026;FARMÁCIA AQUISIÇÃO DE MEDICAMENTOS;Catálogo do Compras.gov.br;Material;6505;DROGAS E MEDICAMENTOS;9035;DEXCLORFENIRAMINA MALEATO;267645;DOSAGEM: 2 MG;COMPR;3000,0000;4,0600;12180,0000;0,0000;21/12/2026
HOSPITAL DA MULHER PARTEIRA MARIA CORREIA/RN;931528;739;Material;931528-53/2026;SUBSTÂNCIAS PARA DIAGNÓSTICO "IN VITRO", REAGENTES, CONJUNTOS E JOGOS PARA TESTE;Catálogo do Compras.gov.br;Material;6550;SUBSTÂNCIAS PARA DIAGNÓSTICO "IN VITRO",  REAGENTES,  CONJUNTOS E JOGOS PARA TESTE;13893;CORANTE;327534;ASPECTO FÍSICO: LÍQUIDO, CARACTERÍSTICAS ADICIONAIS: FRASCOS SEPARADOS CONTENDO, COMPOSIÇÃO: CRISTALVIOLETA,LUGOL,ETANOL-ACETONA,FUCSINA BÁSICA, TIPO: CONJUNTO REAGENTE PARA COLORAÇÃO DE GRAM;FR;10,0000;63,7300;637,3000;0,0000;21/12/2026
HOSPITAL DA MULHER PARTEIRA MARIA CORREIA/RN;931528;740;Material;931528-53/2026;SUBSTÂNCIAS PARA DIAGNÓSTICO "IN VITRO", REAGENTES, CONJUNTOS E JOGOS PARA TESTE;Catálogo do Compras.gov.br;Material;6550;SUBSTÂNCIAS PARA DIAGNÓSTICO "IN VITRO",  REAGENTES,  CONJUNTOS E JOGOS PARA TESTE;13893;CORANTE;327251;ASPECTO FÍSICO: LÍQUIDO, TIPO: CORANTE PARA PAPANICOLAU EA 36;FR;10,0000;189,9800;1899,8000;0,0000;21/12/2026
HOSPITAL DA MULHER PARTEIRA MARIA CORREIA/RN;931528;741;Material;931528-53/2026;SUBSTÂNCIAS PARA DIAGNÓSTICO "IN VITRO", REAGENTES, CONJUNTOS E JOGOS PARA TESTE;Catálogo do Compras.gov.br;Material;6550;SUBSTÂNCIAS PARA DIAGNÓSTICO "IN VITRO",  REAGENTES,  CONJUNTOS E JOGOS PARA TESTE;13893;CORANTE;365050;ASPECTO FÍSICO: LÍQUIDO, TIPO: HEMATOXILINA SEGUNDO HARRIS;FR;10,0000;290,0000;2900,0000;0,0000;21/12/2026
HOSPITAL DA MULHER PARTEIRA MARIA CORREIA/RN;931528;742;Material;931528-53/2026;SUBSTÂNCIAS PARA DIAGNÓSTICO "IN VITRO", REAGENTES, CONJUNTOS E JOGOS PARA TESTE;Catálogo do Compras.gov.br;Material;6550;SUBSTÂNCIAS PARA DIAGNÓSTICO "IN VITRO",  REAGENTES,  CONJUNTOS E JOGOS PARA TESTE;3262;BÁLSAMO DO CANADÁ;244472;ASPECTO FÍSICO: LÍQUIDO VISCOSO, COR: AMARELO-CLARA, DENSIDADE: 0,99, ORIGEM: RESINA EXTRAÍDA DA MADEIRA;FR;1,0000;468,4500;468,4500;0,0000;21/12/2026
HOSPITAL DA MULHER PARTEIRA MARIA CORREIA/RN;931528;743;Material;931528-53/2026;SUBSTÂNCIAS PARA DIAGNÓSTICO "IN VITRO", REAGENTES, CONJUNTOS E JOGOS PARA TESTE;Catálogo do Compras.gov.br;Material;6550;SUBSTÂNCIAS PARA DIAGNÓSTICO "IN VITRO",  REAGENTES,  CONJUNTOS E JOGOS PARA TESTE;10183;ÓLEO DE IMERSÃO;334384;ASPECTO FÍSICO: LÍQUIDO LÍMPIDO, TRANSPARENTE, DENSIDADE: DENSIDADE 1,02 G/CM³, USO: PARA MICROSCOPIA;FR;20,0000;51,9500;1039,0000;0,0000;21/12/2026
HOSPITAL DA MULHER PARTEIRA MARIA CORREIA/RN;931528;744;Material;931528-53/2026;SUBSTÂNCIAS PARA DIAGNÓSTICO "IN VITRO", REAGENTES, CONJUNTOS E JOGOS PARA TESTE;Catálogo do Compras.gov.br;Material;6550;SUBSTÂNCIAS PARA DIAGNÓSTICO "IN VITRO",  REAGENTES,  CONJUNTOS E JOGOS PARA TESTE;402;TIRA REAGENTE;616189;APLICAÇÃO: QUALITATIVO, MATERIAL: PAPEL, TIPO: PH, CLORO LIVRE, ALCALINIDADE E ÁCIDO CIANÚRICO;UN;2000,0000;0,6000;1200,0000;0,0000;21/12/2026
HOSPITAL DA MULHER PARTEIRA MARIA CORREIA/RN;931528;745;Material;931528-53/2026;SUBSTÂNCIAS PARA DIAGNÓSTICO "IN VITRO", REAGENTES, CONJUNTOS E JOGOS PARA TESTE;Catálogo do Compras.gov.br;Material;6550;SUBSTÂNCIAS PARA DIAGNÓSTICO "IN VITRO",  REAGENTES,  CONJUNTOS E JOGOS PARA TESTE;14626;ANTÍGENO;424309;ADICIONAL: RECOMBINANTE, ASPECTO FÍSICO: SOLUÇÃO TAMPONADA, CARACTERÍSTICA ADICIONAL: P17, TIPO: DE TREPONEMA PALLIDUM;FR;20,0000;49,6000;992,0000;0,0000;21/12/2026
HOSPITAL DA MULHER PARTEIRA MARIA CORREIA/RN;931528;746;Material;931528-53/2026;SUBSTÂNCIAS PARA DIAGNÓSTICO "IN VITRO", REAGENTES, CONJUNTOS E JOGOS PARA TESTE;Catálogo do Compras.gov.br;Material;6550;SUBSTÂNCIAS PARA DIAGNÓSTICO "IN VITRO",  REAGENTES,  CONJUNTOS E JOGOS PARA TESTE;18996;INDICADOR QUÍMICO;340811;APRESENTAÇÃO: PACOTE PARA TESTE, CARACTERÍSTICAS ADICIONAIS: PARA ESTERILIZAÇÃO A VAPOR, CLASSE: CLASSE II, COMPONENTES ADICIONAIS: ALERTA E INDICADOR DE PROCESSO, TIPO: BOWIE DICK, TIPO USO: INTERNO;UN;1000,0000;11,0000;11000,0000;0,0000;21/12/2026
HOSPITAL DA MULHER PARTEIRA MARIA CORREIA/RN;931528;747;Material;931528-53/2026;SUBSTÂNCIAS PARA DIAGNÓSTICO "IN VITRO", REAGENTES, CONJUNTOS E JOGOS PARA TESTE;Catálogo do Compras.gov.br;Material;6550;SUBSTÂNCIAS PARA DIAGNÓSTICO "IN VITRO",  REAGENTES,  CONJUNTOS E JOGOS PARA TESTE;18996;INDICADOR QUÍMICO;332346;APRESENTAÇÃO: TIRA DE PAPEL, CARACTERÍSTICAS ADICIONAIS: PARA ESTERILIZAÇÃO A VAPOR, CLASSE: CLASSE V, TIPO: INTEGRADOR, TIPO USO: INTERNO;UN;4000,0000;0,5000;2000,0000;0,0000;21/12/2026
HOSPITAL DA MULHER PARTEIRA MARIA CORREIA/RN;931528;748;Material;931528-53/2026;SUBSTÂNCIAS PARA DIAGNÓSTICO "IN VITRO", REAGENTES, CONJUNTOS E JOGOS PARA TESTE;Catálogo do Compras.gov.br;Material;6550;SUBSTÂNCIAS PARA DIAGNÓSTICO "IN VITRO",  REAGENTES,  CONJUNTOS E JOGOS PARA TESTE;18996;INDICADOR QUÍMICO;339652;APRESENTAÇÃO: TIRA DE PAPEL, CARACTERÍSTICAS ADICIONAIS: PARA ESTERILIZAÇÃO A VAPOR, CLASSE: CLASSE VI, TIPO: SIMULADOR, TIPO USO: INTERNO;UN;800,0000;0,7200;576,0000;0,0000;21/12/2026
HOSPITAL DA MULHER PARTEIRA MARIA CORREIA/RN;931528;749;Material;931528-53/2026;SUBSTÂNCIAS PARA DIAGNÓSTICO "IN VITRO", REAGENTES, CONJUNTOS E JOGOS PARA TESTE;Catálogo do Compras.gov.br;Material;6550;SUBSTÂNCIAS PARA DIAGNÓSTICO "IN VITRO",  REAGENTES,  CONJUNTOS E JOGOS PARA TESTE;18997;INDICADOR BIOLÓGICO;339648;APLICAÇÃO: PARA ESTERILIZAÇÃO A VAPOR, APRESENTAÇÃO: AUTOCONTIDO, AMPOLA COM MEIO DE CULTURA, CARACTERÍSTICAS ADICIONAIS: RESPOSTA EM 1 HORA, ESPÉCIE: BACILLUS STEAROTHERMOPHILLUS, TIPO: TERCEIRA GERAÇÃO;UN;800,0000;40,0000;32000,0000;0,0000;21/12/2026
HOSPITAL DA MULHER PARTEIRA MARIA CORREIA/RN;931528;750;Material;931528-53/2026;SUBSTÂNCIAS PARA DIAGNÓSTICO "IN VITRO", REAGENTES, CONJUNTOS E JOGOS PARA TESTE;Catálogo do Compras.gov.br;Material;6550;SUBSTÂNCIAS PARA DIAGNÓSTICO "IN VITRO",  REAGENTES,  CONJUNTOS E JOGOS PARA TESTE;11426;REAGENTE PARA DIAGNÓSTICO CLÍNICO 3;623300;APRESENTAÇÃO 1: TESTE, MÉTODO 1: IMUNOCROMATOGRAFIA, TIPO 1: CONJUNTO COMPLETO, TIPO DE ANÁLISE 1: QUALITATIVO ANTI DENGUE VÍRUS IGG/IGM,ANTÍGENO NS1;TESTE;500,0000;29,0000;14500,0000;0,0000;21/12/2026
HOSPITAL DA MULHER PARTEIRA MARIA CORREIA/RN;931528;751;Material;931528-53/2026;SUBSTÂNCIAS PARA DIAGNÓSTICO "IN VITRO", REAGENTES, CONJUNTOS E JOGOS PARA TESTE;Catálogo do Compras.gov.br;Material;6550;SUBSTÂNCIAS PARA DIAGNÓSTICO "IN VITRO",  REAGENTES,  CONJUNTOS E JOGOS PARA TESTE;19027;REAGENTE PARA DIAGNÓSTICO CLÍNICO 6;337326;APRESENTAÇÃO: TESTE, CARACTERÍSTICAS ADICIONAIS: CARTÃO COM MICROTUBOS, COMPOSIÇÃO BÁSICA: ANTICORPOS MONOCLONAIS ANTI-A, ANTI-B, ANTI-D, OUTROS COMPONENTES: CONTROLE, TIPO: CONJUNTO COMPLETO, TIPO DE ANÁLISE: FENOTIPAGEM SANGÜÍNEA ABO/RH PARA CLASSIFICAÇÃO;FR;50,0000;42,1200;2106,0000;0,0000;21/12/2026
HOSPITAL DA MULHER PARTEIRA MARIA CORREIA/RN;931528;752;Material;931528-53/2026;SUBSTÂNCIAS PARA DIAGNÓSTICO "IN VITRO", REAGENTES, CONJUNTOS E JOGOS PARA TESTE;Catálogo do Compras.gov.br;Material;6550;SUBSTÂNCIAS PARA DIAGNÓSTICO "IN VITRO",  REAGENTES,  CONJUNTOS E JOGOS PARA TESTE;19027;REAGENTE PARA DIAGNÓSTICO CLÍNICO 6;337326;APRESENTAÇÃO: TESTE, CARACTERÍSTICAS ADICIONAIS: CARTÃO COM MICROTUBOS, COMPOSIÇÃO BÁSICA: ANTICORPOS MONOCLONAIS ANTI-A, ANTI-B, ANTI-D, OUTROS COMPONENTES: CONTROLE, TIPO: CONJUNTO COMPLETO, TIPO DE ANÁLISE: FENOTIPAGEM SANGÜÍNEA ABO/RH PARA CLASSIFICAÇÃO;FR;50,0000;44,1500;2207,5000;0,0000;21/12/2026
HOSPITAL DA MULHER PARTEIRA MARIA CORREIA/RN;931528;753;Material;931528-53/2026;SUBSTÂNCIAS PARA DIAGNÓSTICO "IN VITRO", REAGENTES, CONJUNTOS E JOGOS PARA TESTE;Catálogo do Compras.gov.br;Material;6550;SUBSTÂNCIAS PARA DIAGNÓSTICO "IN VITRO",  REAGENTES,  CONJUNTOS E JOGOS PARA TESTE;19027;REAGENTE PARA DIAGNÓSTICO CLÍNICO 6;337326;APRESENTAÇÃO: TESTE, CARACTERÍSTICAS ADICIONAIS: CARTÃO COM MICROTUBOS, COMPOSIÇÃO BÁSICA: ANTICORPOS MONOCLONAIS ANTI-A, ANTI-B, ANTI-D, OUTROS COMPONENTES: CONTROLE, TIPO: CONJUNTO COMPLETO, TIPO DE ANÁLISE: FENOTIPAGEM SANGÜÍNEA ABO/RH PARA CLASSIFICAÇÃO;FR;50,0000;45,0300;2251,5000;0,0000;21/12/2026
HOSPITAL DA MULHER PARTEIRA MARIA CORREIA/RN;931528;754;Material;931528-53/2026;SUBSTÂNCIAS PARA DIAGNÓSTICO "IN VITRO", REAGENTES, CONJUNTOS E JOGOS PARA TESTE;Catálogo do Compras.gov.br;Material;6550;SUBSTÂNCIAS PARA DIAGNÓSTICO "IN VITRO",  REAGENTES,  CONJUNTOS E JOGOS PARA TESTE;19027;REAGENTE PARA DIAGNÓSTICO CLÍNICO 6;337326;APRESENTAÇÃO: TESTE, CARACTERÍSTICAS ADICIONAIS: CARTÃO COM MICROTUBOS, COMPOSIÇÃO BÁSICA: ANTICORPOS MONOCLONAIS ANTI-A, ANTI-B, ANTI-D, OUTROS COMPONENTES: CONTROLE, TIPO: CONJUNTO COMPLETO, TIPO DE ANÁLISE: FENOTIPAGEM SANGÜÍNEA ABO/RH PARA CLASSIFICAÇÃO;FR;50,0000;61,9500;3097,5000;0,0000;21/12/2026
HOSPITAL DA MULHER PARTEIRA MARIA CORREIA/RN;931528;755;Material;931528-52/2026;VESTUÁRIO HOSPITALAR E CIRÚRGICO E ITENS CORRELATOS DE FINALIDADES ESPECIAIS;Catálogo do Compras.gov.br;Material;6532;VESTUÁRIO HOSPITALAR E CIRÚRGICO E ITENS CORRELATOS DE  FINALIDADES ESPECIAIS;30248;LUVA CIRÚRGICA;620081;APRESENTAÇÃO: EM PAR, COR: C/ COR, EMBALAGEM: EMBALAGEM INDIVIDUAL, ESTERILIDADE: ESTÉRIL, USO ÚNICO, FORMATO: ANATÔMICO, MATERIAL: BORRACHA NATURAL - LÁTEX, PÓ: COM PÓ BIOABSORVÍVEL, SUPERFÍCIE: SUPERFÍCIE TEXTURIZADA, TAMANHO: Nº 6,5;PAR;20000,0000;2,6000;52000,0000;0,0000;21/12/2026
HOSPITAL DA MULHER PARTEIRA MARIA CORREIA/RN;931528;756;Material;931528-52/2026;VESTUÁRIO HOSPITALAR E CIRÚRGICO E ITENS CORRELATOS DE FINALIDADES ESPECIAIS;Catálogo do Compras.gov.br;Material;6532;VESTUÁRIO HOSPITALAR E CIRÚRGICO E ITENS CORRELATOS DE  FINALIDADES ESPECIAIS;19711;COLCHA CAMA;618514;CARACTERÍSTICAS ADICIONAIS: ENCHIMENTO 100% POLIÉSTER, COR: VARIADA, MATERIAL: MICROFIBRA, MEDIDAS MÍNIMAS (C X L): 2,10 X 1,40, QUANTIDADE DE FIOS: ACIMA DE 180 FIOS, TIPO: MANTA;UN;100,0000;85,8000;8580,0000;0,0000;21/12/2026
HOSPITAL DA MULHER PARTEIRA MARIA CORREIA/RN;931528;757;Material;931528-52/2026;VESTUÁRIO HOSPITALAR E CIRÚRGICO E ITENS CORRELATOS DE FINALIDADES ESPECIAIS;Catálogo do Compras.gov.br;Material;6532;VESTUÁRIO HOSPITALAR E CIRÚRGICO E ITENS CORRELATOS DE  FINALIDADES ESPECIAIS;8774;LENÇOL DESCARTÁVEL USO HOSPITALAR;481807;APRESENTAÇÃO 1: EM ROLO, DIMENSOES: CERCA DE 70 CM X 50 M, GRAMATURA 1: CERCA DE 40, MATERIA PRIMA: 100% POLIPROPILENO, NÃO TECIDO TNT;UN;100,0000;133,9000;13390,0000;0,0000;21/12/2026
HOSPITAL DA MULHER PARTEIRA MARIA CORREIA/RN;931528;758;Material;931528-51/2026;INSTRUMENTOS, EQUIPAMENTOS E SUPRIMENTOS MÉDICOS E CIRÚRGICOS;Catálogo do Compras.gov.br;Material;6515;INSTRUMENTOS, EQUIPAMENTOS E SUPRIMENTOS MÉDICOS  E  CIRÚRGICOS;14572;CÂNULA OROFARÍNGEA GUEDEL;450961;MATERIAL*: POLÍMERO, TAMANHO*: TAMANHO Nº 00;UN;300,0000;2,8000;840,0000;0,0000;21/12/2026
HOSPITAL DA MULHER PARTEIRA MARIA CORREIA/RN;931528;759;Material;931528-51/2026;INSTRUMENTOS, EQUIPAMENTOS E SUPRIMENTOS MÉDICOS E CIRÚRGICOS;Catálogo do Compras.gov.br;Material;6515;INSTRUMENTOS, EQUIPAMENTOS E SUPRIMENTOS MÉDICOS  E  CIRÚRGICOS;14572;CÂNULA OROFARÍNGEA GUEDEL;450962;MATERIAL*: POLÍMERO, TAMANHO*: TAMANHO Nº 0;UN;300,0000;3,0000;900,0000;0,0000;21/12/2026
HOSPITAL DA MULHER PARTEIRA MARIA CORREIA/RN;931528;760;Material;931528-51/2026;INSTRUMENTOS, EQUIPAMENTOS E SUPRIMENTOS MÉDICOS E CIRÚRGICOS;Catálogo do Compras.gov.br;Material;6515;INSTRUMENTOS, EQUIPAMENTOS E SUPRIMENTOS MÉDICOS  E  CIRÚRGICOS;14736;CATETER ASPIRAÇÃO TRAQUEAL;283987;CARACTERÍSTICAS ADICIONAIS: PONTA ATRAUMÁTICA, ORIFÍCIOS DISTAIS LATERALIZADOS, ESPESSURA: Nº 4, MATERIAL: PVC ATÓXICO FLEXÍVEL, TIPO EMBALAGEM: ESTÉRIL, EMBALAGEM INDIVIDUAL, TIPO USO: DESCARTÁVEL;UN;1500,0000;2,9800;4470,0000;0,0000;21/12/2026
HOSPITAL DA MULHER PARTEIRA MARIA CORREIA/RN;931528;761;Material;931528-51/2026;INSTRUMENTOS, EQUIPAMENTOS E SUPRIMENTOS MÉDICOS E CIRÚRGICOS;Catálogo do Compras.gov.br;Material;6515;INSTRUMENTOS, EQUIPAMENTOS E SUPRIMENTOS MÉDICOS  E  CIRÚRGICOS;7510;CATETER CENTRAL;437465;APLICAÇÃO: VENOSO, COMPONENTE: KIT INTRODUTOR COMPLETO, COMPRIMENTO: CERCA 15, CONECTOR: CONECTORES PADRÃO, CLAMP EM TODAS VIAS E TAMPAS, DIÂMETRO: CERCA 3 FR, LÚMEN: 22, MATÉRIA PRIMA: POLIURETANO RADIOPACO, TIPO FIXAÇÃO: FIXAÇÃO SUBCUTÂNEA, TIPO USO: ESTÉRIL, DESCARTÁVEL, EMBALAGEM INDIVIDUAL, VIAS: DUPLO LÚMEN;UN;600,0000;45,0000;27000,0000;0,0000;21/12/2026
HOSPITAL DA MULHER PARTEIRA MARIA CORREIA/RN;931528;762;Material;931528-51/2026;INSTRUMENTOS, EQUIPAMENTOS E SUPRIMENTOS MÉDICOS E CIRÚRGICOS;Catálogo do Compras.gov.br;Material;6515;INSTRUMENTOS, EQUIPAMENTOS E SUPRIMENTOS MÉDICOS  E  CIRÚRGICOS;7510;CATETER CENTRAL;437295;APLICAÇÃO: VENOSO, COMPONENTE: KIT INTRODUTOR COMPLETO, COMPRIMENTO: CERCA 20, CONECTOR: CONECTORES PADRÃO, CLAMP EM TODAS VIAS E TAMPAS, DIÂMETRO: CERCA 5 FR, LÚMEN: 18 A 20, MATÉRIA PRIMA: POLIURETANO RADIOPACO, TIPO FIXAÇÃO: FIXAÇÃO SUBCUTÂNEA, TIPO USO: ESTÉRIL, DESCARTÁVEL, EMBALAGEM INDIVIDUAL, VIAS: DUPLO LÚMEN;UN;600,0000;76,0000;45600,0000;0,0000;21/12/2026
HOSPITAL DA MULHER PARTEIRA MARIA CORREIA/RN;931528;763;Material;931528-51/2026;INSTRUMENTOS, EQUIPAMENTOS E SUPRIMENTOS MÉDICOS E CIRÚRGICOS;Catálogo do Compras.gov.br;Material;6515;INSTRUMENTOS, EQUIPAMENTOS E SUPRIMENTOS MÉDICOS  E  CIRÚRGICOS;13220;VACUÔMETRO;619596;APLICAÇÃO: USO HOSPITALAR, CARACTERÍSTICAS ADICIONAIS: C/ TAMPA PARA FRASCO, MATERIAL: CAIXA E VISOR EM PLÁSTICO, INTERNO EM LATÃO, MODELO: ANALÓGICO;UN;30,0000;228,8400;6865,2000;0,0000;21/12/2026
HOSPITAL DA MULHER PARTEIRA MARIA CORREIA/RN;931528;764;Material;931528-51/2026;INSTRUMENTOS, EQUIPAMENTOS E SUPRIMENTOS MÉDICOS E CIRÚRGICOS;Catálogo do Compras.gov.br;Material;6515;INSTRUMENTOS, EQUIPAMENTOS E SUPRIMENTOS MÉDICOS  E  CIRÚRGICOS;7510;CATETER CENTRAL;437360;APLICAÇÃO: VENOSO, COMPONENTE: KIT INTRODUTOR COMPLETO, COMPRIMENTO: CERCA 30, CONECTOR: CONECTORES PADRÃO, CLAMP E TAMPA, DIÂMETRO: CERCA 2 FR, MATÉRIA PRIMA: SILICONE RADIOPACO, TIPO IMPLANTE: INSERÇÃO PERIFÉRICA, TIPO USO: ESTÉRIL, DESCARTÁVEL, EMBALAGEM INDIVIDUAL, VIAS: MONO LÚMEN;UN;1000,0000;56,9800;56980,0000;0,0000;21/12/2026
HOSPITAL DA MULHER PARTEIRA MARIA CORREIA/RN;931528;765;Material;931528-51/2026;INSTRUMENTOS, EQUIPAMENTOS E SUPRIMENTOS MÉDICOS E CIRÚRGICOS;Catálogo do Compras.gov.br;Material;6515;INSTRUMENTOS, EQUIPAMENTOS E SUPRIMENTOS MÉDICOS  E  CIRÚRGICOS;7510;CATETER CENTRAL;437843;APLICAÇÃO: VENOSO / ARTERIAL, COMPRIMENTO: CERCA 30, CONECTOR: CONECTORES PADRÃO, CLAMP E TAMPA, DIÂMETRO: CERCA 2 FR, MATÉRIA PRIMA: POLIURETANO RADIOPACO, TIPO IMPLANTE: UMBILICAL, TIPO USO: ESTÉRIL, DESCARTÁVEL, EMBALAGEM INDIVIDUAL, VIAS: MONO LÚMEN;UN;600,0000;26,9000;16140,0000;0,0000;21/12/2026
HOSPITAL DA MULHER PARTEIRA MARIA CORREIA/RN;931528;766;Material;931528-51/2026;INSTRUMENTOS, EQUIPAMENTOS E SUPRIMENTOS MÉDICOS E CIRÚRGICOS;Catálogo do Compras.gov.br;Material;6515;INSTRUMENTOS, EQUIPAMENTOS E SUPRIMENTOS MÉDICOS  E  CIRÚRGICOS;7510;CATETER CENTRAL;448700;APLICAÇÃO: VENOSO / ARTERIAL, COMPRIMENTO: CERCA 40, CONECTOR: CONECTORES PADRÃO, CLAMP E TAMPA, DIÂMETRO: CERCA 3 FR, MATÉRIA PRIMA: POLIURETANO RADIOPACO, TIPO IMPLANTE: UMBILICAL, TIPO USO: ESTÉRIL, DESCARTÁVEL, EMBALAGEM INDIVIDUAL, VIAS: MONO LÚMEN;UN;800,0000;27,5000;22000,0000;0,0000;21/12/2026
HOSPITAL DA MULHER PARTEIRA MARIA CORREIA/RN;931528;767;Material;931528-51/2026;INSTRUMENTOS, EQUIPAMENTOS E SUPRIMENTOS MÉDICOS E CIRÚRGICOS;Catálogo do Compras.gov.br;Material;6515;INSTRUMENTOS, EQUIPAMENTOS E SUPRIMENTOS MÉDICOS  E  CIRÚRGICOS;7510;CATETER CENTRAL;437844;APLICAÇÃO: VENOSO / ARTERIAL, COMPRIMENTO: CERCA 40, CONECTOR: CONECTORES PADRÃO, CLAMP E TAMPA, DIÂMETRO: CERCA 4 FR, MATÉRIA PRIMA: POLIURETANO RADIOPACO, TIPO IMPLANTE: UMBILICAL, TIPO USO: ESTÉRIL, DESCARTÁVEL, EMBALAGEM INDIVIDUAL, VIAS: MONO LÚMEN;UN;600,0000;27,5000;16500,0000;0,0000;21/12/2026
HOSPITAL DA MULHER PARTEIRA MARIA CORREIA/RN;931528;1069;Material;931528-34/2026;FARMÁCIA AQUISIÇÃO DE MEDICAMENTOS;Catálogo do Compras.gov.br;Material;6505;DROGAS E MEDICAMENTOS;9035;DEXCLORFENIRAMINA MALEATO;267646;DOSAGEM: 0,4 MG/ML, APRESENTAÇÃO: SOLUÇÃO ORAL;FR;600,0000;1,6400;984,0000;0,0000;21/12/2026
HOSPITAL DA MULHER PARTEIRA MARIA CORREIA/RN;931528;768;Material;931528-51/2026;INSTRUMENTOS, EQUIPAMENTOS E SUPRIMENTOS MÉDICOS E CIRÚRGICOS;Catálogo do Compras.gov.br;Material;6515;INSTRUMENTOS, EQUIPAMENTOS E SUPRIMENTOS MÉDICOS  E  CIRÚRGICOS;7510;CATETER CENTRAL;437841;APLICAÇÃO: VENOSO / ARTERIAL, COMPRIMENTO: CERCA 40, CONECTOR: CONECTORES PADRÃO, CLAMP E TAMPA, DIÂMETRO: CERCA 5 FR, MATÉRIA PRIMA: PVC RADIOPACO, TIPO IMPLANTE: UMBILICAL, TIPO USO: ESTÉRIL, DESCARTÁVEL, EMBALAGEM INDIVIDUAL, VIAS: MONO LÚMEN;UN;500,0000;27,5000;13750,0000;0,0000;21/12/2026
HOSPITAL DA MULHER PARTEIRA MARIA CORREIA/RN;931528;769;Material;931528-51/2026;INSTRUMENTOS, EQUIPAMENTOS E SUPRIMENTOS MÉDICOS E CIRÚRGICOS;Catálogo do Compras.gov.br;Material;6515;INSTRUMENTOS, EQUIPAMENTOS E SUPRIMENTOS MÉDICOS  E  CIRÚRGICOS;30237;SISTEMA COLETOR PARA DRENO DE TÓRAX;619330;COMPONENTES: ALÇA DE TRANSPORTE / FIXAÇÃO, ESTERILIDADE: ESTÉRIL, USO ÚNICO, EXTENSOR: EXTENSOR C/ CLAMP, CONECTOR P/ DRENO, MATERIAL: POLÍMERO TRANSPARENTE, MODELO RECIPIENTE: FRASCO RÍGIDO, GRADUADO, TIPO: SELO D'ÁGUA, VEDAÇÃO: TAMPA ROSQUEÁVEL 3 VIAS, VOLUME: CERCA DE 1000;UN;300,0000;35,8000;10740,0000;0,0000;21/12/2026
HOSPITAL DA MULHER PARTEIRA MARIA CORREIA/RN;931528;770;Material;931528-51/2026;INSTRUMENTOS, EQUIPAMENTOS E SUPRIMENTOS MÉDICOS E CIRÚRGICOS;Catálogo do Compras.gov.br;Material;6515;INSTRUMENTOS, EQUIPAMENTOS E SUPRIMENTOS MÉDICOS  E  CIRÚRGICOS;30237;SISTEMA COLETOR PARA DRENO DE TÓRAX;619329;COMPONENTES: ALÇA DE TRANSPORTE / FIXAÇÃO, ESTERILIDADE: ESTÉRIL, USO ÚNICO, EXTENSOR: EXTENSOR C/ CLAMP, CONECTOR P/ DRENO, MATERIAL: POLÍMERO TRANSPARENTE, MODELO RECIPIENTE: FRASCO RÍGIDO, GRADUADO, TIPO: SELO D'ÁGUA, VEDAÇÃO: TAMPA ROSQUEÁVEL 3 VIAS, VOLUME: CERCA DE 500;UN;300,0000;35,9000;10770,0000;0,0000;21/12/2026
HOSPITAL DA MULHER PARTEIRA MARIA CORREIA/RN;931528;771;Material;931528-51/2026;INSTRUMENTOS, EQUIPAMENTOS E SUPRIMENTOS MÉDICOS E CIRÚRGICOS;Catálogo do Compras.gov.br;Material;6515;INSTRUMENTOS, EQUIPAMENTOS E SUPRIMENTOS MÉDICOS  E  CIRÚRGICOS;8203;DRENO CIRÚRGICO;438497;CALIBRE: 12, COMPONENTE II: RADIOPACO, COMPRIMENTO: CERCA DE 50, CONECTOR UNIVERSAL: C/ CONECTOR, EMBALAGEM: EMBALAGEM INDIVIDUAL, MATERIAL: SILICONE, MODELO: TORÁCICO, TIPO USO: ESTÉRIL, DESCARTÁVEL;UN;300,0000;35,8000;10740,0000;0,0000;21/12/2026
HOSPITAL DA MULHER PARTEIRA MARIA CORREIA/RN;931528;772;Material;931528-51/2026;INSTRUMENTOS, EQUIPAMENTOS E SUPRIMENTOS MÉDICOS E CIRÚRGICOS;Catálogo do Compras.gov.br;Material;6515;INSTRUMENTOS, EQUIPAMENTOS E SUPRIMENTOS MÉDICOS  E  CIRÚRGICOS;8203;DRENO CIRÚRGICO;438496;CALIBRE: 10, COMPONENTE II: RADIOPACO, COMPRIMENTO: CERCA DE 50, CONECTOR UNIVERSAL: C/ CONECTOR, EMBALAGEM: EMBALAGEM INDIVIDUAL, MATERIAL: SILICONE, MODELO: TORÁCICO, TIPO USO: ESTÉRIL, DESCARTÁVEL;UN;300,0000;36,9000;11070,0000;0,0000;21/12/2026
HOSPITAL DA MULHER PARTEIRA MARIA CORREIA/RN;931528;773;Material;931528-51/2026;INSTRUMENTOS, EQUIPAMENTOS E SUPRIMENTOS MÉDICOS E CIRÚRGICOS;Catálogo do Compras.gov.br;Material;6515;INSTRUMENTOS, EQUIPAMENTOS E SUPRIMENTOS MÉDICOS  E  CIRÚRGICOS;8127;GUIA P/ INTUBAÇÃO TRAQUEAL;452989;ESTERILIDADE*: ESTÉRIL, DESCARTÁVEL, MATERIAL HASTE: POLÍMERO, MODELO: TIPO BOUGIE, TAMANHO*: INFANTIL;UN;250,0000;32,9000;8225,0000;0,0000;21/12/2026
HOSPITAL DA MULHER PARTEIRA MARIA CORREIA/RN;931528;774;Material;931528-51/2026;INSTRUMENTOS, EQUIPAMENTOS E SUPRIMENTOS MÉDICOS E CIRÚRGICOS;Catálogo do Compras.gov.br;Material;6515;INSTRUMENTOS, EQUIPAMENTOS E SUPRIMENTOS MÉDICOS  E  CIRÚRGICOS;8127;GUIA P/ INTUBAÇÃO TRAQUEAL;452988;ESTERILIDADE*: ESTÉRIL, DESCARTÁVEL, MATERIAL HASTE: POLÍMERO, MODELO: TIPO BOUGIE, TAMANHO*: ADULTO;UN;200,0000;35,9000;7180,0000;0,0000;21/12/2026
HOSPITAL DA MULHER PARTEIRA MARIA CORREIA/RN;931528;775;Material;931528-51/2026;INSTRUMENTOS, EQUIPAMENTOS E SUPRIMENTOS MÉDICOS E CIRÚRGICOS;Catálogo do Compras.gov.br;Material;6515;INSTRUMENTOS, EQUIPAMENTOS E SUPRIMENTOS MÉDICOS  E  CIRÚRGICOS;9539;SISTEMA FECHADO ASPIRAÇÃO TRAQUEAL;454397;APLICAÇÃO: P/ TUBO ENDOTRAQUEAL, CONECTOR: CONECTORES PADRÃO, EMBALAGEM: EMBALAGEM INDIVIDUAL, ESTERILIDADE: ESTÉRIL, USO ÚNICO, TAMANHO: 14 FR, TIPO SONDA: SONDA GRADUADA E PROTEGIDA, VIAS: VIA IRRIGAÇÃO ANTIRREFLUXO E AEROSSOLTERAPIA, VÁLVULA SUCÇÃO: VÁLVULA SUCÇÃO C/ TAMPA E TRAVA DE SEGURANÇA;UN;80,0000;115,9900;9279,2000;0,0000;21/12/2026
HOSPITAL DA MULHER PARTEIRA MARIA CORREIA/RN;931528;776;Material;931528-51/2026;INSTRUMENTOS, EQUIPAMENTOS E SUPRIMENTOS MÉDICOS E CIRÚRGICOS;Catálogo do Compras.gov.br;Material;6515;INSTRUMENTOS, EQUIPAMENTOS E SUPRIMENTOS MÉDICOS  E  CIRÚRGICOS;2224;TUBO ENDOTRAQUEAL;451293;CALIBRE: 3,0, COMPONENTE 1: BALÃO ALTO VOLUME E BAIXA PRESSÃO, COMPONENTE 2: RADIOPACO, GRADUADO, ESTERILIDADE: ESTÉRIL, USO ÚNICO, MATERIAL: PVC SILICONIZADO, MODELO: CURVA MAGILL, TIPO CONECTOR: CONECTOR PADRÃO, TIPO PONTA: C/ PONTA DISTAL ATRAUMÁTICA;UN;800,0000;15,2500;12200,0000;0,0000;21/12/2026
HOSPITAL DA MULHER PARTEIRA MARIA CORREIA/RN;931528;777;Material;931528-51/2026;INSTRUMENTOS, EQUIPAMENTOS E SUPRIMENTOS MÉDICOS E CIRÚRGICOS;Catálogo do Compras.gov.br;Material;6515;INSTRUMENTOS, EQUIPAMENTOS E SUPRIMENTOS MÉDICOS  E  CIRÚRGICOS;2224;TUBO ENDOTRAQUEAL;451295;CALIBRE: 2,5, COMPONENTE 1: BALÃO ALTO VOLUME E BAIXA PRESSÃO, COMPONENTE 2: RADIOPACO, GRADUADO, ESTERILIDADE: ESTÉRIL, USO ÚNICO, MATERIAL: PVC SILICONIZADO, MODELO: CURVA MAGILL, TIPO CONECTOR: CONECTOR PADRÃO, TIPO PONTA: C/ PONTA DISTAL ATRAUMÁTICA;UN;800,0000;14,5000;11600,0000;0,0000;21/12/2026
HOSPITAL DA MULHER PARTEIRA MARIA CORREIA/RN;931528;778;Material;931528-51/2026;INSTRUMENTOS, EQUIPAMENTOS E SUPRIMENTOS MÉDICOS E CIRÚRGICOS;Catálogo do Compras.gov.br;Material;6515;INSTRUMENTOS, EQUIPAMENTOS E SUPRIMENTOS MÉDICOS  E  CIRÚRGICOS;2224;TUBO ENDOTRAQUEAL;451215;CALIBRE: 3,5, COMPONENTE 1: BALÃO ALTO VOLUME E BAIXA PRESSÃO, COMPONENTE 2: RADIOPACO, GRADUADO, ESTERILIDADE: ESTÉRIL, USO ÚNICO, MATERIAL: PVC, MODELO: CURVA MAGILL, TIPO CONECTOR: CONECTOR PADRÃO, TIPO PONTA: C/ PONTA DISTAL ATRAUMÁTICA;UN;800,0000;12,8400;10272,0000;0,0000;21/12/2026
HOSPITAL DA MULHER PARTEIRA MARIA CORREIA/RN;931528;779;Material;931528-51/2026;INSTRUMENTOS, EQUIPAMENTOS E SUPRIMENTOS MÉDICOS E CIRÚRGICOS;Catálogo do Compras.gov.br;Material;6515;INSTRUMENTOS, EQUIPAMENTOS E SUPRIMENTOS MÉDICOS  E  CIRÚRGICOS;2224;TUBO ENDOTRAQUEAL;451300;CALIBRE: 4,0, COMPONENTE 1: BALÃO ALTO VOLUME E BAIXA PRESSÃO, COMPONENTE 2: RADIOPACO, GRADUADO, ESTERILIDADE: ESTÉRIL, USO ÚNICO, MATERIAL: PVC SILICONIZADO, MODELO: CURVA MAGILL, TIPO CONECTOR: CONECTOR PADRÃO, TIPO PONTA: C/ PONTA DISTAL ATRAUMÁTICA;UN;600,0000;18,4700;11082,0000;0,0000;21/12/2026
HOSPITAL DA MULHER PARTEIRA MARIA CORREIA/RN;931528;780;Material;931528-51/2026;INSTRUMENTOS, EQUIPAMENTOS E SUPRIMENTOS MÉDICOS E CIRÚRGICOS;Catálogo do Compras.gov.br;Material;6515;INSTRUMENTOS, EQUIPAMENTOS E SUPRIMENTOS MÉDICOS  E  CIRÚRGICOS;2224;TUBO ENDOTRAQUEAL;451328;CALIBRE: 4,5, COMPONENTE 1: BALÃO ALTO VOLUME E BAIXA PRESSÃO, COMPONENTE 2: RADIOPACO, GRADUADO, ESTERILIDADE: ESTÉRIL, USO ÚNICO, MATERIAL: PVC SILICONIZADO, MODELO: EM "L", TIPO CONECTOR: CONECTOR PADRÃO, TIPO PONTA: C/ PONTA DISTAL ATRAUMÁTICA;UN;600,0000;17,2000;10320,0000;0,0000;21/12/2026
HOSPITAL DA MULHER PARTEIRA MARIA CORREIA/RN;931528;781;Material;931528-51/2026;INSTRUMENTOS, EQUIPAMENTOS E SUPRIMENTOS MÉDICOS E CIRÚRGICOS;Catálogo do Compras.gov.br;Material;6515;INSTRUMENTOS, EQUIPAMENTOS E SUPRIMENTOS MÉDICOS  E  CIRÚRGICOS;379;ESTETOSCÓPIO;438927;ACESSÓRIOS: OLIVAS ANATÔMICAS BORRACHA, AUSCULTADOR: AUSCULTADOR AÇO INOX, HASTE: HASTE ALUMÍNIO, TAMANHO: PEDIÁTRICO, TIPO: BIAURICULAR, TUBO: TUBO PLÁSTICO;UN;50,0000;22,9000;1145,0000;0,0000;21/12/2026
HOSPITAL DA MULHER PARTEIRA MARIA CORREIA/RN;931528;1070;Material;931528-34/2026;FARMÁCIA AQUISIÇÃO DE MEDICAMENTOS;Catálogo do Compras.gov.br;Material;6505;DROGAS E MEDICAMENTOS;;;;;-;0,0000;0,0000;1097348,0000;0,0000;21/12/2026
HOSPITAL DA MULHER PARTEIRA MARIA CORREIA/RN;931528;782;Material;931528-51/2026;INSTRUMENTOS, EQUIPAMENTOS E SUPRIMENTOS MÉDICOS E CIRÚRGICOS;Catálogo do Compras.gov.br;Material;6515;INSTRUMENTOS, EQUIPAMENTOS E SUPRIMENTOS MÉDICOS  E  CIRÚRGICOS;9413;TUBO SUPRAGLÓTICO;451101;COMPONENTE 1: C/ LINHA DE REFERÊNCIA, CONECTOR: C/ CONECTOR PADRÃO, ESTERILIDADE*: REUTILIZÁVEL, MATERIAL*: SILICONE, TAMANHO*: Nº 3, TIPO: MÁSCARA LARÍNGEA;UN;80,0000;38,9000;3112,0000;0,0000;21/12/2026
HOSPITAL DA MULHER PARTEIRA MARIA CORREIA/RN;931528;783;Material;931528-51/2026;INSTRUMENTOS, EQUIPAMENTOS E SUPRIMENTOS MÉDICOS E CIRÚRGICOS;Catálogo do Compras.gov.br;Material;6515;INSTRUMENTOS, EQUIPAMENTOS E SUPRIMENTOS MÉDICOS  E  CIRÚRGICOS;9413;TUBO SUPRAGLÓTICO;451102;COMPONENTE 1: C/ LINHA DE REFERÊNCIA, CONECTOR: C/ CONECTOR PADRÃO, ESTERILIDADE*: REUTILIZÁVEL, MATERIAL*: SILICONE, TAMANHO*: Nº 4, TIPO: MÁSCARA LARÍNGEA;UN;80,0000;82,8000;6624,0000;0,0000;21/12/2026
HOSPITAL DA MULHER PARTEIRA MARIA CORREIA/RN;931528;784;Material;931528-51/2026;INSTRUMENTOS, EQUIPAMENTOS E SUPRIMENTOS MÉDICOS E CIRÚRGICOS;Catálogo do Compras.gov.br;Material;6515;INSTRUMENTOS, EQUIPAMENTOS E SUPRIMENTOS MÉDICOS  E  CIRÚRGICOS;7127;SENSOR USO MÉDICO;445895;APLICAÇÃO: DE OXIMETRIA, COMPATIBILIDADE: C/ COMPATIBILIDADE ESPECÍFICA, COMPONENTES: C/ CABO, ESTERILIDADE: REUTILIZÁVEL, MODELO: EM "Y", TAMANHO: TAMANHO NEONATAL, TIPO DE FIXAÇÃO: EM VELCRO;UN;30,0000;274,7500;8242,5000;0,0000;21/12/2026
HOSPITAL DA MULHER PARTEIRA MARIA CORREIA/RN;931528;785;Material;931528-51/2026;INSTRUMENTOS, EQUIPAMENTOS E SUPRIMENTOS MÉDICOS E CIRÚRGICOS;Catálogo do Compras.gov.br;Material;6515;INSTRUMENTOS, EQUIPAMENTOS E SUPRIMENTOS MÉDICOS  E  CIRÚRGICOS;2048;MATERIAL P/ VNI - CPAP / BIPAP;454162;ADICIONAL: LINHA DE PRESSÃO, APRESENTAÇÃO: CONJUNTO COMPLETO, MATERIAL*: SILICONE, TAMANHO*: NEONATAL Nº 00, TIPO 1: PRONGA NASAL, TIPO CONECTOR: CONECTORES PADRÃO, TIPO EXTENSÃO: TRAQUEIAS, TIPO FIXAÇÃO: FIXADOR TIPO TOUCA;UN;15,0000;106,8000;1602,0000;0,0000;21/12/2026
HOSPITAL DA MULHER PARTEIRA MARIA CORREIA/RN;931528;786;Material;931528-51/2026;INSTRUMENTOS, EQUIPAMENTOS E SUPRIMENTOS MÉDICOS E CIRÚRGICOS;Catálogo do Compras.gov.br;Material;6515;INSTRUMENTOS, EQUIPAMENTOS E SUPRIMENTOS MÉDICOS  E  CIRÚRGICOS;2048;MATERIAL P/ VNI - CPAP / BIPAP;454161;ADICIONAL: LINHA DE PRESSÃO, APRESENTAÇÃO: CONJUNTO COMPLETO, MATERIAL*: SILICONE, TAMANHO*: NEONATAL Nº 0, TIPO 1: PRONGA NASAL, TIPO CONECTOR: CONECTORES PADRÃO, TIPO EXTENSÃO: TRAQUEIAS, TIPO FIXAÇÃO: FIXADOR TIPO TOUCA;UN;15,0000;106,8000;1602,0000;0,0000;21/12/2026
HOSPITAL DA MULHER PARTEIRA MARIA CORREIA/RN;931528;787;Material;931528-51/2026;INSTRUMENTOS, EQUIPAMENTOS E SUPRIMENTOS MÉDICOS E CIRÚRGICOS;Catálogo do Compras.gov.br;Material;6515;INSTRUMENTOS, EQUIPAMENTOS E SUPRIMENTOS MÉDICOS  E  CIRÚRGICOS;2048;MATERIAL P/ VNI - CPAP / BIPAP;454156;ADICIONAL: LINHA DE PRESSÃO, APRESENTAÇÃO: CONJUNTO COMPLETO, MATERIAL*: SILICONE, TAMANHO*: NEONATAL Nº 1, TIPO 1: PRONGA NASAL, TIPO CONECTOR: CONECTORES PADRÃO, TIPO EXTENSÃO: TRAQUEIAS, TIPO FIXAÇÃO: FIXADOR TIPO TOUCA;UN;15,0000;106,8000;1602,0000;0,0000;21/12/2026
HOSPITAL DA MULHER PARTEIRA MARIA CORREIA/RN;931528;788;Material;931528-51/2026;INSTRUMENTOS, EQUIPAMENTOS E SUPRIMENTOS MÉDICOS E CIRÚRGICOS;Catálogo do Compras.gov.br;Material;6515;INSTRUMENTOS, EQUIPAMENTOS E SUPRIMENTOS MÉDICOS  E  CIRÚRGICOS;2048;MATERIAL P/ VNI - CPAP / BIPAP;454157;ADICIONAL: LINHA DE PRESSÃO, APRESENTAÇÃO: CONJUNTO COMPLETO, MATERIAL*: SILICONE, TAMANHO*: NEONATAL Nº 2, TIPO 1: PRONGA NASAL, TIPO CONECTOR: CONECTORES PADRÃO, TIPO EXTENSÃO: TRAQUEIAS, TIPO FIXAÇÃO: FIXADOR TIPO TOUCA;UN;15,0000;106,8000;1602,0000;0,0000;21/12/2026
HOSPITAL DA MULHER PARTEIRA MARIA CORREIA/RN;931528;789;Material;931528-51/2026;INSTRUMENTOS, EQUIPAMENTOS E SUPRIMENTOS MÉDICOS E CIRÚRGICOS;Catálogo do Compras.gov.br;Material;6515;INSTRUMENTOS, EQUIPAMENTOS E SUPRIMENTOS MÉDICOS  E  CIRÚRGICOS;2048;MATERIAL P/ VNI - CPAP / BIPAP;454158;ADICIONAL: LINHA DE PRESSÃO, APRESENTAÇÃO: CONJUNTO COMPLETO, MATERIAL*: SILICONE, TAMANHO*: NEONATAL Nº 3, TIPO 1: PRONGA NASAL, TIPO CONECTOR: CONECTORES PADRÃO, TIPO EXTENSÃO: TRAQUEIAS, TIPO FIXAÇÃO: FIXADOR TIPO TOUCA;UN;15,0000;106,8000;1602,0000;0,0000;21/12/2026
HOSPITAL DA MULHER PARTEIRA MARIA CORREIA/RN;931528;790;Material;931528-51/2026;INSTRUMENTOS, EQUIPAMENTOS E SUPRIMENTOS MÉDICOS E CIRÚRGICOS;Catálogo do Compras.gov.br;Material;6515;INSTRUMENTOS, EQUIPAMENTOS E SUPRIMENTOS MÉDICOS  E  CIRÚRGICOS;2048;MATERIAL P/ VNI - CPAP / BIPAP;454159;ADICIONAL: LINHA DE PRESSÃO, APRESENTAÇÃO: CONJUNTO COMPLETO, MATERIAL*: SILICONE, TAMANHO*: NEONATAL Nº 4, TIPO 1: PRONGA NASAL, TIPO CONECTOR: CONECTORES PADRÃO, TIPO EXTENSÃO: TRAQUEIAS, TIPO FIXAÇÃO: FIXADOR TIPO TOUCA;UN;15,0000;106,8000;1602,0000;0,0000;21/12/2026
HOSPITAL DA MULHER PARTEIRA MARIA CORREIA/RN;931528;791;Material;931528-51/2026;INSTRUMENTOS, EQUIPAMENTOS E SUPRIMENTOS MÉDICOS E CIRÚRGICOS;Catálogo do Compras.gov.br;Material;6515;INSTRUMENTOS, EQUIPAMENTOS E SUPRIMENTOS MÉDICOS  E  CIRÚRGICOS;2048;MATERIAL P/ VNI - CPAP / BIPAP;454160;ADICIONAL: LINHA DE PRESSÃO, APRESENTAÇÃO: CONJUNTO COMPLETO, MATERIAL*: SILICONE, TAMANHO*: NEONATAL Nº 5, TIPO 1: PRONGA NASAL, TIPO CONECTOR: CONECTORES PADRÃO, TIPO EXTENSÃO: TRAQUEIAS, TIPO FIXAÇÃO: FIXADOR TIPO TOUCA;UN;15,0000;106,8000;1602,0000;0,0000;21/12/2026
HOSPITAL DA MULHER PARTEIRA MARIA CORREIA/RN;931528;792;Material;931528-51/2026;INSTRUMENTOS, EQUIPAMENTOS E SUPRIMENTOS MÉDICOS E CIRÚRGICOS;Catálogo do Compras.gov.br;Material;6515;INSTRUMENTOS, EQUIPAMENTOS E SUPRIMENTOS MÉDICOS  E  CIRÚRGICOS;2048;MATERIAL P/ VNI - CPAP / BIPAP;455939;APRESENTAÇÃO: CONJUNTO COMPLETO, MATERIAL*: SILICONE, TAMANHO*: NEONATAL P, TIPO 1: MÁSCARA NASAL, TIPO CONECTOR: CONECTORES PADRÃO, TIPO EXTENSÃO: TRAQUEIAS, TIPO FIXAÇÃO: FIXADOR TIPO TOUCA C/ APOIO FACIAL AJUSTÁVEL;UN;3,0000;958,9000;2876,7000;0,0000;21/12/2026
HOSPITAL DA MULHER PARTEIRA MARIA CORREIA/RN;931528;793;Material;931528-51/2026;INSTRUMENTOS, EQUIPAMENTOS E SUPRIMENTOS MÉDICOS E CIRÚRGICOS;Catálogo do Compras.gov.br;Material;6515;INSTRUMENTOS, EQUIPAMENTOS E SUPRIMENTOS MÉDICOS  E  CIRÚRGICOS;2048;MATERIAL P/ VNI - CPAP / BIPAP;455940;APRESENTAÇÃO: CONJUNTO COMPLETO, MATERIAL*: SILICONE, TAMANHO*: NEONATAL M, TIPO 1: MÁSCARA NASAL, TIPO CONECTOR: CONECTORES PADRÃO, TIPO EXTENSÃO: TRAQUEIAS, TIPO FIXAÇÃO: FIXADOR TIPO TOUCA C/ APOIO FACIAL AJUSTÁVEL;UN;3,0000;958,9000;2876,7000;0,0000;21/12/2026
HOSPITAL DA MULHER PARTEIRA MARIA CORREIA/RN;931528;794;Material;931528-51/2026;INSTRUMENTOS, EQUIPAMENTOS E SUPRIMENTOS MÉDICOS E CIRÚRGICOS;Catálogo do Compras.gov.br;Material;6515;INSTRUMENTOS, EQUIPAMENTOS E SUPRIMENTOS MÉDICOS  E  CIRÚRGICOS;2048;MATERIAL P/ VNI - CPAP / BIPAP;455941;APRESENTAÇÃO: CONJUNTO COMPLETO, MATERIAL*: SILICONE, TAMANHO*: NEONATAL G, TIPO 1: MÁSCARA NASAL, TIPO CONECTOR: CONECTORES PADRÃO, TIPO EXTENSÃO: TRAQUEIAS, TIPO FIXAÇÃO: FIXADOR TIPO TOUCA C/ APOIO FACIAL AJUSTÁVEL;UN;3,0000;958,9000;2876,7000;0,0000;21/12/2026
HOSPITAL DA MULHER PARTEIRA MARIA CORREIA/RN;931528;795;Material;931528-51/2026;INSTRUMENTOS, EQUIPAMENTOS E SUPRIMENTOS MÉDICOS E CIRÚRGICOS;Catálogo do Compras.gov.br;Material;6515;INSTRUMENTOS, EQUIPAMENTOS E SUPRIMENTOS MÉDICOS  E  CIRÚRGICOS;2048;MATERIAL P/ VNI - CPAP / BIPAP;455671;APRESENTAÇÃO: CONJUNTO COMPLETO, TAMANHO*: INFANTIL P, TIPO 1: MÁSCARA NASAL, TIPO BORDA: COXIM SILICONE, TIPO CONECTOR: GIRATÓRIO, TIPO FIXAÇÃO: FIXADOR AJUSTÁVEL;UN;15,0000;14,4300;216,4500;0,0000;21/12/2026
HOSPITAL DA MULHER PARTEIRA MARIA CORREIA/RN;931528;886;Material;931528-51/2026;INSTRUMENTOS, EQUIPAMENTOS E SUPRIMENTOS MÉDICOS E CIRÚRGICOS;Catálogo do Compras.gov.br;Material;6515;INSTRUMENTOS, EQUIPAMENTOS E SUPRIMENTOS MÉDICOS  E  CIRÚRGICOS;18015;PEÇA EQUIPAMENTO MÉDICO;445449;COMPATÍVEL: P/ LARINGOSCÓPIO, DIMENSÃO: INFANTIL, TIPO 1: CABO EM AÇO INOXIDÁVEL;UN;20,0000;164,2900;3285,8000;0,0000;21/12/2026
HOSPITAL DA MULHER PARTEIRA MARIA CORREIA/RN;931528;796;Material;931528-51/2026;INSTRUMENTOS, EQUIPAMENTOS E SUPRIMENTOS MÉDICOS E CIRÚRGICOS;Catálogo do Compras.gov.br;Material;6515;INSTRUMENTOS, EQUIPAMENTOS E SUPRIMENTOS MÉDICOS  E  CIRÚRGICOS;2048;MATERIAL P/ VNI - CPAP / BIPAP;455673;APRESENTAÇÃO: CONJUNTO COMPLETO, TAMANHO*: INFANTIL M, TIPO 1: MÁSCARA NASAL, TIPO BORDA: COXIM SILICONE, TIPO CONECTOR: GIRATÓRIO, TIPO FIXAÇÃO: FIXADOR AJUSTÁVEL;UN;15,0000;14,4300;216,4500;0,0000;21/12/2026
HOSPITAL DA MULHER PARTEIRA MARIA CORREIA/RN;931528;797;Material;931528-51/2026;INSTRUMENTOS, EQUIPAMENTOS E SUPRIMENTOS MÉDICOS E CIRÚRGICOS;Catálogo do Compras.gov.br;Material;6515;INSTRUMENTOS, EQUIPAMENTOS E SUPRIMENTOS MÉDICOS  E  CIRÚRGICOS;2048;MATERIAL P/ VNI - CPAP / BIPAP;455672;APRESENTAÇÃO: CONJUNTO COMPLETO, TAMANHO*: INFANTIL G, TIPO 1: MÁSCARA NASAL, TIPO BORDA: COXIM SILICONE, TIPO CONECTOR: GIRATÓRIO, TIPO FIXAÇÃO: FIXADOR AJUSTÁVEL;UN;15,0000;14,4300;216,4500;0,0000;21/12/2026
HOSPITAL DA MULHER PARTEIRA MARIA CORREIA/RN;931528;798;Material;931528-51/2026;INSTRUMENTOS, EQUIPAMENTOS E SUPRIMENTOS MÉDICOS E CIRÚRGICOS;Catálogo do Compras.gov.br;Material;6515;INSTRUMENTOS, EQUIPAMENTOS E SUPRIMENTOS MÉDICOS  E  CIRÚRGICOS;2048;MATERIAL P/ VNI - CPAP / BIPAP;471920;MATERIAL*: PELÍCULA ADESIVA C/ HIDROCOLÓIDE, TAMANHO*: NEONATAL, TIPO 1: FIXADOR NASAL;UN;15,0000;375,8400;5637,6000;0,0000;21/12/2026
HOSPITAL DA MULHER PARTEIRA MARIA CORREIA/RN;931528;799;Material;931528-51/2026;INSTRUMENTOS, EQUIPAMENTOS E SUPRIMENTOS MÉDICOS E CIRÚRGICOS;Catálogo do Compras.gov.br;Material;6515;INSTRUMENTOS, EQUIPAMENTOS E SUPRIMENTOS MÉDICOS  E  CIRÚRGICOS;16538;CONJUNTO PARA PAPANICOLAU;406272;COMPOSIÇÃO BÁSICA: 1 ESPÉCULO VAGINAL PEQUENO, 1 ESPÁTULA DE AYRES, EMBALAGEM: ESTÉRIL, EMBALAGEM INDIVIDUAL, OUTROS COMPONENTES: 1 ESCOVA CERVICAL, 1 PINÇA CHERON, TIPO: COMPOSIÇÃO BÁSICA:;UN;5,0000;160,0000;800,0000;0,0000;21/12/2026
HOSPITAL DA MULHER PARTEIRA MARIA CORREIA/RN;931528;800;Material;931528-51/2026;INSTRUMENTOS, EQUIPAMENTOS E SUPRIMENTOS MÉDICOS E CIRÚRGICOS;Catálogo do Compras.gov.br;Material;6515;INSTRUMENTOS, EQUIPAMENTOS E SUPRIMENTOS MÉDICOS  E  CIRÚRGICOS;16538;CONJUNTO PARA PAPANICOLAU;406273;COMPOSIÇÃO BÁSICA: 1 ESPÉCULO VAGINAL MÉDIO, 1 ESPÁTULA DE AYRES, EMBALAGEM: ESTÉRIL, EMBALAGEM INDIVIDUAL, OUTROS COMPONENTES: 1 ESCOVA CERVICAL, 1 PINÇA CHERON, TIPO: COMPOSIÇÃO BÁSICA:;UN;20,0000;188,6000;3772,0000;0,0000;21/12/2026
HOSPITAL DA MULHER PARTEIRA MARIA CORREIA/RN;931528;801;Material;931528-51/2026;INSTRUMENTOS, EQUIPAMENTOS E SUPRIMENTOS MÉDICOS E CIRÚRGICOS;Catálogo do Compras.gov.br;Material;6515;INSTRUMENTOS, EQUIPAMENTOS E SUPRIMENTOS MÉDICOS  E  CIRÚRGICOS;16538;CONJUNTO PARA PAPANICOLAU;406274;COMPOSIÇÃO BÁSICA: 1 ESPÉCULO VAGINAL GRANDE, 1 ESPÁTULA DE AYRES, EMBALAGEM: ESTÉRIL, EMBALAGEM INDIVIDUAL, OUTROS COMPONENTES: 1 ESCOVA CERVICAL, 1 PINÇA CHERON, TIPO: COMPOSIÇÃO BÁSICA:;UN;5,0000;194,1000;970,5000;0,0000;21/12/2026
HOSPITAL DA MULHER PARTEIRA MARIA CORREIA/RN;931528;802;Material;931528-51/2026;INSTRUMENTOS, EQUIPAMENTOS E SUPRIMENTOS MÉDICOS E CIRÚRGICOS;Catálogo do Compras.gov.br;Material;6515;INSTRUMENTOS, EQUIPAMENTOS E SUPRIMENTOS MÉDICOS  E  CIRÚRGICOS;18009;FILTRO USO MÉDICO;446890;APLICAÇÃO: P/ APARELHO DE ANESTESIA, COMPATIBILIDADE: C/ COMPATIBILIDADE ESPECÍFICA, MATERIAL ESTRUTURA: POLIURETANO;UN;100,0000;99,9900;9999,0000;0,0000;21/12/2026
HOSPITAL DA MULHER PARTEIRA MARIA CORREIA/RN;931528;803;Material;931528-51/2026;INSTRUMENTOS, EQUIPAMENTOS E SUPRIMENTOS MÉDICOS E CIRÚRGICOS;Catálogo do Compras.gov.br;Material;6515;INSTRUMENTOS, EQUIPAMENTOS E SUPRIMENTOS MÉDICOS  E  CIRÚRGICOS;18015;PEÇA EQUIPAMENTO MÉDICO;626200;COMPATÍVEL: COMPATÍVEL C/ VENTILADOR PULMONAR, FUNÇÃO: P/ CASSETE EXPIRATÓRIO, TIPO 1: DIAFRAGMA / MEMBRANA;UN;100,0000;10,0000;1000,0000;0,0000;21/12/2026
HOSPITAL DA MULHER PARTEIRA MARIA CORREIA/RN;931528;804;Material;931528-51/2026;INSTRUMENTOS, EQUIPAMENTOS E SUPRIMENTOS MÉDICOS E CIRÚRGICOS;Catálogo do Compras.gov.br;Material;6515;INSTRUMENTOS, EQUIPAMENTOS E SUPRIMENTOS MÉDICOS  E  CIRÚRGICOS;17964;APARELHO ILUMINADOR TRANSDÉRMICO;432446;APLICAÇÃO: VISUALIZAR VASOS SANGUÍNEOS, CARACTERÍSTICA ADICIONAL: PORTÁTIL, MATERIAL: DIODOS EMISSORES DE LUZ;UN;2,0000;1346,0000;2692,0000;0,0000;21/12/2026
HOSPITAL DA MULHER PARTEIRA MARIA CORREIA/RN;931528;805;Material;931528-51/2026;INSTRUMENTOS, EQUIPAMENTOS E SUPRIMENTOS MÉDICOS E CIRÚRGICOS;Catálogo do Compras.gov.br;Material;6515;INSTRUMENTOS, EQUIPAMENTOS E SUPRIMENTOS MÉDICOS  E  CIRÚRGICOS;10411;PINÇA PARA BISTURI ELÉTRICO;485653;APLICAÇÃO: P/ ABLAÇÃO CARDÍACA - RFA, CARACTERÍSTICA ADICIONAL: C/ MANOPLA E IRRIGAÇÃO, MODELO: BIPOLAR, MODELO HASTE: HASTE ISOLADA FLEXÍVEL, TIPO USO: ESTÉRIL, USO ÚNICO;UN;10,0000;978,5400;9785,4000;0,0000;21/12/2026
HOSPITAL DA MULHER PARTEIRA MARIA CORREIA/RN;931528;806;Material;931528-51/2026;INSTRUMENTOS, EQUIPAMENTOS E SUPRIMENTOS MÉDICOS E CIRÚRGICOS;Catálogo do Compras.gov.br;Material;6515;INSTRUMENTOS, EQUIPAMENTOS E SUPRIMENTOS MÉDICOS  E  CIRÚRGICOS;19947;FIXADOR P/ DISPOSITIVO MÉDICO;483844;APLICAÇÃO: P/ FILTRO RESPIRATÓRIO EM TRAQUEOSTOMIA, COMPONENTE ADICIONAL: FENESTRADO, USO EM LARINGECTOMIZADO, EMBALAGEM: EMBALAGEM INDIVIDUAL, MATERIAL: BASE ADESIVA DE NÃO TECIDO, TAMANHO: TAMANHO ÚNICO, TIPO USO: ESTÉRIL;UN;15,0000;24,0000;360,0000;0,0000;21/12/2026
HOSPITAL DA MULHER PARTEIRA MARIA CORREIA/RN;931528;807;Material;931528-51/2026;INSTRUMENTOS, EQUIPAMENTOS E SUPRIMENTOS MÉDICOS E CIRÚRGICOS;Catálogo do Compras.gov.br;Material;6515;INSTRUMENTOS, EQUIPAMENTOS E SUPRIMENTOS MÉDICOS  E  CIRÚRGICOS;18219;ESPAÇADOR USO MÉDICO;357700;APLICAÇÃO: INALAÇÃO DE BRONCODILATADOR, CARACTERÍSTICAS ADICIONAIS: RESERVATÓRIO RÍGIDO TRANSLÚCIDO, MODELO: MÁSCARA PVC TAMANHO M DE 2 A 6 ANOS, TIPO: ENCAIXE UNIVERSAL, BOCAL COM VÁLVULA UNIDIRECIONAL;UN;30,0000;24,7500;742,5000;0,0000;21/12/2026
HOSPITAL DA MULHER PARTEIRA MARIA CORREIA/RN;931528;808;Material;931528-51/2026;INSTRUMENTOS, EQUIPAMENTOS E SUPRIMENTOS MÉDICOS E CIRÚRGICOS;Catálogo do Compras.gov.br;Material;6515;INSTRUMENTOS, EQUIPAMENTOS E SUPRIMENTOS MÉDICOS  E  CIRÚRGICOS;19961;ESTILETE USO MÉDICO;483086;COMPRIMENTO TOTAL: CERCA DE 18, ESTERILIDADE: ESTERILIZÁVEL, HASTE: HASTE RETA, MATERIAL: AÇO INOXIDÁVEL, MODELO: BIOLIVAR, TIPO PONTA: PONTA RETA;UN;5,0000;40,0000;200,0000;0,0000;21/12/2026
HOSPITAL DA MULHER PARTEIRA MARIA CORREIA/RN;931528;809;Material;931528-51/2026;INSTRUMENTOS, EQUIPAMENTOS E SUPRIMENTOS MÉDICOS E CIRÚRGICOS;Catálogo do Compras.gov.br;Material;6515;INSTRUMENTOS, EQUIPAMENTOS E SUPRIMENTOS MÉDICOS  E  CIRÚRGICOS;18351;EMBALAGEM P/ ESTERILIZAÇÃO;452008;APRESENTAÇÃO: FOLHA, GRAMATURA / ESPESSURA: CERCA DE 60, MATERIAL: POLIPROPILENO - SMS, TAMANHO: CERCA DE 150 X 150, TIPO USO: USO ÚNICO;UN;28800,0000;1,5000;43200,0000;0,0000;21/12/2026
HOSPITAL DA MULHER PARTEIRA MARIA CORREIA/RN;931528;810;Material;931528-51/2026;INSTRUMENTOS, EQUIPAMENTOS E SUPRIMENTOS MÉDICOS E CIRÚRGICOS;Catálogo do Compras.gov.br;Material;6515;INSTRUMENTOS, EQUIPAMENTOS E SUPRIMENTOS MÉDICOS  E  CIRÚRGICOS;18351;EMBALAGEM P/ ESTERILIZAÇÃO;452016;APRESENTAÇÃO: FOLHA, GRAMATURA / ESPESSURA: CERCA DE 60, MATERIAL: POLIPROPILENO - SMS, TAMANHO: CERCA DE 70 X 70, TIPO USO: USO ÚNICO;UN;14400,0000;1,3000;18720,0000;0,0000;21/12/2026
HOSPITAL DA MULHER PARTEIRA MARIA CORREIA/RN;931528;811;Material;931528-51/2026;INSTRUMENTOS, EQUIPAMENTOS E SUPRIMENTOS MÉDICOS E CIRÚRGICOS;Catálogo do Compras.gov.br;Material;6515;INSTRUMENTOS, EQUIPAMENTOS E SUPRIMENTOS MÉDICOS  E  CIRÚRGICOS;18351;EMBALAGEM P/ ESTERILIZAÇÃO;452012;APRESENTAÇÃO: FOLHA, GRAMATURA / ESPESSURA: CERCA DE 50, MATERIAL: POLIPROPILENO - SMS, TAMANHO: CERCA DE 90 X 90, TIPO USO: USO ÚNICO;UN;8800,0000;1,9000;16720,0000;0,0000;21/12/2026
HOSPITAL DA MULHER PARTEIRA MARIA CORREIA/RN;931528;812;Material;931528-51/2026;INSTRUMENTOS, EQUIPAMENTOS E SUPRIMENTOS MÉDICOS E CIRÚRGICOS;Catálogo do Compras.gov.br;Material;6515;INSTRUMENTOS, EQUIPAMENTOS E SUPRIMENTOS MÉDICOS  E  CIRÚRGICOS;18351;EMBALAGEM P/ ESTERILIZAÇÃO;452009;APRESENTAÇÃO: FOLHA, GRAMATURA / ESPESSURA: CERCA DE 50, MATERIAL: POLIPROPILENO - SMS, TAMANHO: CERCA DE 100 X 100, TIPO USO: USO ÚNICO;UN;6000,0000;2,0000;12000,0000;0,0000;21/12/2026
HOSPITAL DA MULHER PARTEIRA MARIA CORREIA/RN;931528;813;Material;931528-51/2026;INSTRUMENTOS, EQUIPAMENTOS E SUPRIMENTOS MÉDICOS E CIRÚRGICOS;Catálogo do Compras.gov.br;Material;6515;INSTRUMENTOS, EQUIPAMENTOS E SUPRIMENTOS MÉDICOS  E  CIRÚRGICOS;17711;MARCADOR DE INSTRUMENTAL;428831;ADICIONAIS: AUTOCLAVÁVEL, CARACTERÍSTICAS: COM COR, FORMATO: FITA ADESIVA, MATERIA PRIMA: ISENTO DE LÁTEX, TIPO: ROLO;UN;1600,0000;16,4000;26240,0000;0,0000;21/12/2026
HOSPITAL DA MULHER PARTEIRA MARIA CORREIA/RN;931528;814;Material;931528-51/2026;INSTRUMENTOS, EQUIPAMENTOS E SUPRIMENTOS MÉDICOS E CIRÚRGICOS;Catálogo do Compras.gov.br;Material;6515;INSTRUMENTOS, EQUIPAMENTOS E SUPRIMENTOS MÉDICOS  E  CIRÚRGICOS;7676;FLUXÔMETRO;451856;APLICAÇÃO: CONTROLE FLUXO OXIGÊNIO MEDICINAL, CAPACIDADE FLUXO: 0,1 A 3,5, COMPONENTES: FLUTUADOR ESFÉRICO, EM ALUMÍNIO ANODIZADO E TERMOP, CONEXÃO SAÍDA: CONEXÃO SAÍDA C/RESCA EM LATÃO CROMADO, MATERIAL FILTRO: AÇO INOXIDÁVEL, PRESSÃO: PRESSÃO CALIBRAÇÃO ATÉ 3,5, TIPO CONEXÃO: CONEXÕES CONFORME ABNT, TIPO ESCALA: ESCALA NUMÉRICA;UN;100,0000;75,2900;7529,0000;0,0000;21/12/2026
HOSPITAL DA MULHER PARTEIRA MARIA CORREIA/RN;931528;815;Material;931528-51/2026;INSTRUMENTOS, EQUIPAMENTOS E SUPRIMENTOS MÉDICOS E CIRÚRGICOS;Catálogo do Compras.gov.br;Material;6515;INSTRUMENTOS, EQUIPAMENTOS E SUPRIMENTOS MÉDICOS  E  CIRÚRGICOS;7676;FLUXÔMETRO;299314;APLICAÇÃO: CONTROLE FLUXO AR COMPRIMIDO MEDICINAL, CAPACIDADE FLUXO: 0 A 30, COMPONENTES: CORPO E VÁLVULA DE AGULHA DE LATÃO CROMADO, TIPO ESCALA: ESCALA EXPANDIDA DE 0 A 7L/MIN;UN;50,0000;130,5000;6525,0000;0,0000;21/12/2026
HOSPITAL DA MULHER PARTEIRA MARIA CORREIA/RN;931528;816;Material;931528-51/2026;INSTRUMENTOS, EQUIPAMENTOS E SUPRIMENTOS MÉDICOS E CIRÚRGICOS;Catálogo do Compras.gov.br;Material;6515;INSTRUMENTOS, EQUIPAMENTOS E SUPRIMENTOS MÉDICOS  E  CIRÚRGICOS;30234;RESERVATÓRIO P/ ASPIRAÇÃO DE PROCEDIMENTO INVASIVO;619229;COMPATIBILIDADE: COMPATÍVEL C/ ASPIRADOR CIRÚRGICO / REDE DE VÁCUO, ESTERILIDADE: NÃO ESTÉRIL, USO ÚNICO, MATERIAL: POLÍMERO MALEÁVEL TRANSPARENTE, NÃO GRADUADO, MODELO: SACO - TIPO REFIL, TIPO TAMPA: TAMPA PLÁSTICA 2 VIAS, VOLUME: CERCA DE 3500;UN;50,0000;255,0000;12750,0000;0,0000;21/12/2026
HOSPITAL DA MULHER PARTEIRA MARIA CORREIA/RN;931528;817;Material;931528-51/2026;INSTRUMENTOS, EQUIPAMENTOS E SUPRIMENTOS MÉDICOS E CIRÚRGICOS;Catálogo do Compras.gov.br;Material;6515;INSTRUMENTOS, EQUIPAMENTOS E SUPRIMENTOS MÉDICOS  E  CIRÚRGICOS;10565;PEÇA / COMPONENTE EQUIPAMENTO HOSPITALAR;460330;APLICAÇÃO 3: COMPATÍVEL C/ APARELHO DE ANESTESIA, COMPONENTES 3: PLACA ALIMENTAÇÃO ELÉTRICA DC/DC;UN;50,0000;119,9900;5999,5000;0,0000;21/12/2026
HOSPITAL DA MULHER PARTEIRA MARIA CORREIA/RN;931528;818;Material;931528-51/2026;INSTRUMENTOS, EQUIPAMENTOS E SUPRIMENTOS MÉDICOS E CIRÚRGICOS;Catálogo do Compras.gov.br;Material;6515;INSTRUMENTOS, EQUIPAMENTOS E SUPRIMENTOS MÉDICOS  E  CIRÚRGICOS;10565;PEÇA / COMPONENTE EQUIPAMENTO HOSPITALAR;476524;APLICAÇÃO 1: UMIDIFICADOR E BASE AQUECIDA, APLICAÇÃO 2: P/ VENTILADOR ARTIFICIAL, CARACTERÍSTICA ADICIONAL: C/ ALARME SONORO, COMPONENTES 2: TELA C/ CONTROLE DE TEMPERATURA, MATERIAL: GABINETE;UN;50,0000;31,4200;1571,0000;0,0000;21/12/2026
HOSPITAL DA MULHER PARTEIRA MARIA CORREIA/RN;931528;819;Material;931528-51/2026;INSTRUMENTOS, EQUIPAMENTOS E SUPRIMENTOS MÉDICOS E CIRÚRGICOS;Catálogo do Compras.gov.br;Material;6515;INSTRUMENTOS, EQUIPAMENTOS E SUPRIMENTOS MÉDICOS  E  CIRÚRGICOS;19699;ASPIRADOR PARA REDE DE GASES;459174;ADICIONAIS: TAMPA DE ROSCA E SISTEMA ANTITRANSBORDAMENTO, APLICAÇÃO: VÁCUO, COMPONENTES: COM VACUÔMETRO, CONEXÕES: COM CONECTORES, TIPO FRASCO: FRASCO DE POLÍMERO GRADUADO, TIPO USO: ESTERILIZÁVEL, VOLUME: CERCA DE 400 ML;UN;70,0000;255,0000;17850,0000;0,0000;21/12/2026
HOSPITAL DA MULHER PARTEIRA MARIA CORREIA/RN;931528;820;Material;931528-51/2026;INSTRUMENTOS, EQUIPAMENTOS E SUPRIMENTOS MÉDICOS E CIRÚRGICOS;Catálogo do Compras.gov.br;Material;6515;INSTRUMENTOS, EQUIPAMENTOS E SUPRIMENTOS MÉDICOS  E  CIRÚRGICOS;2048;MATERIAL P/ VNI - CPAP / BIPAP;454174;MATERIAL*: SILICONE, TAMANHO*: INFANTIL, TIPO 1: FIXADOR CEFÁLICO AJUSTÁVEL;UN;15,0000;46,8000;702,0000;0,0000;21/12/2026
HOSPITAL DA MULHER PARTEIRA MARIA CORREIA/RN;931528;821;Material;931528-51/2026;INSTRUMENTOS, EQUIPAMENTOS E SUPRIMENTOS MÉDICOS E CIRÚRGICOS;Catálogo do Compras.gov.br;Material;6515;INSTRUMENTOS, EQUIPAMENTOS E SUPRIMENTOS MÉDICOS  E  CIRÚRGICOS;3681;MATERIAL HOSPITALAR;447068;APLICAÇÃO: NASAL, PARA ESPIROMETRIA, COMPONENTES: PLÁSTICO, ESTERILIDADE*: USO ÚNICO, TIPO: CLIPE;UN;10,0000;9,9000;99,0000;0,0000;21/12/2026
HOSPITAL DA MULHER PARTEIRA MARIA CORREIA/RN;931528;822;Material;931528-51/2026;INSTRUMENTOS, EQUIPAMENTOS E SUPRIMENTOS MÉDICOS E CIRÚRGICOS;Catálogo do Compras.gov.br;Material;6515;INSTRUMENTOS, EQUIPAMENTOS E SUPRIMENTOS MÉDICOS  E  CIRÚRGICOS;17865;BOCAL - USO MÉDICO;475106;COMPATIBILIDADE: COMPATÍVEL C/ MEDIDOR DE PICO FLUXO EXPIRATÓRIO, ESTERILIDADE: DESCARTÁVEL, MATERIA PRIMA: PLÁSTICO RESISTENTE, MODELO: TUBULAR RETO, TAMANHO: ADULTO;UN;100,0000;10,0000;1000,0000;0,0000;21/12/2026
HOSPITAL DA MULHER PARTEIRA MARIA CORREIA/RN;931528;823;Material;931528-51/2026;INSTRUMENTOS, EQUIPAMENTOS E SUPRIMENTOS MÉDICOS E CIRÚRGICOS;Catálogo do Compras.gov.br;Material;6515;INSTRUMENTOS, EQUIPAMENTOS E SUPRIMENTOS MÉDICOS  E  CIRÚRGICOS;30234;RESERVATÓRIO P/ ASPIRAÇÃO DE PROCEDIMENTO INVASIVO;619223;COMPATIBILIDADE: COMPATÍVEL C/ ASPIRADOR CIRÚRGICO / REDE DE VÁCUO, ESTERILIDADE: NÃO ESTÉRIL, USO ÚNICO, MATERIAL: POLÍMERO MALEÁVEL TRANSPARENTE, NÃO GRADUADO, MODELO: SACO - TIPO REFIL, TIPO TAMPA: TAMPA PLÁSTICA 2 VIAS, C/ SISTEMA ANTIRREFLUXO, VOLUME: CERCA DE 1000;UN;1200,0000;8,9700;10764,0000;0,0000;21/12/2026
HOSPITAL DA MULHER PARTEIRA MARIA CORREIA/RN;931528;824;Material;931528-51/2026;INSTRUMENTOS, EQUIPAMENTOS E SUPRIMENTOS MÉDICOS E CIRÚRGICOS;Catálogo do Compras.gov.br;Material;6515;INSTRUMENTOS, EQUIPAMENTOS E SUPRIMENTOS MÉDICOS  E  CIRÚRGICOS;19759;ELETRODO BISTURI ELÉTRICO;617465;ADICIONAL 1: C/ BLOQUEADOR PROFUNDIDADE, APLICAÇÃO: P/ IMPLANTAÇÃO DE ELETRODO PROFUNDO NEUROCIRURGIA, DIMENSÃO PONTA: PONTA ATIVA CERCA DE 30, ESTERILIDADE: ESTÉRIL, USO ÚNICO, HASTE: HASTE RETA, MATERIAL PONTEIRA: AÇO INOXIDÁVEL E CERÂMICA, TIPO: PONTA AGULHA, TIPO USO: MONOPOLAR;UN;25,0000;89,9000;2247,5000;0,0000;21/12/2026
HOSPITAL DA MULHER PARTEIRA MARIA CORREIA/RN;931528;825;Material;931528-51/2026;INSTRUMENTOS, EQUIPAMENTOS E SUPRIMENTOS MÉDICOS E CIRÚRGICOS;Catálogo do Compras.gov.br;Material;6515;INSTRUMENTOS, EQUIPAMENTOS E SUPRIMENTOS MÉDICOS  E  CIRÚRGICOS;6460;ELETRODO USO MÉDICO;465499;ACESSÓRIO: C/ CABO COMPATÍVEL C/ BISTURI DE RADIOFREQUÊNCIA, ADICIONAL 2: C/ MARCADOR DE ESPAÇO, APLICAÇÃO 1: P/ CONTROLE DE DOR, SACROILÍACA, APRESENTAÇÃO: CONJUNTO CERCA DE 6 ELETRODOS, DIMENSÕES: CERCA DE 20 G X 10, ESTERILIDADE: ESTÉRIL, USO ÚNICO, MATERIAL SENSOR: AÇO INOXIDÁVEL, MODELO: AGULHA;UN;430,0000;142,5000;61275,0000;0,0000;21/12/2026
HOSPITAL DA MULHER PARTEIRA MARIA CORREIA/RN;931528;826;Material;931528-51/2026;INSTRUMENTOS, EQUIPAMENTOS E SUPRIMENTOS MÉDICOS E CIRÚRGICOS;Catálogo do Compras.gov.br;Material;6515;INSTRUMENTOS, EQUIPAMENTOS E SUPRIMENTOS MÉDICOS  E  CIRÚRGICOS;18015;PEÇA EQUIPAMENTO MÉDICO;624468;COMPATÍVEL: COMPATÍVEL C/ MICROSCÓPIO CIRÚRGICO, TIPO 1: BRAÇO HORIZONTAL;UN;50,0000;46,5500;2327,5000;0,0000;21/12/2026
HOSPITAL DA MULHER PARTEIRA MARIA CORREIA/RN;931528;827;Material;931528-51/2026;INSTRUMENTOS, EQUIPAMENTOS E SUPRIMENTOS MÉDICOS E CIRÚRGICOS;Catálogo do Compras.gov.br;Material;6515;INSTRUMENTOS, EQUIPAMENTOS E SUPRIMENTOS MÉDICOS  E  CIRÚRGICOS;4409;CANETA USO MÉDICO;435590;COMPATIBILIDADE: CONECTOR COMPATÍVEL C/ BISTURI ELÉTRICO, COMPONENTES: C/ CABO FIXO, CONTROLE: COMANDO PEDAL, ESTERILIDADE: ESTERILIZÁVEL, MATERIAL: POLÍMERO, TIPO*: MONOPOLAR;UN;10,0000;450,3100;4503,1000;0,0000;21/12/2026
HOSPITAL DA MULHER PARTEIRA MARIA CORREIA/RN;931528;828;Material;931528-51/2026;INSTRUMENTOS, EQUIPAMENTOS E SUPRIMENTOS MÉDICOS E CIRÚRGICOS;Catálogo do Compras.gov.br;Material;6515;INSTRUMENTOS, EQUIPAMENTOS E SUPRIMENTOS MÉDICOS  E  CIRÚRGICOS;18026;CABO;474378;COMPATIBILIDADE 1: COMPATÍVEL COM BISTURI ELETRÔNICO, COMPRIMENTO: COMPRIMENTO MÍNIMO DE 2, FORMATO: MONOPOLAR;UN;10,0000;329,4000;3294,0000;0,0000;21/12/2026
HOSPITAL DA MULHER PARTEIRA MARIA CORREIA/RN;931528;829;Material;931528-51/2026;INSTRUMENTOS, EQUIPAMENTOS E SUPRIMENTOS MÉDICOS E CIRÚRGICOS;Catálogo do Compras.gov.br;Material;6515;INSTRUMENTOS, EQUIPAMENTOS E SUPRIMENTOS MÉDICOS  E  CIRÚRGICOS;18026;CABO;464301;APLICAÇÃO: P/ PLACA NEUTRA, COMPATIBILIDADE 1: COMPATÍVEL C/ BISTURI ELÉTRICO, COMPRIMENTO: COMPRIMENTO MÍNIMO 3,0, MATERIAL: SILICONIZADO, TIPO USO: REUSÁVEL;UN;10,0000;1046,8500;10468,5000;0,0000;21/12/2026
HOSPITAL DA MULHER PARTEIRA MARIA CORREIA/RN;931528;830;Material;931528-51/2026;INSTRUMENTOS, EQUIPAMENTOS E SUPRIMENTOS MÉDICOS E CIRÚRGICOS;Catálogo do Compras.gov.br;Material;6515;INSTRUMENTOS, EQUIPAMENTOS E SUPRIMENTOS MÉDICOS  E  CIRÚRGICOS;10411;PINÇA PARA BISTURI ELÉTRICO;448235;COMPRIMENTO TOTAL: CERCA DE 25, DIÂMETRO PONTA: 0,5, MATERIAL: AÇO INOXIDÁVEL, MODELO: BIPOLAR, MODELO HASTE: HASTE RETA, TIPO PONTA: PONTA CURVA, TIPO USO: ESTERILIZÁVEL;UN;10,0000;579,5000;5795,0000;0,0000;21/12/2026
HOSPITAL DA MULHER PARTEIRA MARIA CORREIA/RN;931528;831;Material;931528-51/2026;INSTRUMENTOS, EQUIPAMENTOS E SUPRIMENTOS MÉDICOS E CIRÚRGICOS;Catálogo do Compras.gov.br;Material;6515;INSTRUMENTOS, EQUIPAMENTOS E SUPRIMENTOS MÉDICOS  E  CIRÚRGICOS;19759;ELETRODO BISTURI ELÉTRICO;623314;ADICIONAL 1: C/ SISTEMA DE RESFRIAMENTO INTERNO, ADICIONAL 2: PEÇA DE MÃO, APLICAÇÃO: P/ ABLAÇÃO POR RF, COMPRIMENTO HASTE: CERCA DE 7,5, DIMENSÃO PONTA: PONTA ATIVA AJUSTÁVEL, ATÉ CERCA DE 30, ESTERILIDADE: ESTÉRIL, USO ÚNICO, HASTE: HASTE RETA, MATERIAL PONTEIRA: METÁLICA, TIPO: PONTA AGULHA, TIPO USO: MONOPOLAR;UN;10,0000;99,0000;990,0000;0,0000;21/12/2026
HOSPITAL DA MULHER PARTEIRA MARIA CORREIA/RN;931528;832;Material;931528-51/2026;INSTRUMENTOS, EQUIPAMENTOS E SUPRIMENTOS MÉDICOS E CIRÚRGICOS;Catálogo do Compras.gov.br;Material;6515;INSTRUMENTOS, EQUIPAMENTOS E SUPRIMENTOS MÉDICOS  E  CIRÚRGICOS;6960;ESFIGMOMANÔMETRO;432482;AJUSTE: DIGITAL, CARACTERÍSTICA ADICIONAL: C/ FREQUENCÍMETRO, FAIXA DE OPERAÇÃO: ATÉ 300, MATERIAL BRAÇADEIRA: BRAÇADEIRA EM NYLON, TAMANHO: ADULTO, TIPO FECHO: FECHO EM VELCRO, TIPO*: DE PULSO;UN;50,0000;84,9000;4245,0000;0,0000;21/12/2026
HOSPITAL DA MULHER PARTEIRA MARIA CORREIA/RN;931528;833;Material;931528-51/2026;INSTRUMENTOS, EQUIPAMENTOS E SUPRIMENTOS MÉDICOS E CIRÚRGICOS;Catálogo do Compras.gov.br;Material;6515;INSTRUMENTOS, EQUIPAMENTOS E SUPRIMENTOS MÉDICOS  E  CIRÚRGICOS;18026;CABO;464301;APLICAÇÃO: P/ PLACA NEUTRA, COMPATIBILIDADE 1: COMPATÍVEL C/ BISTURI ELÉTRICO, COMPRIMENTO: COMPRIMENTO MÍNIMO 3,0, MATERIAL: SILICONIZADO, TIPO USO: REUSÁVEL;UN;10,0000;844,6900;8446,9000;0,0000;21/12/2026
HOSPITAL DA MULHER PARTEIRA MARIA CORREIA/RN;931528;834;Material;931528-51/2026;INSTRUMENTOS, EQUIPAMENTOS E SUPRIMENTOS MÉDICOS E CIRÚRGICOS;Catálogo do Compras.gov.br;Material;6515;INSTRUMENTOS, EQUIPAMENTOS E SUPRIMENTOS MÉDICOS  E  CIRÚRGICOS;18026;CABO;474378;COMPATIBILIDADE 1: COMPATÍVEL COM BISTURI ELETRÔNICO, COMPRIMENTO: COMPRIMENTO MÍNIMO DE 2, FORMATO: MONOPOLAR;UN;10,0000;329,4000;3294,0000;0,0000;21/12/2026
HOSPITAL DA MULHER PARTEIRA MARIA CORREIA/RN;931528;835;Material;931528-51/2026;INSTRUMENTOS, EQUIPAMENTOS E SUPRIMENTOS MÉDICOS E CIRÚRGICOS;Catálogo do Compras.gov.br;Material;6515;INSTRUMENTOS, EQUIPAMENTOS E SUPRIMENTOS MÉDICOS  E  CIRÚRGICOS;18026;CABO;438829;COMPATIBILIDADE 1: COMPATÍVEL COM BISTURI ELETRÔNICO, COMPRIMENTO: COMPRIMENTO MÍNIMO 3,0, FORMATO: BIPOLAR;UN;10,0000;665,4000;6654,0000;0,0000;21/12/2026
HOSPITAL DA MULHER PARTEIRA MARIA CORREIA/RN;931528;836;Material;931528-51/2026;INSTRUMENTOS, EQUIPAMENTOS E SUPRIMENTOS MÉDICOS E CIRÚRGICOS;Catálogo do Compras.gov.br;Material;6515;INSTRUMENTOS, EQUIPAMENTOS E SUPRIMENTOS MÉDICOS  E  CIRÚRGICOS;13546;CONEXÃO HIDRÁULICA;381184;APLICAÇÃO: INSTALAÇÕES PREDIAIS ÁGUA FRIA E QUENTE, BITOLA II: 22, CARACTERÍSTICAS ADICIONAIS 1: AQUATHERM, COR: BEGE, MATERIAL: CPVC, TIPO: JOELHO 90°, TIPO FIXAÇÃO: SOLDÁVEL;UN;30,0000;1,9900;59,7000;0,0000;21/12/2026
HOSPITAL DA MULHER PARTEIRA MARIA CORREIA/RN;931528;837;Material;931528-51/2026;INSTRUMENTOS, EQUIPAMENTOS E SUPRIMENTOS MÉDICOS E CIRÚRGICOS;Catálogo do Compras.gov.br;Material;6515;INSTRUMENTOS, EQUIPAMENTOS E SUPRIMENTOS MÉDICOS  E  CIRÚRGICOS;13546;CONEXÃO HIDRÁULICA;381180;APLICAÇÃO: INSTALAÇÕES PREDIAIS ÁGUA FRIA E QUENTE, BITOLA II: 28, CARACTERÍSTICAS ADICIONAIS 1: AQUATHERM, COR: BEGE, MATERIAL: CPVC, TIPO: JOELHO 90°, TIPO FIXAÇÃO: SOLDÁVEL;UN;30,0000;17,4800;524,4000;0,0000;21/12/2026
HOSPITAL DA MULHER PARTEIRA MARIA CORREIA/RN;931528;838;Material;931528-51/2026;INSTRUMENTOS, EQUIPAMENTOS E SUPRIMENTOS MÉDICOS E CIRÚRGICOS;Catálogo do Compras.gov.br;Material;6515;INSTRUMENTOS, EQUIPAMENTOS E SUPRIMENTOS MÉDICOS  E  CIRÚRGICOS;13546;CONEXÃO HIDRÁULICA;381150;APLICAÇÃO: INSTALAÇÕES PREDIAIS ÁGUA FRIA E QUENTE, BITOLA II: 42, CARACTERÍSTICAS ADICIONAIS 1: AQUATHERM, COR: BEGE, MATERIAL: CPVC, TIPO: JOELHO 90°, TIPO FIXAÇÃO: SOLDÁVEL;UN;30,0000;5,9000;177,0000;0,0000;21/12/2026
HOSPITAL DA MULHER PARTEIRA MARIA CORREIA/RN;931528;839;Material;931528-51/2026;INSTRUMENTOS, EQUIPAMENTOS E SUPRIMENTOS MÉDICOS E CIRÚRGICOS;Catálogo do Compras.gov.br;Material;6515;INSTRUMENTOS, EQUIPAMENTOS E SUPRIMENTOS MÉDICOS  E  CIRÚRGICOS;2048;MATERIAL P/ VNI - CPAP / BIPAP;454194;TAMANHO*: ADULTO P, TIPO 1: MÁSCARA NASAL, TIPO BORDA: COXIM SILICONE, TIPO CONECTOR: CONECTOR PADRÃO;UN;30,0000;14,4300;432,9000;0,0000;21/12/2026
HOSPITAL DA MULHER PARTEIRA MARIA CORREIA/RN;931528;840;Material;931528-51/2026;INSTRUMENTOS, EQUIPAMENTOS E SUPRIMENTOS MÉDICOS E CIRÚRGICOS;Catálogo do Compras.gov.br;Material;6515;INSTRUMENTOS, EQUIPAMENTOS E SUPRIMENTOS MÉDICOS  E  CIRÚRGICOS;2048;MATERIAL P/ VNI - CPAP / BIPAP;454192;TAMANHO*: ADULTO M, TIPO 1: MÁSCARA NASAL, TIPO BORDA: COXIM SILICONE, TIPO CONECTOR: CONECTOR PADRÃO;UN;30,0000;14,4300;432,9000;0,0000;21/12/2026
HOSPITAL DA MULHER PARTEIRA MARIA CORREIA/RN;931528;841;Material;931528-51/2026;INSTRUMENTOS, EQUIPAMENTOS E SUPRIMENTOS MÉDICOS E CIRÚRGICOS;Catálogo do Compras.gov.br;Material;6515;INSTRUMENTOS, EQUIPAMENTOS E SUPRIMENTOS MÉDICOS  E  CIRÚRGICOS;2048;MATERIAL P/ VNI - CPAP / BIPAP;454193;TAMANHO*: ADULTO G, TIPO 1: MÁSCARA NASAL, TIPO BORDA: COXIM SILICONE, TIPO CONECTOR: CONECTOR PADRÃO;UN;30,0000;14,4300;432,9000;0,0000;21/12/2026
HOSPITAL DA MULHER PARTEIRA MARIA CORREIA/RN;931528;842;Material;931528-51/2026;INSTRUMENTOS, EQUIPAMENTOS E SUPRIMENTOS MÉDICOS E CIRÚRGICOS;Catálogo do Compras.gov.br;Material;6515;INSTRUMENTOS, EQUIPAMENTOS E SUPRIMENTOS MÉDICOS  E  CIRÚRGICOS;2245;MÁSCARA GASOTERAPIA;454575;APLICAÇÃO: P/ ALTA CONCENTRAÇÃO DE NÃO REINALAÇÃO, COMPONENTE ADICIONAL: C/ VÁLVULAS E BALÃO RESERVATÓRIO, MATERIAL: PLÁSTICO, TAMANHO: INFANTIL, TIPO CONECTOR: CONECTOR PADRÃO, TIPO FIXAÇÃO: C/ CLIPE NASAL E FIXADOR CEFÁLICO AJUSTÁVEL;UN;15,0000;20,2300;303,4500;0,0000;21/12/2026
HOSPITAL DA MULHER PARTEIRA MARIA CORREIA/RN;931528;843;Material;931528-51/2026;INSTRUMENTOS, EQUIPAMENTOS E SUPRIMENTOS MÉDICOS E CIRÚRGICOS;Catálogo do Compras.gov.br;Material;6515;INSTRUMENTOS, EQUIPAMENTOS E SUPRIMENTOS MÉDICOS  E  CIRÚRGICOS;9745;MATERIAL GASOTERAPIA;435413;ESTERILIDADE*: ESTERILIZÁVEL, MODELO: UMIDIFICADOR, SAÍDA: P/ OXIGÊNIO, TIPO FRASCO: FRASCO PLÁSTICO GRADUADO, C/ TAMPA, VOLUME: CERCA DE 250, CARACTERÍSTICA ADICIONAL: CONECTOR METAL C/ROSCA;UN;50,0000;13,1200;656,0000;0,0000;21/12/2026
HOSPITAL DA MULHER PARTEIRA MARIA CORREIA/RN;931528;844;Material;931528-51/2026;INSTRUMENTOS, EQUIPAMENTOS E SUPRIMENTOS MÉDICOS E CIRÚRGICOS;Catálogo do Compras.gov.br;Material;6515;INSTRUMENTOS, EQUIPAMENTOS E SUPRIMENTOS MÉDICOS  E  CIRÚRGICOS;9745;MATERIAL GASOTERAPIA;435411;ESTERILIDADE*: ESTERILIZÁVEL, MODELO: UMIDIFICADOR, SAÍDA: P/ AR COMPRIMIDO, TIPO FRASCO: FRASCO PLÁSTICO GRADUADO, C/ TAMPA, VOLUME: CERCA DE 250;UN;50,0000;22,7100;1135,5000;0,0000;21/12/2026
HOSPITAL DA MULHER PARTEIRA MARIA CORREIA/RN;931528;845;Material;931528-51/2026;INSTRUMENTOS, EQUIPAMENTOS E SUPRIMENTOS MÉDICOS E CIRÚRGICOS;Catálogo do Compras.gov.br;Material;6515;INSTRUMENTOS, EQUIPAMENTOS E SUPRIMENTOS MÉDICOS  E  CIRÚRGICOS;12820;TORNEIRA;440847;DIÂMETRO: 2,5, MATERIAL CORPO: METAL, TIPO: BÓIA CAIXA-D'ÁGUA;UN;30,0000;16,7100;501,3000;0,0000;21/12/2026
HOSPITAL DA MULHER PARTEIRA MARIA CORREIA/RN;931528;846;Material;931528-51/2026;INSTRUMENTOS, EQUIPAMENTOS E SUPRIMENTOS MÉDICOS E CIRÚRGICOS;Catálogo do Compras.gov.br;Material;6515;INSTRUMENTOS, EQUIPAMENTOS E SUPRIMENTOS MÉDICOS  E  CIRÚRGICOS;30233;RESERVATÓRIO P/ COLETA DE AMOSTRA BIOLÓGICA;619160;APLICAÇÃO: ASPIRAÇÃO P/ ANÁLISE CLÍNICA, COMPONENTE: C/ ALÇA, ESTERILIDADE: ESTÉRIL, USO ÚNICO, FECHAMENTO: TAMPA PLÁSTICA C/ 2 VIAS E EXTENSÃO, MATERIAL: POLÍMERO RÍGIDO TRANSPARENTE, GRADUADO, MODELO: FRASCO, VOLUME: CERCA DE 125 ML;UN;60,0000;15,9700;958,2000;0,0000;21/12/2026
HOSPITAL DA MULHER PARTEIRA MARIA CORREIA/RN;931528;847;Material;931528-51/2026;INSTRUMENTOS, EQUIPAMENTOS E SUPRIMENTOS MÉDICOS E CIRÚRGICOS;Catálogo do Compras.gov.br;Material;6515;INSTRUMENTOS, EQUIPAMENTOS E SUPRIMENTOS MÉDICOS  E  CIRÚRGICOS;2097;CONECTOR USO MÉDICO;455829;APLICAÇÃO: P/ CIRCUITO VENTILATÓRIO, DIÂMETRO: D. EXT X D. INT 22 X 15 / 22 X 15 E D. INT 22, FORMATO: EM "T", MATERIAL 1: POLÍMERO, MODELO: TUBULAR;UN;30,0000;24,0000;720,0000;0,0000;21/12/2026
HOSPITAL DA MULHER PARTEIRA MARIA CORREIA/RN;931528;848;Material;931528-51/2026;INSTRUMENTOS, EQUIPAMENTOS E SUPRIMENTOS MÉDICOS E CIRÚRGICOS;Catálogo do Compras.gov.br;Material;6515;INSTRUMENTOS, EQUIPAMENTOS E SUPRIMENTOS MÉDICOS  E  CIRÚRGICOS;16887;EQUIPAMENTOS DIVERSOS PARA SERVIÇOS PROFISSIONAIS;623882;CARACTERISTICAS ADICIONAIS 3: CARGAS AJUSTÁVEIS MANUALMENTE DE 23 À 186 CMH₂O., COMPONENTES ADICIONAIS: BOCAL ADEQUADO PARA USO ADULTO E PEDIÁTRICO, PADRÃO 1: POWERBREATHE MR, TIPO 2: DISPOSITIVO DE TREINAMENTO MUSCULAR RESPIRATÓRIO, USO 2: FORTALECER OS MÚSCULOS RESPIRATÓRIOS;UN;4,0000;728,0000;2912,0000;0,0000;21/12/2026
HOSPITAL DA MULHER PARTEIRA MARIA CORREIA/RN;931528;849;Material;931528-51/2026;INSTRUMENTOS, EQUIPAMENTOS E SUPRIMENTOS MÉDICOS E CIRÚRGICOS;Catálogo do Compras.gov.br;Material;6515;INSTRUMENTOS, EQUIPAMENTOS E SUPRIMENTOS MÉDICOS  E  CIRÚRGICOS;30216;DISPOSITIVO PORTÁTIL PARA TERAPIA RESPIRATÓRIA;617932;COMPONENTE: C/ BOCAL, COMPONENTE ADICIONAL: C/ CLIPE NASAL, MATERIAL: POLÍMERO C/ ESFERA METÁLICA INTERNA, MODELO: TIPO CACHIMBO, PONTA DISTAL C/ ORIFÍCIOS, NÍVEL DE ESFORÇO: MÉDIO, TIPO DE FUNCIONAMENTO: PRESSÃO / VIBRAÇÃO, TIPO USO: USO INDIVIDUAL;UN;5,0000;36,0000;180,0000;0,0000;21/12/2026
HOSPITAL DA MULHER PARTEIRA MARIA CORREIA/RN;931528;850;Material;931528-51/2026;INSTRUMENTOS, EQUIPAMENTOS E SUPRIMENTOS MÉDICOS E CIRÚRGICOS;Catálogo do Compras.gov.br;Material;6515;INSTRUMENTOS, EQUIPAMENTOS E SUPRIMENTOS MÉDICOS  E  CIRÚRGICOS;30216;DISPOSITIVO PORTÁTIL PARA TERAPIA RESPIRATÓRIA;617929;COMPONENTE: C/ BOCAL, TUBO CORRUGADO E FILTRO, MATERIAL: POLÍMERO RESISTENTE, MODELO: CÂMARA GRADUADA CERCA DE 2500 ML, NÍVEL DE ESFORÇO: C/ AJUSTE DE VOLUME, TIPO DE FUNCIONAMENTO: VOLUME, TIPO USO: USO INDIVIDUAL;UN;2,0000;192,0000;384,0000;0,0000;21/12/2026
HOSPITAL DA MULHER PARTEIRA MARIA CORREIA/RN;931528;851;Material;931528-51/2026;INSTRUMENTOS, EQUIPAMENTOS E SUPRIMENTOS MÉDICOS E CIRÚRGICOS;Catálogo do Compras.gov.br;Material;6515;INSTRUMENTOS, EQUIPAMENTOS E SUPRIMENTOS MÉDICOS  E  CIRÚRGICOS;30216;DISPOSITIVO PORTÁTIL PARA TERAPIA RESPIRATÓRIA;617934;COMPONENTE: C/ BOCAL, COMPONENTE ADICIONAL: C/ CLIPE NASAL, MATERIAL: POLÍMERO RESISTENTE, MODELO: CORPO PRINCIPAL TIPO PEÇA DE MÃO, NÍVEL DE ESFORÇO: C/ AJUSTE MANUAL, TIPO DE FUNCIONAMENTO: PRESSÃO / VIBRAÇÃO - MECÂNICO, TIPO USO: USO INDIVIDUAL;UN;4,0000;272,0000;1088,0000;0,0000;21/12/2026
HOSPITAL DA MULHER PARTEIRA MARIA CORREIA/RN;931528;852;Material;931528-51/2026;INSTRUMENTOS, EQUIPAMENTOS E SUPRIMENTOS MÉDICOS E CIRÚRGICOS;Catálogo do Compras.gov.br;Material;6515;INSTRUMENTOS, EQUIPAMENTOS E SUPRIMENTOS MÉDICOS  E  CIRÚRGICOS;4454;CAPACETE OXIGENOTERAPIA;427235;CARACTERÍSTICAS ADICIONAIS: TAMPO SUPERIOR REMOVÍVEL, COM ORIFÍCIO CENTRAL, COMPONENTE ADICIONAL: ORIFÍCIOS LATERAIS, COMPOSIÇÃO: CORPO CILÍNDRICO COM ABERTURA FRONTAL, MATERIAL: ACRÍLICO TRANSPARENTE, TAMANHO: RN ACIMA DE 3,5 KG;UN;5,0000;587,0500;2935,2500;0,0000;21/12/2026
HOSPITAL DA MULHER PARTEIRA MARIA CORREIA/RN;931528;853;Material;931528-51/2026;INSTRUMENTOS, EQUIPAMENTOS E SUPRIMENTOS MÉDICOS E CIRÚRGICOS;Catálogo do Compras.gov.br;Material;6515;INSTRUMENTOS, EQUIPAMENTOS E SUPRIMENTOS MÉDICOS  E  CIRÚRGICOS;4454;CAPACETE OXIGENOTERAPIA;427234;CARACTERÍSTICAS ADICIONAIS: TAMPO SUPERIOR REMOVÍVEL, COM ORIFÍCIO CENTRAL, COMPONENTE ADICIONAL: ORIFÍCIOS LATERAIS, COMPOSIÇÃO: CORPO CILÍNDRICO COM ABERTURA FRONTAL, MATERIAL: ACRÍLICO TRANSPARENTE, TAMANHO: RN DE 1,0 A CERCA DE 3,5 KG;UN;5,0000;454,0500;2270,2500;0,0000;21/12/2026
HOSPITAL DA MULHER PARTEIRA MARIA CORREIA/RN;931528;854;Material;931528-51/2026;INSTRUMENTOS, EQUIPAMENTOS E SUPRIMENTOS MÉDICOS E CIRÚRGICOS;Catálogo do Compras.gov.br;Material;6515;INSTRUMENTOS, EQUIPAMENTOS E SUPRIMENTOS MÉDICOS  E  CIRÚRGICOS;4454;CAPACETE OXIGENOTERAPIA;427233;CARACTERÍSTICAS ADICIONAIS: TAMPO SUPERIOR REMOVÍVEL, COM ORIFÍCIO CENTRAL, COMPONENTE ADICIONAL: ORIFÍCIOS LATERAIS, COMPOSIÇÃO: CORPO CILÍNDRICO COM ABERTURA FRONTAL, MATERIAL: ACRÍLICO TRANSPARENTE, TAMANHO: RN MENOR QUE 1,0 KG;UN;5,0000;340,0500;1700,2500;0,0000;21/12/2026
HOSPITAL DA MULHER PARTEIRA MARIA CORREIA/RN;931528;855;Material;931528-51/2026;INSTRUMENTOS, EQUIPAMENTOS E SUPRIMENTOS MÉDICOS E CIRÚRGICOS;Catálogo do Compras.gov.br;Material;6515;INSTRUMENTOS, EQUIPAMENTOS E SUPRIMENTOS MÉDICOS  E  CIRÚRGICOS;13821;MANGUEIRA;604871;APLICAÇÃO: PARA AR COMPRIMIDO, CARACTERÍSTICAS ADICIONAIS: PRESSÃO MINIMA DE TRABALHO 800 KPA, PRESSÃO, COMPRIMENTO: 100, DIÂMETRO EXTERNO: 8, MATERIAL: POLIPROPILENO;UN;1,0000;149,0000;149,0000;0,0000;21/12/2026
HOSPITAL DA MULHER PARTEIRA MARIA CORREIA/RN;931528;856;Material;931528-51/2026;INSTRUMENTOS, EQUIPAMENTOS E SUPRIMENTOS MÉDICOS E CIRÚRGICOS;Catálogo do Compras.gov.br;Material;6515;INSTRUMENTOS, EQUIPAMENTOS E SUPRIMENTOS MÉDICOS  E  CIRÚRGICOS;17645;MANGUEIRA USO MÉDICO;266193;CARACTERÍSTICAS ADICIONAIS: REFORÇO EM NYLON TRANÇADO, CONEXÕES PARA OXIGÊNIO, COMPRIMENTO: 5,0, CÓDIGO: 71-5139, MATERIAL: PLÁSTICO;UN;1,0000;160,0000;160,0000;0,0000;21/12/2026
HOSPITAL DA MULHER PARTEIRA MARIA CORREIA/RN;931528;885;Material;931528-51/2026;INSTRUMENTOS, EQUIPAMENTOS E SUPRIMENTOS MÉDICOS E CIRÚRGICOS;Catálogo do Compras.gov.br;Material;6515;INSTRUMENTOS, EQUIPAMENTOS E SUPRIMENTOS MÉDICOS  E  CIRÚRGICOS;1247;SONAR;220005;COMPRIMENTO: 1,20, FAIXA FREQÜÊNCIA: 3 A 15, LARGURA: 25,80, PROFUNDIDADE MÁXIMA OPERAÇÃO: 50, TEMPERATURA OPERAÇÃO: 5 A 30;UN;10,0000;88,4700;884,7000;0,0000;21/12/2026
HOSPITAL DA MULHER PARTEIRA MARIA CORREIA/RN;931528;857;Material;931528-51/2026;INSTRUMENTOS, EQUIPAMENTOS E SUPRIMENTOS MÉDICOS E CIRÚRGICOS;Catálogo do Compras.gov.br;Material;6515;INSTRUMENTOS, EQUIPAMENTOS E SUPRIMENTOS MÉDICOS  E  CIRÚRGICOS;30164;CIRCUITO RESPIRATÓRIO;614937;COMPRIMENTO TRAQUEIA: CERCA DE 60, 60, 60, 60, 40, CONECTOR: C/ CONECTOR "Y", DIÂMETRO TRAQUEIA: CERCA DE 15, DRENO COLETOR DE ÁGUA: C/ 2 DRENOS, ESTERILIDADE: ESTERILIZÁVEL, LINHA ADICIONAL: C/ LINHA PROXIMAL, MATERIAL: SILICONE, MODELO: C/ 5 TRAQUEIAS;UN;35,0000;221,6000;7756,0000;0,0000;21/12/2026
HOSPITAL DA MULHER PARTEIRA MARIA CORREIA/RN;931528;858;Material;931528-51/2026;INSTRUMENTOS, EQUIPAMENTOS E SUPRIMENTOS MÉDICOS E CIRÚRGICOS;Catálogo do Compras.gov.br;Material;6515;INSTRUMENTOS, EQUIPAMENTOS E SUPRIMENTOS MÉDICOS  E  CIRÚRGICOS;30164;CIRCUITO RESPIRATÓRIO;614925;COMPATIBILIDADE: C/ SISTEMA DE ALTO FLUXO, COMPONENTE ADICIONAL: C/ UMIDIFICADOR AQUECIDO, COMPRIMENTO TRAQUEIA: CERCA DE 175, CONECTOR: SEM CONECTOR, DIÂMETRO TRAQUEIA: CERCA DE 15, DRENO COLETOR DE ÁGUA: SEM DRENO, ESTERILIDADE: USO ÚNICO, LINHA ADICIONAL: C/ ESPIRAIS DE AQUECIMENTO E SENSOR DE TEMPERATURA, MATERIAL: PLÁSTICO, MODELO: C/ 1 TRAQUEIA;UN;50,0000;375,8400;18792,0000;0,0000;21/12/2026
HOSPITAL DA MULHER PARTEIRA MARIA CORREIA/RN;931528;859;Material;931528-51/2026;INSTRUMENTOS, EQUIPAMENTOS E SUPRIMENTOS MÉDICOS E CIRÚRGICOS;Catálogo do Compras.gov.br;Material;6515;INSTRUMENTOS, EQUIPAMENTOS E SUPRIMENTOS MÉDICOS  E  CIRÚRGICOS;12820;TORNEIRA;351595;ACABAMENTO SUPERFICIAL: CROMADO, APLICAÇÃO: INSTALAÇÃO HIDRÁULICA, CARACTERISTICAS ADICIONAIS: ACIONAMENTO HIDROMECÂNICO COM LEVE PRESSÃO MANUAL, DIÂMETRO: 1/2, MATERIAL CORPO: METAL CROMADO, TIPO: PIA/BALCÃO;UN;30,0000;69,9000;2097,0000;0,0000;21/12/2026
HOSPITAL DA MULHER PARTEIRA MARIA CORREIA/RN;931528;860;Material;931528-51/2026;INSTRUMENTOS, EQUIPAMENTOS E SUPRIMENTOS MÉDICOS E CIRÚRGICOS;Catálogo do Compras.gov.br;Material;6515;INSTRUMENTOS, EQUIPAMENTOS E SUPRIMENTOS MÉDICOS  E  CIRÚRGICOS;11700;REANIMADOR MANUAL;456410;CAPACIDADE BALÃO: CERCA 500, COMPONENTE 1: MÁSCARA PLÁSTICO RÍGIDO C/ COXIM SILICONE, COMPONENTE 2: RESERVATÓRIO DE O2 EM PLÁSTICO C/ VÁLVULA, COMPONENTES 3: ENTRADA DE O2 E EXTENSOR PVC, MATERIAL BALÃO: SILICONE, TAMANHOS: INFANTIL, TIPO VÁLVULA: VÁLVULA UNIDIRECIONAL POP OFF CERCA 40 CMH20;UN;50,0000;73,0000;3650,0000;0,0000;21/12/2026
HOSPITAL DA MULHER PARTEIRA MARIA CORREIA/RN;931528;861;Material;931528-51/2026;INSTRUMENTOS, EQUIPAMENTOS E SUPRIMENTOS MÉDICOS E CIRÚRGICOS;Catálogo do Compras.gov.br;Material;6515;INSTRUMENTOS, EQUIPAMENTOS E SUPRIMENTOS MÉDICOS  E  CIRÚRGICOS;12820;TORNEIRA;613637;ACABAMENTO SUPERFICIAL: CROMADO, APLICAÇÃO: COZINHA, CARACTERISTICAS ADICIONAIS: MISTURADOR, DIÂMETRO: 1/2, MATERIAL CORPO: LIGA DE COBRE, TIPO: BANCADA;UN;30,0000;54,8000;1644,0000;0,0000;21/12/2026
HOSPITAL DA MULHER PARTEIRA MARIA CORREIA/RN;931528;862;Material;931528-51/2026;INSTRUMENTOS, EQUIPAMENTOS E SUPRIMENTOS MÉDICOS E CIRÚRGICOS;Catálogo do Compras.gov.br;Material;6515;INSTRUMENTOS, EQUIPAMENTOS E SUPRIMENTOS MÉDICOS  E  CIRÚRGICOS;12820;TORNEIRA;249828;ACABAMENTO SUPERFICIAL: CROMADO, APLICAÇÃO: JARDIM, CARACTERISTICAS ADICIONAIS: ADAPTADOR PARA MANGUEIRA, DIÂMETRO: 3/4, MATERIAL CORPO: METAL, TIPO: JARDIM;UN;20,0000;32,6700;653,4000;0,0000;21/12/2026
HOSPITAL DA MULHER PARTEIRA MARIA CORREIA/RN;931528;863;Material;931528-51/2026;INSTRUMENTOS, EQUIPAMENTOS E SUPRIMENTOS MÉDICOS E CIRÚRGICOS;Catálogo do Compras.gov.br;Material;6515;INSTRUMENTOS, EQUIPAMENTOS E SUPRIMENTOS MÉDICOS  E  CIRÚRGICOS;19699;ASPIRADOR PARA REDE DE GASES;459173;ADICIONAIS: TAMPA DE ROSCA E SISTEMA ANTITRANSBORDAMENTO, APLICAÇÃO: AR COMPRIMIDO TIPO VENTURI, COMPONENTES: COM FLUXÔMETRO, CONEXÕES: COM CONECTORES, TIPO FRASCO: FRASCO DE POLÍMERO GRADUADO, TIPO USO: ESTERILIZÁVEL, VOLUME: CERCA DE 400 ML;UN;50,0000;136,1500;6807,5000;0,0000;21/12/2026
HOSPITAL DA MULHER PARTEIRA MARIA CORREIA/RN;931528;864;Material;931528-51/2026;INSTRUMENTOS, EQUIPAMENTOS E SUPRIMENTOS MÉDICOS E CIRÚRGICOS;Catálogo do Compras.gov.br;Material;6515;INSTRUMENTOS, EQUIPAMENTOS E SUPRIMENTOS MÉDICOS  E  CIRÚRGICOS;19920;FILTRO TERAPIA RESPIRATÓRIA;479620;APLICAÇÃO: P/ CIRCUITO RESPIRATÓRIO, COMPONENTE: CONEXÕES PADRÃO C/ VIA P/ CAPNOGRAFIA, COMPONENTE ADICIONAL: C/ TRAQUÉIA CORRUGADA, ESTERILIDADE: ESTÉRIL, MODELO: HMEF, TAMANHO: ADULTO, TIPO: TROCA CALOR E UMIDADE C/ BARREIRA MICROBIOLÓGICA, TIPO MEMBRANA: HIDRÓFOBICO E HIGROSCÓPICO;UN;300,0000;6,8600;2058,0000;0,0000;21/12/2026
HOSPITAL DA MULHER PARTEIRA MARIA CORREIA/RN;931528;865;Material;931528-51/2026;INSTRUMENTOS, EQUIPAMENTOS E SUPRIMENTOS MÉDICOS E CIRÚRGICOS;Catálogo do Compras.gov.br;Material;6515;INSTRUMENTOS, EQUIPAMENTOS E SUPRIMENTOS MÉDICOS  E  CIRÚRGICOS;19920;FILTRO TERAPIA RESPIRATÓRIA;479616;APLICAÇÃO: P/ CIRCUITO RESPIRATÓRIO, COMPONENTE: CONEXÕES PADRÃO, COMPONENTE ADICIONAL: C/ TRAQUÉIA CORRUGADA, ESTERILIDADE: ESTÉRIL, MODELO: HMEF, TAMANHO: INFANTIL, TIPO: TROCA CALOR E UMIDADE C/ BARREIRA MICROBIOLÓGICA, TIPO MEMBRANA: HIDRÓFOBICO E HIGROSCÓPICO;UN;50,0000;6,8600;343,0000;0,0000;21/12/2026
HOSPITAL DA MULHER PARTEIRA MARIA CORREIA/RN;931528;866;Material;931528-51/2026;INSTRUMENTOS, EQUIPAMENTOS E SUPRIMENTOS MÉDICOS E CIRÚRGICOS;Catálogo do Compras.gov.br;Material;6515;INSTRUMENTOS, EQUIPAMENTOS E SUPRIMENTOS MÉDICOS  E  CIRÚRGICOS;19920;FILTRO TERAPIA RESPIRATÓRIA;479622;APLICAÇÃO: P/ CIRCUITO RESPIRATÓRIO, COMPONENTE: CONEXÕES PADRÃO, ESTERILIDADE: ESTÉRIL, MODELO: HEPA, TAMANHO: ADULTO, TIPO: BARREIRA MICROBIOLÓGICA, TIPO MEMBRANA: HIDRÓFOBICO;UN;100,0000;15,6800;1568,0000;0,0000;21/12/2026
HOSPITAL DA MULHER PARTEIRA MARIA CORREIA/RN;931528;867;Material;931528-51/2026;INSTRUMENTOS, EQUIPAMENTOS E SUPRIMENTOS MÉDICOS E CIRÚRGICOS;Catálogo do Compras.gov.br;Material;6515;INSTRUMENTOS, EQUIPAMENTOS E SUPRIMENTOS MÉDICOS  E  CIRÚRGICOS;13675;ACESSÓRIO PARA EQUIPAMENTO MÉDICO;485558;APLICAÇÃO: P/ MARCA-PASSO CARDÍACO EXTERNO TEMPORÁRIO, COMPATIBILIDADE: COMPATÍVEL C/ GERADOR, DIMENSÕES: CERCA DE 2, ESTERILIDADE: REUSÁVEL, MATERIAL: ISOLADO E REVESTIDO, TIPO: CABO ADAPTADOR DUPLO;UN;5,0000;1100,0000;5500,0000;0,0000;21/12/2026
HOSPITAL DA MULHER PARTEIRA MARIA CORREIA/RN;931528;868;Material;931528-51/2026;INSTRUMENTOS, EQUIPAMENTOS E SUPRIMENTOS MÉDICOS E CIRÚRGICOS;Catálogo do Compras.gov.br;Material;6515;INSTRUMENTOS, EQUIPAMENTOS E SUPRIMENTOS MÉDICOS  E  CIRÚRGICOS;2758;BOMBA DE INFUSÃO;425255;ACESSÓRIOS: INDICADOR DE ENERGIA / CARGA, ALARME: VISUAL / SONORO, CARACTERÍSTICAS ADICIONAIS: TELA LCD 2,7 POL, CARACTERÍSTICAS ADICIONAIS 01: SENSOR AR / PRESSÃO, MATERIAL: PLÁSTICO ABS, TIPO: VOLUMÉTRICA PERISTÁLTICA, VAZÃO: 1 A 600ML/H, TOTAL DE 1 A 9999ML;UN;20,0000;2000,0000;40000,0000;0,0000;21/12/2026
HOSPITAL DA MULHER PARTEIRA MARIA CORREIA/RN;931528;869;Material;931528-51/2026;INSTRUMENTOS, EQUIPAMENTOS E SUPRIMENTOS MÉDICOS E CIRÚRGICOS;Catálogo do Compras.gov.br;Material;6515;INSTRUMENTOS, EQUIPAMENTOS E SUPRIMENTOS MÉDICOS  E  CIRÚRGICOS;10403;PAPEL TÉRMICO;414366;APLICAÇÃO: IMPRESSORA TÉRMICA, CARACTERÍSTICAS ADICIONAIS: 1 VIA, GRAMATURA: 56 G/M2, COMPRIMENTO: 30, LARGURA: 80;UN;50,0000;12,5000;625,0000;0,0000;21/12/2026
HOSPITAL DA MULHER PARTEIRA MARIA CORREIA/RN;931528;870;Material;931528-51/2026;INSTRUMENTOS, EQUIPAMENTOS E SUPRIMENTOS MÉDICOS E CIRÚRGICOS;Catálogo do Compras.gov.br;Material;6515;INSTRUMENTOS, EQUIPAMENTOS E SUPRIMENTOS MÉDICOS  E  CIRÚRGICOS;4540;CARDIOTOCÓGRAFO;454855;ADICIONAIS: C/ MEMÓRIA INTERNA, AJUSTE: PAINEL CONTROLE DIGITAL C/ TELA GRÁFICA, COMPONENTE 1: 1 TRANSDUTOR CONTRAÇÃO UTERINA MATERNA TOCO, COMPONENTE 2: 1 TRANSDUTOR US - FREQUÊNCIA CARDÍACA FETAL, COMPONENTE 3: 1 MARCADOR MOVIMENTO FETAL, COMPONENTE 4: C/ CINTAS, MODELO: P/ FETO ÚNICO, OUTROS COMPONENTES: C/ IMPRESSORA INTEGRADA;UN;1,0000;26910,0000;26910,0000;0,0000;21/12/2026
HOSPITAL DA MULHER PARTEIRA MARIA CORREIA/RN;931528;871;Material;931528-51/2026;INSTRUMENTOS, EQUIPAMENTOS E SUPRIMENTOS MÉDICOS E CIRÚRGICOS;Catálogo do Compras.gov.br;Material;6515;INSTRUMENTOS, EQUIPAMENTOS E SUPRIMENTOS MÉDICOS  E  CIRÚRGICOS;4540;CARDIOTOCÓGRAFO;454854;ADICIONAIS: C/ MEMÓRIA INTERNA, AJUSTE: PAINEL CONTROLE DIGITAL C/ TELA GRÁFICA, COMPONENTE 1: 1 TRANSDUTOR CONTRAÇÃO UTERINA MATERNA TOCO, COMPONENTE 2: 2 TRANSDUTORES US - FREQUÊNCIA CARDÍACA FETAL, COMPONENTE 3: 1 MARCADOR MOVIMENTO FETAL, COMPONENTE 4: C/ CINTAS, MODELO: P/ FETO GEMELAR, OUTROS COMPONENTES: C/ IMPRESSORA INTEGRADA;UN;2,0000;26910,0000;53820,0000;0,0000;21/12/2026
HOSPITAL DA MULHER PARTEIRA MARIA CORREIA/RN;931528;872;Material;931528-51/2026;INSTRUMENTOS, EQUIPAMENTOS E SUPRIMENTOS MÉDICOS E CIRÚRGICOS;Catálogo do Compras.gov.br;Material;6515;INSTRUMENTOS, EQUIPAMENTOS E SUPRIMENTOS MÉDICOS  E  CIRÚRGICOS;10354;PAPEL PARA IMPRESSÃO DE EXAMES - USO HOSPITALAR;454803;APLICAÇÃO*: P/ CARDIOTOCÓGRAFO, APRESENTAÇÃO: FORMULÁRIO CONTÍNUO, DOBRA EM "Z", COMPATIBILIDADE: COMPATIBILIDADE C/ EQUIPAMENTO, DIMENSÕES: CERCA 150 X 90, MATERIAL: TERMOSENSÍVEL;UN;50,0000;12,5000;625,0000;0,0000;21/12/2026
HOSPITAL DA MULHER PARTEIRA MARIA CORREIA/RN;931528;873;Material;931528-51/2026;INSTRUMENTOS, EQUIPAMENTOS E SUPRIMENTOS MÉDICOS E CIRÚRGICOS;Catálogo do Compras.gov.br;Material;6515;INSTRUMENTOS, EQUIPAMENTOS E SUPRIMENTOS MÉDICOS  E  CIRÚRGICOS;2626;DISPOSITIVO P/ MEDIDAS ANTROPOMÉTRICAS;442457;COMPONENTE II: RETRÁTIL, C/ TRAVA, ESCALA GRADUAÇÃO: C/ ESCALA MÉTRICA - MM E CM, FAIXA MEDIÇÃO: CERCA DE 2,0, MATERIAL*: FIBRA DE VIDRO, TIPO*: TIPO TRENA;UN;25,0000;18,1400;453,5000;0,0000;21/12/2026
HOSPITAL DA MULHER PARTEIRA MARIA CORREIA/RN;931528;874;Material;931528-51/2026;INSTRUMENTOS, EQUIPAMENTOS E SUPRIMENTOS MÉDICOS E CIRÚRGICOS;Catálogo do Compras.gov.br;Material;6515;INSTRUMENTOS, EQUIPAMENTOS E SUPRIMENTOS MÉDICOS  E  CIRÚRGICOS;6960;ESFIGMOMANÔMETRO;432472;AJUSTE: ANALÓGICO, ANERÓIDE, FAIXA DE OPERAÇÃO: ATÉ 300, MATERIAL BRAÇADEIRA: BRAÇADEIRA EM NYLON, TAMANHO: INFANTIL, TIPO FECHO: FECHO EM VELCRO, TIPO*: DE BRAÇO;UN;50,0000;28,0500;1402,5000;0,0000;21/12/2026
HOSPITAL DA MULHER PARTEIRA MARIA CORREIA/RN;931528;875;Material;931528-51/2026;INSTRUMENTOS, EQUIPAMENTOS E SUPRIMENTOS MÉDICOS E CIRÚRGICOS;Catálogo do Compras.gov.br;Material;6515;INSTRUMENTOS, EQUIPAMENTOS E SUPRIMENTOS MÉDICOS  E  CIRÚRGICOS;6960;ESFIGMOMANÔMETRO;432468;AJUSTE: ANALÓGICO, ANERÓIDE, FAIXA DE OPERAÇÃO: ATÉ 300, MATERIAL BRAÇADEIRA: BRAÇADEIRA EM NYLON, TAMANHO: ADULTO, TIPO FECHO: FECHO EM VELCRO, TIPO*: DE BRAÇO;UN;25,0000;130,0000;3250,0000;0,0000;21/12/2026
HOSPITAL DA MULHER PARTEIRA MARIA CORREIA/RN;931528;876;Material;931528-51/2026;INSTRUMENTOS, EQUIPAMENTOS E SUPRIMENTOS MÉDICOS E CIRÚRGICOS;Catálogo do Compras.gov.br;Material;6515;INSTRUMENTOS, EQUIPAMENTOS E SUPRIMENTOS MÉDICOS  E  CIRÚRGICOS;30265;CABO P/ MONITORIZAÇÃO DE ECG;621962;CONECTOR: COMPATÍVEL COM EQUIPAMENTO, ESTERILIDADE: REUSÁVEL, MATERIAL: BORRACHA SINTÉTICA, MODELO: PACIENTE, NÚMERO VIAS: 12 VIAS;UN;4,0000;1420,2900;5681,1600;0,0000;21/12/2026
HOSPITAL DA MULHER PARTEIRA MARIA CORREIA/RN;931528;877;Material;931528-51/2026;INSTRUMENTOS, EQUIPAMENTOS E SUPRIMENTOS MÉDICOS E CIRÚRGICOS;Catálogo do Compras.gov.br;Material;6515;INSTRUMENTOS, EQUIPAMENTOS E SUPRIMENTOS MÉDICOS  E  CIRÚRGICOS;4409;CANETA USO MÉDICO;435590;COMPATIBILIDADE: CONECTOR COMPATÍVEL C/ BISTURI ELÉTRICO, COMPONENTES: C/ CABO FIXO, CONTROLE: COMANDO PEDAL, ESTERILIDADE: ESTERILIZÁVEL, MATERIAL: POLÍMERO, TIPO*: MONOPOLAR;UN;10,0000;564,1000;5641,0000;0,0000;21/12/2026
HOSPITAL DA MULHER PARTEIRA MARIA CORREIA/RN;931528;878;Material;931528-51/2026;INSTRUMENTOS, EQUIPAMENTOS E SUPRIMENTOS MÉDICOS E CIRÚRGICOS;Catálogo do Compras.gov.br;Material;6515;INSTRUMENTOS, EQUIPAMENTOS E SUPRIMENTOS MÉDICOS  E  CIRÚRGICOS;30198;EQUIPAMENTO CARDIOVERSOR EXTERNO;616831;ALIMENTAÇÃO: BIVOLT AUTOMÁTICO, BATERIA RECARREGÁVEL, CARACTERÍSTICAS TÉCNICAS: ONDA BIFÁSICA, COMANDO NAS PÁS, ALARMES E MEMÓRIA, IMPRESSORA: COM IMPRESSORA INTEGRADA, PARÂMETROS MÍNIMOS: MP EXTERNO E SPO2, RECURSOS ADICIONAIS MÍNIMOS: PNI, ETCO2, TEMPERATURA, FR, AUXÍLIO RCP, SINCRONISMO: C/ MONITOR DE ECG E DESFIBRILADOR EXTERNO, TIPO GABINETE: TELA C/ VISOR GRÁFICO E PÁS EXTERNAS;UN;2,0000;24900,0000;49800,0000;0,0000;21/12/2026
HOSPITAL DA MULHER PARTEIRA MARIA CORREIA/RN;931528;879;Material;931528-51/2026;INSTRUMENTOS, EQUIPAMENTOS E SUPRIMENTOS MÉDICOS E CIRÚRGICOS;Catálogo do Compras.gov.br;Material;6515;INSTRUMENTOS, EQUIPAMENTOS E SUPRIMENTOS MÉDICOS  E  CIRÚRGICOS;9745;MATERIAL GASOTERAPIA;435413;ESTERILIDADE*: ESTERILIZÁVEL, MODELO: UMIDIFICADOR, SAÍDA: P/ OXIGÊNIO, TIPO FRASCO: FRASCO PLÁSTICO GRADUADO, C/ TAMPA, VOLUME: CERCA DE 250, CARACTERÍSTICA ADICIONAL: CONECTOR METAL C/ROSCA;UN;50,0000;31,4200;1571,0000;0,0000;21/12/2026
HOSPITAL DA MULHER PARTEIRA MARIA CORREIA/RN;931528;880;Material;931528-51/2026;INSTRUMENTOS, EQUIPAMENTOS E SUPRIMENTOS MÉDICOS E CIRÚRGICOS;Catálogo do Compras.gov.br;Material;6515;INSTRUMENTOS, EQUIPAMENTOS E SUPRIMENTOS MÉDICOS  E  CIRÚRGICOS;19949;ESCOVA LIMPEZA - CME;481975;APLICAÇÃO: P/ CIRCUITO RESPIRATÓRIO ADULTO, COMPRIMENTO TOTAL: CERCA DE 200, HASTE: HASTE FLEXÍVEL, MATERIAL CERDAS: CERDAS DE NYLON, PONTA ATIVA: EM UMA DAS EXTREMIDADES, TIPO USO: REPROCESSÁVEL;UN;16,0000;73,7600;1180,1600;0,0000;21/12/2026
HOSPITAL DA MULHER PARTEIRA MARIA CORREIA/RN;931528;881;Material;931528-51/2026;INSTRUMENTOS, EQUIPAMENTOS E SUPRIMENTOS MÉDICOS E CIRÚRGICOS;Catálogo do Compras.gov.br;Material;6515;INSTRUMENTOS, EQUIPAMENTOS E SUPRIMENTOS MÉDICOS  E  CIRÚRGICOS;2245;MÁSCARA GASOTERAPIA;454574;APLICAÇÃO: P/ ALTA CONCENTRAÇÃO DE NÃO REINALAÇÃO, COMPONENTE ADICIONAL: C/ VÁLVULAS E BALÃO RESERVATÓRIO, MATERIAL: PLÁSTICO, TAMANHO: ADULTO, TIPO CONECTOR: CONECTOR PADRÃO, TIPO FIXAÇÃO: C/ CLIPE NASAL E FIXADOR CEFÁLICO AJUSTÁVEL;UN;20,0000;27,9900;559,8000;0,0000;21/12/2026
HOSPITAL DA MULHER PARTEIRA MARIA CORREIA/RN;931528;882;Material;931528-51/2026;INSTRUMENTOS, EQUIPAMENTOS E SUPRIMENTOS MÉDICOS E CIRÚRGICOS;Catálogo do Compras.gov.br;Material;6515;INSTRUMENTOS, EQUIPAMENTOS E SUPRIMENTOS MÉDICOS  E  CIRÚRGICOS;2245;MÁSCARA GASOTERAPIA;454554;ADICIONAIS: JOGO C/ 6 DILUIDORES P/ FLUXO O2, ADICIONAL: C/ TUBO CORRUGADO, MATERIAL: PLÁSTICO, MODELO: VENTURI, TAMANHO: ADULTO, TIPO CONECTOR: CONECTOR PADRÃO, TIPO EXTENSÃO: EXTENSOR CERCA DE 2,0 M, TIPO FIXAÇÃO: C/ CLIPE NASAL E FIXADOR CEFÁLICO AJUSTÁVEL;UN;20,0000;22,2900;445,8000;0,0000;21/12/2026
HOSPITAL DA MULHER PARTEIRA MARIA CORREIA/RN;931528;883;Material;931528-51/2026;INSTRUMENTOS, EQUIPAMENTOS E SUPRIMENTOS MÉDICOS E CIRÚRGICOS;Catálogo do Compras.gov.br;Material;6515;INSTRUMENTOS, EQUIPAMENTOS E SUPRIMENTOS MÉDICOS  E  CIRÚRGICOS;2245;MÁSCARA GASOTERAPIA;454555;ADICIONAIS: JOGO C/ 6 DILUIDORES P/ FLUXO O2, ADICIONAL: C/ TUBO CORRUGADO, MATERIAL: PLÁSTICO, MODELO: VENTURI, TAMANHO: INFANTIL, TIPO CONECTOR: CONECTOR PADRÃO, TIPO EXTENSÃO: EXTENSOR CERCA DE 2,0 M, TIPO FIXAÇÃO: C/ CLIPE NASAL E FIXADOR CEFÁLICO AJUSTÁVEL;UN;20,0000;24,9000;498,0000;0,0000;21/12/2026
HOSPITAL DA MULHER PARTEIRA MARIA CORREIA/RN;931528;884;Material;931528-51/2026;INSTRUMENTOS, EQUIPAMENTOS E SUPRIMENTOS MÉDICOS E CIRÚRGICOS;Catálogo do Compras.gov.br;Material;6515;INSTRUMENTOS, EQUIPAMENTOS E SUPRIMENTOS MÉDICOS  E  CIRÚRGICOS;1039;PAQUÍMETRO DIGITAL;218322;ALIMENTAÇÃO: BATERIA 1,50, APLICAÇÃO: MEDIÇÃO EXTERNA/INTERNA PROFUNDIDADE E RESSALTOS, CAPACIDADE: 150, CARACTERÍSTICAS ADICIONAIS: BOTÃO LIGA-DESLIGA, LEITURA: 7,50, MATERIAL: PONTAS METAL DURO, PRECISÃO: +/- 0,02, RESOLUÇÃO: 0,01;UN;2,0000;168,0000;336,0000;0,0000;21/12/2026
HOSPITAL DA MULHER PARTEIRA MARIA CORREIA/RN;931528;887;Material;931528-51/2026;INSTRUMENTOS, EQUIPAMENTOS E SUPRIMENTOS MÉDICOS E CIRÚRGICOS;Catálogo do Compras.gov.br;Material;6515;INSTRUMENTOS, EQUIPAMENTOS E SUPRIMENTOS MÉDICOS  E  CIRÚRGICOS;15369;LÂMINA LARINGOSCÓPIO;291039;CARACTERÍSTICAS ADICIONAIS: FIBRA ÓTICA, MATERIAL: AÇO INOXIDÁVEL, TAMANHO: Nº 0, TIPO: CURVA;UN;20,0000;219,8900;4397,8000;0,0000;21/12/2026
HOSPITAL DA MULHER PARTEIRA MARIA CORREIA/RN;931528;888;Material;931528-51/2026;INSTRUMENTOS, EQUIPAMENTOS E SUPRIMENTOS MÉDICOS E CIRÚRGICOS;Catálogo do Compras.gov.br;Material;6515;INSTRUMENTOS, EQUIPAMENTOS E SUPRIMENTOS MÉDICOS  E  CIRÚRGICOS;30237;SISTEMA COLETOR PARA DRENO DE TÓRAX;619331;COMPONENTES: ALÇA DE TRANSPORTE / FIXAÇÃO, ESTERILIDADE: ESTÉRIL, USO ÚNICO, EXTENSOR: EXTENSOR C/ CLAMP, CONECTOR P/ DRENO, MATERIAL: POLÍMERO TRANSPARENTE, MODELO RECIPIENTE: FRASCO RÍGIDO, GRADUADO, TIPO: SELO D'ÁGUA, VEDAÇÃO: TAMPA ROSQUEÁVEL 3 VIAS, VOLUME: CERCA DE 2000;UN;100,0000;22,5000;2250,0000;0,0000;21/12/2026
HOSPITAL DA MULHER PARTEIRA MARIA CORREIA/RN;931528;889;Material;931528-51/2026;INSTRUMENTOS, EQUIPAMENTOS E SUPRIMENTOS MÉDICOS E CIRÚRGICOS;Catálogo do Compras.gov.br;Material;6515;INSTRUMENTOS, EQUIPAMENTOS E SUPRIMENTOS MÉDICOS  E  CIRÚRGICOS;19955;ACESSÓRIO P/ CME;615898;ADICIONAL 1: FENESTRADO E VAZADO, APLICAÇÃO: P/ LIMPEZA EXTERNA DE ENDOSCÓPIO, DIMENSÕES: CERCA DE 5 X 10, MATERIAL: POLÍMERO, TIPO 2: ESPONJA, TIPO USO: REUTILIZÁVEL;UN;200,0000;3,0000;600,0000;0,0000;21/12/2026
HOSPITAL DA MULHER PARTEIRA MARIA CORREIA/RN;931528;890;Material;931528-51/2026;INSTRUMENTOS, EQUIPAMENTOS E SUPRIMENTOS MÉDICOS E CIRÚRGICOS;Catálogo do Compras.gov.br;Material;6515;INSTRUMENTOS, EQUIPAMENTOS E SUPRIMENTOS MÉDICOS  E  CIRÚRGICOS;2171;AGULHA HIPODÉRMICA;397495;CARACTERÍSTICA ADICIONAL: COM SISTEMA SEGURANÇA SEGUNDO NR/32, DIMENSÃO: 24 G X 1", MATERIAL: AÇO INOXIDÁVEL SILICONIZADO, TIPO CONEXÃO: CONECTOR LUER LOCK EM PLÁSTICO, TIPO FIXAÇÃO: PROTETOR PLÁSTICO, TIPO PONTA: BISEL CURTO TRIFACETADO, TIPO USO: ESTÉRIL, DESCARTÁVEL, EMBALAGEM INDIVIDUAL;UN;20000,0000;2,7200;54400,0000;0,0000;21/12/2026
HOSPITAL DA MULHER PARTEIRA MARIA CORREIA/RN;931528;891;Material;931528-51/2026;INSTRUMENTOS, EQUIPAMENTOS E SUPRIMENTOS MÉDICOS E CIRÚRGICOS;Catálogo do Compras.gov.br;Material;6515;INSTRUMENTOS, EQUIPAMENTOS E SUPRIMENTOS MÉDICOS  E  CIRÚRGICOS;30318;DISPOSITIVO P/ ANESTESIA REGIONAL;626643;CARACTERÍSTICA AGULHA: GRADUADA, COMPONENTE: C/ MANDRIL, COMPRIMENTO AGULHA: CERCA DE 6" - 150 MM, DIÂMETRO AGULHA: 18 G, ESTERILIDADE: ESTÉRIL, USO ÚNICO, MATERIAL AGULHA: AÇO INOXIDÁVEL, MODELO AGULHA: AGULHA PONTA TUOHY, TIPO ANESTESIA: PERIDURAL, TIPO CONECTOR: LUER TRANSPARENTE;UN;1000,0000;5,3500;5350,0000;0,0000;21/12/2026
HOSPITAL DA MULHER PARTEIRA MARIA CORREIA/RN;931528;892;Material;931528-51/2026;INSTRUMENTOS, EQUIPAMENTOS E SUPRIMENTOS MÉDICOS E CIRÚRGICOS;Catálogo do Compras.gov.br;Material;6515;INSTRUMENTOS, EQUIPAMENTOS E SUPRIMENTOS MÉDICOS  E  CIRÚRGICOS;30318;DISPOSITIVO P/ ANESTESIA REGIONAL;626642;CARACTERÍSTICA AGULHA: GRADUADA, COMPONENTE: C/ MANDRIL, COMPRIMENTO AGULHA: CERCA DE 5" - 130 MM, DIÂMETRO AGULHA: 18 G, ESTERILIDADE: ESTÉRIL, USO ÚNICO, MATERIAL AGULHA: AÇO INOXIDÁVEL, MODELO AGULHA: AGULHA PONTA TUOHY, TIPO ANESTESIA: PERIDURAL, TIPO CONECTOR: LUER TRANSPARENTE;UN;1000,0000;5,3500;5350,0000;0,0000;21/12/2026
HOSPITAL DA MULHER PARTEIRA MARIA CORREIA/RN;931528;893;Material;931528-51/2026;INSTRUMENTOS, EQUIPAMENTOS E SUPRIMENTOS MÉDICOS E CIRÚRGICOS;Catálogo do Compras.gov.br;Material;6515;INSTRUMENTOS, EQUIPAMENTOS E SUPRIMENTOS MÉDICOS  E  CIRÚRGICOS;30318;DISPOSITIVO P/ ANESTESIA REGIONAL;626638;CARACTERÍSTICA AGULHA: GRADUADA, COMPONENTE: C/ MANDRIL, COMPRIMENTO AGULHA: CERCA DE 2" - 50 MM, DIÂMETRO AGULHA: 18 G, ESTERILIDADE: ESTÉRIL, USO ÚNICO, MATERIAL AGULHA: AÇO INOXIDÁVEL, MODELO AGULHA: AGULHA PONTA TUOHY, TIPO ANESTESIA: PERIDURAL, TIPO CONECTOR: LUER TRANSPARENTE;UN;1000,0000;6,8000;6800,0000;0,0000;21/12/2026
HOSPITAL DA MULHER PARTEIRA MARIA CORREIA/RN;931528;894;Material;931528-51/2026;INSTRUMENTOS, EQUIPAMENTOS E SUPRIMENTOS MÉDICOS E CIRÚRGICOS;Catálogo do Compras.gov.br;Material;6515;INSTRUMENTOS, EQUIPAMENTOS E SUPRIMENTOS MÉDICOS  E  CIRÚRGICOS;30260;CATETER NASAL PARA OXIGÊNIO;621789;APLICAÇÃO: P/ OXIGENOTERAPIA, COMPRIMENTO: CERCA DE 40 CM, CONECTOR: COMPATÍVEL C/ FONTE O2, ESTERILIDADE: NÃO ESTÉRIL, USO ÚNICO, MATERIAL: TUBO DE SILICONE, MODELO: TIPO SONDA, TAMANHO: Nº 16;UN;1000,0000;8,9800;8980,0000;0,0000;21/12/2026
HOSPITAL DA MULHER PARTEIRA MARIA CORREIA/RN;931528;895;Material;931528-51/2026;INSTRUMENTOS, EQUIPAMENTOS E SUPRIMENTOS MÉDICOS E CIRÚRGICOS;Catálogo do Compras.gov.br;Material;6515;INSTRUMENTOS, EQUIPAMENTOS E SUPRIMENTOS MÉDICOS  E  CIRÚRGICOS;30260;CATETER NASAL PARA OXIGÊNIO;621727;APLICAÇÃO: P/ OXIGENOTERAPIA, COMPRIMENTO: CERCA DE 1,5 M, CONECTOR: COMPATÍVEL C/ FONTE O2, ESTERILIDADE: ESTÉRIL, USO ÚNICO, MATERIAL: TUBO E PRONGA DE SILICONE, MODELO: TIPO ÓCULOS, TAMANHO: NEONATAL;UN;1000,0000;8,9800;8980,0000;0,0000;21/12/2026
HOSPITAL DA MULHER PARTEIRA MARIA CORREIA/RN;931528;896;Material;931528-51/2026;INSTRUMENTOS, EQUIPAMENTOS E SUPRIMENTOS MÉDICOS E CIRÚRGICOS;Catálogo do Compras.gov.br;Material;6515;INSTRUMENTOS, EQUIPAMENTOS E SUPRIMENTOS MÉDICOS  E  CIRÚRGICOS;30260;CATETER NASAL PARA OXIGÊNIO;621721;APLICAÇÃO: P/ OXIGENOTERAPIA, COMPRIMENTO: CERCA DE 1,5 M, CONECTOR: COMPATÍVEL C/ FONTE O2, ESTERILIDADE: ESTÉRIL, USO ÚNICO, MATERIAL: TUBO PLÁSTICO C/ PRONGA DE SILICONE, MODELO: TIPO ÓCULOS, TAMANHO: NEONATAL;UN;1000,0000;8,9800;8980,0000;0,0000;21/12/2026
HOSPITAL DA MULHER PARTEIRA MARIA CORREIA/RN;931528;897;Material;931528-51/2026;INSTRUMENTOS, EQUIPAMENTOS E SUPRIMENTOS MÉDICOS E CIRÚRGICOS;Catálogo do Compras.gov.br;Material;6515;INSTRUMENTOS, EQUIPAMENTOS E SUPRIMENTOS MÉDICOS  E  CIRÚRGICOS;14572;CÂNULA OROFARÍNGEA GUEDEL;450962;MATERIAL*: POLÍMERO, TAMANHO*: TAMANHO Nº 0;UN;1800,0000;8,0000;14400,0000;0,0000;21/12/2026
HOSPITAL DA MULHER PARTEIRA MARIA CORREIA/RN;931528;898;Material;931528-51/2026;INSTRUMENTOS, EQUIPAMENTOS E SUPRIMENTOS MÉDICOS E CIRÚRGICOS;Catálogo do Compras.gov.br;Material;6515;INSTRUMENTOS, EQUIPAMENTOS E SUPRIMENTOS MÉDICOS  E  CIRÚRGICOS;14572;CÂNULA OROFARÍNGEA GUEDEL;450961;MATERIAL*: POLÍMERO, TAMANHO*: TAMANHO Nº 00;UN;2000,0000;8,0000;16000,0000;0,0000;21/12/2026
HOSPITAL DA MULHER PARTEIRA MARIA CORREIA/RN;931528;899;Material;931528-51/2026;INSTRUMENTOS, EQUIPAMENTOS E SUPRIMENTOS MÉDICOS E CIRÚRGICOS;Catálogo do Compras.gov.br;Material;6515;INSTRUMENTOS, EQUIPAMENTOS E SUPRIMENTOS MÉDICOS  E  CIRÚRGICOS;14572;CÂNULA OROFARÍNGEA GUEDEL;450963;MATERIAL*: POLÍMERO, TAMANHO*: TAMANHO Nº 1;UN;2000,0000;8,0000;16000,0000;0,0000;21/12/2026
HOSPITAL DA MULHER PARTEIRA MARIA CORREIA/RN;931528;900;Material;931528-51/2026;INSTRUMENTOS, EQUIPAMENTOS E SUPRIMENTOS MÉDICOS E CIRÚRGICOS;Catálogo do Compras.gov.br;Material;6515;INSTRUMENTOS, EQUIPAMENTOS E SUPRIMENTOS MÉDICOS  E  CIRÚRGICOS;14572;CÂNULA OROFARÍNGEA GUEDEL;450967;MATERIAL*: POLÍMERO, TAMANHO*: TAMANHO Nº 5;UN;2000,0000;8,0000;16000,0000;0,0000;21/12/2026
HOSPITAL DA MULHER PARTEIRA MARIA CORREIA/RN;931528;901;Material;931528-51/2026;INSTRUMENTOS, EQUIPAMENTOS E SUPRIMENTOS MÉDICOS E CIRÚRGICOS;Catálogo do Compras.gov.br;Material;6515;INSTRUMENTOS, EQUIPAMENTOS E SUPRIMENTOS MÉDICOS  E  CIRÚRGICOS;;;;;-;0,0000;0,0000;568242,0000;0,0000;21/12/2026
HOSPITAL DA MULHER PARTEIRA MARIA CORREIA/RN;931528;902;Material;931528-50/2026;PATRIMONIO - CEQUIP Aquisição de equipamentos hospitalares;Catálogo do Compras.gov.br;Material;6685;INSTRUMENTOS PARA MEDIÇÃO E CONTROLE DE PRESSÃO,TEMPERATURA E UMIDADE;18026;CABO;474381;APLICAÇÃO: COMPATÍVEL COM EQUIPAMENTO, TIPO: OXIMETRIA;UN;60,0000;323,0000;19380,0000;0,0000;21/12/2026
HOSPITAL DA MULHER PARTEIRA MARIA CORREIA/RN;931528;903;Material;931528-50/2026;PATRIMONIO - CEQUIP Aquisição de equipamentos hospitalares;Catálogo do Compras.gov.br;Material;6695;INSTRUMENTOS COMBINADOS DIVERSOS;19006;PEÇA / COMPONENTE FLUXÔMETRO;351477;APLICAÇÃO: FLUXÔMETRO DE OXIGÊNIO, COMPONENTES: O'RING, BILHA INTERNA, BILHA EXTERNA, AMORTECEDOR,, TIPO: BILHA;UN;25,0000;360,0000;9000,0000;0,0000;21/12/2026
HOSPITAL DA MULHER PARTEIRA MARIA CORREIA/RN;931528;904;Material;931528-50/2026;PATRIMONIO - CEQUIP Aquisição de equipamentos hospitalares;Catálogo do Compras.gov.br;Material;6680;INSTRUMENTOS PARA MEDIÇÃO DE FLUXO DE LÍQUIDO E  GÁS, NÍVEL DE LÍQUIDOS E DE MOVIMENTOS MECÂNICOS;7676;FLUXÔMETRO;451856;APLICAÇÃO: CONTROLE FLUXO OXIGÊNIO MEDICINAL, CAPACIDADE FLUXO: 0,1 A 3,5, COMPONENTES: FLUTUADOR ESFÉRICO, EM ALUMÍNIO ANODIZADO E TERMOP, CONEXÃO SAÍDA: CONEXÃO SAÍDA C/RESCA EM LATÃO CROMADO, MATERIAL FILTRO: AÇO INOXIDÁVEL, PRESSÃO: PRESSÃO CALIBRAÇÃO ATÉ 3,5, TIPO CONEXÃO: CONEXÕES CONFORME ABNT, TIPO ESCALA: ESCALA NUMÉRICA;UN;50,0000;126,0000;6300,0000;0,0000;21/12/2026
HOSPITAL DA MULHER PARTEIRA MARIA CORREIA/RN;931528;905;Material;931528-49/2026;FARMÁCIA Materiais médico-hospitalares / Produtos para Saúde (PPS);Catálogo do Compras.gov.br;Material;6545;JOGOS E CONJUNTOS MÉDICOS;5728;CÂNULA DE TRAQUEOSTOMIA;483955;ACESSÓRIOS 02: CONECTOR UNIVERSAL, CARACTERÍSTICAS ADICIONAIS*: SUPERFÍCIE LISA PONTA ARREDONDADA, COMPONENTES*: SEM BALÃO, DIÂMETRO: CERCA DE 2,5, EMBALAGEM: EMBALAGEM INDIVIDUAL, ESTERELIDADE: ESTÉRIL, DESCARTÁVEL, MATERIAL*: SILICONE, TIPO: RADIOPACO;UN;200,0000;11,3000;2260,0000;0,0000;21/12/2026
HOSPITAL DA MULHER PARTEIRA MARIA CORREIA/RN;931528;906;Material;931528-49/2026;FARMÁCIA Materiais médico-hospitalares / Produtos para Saúde (PPS);Catálogo do Compras.gov.br;Material;6545;JOGOS E CONJUNTOS MÉDICOS;5728;CÂNULA DE TRAQUEOSTOMIA;428137;ACESSÓRIOS 02: CONECTOR UNIVERSAL, CARACTERÍSTICAS ADICIONAIS*: SUPERFÍCIE LISA PONTA ARREDONDADA, DIÂMETRO: CERCA DE 3,0, EMBALAGEM: EMBALAGEM INDIVIDUAL, ESTERELIDADE: ESTÉRIL, DESCARTÁVEL, MATERIAL*: POLÍMERO, TIPO: RADIOPACO;UN;240,0000;14,2000;3408,0000;0,0000;21/12/2026
HOSPITAL DA MULHER PARTEIRA MARIA CORREIA/RN;931528;907;Material;931528-49/2026;FARMÁCIA Materiais médico-hospitalares / Produtos para Saúde (PPS);Catálogo do Compras.gov.br;Material;6545;JOGOS E CONJUNTOS MÉDICOS;5728;CÂNULA DE TRAQUEOSTOMIA;428138;ACESSÓRIOS 02: CONECTOR UNIVERSAL, CARACTERÍSTICAS ADICIONAIS*: SUPERFÍCIE LISA PONTA ARREDONDADA, DIÂMETRO: CERCA DE 3,5, EMBALAGEM: EMBALAGEM INDIVIDUAL, ESTERELIDADE: ESTÉRIL, DESCARTÁVEL, MATERIAL*: POLÍMERO, TIPO: RADIOPACO;UN;240,0000;11,5000;2760,0000;0,0000;21/12/2026
HOSPITAL DA MULHER PARTEIRA MARIA CORREIA/RN;931528;908;Material;931528-49/2026;FARMÁCIA Materiais médico-hospitalares / Produtos para Saúde (PPS);Catálogo do Compras.gov.br;Material;6545;JOGOS E CONJUNTOS MÉDICOS;5728;CÂNULA DE TRAQUEOSTOMIA;428135;ACESSÓRIOS 02: CONECTOR UNIVERSAL, CARACTERÍSTICAS ADICIONAIS*: SUPERFÍCIE LISA PONTA ARREDONDADA, DIÂMETRO: CERCA DE 4,0, EMBALAGEM: EMBALAGEM INDIVIDUAL, ESTERELIDADE: ESTÉRIL, DESCARTÁVEL, MATERIAL*: POLÍMERO, TIPO: RADIOPACO;UN;200,0000;11,3000;2260,0000;0,0000;21/12/2026
HOSPITAL DA MULHER PARTEIRA MARIA CORREIA/RN;931528;909;Material;931528-49/2026;FARMÁCIA Materiais médico-hospitalares / Produtos para Saúde (PPS);Catálogo do Compras.gov.br;Material;6545;JOGOS E CONJUNTOS MÉDICOS;5728;CÂNULA DE TRAQUEOSTOMIA;428139;ACESSÓRIOS 02: CONECTOR UNIVERSAL, CARACTERÍSTICAS ADICIONAIS*: SUPERFÍCIE LISA PONTA ARREDONDADA, DIÂMETRO: CERCA DE 4,5, EMBALAGEM: EMBALAGEM INDIVIDUAL, ESTERELIDADE: ESTÉRIL, DESCARTÁVEL, MATERIAL*: POLÍMERO, TIPO: RADIOPACO;UN;240,0000;11,3000;2712,0000;0,0000;21/12/2026
HOSPITAL DA MULHER PARTEIRA MARIA CORREIA/RN;931528;910;Material;931528-49/2026;FARMÁCIA Materiais médico-hospitalares / Produtos para Saúde (PPS);Catálogo do Compras.gov.br;Material;6545;JOGOS E CONJUNTOS MÉDICOS;5728;CÂNULA DE TRAQUEOSTOMIA;428136;ACESSÓRIOS 02: CONECTOR UNIVERSAL, CARACTERÍSTICAS ADICIONAIS*: SUPERFÍCIE LISA PONTA ARREDONDADA, DIÂMETRO: CERCA DE 5,0, EMBALAGEM: EMBALAGEM INDIVIDUAL, ESTERELIDADE: ESTÉRIL, DESCARTÁVEL, MATERIAL*: POLÍMERO, TIPO: RADIOPACO;UN;180,0000;10,6000;1908,0000;0,0000;21/12/2026
HOSPITAL DA MULHER PARTEIRA MARIA CORREIA/RN;931528;911;Material;931528-48/2026;LABORATÓRIO Aquisição de insumos essenciais para o funcionamento do Laboratório de Análises Clínicas;Catálogo do Compras.gov.br;Material;6515;INSTRUMENTOS, EQUIPAMENTOS E SUPRIMENTOS MÉDICOS  E  CIRÚRGICOS;13092;TUBO PARA COLETA DE AMOSTRA BIOLÓGICA;449625;CARACTERÍSTICA ADICIONAL: À VÁCUO, COMPONENTES: COM CITRATO DE SÓDIO 3,2%, ESTERILIDADE: ESTÉRIL, DESCARTÁVEL, MATERIAL: PLÁSTICO, USO: COLETA DE SANGUE, VOLUME: 1,8;UN;30000,0000;0,8800;26400,0000;0,0000;21/12/2026
HOSPITAL DA MULHER PARTEIRA MARIA CORREIA/RN;931528;912;Material;931528-48/2026;LABORATÓRIO Aquisição de insumos essenciais para o funcionamento do Laboratório de Análises Clínicas;Catálogo do Compras.gov.br;Material;6515;INSTRUMENTOS, EQUIPAMENTOS E SUPRIMENTOS MÉDICOS  E  CIRÚRGICOS;13092;TUBO PARA COLETA DE AMOSTRA BIOLÓGICA;372340;CARACTERÍSTICA ADICIONAL: À VÁCUO, COMPONENTES: COM EDTA-K3, ESTERILIDADE: ESTÉRIL, DESCARTÁVEL, MATERIAL: PLÁSTICO, USO: COLETA DE SANGUE, VOLUME: 4;UN;30000,0000;0,8500;25500,0000;0,0000;21/12/2026
HOSPITAL DA MULHER PARTEIRA MARIA CORREIA/RN;931528;913;Material;931528-48/2026;LABORATÓRIO Aquisição de insumos essenciais para o funcionamento do Laboratório de Análises Clínicas;Catálogo do Compras.gov.br;Material;6515;INSTRUMENTOS, EQUIPAMENTOS E SUPRIMENTOS MÉDICOS  E  CIRÚRGICOS;13092;TUBO PARA COLETA DE AMOSTRA BIOLÓGICA;372338;CARACTERÍSTICA ADICIONAL: À VÁCUO, COMPONENTES: COM EDTA-K3, ESTERILIDADE: ESTÉRIL, DESCARTÁVEL, MATERIAL: PLÁSTICO, USO: MICROCOLETA DE SANGUE, VOLUME: 0,5;UN;20000,0000;0,6600;13200,0000;0,0000;21/12/2026
HOSPITAL DA MULHER PARTEIRA MARIA CORREIA/RN;931528;914;Material;931528-48/2026;LABORATÓRIO Aquisição de insumos essenciais para o funcionamento do Laboratório de Análises Clínicas;Catálogo do Compras.gov.br;Material;6515;INSTRUMENTOS, EQUIPAMENTOS E SUPRIMENTOS MÉDICOS  E  CIRÚRGICOS;13092;TUBO PARA COLETA DE AMOSTRA BIOLÓGICA;433745;CARACTERÍSTICA ADICIONAL: À VÁCUO, COMPONENTES: COM ATIVADOR DE COÁGULO, ESTERILIDADE: ESTÉRIL, DESCARTÁVEL, MATERIAL: PLÁSTICO, USO: COLETA DE SANGUE, VOLUME: 4;UN;30000,0000;0,9000;27000,0000;0,0000;21/12/2026
HOSPITAL DA MULHER PARTEIRA MARIA CORREIA/RN;931528;915;Material;931528-48/2026;LABORATÓRIO Aquisição de insumos essenciais para o funcionamento do Laboratório de Análises Clínicas;Catálogo do Compras.gov.br;Material;6515;INSTRUMENTOS, EQUIPAMENTOS E SUPRIMENTOS MÉDICOS  E  CIRÚRGICOS;13092;TUBO PARA COLETA DE AMOSTRA BIOLÓGICA;379256;CARACTERÍSTICA ADICIONAL: À VÁCUO, COMPONENTES: COM ATIVADOR DE COÁGULO, ESTERILIDADE: ESTÉRIL, DESCARTÁVEL, MATERIAL: PLÁSTICO, USO: COLETA DE SANGUE, VOLUME: 2;UN;20000,0000;0,7900;15800,0000;0,0000;21/12/2026
HOSPITAL DA MULHER PARTEIRA MARIA CORREIA/RN;931528;916;Material;931528-47/2026;PATRIMÔNIO - TI - Aquisição Material e Equipamentos;Catálogo do Compras.gov.br;Material;6350;SISTEMAS DIVERSOS DE SINALIZAÇÃO, ALARME E DETECÇÃO PARA  SEGURANÇA;15041;CÂMERA VÍDEO DE SEGURANÇA;623909;CARACTERÍSTICAS ADICIONAIS: TIPO DOME, ZOOM 16X, COMPONENTES ADICIONAIS: IR 30 METROS, PROTEÇÃO IP67, CONTROLE GANHO: AUTOMÁTICO / MANUAL, COR: BRANCA, INTERFACE: 1 RJ-45 (10 / 100 BASE-T), LUMINOSIDADE MÍNIMA: 0,8, PADRÃO: IP DOME, RESOLUÇÃO HORIZONTAL: 4, RESOLUÇÃO VERTICAL: 4, TIPO SENSOR: CCD 1/3", VOLTAGEM: 12 VDC OU POE (802.3AF);UN;10,0000;3960,0000;39600,0000;0,0000;21/12/2026
HOSPITAL DA MULHER PARTEIRA MARIA CORREIA/RN;931528;917;Material;931528-46/2026;PATRIMÔNIO - Aquisição Bens Mobiliário e outros;Catálogo do Compras.gov.br;Material;6350;SISTEMAS DIVERSOS DE SINALIZAÇÃO, ALARME E DETECÇÃO PARA  SEGURANÇA;1584;CAMPAINHA ELÉTRICA;472681;CARACTERÍSTICAS ADICIONAIS: C/ FIO, BOTÃO LIGA/DESLIGA, LINHA: P/ CHAMADA DA EQUIPE ENFERMAGEM, USO HOSPITALAR, MATERIAL: PLÁSTICO;UN;1,0000;105500,0000;105500,0000;0,0000;21/12/2026
HOSPITAL DA MULHER PARTEIRA MARIA CORREIA/RN;931528;918;Material;931528-46/2026;PATRIMÔNIO - Aquisição Bens Mobiliário e outros;Catálogo do Compras.gov.br;Material;6350;SISTEMAS DIVERSOS DE SINALIZAÇÃO, ALARME E DETECÇÃO PARA  SEGURANÇA;16388;CENTRAL MONITORAMENTO;620168;ACESSÓRIOS: BATERIA SELADA INTEGRADA 24V / 2,3AH, COMPATIBILIDADE SISTEMAS: COMPATÍVEL COM ACIONADORES DETECTORES E SIRENES, COMPONENTES: CENTRAL DE ALARME, SIRENE INTEGRADA E PAINEL LED, FINALIDADE: ALARME E DETECÇÃO DE INCÊNDIO, TENSÃO: 110 / 220, TIPO: ENDEREÇÁVEL: 125 ENDEREÇOS;UN;1,0000;6041,0000;6041,0000;0,0000;21/12/2026
HOSPITAL DA MULHER PARTEIRA MARIA CORREIA/RN;931528;919;Material;931528-46/2026;PATRIMÔNIO - Aquisição Bens Mobiliário e outros;Catálogo do Compras.gov.br;Material;6350;SISTEMAS DIVERSOS DE SINALIZAÇÃO, ALARME E DETECÇÃO PARA  SEGURANÇA;1519;DETECTOR FUMAÇA;459029;ALTURA: 53, COR: BRANCA, DIÂMETRO: 103, MATERIAL: PLÁSTICO ABS, TIPO: ENDEREÇÁVEL;UN;50,0000;118,7000;5935,0000;0,0000;21/12/2026
HOSPITAL DA MULHER PARTEIRA MARIA CORREIA/RN;931528;922;Material;931528-45/2026;PATRIMÔNIO - Equipamentos Segurança, prevenção e combate a Incêndio.;Catálogo do Compras.gov.br;Material;6310;SISTEMA DE SINALIZAÇÃO DE TRÁFEGO E TRÂNSITO;1477;FITA SINALIZAÇÃO;223247;APLICAÇÃO: ISOLAMENTO E SEGURANÇA, CARACTERÍSTICAS ADICIONAIS: NÃO APLICÁVEL, COMPRIMENTO: 200, COR: BRANCA, LARGURA: 0,07, MATERIAL: POLIETILENO, TIPO FIXAÇÃO: SUSPENSA;UN;1,0000;17,1900;17,1900;0,0000;21/12/2026
HOSPITAL DA MULHER PARTEIRA MARIA CORREIA/RN;931528;923;Material;931528-45/2026;PATRIMÔNIO - Equipamentos Segurança, prevenção e combate a Incêndio.;Catálogo do Compras.gov.br;Material;6310;SISTEMA DE SINALIZAÇÃO DE TRÁFEGO E TRÂNSITO;1492;CONE SINALIZAÇÃO;367985;ALTURA: 75, CARACTERÍSTICAS ADICIONAIS: 3 FAIXAS REFLETIVAS 8CM, PRATA, MÍNIMA 1500 LUX/M2, COR: LARANJA, MATERIAL: POLIETILENO;UN;20,0000;24,0000;480,0000;0,0000;21/12/2026
HOSPITAL DA MULHER PARTEIRA MARIA CORREIA/RN;931528;924;Material;931528-44/2026;PATRIMÔNIO - MANUTENÇÃO - Aquisição de Materiais;Catálogo do Compras.gov.br;Material;6150;EQUIPAMENTOS DIVERSOS PARA GERAÇÃO E DISTRIBUIÇÃO DE ENERGIA;5714;EXTENSÃO ELÉTRICA;611883;COMPONENTES: 5 TOMADAS, 2P+T, COMPRIMENTO: 3, CONEXÕES: 1(UMA) ENTRADA 2P+T E 5 SAÍDAS 2P+T, CORRENTE NOMINAL: 10, FORMATO CONTATO: PADRÃO BRASILEIRO, FORMAÇÃO DO CABO: 3 X 0,75, GRAU PROTEÇÃO: IP44, MATERIAL: TERMOPLÁSTICO ANTI-CHAMA, NORMAS TÉCNICAS: NBR 14136, NÚMERO PÓLOS: 2P + T, POTÊNCIA MÁXIMA: 2.200, REFERÊNCIA: FORCE LINE 0180200316, SEÇÃO NOMINAL: 0,75, TEMPERATURA OPERAÇÃO: 70°, TENSÃO ENTRADA: 110-127, TENSÃO NOMINAL: 110/220, TIPO: RÉGUA;UN;2,0000;31,2900;62,5800;0,0000;21/12/2026
HOSPITAL DA MULHER PARTEIRA MARIA CORREIA/RN;931528;925;Material;931528-44/2026;PATRIMÔNIO - MANUTENÇÃO - Aquisição de Materiais;Catálogo do Compras.gov.br;Material;6240;LÂMPADAS ELÉTRICAS;19095;LÂMPADA LED;427738;ABERTURA FACHO: 120°, CARACTERÍSTICAS ADICIONAIS: SENSOR DE PRESENÇA EMBUTIDO NA LÂMPADA, DIMERIZÁVE, COR: BRANCA FRIA, DIMENSÕES: 29 X 11 X 98, EQUIVALÊNCIA: FLUORESCENTE DE 40W, FATOR POTÊNCIA: > 0,95, FLUXO LUMINOSO: 1700, FORMATO: TUBULAR, FREQUÊNCIA NOMINAL: 50/60, GRAU PROTEÇÃO: IP42, POTÊNCIA NOMINAL: 18, QUANTIDADE LEDS: 96, TEMPERATURA DE COR: 6000, TEMPERATURA OPERAÇÃO: -20°C A +40, TENSÃO NOMINAL: BIVOLT 100/240, TIPO BASE: G13, TIPO EMISSOR: EPISTAR SMD 2835, UMIDADE RELATIVA DE OPERAÇÃO: 10 A 90%, VIDA MÉDIA: 40.000, ÍNDICE DE REPRODUÇÃO DE COR - IRC: >0,80;UN;4000,0000;13,3400;53360,0000;0,0000;21/12/2026
HOSPITAL DA MULHER PARTEIRA MARIA CORREIA/RN;931528;926;Material;931528-44/2026;PATRIMÔNIO - MANUTENÇÃO - Aquisição de Materiais;Catálogo do Compras.gov.br;Material;6210;APARELHOS DE ILUMINAÇÃO ELÉTRICA DE USO INTERNO E EXTERNO;6792;LUMINÁRIA;469139;APLICAÇÃO: ILUMINAÇÃO INTERNA, COR: BRANCA, DIMENSÕES: 22 X 22 X 4, FORMATO: QUADRADO, MATERIAL CORPO: ALUMÍNIO, MATERIAL DIFUSOR: POLICARBONATO LEITOSO, POSIÇÃO RELATIVA: SOBREPOR, POTÊNCIA NOMINAL LÂMPADA: 18, TEMPERATURA DE COR: 6.000, TENSÃO NOMINAL: 220, TIPO: SOBREPOR, TIPO LÂMPADA: LED;UN;300,0000;19,9900;5997,0000;0,0000;21/12/2026
HOSPITAL DA MULHER PARTEIRA MARIA CORREIA/RN;931528;927;Material;931528-44/2026;PATRIMÔNIO - MANUTENÇÃO - Aquisição de Materiais;Catálogo do Compras.gov.br;Material;6210;APARELHOS DE ILUMINAÇÃO ELÉTRICA DE USO INTERNO E EXTERNO;6792;LUMINÁRIA;485932;MODELO: PORTÁTIL, QUANTIDADE LÂMPADAS: 30, TEMPERATURA DE COR: 6.500, TENSÃO NOMINAL: 110/220, TIPO: EMERGÊNCIA, TIPO LÂMPADA: LED;UN;5,0000;12,7000;63,5000;0,0000;21/12/2026
HOSPITAL DA MULHER PARTEIRA MARIA CORREIA/RN;931528;928;Material;931528-44/2026;PATRIMÔNIO - MANUTENÇÃO - Aquisição de Materiais;Catálogo do Compras.gov.br;Material;6145;FIOS E CABOS ELÉTRICOS;7533;FIO ELETRICO;329881;BITOLA: 1,50, COR: VERDE, MATERIAL CONDUTOR: COBRE, MATERIAL ISOLAMENTO: PVC, TENSÃO: 750, TIPO: FLEXÍVEL, APLICAÇÃO: INSTALAÇÃO ELÉTRICA, CARACTERÍSTICAS ADICIONAIS: ANTI-CHAMA;M;200,0000;1,1700;234,0000;0,0000;21/12/2026
HOSPITAL DA MULHER PARTEIRA MARIA CORREIA/RN;931528;929;Material;931528-44/2026;PATRIMÔNIO - MANUTENÇÃO - Aquisição de Materiais;Catálogo do Compras.gov.br;Material;6145;FIOS E CABOS ELÉTRICOS;7533;FIO ELETRICO;329264;BITOLA: 1,50, COR: AZUL, MATERIAL CONDUTOR: COBRE, MATERIAL ISOLAMENTO: PVC, TENSÃO: 750, TIPO: FLEXÍVEL, CARACTERÍSTICAS ADICIONAIS: ANTI-CHAMA;M;200,0000;1,1700;234,0000;0,0000;21/12/2026
HOSPITAL DA MULHER PARTEIRA MARIA CORREIA/RN;931528;930;Material;931528-44/2026;PATRIMÔNIO - MANUTENÇÃO - Aquisição de Materiais;Catálogo do Compras.gov.br;Material;6145;FIOS E CABOS ELÉTRICOS;7533;FIO ELETRICO;265366;BITOLA: 1,50, COR: VERMELHO, MATERIAL CONDUTOR: COBRE, MATERIAL ISOLAMENTO: PVC, TENSÃO: 750, TIPO: FLEXÍVEL / CABINHO;M;200,0000;1,1700;234,0000;0,0000;21/12/2026
HOSPITAL DA MULHER PARTEIRA MARIA CORREIA/RN;931528;931;Material;931528-44/2026;PATRIMÔNIO - MANUTENÇÃO - Aquisição de Materiais;Catálogo do Compras.gov.br;Material;6145;FIOS E CABOS ELÉTRICOS;7533;FIO ELETRICO;335662;BITOLA: 2,5, COR: VERDE, MATERIAL CONDUTOR: COBRE, TIPO: FLEXÍVEL;M;300,0000;1,8400;552,0000;0,0000;21/12/2026
HOSPITAL DA MULHER PARTEIRA MARIA CORREIA/RN;931528;955;Material;931528-42/2026;PATRIMÔNIO - MANUTENÇÃO - Aquisição de Materiais;Catálogo do Compras.gov.br;Material;5975;FERRAGENS E SUPRIMENTOS DE ELETRICIDADE;14343;CURVA ELETRODUTO;418787;ANGULAÇÃO: 90°, APLICAÇÃO: ELETRODUTO CONDULETE TOP, DIÂMETRO NOMINAL: 3/4, MATERIAL: PVC;UN;10,0000;7,1700;71,7000;0,0000;21/12/2026
HOSPITAL DA MULHER PARTEIRA MARIA CORREIA/RN;931528;932;Material;931528-44/2026;PATRIMÔNIO - MANUTENÇÃO - Aquisição de Materiais;Catálogo do Compras.gov.br;Material;6145;FIOS E CABOS ELÉTRICOS;7533;FIO ELETRICO;329879;BITOLA: 2,5, COR: AZUL, MATERIAL CONDUTOR: COBRE, MATERIAL ISOLAMENTO: PVC, TENSÃO: 750, TIPO: FLEXÍVEL, APLICAÇÃO: INSTALAÇÃO ELÉTRICA, CARACTERÍSTICAS ADICIONAIS: ANTI-CHAMA;M;300,0000;1,8400;552,0000;0,0000;21/12/2026
HOSPITAL DA MULHER PARTEIRA MARIA CORREIA/RN;931528;933;Material;931528-44/2026;PATRIMÔNIO - MANUTENÇÃO - Aquisição de Materiais;Catálogo do Compras.gov.br;Material;6145;FIOS E CABOS ELÉTRICOS;7533;FIO ELETRICO;329877;BITOLA: 2,5, COR: VERMELHO, MATERIAL CONDUTOR: COBRE, MATERIAL ISOLAMENTO: PVC, TENSÃO: 750, TIPO: FLEXÍVEL, APLICAÇÃO: INSTALAÇÃO ELÉTRICA, CARACTERÍSTICAS ADICIONAIS: ANTI-CHAMA;M;300,0000;1,8400;552,0000;0,0000;21/12/2026
HOSPITAL DA MULHER PARTEIRA MARIA CORREIA/RN;931528;934;Material;931528-44/2026;PATRIMÔNIO - MANUTENÇÃO - Aquisição de Materiais;Catálogo do Compras.gov.br;Material;6145;FIOS E CABOS ELÉTRICOS;7533;FIO ELETRICO;329880;BITOLA: 4, COR: AZUL, MATERIAL CONDUTOR: COBRE, MATERIAL ISOLAMENTO: PVC, TENSÃO: 750, TIPO: FLEXÍVEL, APLICAÇÃO: INSTALAÇÃO ELÉTRICA, CARACTERÍSTICAS ADICIONAIS: ANTI-CHAMA;M;300,0000;2,7000;810,0000;0,0000;21/12/2026
HOSPITAL DA MULHER PARTEIRA MARIA CORREIA/RN;931528;935;Material;931528-44/2026;PATRIMÔNIO - MANUTENÇÃO - Aquisição de Materiais;Catálogo do Compras.gov.br;Material;6145;FIOS E CABOS ELÉTRICOS;7533;FIO ELETRICO;264388;BITOLA: 4, COR: VERMELHO, MATERIAL CONDUTOR: COBRE, MATERIAL ISOLAMENTO: PVC, TENSÃO: 750, TIPO: FLEXÍVEL, ENCORDOAMENTO: CLASSE 5;M;300,0000;2,7000;810,0000;0,0000;21/12/2026
HOSPITAL DA MULHER PARTEIRA MARIA CORREIA/RN;931528;936;Material;931528-43/2026;ALMOXARIFADO Aquisição de materiais de limpeza e higiene, materiais de expediente administrativo e m;Catálogo do Compras.gov.br;Material;6135;BATERIAS NAO RECARREGÁVEIS;10708;PILHA;435129;CARACTERÍSTICAS ADICIONAIS: NÃO CONTÉM MERCÚRIO E CÁDMIO, MODELO: C, SISTEMA ELETROQUÍMICO: ALCALINA, TAMANHO: MÉDIA, TENSÃO NOMINAL: 1,5;UN;188,0000;4,7800;898,6400;0,0000;21/12/2026
HOSPITAL DA MULHER PARTEIRA MARIA CORREIA/RN;931528;937;Material;931528-43/2026;ALMOXARIFADO Aquisição de materiais de limpeza e higiene, materiais de expediente administrativo e m;Catálogo do Compras.gov.br;Material;6135;BATERIAS NAO RECARREGÁVEIS;10708;PILHA;419859;CARACTERÍSTICAS ADICIONAIS: NÃO RECARREGÁVEL, MODELO: AA, SISTEMA ELETROQUÍMICO: ALCALINA, TAMANHO: PEQUENA, TENSÃO NOMINAL: 1,5;EMB;156,0000;1,6800;262,0800;0,0000;21/12/2026
HOSPITAL DA MULHER PARTEIRA MARIA CORREIA/RN;931528;938;Material;931528-43/2026;ALMOXARIFADO Aquisição de materiais de limpeza e higiene, materiais de expediente administrativo e m;Catálogo do Compras.gov.br;Material;6135;BATERIAS NAO RECARREGÁVEIS;10708;PILHA;419860;CARACTERÍSTICAS ADICIONAIS: NÃO RECARREGÁVEL, MODELO: AAA, SISTEMA ELETROQUÍMICO: ALCALINA, TAMANHO: PALITO, TENSÃO NOMINAL: 1,5;EMB;200,0000;1,6800;336,0000;0,0000;21/12/2026
HOSPITAL DA MULHER PARTEIRA MARIA CORREIA/RN;931528;939;Material;931528-43/2026;ALMOXARIFADO Aquisição de materiais de limpeza e higiene, materiais de expediente administrativo e m;Catálogo do Compras.gov.br;Material;6135;BATERIAS NAO RECARREGÁVEIS;10708;PILHA;419861;CARACTERÍSTICAS ADICIONAIS: NÃO RECARREGÁVEL, MODELO: D, SISTEMA ELETROQUÍMICO: ALCALINA, TAMANHO: GRANDE, TENSÃO NOMINAL: 1,5;EMB;160,0000;4,8000;768,0000;0,0000;21/12/2026
HOSPITAL DA MULHER PARTEIRA MARIA CORREIA/RN;931528;940;Material;931528-43/2026;ALMOXARIFADO Aquisição de materiais de limpeza e higiene, materiais de expediente administrativo e m;Catálogo do Compras.gov.br;Material;6135;BATERIAS NAO RECARREGÁVEIS;;;;;-;0,0000;0,0000;10000,0000;0,0000;21/12/2026
HOSPITAL DA MULHER PARTEIRA MARIA CORREIA/RN;931528;941;Material;931528-42/2026;PATRIMÔNIO - MANUTENÇÃO - Aquisição de Materiais;Catálogo do Compras.gov.br;Material;5975;FERRAGENS E SUPRIMENTOS DE ELETRICIDADE;13546;CONEXÃO HIDRÁULICA;626048;BITOLA I: 25 MM X 3/4, CARACTERÍSTICAS ADICIONAIS 1: ROSCA LR, MATERIAL: PVC, NORMAS TÉCNICAS: NBR 5648 CL. 15, TIPO: JOELHO 90°;UN;40,0000;9,3900;375,6000;0,0000;21/12/2026
HOSPITAL DA MULHER PARTEIRA MARIA CORREIA/RN;931528;942;Material;931528-42/2026;PATRIMÔNIO - MANUTENÇÃO - Aquisição de Materiais;Catálogo do Compras.gov.br;Material;5975;FERRAGENS E SUPRIMENTOS DE ELETRICIDADE;13546;CONEXÃO HIDRÁULICA;626047;BITOLA I: 110, MATERIAL: PVC, NORMAS TÉCNICAS: NBR 5648 CL. 15, TIPO: JOELHO 90°, TIPO FIXAÇÃO: SOLDÁVEL;UN;40,0000;16,9000;676,0000;0,0000;21/12/2026
HOSPITAL DA MULHER PARTEIRA MARIA CORREIA/RN;931528;943;Material;931528-42/2026;PATRIMÔNIO - MANUTENÇÃO - Aquisição de Materiais;Catálogo do Compras.gov.br;Material;5975;FERRAGENS E SUPRIMENTOS DE ELETRICIDADE;13546;CONEXÃO HIDRÁULICA;626002;APLICAÇÃO: INSTALAÇÃO HIDRÁULICA E ESGOTO, COR: BRANCA, DIÂMETRO EXTERNO: 100, MATERIAL: PVC, TIPO: TÊ 90°;UN;40,0000;11,9500;478,0000;0,0000;21/12/2026
HOSPITAL DA MULHER PARTEIRA MARIA CORREIA/RN;931528;944;Material;931528-42/2026;PATRIMÔNIO - MANUTENÇÃO - Aquisição de Materiais;Catálogo do Compras.gov.br;Material;5975;FERRAGENS E SUPRIMENTOS DE ELETRICIDADE;13546;CONEXÃO HIDRÁULICA;625956;BITOLA III: 75, MATERIAL: PVC, NORMAS TÉCNICAS: NBR 5648 CL. 15, TIPO: JOELHO 90°, TIPO FIXAÇÃO: SOLDÁVEL;UN;40,0000;14,9900;599,6000;0,0000;21/12/2026
HOSPITAL DA MULHER PARTEIRA MARIA CORREIA/RN;931528;945;Material;931528-42/2026;PATRIMÔNIO - MANUTENÇÃO - Aquisição de Materiais;Catálogo do Compras.gov.br;Material;5975;FERRAGENS E SUPRIMENTOS DE ELETRICIDADE;13546;CONEXÃO HIDRÁULICA;621687;APLICAÇÃO: INSTALAÇÕES PREDIAIS ÁGUA FRIA, BITOLA I: 1/2, COR: BRANCA, MATERIAL: PVC, TIPO FIXAÇÃO: ROSCÁVEL, TIPO I: PLUG;UN;10,0000;24,9000;249,0000;0,0000;21/12/2026
HOSPITAL DA MULHER PARTEIRA MARIA CORREIA/RN;931528;946;Material;931528-42/2026;PATRIMÔNIO - MANUTENÇÃO - Aquisição de Materiais;Catálogo do Compras.gov.br;Material;5975;FERRAGENS E SUPRIMENTOS DE ELETRICIDADE;13546;CONEXÃO HIDRÁULICA;620112;APLICAÇÃO: INSTALAÇÕES PREDIAIS ÁGUA FRIA E QUENTE, BITOLA III: 100 X 75 MM, MATERIAL: PVC, TIPO: ADAPTADOR, TIPO FIXAÇÃO: SOLDÁVEL, TIPO I: BUCHA DE REDUÇÃO;UN;10,0000;37,9000;379,0000;0,0000;21/12/2026
HOSPITAL DA MULHER PARTEIRA MARIA CORREIA/RN;931528;947;Material;931528-42/2026;PATRIMÔNIO - MANUTENÇÃO - Aquisição de Materiais;Catálogo do Compras.gov.br;Material;5975;FERRAGENS E SUPRIMENTOS DE ELETRICIDADE;13546;CONEXÃO HIDRÁULICA;620111;APLICAÇÃO: INSTALAÇÕES PREDIAIS ÁGUA FRIA E QUENTE, BITOLA III: 150 X 100MM, MATERIAL: PVC, TIPO: ADAPTADOR, TIPO FIXAÇÃO: SOLDÁVEL, TIPO I: BUCHA DE REDUÇÃO;UN;10,0000;46,1000;461,0000;0,0000;21/12/2026
HOSPITAL DA MULHER PARTEIRA MARIA CORREIA/RN;931528;948;Material;931528-42/2026;PATRIMÔNIO - MANUTENÇÃO - Aquisição de Materiais;Catálogo do Compras.gov.br;Material;5975;FERRAGENS E SUPRIMENTOS DE ELETRICIDADE;17408;TAMPÃO CONEXÃO;452649;DIÂMETRO: 25, MATERIAL: PPR, TIPO CONEXÃO: CAP;UN;15,0000;3,3700;50,5500;0,0000;21/12/2026
HOSPITAL DA MULHER PARTEIRA MARIA CORREIA/RN;931528;949;Material;931528-42/2026;PATRIMÔNIO - MANUTENÇÃO - Aquisição de Materiais;Catálogo do Compras.gov.br;Material;5975;FERRAGENS E SUPRIMENTOS DE ELETRICIDADE;17408;TAMPÃO CONEXÃO;330603;DIÂMETRO: 32, MATERIAL: PVC - CLORETO DE POLIVINILA, TIPO ROSCA: SOLDÁVEL, USO: INSTALAÇÕES HIDRÁULICAS;UN;15,0000;5,1400;77,1000;0,0000;21/12/2026
HOSPITAL DA MULHER PARTEIRA MARIA CORREIA/RN;931528;950;Material;931528-42/2026;PATRIMÔNIO - MANUTENÇÃO - Aquisição de Materiais;Catálogo do Compras.gov.br;Material;5975;FERRAGENS E SUPRIMENTOS DE ELETRICIDADE;17408;TAMPÃO CONEXÃO;312053;DIÂMETRO: 50, MATERIAL: PVC - CLORETO DE POLIVINILA, TIPO ROSCA: SOLDÁVEL, USO: SISTEMA IRRIGAÇÃO HORTALIÇAS;UN;10,0000;9,5300;95,3000;0,0000;21/12/2026
HOSPITAL DA MULHER PARTEIRA MARIA CORREIA/RN;931528;951;Material;931528-42/2026;PATRIMÔNIO - MANUTENÇÃO - Aquisição de Materiais;Catálogo do Compras.gov.br;Material;5975;FERRAGENS E SUPRIMENTOS DE ELETRICIDADE;17408;TAMPÃO CONEXÃO;627048;CARACTERÍSTICAS ADICIONAIS: SOLDAVEL, DIÂMETRO: 60, MATERIAL: PVC, TIPO CONEXÃO: CAP;UN;10,0000;19,9500;199,5000;0,0000;21/12/2026
HOSPITAL DA MULHER PARTEIRA MARIA CORREIA/RN;931528;952;Material;931528-42/2026;PATRIMÔNIO - MANUTENÇÃO - Aquisição de Materiais;Catálogo do Compras.gov.br;Material;5975;FERRAGENS E SUPRIMENTOS DE ELETRICIDADE;17408;TAMPÃO CONEXÃO;330602;DIÂMETRO: 20, MATERIAL: PVC - CLORETO DE POLIVINILA, TIPO ROSCA: SOLDÁVEL, USO: INSTALAÇÕES HIDRÁULICAS;UN;50,0000;1,5100;75,5000;0,0000;21/12/2026
HOSPITAL DA MULHER PARTEIRA MARIA CORREIA/RN;931528;953;Material;931528-42/2026;PATRIMÔNIO - MANUTENÇÃO - Aquisição de Materiais;Catálogo do Compras.gov.br;Material;5975;FERRAGENS E SUPRIMENTOS DE ELETRICIDADE;17408;TAMPÃO CONEXÃO;452716;DIÂMETRO: 50, MATERIAL: PPR, TIPO CONEXÃO: CAP;UN;10,0000;12,9900;129,9000;0,0000;21/12/2026
HOSPITAL DA MULHER PARTEIRA MARIA CORREIA/RN;931528;954;Material;931528-42/2026;PATRIMÔNIO - MANUTENÇÃO - Aquisição de Materiais;Catálogo do Compras.gov.br;Material;5975;FERRAGENS E SUPRIMENTOS DE ELETRICIDADE;14343;CURVA ELETRODUTO;447132;ANGULAÇÃO: 90°, APLICAÇÃO: INSTALAÇÃO ELÉTRICA, COR: PRETA, DIÂMETRO NOMINAL: 1, MATERIAL: PVC, TIPO: CURVA LONGA;UN;10,0000;5,9800;59,8000;0,0000;21/12/2026
HOSPITAL DA MULHER PARTEIRA MARIA CORREIA/RN;931528;1065;Material;931528-34/2026;FARMÁCIA AQUISIÇÃO DE MEDICAMENTOS;Catálogo do Compras.gov.br;Material;6505;DROGAS E MEDICAMENTOS;3991;CABERGOLINA;268084;DOSAGEM: 0,5;COMPR;4000,0000;8,5000;34000,0000;0,0000;21/12/2026
HOSPITAL DA MULHER PARTEIRA MARIA CORREIA/RN;931528;956;Material;931528-42/2026;PATRIMÔNIO - MANUTENÇÃO - Aquisição de Materiais;Catálogo do Compras.gov.br;Material;5975;FERRAGENS E SUPRIMENTOS DE ELETRICIDADE;14343;CURVA ELETRODUTO;328471;ANGULAÇÃO: 90°, APLICAÇÃO: INSTALAÇÃO ELÉTRICA, CARACTERÍSTICAS ADICIONAIS: COM BOLSA, COR: PRETO, MATERIAL: PVC, TAMANHO: 3/4;UN;10,0000;13,7300;137,3000;0,0000;21/12/2026
HOSPITAL DA MULHER PARTEIRA MARIA CORREIA/RN;931528;957;Material;931528-42/2026;PATRIMÔNIO - MANUTENÇÃO - Aquisição de Materiais;Catálogo do Compras.gov.br;Material;5975;FERRAGENS E SUPRIMENTOS DE ELETRICIDADE;14343;CURVA ELETRODUTO;325539;ANGULAÇÃO: 90°, CARACTERÍSTICAS ADICIONAIS: COM BOLSA, COR: PRETO, MATERIAL: PVC, TAMANHO: 1;UN;10,0000;19,9900;199,9000;0,0000;21/12/2026
HOSPITAL DA MULHER PARTEIRA MARIA CORREIA/RN;931528;958;Material;931528-42/2026;PATRIMÔNIO - MANUTENÇÃO - Aquisição de Materiais;Catálogo do Compras.gov.br;Material;5975;FERRAGENS E SUPRIMENTOS DE ELETRICIDADE;14343;CURVA ELETRODUTO;325288;ANGULAÇÃO: 90°, MATERIAL: PVC, TAMANHO: 50, TIPO: SOLDÁVEL;UN;10,0000;25,5000;255,0000;0,0000;21/12/2026
HOSPITAL DA MULHER PARTEIRA MARIA CORREIA/RN;931528;959;Material;931528-42/2026;PATRIMÔNIO - MANUTENÇÃO - Aquisição de Materiais;Catálogo do Compras.gov.br;Material;5975;FERRAGENS E SUPRIMENTOS DE ELETRICIDADE;14343;CURVA ELETRODUTO;311999;ANGULAÇÃO: 90°, MATERIAL: PVC, TIPO: ROSQUEÁVEL, BITOLA: 4;UN;10,0000;49,9000;499,0000;0,0000;21/12/2026
HOSPITAL DA MULHER PARTEIRA MARIA CORREIA/RN;931528;960;Material;931528-42/2026;PATRIMÔNIO - MANUTENÇÃO - Aquisição de Materiais;Catálogo do Compras.gov.br;Material;5975;FERRAGENS E SUPRIMENTOS DE ELETRICIDADE;14343;CURVA ELETRODUTO;298054;ANGULAÇÃO: 90°, COR: CINZA, MATERIAL: PVC, TIPO: SOLDÁVEL, BITOLA: 1;UN;5,0000;45,7700;228,8500;0,0000;21/12/2026
HOSPITAL DA MULHER PARTEIRA MARIA CORREIA/RN;931528;961;Material;931528-42/2026;PATRIMÔNIO - MANUTENÇÃO - Aquisição de Materiais;Catálogo do Compras.gov.br;Material;5975;FERRAGENS E SUPRIMENTOS DE ELETRICIDADE;14343;CURVA ELETRODUTO;250503;ANGULAÇÃO: 90°, COR: CINZA, MATERIAL: PVC, TIPO: SOLDÁVEL, BITOLA: 3/4;UN;5,0000;82,4800;412,4000;0,0000;21/12/2026
HOSPITAL DA MULHER PARTEIRA MARIA CORREIA/RN;931528;962;Material;931528-42/2026;PATRIMÔNIO - MANUTENÇÃO - Aquisição de Materiais;Catálogo do Compras.gov.br;Material;5975;FERRAGENS E SUPRIMENTOS DE ELETRICIDADE;10836;PLACA CAIXA EMBUTIR;419025;APLICAÇÃO: PARA 1 POSTO MODULAR, DIMENSÕES: 4 X 2, MATERIAL: TERMOPLÁSTICO, MODELO: PRIME LUNARE, TIPO FIXAÇÃO: ENCAIXE;UN;5,0000;3,7500;18,7500;0,0000;21/12/2026
HOSPITAL DA MULHER PARTEIRA MARIA CORREIA/RN;931528;963;Material;931528-42/2026;PATRIMÔNIO - MANUTENÇÃO - Aquisição de Materiais;Catálogo do Compras.gov.br;Material;5975;FERRAGENS E SUPRIMENTOS DE ELETRICIDADE;10836;PLACA CAIXA EMBUTIR;418640;APLICAÇÃO: PARA 6 POSTOS MODULARES, DIMENSÕES: 4 X 4, MATERIAL: TERMOPLÁSTICO, MODELO: PRIME LUNARE, TIPO FIXAÇÃO: ENCAIXE;UN;5,0000;11,5900;57,9500;0,0000;21/12/2026
HOSPITAL DA MULHER PARTEIRA MARIA CORREIA/RN;931528;964;Material;931528-41/2026;PATRIMÔNIO - TI - Aquisição Material e Equipamentos;Catálogo do Compras.gov.br;Material;5965;FONES, MICROFONES E ALTO-FALANTES;9732;MICROFONE;626201;ACESSÓRIOS: BATERIA, CARREGADOR E CABO, ALCANCE: 100, ALIMENTAÇÃO: 220, APLICAÇÃO: VOZ PRINCIPAL, IMPEDÂNCIA: 50/500, PADRÃO: UNIDIRECIONAL, RESPOSTA FREQÜÊNCIA: 50 HZ A 15.000, TIPO: BASTÃO SEM FIO;UN;4,0000;482,2500;1929,0000;0,0000;21/12/2026
HOSPITAL DA MULHER PARTEIRA MARIA CORREIA/RN;931528;965;Material;931528-41/2026;PATRIMÔNIO - TI - Aquisição Material e Equipamentos;Catálogo do Compras.gov.br;Material;5965;FONES, MICROFONES E ALTO-FALANTES;7703;FONE OUVIDO;627058;ACESSÓRIOS: ESTOJO DE CARREGAMENTO, PONTEIRAS DE SILICONE, ACOPLAMENTO AURICULAR: INTRAAURICULAR, ALCANCE: 10, APLICAÇÃO: ÁUDIO E CHAMADAS, CONECTOR: BLUETOOTH 5.0, DISTORÇÃO HARMÔNICA TOTAL: <0,1, ENTRADA MÁXIMA: 30, ENTRADA NOMINAL: 10, EQUILÍBRIO DOS CANAIS: <3, FREQÜÊNCIA: 20 A 20.000, IMPEDÂNCIA: 16, PESO(SEM CABO): 50, POTÊNCIA: 5, SENSIBILIDADE: 98, TIPO: INTRA AURICULAR, TIPO CABO: USB-C, TIPO MICROFONE: OMNIDIRECIONAL, TRANSDUTOR: DINÂMICO;UN;4,0000;214,0000;856,0000;0,0000;21/12/2026
HOSPITAL DA MULHER PARTEIRA MARIA CORREIA/RN;931528;966;Material;931528-41/2026;PATRIMÔNIO - TI - Aquisição Material e Equipamentos;Catálogo do Compras.gov.br;Material;5965;FONES, MICROFONES E ALTO-FALANTES;7703;FONE OUVIDO;620178;CARACTERÍSTICAS ADICIONAIS: ALMOFADAS COM ESPUMA, REDUÇÃO DE RUÍDOS, COMPRIMENTO FIO: 1,80, CONECTOR: USB, FREQÜÊNCIA: 31,5 HZ - 20, SENSIBILIDADE: - 40, TIPO: HEADSET, TIPO FONE: MONO;UN;10,0000;200,0000;2000,0000;0,0000;21/12/2026
HOSPITAL DA MULHER PARTEIRA MARIA CORREIA/RN;931528;967;Material;931528-40/2026;PATRIMÔNIO - Aquisição Bens Mobiliário e outros;Catálogo do Compras.gov.br;Material;7195;MOBILIÁRIOS DIVERSOS E ACESSÓRIOS;319;ARMÁRIO ESTANTE;307130;ACABAMENTO SUPERFICIAL: PINTADO, ALTURA: 1,98, COR: CINZA, LARGURA: 0,92, MATERIAL: AÇO, PROFUNDIDADE: 0,30, QUANTIDADE PRATELEIRAS INTERNAS: 6;UN;3,0000;4760,0000;14280,0000;0,0000;21/12/2026
HOSPITAL DA MULHER PARTEIRA MARIA CORREIA/RN;931528;968;Material;931528-40/2026;PATRIMÔNIO - Aquisição Bens Mobiliário e outros;Catálogo do Compras.gov.br;Material;7195;MOBILIÁRIOS DIVERSOS E ACESSÓRIOS;17656;PEDESTAL;619086;ACABAMENTO: ENVERNIZADA, ALTURA: 16, APLICAÇÃO: MASTRO/BANDEIRA, CARACTERÍSTICAS ADICIONAIS: SAPATA DE AÇO INOX, PARA 5 MASTROS, FORMATO SUPORTE: ARCO, LARGURA: 24, MATERIAL: MADEIRA, TAMANHO: 24 X 16 X 59;UN;1,0000;598,0000;598,0000;0,0000;21/12/2026
HOSPITAL DA MULHER PARTEIRA MARIA CORREIA/RN;931528;969;Material;931528-40/2026;PATRIMÔNIO - Aquisição Bens Mobiliário e outros;Catálogo do Compras.gov.br;Material;7510;ARTIGOS PARA ESCRITÓRIO;14399;QUADRO AVISOS;619583;ALTURA: 120, LARGURA: 90, MATERIAL: MDF, MATERIAL MOLDURA: ALUMÍNIO ANODIZADO FOSCO, REVESTIMENTO: FELTRO;UN;4,0000;51,9900;207,9600;0,0000;21/12/2026
HOSPITAL DA MULHER PARTEIRA MARIA CORREIA/RN;931528;970;Material;931528-40/2026;PATRIMÔNIO - Aquisição Bens Mobiliário e outros;Catálogo do Compras.gov.br;Material;7195;MOBILIÁRIOS DIVERSOS E ACESSÓRIOS;5073;CLAVICULÁRIO;344107;ACABAMENTO SUPERFICIAL: PINTURA EPOXI, CAPACIDADE: 380 CHAVES, CARACTERÍSTICAS ADICIONAIS: PORTA E CHAVE TIPO YALE, CONTROLE NUMÉRICO  SEQUÊN, COMPRIMENTO: 78,5, COR: CINZA, LARGURA: 47, MATERIAL: AÇO FOSFATIZADO, PROFUNDIDADE: 16,5;UN;5,0000;541,4000;2707,0000;0,0000;21/12/2026
HOSPITAL DA MULHER PARTEIRA MARIA CORREIA/RN;931528;971;Material;931528-40/2026;PATRIMÔNIO - Aquisição Bens Mobiliário e outros;Catálogo do Compras.gov.br;Material;8145;RECIPIENTES ESPECIALIZADOS PARA TRANSPORTE E ARMAZENAGEM;5792;CONTAINER;484791;APLICAÇÃO: ARMAZENAMENTO DE MATERIAIS, CAPACIDADE: 26.000, CARACTERÍSTICAS ADICIONAIS: COM PRATELEIRAS, PORTAS E JANELAS, COR: CINZA CLARO, DIMENSÕES: 6 X 2,43 X 2,72, MATERIAL: AÇO GALVANIZADO, TIPO: DRY STANDARD;UN;1,0000;30000,0000;30000,0000;0,0000;21/12/2026
HOSPITAL DA MULHER PARTEIRA MARIA CORREIA/RN;931528;972;Material;931528-40/2026;PATRIMÔNIO - Aquisição Bens Mobiliário e outros;Catálogo do Compras.gov.br;Material;8310;FIOS E LINHAS;1513;LINHA COSTURA;272277;APLICAÇÃO: COSTURA, COMPRIMENTO: 1.828, MATERIAL: POLIÉSTER, NÚMERO: 120;UN;100,0000;6,6900;669,0000;0,0000;21/12/2026
HOSPITAL DA MULHER PARTEIRA MARIA CORREIA/RN;931528;973;Material;931528-40/2026;PATRIMÔNIO - Aquisição Bens Mobiliário e outros;Catálogo do Compras.gov.br;Material;7105;MOBILIÁRIO DOMÉSTICO;316;CAMA CONJUGADA;615965;ACABAMENTO SUPERFICIAL: ENVERNIZADO, ALTURA: 193, CARACTERÍSTICAS ADICIONAIS: CABECEIRA INTERIÇA, ESCADA LATERAL ALTURA´ 112 CM, COMPRIMENTO: 199, LARGURA: 98, MATERIAL: MADEIRA SUCUPIRA, QUANTIDADE LEITOS: 2, TIPO: BELICHE;UN;10,0000;1663,6400;16636,4000;0,0000;21/12/2026
HOSPITAL DA MULHER PARTEIRA MARIA CORREIA/RN;931528;974;Material;931528-40/2026;PATRIMÔNIO - Aquisição Bens Mobiliário e outros;Catálogo do Compras.gov.br;Material;9920;ARTIGOS PARA FUMANTES;5034;CINZEIRO;383306;ALTURA: 6,50, CARACTERÍSTICAS ADICIONAIS: SEM TELA, COMPRIMENTO: 33,50, LARGURA: 23,50, MATERIAL: AÇO INOXIDÁVEL, TIPO: CHÃO;UN;3,0000;254,0000;762,0000;0,0000;21/12/2026
HOSPITAL DA MULHER PARTEIRA MARIA CORREIA/RN;931528;975;Material;931528-40/2026;PATRIMÔNIO - Aquisição Bens Mobiliário e outros;Catálogo do Compras.gov.br;Material;7110;MOBILIÁRIO PARA ESCRITÓRIO;14303;CADEIRA DIGITADOR;412130;APOIO BRAÇO: BRAÇO EM FORMA DE "T", COR: PRETA, MATERIAL ASSENTO: ESPUMA INJETADA, MATERIAL ENCOSTO: ESPUMA INJETADA, MATERIAL ESTRUTURA: AÇO, MATERIAL REVESTIMENTO: TECIDO 100% POLIÉSTER, TIPO BASE: GIRATÓRIA, TIPO ENCOSTO: MÉDIO, TIPO RODÍZIO: DUPLO, TRATAMENTO SUPERFICIAL ESTRUTURA: ANTI-FERRUGINOSO E PINTURA ELETROSTÁTICA EPOXI-PÓ;UN;10,0000;817,2600;8172,6000;0,0000;21/12/2026
HOSPITAL DA MULHER PARTEIRA MARIA CORREIA/RN;931528;976;Material;931528-40/2026;PATRIMÔNIO - Aquisição Bens Mobiliário e outros;Catálogo do Compras.gov.br;Material;8135;MATERIAIS A GRANEL PARA ACONDICIONAMENTO E EMBALAGEM;1346;PALETE;613955;ALTURA: 15, CAPACIDADE: CARGA ESTÁTICA 3.000KG, CARGA DINÂMICA 1.500 KG, COMPRIMENTO: 1200, COR: PRETA, LARGURA: 1000, MATERIAL: PLÁSTICO;UN;15,0000;287,5900;4313,8500;0,0000;21/12/2026
HOSPITAL DA MULHER PARTEIRA MARIA CORREIA/RN;931528;977;Material;931528-40/2026;PATRIMÔNIO - Aquisição Bens Mobiliário e outros;Catálogo do Compras.gov.br;Material;7110;MOBILIÁRIO PARA ESCRITÓRIO;334;ESTANTE METÁLICA;463412;ALTURA: 2,00, COR: CINZA, LARGURA: 2,05, MATERIAL: AÇO, PROFUNDIDADE: 0,585, QUANTIDADE PRATELEIRAS: 4, TIPO PRATELEIRAS: REGULÁVEIS;UN;10,0000;1100,0000;11000,0000;0,0000;21/12/2026
HOSPITAL DA MULHER PARTEIRA MARIA CORREIA/RN;931528;978;Material;931528-40/2026;PATRIMÔNIO - Aquisição Bens Mobiliário e outros;Catálogo do Compras.gov.br;Material;5925;DISJUNTORES;16020;CONJUNTO MONTADO DISJUNTORES;249201;ALTURA: 273, APLICAÇÃO: BYPASS EMERGENCIAL DOS DISJUNTORES TRANSFERÊNCIA, CAPACIDADE INTERRUPÇÃO: EM 380VCA DE 50KA, CARACTERÍSTICAS ADICIONAIS: CONEXÃO PARA BARRA, TENSÃO RESISTÊNCIA A IMPULSO 8, LARGURA: 430, PROFUNDIDADE: 103, TENSÃO ISOLAMENTO: 690, TIPO: 2 DISJUNTORES, TRIFÁSICO, 800A;UN;3,0000;232,0000;696,0000;0,0000;21/12/2026
HOSPITAL DA MULHER PARTEIRA MARIA CORREIA/RN;931528;979;Material;931528-39/2026;NUTRIÇÃO Requisição de utensílios de cozinha e copa.;Catálogo do Compras.gov.br;Material;5440;EQUIPAMENTOS PARA MONTAGEM DE ANDAIME E FORMAS DE CONCRETO;6885;ESCADA;613885;CAPACIDADE: 120, CARACTERÍSTICAS ADICIONAIS: PÉS ANTIDERRAPANTES, TRAVA DE SEGURANÇA, MATERIAL: ALUMÍNIO, QUANTIDADE DEGRAUS: 7, TIPO: DOBRÁVEL;UN;1,0000;314,9000;314,9000;0,0000;21/12/2026
HOSPITAL DA MULHER PARTEIRA MARIA CORREIA/RN;931528;980;Material;931528-39/2026;NUTRIÇÃO Requisição de utensílios de cozinha e copa.;Catálogo do Compras.gov.br;Material;5440;EQUIPAMENTOS PARA MONTAGEM DE ANDAIME E FORMAS DE CONCRETO;6885;ESCADA;399283;CARACTERÍSTICAS ADICIONAIS: DEGRAUS ANTIDERRAPANTES, MATERIAL: ALUMÍNIO, QUANTIDADE DEGRAUS: 4, TIPO: DOBRÁVEL;UN;1,0000;149,9000;149,9000;0,0000;21/12/2026
HOSPITAL DA MULHER PARTEIRA MARIA CORREIA/RN;931528;981;Material;931528-38/2026;PATRIMÔNIO - MANUTENÇÃO - Aquisição de Materiais;Catálogo do Compras.gov.br;Material;5365;ANÉIS, BUCHAS E ESPAÇADORES;634;BUCHA PARAFUSO;462349;CARACTERÍSTICAS ADICIONAIS: COM PARAFUSO FIXAÇÃO DE 13KG  CARGA, MATERIAL: METÁLICO, TAMANHO: 1/4, TIPO: KAP TOGGLE PARA DRY WALL;UN;100,0000;8,6400;864,0000;0,0000;21/12/2026
HOSPITAL DA MULHER PARTEIRA MARIA CORREIA/RN;931528;982;Material;931528-38/2026;PATRIMÔNIO - MANUTENÇÃO - Aquisição de Materiais;Catálogo do Compras.gov.br;Material;5365;ANÉIS, BUCHAS E ESPAÇADORES;15217;PARAFUSO COM BUCHA E PORCA;368683;APLICAÇÃO: FIXAÇÃO DE ACESSÓRIOS E ATIVOS DO RACK, MATERIAL: AÇO SAE 1070, REFERÊNCIA BUCHA: 19 POLEGADAS, TIPO PORCA: GAIOLA;UN;1,0000;247,0000;247,0000;0,0000;21/12/2026
HOSPITAL DA MULHER PARTEIRA MARIA CORREIA/RN;931528;983;Material;931528-38/2026;PATRIMÔNIO - MANUTENÇÃO - Aquisição de Materiais;Catálogo do Compras.gov.br;Material;5365;ANÉIS, BUCHAS E ESPAÇADORES;15217;PARAFUSO COM BUCHA E PORCA;320475;APLICAÇÃO: FIXAÇÃO DE LOUÇAS SANITÁRIAS, MATERIAL: LATÃO, REFERÊNCIA BUCHA: PADRÃO, TIPO PORCA: DE MAMA;UN;1,0000;25,2000;25,2000;0,0000;21/12/2026
HOSPITAL DA MULHER PARTEIRA MARIA CORREIA/RN;931528;984;Material;931528-38/2026;PATRIMÔNIO - MANUTENÇÃO - Aquisição de Materiais;Catálogo do Compras.gov.br;Material;5365;ANÉIS, BUCHAS E ESPAÇADORES;15217;PARAFUSO COM BUCHA E PORCA;254067;MATERIAL: LATÃO, REFERÊNCIA BUCHA: Nº 8, TIPO PORCA: CASTELO;UN;1,0000;40,7100;40,7100;0,0000;21/12/2026
HOSPITAL DA MULHER PARTEIRA MARIA CORREIA/RN;931528;985;Material;931528-37/2026;ALMOXARIFADO CME - INSUMOS;Catálogo do Compras.gov.br;Material;6530;MOBILIÁRIO, EQUIPAMENTOS, UTENSÍLIOS E  SUPRIMENTOS  HOSPITALARES;19949;ESCOVA LIMPEZA - CME;481976;APLICAÇÃO: P/ CIRCUITO RESPIRATÓRIO INFANTIL, COMPRIMENTO TOTAL: CERCA DE 200, HASTE: HASTE FLEXÍVEL, MATERIAL CERDAS: CERDAS DE NYLON, PONTA ATIVA: EM UMA DAS EXTREMIDADES, TIPO USO: REPROCESSÁVEL;UN;16,0000;40,9000;654,4000;0,0000;21/12/2026
HOSPITAL DA MULHER PARTEIRA MARIA CORREIA/RN;931528;986;Material;931528-37/2026;ALMOXARIFADO CME - INSUMOS;Catálogo do Compras.gov.br;Material;6530;MOBILIÁRIO, EQUIPAMENTOS, UTENSÍLIOS E  SUPRIMENTOS  HOSPITALARES;;;;;-;0,0000;0,0000;1417,9200;0,0000;21/12/2026
HOSPITAL DA MULHER PARTEIRA MARIA CORREIA/RN;931528;987;Material;931528-36/2026;ALMOXARIFADO Aquisição de materiais de limpeza e higiene, materiais de expediente administrativo e m;Catálogo do Compras.gov.br;Material;6505;DROGAS E MEDICAMENTOS;2259;ÁLCOOL ETÍLICO;269943;TEOR ALCOÓLICO: 70%_(70°GL), TIPO: HIDRATADO, APRESENTAÇÃO: GEL;L;1200,0000;4,6000;5520,0000;0,0000;21/12/2026
HOSPITAL DA MULHER PARTEIRA MARIA CORREIA/RN;931528;1243;Material;931528-15/2026;NUTRIÇÃO- Requisição de Equipamentos;Catálogo do Compras.gov.br;Material;4110;EQUIPAMENTO PARA REFRIGERAÇÃO;783;FREEZER;344850;CAPACIDADE: 550, CARACTERÍSTICAS ADICIONAIS: FECHAMENTO MAGNÉTICO, TRAVA COM CHAVES, CINCO PORT, TEMPERATURA OPERAÇÃO: -80, TENSÃO ALIMENTAÇÃO: 110/220, TIPO: VERTICAL;UN;2,0000;4569,0000;9138,0000;0,0000;21/12/2026
HOSPITAL DA MULHER PARTEIRA MARIA CORREIA/RN;931528;1283;Material;931528-7/2026;PATRIMÔNIO - MANUTENÇÃO - Aquisição de Materiais;Catálogo do Compras.gov.br;Material;2640;MATERIAL PARA REFORMA E REPARO DE PNEUS E CÂMARAS DE AR;16145;PNEU CARRINHO MÃO;348492;CARACTERÍSTICAS ADICIONAIS: COM CÂMARA, MATERIAL: BORRACHA, TAMANHO: ARO 3,25 X 8;UN;5,0000;20,9900;104,9500;0,0000;21/12/2026
HOSPITAL DA MULHER PARTEIRA MARIA CORREIA/RN;931528;988;Material;931528-35/2026;FARMÁCIA Materiais médico-hospitalares / Produtos para Saúde (PPS);Catálogo do Compras.gov.br;Material;6510;MATERIAIS CIRÚRGICOS PARA CURATIVOS;30022;CURATIVO / COBERTURA;485862;APLICAÇÃO: P/ FERIDA, ASPECTO FÍSICO: FRASCO C/ GEL, COMPONENTE 4: C/ PHMB, COMPOSIÇÃO: À BASE DE HIDROGEL, ESTERILIDADE: ESTÉRIL;UN;600,0000;76,0000;45600,0000;0,0000;21/12/2026
HOSPITAL DA MULHER PARTEIRA MARIA CORREIA/RN;931528;1030;Material;931528-34/2026;FARMÁCIA AQUISIÇÃO DE MEDICAMENTOS;Catálogo do Compras.gov.br;Material;6505;DROGAS E MEDICAMENTOS;2035;ÁCIDO URSODESOXICÓLICO;269460;CONCENTRAÇÃO: 150;COMPR;400,0000;2,7800;1112,0000;0,0000;21/12/2026
HOSPITAL DA MULHER PARTEIRA MARIA CORREIA/RN;931528;1031;Material;931528-34/2026;FARMÁCIA AQUISIÇÃO DE MEDICAMENTOS;Catálogo do Compras.gov.br;Material;6505;DROGAS E MEDICAMENTOS;2035;ÁCIDO URSODESOXICÓLICO;309040;CONCENTRAÇÃO: 300;COMPR;600,0000;4,7900;2874,0000;0,0000;21/12/2026
HOSPITAL DA MULHER PARTEIRA MARIA CORREIA/RN;931528;1032;Material;931528-34/2026;FARMÁCIA AQUISIÇÃO DE MEDICAMENTOS;Catálogo do Compras.gov.br;Material;6505;DROGAS E MEDICAMENTOS;2035;ÁCIDO URSODESOXICÓLICO;277519;CONCENTRAÇÃO: 50;COMPR;500,0000;1,9600;980,0000;0,0000;21/12/2026
HOSPITAL DA MULHER PARTEIRA MARIA CORREIA/RN;931528;1033;Material;931528-34/2026;FARMÁCIA AQUISIÇÃO DE MEDICAMENTOS;Catálogo do Compras.gov.br;Material;6505;DROGAS E MEDICAMENTOS;10768;PIRIMETAMINA;268158;DOSAGEM: 25;COMPR;3000,0000;0,0700;210,0000;0,0000;21/12/2026
HOSPITAL DA MULHER PARTEIRA MARIA CORREIA/RN;931528;1034;Material;931528-34/2026;FARMÁCIA AQUISIÇÃO DE MEDICAMENTOS;Catálogo do Compras.gov.br;Material;6505;DROGAS E MEDICAMENTOS;17872;SILDENAFILA;352245;CONCENTRAÇÃO: 100;COMPR;800,0000;2,4300;1944,0000;0,0000;21/12/2026
HOSPITAL DA MULHER PARTEIRA MARIA CORREIA/RN;931528;1035;Material;931528-34/2026;FARMÁCIA AQUISIÇÃO DE MEDICAMENTOS;Catálogo do Compras.gov.br;Material;6505;DROGAS E MEDICAMENTOS;17872;SILDENAFILA;319883;COMPOSIÇÃO: SAL CITRATO, CONCENTRAÇÃO: 20;COMPR;1200,0000;0,8700;1044,0000;0,0000;21/12/2026
HOSPITAL DA MULHER PARTEIRA MARIA CORREIA/RN;931528;1036;Material;931528-34/2026;FARMÁCIA AQUISIÇÃO DE MEDICAMENTOS;Catálogo do Compras.gov.br;Material;6505;DROGAS E MEDICAMENTOS;17872;SILDENAFILA;273820;COMPOSIÇÃO: SAL CITRATO, CONCENTRAÇÃO: 25;COMPR;2000,0000;0,9800;1960,0000;0,0000;21/12/2026
HOSPITAL DA MULHER PARTEIRA MARIA CORREIA/RN;931528;1037;Material;931528-34/2026;FARMÁCIA AQUISIÇÃO DE MEDICAMENTOS;Catálogo do Compras.gov.br;Material;6505;DROGAS E MEDICAMENTOS;17872;SILDENAFILA;273821;COMPOSIÇÃO: SAL CITRATO, CONCENTRAÇÃO: 50;COMPR;800,0000;1,3400;1072,0000;0,0000;21/12/2026
HOSPITAL DA MULHER PARTEIRA MARIA CORREIA/RN;931528;1038;Material;931528-34/2026;FARMÁCIA AQUISIÇÃO DE MEDICAMENTOS;Catálogo do Compras.gov.br;Material;6505;DROGAS E MEDICAMENTOS;18859;FOSFATO TRICÁLCICO;428637;CARACTERÍSTICA ADICIONAL: MEDICAMENTO ESPECIALMENTE MANIPULADO, CONCENTRAÇÃO: 38, FORMA FARMACÊUTICA: SOLUÇÃO ORAL;FR;400,0000;42,4000;16960,0000;0,0000;21/12/2026
HOSPITAL DA MULHER PARTEIRA MARIA CORREIA/RN;931528;1039;Material;931528-34/2026;FARMÁCIA AQUISIÇÃO DE MEDICAMENTOS;Catálogo do Compras.gov.br;Material;6505;DROGAS E MEDICAMENTOS;11917;SALBUTAMOL;294887;DOSAGEM: 100MCG/DOSE, FORMA FARMACÊUTICA: AEROSOL ORAL;FR;600,0000;24,6000;14760,0000;0,0000;21/12/2026
HOSPITAL DA MULHER PARTEIRA MARIA CORREIA/RN;931528;1040;Material;931528-34/2026;FARMÁCIA AQUISIÇÃO DE MEDICAMENTOS;Catálogo do Compras.gov.br;Material;6505;DROGAS E MEDICAMENTOS;12314;SULFADIAZINA;433022;CARACTERÍSTICA ADICIONAL*: FORMULAÇÃO ESPECIALMENTE MANIPULADA, CONCENTRAÇÃO: 150, FORMA FARMACEUTICA: SOLUÇÃO ORAL;FR;1500,0000;6,8000;10200,0000;0,0000;21/12/2026
HOSPITAL DA MULHER PARTEIRA MARIA CORREIA/RN;931528;1041;Material;931528-34/2026;FARMÁCIA AQUISIÇÃO DE MEDICAMENTOS;Catálogo do Compras.gov.br;Material;6505;DROGAS E MEDICAMENTOS;17907;SULFATO DE ZINCO;400982;CARACTERÍSTICA ADICIONAL: FORMULAÇÃO ESPECIALMENTE MANIPULADA, CONCENTRAÇÃO: 2,5, FORMA FARMACEUTICA: SOLUÇÃO ORAL;FR;320,0000;6,4800;2073,6000;0,0000;21/12/2026
HOSPITAL DA MULHER PARTEIRA MARIA CORREIA/RN;931528;1042;Material;931528-34/2026;FARMÁCIA AQUISIÇÃO DE MEDICAMENTOS;Catálogo do Compras.gov.br;Material;6505;DROGAS E MEDICAMENTOS;17907;SULFATO DE ZINCO;433249;CARACTERÍSTICA ADICIONAL: FORMULAÇÃO ESPECIALMENTE MANIPULADA, CONCENTRAÇÃO: 4, FORMA FARMACEUTICA: SOLUÇÃO ORAL;FR;160,0000;8,2500;1320,0000;0,0000;21/12/2026
HOSPITAL DA MULHER PARTEIRA MARIA CORREIA/RN;931528;1043;Material;931528-34/2026;FARMÁCIA AQUISIÇÃO DE MEDICAMENTOS;Catálogo do Compras.gov.br;Material;6505;DROGAS E MEDICAMENTOS;2517;ANFOTERICINA B;324358;DOSAGEM: 5, FORMA FARMACÊUTICA: SUSPENSÃO INJETÁVEL;FR-AM;600,0000;780,0000;468000,0000;0,0000;21/12/2026
HOSPITAL DA MULHER PARTEIRA MARIA CORREIA/RN;931528;1044;Material;931528-34/2026;FARMÁCIA AQUISIÇÃO DE MEDICAMENTOS;Catálogo do Compras.gov.br;Material;6505;DROGAS E MEDICAMENTOS;4104;CAFEÍNA;437940;CONCENTRAÇÃO: 20, FORMA FARMACÊUTICA: SOLUÇÃO INJETÁVEL;AM;1800,0000;105,0000;189000,0000;0,0000;21/12/2026
HOSPITAL DA MULHER PARTEIRA MARIA CORREIA/RN;931528;1045;Material;931528-34/2026;FARMÁCIA AQUISIÇÃO DE MEDICAMENTOS;Catálogo do Compras.gov.br;Material;6505;DROGAS E MEDICAMENTOS;7919;GANCICLOVIR SÓDICO;330115;DOSAGEM: 500, FORMA FARMACÊUTICA: PÓ LIÓFILO P/ INJETÁVEL;FR-AM;500,0000;98,1000;49050,0000;0,0000;21/12/2026
HOSPITAL DA MULHER PARTEIRA MARIA CORREIA/RN;931528;1046;Material;931528-34/2026;FARMÁCIA AQUISIÇÃO DE MEDICAMENTOS;Catálogo do Compras.gov.br;Material;6505;DROGAS E MEDICAMENTOS;7919;GANCICLOVIR SÓDICO;330114;DOSAGEM: 50, FORMA FARMACÊUTICA: SOLUÇÃO INJETÁVEL;FR-AM;500,0000;35,8000;17900,0000;0,0000;21/12/2026
HOSPITAL DA MULHER PARTEIRA MARIA CORREIA/RN;931528;1047;Material;931528-34/2026;FARMÁCIA AQUISIÇÃO DE MEDICAMENTOS;Catálogo do Compras.gov.br;Material;6505;DROGAS E MEDICAMENTOS;9682;METADONA;268094;DOSAGEM: 10, USO: SOLUÇÃO INJETÁVEL;AM;3000,0000;9,0500;27150,0000;0,0000;21/12/2026
HOSPITAL DA MULHER PARTEIRA MARIA CORREIA/RN;931528;1048;Material;931528-34/2026;FARMÁCIA AQUISIÇÃO DE MEDICAMENTOS;Catálogo do Compras.gov.br;Material;6505;DROGAS E MEDICAMENTOS;9705;METOTREXATO;322079;DOSAGEM: 50, FORMA FARMACÊUTICA: PÓ LIÓFILO P/ INJETÁVEL;FR-AM;60,0000;45,8500;2751,0000;0,0000;21/12/2026
HOSPITAL DA MULHER PARTEIRA MARIA CORREIA/RN;931528;1049;Material;931528-34/2026;FARMÁCIA AQUISIÇÃO DE MEDICAMENTOS;Catálogo do Compras.gov.br;Material;6505;DROGAS E MEDICAMENTOS;9705;METOTREXATO;292249;DOSAGEM: 25, FORMA FARMACÊUTICA: SOLUÇÃO INJETÁVEL;FR-AM;60,0000;39,3400;2360,4000;0,0000;21/12/2026
HOSPITAL DA MULHER PARTEIRA MARIA CORREIA/RN;931528;1050;Material;931528-34/2026;FARMÁCIA AQUISIÇÃO DE MEDICAMENTOS;Catálogo do Compras.gov.br;Material;6505;DROGAS E MEDICAMENTOS;9765;MILRINONA;273474;DOSAGEM: 1, TIPO MEDICAMENTO: SOLUÇÃO INJETÁVEL;AM;600,0000;70,3400;42204,0000;0,0000;21/12/2026
HOSPITAL DA MULHER PARTEIRA MARIA CORREIA/RN;931528;1051;Material;931528-34/2026;FARMÁCIA AQUISIÇÃO DE MEDICAMENTOS;Catálogo do Compras.gov.br;Material;6505;DROGAS E MEDICAMENTOS;17391;CODEÍNA;272784;DOSAGEM: 3, USO: SOLUÇÃO ORAL;FR;240,0000;23,8000;5712,0000;0,0000;21/12/2026
HOSPITAL DA MULHER PARTEIRA MARIA CORREIA/RN;931528;1052;Material;931528-34/2026;FARMÁCIA AQUISIÇÃO DE MEDICAMENTOS;Catálogo do Compras.gov.br;Material;6505;DROGAS E MEDICAMENTOS;9682;METADONA;268093;DOSAGEM: 10;COMPR;4000,0000;1,1000;4400,0000;0,0000;21/12/2026
HOSPITAL DA MULHER PARTEIRA MARIA CORREIA/RN;931528;1053;Material;931528-34/2026;FARMÁCIA AQUISIÇÃO DE MEDICAMENTOS;Catálogo do Compras.gov.br;Material;6505;DROGAS E MEDICAMENTOS;9682;METADONA;268092;DOSAGEM: 5;COMPR;5000,0000;0,8700;4350,0000;0,0000;21/12/2026
HOSPITAL DA MULHER PARTEIRA MARIA CORREIA/RN;931528;1054;Material;931528-34/2026;FARMÁCIA AQUISIÇÃO DE MEDICAMENTOS;Catálogo do Compras.gov.br;Material;6505;DROGAS E MEDICAMENTOS;3167;AZITROMICINA;268949;DOSAGEM: 40, APRESENTAÇÃO: SUSPENSÃO ORAL;FR;200,0000;25,3000;5060,0000;0,0000;21/12/2026
HOSPITAL DA MULHER PARTEIRA MARIA CORREIA/RN;931528;1055;Material;931528-34/2026;FARMÁCIA AQUISIÇÃO DE MEDICAMENTOS;Catálogo do Compras.gov.br;Material;6505;DROGAS E MEDICAMENTOS;17872;SILDENAFILA;437604;CARACTERÍSTICA ADICIONAL: FORMULAÇÃO ESPECIALMENTE MANIPULADA, CONCENTRAÇÃO: 20, FORMA FARMACÊUTICA: SOLUÇÃO ORAL;FR;300,0000;18,7500;5625,0000;0,0000;21/12/2026
HOSPITAL DA MULHER PARTEIRA MARIA CORREIA/RN;931528;1056;Material;931528-34/2026;FARMÁCIA AQUISIÇÃO DE MEDICAMENTOS;Catálogo do Compras.gov.br;Material;6505;DROGAS E MEDICAMENTOS;5160;DEXMEDETOMIDINA CLORIDRATO;352204;CONCENTRAÇAO: 100, FORMA FARMACEUTICA: SOLUÇÃO INJETÁVEL;AM;1200,0000;15,8000;18960,0000;0,0000;21/12/2026
HOSPITAL DA MULHER PARTEIRA MARIA CORREIA/RN;931528;1057;Material;931528-34/2026;FARMÁCIA AQUISIÇÃO DE MEDICAMENTOS;Catálogo do Compras.gov.br;Material;6505;DROGAS E MEDICAMENTOS;10768;PIRIMETAMINA;348362;CARACTERÍSTICA ADICIONAL: FORMULAÇÃO ESPECIALMENTE MANIPULADA, CONCENTRAÇÃO: 2, FORMA FARMACÊUTICA: SUSPENSÃO ORAL;FR;300,0000;1,2400;372,0000;0,0000;21/12/2026
HOSPITAL DA MULHER PARTEIRA MARIA CORREIA/RN;931528;1058;Material;931528-34/2026;FARMÁCIA AQUISIÇÃO DE MEDICAMENTOS;Catálogo do Compras.gov.br;Material;6505;DROGAS E MEDICAMENTOS;10768;PIRIMETAMINA;367512;CARACTERÍSTICA ADICIONAL: FORMULAÇÃO ESPECIALMENTE MANIPULADA, CONCENTRAÇÃO: 5, FORMA FARMACÊUTICA: SUSPENSÃO ORAL EM BASE DE XAROPE SIMPLES;FR;300,0000;2,4500;735,0000;0,0000;21/12/2026
HOSPITAL DA MULHER PARTEIRA MARIA CORREIA/RN;931528;1059;Material;931528-34/2026;FARMÁCIA AQUISIÇÃO DE MEDICAMENTOS;Catálogo do Compras.gov.br;Material;6505;DROGAS E MEDICAMENTOS;7919;GANCICLOVIR SÓDICO;268458;DOSAGEM: 250;FR-AM;500,0000;57,4000;28700,0000;0,0000;21/12/2026
HOSPITAL DA MULHER PARTEIRA MARIA CORREIA/RN;931528;1060;Material;931528-34/2026;FARMÁCIA AQUISIÇÃO DE MEDICAMENTOS;Catálogo do Compras.gov.br;Material;6505;DROGAS E MEDICAMENTOS;7919;GANCICLOVIR SÓDICO;330113;DOSAGEM: 1, FORMA FARMACÊUTICA: SOLUÇÃO INJETÁVEL;FR-AM;1000,0000;110,0000;110000,0000;0,0000;21/12/2026
HOSPITAL DA MULHER PARTEIRA MARIA CORREIA/RN;931528;1061;Material;931528-34/2026;FARMÁCIA AQUISIÇÃO DE MEDICAMENTOS;Catálogo do Compras.gov.br;Material;6505;DROGAS E MEDICAMENTOS;3167;AZITROMICINA;268949;DOSAGEM: 40, APRESENTAÇÃO: SUSPENSÃO ORAL;FR;250,0000;23,7000;5925,0000;0,0000;21/12/2026
HOSPITAL DA MULHER PARTEIRA MARIA CORREIA/RN;931528;1062;Material;931528-34/2026;FARMÁCIA AQUISIÇÃO DE MEDICAMENTOS;Catálogo do Compras.gov.br;Material;6505;DROGAS E MEDICAMENTOS;3167;AZITROMICINA;268949;DOSAGEM: 40, APRESENTAÇÃO: SUSPENSÃO ORAL;FR;200,0000;18,7000;3740,0000;0,0000;21/12/2026
HOSPITAL DA MULHER PARTEIRA MARIA CORREIA/RN;931528;1063;Material;931528-34/2026;FARMÁCIA AQUISIÇÃO DE MEDICAMENTOS;Catálogo do Compras.gov.br;Material;6505;DROGAS E MEDICAMENTOS;3167;AZITROMICINA;268949;DOSAGEM: 40, APRESENTAÇÃO: SUSPENSÃO ORAL;FR;200,0000;20,0900;4018,0000;0,0000;21/12/2026
HOSPITAL DA MULHER PARTEIRA MARIA CORREIA/RN;931528;1064;Material;931528-34/2026;FARMÁCIA AQUISIÇÃO DE MEDICAMENTOS;Catálogo do Compras.gov.br;Material;6505;DROGAS E MEDICAMENTOS;351;AMINOFILINA;292402;DOSAGEM: 24, FORMA FARMACÊUTICA: SOLUÇÃO INJETÁVEL;AM;2500,0000;0,1500;375,0000;0,0000;21/12/2026
HOSPITAL DA MULHER PARTEIRA MARIA CORREIA/RN;931528;1071;Material;931528-33/2026;PATRIMÔNIO - MANUTENÇÃO - Aquisição de Materiais;Catálogo do Compras.gov.br;Material;5970;ISOLADORES ELÉTRICOS E MATERIAIS ISOLANTES;7592;FITA ISOLANTE ELÉTRICA;443249;COMPRIMENTO NOMINAL: 20, COR: PRETA, LARGURA NOMINAL: 19, MATERIAL BÁSICO: BORRACHA A BASE DE POLIURETANO, RESISTÊNCIA À TENSÃO: ATÉ 1.000;UN;10,0000;30,0000;300,0000;0,0000;21/12/2026
HOSPITAL DA MULHER PARTEIRA MARIA CORREIA/RN;931528;1072;Material;931528-33/2026;PATRIMÔNIO - MANUTENÇÃO - Aquisição de Materiais;Catálogo do Compras.gov.br;Material;5970;ISOLADORES ELÉTRICOS E MATERIAIS ISOLANTES;7592;FITA ISOLANTE ELÉTRICA;321186;COMPRIMENTO: 20, COR: VERMELHA, LARGURA: 19;UN;5,0000;30,0000;150,0000;0,0000;21/12/2026
HOSPITAL DA MULHER PARTEIRA MARIA CORREIA/RN;931528;1073;Material;931528-33/2026;PATRIMÔNIO - MANUTENÇÃO - Aquisição de Materiais;Catálogo do Compras.gov.br;Material;5970;ISOLADORES ELÉTRICOS E MATERIAIS ISOLANTES;7592;FITA ISOLANTE ELÉTRICA;321183;COMPRIMENTO: 20, COR: BRANCA, LARGURA: 19;UN;5,0000;30,0000;150,0000;0,0000;21/12/2026
HOSPITAL DA MULHER PARTEIRA MARIA CORREIA/RN;931528;1074;Material;931528-33/2026;PATRIMÔNIO - MANUTENÇÃO - Aquisição de Materiais;Catálogo do Compras.gov.br;Material;5970;ISOLADORES ELÉTRICOS E MATERIAIS ISOLANTES;7592;FITA ISOLANTE ELÉTRICA;321181;COMPRIMENTO: 20, COR: AZUL, LARGURA: 19;UN;5,0000;30,0000;150,0000;0,0000;21/12/2026
HOSPITAL DA MULHER PARTEIRA MARIA CORREIA/RN;931528;1075;Material;931528-33/2026;PATRIMÔNIO - MANUTENÇÃO - Aquisição de Materiais;Catálogo do Compras.gov.br;Material;5970;ISOLADORES ELÉTRICOS E MATERIAIS ISOLANTES;7592;FITA ISOLANTE ELÉTRICA;321185;COMPRIMENTO: 20, COR: AMARELA, LARGURA: 19;UN;5,0000;30,0000;150,0000;0,0000;21/12/2026
HOSPITAL DA MULHER PARTEIRA MARIA CORREIA/RN;931528;1076;Material;931528-33/2026;PATRIMÔNIO - MANUTENÇÃO - Aquisição de Materiais;Catálogo do Compras.gov.br;Material;5970;ISOLADORES ELÉTRICOS E MATERIAIS ISOLANTES;7592;FITA ISOLANTE ELÉTRICA;321182;COMPRIMENTO: 20, COR: VERDE, LARGURA: 19;UN;5,0000;30,0000;150,0000;0,0000;21/12/2026
HOSPITAL DA MULHER PARTEIRA MARIA CORREIA/RN;931528;1077;Material;931528-33/2026;PATRIMÔNIO - MANUTENÇÃO - Aquisição de Materiais;Catálogo do Compras.gov.br;Material;5970;ISOLADORES ELÉTRICOS E MATERIAIS ISOLANTES;7592;FITA ISOLANTE ELÉTRICA;445319;APLICAÇÃO: INSTALAÇÕES ELÉTRICAS, CARACTERÍSTICAS ADICIONAIS: AUTOFUSÃO, COMPRIMENTO NOMINAL: 20, LARGURA NOMINAL: 19, MATERIAL BÁSICO: FIBRA VIDRO;UN;10,0000;45,2700;452,7000;0,0000;21/12/2026
HOSPITAL DA MULHER PARTEIRA MARIA CORREIA/RN;931528;1078;Material;931528-33/2026;PATRIMÔNIO - MANUTENÇÃO - Aquisição de Materiais;Catálogo do Compras.gov.br;Material;5963;MÓDULOS ELETRÔNICOS;484;TOMADA;614338;CORRENTE NOMINAL: 10, FORMATO CONTATO: 2P + T, MODELO: DUPLA, TENSÃO NOMINAL: 250;UN;20,0000;10,7000;214,0000;0,0000;21/12/2026
HOSPITAL DA MULHER PARTEIRA MARIA CORREIA/RN;931528;1079;Material;931528-33/2026;PATRIMÔNIO - MANUTENÇÃO - Aquisição de Materiais;Catálogo do Compras.gov.br;Material;5945;RELÉS E SOLENÓIDES;13630;RELÉ FOTELÉTRICO;396755;CARACTERÍSTICAS ADICIONAIS: COM BASE PADRÃO, POTÊNCIA NOMINAL: 1000W/1800VA, TENSÃO NOMINAL: 220;UN;1,0000;24,0000;24,0000;0,0000;21/12/2026
HOSPITAL DA MULHER PARTEIRA MARIA CORREIA/RN;931528;1080;Material;931528-32/2026;PATRIMÔNIO - TI - Aquisição Material e Equipamentos;Catálogo do Compras.gov.br;Material;5805;EQUIPAMENTO TELEFÔNICO E TELEGRÁFICO;1243;APARELHO TELEFÔNICO CELULAR;626069;ACESSÓRIOS: CARREGADOR DE BATERIA, CAPACIDADE BATERIA: 5.000, CARACTERÍSTICAS ADICIONAIS: 256 GB, 5G TELA 6.6, 8GB RAM, COR: PRETO, MODELO: SAMSUNG/ SMARTPHONE DUAL CHIP, QUANTIDADE LINHAS TELEFÔNICAS: 2;UN;4,0000;1022,0700;4088,2800;0,0000;21/12/2026
HOSPITAL DA MULHER PARTEIRA MARIA CORREIA/RN;931528;1108;Material;931528-31/2026;PATRIMÔNIO - MANUTENÇÃO - Aquisição de Materiais;Catálogo do Compras.gov.br;Material;5935;CONECTORES ELÉTRICOS;480;PLUGUE;418903;CORRENTE NOMINAL: 10, FORMATO PINOS: CILÍNDRICO, NORMAS TÉCNICAS: NBR 14136, NÚMERO PINOS: 3, NÚMERO PÓLOS: 2 P + T, PADRÃO: BRASILEIRO, TENSÃO NOMINAL: 250, TIPO: FÊMEA;UN;5,0000;2,9800;14,9000;0,0000;21/12/2026
HOSPITAL DA MULHER PARTEIRA MARIA CORREIA/RN;931528;1096;Material;931528-31/2026;PATRIMÔNIO - MANUTENÇÃO - Aquisição de Materiais;Catálogo do Compras.gov.br;Material;5440;EQUIPAMENTOS PARA MONTAGEM DE ANDAIME E FORMAS DE CONCRETO;6885;ESCADA;408686;CAPACIDADE: 150, CARACTERÍSTICAS ADICIONAIS: SAPATAS EMBORRACHADAS, TRAVAS AUTOMÁTICAS NAS CATR, MATERIAL: ALUMÍNIO, QUANTIDADE DEGRAUS: 16, TIPO: ARTICULADA MULTIFUNCIONAL;UN;1,0000;620,9900;620,9900;0,0000;21/12/2026
HOSPITAL DA MULHER PARTEIRA MARIA CORREIA/RN;931528;1097;Material;931528-31/2026;PATRIMÔNIO - MANUTENÇÃO - Aquisição de Materiais;Catálogo do Compras.gov.br;Material;5935;CONECTORES ELÉTRICOS;18863;CABO CONEXÃO;445145;ACESSÓRIOS: PLUG MOLDADO INTEGRADO MACHO/FEMEA, APLICAÇÃO: EQUIPAMENTOS DE INFORMATICA E SIMILARES, COMPRIMENTO CABO: 2, CORRENTE NOMINAL: 10, MATERIAL COBERTURA: BORRACHA FLEXÍVEL, MATERIAL CONDUTOR: COBRE, SEÇÃO NOMINAL: 3 X 0,75, TENSÃO NOMINAL DE OPERAÇÃO: 110/220, TIPO: POWER CORD;UN;100,0000;3,4829;348,2900;0,0000;21/12/2026
HOSPITAL DA MULHER PARTEIRA MARIA CORREIA/RN;931528;1098;Material;931528-31/2026;PATRIMÔNIO - MANUTENÇÃO - Aquisição de Materiais;Catálogo do Compras.gov.br;Material;5935;CONECTORES ELÉTRICOS;484;TOMADA;614339;CORRENTE NOMINAL: 20, FORMATO CONTATO: 2P + T, MODELO: SIMPLES, TENSÃO NOMINAL: 250, TIPO FIXAÇÃO: EMBUTIR;UN;10,0000;10,5400;105,4000;0,0000;21/12/2026
HOSPITAL DA MULHER PARTEIRA MARIA CORREIA/RN;931528;1099;Material;931528-31/2026;PATRIMÔNIO - MANUTENÇÃO - Aquisição de Materiais;Catálogo do Compras.gov.br;Material;5935;CONECTORES ELÉTRICOS;484;TOMADA;618467;APLICAÇÃO: INSTALAÇÃO ELÉTRICA, COR CORPO: BRANCA, CORRENTE NOMINAL: 20, FORMATO CONTATO: 2P + T, MODELO: DUPLA, TENSÃO NOMINAL: 250;UN;10,0000;11,9900;119,9000;0,0000;21/12/2026
HOSPITAL DA MULHER PARTEIRA MARIA CORREIA/RN;931528;1100;Material;931528-31/2026;PATRIMÔNIO - MANUTENÇÃO - Aquisição de Materiais;Catálogo do Compras.gov.br;Material;5925;DISJUNTORES;4;DISJUNTOR BAIXA TENSÃO;314649;CORRENTE NOMINAL: 16, FUNCIONAMENTO: TERMOMAGNÉTICO, NÚMERO DE FASES: MONOFÁSICO, NÚMERO PÓLOS: 1;UN;5,0000;41,0900;205,4500;0,0000;21/12/2026
HOSPITAL DA MULHER PARTEIRA MARIA CORREIA/RN;931528;1101;Material;931528-31/2026;PATRIMÔNIO - MANUTENÇÃO - Aquisição de Materiais;Catálogo do Compras.gov.br;Material;5925;DISJUNTORES;4;DISJUNTOR BAIXA TENSÃO;355189;CORRENTE NOMINAL: 10, FUNCIONAMENTO: TERMOMAGNÉTICO, NÚMERO DE FASES: MONOFÁSICO, MODELO: CAIXA MOLDADA NB;UN;5,0000;21,5700;107,8500;0,0000;21/12/2026
HOSPITAL DA MULHER PARTEIRA MARIA CORREIA/RN;931528;1102;Material;931528-31/2026;PATRIMÔNIO - MANUTENÇÃO - Aquisição de Materiais;Catálogo do Compras.gov.br;Material;5925;DISJUNTORES;4;DISJUNTOR BAIXA TENSÃO;424916;CORRENTE NOMINAL: 20, FUNCIONAMENTO: TERMOMAGNÉTICO, NÚMERO DE FASES: MONOFÁSICO, PADRÃO: DIN;UN;5,0000;27,4600;137,3000;0,0000;21/12/2026
HOSPITAL DA MULHER PARTEIRA MARIA CORREIA/RN;931528;1103;Material;931528-31/2026;PATRIMÔNIO - MANUTENÇÃO - Aquisição de Materiais;Catálogo do Compras.gov.br;Material;5925;DISJUNTORES;4;DISJUNTOR BAIXA TENSÃO;452698;APLICAÇÃO: INSTALAÇÕES ELÉTRICAS, CORRENTE NOMINAL: 32, CURVA DE DISPARO: B, FUNCIONAMENTO: TERMOMAGNÉTICO, NÚMERO DE FASES: MONOFÁSICO, PADRÃO: DIN, TIPO: EASY9;UN;5,0000;16,9900;84,9500;0,0000;21/12/2026
HOSPITAL DA MULHER PARTEIRA MARIA CORREIA/RN;931528;1104;Material;931528-31/2026;PATRIMÔNIO - MANUTENÇÃO - Aquisição de Materiais;Catálogo do Compras.gov.br;Material;5925;DISJUNTORES;4;DISJUNTOR BAIXA TENSÃO;482699;APLICAÇÃO: INSTALAÇÕES ELÉTRICAS, CORRENTE NOMINAL: 40, CURVA DE DISPARO: C, FUNCIONAMENTO: TERMOMAGNÉTICO, PADRÃO: DIN, TENSÃO NOMINAL: 127/220;UN;5,0000;19,9000;99,5000;0,0000;21/12/2026
HOSPITAL DA MULHER PARTEIRA MARIA CORREIA/RN;931528;1105;Material;931528-31/2026;PATRIMÔNIO - MANUTENÇÃO - Aquisição de Materiais;Catálogo do Compras.gov.br;Material;5935;CONECTORES ELÉTRICOS;480;PLUGUE;373596;APLICAÇÃO: REDES ELÉTRICAS, CARACTERÍSTICAS ADICIONAIS: COM PRENSA CABO DIAMETRO EXTERNO ATÉ 8MM, SAÍDA LA, COR CORPO: CINZA, CORRENTE NOMINAL: 20, FORMATO PINOS: REDONDO, NORMAS TÉCNICAS: ABNT NBR 14136, NÚMERO PINOS: 3, NÚMERO PÓLOS: 2 P + T, TENSÃO NOMINAL: 250, TIPO: MACHO;UN;5,0000;2,5700;12,8500;0,0000;21/12/2026
HOSPITAL DA MULHER PARTEIRA MARIA CORREIA/RN;931528;1106;Material;931528-31/2026;PATRIMÔNIO - MANUTENÇÃO - Aquisição de Materiais;Catálogo do Compras.gov.br;Material;5935;CONECTORES ELÉTRICOS;480;PLUGUE;388481;COR CORPO: CINZA, CORRENTE NOMINAL: 10, NÚMERO PÓLOS: 2 P + T, TENSÃO NOMINAL: 250, TIPO: MACHO;UN;5,0000;2,4800;12,4000;0,0000;21/12/2026
HOSPITAL DA MULHER PARTEIRA MARIA CORREIA/RN;931528;1107;Material;931528-31/2026;PATRIMÔNIO - MANUTENÇÃO - Aquisição de Materiais;Catálogo do Compras.gov.br;Material;5935;CONECTORES ELÉTRICOS;480;PLUGUE;446803;CORRENTE NOMINAL: 20, FORMATO CONTATO: REDONDO, NÚMERO PÓLOS: 2 P + T, TENSÃO NOMINAL: 250, TIPO: FÊMEA;UN;5,0000;2,5700;12,8500;0,0000;21/12/2026
HOSPITAL DA MULHER PARTEIRA MARIA CORREIA/RN;931528;1109;Material;931528-31/2026;PATRIMÔNIO - MANUTENÇÃO - Aquisição de Materiais;Catálogo do Compras.gov.br;Material;5920;FUSÍVEIS INTERRUPTORES, ISOLANTES E PROTETORES;19217;DETECTOR AUSENCIA TENSÃO;385091;APLICAÇÃO: REDE DE MÉDIA E ALTA TENSÃO, FAIXA TENSÃO: 1 A 138, TIPO: POR CONTATO, USO: EM VARA DE MANOBRA;UN;1,0000;1400,0000;1400,0000;0,0000;21/12/2026
HOSPITAL DA MULHER PARTEIRA MARIA CORREIA/RN;931528;1110;Material;931528-31/2026;PATRIMÔNIO - MANUTENÇÃO - Aquisição de Materiais;Catálogo do Compras.gov.br;Material;5920;FUSÍVEIS INTERRUPTORES, ISOLANTES E PROTETORES;19217;DETECTOR AUSENCIA TENSÃO;615306;ALIMENTAÇÃO: BATERIA 9V, APLICAÇÃO: REDE DE BAIXA E ALTA TENSÃO, CARACTERÍSTICAS ADICIONAIS: COM INDICADOR SONORO E COM INDICADOR VISUAL, FAIXA DE OPERAÇÃO: BAIXA: 50V A 1500V AC,  ALTA: 1,5KV A 138KV AC, FAIXA TENSÃO: 1 A 138, TIPO: SEM CONTATO, USO: AUTOTESTE;UN;1,0000;790,4500;790,4500;0,0000;21/12/2026
HOSPITAL DA MULHER PARTEIRA MARIA CORREIA/RN;931528;1111;Material;931528-30/2026;NUTRIÇÃO Requisição de utensílios de cozinha e copa.;Catálogo do Compras.gov.br;Material;5345;DISCOS E PEDRAS ABRASIVOS;582;PEDRA AFIAR;431280;COMPRIMENTO: 185, ESPECIFICAÇÃO: DESBASTE COM COM DUPLA GRANULAÇÃO (400 E 1000)., ESPESSURA: 31, LARGURA: 65, TIPO: DUPLA FACE;UN;2,0000;148,4900;296,9800;0,0000;21/12/2026
HOSPITAL DA MULHER PARTEIRA MARIA CORREIA/RN;931528;1112;Serviço;931528-29/2026;PATRIMÔNIO - Locação de Máquinas e Equipamentos - ADMINISTRATIVO;Catálogo do Compras.gov.br;Serviço;732;SERVIÇOS DE LEASING OU ALUGUEL RELACIONADOS A OUTROS BENS;;;;;-;0,0000;0,0000;50000,0000;0,0000;21/12/2026
HOSPITAL DA MULHER PARTEIRA MARIA CORREIA/RN;931528;1113;Material;931528-28/2026;PATRIMÔNIO - MANUTENÇÃO - Aquisição de Materiais;Catálogo do Compras.gov.br;Material;5140;CAIXAS PARA FERRAMENTAS E FERRAGENS;601;MALETA FERRAMENTAS;358678;ALTURA: 210, CARACTERÍSTICAS ADICIONAIS: COM JOGO DE CHAVES., COMPRIMENTO: 400, LARGURA: 200, MATERIAL: CHAPA AÇO CARBONO, QUANTIDADE GAVETAS: 5, TIPO CAIXA: SANFONA;UN;3,0000;152,4600;457,3800;0,0000;21/12/2026
HOSPITAL DA MULHER PARTEIRA MARIA CORREIA/RN;931528;1114;Material;931528-28/2026;PATRIMÔNIO - MANUTENÇÃO - Aquisição de Materiais;Catálogo do Compras.gov.br;Material;5210;INSTRUMENTOS DE MEDIÇÃO PARA ARTÍFICES;968;TRENA;626385;CARACTERÍSTICAS ADICIONAIS: COR METÁLICA, GRADUAÇÃO DE 1 MM, COMPRIMENTO: 5, MATERIAL: AÇO;UN;5,0000;36,8500;184,2500;0,0000;21/12/2026
HOSPITAL DA MULHER PARTEIRA MARIA CORREIA/RN;931528;1115;Material;931528-28/2026;PATRIMÔNIO - MANUTENÇÃO - Aquisição de Materiais;Catálogo do Compras.gov.br;Material;5210;INSTRUMENTOS DE MEDIÇÃO PARA ARTÍFICES;968;TRENA;234033;CARACTERÍSTICAS ADICIONAIS: ESTOJO ANATÔMICO COM MANIVELA DOBRÁVEL, COMPRIMENTO: 50, MATERIAL: FIBRA VIDRO;UN;1,0000;67,9000;67,9000;0,0000;21/12/2026
HOSPITAL DA MULHER PARTEIRA MARIA CORREIA/RN;931528;1116;Material;931528-28/2026;PATRIMÔNIO - MANUTENÇÃO - Aquisição de Materiais;Catálogo do Compras.gov.br;Material;5210;INSTRUMENTOS DE MEDIÇÃO PARA ARTÍFICES;920;NÍVEL BOLHA;626265;COMPRIMENTO: 350, MATERIAL CORPO: ALUMÍNIO, QUANTIDADE POSIÇÃO BOLHA: 1 DE PRUMO/1 DE NÍVEL/1 DE 45°, TIPO BOLHA: RETIFICADA;UN;5,0000;29,7500;148,7500;0,0000;21/12/2026
HOSPITAL DA MULHER PARTEIRA MARIA CORREIA/RN;931528;1117;Material;931528-28/2026;PATRIMÔNIO - MANUTENÇÃO - Aquisição de Materiais;Catálogo do Compras.gov.br;Material;5330;GAXETAS E OUTROS MATERIAIS PARA VEDAÇÃO;13333;VEDANTE TORNEIRA;242663;BITOLA: 1/2, MATERIAL: PVC;UN;100,0000;0,2800;28,0000;0,0000;21/12/2026
HOSPITAL DA MULHER PARTEIRA MARIA CORREIA/RN;931528;1118;Material;931528-28/2026;PATRIMÔNIO - MANUTENÇÃO - Aquisição de Materiais;Catálogo do Compras.gov.br;Material;5330;GAXETAS E OUTROS MATERIAIS PARA VEDAÇÃO;7612;FITA VEDA ROSCA;225709;COMPRIMENTO: 50, ESPESSURA: 0,06 A 0,08, LARGURA: 18, MATERIAL: TEFLON, NORMAS TÉCNICAS: ABNT, MIL SPEC T-27730-A, RESISTÊNCIA TEMPERATURA: -200 A 260;UN;50,0000;18,9000;945,0000;0,0000;21/12/2026
HOSPITAL DA MULHER PARTEIRA MARIA CORREIA/RN;931528;1119;Material;931528-28/2026;PATRIMÔNIO - MANUTENÇÃO - Aquisição de Materiais;Catálogo do Compras.gov.br;Material;5345;DISCOS E PEDRAS ABRASIVOS;581;DISCO ABRASIVO;449643;DIÂMETRO: 115, DIÂMETRO FURO: 23, ESPESSURA GRÃO: GRANA 80, MATERIAL: ÓXIDO ALUMÍNIO ZIRCONADO;UN;5,0000;6,3700;31,8500;0,0000;21/12/2026
HOSPITAL DA MULHER PARTEIRA MARIA CORREIA/RN;931528;1120;Material;931528-28/2026;PATRIMÔNIO - MANUTENÇÃO - Aquisição de Materiais;Catálogo do Compras.gov.br;Material;5306;PARAFUSOS COM PORCA;15217;PARAFUSO COM BUCHA E PORCA;238192;APLICAÇÃO: FIXAÇÃO DE LOUÇAS SANITÁRIAS, MATERIAL: LATÃO, REFERÊNCIA BUCHA: Nº 10, TIPO PORCA: DE MAMA;UN;1,0000;87,0000;87,0000;0,0000;21/12/2026
HOSPITAL DA MULHER PARTEIRA MARIA CORREIA/RN;931528;1121;Material;931528-28/2026;PATRIMÔNIO - MANUTENÇÃO - Aquisição de Materiais;Catálogo do Compras.gov.br;Material;5320;REBITES;610;REBITE POP;236627;COMPRIMENTO: 10, DIÂMETRO CORPO: 3,20, MATERIAL: ALUMÍNIO, TIPO: COMUM, TIPO ABA: ABAULADO;CX;1,0000;8,4600;8,4600;0,0000;21/12/2026
HOSPITAL DA MULHER PARTEIRA MARIA CORREIA/RN;931528;1122;Material;931528-28/2026;PATRIMÔNIO - MANUTENÇÃO - Aquisição de Materiais;Catálogo do Compras.gov.br;Material;5320;REBITES;610;REBITE POP;368357;CARACTERÍSTICAS ADICIONAIS: MANDRIL EM AÇO, COMPRIMENTO: 12, DIÂMETRO CORPO: 3,20, MATERIAL: ALUMÍNIO, TIPO: COMUM;CX;1,0000;13,8600;13,8600;0,0000;21/12/2026
HOSPITAL DA MULHER PARTEIRA MARIA CORREIA/RN;931528;1123;Material;931528-28/2026;PATRIMÔNIO - MANUTENÇÃO - Aquisição de Materiais;Catálogo do Compras.gov.br;Material;5320;REBITES;610;REBITE POP;269710;COMPRIMENTO: 6,5, DIÂMETRO CORPO: 3,20, MATERIAL: ALUMÍNIO, MATERIAL CORPO: ALUMÍNIO, MATERIAL PINO: AÇO CARBONO, TIPO: ANELADO, TIPO ABA: ABAULADO;CX;1,0000;26,9000;26,9000;0,0000;21/12/2026
HOSPITAL DA MULHER PARTEIRA MARIA CORREIA/RN;931528;1124;Material;931528-28/2026;PATRIMÔNIO - MANUTENÇÃO - Aquisição de Materiais;Catálogo do Compras.gov.br;Material;5320;REBITES;610;REBITE POP;432887;COMPRIMENTO: 10, DIÂMETRO CORPO: 4, MATERIAL: ALUMÍNIO, TIPO: REPUXO;CX;1,0000;20,9000;20,9000;0,0000;21/12/2026
HOSPITAL DA MULHER PARTEIRA MARIA CORREIA/RN;931528;1125;Material;931528-28/2026;PATRIMÔNIO - MANUTENÇÃO - Aquisição de Materiais;Catálogo do Compras.gov.br;Material;5320;REBITES;610;REBITE POP;236521;COMPRIMENTO: 14, DIÂMETRO CORPO: 4, MATERIAL: ALUMÍNIO, TIPO: COMUM, TIPO ABA: ABAULADO;CX;1,0000;81,3600;81,3600;0,0000;21/12/2026
HOSPITAL DA MULHER PARTEIRA MARIA CORREIA/RN;931528;1126;Material;931528-28/2026;PATRIMÔNIO - MANUTENÇÃO - Aquisição de Materiais;Catálogo do Compras.gov.br;Material;5140;CAIXAS PARA FERRAMENTAS E FERRAGENS;14637;JOGO CHAVE;470291;APLICAÇÃO: CONSERTOS EM GERAL, COMPONENTES: FENDAS: 6,5X38MM, 3X75MM, 5,5X75MM, 6,5X100MM, 8X1, MATERIAL: AÇO CROMO VANÁDIO, QUANTIDADE PEÇAS: 12, TIPO: HEXAGONAL;UN;2,0000;134,9000;269,8000;0,0000;21/12/2026
HOSPITAL DA MULHER PARTEIRA MARIA CORREIA/RN;931528;1127;Material;931528-28/2026;PATRIMÔNIO - MANUTENÇÃO - Aquisição de Materiais;Catálogo do Compras.gov.br;Material;5140;CAIXAS PARA FERRAMENTAS E FERRAGENS;14637;JOGO CHAVE;355408;CARACTERÍSTICAS ADICIONAIS: SEXTAVADOS, ENCAIXE DE 1/2 POL, COMPONENTES: 10 A 32, MATERIAL: AÇO CROMO VANÁDIO, QUANTIDADE PEÇAS: 16, TIPO: SOQUETE;UN;2,0000;287,5200;575,0400;0,0000;21/12/2026
HOSPITAL DA MULHER PARTEIRA MARIA CORREIA/RN;931528;1128;Material;931528-28/2026;PATRIMÔNIO - MANUTENÇÃO - Aquisição de Materiais;Catálogo do Compras.gov.br;Material;5210;INSTRUMENTOS DE MEDIÇÃO PARA ARTÍFICES;2304;ALICATE AMPERÍMETRO;615291;ABERTURA DA GARRA: 30, ALIMENTAÇÃO: 2 PILHAS AAA, APLICAÇÃO: ELETRICIDADE, CARACTERÍSTICAS ADICIONAIS: PONTA DE PROVA TL75 CAT II 1000V, 10A, CATEGORIA: CAT III 600V E CAT IV 300V, CORRENTE: 400, MATERIAL: PLÁSTICO, RESISTÊNCIA: 4, TEMPERATURA: 0 A 40, TIPO: DISPLAY ILUMINADO, VOLTAGEM: 600, VOLTAGEM BATERIA: 1,5;UN;4,0000;433,9900;1735,9600;0,0000;21/12/2026
HOSPITAL DA MULHER PARTEIRA MARIA CORREIA/RN;931528;1130;Material;931528-27/2026;NUTRIÇÃO Requisição de Equipamentos;Catálogo do Compras.gov.br;Material;4610;EQUIPAMENTOS PARA PURIFICAÇÃO DE ÁGUA;15695;APARELHO PURIFICADOR DE ÁGUA;613957;ACESSÓRIOS: KIT INSTALAÇÃO, CAPACIDADE: 2, CAPACIDADE REFRIGERAÇÃO: 1, CARACTERÍSTICAS ADICIONAIS: 2 TORNEIRAS (NATURAL E GELADA) PREFILTRO CARVÃO AT, COR: BRANCA, MATERIAL GABINETE: POLIPROPILENO, TIPO: DUPLA FILTRAGEM, TIPO FIXAÇÃO: PAREDE/BANCADA, VAZÃO: 45, VOLTAGEM: BIVOLT;UN;10,0000;1399,0000;13990,0000;0,0000;21/12/2026
HOSPITAL DA MULHER PARTEIRA MARIA CORREIA/RN;931528;1131;Material;931528-26/2026;PATRIMÔNIO - Aquisição Bens Mobiliário e outros;Catálogo do Compras.gov.br;Material;4320;BOMBAS MANUAIS E MECÂNICAS;3776;BOMBA HIDRÁULICA;;;-;0,0000;0,0000;7008,0000;0,0000;21/12/2026
HOSPITAL DA MULHER PARTEIRA MARIA CORREIA/RN;931528;1132;Material;931528-25/2026;PATRIMONIO - CEQUIP Aquisição de equipamentos hospitalares;Catálogo do Compras.gov.br;Material;4320;BOMBAS MANUAIS E MECÂNICAS;13770;REGULADOR PRESSÃO;280527;APLICAÇÃO: CILINDRO DE ÓXIDO NITROSO MEDICINAL, CARACTERÍSTICAS ADICIONAIS: FILTRO SINTERIZADO RETENÇÃO PARTÍCULAS, MATERIAL CORPO: LATÃO CROMADO, MATERIAL DIAFRAGMA: DIAFRAGMA PLANO E CIRCULAR, MODELO: SISTEMA SELAGEM METAL/METAL,ESTÁGIO SIMPLES, PRESSÃO MÁXIMA ENTRADA: 0 A 300, PRESSÃO MÁXIMA SAÍDA: 3,5, TIPO CONEXÃO SAÍDA: CONEXÕES PADRÃO ABNT, TIPO EQUIPAMENTO: MANÔMETRO TP BOURDON,VÁLVULA ALÍVIO 6KGF/CM², VAZÃO: 100;UN;10,0000;80,7500;807,5000;0,0000;21/12/2026
HOSPITAL DA MULHER PARTEIRA MARIA CORREIA/RN;931528;1133;Material;931528-24/2026;PATRIMÔNIO - Aquisição Bens Mobiliário e outros;Catálogo do Compras.gov.br;Material;5110;FERRAMENTAS MANUAIS DE CORTE, NÃO ACIONADAS POR FORÇA MOTRIZ;2305;ALICATE BICO;446766;APLICAÇÃO: MANUTENÇÃO EQUIPAMENTOS ELETRÔNICOS, COMPRIMENTO: 8, MATERIAL: AÇO CROMO VANÁDIO, TIPO: FINO E LONGO, TIPO CABO: ISOLADO;UN;10,0000;34,8600;348,6000;0,0000;21/12/2026
HOSPITAL DA MULHER PARTEIRA MARIA CORREIA/RN;931528;1134;Material;931528-24/2026;PATRIMÔNIO - Aquisição Bens Mobiliário e outros;Catálogo do Compras.gov.br;Material;5110;FERRAMENTAS MANUAIS DE CORTE, NÃO ACIONADAS POR FORÇA MOTRIZ;2308;ALICATE DE CORTE;336881;COMPRIMENTO: 6, MATERIAL: AÇO CROMO VANÁDIO, MATERIAL CABO: PLÁSTICO, TIPO CABO: ISOLADO 1.OOO VOLTS, TIPO CORTE: DIAGONAL;UN;10,0000;49,4400;494,4000;0,0000;21/12/2026
HOSPITAL DA MULHER PARTEIRA MARIA CORREIA/RN;931528;1135;Material;931528-24/2026;PATRIMÔNIO - Aquisição Bens Mobiliário e outros;Catálogo do Compras.gov.br;Material;5120;FERRAMENTAS MANUAIS SEM CORTE, NÃO ACIONADAS  POR  FORÇA  MOTRIZ;2311;ALICATE DE PRESSÃO;288270;CARACTERÍSTICAS ADICIONAIS: ISOLAMENTO NO CABO, COMPRIMENTO: 10, MATERIAL: FERRO, MORDENTE INFERIOR: CURVO, TRATAMENTO SUPERFICIAL: AÇO VANÁDIO, AJUSTE: UMA POSIÇÃO;UN;10,0000;75,4600;754,6000;0,0000;21/12/2026
HOSPITAL DA MULHER PARTEIRA MARIA CORREIA/RN;931528;1136;Material;931528-24/2026;PATRIMÔNIO - Aquisição Bens Mobiliário e outros;Catálogo do Compras.gov.br;Material;5110;FERRAMENTAS MANUAIS DE CORTE, NÃO ACIONADAS POR FORÇA MOTRIZ;702;ALICATE UNIVERSAL;445372;COMPRIMENTO: 8, MATERIAL: AÇO CROMO VANÁDIO, MATERIAL CABO: PLÁSTICO, TIPO CABO: ISOLADO 1.OOO VOLTS, TIPO CORTE: LATERAL;UN;10,0000;43,2600;432,6000;0,0000;21/12/2026
HOSPITAL DA MULHER PARTEIRA MARIA CORREIA/RN;931528;1137;Material;931528-24/2026;PATRIMÔNIO - Aquisição Bens Mobiliário e outros;Catálogo do Compras.gov.br;Material;5110;FERRAMENTAS MANUAIS DE CORTE, NÃO ACIONADAS POR FORÇA MOTRIZ;818;FOICE;246959;COMPRIMENTO CABO: 1,10, COMPRIMENTO LÂMINA: 40, MATERIAL: AÇO, MATERIAL CABO: MADEIRA, PESO: 900, TIPO: ABERTA, TRATAMENTO SUPERFICIAL: PINTURA ENVERNIZADA;UN;1,0000;91,6300;91,6300;0,0000;21/12/2026
HOSPITAL DA MULHER PARTEIRA MARIA CORREIA/RN;931528;1138;Material;931528-24/2026;PATRIMÔNIO - Aquisição Bens Mobiliário e outros;Catálogo do Compras.gov.br;Material;5110;FERRAMENTAS MANUAIS DE CORTE, NÃO ACIONADAS POR FORÇA MOTRIZ;8620;LÂMINA SERRA MANUAL;288525;CARACTERÍSTICAS ADICIONAIS: BI-METÁLICA, COMPRIMENTO: 12", LARGURA: 1/2", MATERIAL: AÇO RÁPIDO, QUANTIDADE DENTES: 18 DENTES POR POLEGADA;UN;20,0000;14,4600;289,2000;0,0000;21/12/2026
HOSPITAL DA MULHER PARTEIRA MARIA CORREIA/RN;931528;1139;Material;931528-24/2026;PATRIMÔNIO - Aquisição Bens Mobiliário e outros;Catálogo do Compras.gov.br;Material;5120;FERRAMENTAS MANUAIS SEM CORTE, NÃO ACIONADAS  POR  FORÇA  MOTRIZ;13589;MARTELO;342460;MATERIAL: AÇO FORJADO, MATERIAL CABO: MADEIRA MARFIM, TAMANHO: 29, TIPO: UNHA;UN;10,0000;74,3500;743,5000;0,0000;21/12/2026
HOSPITAL DA MULHER PARTEIRA MARIA CORREIA/RN;931528;1140;Material;931528-24/2026;PATRIMÔNIO - Aquisição Bens Mobiliário e outros;Catálogo do Compras.gov.br;Material;5120;FERRAMENTAS MANUAIS SEM CORTE, NÃO ACIONADAS  POR  FORÇA  MOTRIZ;14667;PONTEIRO;329304;APLICAÇÃO: SERVIÇOS GERAIS, COMPRIMENTO: 12, DIÂMETRO: 3/4, MATERIAL: AÇO;UN;5,0000;27,1800;135,9000;0,0000;21/12/2026
HOSPITAL DA MULHER PARTEIRA MARIA CORREIA/RN;931528;1141;Material;931528-24/2026;PATRIMÔNIO - Aquisição Bens Mobiliário e outros;Catálogo do Compras.gov.br;Material;5110;FERRAMENTAS MANUAIS DE CORTE, NÃO ACIONADAS POR FORÇA MOTRIZ;6595;ENXADA;471020;COMPRIMENTO CABO: 110, LARGURA: 9,5, MATERIAL: AÇO CARBONO, MATERIAL CABO: MADEIRA;UN;3,0000;90,8600;272,5800;0,0000;21/12/2026
HOSPITAL DA MULHER PARTEIRA MARIA CORREIA/RN;931528;1142;Material;931528-24/2026;PATRIMÔNIO - Aquisição Bens Mobiliário e outros;Catálogo do Compras.gov.br;Material;5120;FERRAMENTAS MANUAIS SEM CORTE, NÃO ACIONADAS  POR  FORÇA  MOTRIZ;1569;ESPÁTULA;338029;APLICAÇÃO: MASSA E RASPAGEM, MATERIAL CABO: MADEIRA, MATERIAL LÂMINA: METAL, TAMANHO: 6;UN;5,0000;14,7600;73,8000;0,0000;21/12/2026
HOSPITAL DA MULHER PARTEIRA MARIA CORREIA/RN;931528;1143;Material;931528-24/2026;PATRIMÔNIO - Aquisição Bens Mobiliário e outros;Catálogo do Compras.gov.br;Material;5130;FERRAMENTAS MANUAIS ACIONADAS POR FORÇA MOTRIZ;16083;ESMERILHADEIRA;449083;DIÂMETRO DISCO: 4 1/2, POTÊNCIA: 720, ROTAÇÃO: 11.000, TIPO: ANGULAR, VOLTAGEM: 220;UN;1,0000;289,0000;289,0000;0,0000;21/12/2026
HOSPITAL DA MULHER PARTEIRA MARIA CORREIA/RN;931528;1144;Material;931528-24/2026;PATRIMÔNIO - Aquisição Bens Mobiliário e outros;Catálogo do Compras.gov.br;Material;5120;FERRAMENTAS MANUAIS SEM CORTE, NÃO ACIONADAS  POR  FORÇA  MOTRIZ;1053;TORNO BANCADA;304604;MATERIAL: AÇO FORJADO, TAMANHO: 3, TIPO: MORSA FIXA;UN;1,0000;579,0000;579,0000;0,0000;21/12/2026
HOSPITAL DA MULHER PARTEIRA MARIA CORREIA/RN;931528;1145;Material;931528-24/2026;PATRIMÔNIO - Aquisição Bens Mobiliário e outros;Catálogo do Compras.gov.br;Material;5120;FERRAMENTAS MANUAIS SEM CORTE, NÃO ACIONADAS  POR  FORÇA  MOTRIZ;1053;TORNO BANCADA;220497;ABERTURA ÚTIL: 2 3/4, ALTURA MORSA COM GIRATÓRIO: 105, ALTURA MORSA FIXA: 90, CARACTERÍSTICAS ADICIONAIS: MORDENTES INTERCAMBIÁVEIS/BASE GIRATÓRIA OPCIONAL, COMPRIMENTO MORSA COM GIRATÓRIO: 220, COMPRIMENTO MORSA FIXA: 220, LARGURA MORDENTE: 2 3/4, LARGURA MORSA COM GIRATÓRIO: 155, LARGURA MORSA FIXA: 100, PESO MORSA COM GIRATÓRIO: 3,20, PESO MORSA FIXA: 2,60, TAMANHO: 2, TIPO: MORSA COM GIRATÓRIA;UN;1,0000;57,0000;57,0000;0,0000;21/12/2026
HOSPITAL DA MULHER PARTEIRA MARIA CORREIA/RN;931528;1146;Material;931528-24/2026;PATRIMÔNIO - Aquisição Bens Mobiliário e outros;Catálogo do Compras.gov.br;Material;5130;FERRAMENTAS MANUAIS ACIONADAS POR FORÇA MOTRIZ;7868;FURADEIRA;360966;ACESSÓRIOS: 2 BATERIAS, CARREGADOR, CARACTERÍSTICAS ADICIONAIS: PARAFUSADEIRA, 2 VELOCIDADES, TAMANHO MANDRIL: 1/2, TENSÃO ALIMENTAÇÃO: 110, TIPO: IMPACTO SEM FIO, VELOCIDADE: 1.850;UN;1,0000;1289,0000;1289,0000;0,0000;21/12/2026
HOSPITAL DA MULHER PARTEIRA MARIA CORREIA/RN;931528;1165;Material;931528-23/2026;PATRIMÔNIO - MANUTENÇÃO - Aquisição de Materiais;Catálogo do Compras.gov.br;Material;4730;ACESSÓRIOS E FERRAGENS ESPECIAIS PARA  MANGUEIRAS, CANOS  E TUBOS;13546;CONEXÃO HIDRÁULICA;449356;APLICAÇÃO: INSTALAÇÕES PREDIAIS ÁGUA FRIA, BITOLA I: 2, MATERIAL: METAL, TIPO: JOELHO 90°, TIPO FIXAÇÃO: ROSCÁVEL;UN;20,0000;6,5800;131,6000;0,0000;21/12/2026
HOSPITAL DA MULHER PARTEIRA MARIA CORREIA/RN;931528;1147;Material;931528-24/2026;PATRIMÔNIO - Aquisição Bens Mobiliário e outros;Catálogo do Compras.gov.br;Material;5120;FERRAMENTAS MANUAIS SEM CORTE, NÃO ACIONADAS  POR  FORÇA  MOTRIZ;13975;CONJUNTO CHAVES COMBINADAS;601979;CARACTERÍSTICAS ADICIONAIS: INCLINAÇÃO DA BOCA EM RELAÇÃO AO CORPO DE 15º, MATERIAL: AÇO CROMO VANÁDIO, QUANTIDADE DE PEÇAS: 9, TAMANHO: 8, 10, 11, 12, 13, 14, 15, 17 E 19, TIPO: BOCA + ESTRELA, TRATAMENTO SUPERFICIAL: NIQUELADO E CROMADO;UN;1,0000;369,5200;369,5200;0,0000;21/12/2026
HOSPITAL DA MULHER PARTEIRA MARIA CORREIA/RN;931528;1148;Material;931528-24/2026;PATRIMÔNIO - Aquisição Bens Mobiliário e outros;Catálogo do Compras.gov.br;Material;5120;FERRAMENTAS MANUAIS SEM CORTE, NÃO ACIONADAS  POR  FORÇA  MOTRIZ;820;SERROTE PONTA;216751;MATERIAL CABO: MADEIRA, MATERIAL LÂMINA: AÇO ALTO CARBONO, QUANTIDADE DENTES: 7 POR POLEGADA, TAMANHO: 12, TIPO: TRAVADO, TRATAMENTO SUPERFICIAL: TEMPERADO E LIXADO;UN;5,0000;22,7000;113,5000;0,0000;21/12/2026
HOSPITAL DA MULHER PARTEIRA MARIA CORREIA/RN;931528;1149;Material;931528-24/2026;PATRIMÔNIO - Aquisição Bens Mobiliário e outros;Catálogo do Compras.gov.br;Material;5133;BROCAS, ALARGADORES, ESCARIADORES, MANUAIS E PARA USO EM  MÁQUINAS;3879;BROCA;610461;APLICAÇÃO: MARTELETE/CONCRETO, COMPRIMENTO: 320, DIÂMETRO 1: 32, MATERIAL: WIDEA, TIPO HASTE: CILÍNDRICA;UN;10,0000;10,2800;102,8000;0,0000;21/12/2026
HOSPITAL DA MULHER PARTEIRA MARIA CORREIA/RN;931528;1150;Material;931528-24/2026;PATRIMÔNIO - Aquisição Bens Mobiliário e outros;Catálogo do Compras.gov.br;Material;5133;BROCAS, ALARGADORES, ESCARIADORES, MANUAIS E PARA USO EM  MÁQUINAS;3879;BROCA;610460;APLICAÇÃO: MARTELETE/CONCRETO, CARACTERÍSTICAS ADICIONAIS: TIPO ENCAIXE SDS- MAX, COMPRIMENTO: 320, DIÂMETRO 1: 28, MATERIAL: WIDEA, TIPO HASTE: CILÍNDRICA;UN;10,0000;18,9900;189,9000;0,0000;21/12/2026
HOSPITAL DA MULHER PARTEIRA MARIA CORREIA/RN;931528;1151;Material;931528-24/2026;PATRIMÔNIO - Aquisição Bens Mobiliário e outros;Catálogo do Compras.gov.br;Material;5133;BROCAS, ALARGADORES, ESCARIADORES, MANUAIS E PARA USO EM  MÁQUINAS;3879;BROCA;288439;APLICAÇÃO: MARTELETE/CONCRETO, CARACTERÍSTICAS ADICIONAIS: TIPO ENCAIXE SDS, COMPRIMENTO: 260, DIÂMETRO: 8, MATERIAL: AÇO RÁPIDO;UN;10,0000;24,2500;242,5000;0,0000;21/12/2026
HOSPITAL DA MULHER PARTEIRA MARIA CORREIA/RN;931528;1152;Material;931528-24/2026;PATRIMÔNIO - Aquisição Bens Mobiliário e outros;Catálogo do Compras.gov.br;Material;5133;BROCAS, ALARGADORES, ESCARIADORES, MANUAIS E PARA USO EM  MÁQUINAS;3879;BROCA;440548;APLICAÇÃO: MADEIRA, CARACTERÍSTICAS ADICIONAIS: CURTA, DIÂMETRO 1: 20, MATERIAL: AÇO RÁPIDO, TIPO HASTE: CILÍNDRICA;UN;2,0000;5,5600;11,1200;0,0000;21/12/2026
HOSPITAL DA MULHER PARTEIRA MARIA CORREIA/RN;931528;1153;Material;931528-24/2026;PATRIMÔNIO - Aquisição Bens Mobiliário e outros;Catálogo do Compras.gov.br;Material;5133;BROCAS, ALARGADORES, ESCARIADORES, MANUAIS E PARA USO EM  MÁQUINAS;3879;BROCA;440547;APLICAÇÃO: MADEIRA, CARACTERÍSTICAS ADICIONAIS: CURTA, DIÂMETRO 1: 24, MATERIAL: AÇO RÁPIDO, TIPO HASTE: CILÍNDRICA;UN;2,0000;14,1200;28,2400;0,0000;21/12/2026
HOSPITAL DA MULHER PARTEIRA MARIA CORREIA/RN;931528;1154;Material;931528-24/2026;PATRIMÔNIO - Aquisição Bens Mobiliário e outros;Catálogo do Compras.gov.br;Material;5133;BROCAS, ALARGADORES, ESCARIADORES, MANUAIS E PARA USO EM  MÁQUINAS;3879;BROCA;440546;APLICAÇÃO: MADEIRA, CARACTERÍSTICAS ADICIONAIS: CURTA, DIÂMETRO 1: 22, MATERIAL: AÇO RÁPIDO, TIPO HASTE: CILÍNDRICA;UN;2,0000;32,9000;65,8000;0,0000;21/12/2026
HOSPITAL DA MULHER PARTEIRA MARIA CORREIA/RN;931528;1155;Material;931528-24/2026;PATRIMÔNIO - Aquisição Bens Mobiliário e outros;Catálogo do Compras.gov.br;Material;5120;FERRAMENTAS MANUAIS SEM CORTE, NÃO ACIONADAS  POR  FORÇA  MOTRIZ;14637;JOGO CHAVE;358281;ACESSÓRIOS: EXTENSOR CURTO E LONGO, CHAVE CATRACA ENCAIXE 1/2", COMPONENTES: 12 A 32 MM, MATERIAL: AÇO FORJADO, QUANTIDADE PEÇAS: 21, TIPO: SOQUETE;UN;2,0000;348,4000;696,8000;0,0000;21/12/2026
HOSPITAL DA MULHER PARTEIRA MARIA CORREIA/RN;931528;1156;Material;931528-24/2026;PATRIMÔNIO - Aquisição Bens Mobiliário e outros;Catálogo do Compras.gov.br;Material;5120;FERRAMENTAS MANUAIS SEM CORTE, NÃO ACIONADAS  POR  FORÇA  MOTRIZ;4923;CHAVE PARA TUBO;338408;COMPRIMENTO: 14, MATERIAL: AÇO VANÁDIO, MATERIAL CABO: AÇO VANÁDIO;UN;2,0000;107,9000;215,8000;0,0000;21/12/2026
HOSPITAL DA MULHER PARTEIRA MARIA CORREIA/RN;931528;1157;Material;931528-24/2026;PATRIMÔNIO - Aquisição Bens Mobiliário e outros;Catálogo do Compras.gov.br;Material;5120;FERRAMENTAS MANUAIS SEM CORTE, NÃO ACIONADAS  POR  FORÇA  MOTRIZ;4923;CHAVE PARA TUBO;460905;CAPACIDADE ABERTURA: 5, COMPRIMENTO: 18, MATERIAL: NYLON, MATERIAL CABO: POLIURETANO;UN;2,0000;248,3900;496,7800;0,0000;21/12/2026
HOSPITAL DA MULHER PARTEIRA MARIA CORREIA/RN;931528;1158;Material;931528-24/2026;PATRIMÔNIO - Aquisição Bens Mobiliário e outros;Catálogo do Compras.gov.br;Material;5130;FERRAMENTAS MANUAIS ACIONADAS POR FORÇA MOTRIZ;10424;PARAFUSADEIRA;361222;CARACTERÍSTICAS ADICIONAIS: VOLT. 3,6V, CARGA MÍNIMO 12HS, 2 PONTAS DUPLAS, COMPONENTES: CARREGADOR, TRAVA, ROTAÇÃO: MÍNIMO 180, TIPO: ANGULAR, TIPO ALIMENTAÇÃO: BATERIA, VELOCIDADE: REVERSÍVEL;UN;4,0000;299,9900;1199,9600;0,0000;21/12/2026
HOSPITAL DA MULHER PARTEIRA MARIA CORREIA/RN;931528;1159;Material;931528-24/2026;PATRIMÔNIO - Aquisição Bens Mobiliário e outros;Catálogo do Compras.gov.br;Material;5120;FERRAMENTAS MANUAIS SEM CORTE, NÃO ACIONADAS  POR  FORÇA  MOTRIZ;;;;;-;0,0000;0,0000;46242,2700;0,0000;21/12/2026
HOSPITAL DA MULHER PARTEIRA MARIA CORREIA/RN;931528;1160;Material;931528-23/2026;PATRIMÔNIO - MANUTENÇÃO - Aquisição de Materiais;Catálogo do Compras.gov.br;Material;4730;ACESSÓRIOS E FERRAGENS ESPECIAIS PARA  MANGUEIRAS, CANOS  E TUBOS;12519;GRELHA RALO;267444;BITOLA: 150 MM, CARACTERÍSTICAS ADICIONAIS: COM FECHO, MATERIAL: AÇO INOXIDÁVEL, TIPO: QUADRADO;UN;10,0000;19,9000;199,0000;0,0000;21/12/2026
HOSPITAL DA MULHER PARTEIRA MARIA CORREIA/RN;931528;1161;Material;931528-23/2026;PATRIMÔNIO - MANUTENÇÃO - Aquisição de Materiais;Catálogo do Compras.gov.br;Material;4730;ACESSÓRIOS E FERRAGENS ESPECIAIS PARA  MANGUEIRAS, CANOS  E TUBOS;12519;GRELHA RALO;239809;BITOLA: 100 MM, CARACTERÍSTICAS ADICIONAIS: COM FECHO / SEM CAIXILHO, MATERIAL: AÇO INOXIDÁVEL, TIPO: REDONDO;UN;10,0000;14,9000;149,0000;0,0000;21/12/2026
HOSPITAL DA MULHER PARTEIRA MARIA CORREIA/RN;931528;1162;Material;931528-23/2026;PATRIMÔNIO - MANUTENÇÃO - Aquisição de Materiais;Catálogo do Compras.gov.br;Material;4730;ACESSÓRIOS E FERRAGENS ESPECIAIS PARA  MANGUEIRAS, CANOS  E TUBOS;13546;CONEXÃO HIDRÁULICA;398410;APLICAÇÃO: INSTALAÇÃO HIDRÁULICA, BITOLA: 50, MATERIAL: PVC - CLORETO DE POLIVINILA, TIPO: JOELHO 90°, TIPO FIXAÇÃO: ANEL;UN;10,0000;12,6800;126,8000;0,0000;21/12/2026
HOSPITAL DA MULHER PARTEIRA MARIA CORREIA/RN;931528;1163;Material;931528-23/2026;PATRIMÔNIO - MANUTENÇÃO - Aquisição de Materiais;Catálogo do Compras.gov.br;Material;4730;ACESSÓRIOS E FERRAGENS ESPECIAIS PARA  MANGUEIRAS, CANOS  E TUBOS;13546;CONEXÃO HIDRÁULICA;371005;APLICAÇÃO: INSTALAÇÕES PREDIAIS ÁGUA FRIA E QUENTE, BITOLA II: 73, CARACTERÍSTICAS ADICIONAIS 1: AQUATHERM, COR: BEGE, MATERIAL: CPVC, REFERÊNCIA: DN 73, TIPO: JOELHO 90°, TIPO FIXAÇÃO: SOLDÁVEL;UN;10,0000;24,2900;242,9000;0,0000;21/12/2026
HOSPITAL DA MULHER PARTEIRA MARIA CORREIA/RN;931528;1164;Material;931528-23/2026;PATRIMÔNIO - MANUTENÇÃO - Aquisição de Materiais;Catálogo do Compras.gov.br;Material;4730;ACESSÓRIOS E FERRAGENS ESPECIAIS PARA  MANGUEIRAS, CANOS  E TUBOS;13546;CONEXÃO HIDRÁULICA;469359;APLICAÇÃO: INSTALAÇÃO HIDRÁULICA, BITOLA: 32, CARACTERÍSTICAS ADICIONAIS 1: FÊMEA, COR: VERDE, MATERIAL: PPR, TIPO: JOELHO 90°;UN;20,0000;3,5000;70,0000;0,0000;21/12/2026
HOSPITAL DA MULHER PARTEIRA MARIA CORREIA/RN;931528;1166;Material;931528-23/2026;PATRIMÔNIO - MANUTENÇÃO - Aquisição de Materiais;Catálogo do Compras.gov.br;Material;4730;ACESSÓRIOS E FERRAGENS ESPECIAIS PARA  MANGUEIRAS, CANOS  E TUBOS;13546;CONEXÃO HIDRÁULICA;469297;APLICAÇÃO: INSTALAÇÃO HIDRÁULICA E ESGOTO, BITOLA: 100, MATERIAL: PVC - CLORETO DE POLIVINILA, TIPO: JOELHO 90°, TIPO FIXAÇÃO: ROSCÁVEL;UN;5,0000;18,3800;91,9000;0,0000;21/12/2026
HOSPITAL DA MULHER PARTEIRA MARIA CORREIA/RN;931528;1167;Material;931528-23/2026;PATRIMÔNIO - MANUTENÇÃO - Aquisição de Materiais;Catálogo do Compras.gov.br;Material;4730;ACESSÓRIOS E FERRAGENS ESPECIAIS PARA  MANGUEIRAS, CANOS  E TUBOS;13546;CONEXÃO HIDRÁULICA;469311;APLICAÇÃO: INSTALAÇÃO HIDRÁULICA E ESGOTO, BITOLA III: 155, MATERIAL: PVC - CLORETO DE POLIVINILA, TIPO: JOELHO 90°, TIPO FIXAÇÃO: ROSCÁVEL;UN;5,0000;47,7400;238,7000;0,0000;21/12/2026
HOSPITAL DA MULHER PARTEIRA MARIA CORREIA/RN;931528;1168;Material;931528-23/2026;PATRIMÔNIO - MANUTENÇÃO - Aquisição de Materiais;Catálogo do Compras.gov.br;Material;4730;ACESSÓRIOS E FERRAGENS ESPECIAIS PARA  MANGUEIRAS, CANOS  E TUBOS;13546;CONEXÃO HIDRÁULICA;443466;APLICAÇÃO: INSTALAÇÕES ESGOTO, BITOLA: 40, CARACTERÍSTICAS ADICIONAIS: COM ANEL, COR: AZUL, MATERIAL: PVC, TIPO: JOELHO;UN;5,0000;3,7500;18,7500;0,0000;21/12/2026
HOSPITAL DA MULHER PARTEIRA MARIA CORREIA/RN;931528;1169;Material;931528-23/2026;PATRIMÔNIO - MANUTENÇÃO - Aquisição de Materiais;Catálogo do Compras.gov.br;Material;4730;ACESSÓRIOS E FERRAGENS ESPECIAIS PARA  MANGUEIRAS, CANOS  E TUBOS;13546;CONEXÃO HIDRÁULICA;370192;APLICAÇÃO: INSTALAÇÕES PREDIAIS ÁGUA FRIA, BITOLA I: 1/2, CARACTERÍSTICAS ADICIONAIS: COM ANEL DE BORRACHA FLEXÍVEL PARA VEDAÇÃO, MATERIAL: PVC, TIPO: LUVA DE CORRER, TIPO FIXAÇÃO: SOLDÁVEL;UN;5,0000;18,3000;91,5000;0,0000;21/12/2026
HOSPITAL DA MULHER PARTEIRA MARIA CORREIA/RN;931528;1170;Material;931528-23/2026;PATRIMÔNIO - MANUTENÇÃO - Aquisição de Materiais;Catálogo do Compras.gov.br;Material;4730;ACESSÓRIOS E FERRAGENS ESPECIAIS PARA  MANGUEIRAS, CANOS  E TUBOS;13546;CONEXÃO HIDRÁULICA;346196;APLICAÇÃO: INSTALAÇÃO SANITÁRIA, BITOLA: 40, CARACTERÍSTICAS ADICIONAIS: COM O RING, MATERIAL: PVC, TIPO: LUVA DE CORRER;UN;5,0000;18,8100;94,0500;0,0000;21/12/2026
HOSPITAL DA MULHER PARTEIRA MARIA CORREIA/RN;931528;1171;Material;931528-23/2026;PATRIMÔNIO - MANUTENÇÃO - Aquisição de Materiais;Catálogo do Compras.gov.br;Material;4730;ACESSÓRIOS E FERRAGENS ESPECIAIS PARA  MANGUEIRAS, CANOS  E TUBOS;13546;CONEXÃO HIDRÁULICA;370193;APLICAÇÃO: INSTALAÇÕES PREDIAIS ÁGUA FRIA, BITOLA I: 3/4, CARACTERÍSTICAS ADICIONAIS: COM ANEL DE BORRACHA FLEXÍVEL PARA VEDAÇÃO, MATERIAL: PVC, TIPO: LUVA DE CORRER, TIPO FIXAÇÃO: SOLDÁVEL;UN;5,0000;29,8800;149,4000;0,0000;21/12/2026
HOSPITAL DA MULHER PARTEIRA MARIA CORREIA/RN;931528;1172;Material;931528-23/2026;PATRIMÔNIO - MANUTENÇÃO - Aquisição de Materiais;Catálogo do Compras.gov.br;Material;4730;ACESSÓRIOS E FERRAGENS ESPECIAIS PARA  MANGUEIRAS, CANOS  E TUBOS;13546;CONEXÃO HIDRÁULICA;346197;APLICAÇÃO: INSTALAÇÃO SANITÁRIA, BITOLA: 50, CARACTERÍSTICAS ADICIONAIS: COM O RING, MATERIAL: PVC, TIPO: LUVA DE CORRER;UN;5,0000;46,7700;233,8500;0,0000;21/12/2026
HOSPITAL DA MULHER PARTEIRA MARIA CORREIA/RN;931528;1173;Material;931528-23/2026;PATRIMÔNIO - MANUTENÇÃO - Aquisição de Materiais;Catálogo do Compras.gov.br;Material;4730;ACESSÓRIOS E FERRAGENS ESPECIAIS PARA  MANGUEIRAS, CANOS  E TUBOS;13546;CONEXÃO HIDRÁULICA;370194;APLICAÇÃO: INSTALAÇÕES PREDIAIS ÁGUA FRIA, BITOLA I: 1 1/2, CARACTERÍSTICAS ADICIONAIS: COM ANEL DE BORRACHA FLEXÍVEL PARA VEDAÇÃO, MATERIAL: PVC, TIPO: LUVA DE CORRER, TIPO FIXAÇÃO: SOLDÁVEL;UN;5,0000;78,0000;390,0000;0,0000;21/12/2026
HOSPITAL DA MULHER PARTEIRA MARIA CORREIA/RN;931528;1174;Material;931528-23/2026;PATRIMÔNIO - MANUTENÇÃO - Aquisição de Materiais;Catálogo do Compras.gov.br;Material;4730;ACESSÓRIOS E FERRAGENS ESPECIAIS PARA  MANGUEIRAS, CANOS  E TUBOS;13546;CONEXÃO HIDRÁULICA;346198;APLICAÇÃO: INSTALAÇÃO SANITÁRIA, BITOLA: 75, CARACTERÍSTICAS ADICIONAIS: COM O RING, MATERIAL: PVC, TIPO: LUVA DE CORRER;UN;5,0000;68,0000;340,0000;0,0000;21/12/2026
HOSPITAL DA MULHER PARTEIRA MARIA CORREIA/RN;931528;1175;Material;931528-23/2026;PATRIMÔNIO - MANUTENÇÃO - Aquisição de Materiais;Catálogo do Compras.gov.br;Material;4730;ACESSÓRIOS E FERRAGENS ESPECIAIS PARA  MANGUEIRAS, CANOS  E TUBOS;13546;CONEXÃO HIDRÁULICA;469377;APLICAÇÃO: INSTALAÇÃO HIDRÁULICA, BITOLA: 20, COR: VERDE, MATERIAL: PPR, TIPO: LUVA SIMPLES;UN;10,0000;2,1000;21,0000;0,0000;21/12/2026
HOSPITAL DA MULHER PARTEIRA MARIA CORREIA/RN;931528;1176;Material;931528-23/2026;PATRIMÔNIO - MANUTENÇÃO - Aquisição de Materiais;Catálogo do Compras.gov.br;Material;4730;ACESSÓRIOS E FERRAGENS ESPECIAIS PARA  MANGUEIRAS, CANOS  E TUBOS;13546;CONEXÃO HIDRÁULICA;469378;APLICAÇÃO: INSTALAÇÃO HIDRÁULICA, BITOLA I: 25, CARACTERÍSTICAS ADICIONAIS 1: FÊMEA, COR: VERDE, MATERIAL: PPR, TIPO: LUVA SIMPLES;UN;10,0000;1,1100;11,1000;0,0000;21/12/2026
HOSPITAL DA MULHER PARTEIRA MARIA CORREIA/RN;931528;1177;Material;931528-23/2026;PATRIMÔNIO - MANUTENÇÃO - Aquisição de Materiais;Catálogo do Compras.gov.br;Material;4730;ACESSÓRIOS E FERRAGENS ESPECIAIS PARA  MANGUEIRAS, CANOS  E TUBOS;13546;CONEXÃO HIDRÁULICA;469389;APLICAÇÃO: INSTALAÇÃO HIDRÁULICA, BITOLA: 32, CARACTERÍSTICAS ADICIONAIS 1: FÊMEA, COR: VERDE, MATERIAL: PPR, TIPO: LUVA SIMPLES;UN;10,0000;14,3600;143,6000;0,0000;21/12/2026
HOSPITAL DA MULHER PARTEIRA MARIA CORREIA/RN;931528;1178;Material;931528-23/2026;PATRIMÔNIO - MANUTENÇÃO - Aquisição de Materiais;Catálogo do Compras.gov.br;Material;4730;ACESSÓRIOS E FERRAGENS ESPECIAIS PARA  MANGUEIRAS, CANOS  E TUBOS;13546;CONEXÃO HIDRÁULICA;469391;APLICAÇÃO: INSTALAÇÃO HIDRÁULICA, BITOLA: 40, CARACTERÍSTICAS ADICIONAIS 1: FÊMEA, COR: VERDE, MATERIAL: PPR, TIPO: LUVA SIMPLES;UN;10,0000;13,1800;131,8000;0,0000;21/12/2026
HOSPITAL DA MULHER PARTEIRA MARIA CORREIA/RN;931528;1179;Material;931528-23/2026;PATRIMÔNIO - MANUTENÇÃO - Aquisição de Materiais;Catálogo do Compras.gov.br;Material;4730;ACESSÓRIOS E FERRAGENS ESPECIAIS PARA  MANGUEIRAS, CANOS  E TUBOS;13546;CONEXÃO HIDRÁULICA;469392;APLICAÇÃO: INSTALAÇÃO HIDRÁULICA, BITOLA: 50, CARACTERÍSTICAS ADICIONAIS 1: FÊMEA, COR: VERDE, MATERIAL: PPR, TIPO: LUVA SIMPLES;UN;10,0000;6,1800;61,8000;0,0000;21/12/2026
HOSPITAL DA MULHER PARTEIRA MARIA CORREIA/RN;931528;1180;Material;931528-23/2026;PATRIMÔNIO - MANUTENÇÃO - Aquisição de Materiais;Catálogo do Compras.gov.br;Material;4730;ACESSÓRIOS E FERRAGENS ESPECIAIS PARA  MANGUEIRAS, CANOS  E TUBOS;13546;CONEXÃO HIDRÁULICA;381146;APLICAÇÃO: INSTALAÇÕES PREDIAIS ÁGUA FRIA E QUENTE, BITOLA II: 54, CARACTERÍSTICAS ADICIONAIS 1: AQUATHERM, COR: BEGE, MATERIAL: CPVC, TIPO: LUVA SIMPLES, TIPO FIXAÇÃO: SOLDÁVEL;UN;10,0000;30,5000;305,0000;0,0000;21/12/2026
HOSPITAL DA MULHER PARTEIRA MARIA CORREIA/RN;931528;1181;Material;931528-23/2026;PATRIMÔNIO - MANUTENÇÃO - Aquisição de Materiais;Catálogo do Compras.gov.br;Material;4730;ACESSÓRIOS E FERRAGENS ESPECIAIS PARA  MANGUEIRAS, CANOS  E TUBOS;13546;CONEXÃO HIDRÁULICA;353518;APLICAÇÃO: INSTALAÇÕES ESGOTO, BITOLA: 75, MATERIAL: PVC, TIPO: LUVA SIMPLES, TIPO FIXAÇÃO: SOLDÁVEL;UN;10,0000;13,9600;139,6000;0,0000;21/12/2026
HOSPITAL DA MULHER PARTEIRA MARIA CORREIA/RN;931528;1182;Material;931528-23/2026;PATRIMÔNIO - MANUTENÇÃO - Aquisição de Materiais;Catálogo do Compras.gov.br;Material;4730;ACESSÓRIOS E FERRAGENS ESPECIAIS PARA  MANGUEIRAS, CANOS  E TUBOS;13546;CONEXÃO HIDRÁULICA;353504;APLICAÇÃO: INSTALAÇÕES ESGOTO, BITOLA: 100, MATERIAL: PVC, TIPO: LUVA SIMPLES, TIPO FIXAÇÃO: SOLDÁVEL;UN;5,0000;48,1100;240,5500;0,0000;21/12/2026
HOSPITAL DA MULHER PARTEIRA MARIA CORREIA/RN;931528;1183;Material;931528-23/2026;PATRIMÔNIO - MANUTENÇÃO - Aquisição de Materiais;Catálogo do Compras.gov.br;Material;4730;ACESSÓRIOS E FERRAGENS ESPECIAIS PARA  MANGUEIRAS, CANOS  E TUBOS;13546;CONEXÃO HIDRÁULICA;616544;APLICAÇÃO: INSTALAÇÕES PREDIAIS ÁGUA FRIA, BITOLA LADO SOLDÁVEL: 20, CARACTERÍSTICAS ADICIONAIS: COM BUCHA DE LATÃO, MATERIAL: PVC, TIPO: LUVA DE REDUÇÃO, TIPO FIXAÇÃO: SOLDÁVEL E ROSCÁVEL;UN;5,0000;4,3400;21,7000;0,0000;21/12/2026
HOSPITAL DA MULHER PARTEIRA MARIA CORREIA/RN;931528;1184;Material;931528-23/2026;PATRIMÔNIO - MANUTENÇÃO - Aquisição de Materiais;Catálogo do Compras.gov.br;Material;4730;ACESSÓRIOS E FERRAGENS ESPECIAIS PARA  MANGUEIRAS, CANOS  E TUBOS;13546;CONEXÃO HIDRÁULICA;616545;APLICAÇÃO: INSTALAÇÕES PREDIAIS ÁGUA FRIA, BITOLA LADO SOLDÁVEL: 32, CARACTERÍSTICAS ADICIONAIS: COM BUCHA DE LATÃO, MATERIAL: PVC, TIPO: LUVA DE REDUÇÃO, TIPO FIXAÇÃO: SOLDÁVEL E ROSCÁVEL;UN;10,0000;22,7700;227,7000;0,0000;21/12/2026
HOSPITAL DA MULHER PARTEIRA MARIA CORREIA/RN;931528;1185;Material;931528-23/2026;PATRIMÔNIO - MANUTENÇÃO - Aquisição de Materiais;Catálogo do Compras.gov.br;Material;4730;ACESSÓRIOS E FERRAGENS ESPECIAIS PARA  MANGUEIRAS, CANOS  E TUBOS;13546;CONEXÃO HIDRÁULICA;420009;APLICAÇÃO: INSTALAÇÕES PREDIAIS ÁGUA FRIA, BITOLA: 1/2, MATERIAL: PVC - CLORETO DE POLIVINILA, TIPO: NIPLE, TIPO FIXAÇÃO: ROSCÁVEL;UN;10,0000;2,5000;25,0000;0,0000;21/12/2026
HOSPITAL DA MULHER PARTEIRA MARIA CORREIA/RN;931528;1186;Material;931528-23/2026;PATRIMÔNIO - MANUTENÇÃO - Aquisição de Materiais;Catálogo do Compras.gov.br;Material;4730;ACESSÓRIOS E FERRAGENS ESPECIAIS PARA  MANGUEIRAS, CANOS  E TUBOS;13546;CONEXÃO HIDRÁULICA;355875;APLICAÇÃO: INSTALAÇÕES PREDIAIS ÁGUA FRIA, BITOLA I: 2 1/2, MATERIAL: PVC - CLORETO DE POLIVINILA, TIPO: NIPLE, TIPO FIXAÇÃO: ROSCÁVEL;UN;10,0000;20,5900;205,9000;0,0000;21/12/2026
HOSPITAL DA MULHER PARTEIRA MARIA CORREIA/RN;931528;1187;Material;931528-23/2026;PATRIMÔNIO - MANUTENÇÃO - Aquisição de Materiais;Catálogo do Compras.gov.br;Material;4730;ACESSÓRIOS E FERRAGENS ESPECIAIS PARA  MANGUEIRAS, CANOS  E TUBOS;13546;CONEXÃO HIDRÁULICA;453555;APLICAÇÃO: INSTALAÇÕES PREDIAIS ÁGUA FRIA, BITOLA II: 300 X 150, MATERIAL: PVC - CLORETO DE POLIVINILA, TIPO: REDUÇÃO EXCÊNTRICA;UN;10,0000;0,9000;9,0000;0,0000;21/12/2026
HOSPITAL DA MULHER PARTEIRA MARIA CORREIA/RN;931528;1188;Material;931528-23/2026;PATRIMÔNIO - MANUTENÇÃO - Aquisição de Materiais;Catálogo do Compras.gov.br;Material;4730;ACESSÓRIOS E FERRAGENS ESPECIAIS PARA  MANGUEIRAS, CANOS  E TUBOS;13546;CONEXÃO HIDRÁULICA;432139;BITOLA II: 200 X 150, MATERIAL: PVC - CLORETO DE POLIVINILA, TIPO: REDUÇÃO EXCÊNTRICA, TIPO FIXAÇÃO: SOLDÁVEL;UN;10,0000;1,9000;19,0000;0,0000;21/12/2026
HOSPITAL DA MULHER PARTEIRA MARIA CORREIA/RN;931528;1189;Material;931528-23/2026;PATRIMÔNIO - MANUTENÇÃO - Aquisição de Materiais;Catálogo do Compras.gov.br;Material;4730;ACESSÓRIOS E FERRAGENS ESPECIAIS PARA  MANGUEIRAS, CANOS  E TUBOS;13546;CONEXÃO HIDRÁULICA;390391;APLICAÇÃO: INSTALAÇÕES ESGOTO, BITOLA I: 150 X 100, MATERIAL: PVC - CLORETO DE POLIVINILA, TIPO: REDUÇÃO EXCÊNTRICA, TIPO FIXAÇÃO: SOLDÁVEL;UN;10,0000;4,5000;45,0000;0,0000;21/12/2026
HOSPITAL DA MULHER PARTEIRA MARIA CORREIA/RN;931528;1190;Material;931528-23/2026;PATRIMÔNIO - MANUTENÇÃO - Aquisição de Materiais;Catálogo do Compras.gov.br;Material;4730;ACESSÓRIOS E FERRAGENS ESPECIAIS PARA  MANGUEIRAS, CANOS  E TUBOS;13546;CONEXÃO HIDRÁULICA;390390;APLICAÇÃO: INSTALAÇÕES ESGOTO, BITOLA: 100 X 50, MATERIAL: PVC - CLORETO DE POLIVINILA, TIPO: REDUÇÃO EXCÊNTRICA, TIPO FIXAÇÃO: SOLDÁVEL;UN;10,0000;7,0700;70,7000;0,0000;21/12/2026
HOSPITAL DA MULHER PARTEIRA MARIA CORREIA/RN;931528;1191;Material;931528-23/2026;PATRIMÔNIO - MANUTENÇÃO - Aquisição de Materiais;Catálogo do Compras.gov.br;Material;4730;ACESSÓRIOS E FERRAGENS ESPECIAIS PARA  MANGUEIRAS, CANOS  E TUBOS;13546;CONEXÃO HIDRÁULICA;380851;BITOLA: 100 X 75, MATERIAL: PVC - CLORETO DE POLIVINILA, TIPO: REDUÇÃO EXCÊNTRICA, TIPO FIXAÇÃO: SOLDÁVEL;UN;5,0000;14,1200;70,6000;0,0000;21/12/2026
HOSPITAL DA MULHER PARTEIRA MARIA CORREIA/RN;931528;1192;Material;931528-23/2026;PATRIMÔNIO - MANUTENÇÃO - Aquisição de Materiais;Catálogo do Compras.gov.br;Material;4730;ACESSÓRIOS E FERRAGENS ESPECIAIS PARA  MANGUEIRAS, CANOS  E TUBOS;13546;CONEXÃO HIDRÁULICA;353516;APLICAÇÃO: INSTALAÇÃO SANITÁRIA, BITOLA: 50 X 40, MATERIAL: PVC - CLORETO DE POLIVINILA, TIPO: REDUÇÃO EXCÊNTRICA, TIPO FIXAÇÃO: SOLDÁVEL;UN;5,0000;33,5000;167,5000;0,0000;21/12/2026
HOSPITAL DA MULHER PARTEIRA MARIA CORREIA/RN;931528;1193;Material;931528-23/2026;PATRIMÔNIO - MANUTENÇÃO - Aquisição de Materiais;Catálogo do Compras.gov.br;Material;4730;ACESSÓRIOS E FERRAGENS ESPECIAIS PARA  MANGUEIRAS, CANOS  E TUBOS;13546;CONEXÃO HIDRÁULICA;351389;APLICAÇÃO: INSTALAÇÃO SANITÁRIA, BITOLA: 100 X 75, MATERIAL: PVC - CLORETO DE POLIVINILA, NORMAS TÉCNICAS: NBR 5688, TIPO: REDUÇÃO EXCÊNTRICA, TIPO FIXAÇÃO: SOLDÁVEL;UN;5,0000;39,9000;199,5000;0,0000;21/12/2026
HOSPITAL DA MULHER PARTEIRA MARIA CORREIA/RN;931528;1194;Material;931528-23/2026;PATRIMÔNIO - MANUTENÇÃO - Aquisição de Materiais;Catálogo do Compras.gov.br;Material;4730;ACESSÓRIOS E FERRAGENS ESPECIAIS PARA  MANGUEIRAS, CANOS  E TUBOS;13546;CONEXÃO HIDRÁULICA;351388;APLICAÇÃO: INSTALAÇÃO SANITÁRIA, BITOLA: 100 X 50, MATERIAL: PVC - CLORETO DE POLIVINILA, NORMAS TÉCNICAS: NBR 5688, TIPO: REDUÇÃO EXCÊNTRICA, TIPO FIXAÇÃO: SOLDÁVEL;UN;10,0000;12,5200;125,2000;0,0000;21/12/2026
HOSPITAL DA MULHER PARTEIRA MARIA CORREIA/RN;931528;1195;Material;931528-23/2026;PATRIMÔNIO - MANUTENÇÃO - Aquisição de Materiais;Catálogo do Compras.gov.br;Material;4730;ACESSÓRIOS E FERRAGENS ESPECIAIS PARA  MANGUEIRAS, CANOS  E TUBOS;13546;CONEXÃO HIDRÁULICA;351387;APLICAÇÃO: INSTALAÇÃO SANITÁRIA, BITOLA: 75 X 50, MATERIAL: PVC - CLORETO DE POLIVINILA, NORMAS TÉCNICAS: NBR 5688, TIPO: REDUÇÃO EXCÊNTRICA, TIPO FIXAÇÃO: SOLDÁVEL;UN;10,0000;6,7300;67,3000;0,0000;21/12/2026
HOSPITAL DA MULHER PARTEIRA MARIA CORREIA/RN;931528;1196;Material;931528-23/2026;PATRIMÔNIO - MANUTENÇÃO - Aquisição de Materiais;Catálogo do Compras.gov.br;Material;4820;VÁLVULAS NÃO ACIONADAS POR FORÇA MOTRIZ;11563;REGISTRO PRESSÃO;468603;APLICAÇÃO: INSTALAÇÃO HIDRÁULICA, CARACTERÍSTICAS ADICIONAIS: COM CANOPLA POLIDA, DIÂMETRO: 20, MATERIAL: PVC, TIPO: SOLDAVEL;UN;10,0000;45,9000;459,0000;0,0000;21/12/2026
HOSPITAL DA MULHER PARTEIRA MARIA CORREIA/RN;931528;1197;Material;931528-23/2026;PATRIMÔNIO - MANUTENÇÃO - Aquisição de Materiais;Catálogo do Compras.gov.br;Material;4820;VÁLVULAS NÃO ACIONADAS POR FORÇA MOTRIZ;11560;REGISTRO GAVETA;627274;BITOLA: 1/2, MATERIAL: LATÃO;UN;5,0000;60,7900;303,9500;0,0000;21/12/2026
HOSPITAL DA MULHER PARTEIRA MARIA CORREIA/RN;931528;1198;Material;931528-23/2026;PATRIMÔNIO - MANUTENÇÃO - Aquisição de Materiais;Catálogo do Compras.gov.br;Material;4820;VÁLVULAS NÃO ACIONADAS POR FORÇA MOTRIZ;11560;REGISTRO GAVETA;601426;APLICAÇÃO: INSTALAÇÃO HIDRÁULICA, BITOLA: 25, CARACTERÍSTICAS ADICIONAIS: CANOPLA CROMADA, MATERIAL: BRONZE;UN;5,0000;51,3000;256,5000;0,0000;21/12/2026
HOSPITAL DA MULHER PARTEIRA MARIA CORREIA/RN;931528;1199;Material;931528-23/2026;PATRIMÔNIO - MANUTENÇÃO - Aquisição de Materiais;Catálogo do Compras.gov.br;Material;4820;VÁLVULAS NÃO ACIONADAS POR FORÇA MOTRIZ;11560;REGISTRO GAVETA;404514;BITOLA: 32, MATERIAL: LATÃO;UN;5,0000;135,0000;675,0000;0,0000;21/12/2026
HOSPITAL DA MULHER PARTEIRA MARIA CORREIA/RN;931528;1219;Material;931528-22/2026;PATRIMÔNIO - MANUTENÇÃO - Aquisição de Materiais;Catálogo do Compras.gov.br;Material;4710;CANOS E TUBOS;13115;TUBO HIDRÁULICO;627256;APLICAÇÃO: ESGOTO, DIÂMETRO: 75, MATERIAL: PVC;TBO;1,0000;62,9000;62,9000;0,0000;21/12/2026
HOSPITAL DA MULHER PARTEIRA MARIA CORREIA/RN;931528;1200;Material;931528-23/2026;PATRIMÔNIO - MANUTENÇÃO - Aquisição de Materiais;Catálogo do Compras.gov.br;Material;4820;VÁLVULAS NÃO ACIONADAS POR FORÇA MOTRIZ;11560;REGISTRO GAVETA;391818;APLICAÇÃO: INSTALAÇÃO HIDRÁULICA, BITOLA: 50, CARACTERÍSTICAS ADICIONAIS: COM CABEÇOTE, EXTREMIDADES FLANGES, MATERIAL: FERRO FUNDIDO;UN;5,0000;243,5000;1217,5000;0,0000;21/12/2026
HOSPITAL DA MULHER PARTEIRA MARIA CORREIA/RN;931528;1201;Material;931528-23/2026;PATRIMÔNIO - MANUTENÇÃO - Aquisição de Materiais;Catálogo do Compras.gov.br;Material;4820;VÁLVULAS NÃO ACIONADAS POR FORÇA MOTRIZ;11560;REGISTRO GAVETA;302309;APLICAÇÃO: INSTALAÇÃO HIDRÁULICA, BITOLA: 60, MATERIAL: PVC;UN;5,0000;244,5900;1222,9500;0,0000;21/12/2026
HOSPITAL DA MULHER PARTEIRA MARIA CORREIA/RN;931528;1202;Material;931528-23/2026;PATRIMÔNIO - MANUTENÇÃO - Aquisição de Materiais;Catálogo do Compras.gov.br;Material;4820;VÁLVULAS NÃO ACIONADAS POR FORÇA MOTRIZ;11560;REGISTRO GAVETA;392197;APLICAÇÃO: INSTALAÇÃO HIDRÁULICA, BITOLA: 75, CARACTERÍSTICAS ADICIONAIS: CHATO/PBA/COM BOLSAS/JUNTA ELÁSTICA/ANÉIS BORRACHA, MATERIAL: FERRO FUNDIDO;UN;5,0000;750,0000;3750,0000;0,0000;21/12/2026
HOSPITAL DA MULHER PARTEIRA MARIA CORREIA/RN;931528;1203;Material;931528-23/2026;PATRIMÔNIO - MANUTENÇÃO - Aquisição de Materiais;Catálogo do Compras.gov.br;Material;4730;ACESSÓRIOS E FERRAGENS ESPECIAIS PARA  MANGUEIRAS, CANOS  E TUBOS;623;TÊ - CONEXÃO PARA TUBOS CANOS - ROSCÁVEL;397027;COMPRIMENTO TOTAL: 100, DIÂMETRO ENTRADA: 1/2, MATERIAL: PVC - CLORETO DE POLIVINILA;UN;15,0000;1,1900;17,8500;0,0000;21/12/2026
HOSPITAL DA MULHER PARTEIRA MARIA CORREIA/RN;931528;1204;Material;931528-23/2026;PATRIMÔNIO - MANUTENÇÃO - Aquisição de Materiais;Catálogo do Compras.gov.br;Material;4730;ACESSÓRIOS E FERRAGENS ESPECIAIS PARA  MANGUEIRAS, CANOS  E TUBOS;623;TÊ - CONEXÃO PARA TUBOS CANOS - ROSCÁVEL;452028;APLICAÇÃO: INSTALAÇÕES PREDIAIS ÁGUA FRIA, DIÂMETRO ENTRADA: 3/4, MATERIAL: PVC - CLORETO DE POLIVINILA;UN;15,0000;1,3900;20,8500;0,0000;21/12/2026
HOSPITAL DA MULHER PARTEIRA MARIA CORREIA/RN;931528;1205;Material;931528-23/2026;PATRIMÔNIO - MANUTENÇÃO - Aquisição de Materiais;Catálogo do Compras.gov.br;Material;4730;ACESSÓRIOS E FERRAGENS ESPECIAIS PARA  MANGUEIRAS, CANOS  E TUBOS;625;UNIÃO SOLDÁVEL;214183;ALTURA: 48, COMPRIMENTO TOTAL: 46, DIÂMETRO: 20, MATERIAL: PVC - CLORETO DE POLIVINILA, NORMAS TÉCNICAS: NBR 5.648, PESO: 61;UN;10,0000;10,1600;101,6000;0,0000;21/12/2026
HOSPITAL DA MULHER PARTEIRA MARIA CORREIA/RN;931528;1206;Material;931528-23/2026;PATRIMÔNIO - MANUTENÇÃO - Aquisição de Materiais;Catálogo do Compras.gov.br;Material;4730;ACESSÓRIOS E FERRAGENS ESPECIAIS PARA  MANGUEIRAS, CANOS  E TUBOS;625;UNIÃO SOLDÁVEL;396870;APLICAÇÃO: HIDRÁULICA, DIÂMETRO: 25, MATERIAL: PVC - CLORETO DE POLIVINILA;UN;10,0000;20,3000;203,0000;0,0000;21/12/2026
HOSPITAL DA MULHER PARTEIRA MARIA CORREIA/RN;931528;1207;Material;931528-23/2026;PATRIMÔNIO - MANUTENÇÃO - Aquisição de Materiais;Catálogo do Compras.gov.br;Material;4730;ACESSÓRIOS E FERRAGENS ESPECIAIS PARA  MANGUEIRAS, CANOS  E TUBOS;625;UNIÃO SOLDÁVEL;396869;APLICAÇÃO: HIDRÁULICA, DIÂMETRO: 32, MATERIAL: PVC - CLORETO DE POLIVINILA;UN;10,0000;30,0000;300,0000;0,0000;21/12/2026
HOSPITAL DA MULHER PARTEIRA MARIA CORREIA/RN;931528;1208;Material;931528-23/2026;PATRIMÔNIO - MANUTENÇÃO - Aquisição de Materiais;Catálogo do Compras.gov.br;Material;4730;ACESSÓRIOS E FERRAGENS ESPECIAIS PARA  MANGUEIRAS, CANOS  E TUBOS;625;UNIÃO SOLDÁVEL;214187;ALTURA: 87,50, COMPRIMENTO TOTAL: 68, DIÂMETRO: 50, MATERIAL: PVC - CLORETO DE POLIVINILA, NORMAS TÉCNICAS: NBR 5.648, PESO: 245;UN;5,0000;64,9000;324,5000;0,0000;21/12/2026
HOSPITAL DA MULHER PARTEIRA MARIA CORREIA/RN;931528;1209;Material;931528-23/2026;PATRIMÔNIO - MANUTENÇÃO - Aquisição de Materiais;Catálogo do Compras.gov.br;Material;4730;ACESSÓRIOS E FERRAGENS ESPECIAIS PARA  MANGUEIRAS, CANOS  E TUBOS;625;UNIÃO SOLDÁVEL;214188;ALTURA: 105, COMPRIMENTO TOTAL: 78, DIÂMETRO: 60, MATERIAL: PVC - CLORETO DE POLIVINILA, NORMAS TÉCNICAS: NBR 5.648, PESO: 368;UN;5,0000;91,5300;457,6500;0,0000;21/12/2026
HOSPITAL DA MULHER PARTEIRA MARIA CORREIA/RN;931528;1210;Material;931528-23/2026;PATRIMÔNIO - MANUTENÇÃO - Aquisição de Materiais;Catálogo do Compras.gov.br;Material;4730;ACESSÓRIOS E FERRAGENS ESPECIAIS PARA  MANGUEIRAS, CANOS  E TUBOS;625;UNIÃO SOLDÁVEL;214189;ALTURA: 128, COMPRIMENTO TOTAL: 94, DIÂMETRO: 75, MATERIAL: PVC - CLORETO DE POLIVINILA, NORMAS TÉCNICAS: NBR 5.648, PESO: 792;UN;5,0000;140,3600;701,8000;0,0000;21/12/2026
HOSPITAL DA MULHER PARTEIRA MARIA CORREIA/RN;931528;1211;Material;931528-23/2026;PATRIMÔNIO - MANUTENÇÃO - Aquisição de Materiais;Catálogo do Compras.gov.br;Material;4930;EQUIPAMENTO PARA ABASTECIMENTO DE COMBUSTÍVEL E LUBRIFICAÇÃO;6573;ENGRAXADEIRA;486324;APLICAÇÃO: LUBRIFICAÇÃO EM GERAL, CAPACIDADE RESERVATÓRIO: 7, CARACTERÍSTICAS ADICIONAIS: COM COMPACTADOR, PRESSÃO TRABALHO: 5.000, TIPO: MANUAL;UN;1,0000;158,9000;158,9000;0,0000;21/12/2026
HOSPITAL DA MULHER PARTEIRA MARIA CORREIA/RN;931528;1212;Material;931528-23/2026;PATRIMÔNIO - MANUTENÇÃO - Aquisição de Materiais;Catálogo do Compras.gov.br;Material;4730;ACESSÓRIOS E FERRAGENS ESPECIAIS PARA  MANGUEIRAS, CANOS  E TUBOS;17408;TAMPÃO CONEXÃO;312130;DIÂMETRO: 25, MATERIAL: PVC - CLORETO DE POLIVINILA, TIPO ROSCA: SOLDÁVEL, USO: INSTALAÇÕES HIDRÁULICAS;UN;20,0000;1,0800;21,6000;0,0000;21/12/2026
HOSPITAL DA MULHER PARTEIRA MARIA CORREIA/RN;931528;1213;Material;931528-23/2026;PATRIMÔNIO - MANUTENÇÃO - Aquisição de Materiais;Catálogo do Compras.gov.br;Material;4730;ACESSÓRIOS E FERRAGENS ESPECIAIS PARA  MANGUEIRAS, CANOS  E TUBOS;17408;TAMPÃO CONEXÃO;312124;DIÂMETRO: 1/2, MATERIAL: PVC - CLORETO DE POLIVINILA, POSIÇÃO ROSCA: INTERNA, USO: INSTALAÇÕES HIDRÁULICAS;UN;50,0000;3,5000;175,0000;0,0000;21/12/2026
HOSPITAL DA MULHER PARTEIRA MARIA CORREIA/RN;931528;1214;Material;931528-22/2026;PATRIMÔNIO - MANUTENÇÃO - Aquisição de Materiais;Catálogo do Compras.gov.br;Material;4310;BOMBAS E COMPRESSORES A VÁCUO;5502;COMPRESSOR DE AR;604205;APLICAÇÃO: BIORREATOR, CARACTERÍSTICAS ADICIONAIS: ISENTO DE ÓLEO, ACIONAMENTO DIRETO, SISTEMA DE DIA, DIMENSÕES: 38 X 40 X 67, POTÊNCIA MOTOR: 1, PRESSÃO MÁXIMA: 8 BAR / 120, ROTAÇÃO MOTOR: 1680, TENSÃO: 220, TIPO: PORTÁTIL, VAZÃO: 75;UN;1,0000;1139,0000;1139,0000;0,0000;21/12/2026
HOSPITAL DA MULHER PARTEIRA MARIA CORREIA/RN;931528;1215;Material;931528-22/2026;PATRIMÔNIO - MANUTENÇÃO - Aquisição de Materiais;Catálogo do Compras.gov.br;Material;4320;BOMBAS MANUAIS E MECÂNICAS;3776;BOMBA HIDRÁULICA;623593;CAPACIDADE: 30, DIÂMETRO: 1, FREQÜÊNCIA: 60, MATERIAL: FERRO FUNDIDO, MODELO: PERIFÉRICA, POTÊNCIA: 5, TENSÃO ALIMENTAÇÃO: 220, TIPO MOTOR: MONOFASICO, VELOCIDADE: 3.450;UN;1,0000;876,0000;876,0000;0,0000;21/12/2026
HOSPITAL DA MULHER PARTEIRA MARIA CORREIA/RN;931528;1216;Material;931528-22/2026;PATRIMÔNIO - MANUTENÇÃO - Aquisição de Materiais;Catálogo do Compras.gov.br;Material;4710;CANOS E TUBOS;13115;TUBO HIDRÁULICO;627255;APLICAÇÃO: ESGOTO, DIÂMETRO: 100, MATERIAL: PVC;TBO;1,0000;83,6100;83,6100;0,0000;21/12/2026
HOSPITAL DA MULHER PARTEIRA MARIA CORREIA/RN;931528;1217;Material;931528-22/2026;PATRIMÔNIO - MANUTENÇÃO - Aquisição de Materiais;Catálogo do Compras.gov.br;Material;4710;CANOS E TUBOS;13115;TUBO HIDRÁULICO;627257;APLICAÇÃO: ESGOTO, DIÂMETRO: 150, MATERIAL: PVC, TIPO: SOLDÁVEL;TBO;1,0000;204,9000;204,9000;0,0000;21/12/2026
HOSPITAL DA MULHER PARTEIRA MARIA CORREIA/RN;931528;1218;Material;931528-22/2026;PATRIMÔNIO - MANUTENÇÃO - Aquisição de Materiais;Catálogo do Compras.gov.br;Material;4710;CANOS E TUBOS;13115;TUBO HIDRÁULICO;265266;APLICAÇÃO: ESGOTO, DIÂMETRO: 40, MATERIAL: PVC RÍGIDO, TIPO: CLASSE A;TBO;1,0000;44,9000;44,9000;0,0000;21/12/2026
HOSPITAL DA MULHER PARTEIRA MARIA CORREIA/RN;931528;1220;Material;931528-22/2026;PATRIMÔNIO - MANUTENÇÃO - Aquisição de Materiais;Catálogo do Compras.gov.br;Material;4710;CANOS E TUBOS;659;TUBO PVC SOLDÁVEL;396867;APLICAÇÃO: HIDRÁULICA, COMPRIMENTO: 6, COR: MARROM, DIÂMETRO NOMINAL: 20, MATERIAL: PVC RÍGIDO;UN;5,0000;14,4500;72,2500;0,0000;21/12/2026
HOSPITAL DA MULHER PARTEIRA MARIA CORREIA/RN;931528;1221;Material;931528-22/2026;PATRIMÔNIO - MANUTENÇÃO - Aquisição de Materiais;Catálogo do Compras.gov.br;Material;4710;CANOS E TUBOS;659;TUBO PVC SOLDÁVEL;396865;APLICAÇÃO: HIDRÁULICA, COMPRIMENTO: 6, COR: MARROM, DIÂMETRO NOMINAL: 25, MATERIAL: PVC RÍGIDO;UN;5,0000;27,1200;135,6000;0,0000;21/12/2026
HOSPITAL DA MULHER PARTEIRA MARIA CORREIA/RN;931528;1222;Material;931528-22/2026;PATRIMÔNIO - MANUTENÇÃO - Aquisição de Materiais;Catálogo do Compras.gov.br;Material;4710;CANOS E TUBOS;659;TUBO PVC SOLDÁVEL;214732;APLICAÇÃO: HIDRÁULICA, COMPRIMENTO: 6, COMPRIMENTO BOLSA: 32, COR: MARROM, DIÂMETRO NOMINAL: 32, ESPESSURA PAREDES: 2,10, PRESSÃO: 7,50 KGF/CM2 A 20°C;UN;5,0000;34,4900;172,4500;0,0000;21/12/2026
HOSPITAL DA MULHER PARTEIRA MARIA CORREIA/RN;931528;1223;Material;931528-22/2026;PATRIMÔNIO - MANUTENÇÃO - Aquisição de Materiais;Catálogo do Compras.gov.br;Material;4710;CANOS E TUBOS;659;TUBO PVC SOLDÁVEL;214733;APLICAÇÃO: HIDRÁULICA, COMPRIMENTO: 6, COMPRIMENTO BOLSA: 40, COR: MARROM, DIÂMETRO NOMINAL: 40, ESPESSURA PAREDES: 2,40, PRESSÃO: 7,50 KGF/CM2 A 20°C;UN;3,0000;93,2300;279,6900;0,0000;21/12/2026
HOSPITAL DA MULHER PARTEIRA MARIA CORREIA/RN;931528;1224;Material;931528-22/2026;PATRIMÔNIO - MANUTENÇÃO - Aquisição de Materiais;Catálogo do Compras.gov.br;Material;4710;CANOS E TUBOS;659;TUBO PVC SOLDÁVEL;214734;APLICAÇÃO: HIDRÁULICA, COMPRIMENTO: 6, COMPRIMENTO BOLSA: 50, COR: MARROM, DIÂMETRO NOMINAL: 50, ESPESSURA PAREDES: 3, PRESSÃO: 7,50 KGF/CM2 A 20°C;UN;5,0000;54,4200;272,1000;0,0000;21/12/2026
HOSPITAL DA MULHER PARTEIRA MARIA CORREIA/RN;931528;1225;Material;931528-22/2026;PATRIMÔNIO - MANUTENÇÃO - Aquisição de Materiais;Catálogo do Compras.gov.br;Material;4710;CANOS E TUBOS;659;TUBO PVC SOLDÁVEL;255731;APLICAÇÃO: HIDRÁULICA, COMPRIMENTO: 6, COR: BRANCA, DIÂMETRO NOMINAL: 60, MATERIAL: PVC RÍGIDO;UN;5,0000;129,8900;649,4500;0,0000;21/12/2026
HOSPITAL DA MULHER PARTEIRA MARIA CORREIA/RN;931528;1226;Material;931528-22/2026;PATRIMÔNIO - MANUTENÇÃO - Aquisição de Materiais;Catálogo do Compras.gov.br;Material;4710;CANOS E TUBOS;659;TUBO PVC SOLDÁVEL;214736;APLICAÇÃO: HIDRÁULICA, COMPRIMENTO: 6, COMPRIMENTO BOLSA: 70, COR: MARROM, DIÂMETRO NOMINAL: 75, ESPESSURA PAREDES: 4,20, PRESSÃO: 7,50 KGF/CM2 A 20°C;UN;5,0000;278,5700;1392,8500;0,0000;21/12/2026
HOSPITAL DA MULHER PARTEIRA MARIA CORREIA/RN;931528;1227;Material;931528-22/2026;PATRIMÔNIO - MANUTENÇÃO - Aquisição de Materiais;Catálogo do Compras.gov.br;Material;4720;MANGUEIRAS E TUBULAÇÕES FLEXÍVEIS;616;MANGUEIRA JARDIM;310855;CARACTERÍSTICAS ADICIONAIS: COM ENGATE ROSQUEADOR, COMPRIMENTO: 50, COR: CRISTAL, DIÂMETRO: 3/4, ESPESSURA: 2, MATERIAL: PVC TRANÇADO EM FIO POLIÉSTER, PRESSÃO MÁXIMA: 6, USO: JARDINAGEM;UN;2,0000;104,4200;208,8400;0,0000;21/12/2026
HOSPITAL DA MULHER PARTEIRA MARIA CORREIA/RN;931528;1228;Material;931528-21/2026;AQUISIÇÃO FORMULAS PARENTERAL;Catálogo do Compras.gov.br;Material;6505;DROGAS E MEDICAMENTOS;18501;NUTRIÇÃO PARENTERAL;;;-;0,0000;0,0000;360000,0000;0,0000;21/12/2026
HOSPITAL DA MULHER PARTEIRA MARIA CORREIA/RN;931528;1229;Serviço;931528-20/2026;ALMOXARIFADO - SERVIÇO GRÁFICO;Catálogo do Compras.gov.br;Serviço;891;SERVIÇOS DE REPRODUÇÃO, PUBLICAÇÃO E IMPRESSÃO;;;;;-;0,0000;0,0000;30000,0000;0,0000;21/12/2026
HOSPITAL DA MULHER PARTEIRA MARIA CORREIA/RN;931528;1230;Serviço;931528-19/2026;SERVIÇO DE LIMPEZA RESERVATÓRIO DE ÁGUA;Catálogo do Compras.gov.br;Serviço;853;SERVIÇOS DE LIMPEZA;;;25194;SERVIÇO ESPECIALIZADO DE LIMPEZA;-;2,0000;88153,6000;176307,2000;0,0000;21/12/2026
HOSPITAL DA MULHER PARTEIRA MARIA CORREIA/RN;931528;1231;Material;931528-18/2026;PATRIMONIO - CEQUIP Aquisição de equipamentos hospitalares;Catálogo do Compras.gov.br;Material;4240;EQUIPAMENTO PARA SEGURANÇA E SALVAMENTO;1377;ÓCULOS PROTEÇÃO;397946;APLICAÇÃO: PROTEÇÃO PLUMBÍFERA, CARACTERÍSTICAS ADICIONAIS: MODELO D4, 0,75MM DE PB, COR LENTE: INCOLOR, MATERIAL ARMAÇÃO: ACRÍLICO, MATERIAL LENTE: VIDRO PLUMBÍFERO, TIPO LENTE: PLUMBÍFERA, TIPO PROTEÇÃO: FRONTAL;UN;2,0000;890,0000;1780,0000;0,0000;21/12/2026
HOSPITAL DA MULHER PARTEIRA MARIA CORREIA/RN;931528;1232;Material;931528-17/2026;PATRIMÔNIO - Equipamentos Segurança, prevenção e combate a Incêndio.;Catálogo do Compras.gov.br;Material;4240;EQUIPAMENTO PARA SEGURANÇA E SALVAMENTO;1377;ÓCULOS PROTEÇÃO;320361;APLICAÇÃO: PROTEÇÃO GERAL, CARACTERÍSTICAS ADICIONAIS: GRADUADO, SEMI-HASTE VAZADA EM PLÁSTICO RÍGIDO, COR ARMAÇÃO: CINZA, COR LENTE: INCOLOR, MATERIAL ARMAÇÃO: PLÁSTICO RÍGIDO, MATERIAL LENTE: POLICARBONATO, TIPO LENTE: CORRETIVA, TIPO PROTEÇÃO: FRONTAL, TIPO AJUSTE HASTE: ESPÁTULA, TIPO FIXAÇÃO: PINOS;UN;10,0000;10,9000;109,0000;0,0000;21/12/2026
HOSPITAL DA MULHER PARTEIRA MARIA CORREIA/RN;931528;1233;Material;931528-17/2026;PATRIMÔNIO - Equipamentos Segurança, prevenção e combate a Incêndio.;Catálogo do Compras.gov.br;Material;4240;EQUIPAMENTO PARA SEGURANÇA E SALVAMENTO;13722;LUVA SEGURANÇA;375711;APLICAÇÃO: EQUIPAMENTO DE PROTEÇÃO INDIVIDUAL (E.P.I.), COR: AZUL, FORMA: ANATÔMICA, MATERIAL: 100% BORRACHA NITRÍLICA, MODELO: BAINHA PROTEÇÃO PUNHO, SEM TALCO OU AMIDO, TAMANHO: M, TIPO: DESCARTÁVEL;UN;10,0000;3,5990;35,9900;0,0000;21/12/2026
HOSPITAL DA MULHER PARTEIRA MARIA CORREIA/RN;931528;1234;Material;931528-17/2026;PATRIMÔNIO - Equipamentos Segurança, prevenção e combate a Incêndio.;Catálogo do Compras.gov.br;Material;4240;EQUIPAMENTO PARA SEGURANÇA E SALVAMENTO;1415;BOTA SEGURANÇA;620540;COR: AZUL E AMARELO, MATERIAL: PVC, MATERIAL SOLA: BORRACHA, TAMANHO: SOB MEDIDA, TIPO CANO: LONGO, TIPO USO: CONSTRUÇÃO CIVIL;UN;10,0000;56,4700;564,7000;0,0000;21/12/2026
HOSPITAL DA MULHER PARTEIRA MARIA CORREIA/RN;931528;1235;Material;931528-17/2026;PATRIMÔNIO - Equipamentos Segurança, prevenção e combate a Incêndio.;Catálogo do Compras.gov.br;Material;4240;EQUIPAMENTO PARA SEGURANÇA E SALVAMENTO;1214;PROTETOR AURICULAR;399937;MATERIAL: SILICONE, MATERIAL HASTE: PLÁSTICO FLEXÍVEL, TAMANHO: ÚNICO, TIPO CONCHA: PLUGUE;UN;50,0000;1,5400;77,0000;0,0000;21/12/2026
HOSPITAL DA MULHER PARTEIRA MARIA CORREIA/RN;931528;1236;Material;931528-17/2026;PATRIMÔNIO - Equipamentos Segurança, prevenção e combate a Incêndio.;Catálogo do Compras.gov.br;Material;4240;EQUIPAMENTO PARA SEGURANÇA E SALVAMENTO;1306;RESPIRADOR;336783;APLICAÇÃO: 2 RESPIRADORES, CARACTERÍSTICAS ADICIONAIS: CARTUCHO VAPORES ORGÂNICOS E GASES ÁCIDOS, MATERIAL: ELASTÔMERO SINTÉTICO, TAMANHO PEÇA FACIAL: TAMANHO REGULAR, TIPO: SEMIFACIAL;UN;5,0000;34,1200;170,6000;0,0000;21/12/2026
HOSPITAL DA MULHER PARTEIRA MARIA CORREIA/RN;931528;1237;Material;931528-17/2026;PATRIMÔNIO - Equipamentos Segurança, prevenção e combate a Incêndio.;Catálogo do Compras.gov.br;Material;4240;EQUIPAMENTO PARA SEGURANÇA E SALVAMENTO;1372;CAPACETE SEGURANÇA;350370;APLICAÇÃO: CONSTRUÇÃO CIVIL, CARACTERÍSTICAS ADICIONAIS: ABA FRONTAL, COPA LISA, DUPLA SUSPENSÃO E JUGULAR, COR: VERDE, MATERIAL: PLÁSTICO;UN;5,0000;24,9000;124,5000;0,0000;21/12/2026
HOSPITAL DA MULHER PARTEIRA MARIA CORREIA/RN;931528;1238;Material;931528-17/2026;PATRIMÔNIO - Equipamentos Segurança, prevenção e combate a Incêndio.;Catálogo do Compras.gov.br;Material;4240;EQUIPAMENTO PARA SEGURANÇA E SALVAMENTO;5022;CINTO SEGURANÇA;286985;CARACTERÍSTICAS ADICIONAIS: 02 ARGOLAS FIXAS EM AÇO FORJADO E TALABASTE, COMPONENTES: PORTA-FERRAMENTAS, LARGURA: 9, MATERIAL: COURO, REVESTIMENTO INTERNO: ALMOFADA, USO: ELETRICISTA;UN;2,0000;113,1600;226,3200;0,0000;21/12/2026
HOSPITAL DA MULHER PARTEIRA MARIA CORREIA/RN;931528;1239;Material;931528-17/2026;PATRIMÔNIO - Equipamentos Segurança, prevenção e combate a Incêndio.;Catálogo do Compras.gov.br;Material;4240;EQUIPAMENTO PARA SEGURANÇA E SALVAMENTO;8974;LUVA PROTEÇÃO;615041;APLICAÇÃO: MANUTENÇÃO ELETRICA, CARACTERÍSTICAS ADICIONAIS: DORSO EM RASPA, COM COSTURA EM LINHA DE NÁILON, MATERIAL: VAQUETA, TAMANHO: 24 X 13 CM;UN;1,0000;37,0300;37,0300;0,0000;21/12/2026
HOSPITAL DA MULHER PARTEIRA MARIA CORREIA/RN;931528;1240;Material;931528-17/2026;PATRIMÔNIO - Equipamentos Segurança, prevenção e combate a Incêndio.;Catálogo do Compras.gov.br;Material;4240;EQUIPAMENTO PARA SEGURANÇA E SALVAMENTO;8712;LANTERNA ELÉTRICA;617634;ACESSÓRIOS: CARREGADOR 110/220V E ADAPTADOR 12V PARA CARRO, APLICAÇÃO: ILUMINAÇÃO, CARACTERÍSTICAS ADICIONAIS: DUAS ALCAS SENDO UMA EM NAYLON PARA TRANSPORTE, COR: VERMELHA E PRETA, FORMATO: RETANGULAR, LUMINOSIDADE: 200, MATERIAL: PLÁSTICO ABS REFORÇADO, LENTE POLICARBONATO RESIST, QUANTIDADE LÂMPADAS: 25, TAMANHO: 20 X 12 X 14, TENSÃO NOMINAL: 110/220, TIPO: PORTÁTIL, RECARREGÁVEL, TIPO BATERIA: RECARREGÁVEL, TIPO LÂMPADA: LED;UN;5,0000;58,4400;292,2000;0,0000;21/12/2026
HOSPITAL DA MULHER PARTEIRA MARIA CORREIA/RN;931528;1241;Material;931528-17/2026;PATRIMÔNIO - Equipamentos Segurança, prevenção e combate a Incêndio.;Catálogo do Compras.gov.br;Material;4240;EQUIPAMENTO PARA SEGURANÇA E SALVAMENTO;7557;FITA ANTIDERRAPANTE;405101;APLICAÇÃO: SUPERFÍCIES PLANAS (ESCADAS, RAMPAS E CORREDORES), COMPRIMENTO: 230, ESPESSURA: 2, LARGURA: 4,80, MATERIAL: EMBORRACHADA À PROVA D'ÁGUA;UN;1,0000;169,9900;169,9900;0,0000;21/12/2026
HOSPITAL DA MULHER PARTEIRA MARIA CORREIA/RN;931528;1242;Serviço;931528-16/2026;LABORATÓRIO Contratação de empresa para serviço de Locação de equipamentos da área de saúde do tipo;Catálogo do Compras.gov.br;Material;4230;EQUIPAMENTO  PARA DESCONTAMINAÇÃO E IMPREGNAÇÃO;30304;AUTOCLAVE PARA ESTERILIZAÇÃO;625464;ABASTECIMENTO DE ÁGUA: AUTOMÁTICO, AGENTE: VAPOR SATURADO SOB PRESSÃO, CAPACIDADE: DE 351 A 550, CICLOS MÍNIMOS: TESTE E BÁSICOS, COMPONENTE: C/ DISPOSITIVOS DE SEGURANÇA, FUNCIONAMENTO: PRÉ VÁCUO, NÚMERO DE PORTAS: 2 PORTAS, PAINEL CONTROLE: C/ VISOR E AJUSTE DIGITAL, REGISTRO DO CICLO: C/ IMPRESSORA INTEGRADA, TIPO: HORIZONTAL DE SOLO;UN;1,0000;20000,0000;20000,0000;0,0000;02/12/2026
HOSPITAL DA MULHER PARTEIRA MARIA CORREIA/RN;931528;1244;Material;931528-14/2026;PATRIMÔNIO - CEQUIP Aquisição de equipamentos hospitalares;Catálogo do Compras.gov.br;Material;4110;EQUIPAMENTO PARA REFRIGERAÇÃO;12668;TERMÔMETRO;384214;ALIMENTAÇÃO: PILHA, APLICAÇÃO: GELADEIRA, CARACTERÍSTICAS ADICIONAIS: DISPLAY CRISTAL, BASE MAGNÉTICA, ALARME, SENSOR, FAIXA MEDIÇÃO TEMPERATURA: -50°C A +70, MATERIAL: PLÁSTICO, TIPO: DIGITAL;UN;20,0000;142,0000;2840,0000;0,0000;21/12/2026
HOSPITAL DA MULHER PARTEIRA MARIA CORREIA/RN;931528;1245;Material;931528-14/2026;PATRIMÔNIO - CEQUIP Aquisição de equipamentos hospitalares;Catálogo do Compras.gov.br;Material;4110;EQUIPAMENTO PARA REFRIGERAÇÃO;12668;TERMÔMETRO;257952;APLICAÇÃO: HOSPITALAR, CARACTERÍSTICAS ADICIONAIS: BOTÃO LIGA/DESLIGA / MEMÓRIA / DESLIGAMENTO AUTO-, MATERIAL BULBO: METÁLICO, TIPO: DIGITAL, COMPRIMENTO: 120, LARGURA: 17,5, ESPESSURA: 8,5, TIPO HASTE: FLEXÍVEL A UM ÂNGULO DE 4 A 5 GRÁUS.;UN;25,0000;15,7000;392,5000;0,0000;21/12/2026
HOSPITAL DA MULHER PARTEIRA MARIA CORREIA/RN;931528;1246;Material;931528-13/2026;NUTRIÇÃO Requisição de utensílios de cozinha e copa.;Catálogo do Compras.gov.br;Material;3920;EQUIPAMENTOS NÃO AUTOPROPULSIONADO PARA MOVIMENTAÇÃO  DE  MATERIAIS;1346;PALETE;400594;ALTURA: 5, COMPRIMENTO: 50, COR: BRANCA, LARGURA: 50, MATERIAL: PLÁSTICO;UN;15,0000;91,5900;1373,8500;0,0000;21/12/2026
HOSPITAL DA MULHER PARTEIRA MARIA CORREIA/RN;931528;1247;Material;931528-13/2026;NUTRIÇÃO Requisição de utensílios de cozinha e copa.;Catálogo do Compras.gov.br;Material;3920;EQUIPAMENTOS NÃO AUTOPROPULSIONADO PARA MOVIMENTAÇÃO  DE  MATERIAIS;1346;PALETE;613955;ALTURA: 15, CAPACIDADE: CARGA ESTÁTICA 3.000KG, CARGA DINÂMICA 1.500 KG, COMPRIMENTO: 1200, COR: PRETA, LARGURA: 1000, MATERIAL: PLÁSTICO;UN;10,0000;279,0000;2790,0000;0,0000;21/12/2026
HOSPITAL DA MULHER PARTEIRA MARIA CORREIA/RN;931528;1261;Material;931528-12/2026;PATRIMÔNIO - MANUTENÇÃO - Aquisição de Materiais;Catálogo do Compras.gov.br;Material;3460;ACESSÓRIOS PARA MÁQUINAS-FERRAMENTAS;8831;LIMA MANUAL;447276;COMPRIMENTO: 10, FORMATO: CHATA, TIPO: MURÇA;UN;5,0000;14,8900;74,4500;0,0000;21/12/2026
HOSPITAL DA MULHER PARTEIRA MARIA CORREIA/RN;931528;1262;Material;931528-12/2026;PATRIMÔNIO - MANUTENÇÃO - Aquisição de Materiais;Catálogo do Compras.gov.br;Material;3750;IMPLEMENTOS E FERRAMENTAS DE JARDINAGEM;1374;TESOURA PODA;252759;APLICAÇÃO: JARDINAGEM, CARACTERÍSTICAS ADICIONAIS: EMPUNHADURA DE BORRACHA, COMPRIMENTO CABO: 43, MATERIAL CABO: MADEIRA, MATERIAL LÂMINA: AÇO SAE 1.070;UN;1,0000;76,7200;76,7200;0,0000;21/12/2026
HOSPITAL DA MULHER PARTEIRA MARIA CORREIA/RN;931528;1263;Material;931528-12/2026;PATRIMÔNIO - MANUTENÇÃO - Aquisição de Materiais;Catálogo do Compras.gov.br;Material;3590;EQUIPAMENTOS DIVERSOS PARA SERVIÇOS PROFISSIONAIS E  COMERCIAIS;14029;LAVADORA ALTA PRESSÃO;229923;POTÊNCIA CONSUMIDA: 1,7, PRESSÃO: 1450, TENSÃO: 220, VAZÃO: 450, PESO: 11,50;UN;1,0000;699,0000;699,0000;0,0000;21/12/2026
HOSPITAL DA MULHER PARTEIRA MARIA CORREIA/RN;931528;1264;Material;931528-12/2026;PATRIMÔNIO - MANUTENÇÃO - Aquisição de Materiais;Catálogo do Compras.gov.br;Material;3450;MÁQUINAS-FERRAMENTA PORTÁTEIS;3879;BROCA;619898;APLICAÇÃO: MATERIAL FERROSO EM GERAL, COMPRIMENTO: 93, DIÂMETRO: 5,40, MATERIAL: METAL DURO, NORMAS TÉCNICAS: DIN 6539, TIPO HASTE: CILÍNDRICA;UN;5,0000;12,1900;60,9500;0,0000;21/12/2026
HOSPITAL DA MULHER PARTEIRA MARIA CORREIA/RN;931528;1265;Material;931528-12/2026;PATRIMÔNIO - MANUTENÇÃO - Aquisição de Materiais;Catálogo do Compras.gov.br;Material;3450;MÁQUINAS-FERRAMENTA PORTÁTEIS;3879;BROCA;477940;APLICAÇÃO: MATERIAL FERROSO EM GERAL, CARACTERÍSTICAS ADICIONAIS: TIPO DE CENTRO, COMPRIMENTO: 62, DIÂMETRO 1: 5/32 X 7/16, MATERIAL: AÇO RÁPIDO, TIPO HASTE: CILÍNDRICA;UN;5,0000;13,0900;65,4500;0,0000;21/12/2026
HOSPITAL DA MULHER PARTEIRA MARIA CORREIA/RN;931528;1266;Material;931528-12/2026;PATRIMÔNIO - MANUTENÇÃO - Aquisição de Materiais;Catálogo do Compras.gov.br;Material;3450;MÁQUINAS-FERRAMENTA PORTÁTEIS;3879;BROCA;477939;APLICAÇÃO: MATERIAL FERROSO EM GERAL, CARACTERÍSTICAS ADICIONAIS: TIPO DE CENTRO, COMPRIMENTO: 46, DIÂMETRO 1: 3/32 X 1/4, MATERIAL: AÇO RÁPIDO, TIPO HASTE: CILÍNDRICA;UN;5,0000;42,1500;210,7500;0,0000;21/12/2026
HOSPITAL DA MULHER PARTEIRA MARIA CORREIA/RN;931528;1267;Material;931528-12/2026;PATRIMÔNIO - MANUTENÇÃO - Aquisição de Materiais;Catálogo do Compras.gov.br;Material;3450;MÁQUINAS-FERRAMENTA PORTÁTEIS;3879;BROCA;477884;APLICAÇÃO: MATERIAL FERROSO EM GERAL, COMPRIMENTO: 66, DIÂMETRO: 6, MATERIAL: METAL DURO, NORMAS TÉCNICAS: DIN 6539, TAMANHO: CURTA, TIPO HASTE: PARALELA;UN;5,0000;37,5000;187,5000;0,0000;21/12/2026
HOSPITAL DA MULHER PARTEIRA MARIA CORREIA/RN;931528;1268;Material;931528-12/2026;PATRIMÔNIO - MANUTENÇÃO - Aquisição de Materiais;Catálogo do Compras.gov.br;Material;3450;MÁQUINAS-FERRAMENTA PORTÁTEIS;3879;BROCA;353425;APLICAÇÃO: CONCRETO, CARACTERÍSTICAS ADICIONAIS: TIPO ENCAIXE SDS, COMPRIMENTO: 260, DIÂMETRO: 12, MATERIAL: AÇO RÁPIDO;UN;10,0000;3,9100;39,1000;0,0000;21/12/2026
HOSPITAL DA MULHER PARTEIRA MARIA CORREIA/RN;931528;1269;Material;931528-12/2026;PATRIMÔNIO - MANUTENÇÃO - Aquisição de Materiais;Catálogo do Compras.gov.br;Material;3450;MÁQUINAS-FERRAMENTA PORTÁTEIS;567;DISCO CORTE;367199;APLICAÇÃO: MÁRMORE/CERÂMICA/PEDRA/GRANITO, CARACTERÍSTICAS ADICIONAIS: CORTE ÚMIDO, DIÂMETRO: 110, DIÂMETRO FURO: 16, MATERIAL: AÇO DIAMANTADO;UN;1,0000;42,0800;42,0800;0,0000;21/12/2026
HOSPITAL DA MULHER PARTEIRA MARIA CORREIA/RN;931528;1270;Material;931528-12/2026;PATRIMÔNIO - MANUTENÇÃO - Aquisição de Materiais;Catálogo do Compras.gov.br;Material;3750;IMPLEMENTOS E FERRAMENTAS DE JARDINAGEM;1354;APARADOR GRAMA;263377;FAIXA CORTE: 29, POTÊNCIA: 500, SISTEMA CORTE: FIO NÁILON, TIPO: ELÉTRICO, VOLTAGEM: 220;UN;2,0000;519,9900;1039,9800;0,0000;21/12/2026
HOSPITAL DA MULHER PARTEIRA MARIA CORREIA/RN;931528;1271;Material;931528-12/2026;PATRIMÔNIO - MANUTENÇÃO - Aquisição de Materiais;Catálogo do Compras.gov.br;Material;3450;MÁQUINAS-FERRAMENTA PORTÁTEIS;1122;MARTELETE;220156;CAPACIDADE ASPIRAÇÃO: NÃO APLICÁVEL, CAPACIDADE IMPACTOS: 0 A 4.850, CAPACIDADE PERFURAÇÃO AÇO: 13, CAPACIDADE PERFURAÇÃO CONCRETO: 24, CAPACIDADE PERFURAÇÃO MADEIRA: 30, PESO: 2,40, POTÊNCIA: 620, ROTAÇÃO: 0 A 870, TENSÃO ALIMENTAÇÃO: 220/230, TIPO: PERFURADOR;UN;1,0000;623,9000;623,9000;0,0000;21/12/2026
HOSPITAL DA MULHER PARTEIRA MARIA CORREIA/RN;931528;1272;Material;931528-12/2026;PATRIMÔNIO - MANUTENÇÃO - Aquisição de Materiais;Catálogo do Compras.gov.br;Material;3455;FERRAMENTAS DE CORTAR PARA MÁQUINAS FERRAMENTA;820;SERROTE PONTA;216751;MATERIAL CABO: MADEIRA, MATERIAL LÂMINA: AÇO ALTO CARBONO, QUANTIDADE DENTES: 7 POR POLEGADA, TAMANHO: 12, TIPO: TRAVADO, TRATAMENTO SUPERFICIAL: TEMPERADO E LIXADO;UN;5,0000;29,3100;146,5500;0,0000;21/12/2026
HOSPITAL DA MULHER PARTEIRA MARIA CORREIA/RN;931528;1273;Material;931528-12/2026;PATRIMÔNIO - MANUTENÇÃO - Aquisição de Materiais;Catálogo do Compras.gov.br;Material;3455;FERRAMENTAS DE CORTAR PARA MÁQUINAS FERRAMENTA;821;SERROTE PROFISSIONAL;297288;MATERIAL CABO: MADEIRA, MATERIAL LÂMINA: AÇO ALTO CARBONO, QUANTIDADE DENTES: 7 POR POLEGADA, TAMANHO: 28, TIPO: TRAVADO, TRATAMENTO SUPERFICIAL: TEMPERADO E LIXADO;UN;5,0000;29,3100;146,5500;0,0000;21/12/2026
HOSPITAL DA MULHER PARTEIRA MARIA CORREIA/RN;931528;1274;Material;931528-11/2026;PATRIMÔNIO - MANUTENÇÃO - Aquisição de Materiais;Catálogo do Compras.gov.br;Material;3439;SUPRIMENTOS E ACESSÓRIOS PARA SOLDAS DIVERSAS, FRACAS E  FORTES;6044;DECAPANTE SOLDA;302417;APRESENTAÇÃO: GEL, CARACTERÍSTICAS ADICIONAIS: USO EM CROSTAS DE CARBONO, TIPO SOLDA: AÇO INOX;UN;1,0000;79,5600;79,5600;0,0000;21/12/2026
HOSPITAL DA MULHER PARTEIRA MARIA CORREIA/RN;931528;1275;Material;931528-11/2026;PATRIMÔNIO - MANUTENÇÃO - Aquisição de Materiais;Catálogo do Compras.gov.br;Material;3439;SUPRIMENTOS E ACESSÓRIOS PARA SOLDAS DIVERSAS, FRACAS E  FORTES;7401;FERRO DE SOLDAR;;;-;0,0000;0,0000;23,2200;0,0000;21/12/2026
HOSPITAL DA MULHER PARTEIRA MARIA CORREIA/RN;931528;1276;Material;931528-10/2026;PATRIMÔNIO - MANUTENÇÃO - Aquisição de Materiais;Catálogo do Compras.gov.br;Material;3438;EQUIPAMENTOS DIVERSOS DE SOLDA;1177;ESTAÇÃO SOLDA;605940;APLICAÇÃO: SOLDAR/DESOLDAR COMPONENTES ELETRÔNICOS, CARACTERÍSTICAS ADICIONAIS: ESTAÇÃO CONJUGADA, TEMPERATURA AJUSTÁVEL, INDICA-, COMPRIMENTO: 260, FAIXA TEMPERATURA: 200 A 480, LARGURA: 245, POTÊNCIA NOMINAL: 250, PROFUNDIDADE: 190, TEMPERATURA MÁXIMA: 200 A 480, TENSÃO ALIMENTAÇÃO: 220, TIPO CORRENTE: ALTERNADA E DIRETA;UN;1,0000;1559,0000;1559,0000;0,0000;21/12/2026
HOSPITAL DA MULHER PARTEIRA MARIA CORREIA/RN;931528;1277;Material;931528-9/2026;PATRIMÔNIO - MANUTENÇÃO - Aquisição de Materiais;Catálogo do Compras.gov.br;Material;3413;MÁQUINAS DE FURAR E ABRIR ROSCAS;7870;FURADEIRA DE BANCADA INDUSTRIAL;607100;CARACTERISTICAS ADICIONAIS: CORREIA DO ACOPLAMENTO DO MOTOR COM O EIXO ARVORE, MOTOR: 1/2, POTÊNCIA: 370, TAMANHO DO MANDRIL: 5/8, TENSÃO ALIMENTAÇÃO: 220, TIPO: DE BANCADA;UN;1,0000;3119,0000;3119,0000;0,0000;21/12/2026
HOSPITAL DA MULHER PARTEIRA MARIA CORREIA/RN;931528;1278;Material;931528-8/2026;PATRIMÔNIO - MANUTENÇÃO - Aquisição de Materiais;Catálogo do Compras.gov.br;Material;2910;COMPONENTES DO SISTEMA DE COMBUSTÍVEL DE  MOTORES, EXCETO OSDE AERONAVES;14482;CONJUNTO REPARO REGISTRO;232903;BITOLA: 1/2, MODELO REGISTRO: 1416, REFERÊNCIA: CPD 2373, TIPO REGISTRO: PRESSÃO;UN;15,0000;66,5000;997,5000;0,0000;21/12/2026
HOSPITAL DA MULHER PARTEIRA MARIA CORREIA/RN;931528;1279;Material;931528-8/2026;PATRIMÔNIO - MANUTENÇÃO - Aquisição de Materiais;Catálogo do Compras.gov.br;Material;2910;COMPONENTES DO SISTEMA DE COMBUSTÍVEL DE  MOTORES, EXCETO OSDE AERONAVES;14482;CONJUNTO REPARO REGISTRO;313568;BITOLA: 2, CARACTERÍSTICAS ADICIONAIS: MATERIAL BRONZE/FIXAÇÃO ROSCÁVEL, COMPONENTES: FUSO E HASTE, REFERÊNCIA: 1502-B, TIPO REGISTRO: GAVETA;UN;15,0000;26,9000;403,5000;0,0000;21/12/2026
HOSPITAL DA MULHER PARTEIRA MARIA CORREIA/RN;931528;1280;Material;931528-8/2026;PATRIMÔNIO - MANUTENÇÃO - Aquisição de Materiais;Catálogo do Compras.gov.br;Material;2910;COMPONENTES DO SISTEMA DE COMBUSTÍVEL DE  MOTORES, EXCETO OSDE AERONAVES;14482;CONJUNTO REPARO REGISTRO;391089;BITOLA: 3, COMPONENTES: REPARO CUNHA EM BROZE, MODELO REGISTRO: DECA MODELO 150B, REFERÊNCIA: 4076372, TIPO REGISTRO: GAVETA;UN;15,0000;74,5000;1117,5000;0,0000;21/12/2026
HOSPITAL DA MULHER PARTEIRA MARIA CORREIA/RN;931528;1281;Material;931528-8/2026;PATRIMÔNIO - MANUTENÇÃO - Aquisição de Materiais;Catálogo do Compras.gov.br;Material;2910;COMPONENTES DO SISTEMA DE COMBUSTÍVEL DE  MOTORES, EXCETO OSDE AERONAVES;14482;CONJUNTO REPARO REGISTRO;404462;BITOLA: 3/4, MATERIAL: LATÃO FORJADO, MODELO REGISTRO: FABRIMAR, REFERÊNCIA: B-1509-LG, TIPO REGISTRO: GAVETA;UN;15,0000;119,7000;1795,5000;0,0000;21/12/2026
HOSPITAL DA MULHER PARTEIRA MARIA CORREIA/RN;931528;1282;Material;931528-8/2026;PATRIMÔNIO - MANUTENÇÃO - Aquisição de Materiais;Catálogo do Compras.gov.br;Material;2910;COMPONENTES DO SISTEMA DE COMBUSTÍVEL DE  MOTORES, EXCETO OSDE AERONAVES;5765;CONJUNTO MOTOR BOMBA;471335;CARACTERÍSTICAS ADICIONAIS: PALHETA, TIPO: TRIFÁSICO, VAZÃO: 80, VOLTAGEM: 220;UN;1,0000;2214,0000;2214,0000;0,0000;21/12/2026
HOSPITAL DA MULHER PARTEIRA MARIA CORREIA/RN;931528;1284;Material;931528-7/2026;PATRIMÔNIO - MANUTENÇÃO - Aquisição de Materiais;Catálogo do Compras.gov.br;Material;2640;MATERIAL PARA REFORMA E REPARO DE PNEUS E CÂMARAS DE AR;16145;PNEU CARRINHO MÃO;602171;CARACTERÍSTICAS ADICIONAIS: MACIÇO E SEM CÂMARA, MATERIAL: BORRACHA, TAMANHO: 35 CM X 8 CM;UN;2,0000;49,9900;99,9800;0,0000;21/12/2026
HOSPITAL DA MULHER PARTEIRA MARIA CORREIA/RN;931528;1285;Material;931528-6/2026;Aquisição de materiais diversos;Catálogo do Compras.gov.br;Material;4510;DISPOSITIVOS E ACESSÓRIOS PARA INSTALAÇÕES HIDRÁULICAS;18873;ADAPTADOR MANGUEIRA;375349;APLICAÇÃO: SISTEMA IRRIGAÇÃO, BITOLA: 3/4, CARACTERÍSTICAS ADICIONAIS: ROSCAGO E CORRUGADO, MATERIAL: PVC;UN;40,0000;42,7300;1709,2000;0,0000;21/12/2026
HOSPITAL DA MULHER PARTEIRA MARIA CORREIA/RN;931528;1286;Material;931528-6/2026;Aquisição de materiais diversos;Catálogo do Compras.gov.br;Material;4510;DISPOSITIVOS E ACESSÓRIOS PARA INSTALAÇÕES HIDRÁULICAS;18873;ADAPTADOR MANGUEIRA;480633;BITOLA: 3,4, MATERIAL: PLÁSTICO ABS;UN;30,0000;12,9000;387,0000;0,0000;21/12/2026
HOSPITAL DA MULHER PARTEIRA MARIA CORREIA/RN;931528;1287;Material;931528-6/2026;Aquisição de materiais diversos;Catálogo do Compras.gov.br;Material;4510;DISPOSITIVOS E ACESSÓRIOS PARA INSTALAÇÕES HIDRÁULICAS;18873;ADAPTADOR MANGUEIRA;376802;BITOLA: 3/4 X 3/4, CARACTERÍSTICAS ADICIONAIS: SISTEMA ROSCÁVEL COM ANEL DE BORRACHA P/ VEDAÇÃO, MATERIAL: ZAMAK;UN;10,0000;21,0000;210,0000;0,0000;21/12/2026
HOSPITAL DA MULHER PARTEIRA MARIA CORREIA/RN;931528;1288;Material;931528-6/2026;Aquisição de materiais diversos;Catálogo do Compras.gov.br;Material;4510;DISPOSITIVOS E ACESSÓRIOS PARA INSTALAÇÕES HIDRÁULICAS;18873;ADAPTADOR MANGUEIRA;376707;BITOLA: 1/2 X 1/2, CARACTERÍSTICAS ADICIONAIS: SISTEMA ROSCÁVEL COM ANEL DE BORRACHA P/ VEDAÇÃO, MATERIAL: ZAMAK;UN;20,0000;16,5000;330,0000;0,0000;21/12/2026
HOSPITAL DA MULHER PARTEIRA MARIA CORREIA/RN;931528;1289;Material;931528-6/2026;Aquisição de materiais diversos;Catálogo do Compras.gov.br;Material;4510;DISPOSITIVOS E ACESSÓRIOS PARA INSTALAÇÕES HIDRÁULICAS;18873;ADAPTADOR MANGUEIRA;374353;BITOLA: 3/4, MATERIAL: ZAMAK;UN;10,0000;15,3900;153,9000;0,0000;21/12/2026
HOSPITAL DA MULHER PARTEIRA MARIA CORREIA/RN;931528;1290;Material;931528-6/2026;Aquisição de materiais diversos;Catálogo do Compras.gov.br;Material;4510;DISPOSITIVOS E ACESSÓRIOS PARA INSTALAÇÕES HIDRÁULICAS;18873;ADAPTADOR MANGUEIRA;367411;BITOLA: 1/2, MATERIAL: PLÁSTICO ABS;UN;10,0000;23,3700;233,7000;0,0000;21/12/2026
HOSPITAL DA MULHER PARTEIRA MARIA CORREIA/RN;931528;1291;Material;931528-6/2026;Aquisição de materiais diversos;Catálogo do Compras.gov.br;Material;4510;DISPOSITIVOS E ACESSÓRIOS PARA INSTALAÇÕES HIDRÁULICAS;4977;CHUVEIRO NÃO ELÉTRICO;226826;BITOLA: 1/2 E 3/4, COMPRIMENTO BRAÇO: 35, COR: BRANCA, MATERIAL: PLÁSTICO, TIPO: COM BRAÇO, SEM REGISTRO, DIÂMETRO: 4;UN;30,0000;20,6900;620,7000;0,0000;21/12/2026
HOSPITAL DA MULHER PARTEIRA MARIA CORREIA/RN;931528;1292;Material;931528-6/2026;Aquisição de materiais diversos;Catálogo do Compras.gov.br;Material;4510;DISPOSITIVOS E ACESSÓRIOS PARA INSTALAÇÕES HIDRÁULICAS;6092;DESENTUPIDOR VASO SANITÁRIO;613248;COMPRIMENTO CABO: 50, MATERIAL: PVC, TIPO: BOMBA DE SUCÇÃO;UN;5,0000;21,8500;109,2500;0,0000;21/12/2026
HOSPITAL DA MULHER PARTEIRA MARIA CORREIA/RN;931528;1293;Material;931528-6/2026;Aquisição de materiais diversos;Catálogo do Compras.gov.br;Material;4510;DISPOSITIVOS E ACESSÓRIOS PARA INSTALAÇÕES HIDRÁULICAS;6092;DESENTUPIDOR VASO SANITÁRIO;377641;COMPRIMENTO: 15, MATERIAL: AÇO, TIPO: SONDA;UN;2,0000;78,7900;157,5800;0,0000;21/12/2026
HOSPITAL DA MULHER PARTEIRA MARIA CORREIA/RN;931528;1294;Material;931528-6/2026;Aquisição de materiais diversos;Catálogo do Compras.gov.br;Material;4510;DISPOSITIVOS E ACESSÓRIOS PARA INSTALAÇÕES HIDRÁULICAS;6410;DUCHA HIGIÊNICA;335014;COMPRIMENTO: 1,5, DIÂMETRO: 3/4, MATERIAL: AÇO INOX;UN;10,0000;73,3100;733,1000;0,0000;21/12/2026
HOSPITAL DA MULHER PARTEIRA MARIA CORREIA/RN;931528;1295;Material;931528-6/2026;Aquisição de materiais diversos;Catálogo do Compras.gov.br;Material;4510;DISPOSITIVOS E ACESSÓRIOS PARA INSTALAÇÕES HIDRÁULICAS;15305;CONJUNTO OBTURADOR CAIXA DESCARGA;261794;APLICAÇÃO: MONTANA MODELO DE EMBUTIR, COMPONENTES: HASTE, COAXIAL, ORIGINAL;UN;15,0000;53,9000;808,5000;0,0000;21/12/2026
HOSPITAL DA MULHER PARTEIRA MARIA CORREIA/RN;931528;1296;Material;931528-6/2026;Aquisição de materiais diversos;Catálogo do Compras.gov.br;Material;4510;DISPOSITIVOS E ACESSÓRIOS PARA INSTALAÇÕES HIDRÁULICAS;15305;CONJUNTO OBTURADOR CAIXA DESCARGA;613232;APLICAÇÃO: CAIXA DE DESCARGA ACOPLADA DE 6 LITROS, PADRAO UNI, COMPONENTES: BORRACHA, FLUTUADOR, GUIA, HASTE, REGULADORES E, OUTROS COMPONENTES: PENEIRA EMBUTIDA, BOTÃO DE ACIONAMENTO DUPLO, CONJ;UN;15,0000;93,9000;1408,5000;0,0000;21/12/2026
HOSPITAL DA MULHER PARTEIRA MARIA CORREIA/RN;931528;1297;Material;931528-6/2026;Aquisição de materiais diversos;Catálogo do Compras.gov.br;Material;4510;DISPOSITIVOS E ACESSÓRIOS PARA INSTALAÇÕES HIDRÁULICAS;15305;CONJUNTO OBTURADOR CAIXA DESCARGA;483893;APLICAÇÃO: CAIXA DE DESCARGA ACOPLADA PADRAO UNIVERSAL, COMPONENTES: BOTÃO DE ACIONAMENTO, TORRES: DE SAÍDA E DE ENTRAD, OUTROS COMPONENTES: BOLSA DE VEDAÇÃO E CONJUNTO DE FIXAÇÃO;UN;15,0000;18,0000;270,0000;0,0000;21/12/2026
HOSPITAL DA MULHER PARTEIRA MARIA CORREIA/RN;931528;1298;Material;931528-6/2026;Aquisição de materiais diversos;Catálogo do Compras.gov.br;Material;4510;DISPOSITIVOS E ACESSÓRIOS PARA INSTALAÇÕES HIDRÁULICAS;15305;CONJUNTO OBTURADOR CAIXA DESCARGA;239380;APLICAÇÃO: CAIXA DE DESCARGA MARCA BRASILIT, MODELO DE EMBUTI, COMPONENTES: BORRACHA, FLUTUADOR, GUIA, HASTE, REGULADORES E;UN;15,0000;389,9000;5848,5000;0,0000;21/12/2026
HOSPITAL DA MULHER PARTEIRA MARIA CORREIA/RN;931528;1299;Material;931528-6/2026;Aquisição de materiais diversos;Catálogo do Compras.gov.br;Material;4510;DISPOSITIVOS E ACESSÓRIOS PARA INSTALAÇÕES HIDRÁULICAS;12056;SIFÃO;616677;APLICAÇÃO: PIA, BITOLA: 1"  , 1 1/4" E 1 1/2'' ., COR: BRANCA, MATERIAL: PVC, TIPO CORPO: SANFONADO UNIVERSAL DUPLO;UN;50,0000;20,8100;1040,5000;0,0000;21/12/2026
HOSPITAL DA MULHER PARTEIRA MARIA CORREIA/RN;931528;1300;Material;931528-5/2026;Aquisição Bens Mobiliário e outros;Catálogo do Compras.gov.br;Material;4110;EQUIPAMENTO PARA REFRIGERAÇÃO;3489;BEBEDOURO ÁGUA;245768;CARACTERÍSTICAS ADICIONAIS: SAÍDAS P/ÁGUA GELADA E NATURAL, CAPACIDADE   TOTAL, MATERIAL GABINETE: PLÁSTICO, TIPO: VERTICAL ELÉTRICO, VOLTAGEM: 220, ACABAMENTO EXTERNO: PINTURA EM EPOXI, ALTURA: 98, MATERIAL RESERVATÓRIO ÁGUA: AÇO INOXIDÁVEL COM SERPENTINA EXTERNA;UN;10,0000;824,5200;8245,2000;0,0000;30/10/2026
HOSPITAL DA MULHER PARTEIRA MARIA CORREIA/RN;931528;1301;Material;931528-4/2026;Aquisição de equipamentos segurança, prevenção e combate a incêndio.;Catálogo do Compras.gov.br;Material;4210;EQUIPAMENTOS PARA COMBATE A INCÊNDIO;11383;ENGATE HIDRÁULICO;352273;APLICAÇÃO: INSTALAÇÕES PREDIAIS ÁGUA FRIA, BITOLA: 1/2, COMPRIMENTO: 40, MATERIAL: PVC FLEXÍVEL;UN;50,0000;35,0200;1751,0000;0,0000;30/10/2026
HOSPITAL DA MULHER PARTEIRA MARIA CORREIA/RN;931528;1302;Material;931528-4/2026;Aquisição de equipamentos segurança, prevenção e combate a incêndio.;Catálogo do Compras.gov.br;Material;4210;EQUIPAMENTOS PARA COMBATE A INCÊNDIO;11383;ENGATE HIDRÁULICO;355256;APLICAÇÃO: INSTALAÇÕES PREDIAIS ÁGUA FRIA, BITOLA: 1/2, COMPRIMENTO: 50, MATERIAL: PVC FLEXÍVEL;UN;50,0000;27,0500;1352,5000;0,0000;30/10/2026
HOSPITAL DA MULHER PARTEIRA MARIA CORREIA/RN;931528;1303;Material;931528-4/2026;Aquisição de equipamentos segurança, prevenção e combate a incêndio.;Catálogo do Compras.gov.br;Material;4210;EQUIPAMENTOS PARA COMBATE A INCÊNDIO;14130;MANÔMETRO;239196;APLICAÇÃO: MEDIR PRESSÃO EM TUBULAÇÃO, CAPACIDADE: 0 A 2 KGF/CM2, CARACTERÍSTICAS ADICIONAIS: PONTEIRO BALANCEADO E MARCADOR COM GLICERINA, CONEXÃO: 1/4, DIÂMETRO: 50 A 70, MATERIAL: AÇO INOXIDÁVEL, MODELO: ANALÓGICO, TIPO: BOURDON;UN;20,0000;115,0000;2300,0000;0,0000;30/10/2026
HOSPITAL DA MULHER PARTEIRA MARIA CORREIA/RN;931528;1304;Material;931528-4/2026;Aquisição de equipamentos segurança, prevenção e combate a incêndio.;Catálogo do Compras.gov.br;Material;4210;EQUIPAMENTOS PARA COMBATE A INCÊNDIO;;;;;-;0,0000;0,0000;14297,0000;0,0000;30/10/2026
HOSPITAL DA MULHER PARTEIRA MARIA CORREIA/RN;931528;1305;Serviço;931528-3/2026;SERVIÇOS DE SAÚDE HUMANA;Catálogo do Compras.gov.br;Serviço;931;SERVIÇOS DE SAÚDE HUMANA;;;19020;LABORATÓRIO - ANÁLISE MICROBIOLÓGICA;-;12,0000;66100,0000;793200,0000;0,0000;30/06/2026
HOSPITAL DA MULHER PARTEIRA MARIA CORREIA/RN;931528;1306;Material;931528-2/2026;AQUISIÇÃO DE EQUIPAMENTOS DIVERSOS DE INSTALAÇÕES HIDRÁULICAS, SANITÁRIA E DE CALEFAÇÃO;Catálogo do Compras.gov.br;Material;5340;FERRAGENS DIVERSAS;4944;CHAVEIRO;284067;APLICAÇÃO: IDENTIFICAÇÃO CHAVES, CARACTERÍSTICAS ADICIONAIS: TIPO CAIXA, ETIQUETA INTERNA DE PAPEL, COR: SORTIDA, FORMATO: RETANGULAR, MATERIAL: PLÁSTICO, TAMANHO: 5,8 X 2,60 X 0,5;POTE;14,0000;34,0000;476,0000;0,0000;30/06/2026
HOSPITAL DA MULHER PARTEIRA MARIA CORREIA/RN;931528;1307;Material;931528-2/2026;AQUISIÇÃO DE EQUIPAMENTOS DIVERSOS DE INSTALAÇÕES HIDRÁULICAS, SANITÁRIA E DE CALEFAÇÃO;Catálogo do Compras.gov.br;Material;4540;EQUIPAMENTOS DIVERSOS DE INSTALAÇÕES HIDRÁULICAS, SANITÁRIASE DE CALEFAÇÃO;6090;DESENTUPIDOR PIA;355561;ALTURA: 7, COMPRIMENTO CABO: 10, COR: PRETA, DIÂMETRO: 11, MATERIAL: BORRACHA FLEXÍVEL, MATERIAL CABO: PLÁSTICO;UN;12,0000;18,9000;226,8000;0,0000;30/06/2026
HOSPITAL DA MULHER PARTEIRA MARIA CORREIA/RN;931528;1308;Material;931528-2/2026;AQUISIÇÃO DE EQUIPAMENTOS DIVERSOS DE INSTALAÇÕES HIDRÁULICAS, SANITÁRIA E DE CALEFAÇÃO;Catálogo do Compras.gov.br;Material;3740;EQUIPAMENTO PARA CONTROLE DE PRAGAS, DOENÇAS E GEADAS;13781;PULVERIZADOR PORTÁTIL;436826;APLICAÇÃO: INSETICIDAS, FUNGICIDAS E FERTILIZANTES LÍQUIDOS, CAPACIDADE: 1, CARACTERÍSTICAS ADICIONAIS: MANUAL/COMPRESSÃO PRÉVIA, MATERIAL: PLÁSTICO;UN;5,0000;13,0000;65,0000;0,0000;30/06/2026
HOSPITAL DA MULHER PARTEIRA MARIA CORREIA/RN;931528;1309;Material;931528-2/2026;AQUISIÇÃO DE EQUIPAMENTOS DIVERSOS DE INSTALAÇÕES HIDRÁULICAS, SANITÁRIA E DE CALEFAÇÃO;Catálogo do Compras.gov.br;Material;4510;DISPOSITIVOS E ACESSÓRIOS PARA INSTALAÇÕES HIDRÁULICAS;17358;ASSENTO VASO SANITÁRIO;380696;CARACTERÍSTICAS ADICIONAIS: OVALADO/ALMOFADADO/COMPATÍVEL C/ VASO INCEPA REF., COR: CINZA, MATERIAL: POLIPROPILENO;UN;200,0000;28,0000;5600,0000;0,0000;30/06/2026
HOSPITAL DA MULHER PARTEIRA MARIA CORREIA/RN;931528;1310;Material;931528-2/2026;AQUISIÇÃO DE EQUIPAMENTOS DIVERSOS DE INSTALAÇÕES HIDRÁULICAS, SANITÁRIA E DE CALEFAÇÃO;Catálogo do Compras.gov.br;Material;4020;CABOS DE FIBRA, CORDOALHAS E BARBANTES;7613;FITILHO;463459;CARACTERÍSTICAS ADICIONAIS: LARGURA 10MM, COR: VARIADA, MATERIAL: POLIPROPILENO;RO;6,0000;29,9000;179,4000;0,0000;30/06/2026
HOSPITAL DA MULHER PARTEIRA MARIA CORREIA/RN;931528;1311;Material;931528-1/2026;EQUIPAMENTO PARA SEGURANÇA E SALVAMENTO;Catálogo do Compras.gov.br;Material;4240;EQUIPAMENTO PARA SEGURANÇA E SALVAMENTO;13711;MÁSCARA MULTIUSO;372359;CARACTERÍSTICAS ADICIONAIS: NÃO ESTÉRIL, ATÓXICA, NÃO INFLAMÁVEL, COR: BRANCA, MATERIAL: 100% POLIETILENO, TAMANHO: ÚNICO, TIPO USO: DESCARTÁVEL;CX;300,0000;19,0000;5700,0000;0,0000;30/06/2026
