Unidade Responsável;UASG;Id do item no PCA;Categoria do Item;Identificador da Futura Contratação;Nome da Futura Contratação;Catálogo Utilizado;Classificação do Catálogo;Código da Classificação Superior (Classe/Grupo);Nome da Classificação Superior (Classe/Grupo);Código do PDM do Item;Nome do PDM do Item;Código do Item;Descrição do Item;Unidade de Fornecimento;Quantidade Estimada;Valor Unitário Estimado (R$);Valor Total Estimado (R$);Valor orçamentário estimado para o exercício (R$);Data Desejada
HOSPITAL ESTADUAL TELECILA FREITAS FONTES /RN;932126;185;Material;932126-15/2026;Enxoval hospitalar;Catálogo do Compras.gov.br;Material;7210;UTENSÍLIOS DOMÉSTICOS;19709;COLCHÃO;601942;CARACTERÍSTICAS ADICIONAIS: ANTIALÉRGICO, DENSIDADE: D-23, MATERIAL: ESPUMA POLIURETANO / CONVENCIONAL, TAMANHO ALTURA: 12, TAMANHO LARGURA X COMPRIMENTO: 0,78 X 1,88, TECIDO DE REVESTIMENTO: 100% ALGODÃO, TIPO: ESPUMA;UN;100,0000;226,0000;22600,0000;0,0000;31/12/2026
HOSPITAL ESTADUAL TELECILA FREITAS FONTES /RN;932126;1;Serviço;932126-22/2026;Dosimetria pessoal;Catálogo do Compras.gov.br;Serviço;931;SERVIÇOS DE SAÚDE HUMANA;;;15121;DOSIMETRIA PESSOAL;-;216,0000;22,0000;4752,0000;0,0000;31/12/2026
HOSPITAL ESTADUAL TELECILA FREITAS FONTES /RN;932126;2;Serviço;932126-20/2026;Contratação de serviços - Hemodiálise;Catálogo do Compras.gov.br;Serviço;731;SERVIÇOS DE LEASING OU ALUGUEL VEÍCULOS A MOTOR, FERROVIÁRIOEMBARCAÇÕES, AERONAVES, DE EQUIPAMENTO DE TRANSPORTE, S/OPER;;;22829;LOCAÇÃO / MANUTENÇÃO MÁQUINA HEMODIÁLISE;-;1,0000;1200000,0000;1200000,0000;0,0000;31/12/2026
HOSPITAL ESTADUAL TELECILA FREITAS FONTES /RN;932126;3;Serviço;932126-20/2026;Contratação de serviços - Hemodiálise;Catálogo do Compras.gov.br;Serviço;731;SERVIÇOS DE LEASING OU ALUGUEL VEÍCULOS A MOTOR, FERROVIÁRIOEMBARCAÇÕES, AERONAVES, DE EQUIPAMENTO DE TRANSPORTE, S/OPER;;;20222;LOCAÇÃO EQUIPAMENTO / INSTRUMENTO / PEÇA / COMPONENTE - MÉDICO / ODONTOLÓGICO / OFTALMOLÓGICO;-;7,0000;45000,0000;315000,0000;0,0000;31/12/2026
HOSPITAL ESTADUAL TELECILA FREITAS FONTES /RN;932126;373;Material;932126-11/2026;Materiais descartáveis;Catálogo do Compras.gov.br;Material;8135;MATERIAIS A GRANEL PARA ACONDICIONAMENTO E EMBALAGEM;14831;LACRE SEGURANÇA;246657;APLICAÇÃO: FECHAMENTO DE PORTAS, COMPRIMENTO: 27, COR: BRANCA, MATERIAL: POLIETILENO, TIPO: ESPINHA DE PEIXE;PCT;9,0000;15,0000;135,0000;0,0000;31/12/2026
HOSPITAL ESTADUAL TELECILA FREITAS FONTES /RN;932126;374;Material;932126-11/2026;Materiais descartáveis;Catálogo do Compras.gov.br;Material;8135;MATERIAIS A GRANEL PARA ACONDICIONAMENTO E EMBALAGEM;3324;BARBANTE;420719;COR: CINZA, DIÂMETRO: 1,60, MATERIAL: NÁILON;RO;9,0000;5,6900;51,2100;0,0000;31/12/2026
HOSPITAL ESTADUAL TELECILA FREITAS FONTES /RN;932126;375;Material;932126-11/2026;Materiais descartáveis;Catálogo do Compras.gov.br;Material;8135;MATERIAIS A GRANEL PARA ACONDICIONAMENTO E EMBALAGEM;1389;PAPEL ALUMÍNIO;449374;APLICAÇÃO: USO DOMÉSTICO, APRESENTAÇÃO: ROLO, COMPRIMENTO: 4, LARGURA: 30, MATERIAL: ALUMÍNIO;UN;525,0000;4,8000;2520,0000;0,0000;31/12/2026
HOSPITAL ESTADUAL TELECILA FREITAS FONTES /RN;932126;376;Material;932126-11/2026;Materiais descartáveis;Catálogo do Compras.gov.br;Material;8135;MATERIAIS A GRANEL PARA ACONDICIONAMENTO E EMBALAGEM;1347;PAPEL FILME;421336;COMPRIMENTO: 30, LARGURA: 30, MATERIAL: PVC - CLORETO DE POLIVINILA;UN;525,0000;7,6900;4037,2500;0,0000;31/12/2026
HOSPITAL ESTADUAL TELECILA FREITAS FONTES /RN;932126;377;Material;932126-11/2026;Materiais descartáveis;Catálogo do Compras.gov.br;Material;9930;EQUIPAMENTOS E ARTIGOS MORTUÁRIOS E DE CEMITÉRIO;11906;COBRE CORPO;435432;CARACTERÍSTICAS ADICIONAIS: ZÍPER FRONTAL COM VIÉS E SELAMENTO ELETRÔNICO ETIQ, COMPRIMENTO: 2,20, COR: CINZA, LARGURA: 0,90, MATERIAL: POLIETILENO BAIXA DENSIDADE;UN;240,0000;15,8600;3806,4000;0,0000;31/12/2026
HOSPITAL ESTADUAL TELECILA FREITAS FONTES /RN;932126;378;Material;932126-11/2026;Materiais descartáveis;Catálogo do Compras.gov.br;Material;8145;RECIPIENTES ESPECIALIZADOS PARA TRANSPORTE E ARMAZENAGEM;5798;CONTENTOR;388623;APLICAÇÃO: HORTIFRUTIGRANJEIROS, CAPACIDADE: 50, CARACTERÍSTICAS ADICIONAIS: VAZADO COM ENCAIXES LATERAIS, COR: BRANCA, DIMENSÕES EXTERNAS: 600 X 400 X 400, MATERIAL: POLIETILENO ALTA DENSIDADE;UN;6,0000;47,0000;282,0000;0,0000;31/12/2026
HOSPITAL ESTADUAL TELECILA FREITAS FONTES /RN;932126;379;Material;932126-11/2026;Materiais descartáveis;Catálogo do Compras.gov.br;Material;8145;RECIPIENTES ESPECIALIZADOS PARA TRANSPORTE E ARMAZENAGEM;6502;EMBALAGEM;337382;APLICAÇÃO: ARMAZENAMENTO DE ALIMENTOS, CARACTERÍSTICAS ADICIONAIS: COM TAMPA, REDONDA, Nº 9, MATERIAL: ALUMÍNIO, TIPO: QUENTINHA;CX;360,0000;30,3800;10936,8000;0,0000;31/12/2026
HOSPITAL ESTADUAL TELECILA FREITAS FONTES /RN;932126;380;Material;932126-11/2026;Materiais descartáveis;Catálogo do Compras.gov.br;Material;8105;SACOS E BOLSAS;11902;SACO;309101;APLICAÇÃO: ACONDICIONAMENTO DE ALIMENTOS, CAPACIDADE: 3, MATERIAL: PLÁSTICO TRANSPARENTE;PCT;1500,0000;4,8500;7275,0000;0,0000;31/12/2026
HOSPITAL ESTADUAL TELECILA FREITAS FONTES /RN;932126;381;Material;932126-11/2026;Materiais descartáveis;Catálogo do Compras.gov.br;Material;8105;SACOS E BOLSAS;11902;SACO;307144;ALTURA: 45, APLICAÇÃO: ACONDICIONAMENTO DE ALIMENTOS, CAPACIDADE: 5, LARGURA: 35, MATERIAL: PLÁSTICO TRANSPARENTE;PCT;900,0000;10,1000;9090,0000;0,0000;31/12/2026
HOSPITAL ESTADUAL TELECILA FREITAS FONTES /RN;932126;382;Material;932126-11/2026;Materiais descartáveis;Catálogo do Compras.gov.br;Material;8105;SACOS E BOLSAS;11902;SACO;309099;APLICAÇÃO: ACONDICIONAMENTO DE ALIMENTOS, CAPACIDADE: 1, MATERIAL: PLÁSTICO TRANSPARENTE;PCT;1500,0000;6,0700;9105,0000;0,0000;31/12/2026
HOSPITAL ESTADUAL TELECILA FREITAS FONTES /RN;932126;383;Material;932126-11/2026;Materiais descartáveis;Catálogo do Compras.gov.br;Material;8105;SACOS E BOLSAS;11903;SACO PLÁSTICO LIXO;458145;ALTURA: 110, APLICAÇÃO: COLETA DE LIXO, CAPACIDADE: 200, CARACTERÍSTICAS ADICIONAIS: REFORÇADO, COR: PRETA, ESPESSURA: 12 MICRA, LARGURA: 90, MATERIAL: POLIETILENO;EMB;1050,0000;37,2100;39070,5000;0,0000;31/12/2026
HOSPITAL ESTADUAL TELECILA FREITAS FONTES /RN;932126;384;Material;932126-11/2026;Materiais descartáveis;Catálogo do Compras.gov.br;Material;8105;SACOS E BOLSAS;11903;SACO PLÁSTICO LIXO;376026;CAPACIDADE: 100, CARACTERÍSTICAS ADICIONAIS: COM SIMBOLOGIA DE SUBSTÂNCIA INFECTANTE, COR: BRANCO LEITOSO, MATERIAL: POLIETILENO, NORMAS TÉCNICAS: NBR 7500, NBR 9191;EMB;1050,0000;22,0400;23142,0000;0,0000;31/12/2026
HOSPITAL ESTADUAL TELECILA FREITAS FONTES /RN;932126;385;Material;932126-11/2026;Materiais descartáveis;Catálogo do Compras.gov.br;Material;8105;SACOS E BOLSAS;11903;SACO PLÁSTICO LIXO;372616;CAPACIDADE: 50, COR: PRETA;EMB;1000,0000;11,0400;11040,0000;0,0000;31/12/2026
HOSPITAL ESTADUAL TELECILA FREITAS FONTES /RN;932126;4;Material;932126-19/2026;Aparelhos tecnológicos e meios de comunicação;Catálogo do Compras.gov.br;Material;5895;EQUIPAMENTOS DIVERSOS PARA COMUNICAÇÕES;15345;RÁDIO TRANSCEPTOR;363248;ACESSÓRIOS: MICROFONE EMBUTIDO, CLIP REMOVÍVEL, BATERIA, BASE, ALCANCE: 3, CARACTERÍSTICAS ADICIONAIS: VHF, ELIMINADOR RUÍDO, ALTO FALANTE EMBUTIDO, FREQUÊNCIA OPERAÇÃO: 136 A 174, OPERAÇÃO: TRANSMISSOR E ANTENA INTEGRADOS, 16 CANAIS, POTÊNCIA TRANSMISSÃO: 1 A 5, TIPO: PORTÁTIL, VELOCIDADE MÍNIMA: 54-55;CJ;10,0000;349,7000;3497,0000;0,0000;31/12/2026
HOSPITAL ESTADUAL TELECILA FREITAS FONTES /RN;932126;5;Material;932126-19/2026;Aparelhos tecnológicos e meios de comunicação;Catálogo do Compras.gov.br;Material;5805;EQUIPAMENTO TELEFÔNICO E TELEGRÁFICO;13528;APARELHO TELEFÔNICO CELULAR / ACESSÓRIOS;607430;APLICAÇÃO: APARELHO SMARTPHONE, CARACTERÍSTICAS ADICIONAIS: TERMOPLÁSTICO DE POLIURETANO TPU, TIPO: CAPA;UN;3,0000;1440,0000;4320,0000;0,0000;31/12/2026
HOSPITAL ESTADUAL TELECILA FREITAS FONTES /RN;932126;6;Material;932126-19/2026;Aparelhos tecnológicos e meios de comunicação;Catálogo do Compras.gov.br;Material;5895;EQUIPAMENTOS DIVERSOS PARA COMUNICAÇÕES;15345;RÁDIO TRANSCEPTOR;615082;ACESSÓRIOS: CARREGADOR, FONE DE OUVIDO, MICROFONE EMBUTIDO, ALCANCE: 5, FAIXA FREQÜÊNCIA: 902 A 907, FONTE ALIMENTAÇÃO: BATERIA RECARREGÁVEL, OPERAÇÃO: 48 CANAIS, POTÊNCIA TRANSMISSÃO: 1 A 5, TIPO: PORTÁTIL;CJ;10,0000;116,9900;1169,9000;0,0000;31/12/2026
HOSPITAL ESTADUAL TELECILA FREITAS FONTES /RN;932126;7;Material;932126-19/2026;Aparelhos tecnológicos e meios de comunicação;Catálogo do Compras.gov.br;Material;5965;FONES, MICROFONES E ALTO-FALANTES;9732;MICROFONE;612281;ALCANCE: 200, ALIMENTAÇÃO: BATERIA AA, CARACTERÍSTICAS ADICIONAIS: DISPLAY LCD, DISTORÇÃO HARMÔNICA TOTAL: <0,1%, IMPEDÂNCIA: 50, PADRÃO: CARDIÓIDE, REFERÊNCIA FABRICANTE: ULXD2/SM58, RESPOSTA FREQÜÊNCIA: 30 HZ A 20, SENSIBILIDADE: ? 98, TIPO: DE MÃO SEM FIO;UN;3,0000;504,9000;1514,7000;0,0000;31/12/2026
HOSPITAL ESTADUAL TELECILA FREITAS FONTES /RN;932126;8;Material;932126-19/2026;Aparelhos tecnológicos e meios de comunicação;Catálogo do Compras.gov.br;Material;5965;FONES, MICROFONES E ALTO-FALANTES;9732;MICROFONE;480211;ACESSÓRIOS: CABO DE NO MÍNIMO 1,5M, APLICAÇÃO: VIDEOCONFERÊNCIA, CARACTERÍSTICAS ADICIONAIS: CONECTOR USB, PLUG AND PLAY, PADRÃO: OMNIDIRECIONAL, RESPOSTA FREQÜÊNCIA: 60 HZ - 17, TIPO: DE MESA;UN;3,0000;195,8200;587,4600;0,0000;31/12/2026
HOSPITAL ESTADUAL TELECILA FREITAS FONTES /RN;932126;9;Material;932126-19/2026;Aparelhos tecnológicos e meios de comunicação;Catálogo do Compras.gov.br;Material;6350;SISTEMAS DIVERSOS DE SINALIZAÇÃO, ALARME E DETECÇÃO PARA  SEGURANÇA;15041;CÂMERA VÍDEO DE SEGURANÇA;624599;COR: BRANCA, PADRÃO: IP BULLET, RESOLUÇÃO HORIZONTAL: 1280, RESOLUÇÃO VERTICAL: 720, TIPO SENSOR: CMOS 1/4", VOLTAGEM: 110/220;UN;30,0000;105,7700;3173,1000;0,0000;31/12/2026
HOSPITAL ESTADUAL TELECILA FREITAS FONTES /RN;932126;10;Material;932126-19/2026;Aparelhos tecnológicos e meios de comunicação;Catálogo do Compras.gov.br;Material;6730;EQUIPAMENTO PARA PROJEÇÃO FOTOGRÁFICA;915;TELA PROJEÇÃO;617350;ALTURA: 150, COR: BRANCA, LARGURA: 2,70, MATERIAL: VINIL, MATERIAL ESTRUTURA: AÇO, TAMANHO TELA: 120, TIPO ACABAMENTO: PINTURA ELETROSTÁTICA, TIPO AJUSTE TELA: ACIONAMENTO RETRÁTIL E FUNCIONAMENTO ROLO, TIPO TELA: RETRÁTIL;UN;5,0000;1865,0000;9325,0000;0,0000;31/12/2026
HOSPITAL ESTADUAL TELECILA FREITAS FONTES /RN;932126;11;Material;932126-19/2026;Aparelhos tecnológicos e meios de comunicação;Catálogo do Compras.gov.br;Material;7030;EQUIPAMENTOS DE ARMAZENAMENTO DE DADOS;17653;DISCO RÍGIDO REMOVÍVEL;442107;APLICAÇÃO: COMPUTADOR, CAPACIDADE MEMÓRIA: 240, CARACTERÍSTICAS ADICIONAIS: 2,5 POLEGADAS, COMPATIBILIDADE: SATA 2, INTERFACE: SATA 3.0, VELOCIDADE TRANSFERÊNCIA: 450;UN;5,0000;269,0000;1345,0000;0,0000;31/12/2026
HOSPITAL ESTADUAL TELECILA FREITAS FONTES /RN;932126;12;Material;932126-19/2026;Aparelhos tecnológicos e meios de comunicação;Catálogo do Compras.gov.br;Material;7030;EQUIPAMENTOS DE ARMAZENAMENTO DE DADOS;17653;DISCO RÍGIDO REMOVÍVEL;624409;APLICAÇÃO: ARMAZENAMENTO DE DADOS, CAPACIDADE MEMÓRIA: 480, CARACTERÍSTICAS ADICIONAIS: INTERNO, COMPATIBILIDADE: PC/DESKTOP, INTERFACE: SSD M2, VELOCIDADE TRANSFERÊNCIA: 520;UN;5,0000;356,2500;1781,2500;0,0000;31/12/2026
HOSPITAL ESTADUAL TELECILA FREITAS FONTES /RN;932126;13;Material;932126-19/2026;Aparelhos tecnológicos e meios de comunicação;Catálogo do Compras.gov.br;Material;7010;COMPUTADORES;19246;TABLET;620677;ARMAZENAMENTO EXTERNO: SEM ARMAZENAMENTO EXTERNO, ARMAZENAMENTO INTERNO: SUPERIOR A 32, CONECTIVIDADE: WI-FI / 5G / BLUETOOTH, CÂMERA FRONTAL: SUPERIOR A 8, CÂMERA TRASEIRA: 8,1 A 13, MEMÓRIA RAM: MÍNIMO 8, PROCESSADOR: OCTA CORE OU SUPERIOR, SISTEMA OPERACIONAL: OPEN SOURCE, TELA: SUPERIOR A 10;UN;5,0000;1299,0000;6495,0000;0,0000;31/12/2026
HOSPITAL ESTADUAL TELECILA FREITAS FONTES /RN;932126;14;Material;932126-19/2026;Aparelhos tecnológicos e meios de comunicação;Catálogo do Compras.gov.br;Material;7010;COMPUTADORES;8435;NOTEBOOK;626072;ALIMENTAÇÃO: BIVOLT AUTOMÁTICA, ARMAZENAMENTO HDD: 3, ARMAZENAMENTO SSD: SUPERIOR A 500, BATERIA: ATÉ 4 CÉLULAS, GARANTIA ON SITE: 12, INTERATIVIDADE DA TELA: SEM INTERATIVIDADE, MEMÓRIA RAM: SUPERIOR A 8, NÚCLEOS POR PROCESSADOR: SUPERIOR A 8, SISTEMA OPERACIONAL: PROPRIETÁRIO, TELA: SUPERIOR A 14;UN;5,0000;2914,6700;14573,3500;0,0000;31/12/2026
HOSPITAL ESTADUAL TELECILA FREITAS FONTES /RN;932126;15;Material;932126-19/2026;Aparelhos tecnológicos e meios de comunicação;Catálogo do Compras.gov.br;Material;6730;EQUIPAMENTO PARA PROJEÇÃO FOTOGRÁFICA;907;PROJETOR MULTIMÍDIA;457776;CAPACIDADE PROJEÇÃO COR: 16 MILHÕES, LUMINOSIDADE MÍNIMA: 800, QUANTIDADE ENTRADA RGB: 1 S-VÍDEO/1RCA, QUANTIDADE ENTRADAS VÍDEO: MÍNIMO 2, RESOLUÇÃO: NATIVA 1920X1200, TIPO: PORTÁTIL, TIPO CONTROLE: MANUAL E REMOTO, TIPO LÂMPADA: HALÓGENA, TIPO PROJEÇÃO: FRONTAL, TIPO ZOOM: CONTROLE REMOTO, VOLTAGEM: 110/220;UN;3,0000;3599,1000;10797,3000;0,0000;31/12/2026
HOSPITAL ESTADUAL TELECILA FREITAS FONTES /RN;932126;16;Material;932126-19/2026;Aparelhos tecnológicos e meios de comunicação;Catálogo do Compras.gov.br;Material;7010;COMPUTADORES;8435;NOTEBOOK;617766;ALIMENTAÇÃO: BIVOLT AUTOMÁTICA, ARMAZENAMENTO HDD: 480 A 1.000, ARMAZENAMENTO SSD: MINIMO DE 1 TB, BATERIA: DEFINIDO PELO FABRICANTE, GARANTIA ON SITE: 36, INTERATIVIDADE DA TELA: SEM INTERATIVIDADE, MEMÓRIA RAM: SUPERIOR A 8, NÚCLEOS POR PROCESSADOR: 4 A 8, SISTEMA OPERACIONAL: PROPRIETÁRIO, TELA: SUPERIOR A 14;UN;5,0000;4277,0700;21385,3500;0,0000;31/12/2026
HOSPITAL ESTADUAL TELECILA FREITAS FONTES /RN;932126;17;Material;932126-19/2026;Aparelhos tecnológicos e meios de comunicação;Catálogo do Compras.gov.br;Material;7010;COMPUTADORES;6661;MICROCOMPUTADOR;622948;ARMAZENAMENTO HDD: SEM DISCO HDD, ARMAZENAMENTO SSD: SUPERIOR A 500, COMPONENTES ADICIONAIS: COM TECLADO E MOUSE, GABINETE: TORRE, GARANTIA ON SITE: 36, MEMÓRIA RAM: SUPERIOR A 8, MONITOR: 21 A 29, NÚCLEOS POR PROCESSADOR: SUPERIOR A 8, SISTEMA OPERACIONAL: PROPRIETÁRIO;UN;10,0000;1072,4400;10724,4000;0,0000;31/12/2026
HOSPITAL ESTADUAL TELECILA FREITAS FONTES /RN;932126;18;Material;932126-19/2026;Aparelhos tecnológicos e meios de comunicação;Catálogo do Compras.gov.br;Material;7060;PEÇAS E ACESSÓRIOS PARA COMPUTADORES;14829;MEMÓRIA PORTÁTIL MICROCOMPUTADOR;433900;CAPACIDADE MEMÓRIA: 512, CARACTERÍSTICAS ADICIONAIS: ADAPTADOR USB RETRÁTIL, INTERFACE: USB 2.0, TIPO: PEN DRIVE;UN;5,0000;332,5600;1662,8000;0,0000;31/12/2026
HOSPITAL ESTADUAL TELECILA FREITAS FONTES /RN;932126;19;Material;932126-19/2026;Aparelhos tecnológicos e meios de comunicação;Catálogo do Compras.gov.br;Material;7060;PEÇAS E ACESSÓRIOS PARA COMPUTADORES;15410;ADAPTADOR CONECTOR;620713;APLICAÇÃO: NOTEBOOK A MONITOR, CARACTERÍSTICAS ADICIONAIS: CABO MIN. 1,8 M, TIPO CONECTORES: HDMI MACHO DISPLAYPORT MACHO;UN;3,0000;37,2600;111,7800;0,0000;31/12/2026
HOSPITAL ESTADUAL TELECILA FREITAS FONTES /RN;932126;20;Material;932126-19/2026;Aparelhos tecnológicos e meios de comunicação;Catálogo do Compras.gov.br;Material;7060;PEÇAS E ACESSÓRIOS PARA COMPUTADORES;13993;COMPARTILHADOR CPU;229718;ALTURA: 180, CARACTERÍSTICAS ADICIONAIS: LEDS INDICADORES/SELEÇÃO MANUAL 1/ENTRADA 1, COMPRIMENTO: 254, PROFUNDIDADE: 82, QUANTIDADE PORTAS: 6, RESOLUÇÃO: 1.025 X 768, TEMPO VARREDURA: 5/10/20/40, TIPO: PARA MONITOR, FUNÇÕES COMPARTILHADAS: TECLADO/MOUSE E MONITOR;UN;20,0000;696,5200;13930,4000;0,0000;31/12/2026
HOSPITAL ESTADUAL TELECILA FREITAS FONTES /RN;932126;21;Material;932126-19/2026;Aparelhos tecnológicos e meios de comunicação;Catálogo do Compras.gov.br;Material;7060;PEÇAS E ACESSÓRIOS PARA COMPUTADORES;14360;CÂMARA DE VÍDEO;478208;CARACTERÍSTICAS ADICIONAIS: MICROFONES OMNIDIRECIONAIS INTEGRADOS, FORMATO: H.264 COM SVC E UVC 1.5, INTERFACE: USB, BLUETOOTH, NFC, RESOLUÇÃO: 1920 X 1080, TENSÃO ALIMENTAÇÃO: 110/220, TIPO: DIGITAL, TIPO ZOOM: DIGITAL 4X;UN;10,0000;43,2900;432,9000;0,0000;31/12/2026
HOSPITAL ESTADUAL TELECILA FREITAS FONTES /RN;932126;22;Material;932126-19/2026;Aparelhos tecnológicos e meios de comunicação;Catálogo do Compras.gov.br;Material;7060;PEÇAS E ACESSÓRIOS PARA COMPUTADORES;6669;MONITOR COMPUTADOR;625673;AJUSTE: AJUSTE DE ROTAÇÃO, ALTURA E INCLINAÇÃO DO DISPLAY, ALIMENTAÇÃO: BIVOLT, FORMATO TELA: WIDESCREEN, GARANTIA ON SITE: 12, INTERATIVIDADE DA TELA: SEM INTERATIVIDADE, QUALIDADE DE IMAGEM: FULL HD, TAMANHO TELA: 23 A 30, TIPO DE TELA: LED;UN;15,0000;756,0000;11340,0000;0,0000;31/12/2026
HOSPITAL ESTADUAL TELECILA FREITAS FONTES /RN;932126;23;Material;932126-19/2026;Aparelhos tecnológicos e meios de comunicação;Catálogo do Compras.gov.br;Material;7090;SUPRIMENTOS DE INFORMÁTICA - TIC;15597;CARTUCHO TONER;617837;COR: PRETO, REFERÊNCIA CARTUCHO: TL-5120X, REFERÊNCIA IMPRESSORA: PANTUM BM5100FDW, TIPO CARTUCHO: ORIGINAL;UN;20,0000;248,2600;4965,2000;0,0000;31/12/2026
HOSPITAL ESTADUAL TELECILA FREITAS FONTES /RN;932126;24;Material;932126-19/2026;Aparelhos tecnológicos e meios de comunicação;Catálogo do Compras.gov.br;Material;7050;EQUIPAMENTOS DE REDE DE TIC - LOCAL E REMOTA;5522;SWITCH;618775;ALIMENTAÇÃO: 110/220, CARACTERÍSTICAS ADICIONAIS: 50 CM DE CABO DE EMPILHAMENTO, QUANTIDADE PORTAS: 48, TIPO: SWITCH GERENCIÁVEL, TIPO PORTAS: GIGABIT ETHERNET, VELOCIDADE PORTA: 1000 MBPS;UN;3,0000;3832,9000;11498,7000;0,0000;31/12/2026
HOSPITAL ESTADUAL TELECILA FREITAS FONTES /RN;932126;25;Material;932126-19/2026;Aparelhos tecnológicos e meios de comunicação;Catálogo do Compras.gov.br;Material;7050;EQUIPAMENTOS DE REDE DE TIC - LOCAL E REMOTA;208;CABO REDE COMPUTADOR;626126;CARACTERÍSTICAS ADICIONAIS: TRANSPARENTE NÃO PROPAGANTE A CHAMA UL 94V-0, CATEGORIA: 6, COMPRIMENTO: 1,5, COR: AZUL, MATERIAL CONDUTOR: COBRE ELETROLÍTICO, MATERIAL REVESTIMENTO: TERMOPLÁSTICO DE ALTA QUALIDADE, TIPO CABO: U/UTP;CX;2,0000;1139,9000;2279,8000;0,0000;31/12/2026
HOSPITAL ESTADUAL TELECILA FREITAS FONTES /RN;932126;26;Material;932126-19/2026;Aparelhos tecnológicos e meios de comunicação;Catálogo do Compras.gov.br;Material;7060;PEÇAS E ACESSÓRIOS PARA COMPUTADORES;14829;MEMÓRIA PORTÁTIL MICROCOMPUTADOR;612258;APLICAÇÃO: ARMAZENAMENTO DE DADOS, CAPACIDADE MEMÓRIA: 32, CARACTERÍSTICAS ADICIONAIS: MATERIAL PLÁSTICO COM TAMPA PROTETORA DO PLUGUE, COMPATIBILIDADE SISTEMAS: WINDOWS, MACOS, LINUX E CHROME OS, INTERFACE: USB 3.2, TIPO: PEN DRIVE, VELOCIDADE GRAVAÇÃO: 4.8;UN;10,0000;35,0000;350,0000;0,0000;31/12/2026
HOSPITAL ESTADUAL TELECILA FREITAS FONTES /RN;932126;27;Material;932126-19/2026;Aparelhos tecnológicos e meios de comunicação;Catálogo do Compras.gov.br;Material;7060;PEÇAS E ACESSÓRIOS PARA COMPUTADORES;5409;MOUSE COMPUTADOR;462261;CONECTIVIDADE: COM FIO, SENSOR: COM ESFERA, TAMANHO: PADRÃO, TIPO CONECTOR: USB;UN;50,0000;35,9100;1795,5000;0,0000;31/12/2026
HOSPITAL ESTADUAL TELECILA FREITAS FONTES /RN;932126;28;Material;932126-19/2026;Aparelhos tecnológicos e meios de comunicação;Catálogo do Compras.gov.br;Material;7060;PEÇAS E ACESSÓRIOS PARA COMPUTADORES;14249;CAIXA SOM;601775;APLICAÇÃO: SALA DE AULA, CARACTERÍSTICAS ADICIONAIS: BATERIA INTERNA DE 4500 MAH - BLUETOOTH4.4.0 - DIS, COMPONENTES ADICIONAIS: 02 X USB, 02 X MICROFONE E 01 X AUX IN., POTÊNCIA: 250, VOLTAGEM: BIVOLT;UN;2,0000;386,9100;773,8200;0,0000;31/12/2026
HOSPITAL ESTADUAL TELECILA FREITAS FONTES /RN;932126;29;Material;932126-19/2026;Aparelhos tecnológicos e meios de comunicação;Catálogo do Compras.gov.br;Material;7060;PEÇAS E ACESSÓRIOS PARA COMPUTADORES;13510;TECLADO MICROCOMPUTADOR;460248;CONECTIVIDADE: COM FIO, TIPO: AMPLIADO, TIPO CONECTOR: USB;UN;50,0000;39,9000;1995,0000;0,0000;31/12/2026
HOSPITAL ESTADUAL TELECILA FREITAS FONTES /RN;932126;30;Material;932126-19/2026;Aparelhos tecnológicos e meios de comunicação;Catálogo do Compras.gov.br;Material;7050;EQUIPAMENTOS DE REDE DE TIC - LOCAL E REMOTA;5522;SWITCH;625972;QUANTIDADE PORTAS: 24, TIPO: SWITCH SAN, TIPO PORTAS: 16 PORTAS INTERNAS E 8 PORTAS EXTERNAS TIPO SFP, VELOCIDADE PORTA: 2/4/8/16 GBPS;UN;5,0000;3695,1200;18475,6000;0,0000;31/12/2026
HOSPITAL ESTADUAL TELECILA FREITAS FONTES /RN;932126;31;Material;932126-19/2026;Aparelhos tecnológicos e meios de comunicação;Catálogo do Compras.gov.br;Material;7050;EQUIPAMENTOS DE REDE DE TIC - LOCAL E REMOTA;14081;MODEM ROTEADOR;622301;APLICAÇÃO: TERMINAL REMOTO, FONTE ALIMENTAÇÃO: EXTERNA, FREQUÊNCIA SINAL: 1,46 GHZ, TENSÃO ENTRADA: 110/220, TIPO INTERFACE: WAN/LAN, TIPO PORTAS: 10 PORTAS 10/100/1000 MBPS (AUTO MDI/X);UN;15,0000;58,7500;881,2500;0,0000;31/12/2026
HOSPITAL ESTADUAL TELECILA FREITAS FONTES /RN;932126;32;Material;932126-19/2026;Aparelhos tecnológicos e meios de comunicação;Catálogo do Compras.gov.br;Material;7060;PEÇAS E ACESSÓRIOS PARA COMPUTADORES;14148;PLACA MÃE;447844;APLICAÇÃO: MICROCOMPUTADOR, BARRAMENTO: 1600, COMPONENTES: LGA1150, 4DIMM DDR3, 1XP CIE (X16), 3XPCIE (X1), FONTE ALIMENTAÇÃO: 240W ATX, FREQUÊNCIA: 1600, MEMÓRIA EXPANSÃO: 32, PADRÃO: ATX, SLOTS: 3 DIMM DDR3, 1 PCIE (16X), 1 PCIE (1X), TIPO CONECTORES: CPU FAN/CHASSIS FAN/FRONTPANEL/SATA/AUDIO FRONTAL/, TIPO PORTAS: 10 USB, PS/2, VGA, DISPLAY PORT;UN;5,0000;309,9900;1549,9500;0,0000;31/12/2026
HOSPITAL ESTADUAL TELECILA FREITAS FONTES /RN;932126;33;Material;932126-19/2026;Aparelhos tecnológicos e meios de comunicação;Catálogo do Compras.gov.br;Material;7040;EQUIPAMENTOS DE ENTRADA DE DADOS;13836;EQUIPAMENTO VIDEOCONFERÊNCIA;615859;CAPACIDADE ZOOM: 15, COMPONENTES: CAMERA, HUB DE MESA/TELA, CONTROLE REMOTO, MICROFO, FUNÇÃO: CÂMERA COM FOCO AUTOMÁTICO, RESOLUÇÃO IMAGEM: 30 FPS, RESOLUÇÃO VÍDEO: FULL HD 1080P, TENSÃO OPERAÇÃO: 110/220, TIPO ÁUDIO: MODULAR;UN;3,0000;2199,0000;6597,0000;0,0000;31/12/2026
HOSPITAL ESTADUAL TELECILA FREITAS FONTES /RN;932126;34;Material;932126-19/2026;Aparelhos tecnológicos e meios de comunicação;Catálogo do Compras.gov.br;Material;7050;EQUIPAMENTOS DE REDE DE TIC - LOCAL E REMOTA;5522;SWITCH;623745;ALIMENTAÇÃO: BIVOLT, APLICAÇÃO: TRANSMISSÃO DE ÁUDIO E VÍDEO, CARACTERÍSTICAS ADICIONAIS: ENTRADAS SDI E ENTRADA ANALÓGICA, QUANTIDADE PORTAS: 8, TIPO: PADRÃO RACK 19", TIPO PORTAS: BNC, PADRÕES SMPTE 292M, SMPTE 296M, SMPTE 424M;UN;3,0000;1842,3500;5527,0500;0,0000;31/12/2026
HOSPITAL ESTADUAL TELECILA FREITAS FONTES /RN;932126;35;Material;932126-19/2026;Aparelhos tecnológicos e meios de comunicação;Catálogo do Compras.gov.br;Material;7730;FONÓGRAFOS, RÁDIOS E TELEVISORES DE TIPO DOMÉSTICO;12609;TELEVISOR;601702;ACESSÓRIOS: CONTROLE REMOTO, CARACTERÍSTICAS ADICIONAIS: ENTRADAS HDMI, USB, BLUETOOTH, WIFI, TAMANHO TELA: 55, TIPO TELA: LED, VOLTAGEM: BIVOLT;UN;5,0000;2699,0000;13495,0000;0,0000;31/12/2026
HOSPITAL ESTADUAL TELECILA FREITAS FONTES /RN;932126;120;Material;932126-17/2026;Insumos laboratoriais;Catálogo do Compras.gov.br;Material;6550;SUBSTÂNCIAS PARA DIAGNÓSTICO "IN VITRO",  REAGENTES,  CONJUNTOS E JOGOS PARA TESTE;13893;CORANTE;331360;ASPECTO FÍSICO: PÓ, TIPO: EOSINA AZUL DE METILENO SEGUNDO LEISHMANN;L;8,0000;50,5000;404,0000;0,0000;31/12/2026
HOSPITAL ESTADUAL TELECILA FREITAS FONTES /RN;932126;36;Material;932126-19/2026;Aparelhos tecnológicos e meios de comunicação;Catálogo do Compras.gov.br;Material;7730;FONÓGRAFOS, RÁDIOS E TELEVISORES DE TIPO DOMÉSTICO;12609;TELEVISOR;607237;ACESSÓRIOS: CONTROLE REMOTO, CARACTERÍSTICAS ADICIONAIS: 4K, 2 HDMI, 2 USB, BLUETOOTH, TAMANHO TELA: 32, TIPO TELA: QLED, VOLTAGEM: BIVOLT;UN;5,0000;1139,0600;5695,3000;0,0000;31/12/2026
HOSPITAL ESTADUAL TELECILA FREITAS FONTES /RN;932126;37;Material;932126-19/2026;Aparelhos tecnológicos e meios de comunicação;Catálogo do Compras.gov.br;Serviço;181;SERVICOS DE ARRENDAMENTO MERCANTIL, FINANCEIRO E OPERACIONAL;;;27618;ALUGUEL DE IMPRESSORA / MULTIFUNCIONAL / PLOTTER /SCANNER;-;1,0000;289,0000;289,0000;0,0000;31/12/2026
HOSPITAL ESTADUAL TELECILA FREITAS FONTES /RN;932126;38;Material;932126-19/2026;Aparelhos tecnológicos e meios de comunicação;Catálogo do Compras.gov.br;Serviço;182;SERVIÇOS DE  LICENCIAMENTO E  CONTRATOS DE TRANSFERÊNCIA DE TECNOLOGIA;;;27472;LICENCIAMENTO DE DIREITOS  PERMANENTES DE USO DE OUTROS SOFTWARES / PROGRAMAS DE COMPUTADOR;-;1,0000;0,0001;0,0001;0,0000;31/12/2026
HOSPITAL ESTADUAL TELECILA FREITAS FONTES /RN;932126;39;Material;932126-19/2026;Aparelhos tecnológicos e meios de comunicação;Catálogo do Compras.gov.br;Material;5835;EQUIPAMENTOS PARA GRAVAÇÃO E REPRODUÇÃO DE SOM;1280;AMPLIFICADOR SOM;391297;CARACTERÍSTICAS ADICIONAIS: CLASSE AMPLIFICADOR AB, FAIXA FREQÜÊNCIA: ZX 600, 5 HZ A 120 KHZ, POTÊNCIA CANAL: 600, QUANTIDADE CANAIS: 2, TENSÃO TRABALHO: 110/220;UN;2,0000;459,0000;918,0000;0,0000;31/12/2026
HOSPITAL ESTADUAL TELECILA FREITAS FONTES /RN;932126;40;Material;932126-19/2026;Aparelhos tecnológicos e meios de comunicação;Catálogo do Compras.gov.br;Material;6720;CÂMARAS FOTOGRÁFICAS;993;MÁQUINA FOTOGRÁFICA;606422;ABERTURA FOCO LENTE: 18 A 55, CARACTERÍSTICAS ADICIONAIS: FLASH EMBUTIDO, FORMATO FOTO: NORMAL E PANORÂMICO, RESOLUÇÃO: 23 MEGAPIXELS, RESOLUÇÃO IMAGEM: 2.560 X 1.920 PIXELS, TAMANHO VISOR: GRANDE, TIPO: DIGITAL, TIPO FOCO: AUTOMÁTICO E MANUAL, TIPO LENTE OBJETIVA: FOCO VARIÁVEL, TIPO VISOR: LCD, TIPO ZOOM: OPTICO 65X E DIGITAL 130X;UN;1,0000;5950,0000;5950,0000;0,0000;31/12/2026
HOSPITAL ESTADUAL TELECILA FREITAS FONTES /RN;932126;41;Material;932126-19/2026;Aparelhos tecnológicos e meios de comunicação;Catálogo do Compras.gov.br;Material;5836;EQUIPAMENTOS PARA GRAVAÇÃO E REPRODUÇÃO DE VÍDEO;14650;CÂMERA VIDEOCONFERÊNCIA;480444;CARACTERÍSTICAS ADICIONAIS: WEBCAM, MICROFONE DUPLO UNIDIRECIONAL, RESOLUÇÃO: 1080, TIPO LENTE: FOCO AUTOMÁTICO, VELOCIDADE TRANSMISSÃO VÍDEO: 30;UN;5,0000;436,9100;2184,5500;0,0000;31/12/2026
HOSPITAL ESTADUAL TELECILA FREITAS FONTES /RN;932126;42;Material;932126-18/2026;Equipamentos e mobiliários corporativo;Catálogo do Compras.gov.br;Material;7110;MOBILIÁRIO PARA ESCRITÓRIO;226;IMPRESSORA MULTIFUNCIONAL;481187;CAPACIDADE MÍNIMA BANDEJA: 250, RESOLUÇÃO IMPRESSÃO: 4800 X 1200, TENSÃO ALIMENTAÇÃO: 110/220, TIPO IMPRESSÃO: JATO TINTA, TIPO PAPEL: A4, CARTA, VELOCIDADE IMPRESSÃO COLORIDA: 20, VELOCIDADE IMPRESSÃO PRETO E BRANCO: 33;UN;10,0000;1156,6800;11566,8000;0,0000;31/12/2026
HOSPITAL ESTADUAL TELECILA FREITAS FONTES /RN;932126;43;Material;932126-18/2026;Equipamentos e mobiliários corporativo;Catálogo do Compras.gov.br;Material;7105;MOBILIÁRIO DOMÉSTICO;15339;CADEIRA REFEITÓRIO;621538;ACABAMENTO SUPERFICIAL: EM VERNIZ P.U, NATURAL, ALTURA: 84, CARACTERÍSTICAS ADICIONAIS: SUPORTA 150 KG DE PESO, COMPRIMENTO: 47, ESTRUTURA: MADEIRA, LARGURA: 45, MATERIAL: MADEIRA, MATERIAL ASSENTO: MADEIRA;UN;20,0000;180,0000;3600,0000;0,0000;31/12/2026
HOSPITAL ESTADUAL TELECILA FREITAS FONTES /RN;932126;44;Material;932126-18/2026;Equipamentos e mobiliários corporativo;Catálogo do Compras.gov.br;Material;7195;MOBILIÁRIOS DIVERSOS E ACESSÓRIOS;13726;MESA APOIO;607921;ALTURA: 0,60, LARGURA: 0,45, MATERIAL ESTRUTURA: AÇO INOX POLIDO TUBULAR, MATERIAL TAMPO: MADEIRA MDF, PROFUNDIDADE: 0,40, REVESTIMENTO TAMPO: LAMINADO CINAMOMO, TIPO: DE CANTO;UN;10,0000;92,1200;921,2000;0,0000;31/12/2026
HOSPITAL ESTADUAL TELECILA FREITAS FONTES /RN;932126;45;Material;932126-18/2026;Equipamentos e mobiliários corporativo;Catálogo do Compras.gov.br;Material;7105;MOBILIÁRIO DOMÉSTICO;12395;SUPORTE DE VIDEOCASSETE / TELEVISAO;301471;ACABAMENTO SUPERFICIAL: NATURAL, MATERIAL: ALUMÍNIO, TAMANHO: PARA TV DE 29" A 34" E VÍDEO/DVD, TIPO: TETO;UN;10,0000;154,1000;1541,0000;0,0000;31/12/2026
HOSPITAL ESTADUAL TELECILA FREITAS FONTES /RN;932126;46;Material;932126-18/2026;Equipamentos e mobiliários corporativo;Catálogo do Compras.gov.br;Material;7105;MOBILIÁRIO DOMÉSTICO;12177;SOFÁ;616029;ALTURA: 820, CARACTERÍSTICAS ADICIONAIS: COM BRAÇOS ESTOFADO ESPUMA D-23, COR: PRETA, LARGURA: 2210, MATERIAL ESTOFAMENTO: ESPUMA D-23, MATERIAL ESTRUTURA: MADEIRA MACIÇA, PROFUNDIDADE: 900, QUANTIDADE ASSENTOS: 3, REVESTIMENTO: COURO NATURAL;UN;3,0000;4733,9100;14201,7300;0,0000;31/12/2026
HOSPITAL ESTADUAL TELECILA FREITAS FONTES /RN;932126;47;Material;932126-18/2026;Equipamentos e mobiliários corporativo;Catálogo do Compras.gov.br;Material;7105;MOBILIÁRIO DOMÉSTICO;316;CAMA CONJUGADA;450257;ACABAMENTO SUPERFICIAL: PINTURA ELETROSTÁTICA, ALTURA: 180, CARACTERÍSTICAS ADICIONAIS: COM ESCADA LATERAL, COMPRIMENTO: 196, LARGURA: 86, MATERIAL: AÇO, QUANTIDADE LEITOS: 2;UN;10,0000;1123,0000;11230,0000;0,0000;31/12/2026
HOSPITAL ESTADUAL TELECILA FREITAS FONTES /RN;932126;48;Material;932126-18/2026;Equipamentos e mobiliários corporativo;Catálogo do Compras.gov.br;Material;7105;MOBILIÁRIO DOMÉSTICO;323;ARMÁRIO COPA/COZINHA;464315;ACABAMENTO SUPERFICIAL: PINTADO, ALTURA: 1,80, LARGURA: 0,90, MATERIAL: MADEIRA DE DEMOLIÇÃO, PROFUNDIDADE: 0,40, QUANTIDADE PRATELEIRAS: 3, TIPO: LOUCEIRO;UN;3,0000;1250,0000;3750,0000;0,0000;31/12/2026
HOSPITAL ESTADUAL TELECILA FREITAS FONTES /RN;932126;49;Material;932126-18/2026;Equipamentos e mobiliários corporativo;Catálogo do Compras.gov.br;Material;7105;MOBILIÁRIO DOMÉSTICO;9607;MESA CABECEIRA;444996;ALTURA: 0,50, CARACTERÍSTICAS ADICIONAIS: ACABAMENTO TEXTURIZADO, LARGURA: 0,39, MATERIAL: MDF, PROFUNDIDADE: 0,30, QUANTIDADE GAVETAS: 3;UN;10,0000;269,0200;2690,2000;0,0000;31/12/2026
HOSPITAL ESTADUAL TELECILA FREITAS FONTES /RN;932126;50;Material;932126-18/2026;Equipamentos e mobiliários corporativo;Catálogo do Compras.gov.br;Material;7195;MOBILIÁRIOS DIVERSOS E ACESSÓRIOS;324;BALCÃO ATENDIMENTO;486040;ALTURA: 130, CARACTERÍSTICAS ADICIONAIS: COM REGULADORES NAS BASES, COMPRIMENTO: 100, COR ESTRUTURA: BRANCA, LARGURA: 124, MATERIAL CORPO: MADEIRA MDF, MATERIAL ESTRUTURA: MADEIRA MDF;UN;10,0000;1060,0000;10600,0000;0,0000;31/12/2026
HOSPITAL ESTADUAL TELECILA FREITAS FONTES /RN;932126;51;Material;932126-18/2026;Equipamentos e mobiliários corporativo;Catálogo do Compras.gov.br;Material;7195;MOBILIÁRIOS DIVERSOS E ACESSÓRIOS;9606;MÓVEL MULTIUSO;608309;ALTURA: 1.600, APLICAÇÃO: ARMAZENAMENTO ITENS DIVERSOS, CARACTERÍSTICAS ADICIONAIS: GAVETEIRO GIRATÓRIO E PORTA BASCULANTE, COR: CINZA CRISTAL, LARGURA: 1.260, MATERIAL: MDF (15MM), PROFUNDIDADE: 1.200;UN;20,0000;122,9800;2459,6000;0,0000;31/12/2026
HOSPITAL ESTADUAL TELECILA FREITAS FONTES /RN;932126;52;Material;932126-18/2026;Equipamentos e mobiliários corporativo;Catálogo do Compras.gov.br;Material;7110;MOBILIÁRIO PARA ESCRITÓRIO;313;CADEIRA ESCRITÓRIO;617703;APOIO BRAÇO: COM BRAÇOS, CARACTERÍSTICAS ADICIONAIS: SAPATAS NIVELADORAS, MATERIAL ENCOSTO: ESPUMA POLIURETANO INJETADO, MATERIAL ESTRUTURA: AÇO, MATERIAL REVESTIMENTO ASSENTO E ENCOSTO: COURO ECOLÓGICO, QUANTIDADE PÉS: 5, TIPO BASE: GIRATÓRIA, TIPO ENCOSTO: ALTO, TIPO SISTEMA REGULAGEM VERTICAL: A GÁS;UN;20,0000;400,0000;8000,0000;0,0000;31/12/2026
HOSPITAL ESTADUAL TELECILA FREITAS FONTES /RN;932126;121;Material;932126-17/2026;Insumos laboratoriais;Catálogo do Compras.gov.br;Material;6550;SUBSTÂNCIAS PARA DIAGNÓSTICO "IN VITRO",  REAGENTES,  CONJUNTOS E JOGOS PARA TESTE;13893;CORANTE;399068;ASPECTO FÍSICO*: LÍQUIDO, TIPO*: CORANTE DE GIEMSA;L;10,0000;42,0000;420,0000;0,0000;31/12/2026
HOSPITAL ESTADUAL TELECILA FREITAS FONTES /RN;932126;53;Material;932126-18/2026;Equipamentos e mobiliários corporativo;Catálogo do Compras.gov.br;Material;7125;ARMÁRIOS E ESTANTES;328;ARMÁRIO ESCRITÓRIO;611264;ALTURA: 74, CARACTERÍSTICAS ADICIONAIS: TRAVAMENTO PORTAS SISTEMA CREMONA, FECHADURA COM C, LARGURA: 80, MATERIAL: MDF, MATERIAL PORTA: MADEIRA MDF, MATERIAL PRATELEIRAS: MADEIRA MDF, PROFUNDIDADE: 48, QUANTIDADE PORTAS: 2, QUANTIDADE PRATELEIRAS: 1, REVESTIMENTO: LAMINADO MELAMÍNICO, TIPO: BAIXO, TIPO PORTAS: DE GIRO, TIPO PUXADOR: ALÇA;UN;10,0000;299,9800;2999,8000;0,0000;31/12/2026
HOSPITAL ESTADUAL TELECILA FREITAS FONTES /RN;932126;54;Material;932126-18/2026;Equipamentos e mobiliários corporativo;Catálogo do Compras.gov.br;Material;7110;MOBILIÁRIO PARA ESCRITÓRIO;336;GAVETEIRO MÓVEL;613195;ALTURA: 600, CARACTERÍSTICAS ADICIONAIS: 4 RODÍZIOS DUPLO GIRO, FECHADURA FRONTAL COM TRAVA, LARGURA: 410, MATERIAL: MDP 25MM, PROFUNDIDADE: 530, QUANTIDADE GAVETAS: 3, TIPO PÉS: COM RODÍZIO;UN;10,0000;650,0000;6500,0000;0,0000;31/12/2026
HOSPITAL ESTADUAL TELECILA FREITAS FONTES /RN;932126;55;Material;932126-18/2026;Equipamentos e mobiliários corporativo;Catálogo do Compras.gov.br;Material;7105;MOBILIÁRIO DOMÉSTICO;16322;MESA PLÁSTICA;275047;APLICAÇÃO: TRABALHOS DE CAMPO, COMPRIMENTO: 71, COR: BRANCA, FORMATO: QUADRADO, LARGURA: 70, MATERIAL: PLÁSTICO;UN;10,0000;68,9900;689,9000;0,0000;31/12/2026
HOSPITAL ESTADUAL TELECILA FREITAS FONTES /RN;932126;56;Material;932126-18/2026;Equipamentos e mobiliários corporativo;Catálogo do Compras.gov.br;Material;7195;MOBILIÁRIOS DIVERSOS E ACESSÓRIOS;14399;QUADRO AVISOS;352369;COMPRIMENTO: 1,20, LARGURA: 0,90, MATERIAL: MADEIRA REVESTIDA COM CORTIÇA;UN;10,0000;162,2500;1622,5000;0,0000;31/12/2026
HOSPITAL ESTADUAL TELECILA FREITAS FONTES /RN;932126;57;Material;932126-18/2026;Equipamentos e mobiliários corporativo;Catálogo do Compras.gov.br;Material;7125;ARMÁRIOS E ESTANTES;334;ESTANTE METÁLICA;451175;ALTURA: 180, CARACTERÍSTICAS ADICIONAIS: PÉS TUBULARES COM SAPATAS NIVELADORAS ROSQUEADAS, LARGURA: 110, MATERIAL: AÇO INOXIDÁVEL AISI 304 18.8, PROFUNDIDADE: 50, QUANTIDADE PRATELEIRAS: 5, TIPO PRATELEIRAS: CHAPA LISA, TRATAMENTO SUPERFICIAL: ESCOVADO;UN;15,0000;519,9900;7799,8500;0,0000;31/12/2026
HOSPITAL ESTADUAL TELECILA FREITAS FONTES /RN;932126;58;Material;932126-18/2026;Equipamentos e mobiliários corporativo;Catálogo do Compras.gov.br;Material;7105;MOBILIÁRIO DOMÉSTICO;15339;CADEIRA REFEITÓRIO;377888;ALTURA: 75, CARACTERÍSTICAS ADICIONAIS: FIXA, SEM BRAÇOS, COMPRIMENTO: 42, COR: BRANCA, ESTRUTURA: PLÁSTICA, LARGURA: 42, MATERIAL: PLÁSTICO;UN;60,0000;24,9900;1499,4000;0,0000;31/12/2026
HOSPITAL ESTADUAL TELECILA FREITAS FONTES /RN;932126;59;Material;932126-18/2026;Equipamentos e mobiliários corporativo;Catálogo do Compras.gov.br;Material;7195;MOBILIÁRIOS DIVERSOS E ACESSÓRIOS;4091;POLTRONA RECLINÁVEL;438771;ACABAMENTO: ESTOFADO DE ESPUMA REVESTIDO EM COURINO, APLICAÇÃO: ALEITAMENTO MATERNO, CARACTERÍSTICAS ADICIONAIS: ASSENTO E ENCOSTO COM PERCINTAS ELÁSTICAS DE NYLON, COMPONENTES: ASSENTO,ENCOSTO,APOIO BRAÇOS E PUFF, DIMENSÕES: LARG. 0,72M, ALT. 1,00M, PROF. 0,66M, ESTRUTURA: MADEIRA PINUS, MODELO: ENCOSTO E BRAÇO REGULÁVEL;UN;80,0000;1799,0000;143920,0000;0,0000;31/12/2026
HOSPITAL ESTADUAL TELECILA FREITAS FONTES /RN;932126;60;Material;932126-18/2026;Equipamentos e mobiliários corporativo;Catálogo do Compras.gov.br;Material;7110;MOBILIÁRIO PARA ESCRITÓRIO;10984;POLTRONA;620520;CARACTERÍSTICAS ADICIONAIS: BRAÇOS FIXOS, REGULAGEM DE ALTURA E DE INCLINAÇÃO, MATERIAL ASSENTO E ENCOSTO: ESPUMA INJETADA DE POLIURETANO DE NO MINIMO 65MM, MATERIAL BASE: TUBO METÁLIDO COM 5 RODÍZIOS/DUPLO GIRO, MATERIAL ESTRUTURA: MADEIRA COMPENSADA MULTILAMINADA, MATERIAL REVESTIMENTO ASSENTO E ENCOSTO: COURO SINTÉTICO, TIPO: GIRATÓRIA, TIPO ESPALDAR: ALTO, TIPO ESTRUTURA: CONCHA;UN;20,0000;769,0000;15380,0000;0,0000;31/12/2026
HOSPITAL ESTADUAL TELECILA FREITAS FONTES /RN;932126;61;Material;932126-18/2026;Equipamentos e mobiliários corporativo;Catálogo do Compras.gov.br;Material;7105;MOBILIÁRIO DOMÉSTICO;337;ESPELHO;307565;CARACTERÍSTICAS ADICIONAIS: MOLDURA EM ALUMÍNIO, COMPRIMENTO: 60, ESPESSURA: 4, FORMATO: RETANGULAR, LARGURA: 45, MATERIAL: VIDRO CRISTAL;UN;10,0000;172,7000;1727,0000;0,0000;31/12/2026
HOSPITAL ESTADUAL TELECILA FREITAS FONTES /RN;932126;62;Material;932126-18/2026;Equipamentos e mobiliários corporativo;Catálogo do Compras.gov.br;Material;7110;MOBILIÁRIO PARA ESCRITÓRIO;16454;GAVETEIRO FIXO;398581;ALTURA: 30, CARACTERÍSTICAS ADICIONAIS: TRANSPARENTE, COR: INCOLOR, LARGURA: 30, MATERIAL: PLÁSTICO, MATERIAL GAVETA: PLÁSTICO, PROFUNDIDADE: 35, QUANTIDADE GAVETAS: 4;UN;20,0000;187,0000;3740,0000;0,0000;31/12/2026
HOSPITAL ESTADUAL TELECILA FREITAS FONTES /RN;932126;63;Material;932126-18/2026;Equipamentos e mobiliários corporativo;Catálogo do Compras.gov.br;Material;7110;MOBILIÁRIO PARA ESCRITÓRIO;9660;MESA REUNIÃO RETANGULAR;458686;ACABAMENTO ESTRUTURA: PINTADO, ALTURA: 740, CARACTERÍSTICAS ADICIONAIS: CALHA METÁLICA PARA FIAÇÃO. SAPATAS NIVELADORAS, COMPRIMENTO: 2,70, COR: CARVALHO MALVA, COR ESTRUTURA: PRETA, ESPESSURA TAMPO: 25, LARGURA: 1.200, MATERIAL: MADEIRA AGLOMERADA MDP, MATERIAL BORDA LATERAL: PVC, REVESTIMENTO: LAMINADO MELAMÍNICO, TIPO BORDAS: ARREDONDADAS, TIPO ESTRUTURA: AÇO;UN;5,0000;1216,2500;6081,2500;0,0000;31/12/2026
HOSPITAL ESTADUAL TELECILA FREITAS FONTES /RN;932126;64;Material;932126-18/2026;Equipamentos e mobiliários corporativo;Catálogo do Compras.gov.br;Material;7105;MOBILIÁRIO DOMÉSTICO;12177;SOFÁ;622403;ALTURA: 0,80, CARACTERÍSTICAS ADICIONAIS: CONFFORME MODELO, COR: PRETA, LARGURA: 1,40, MATERIAL ESTOFAMENTO: ESPUMA, MATERIAL ESTRUTURA: MADEIRA, PROFUNDIDADE: 0,75, QUANTIDADE ASSENTOS: 2, QUANTIDADE MÓDULOS: 1, REVESTIMENTO: CORINO;UN;5,0000;1876,9500;9384,7500;0,0000;31/12/2026
HOSPITAL ESTADUAL TELECILA FREITAS FONTES /RN;932126;65;Material;932126-18/2026;Equipamentos e mobiliários corporativo;Catálogo do Compras.gov.br;Material;7110;MOBILIÁRIO PARA ESCRITÓRIO;313;CADEIRA ESCRITÓRIO;617704;APOIO BRAÇO: COM BRAÇOS, CARACTERÍSTICAS ADICIONAIS: REGULAGEM DE INCLINAÇÃO DO ENCOSTO, MATERIAL ENCOSTO: ESPUMA POLIURETANO INJETADO, MATERIAL ESTRUTURA: AÇO, MATERIAL REVESTIMENTO ASSENTO E ENCOSTO: COURO ECOLÓGICO, QUANTIDADE PÉS: 5, TIPO BASE: GIRATÓRIA COM 5 RODÍZIOS DUPLOS, TIPO ENCOSTO: BAIXO, TIPO SISTEMA REGULAGEM VERTICAL: A GÁS;UN;20,0000;595,0000;11900,0000;0,0000;31/12/2026
HOSPITAL ESTADUAL TELECILA FREITAS FONTES /RN;932126;66;Material;932126-18/2026;Equipamentos e mobiliários corporativo;Catálogo do Compras.gov.br;Material;7125;ARMÁRIOS E ESTANTES;309;ARMÁRIO AÇO;468902;ACABAMENTO SUPERFICIAL: PINTURA EPÓXI, ALTURA: 1,50, APLICAÇÃO: GUARDA MEDICAMENTOS, CARACTERÍSTICAS ADICIONAIS: PRATELEIRAS EM VIDRO 4MM TRANSPARENTE, PORTAS COM, COR: VERMELHA, LARGURA: 400, MATERIAL: AÇO, PROFUNDIDADE: 35, QUANTIDADE PORTAS: 2, QUANTIDADE PRATELEIRAS: 2;UN;10,0000;1136,6600;11366,6000;0,0000;31/12/2026
HOSPITAL ESTADUAL TELECILA FREITAS FONTES /RN;932126;67;Material;932126-18/2026;Equipamentos e mobiliários corporativo;Catálogo do Compras.gov.br;Material;7195;MOBILIÁRIOS DIVERSOS E ACESSÓRIOS;4091;POLTRONA RECLINÁVEL;355261;ACABAMENTO: COMANDO ELETRÔNICO, SISTEMA ACIONAMENTO ELÉTRICO, APLICAÇÃO: PARA COLETA DE SANGUE, CARACTERÍSTICAS ADICIONAIS: BRAÇADEIRA AÇO CROMADO, APOIO PARA BRAÇOS, COMPONENTES: ASSENTO/ENCOSTO ANATÔMICOS,SUPORTE FRASCOS E BOLSA, ESTRUTURA: TRENDELEMBURG,APOIO E BRAÇADEIRA REMOVÍVEIS, MATERIAL: LEITO E ESTRUTURA EM AÇO,ESTOFADO REVESTIDO CURVIN;UN;10,0000;1486,1400;14861,4000;0,0000;31/12/2026
HOSPITAL ESTADUAL TELECILA FREITAS FONTES /RN;932126;68;Material;932126-18/2026;Equipamentos e mobiliários corporativo;Catálogo do Compras.gov.br;Material;7125;ARMÁRIOS E ESTANTES;319;ARMÁRIO ESTANTE;307130;ACABAMENTO SUPERFICIAL: PINTADO, ALTURA: 1,98, COR: CINZA, LARGURA: 0,92, MATERIAL: AÇO, PROFUNDIDADE: 0,30, QUANTIDADE PRATELEIRAS INTERNAS: 6;UN;30,0000;255,7000;7671,0000;0,0000;31/12/2026
HOSPITAL ESTADUAL TELECILA FREITAS FONTES /RN;932126;69;Material;932126-18/2026;Equipamentos e mobiliários corporativo;Catálogo do Compras.gov.br;Material;7195;MOBILIÁRIOS DIVERSOS E ACESSÓRIOS;14785;ESTAÇÃO TRABALHO;608518;ALTURA: 0,76, CARACTERÍSTICAS ADICIONAIS: CANALETA PASSAGEM FIAÇÃO, COMPONENTES: 02 MESAS, COMPRIMENTO: 1,20, COR: CINZA, ESPESSURA TAMPO: 25, ESTRUTURA: METAL, LARGURA: 1,20, REVESTIMENTO: LAMINADO MELAMÍNICO, TIPO: PLATAFORMA, TIPO TAMPO: MADEIRA MDP;UN;5,0000;1088,1000;5440,5000;0,0000;31/12/2026
HOSPITAL ESTADUAL TELECILA FREITAS FONTES /RN;932126;70;Material;932126-18/2026;Equipamentos e mobiliários corporativo;Catálogo do Compras.gov.br;Material;7105;MOBILIÁRIO DOMÉSTICO;9607;MESA CABECEIRA;385152;ALTURA: 0,80, CARACTERÍSTICAS ADICIONAIS: 1 PORTA, 1 PRATELEIRA INTERNA, PÉS, LARGURA: 0,40, MATERIAL: CHAPA AÇO, PROFUNDIDADE: 0,40, QUANTIDADE GAVETAS: 1;UN;10,0000;360,0000;3600,0000;0,0000;31/12/2026
HOSPITAL ESTADUAL TELECILA FREITAS FONTES /RN;932126;71;Material;932126-18/2026;Equipamentos e mobiliários corporativo;Catálogo do Compras.gov.br;Material;7105;MOBILIÁRIO DOMÉSTICO;14395;MESA COPA/COZINHA;614634;ALTURA MESA: 780, CARACTERÍSTICAS ADICIONAIS: DIMENSÕES DO TAMPO 1900 X 850 X50 MM, COMPRIMENTO MESA: 1800, COR: BRANCO, FORMA MESA: RETANGULAR, LARGURA MESA: 900, MATERIAL MESA: MADEIRA MACIÇA, REVESTIMENTO TAMPO: LAMINADO BRANCO;UN;10,0000;641,2500;6412,5000;0,0000;31/12/2026
HOSPITAL ESTADUAL TELECILA FREITAS FONTES /RN;932126;72;Material;932126-18/2026;Equipamentos e mobiliários corporativo;Catálogo do Compras.gov.br;Material;7125;ARMÁRIOS E ESTANTES;328;ARMÁRIO ESCRITÓRIO;607103;ACABAMENTO SUPERFICIAL: PINTURA EM EPÓXI, ALTURA: 2, CARACTERÍSTICAS ADICIONAIS: FECHADO COM CHAVE, COR: CINZA, LARGURA: 120, MATERIAL: AÇO, MATERIAL PORTA: AÇO, MATERIAL PRATELEIRAS: AÇO, PROFUNDIDADE: 50, QUANTIDADE PORTAS: 2, QUANTIDADE PRATELEIRAS: 5, TIPO: ALTO, TIPO PORTAS: DE CORRER;UN;15,0000;999,9800;14999,7000;0,0000;31/12/2026
HOSPITAL ESTADUAL TELECILA FREITAS FONTES /RN;932126;73;Material;932126-18/2026;Equipamentos e mobiliários corporativo;Catálogo do Compras.gov.br;Material;7105;MOBILIÁRIO DOMÉSTICO;316;CAMA CONJUGADA;615965;ACABAMENTO SUPERFICIAL: ENVERNIZADO, ALTURA: 193, CARACTERÍSTICAS ADICIONAIS: CABECEIRA INTERIÇA, ESCADA LATERAL ALTURA´ 112 CM, COMPRIMENTO: 199, LARGURA: 98, MATERIAL: MADEIRA SUCUPIRA, QUANTIDADE LEITOS: 2, TIPO: BELICHE;UN;10,0000;659,0000;6590,0000;0,0000;31/12/2026
HOSPITAL ESTADUAL TELECILA FREITAS FONTES /RN;932126;74;Material;932126-18/2026;Equipamentos e mobiliários corporativo;Catálogo do Compras.gov.br;Material;7110;MOBILIÁRIO PARA ESCRITÓRIO;317;ESCRIVANINHA;271713;COR: CINZA, LARGURA: 1,50, MATERIAL: MELAMÍNICO, PROFUNDIDADE: 0,65, QUANTIDADE GAVETAS: 2;UN;20,0000;298,0000;5960,0000;0,0000;31/12/2026
HOSPITAL ESTADUAL TELECILA FREITAS FONTES /RN;932126;75;Material;932126-18/2026;Equipamentos e mobiliários corporativo;Catálogo do Compras.gov.br;Material;7110;MOBILIÁRIO PARA ESCRITÓRIO;317;ESCRIVANINHA;607745;ALTURA: 75, LARGURA: 1,80, MATERIAL: MADEIRA JEQUITIBÁ, PROFUNDIDADE: 50, QUANTIDADE PÉS: 4, REVESTIMENTO: LAMINADO MADEIRA NOGUEIRA;UN;15,0000;349,9000;5248,5000;0,0000;31/12/2026
HOSPITAL ESTADUAL TELECILA FREITAS FONTES /RN;932126;76;Material;932126-18/2026;Equipamentos e mobiliários corporativo;Catálogo do Compras.gov.br;Material;7110;MOBILIÁRIO PARA ESCRITÓRIO;16454;GAVETEIRO FIXO;352230;ALTURA: 18, CARACTERÍSTICAS ADICIONAIS: TRANSPARENTE, LARGURA: 27,50, MATERIAL: PLÁSTICO, PROFUNDIDADE: 22,10, QUANTIDADE GAVETAS: 3;UN;10,0000;209,0000;2090,0000;0,0000;31/12/2026
HOSPITAL ESTADUAL TELECILA FREITAS FONTES /RN;932126;77;Material;932126-18/2026;Equipamentos e mobiliários corporativo;Catálogo do Compras.gov.br;Material;7110;MOBILIÁRIO PARA ESCRITÓRIO;321;MESA ESCRITÓRIO;600335;ALTURA: 680 MM, CARACTERÍSTICAS ADICIONAIS: PÉS EM AÇO COM PASSAGEM PARA FIAÇÃO E NIVELADOR DE, COMPRIMENTO: 1500 MM, COR TAMPO: MADEIRADO, ESPESSURA TAMPO: 25, LARGURA: 0,74, MATERIAL ESTRUTURA: AÇO, MATERIAL TAMPO: MADEIRA AGLOMERADA, PADRÃO ACABAMENTO TAMPO: TEXTURIZADO, QUANTIDADE GAVETAS: 3, REVESTIMENTO TAMPO: LAMINADO MELAMÍNICO;UN;15,0000;404,0000;6060,0000;0,0000;31/12/2026
HOSPITAL ESTADUAL TELECILA FREITAS FONTES /RN;932126;78;Material;932126-18/2026;Equipamentos e mobiliários corporativo;Catálogo do Compras.gov.br;Material;7105;MOBILIÁRIO DOMÉSTICO;12395;SUPORTE DE VIDEOCASSETE / TELEVISAO;625676;CARACTERÍSTICAS ADICIONAIS: ARTICULÁVEL E INCLINÁVEL, COR: PRETA, MATERIAL: AÇO CARBONO, TAMANHO: PARA TV DE 43” A 86”, TIPO: PAREDE;UN;15,0000;198,5000;2977,5000;0,0000;31/12/2026
HOSPITAL ESTADUAL TELECILA FREITAS FONTES /RN;932126;79;Material;932126-18/2026;Equipamentos e mobiliários corporativo;Catálogo do Compras.gov.br;Material;7195;MOBILIÁRIOS DIVERSOS E ACESSÓRIOS;4091;POLTRONA RECLINÁVEL;468595;ACABAMENTO: ESTOFADO DE ESPUMA REVESTIDO EM COURVIN, CARACTERÍSTICAS ADICIONAIS: POSIÇÃO TRENDELEMBURG, COMPONENTES: C/ ENCOSTO, ASSENTO, APOIO PERNAS E BRAÇOS, COMPRIMENTO: CERCA DE 170, MATERIAL: TUBOS AÇO COM PINTURA ELETROSTÁTICA, MODELO: MANUAL, SISTEMA PNEUMÁTICO;UN;100,0000;906,3900;90639,0000;0,0000;31/12/2026
HOSPITAL ESTADUAL TELECILA FREITAS FONTES /RN;932126;80;Material;932126-18/2026;Equipamentos e mobiliários corporativo;Catálogo do Compras.gov.br;Material;7105;MOBILIÁRIO DOMÉSTICO;16322;MESA PLÁSTICA;318255;ALTURA: 72, COMPRIMENTO: 136, COR: BRANCA, FORMATO: RETANGULAR, LARGURA: 84, MATERIAL: POLIPROPILENO;UN;5,0000;470,2500;2351,2500;0,0000;31/12/2026
HOSPITAL ESTADUAL TELECILA FREITAS FONTES /RN;932126;81;Material;932126-18/2026;Equipamentos e mobiliários corporativo;Catálogo do Compras.gov.br;Material;7110;MOBILIÁRIO PARA ESCRITÓRIO;16454;GAVETEIRO FIXO;437071;ALTURA: 207, LARGURA: 600, MATERIAL: POLIESTIRENO DE ALTO IMPACTO, MATERIAL GAVETA: POLICARBONATO, PROFUNDIDADE: 168, QUANTIDADE GAVETAS: 4;UN;20,0000;264,4300;5288,6000;0,0000;31/12/2026
HOSPITAL ESTADUAL TELECILA FREITAS FONTES /RN;932126;82;Material;932126-18/2026;Equipamentos e mobiliários corporativo;Catálogo do Compras.gov.br;Material;7110;MOBILIÁRIO PARA ESCRITÓRIO;313;CADEIRA ESCRITÓRIO;618999;APOIO BRAÇO: SEM BRAÇOS, CARACTERÍSTICAS ADICIONAIS: REGULAGEM DE INCLINAÇÃO/PROFUNDIDADE, COR: PANTONE, MATERIAL ASSENTO: RESINA TERMOPLASTICA/ COMPENSADO MULTILAMINADO, MATERIAL ENCOSTO: RESINA TERMOPLASTICA E TELA POLIESTER E NYLON, MATERIAL ESTRUTURA: LIGA ALUMINIO/ CHAPA DE AÇO, MATERIAL REVESTIMENTO ASSENTO E ENCOSTO: TECIDO 100% POLIÉSTER, TIPO BASE: GIRATÓRIA, TIPO ENCOSTO: ESPALDAR ALTO;UN;20,0000;400,0000;8000,0000;0,0000;31/12/2026
HOSPITAL ESTADUAL TELECILA FREITAS FONTES /RN;932126;83;Material;932126-18/2026;Equipamentos e mobiliários corporativo;Catálogo do Compras.gov.br;Material;7110;MOBILIÁRIO PARA ESCRITÓRIO;313;CADEIRA ESCRITÓRIO;608818;APOIO BRAÇO: FIXOS REVESTIDOS DE ESPUMA DE POLIURETANO, CARACTERÍSTICAS ADICIONAIS: TIPO INTERLOCUTOR, DIMENSÕES ASSENTO: 450 X 450, DIMENSÕES ENCOSTO: 450 X 460, MATERIAL ASSENTO: COMPENSADO/ESPUMA INJETADA, MATERIAL ENCOSTO: POLIPROPILENO TELADO, MATERIAL ESTRUTURA: AÇO, MATERIAL REVESTIMENTO ASSENTO E ENCOSTO: COURO ECOLÓGICO/TECIDO SINTÉTICO, TIPO BASE: FIXA EM FORMA DE "S", TRATAMENTO SUPERFICIAL ESTRUTURA: CROMADO;UN;30,0000;179,0000;5370,0000;0,0000;31/12/2026
HOSPITAL ESTADUAL TELECILA FREITAS FONTES /RN;932126;84;Material;932126-18/2026;Equipamentos e mobiliários corporativo;Catálogo do Compras.gov.br;Material;7125;ARMÁRIOS E ESTANTES;323;ARMÁRIO COPA/COZINHA;612610;ACABAMENTO SUPERFICIAL: LAMINADO LISO, ALTURA: 1, LARGURA: 2,22, MATERIAL: MDF, PROFUNDIDADE: 0,50, QUANTIDADE PORTAS: 4, QUANTIDADE PRATELEIRAS: 2, TIPO: DE PAREDE;UN;5,0000;229,0000;1145,0000;0,0000;31/12/2026
HOSPITAL ESTADUAL TELECILA FREITAS FONTES /RN;932126;85;Material;932126-18/2026;Equipamentos e mobiliários corporativo;Catálogo do Compras.gov.br;Material;7105;MOBILIÁRIO DOMÉSTICO;16322;MESA PLÁSTICA;273993;ALTURA: 72, APLICAÇÃO: TRABALHOS DE CAMPO, COR: BRANCA, DIÂMETRO: 98, FORMATO: REDONDO, MATERIAL: PLÁSTICO;UN;10,0000;162,2400;1622,4000;0,0000;31/12/2026
HOSPITAL ESTADUAL TELECILA FREITAS FONTES /RN;932126;86;Material;932126-18/2026;Equipamentos e mobiliários corporativo;Catálogo do Compras.gov.br;Material;7110;MOBILIÁRIO PARA ESCRITÓRIO;16315;CADEIRA SOBRE LONGARINA;469699;CARACTERÍSTICAS ADICIONAIS: CONFORME MODELO, COMPRIMENTO LONGARINA: 230, COR: PRETA, COR LONGARINA: PRETA, MATERIAL ASSENTO E ENCOSTO: ESPUMA DE POLIURETANO, MATERIAL ESTRUTURA: AÇO, MATERIAL REVESTIMENTO ASSENTO E ENCOSTO: TECIDO COURÍSSIMO, PLÁSTICO E METAIS, QUANTIDADE ASSENTOS: 4;UN;15,0000;634,5200;9517,8000;0,0000;31/12/2026
HOSPITAL ESTADUAL TELECILA FREITAS FONTES /RN;932126;87;Material;932126-18/2026;Equipamentos e mobiliários corporativo;Catálogo do Compras.gov.br;Material;7125;ARMÁRIOS E ESTANTES;334;ESTANTE METÁLICA;621400;ALTURA: 2, CAPACIDADE: 480, CARACTERÍSTICAS ADICIONAIS: CAPACIDADE DE CARGA PRATELEIRA: 80 KG., LARGURA: 2, MATERIAL: AÇO INOX, PROFUNDIDADE: 40 CM, QUANTIDADE PRATELEIRAS: 6, TIPO PRATELEIRAS: LISA;UN;20,0000;569,9900;11399,8000;0,0000;31/12/2026
HOSPITAL ESTADUAL TELECILA FREITAS FONTES /RN;932126;88;Material;932126-18/2026;Equipamentos e mobiliários corporativo;Catálogo do Compras.gov.br;Material;7110;MOBILIÁRIO PARA ESCRITÓRIO;321;MESA ESCRITÓRIO;343940;ALTURA: 0,80, CARACTERÍSTICAS ADICIONAIS: EM "L", APOIO METÁLICO E CALHA, COMPRIMENTO: 1,60, COR TAMPO: OVO, LARGURA: 1,60, MATERIAL ESTRUTURA: MADEIRA, MATERIAL TAMPO: MADEIRA, REVESTIMENTO TAMPO: LAMINADO FENÓLICO MELAMÍNICO;UN;10,0000;2500,0000;25000,0000;0,0000;31/12/2026
HOSPITAL ESTADUAL TELECILA FREITAS FONTES /RN;932126;89;Material;932126-18/2026;Equipamentos e mobiliários corporativo;Catálogo do Compras.gov.br;Material;7110;MOBILIÁRIO PARA ESCRITÓRIO;334;ESTANTE METÁLICA;287550;ALTURA: 1,98, CARACTERÍSTICAS ADICIONAIS: CONFECCIONADA EM CHAPA AÇO 20 COM COLUNA CHAPA AÇO, COR: CINZA, LARGURA: 0,92, MATERIAL: AÇO, PROFUNDIDADE: 0,30, QUANTIDADE PRATELEIRAS: 6, TIPO PRATELEIRAS: REMOVÍVEIS E AJUSTÁVEIS DE 3 EM 3 CM, ACABAMENTO SUPERFICIAL: PINTURA ESMALTE SINTÉTICO;UN;20,0000;474,0500;9481,0000;0,0000;31/12/2026
HOSPITAL ESTADUAL TELECILA FREITAS FONTES /RN;932126;90;Material;932126-18/2026;Equipamentos e mobiliários corporativo;Catálogo do Compras.gov.br;Material;7110;MOBILIÁRIO PARA ESCRITÓRIO;336;GAVETEIRO MÓVEL;621395;ALTURA: 880, CARACTERÍSTICAS ADICIONAIS: TRILHOS TELESCÓPIOS, RODIZIOS COM TRAVA, LARGURA: 500, MATERIAL: AÇO INOXIDÁVEL, MATERIAL PUXADOR: NYLON, PROFUNDIDADE: 560, QUANTIDADE GAVETAS: 7, TIPO PÉS: COM RODÍZIO;UN;5,0000;2706,1500;13530,7500;0,0000;31/12/2026
HOSPITAL ESTADUAL TELECILA FREITAS FONTES /RN;932126;91;Material;932126-18/2026;Equipamentos e mobiliários corporativo;Catálogo do Compras.gov.br;Material;7125;ARMÁRIOS E ESTANTES;15290;ARMÁRIO;617421;ACABAMENTO SUPERFICIAL: PINTURA ELETROSTÁTICA EPÓXI-PÓ, ALTURA: 1,93, CARACTERÍSTICAS ADICIONAIS: FECHAMENTO COM PITAO PARA CADEADO, LARGURA: 1,72, MATERIAL: AÇO, PROFUNDIDADE: 40, QUANTIDADE PORTAS: 10, TIPO: ROPEIRO;UN;5,0000;1049,9900;5249,9500;0,0000;31/12/2026
HOSPITAL ESTADUAL TELECILA FREITAS FONTES /RN;932126;92;Material;932126-18/2026;Equipamentos e mobiliários corporativo;Catálogo do Compras.gov.br;Material;7110;MOBILIÁRIO PARA ESCRITÓRIO;16315;CADEIRA SOBRE LONGARINA;411294;ACABAMENTO SUPERFICIAL LONGARINA: TRATAMENTO ANTIFERRUGINOSO, PINTURA EPOXI PÓ PRETO, CARACTERÍSTICAS ADICIONAIS: ESPALDAR BAIXO, BORDAS EM PVC RÍGIDO, SAPATAS NIVE, COR: VERDE MUSGO, MATERIAL ASSENTO E ENCOSTO: ESPUMA POLIURETANO INJETADO, MATERIAL ESTRUTURA: AÇO, MATERIAL REVESTIMENTO ASSENTO E ENCOSTO: TECIDO 100% POLIÉSTER, QUANTIDADE ASSENTOS: 3;UN;15,0000;516,9000;7753,5000;0,0000;31/12/2026
HOSPITAL ESTADUAL TELECILA FREITAS FONTES /RN;932126;93;Material;932126-18/2026;Equipamentos e mobiliários corporativo;Catálogo do Compras.gov.br;Material;7125;ARMÁRIOS E ESTANTES;309;ARMÁRIO AÇO;457090;ACABAMENTO SUPERFICIAL: PINTURA ELETROSTÁTICA COM EPÓXI., ALTURA: 198, APLICAÇÃO: USO GERAL, CARACTERÍSTICAS ADICIONAIS: FECHAMENTO COM PITÃO PARA CADEADO, LARGURA: 123, PROFUNDIDADE: 42, QUANTIDADE PORTAS: 24;UN;2,0000;1284,9000;2569,8000;0,0000;31/12/2026
HOSPITAL ESTADUAL TELECILA FREITAS FONTES /RN;932126;94;Material;932126-18/2026;Equipamentos e mobiliários corporativo;Catálogo do Compras.gov.br;Material;7125;ARMÁRIOS E ESTANTES;328;ARMÁRIO ESCRITÓRIO;296574;ALTURA: 2,20, COR: ARGILA, LARGURA: 0,91, MATERIAL: MADEIRA MDF, MATERIAL PORTA: MADEIRA MDF, MATERIAL PRATELEIRAS: MADEIRA MDF, PROFUNDIDADE: 0,47, QUANTIDADE PORTAS: 2, QUANTIDADE PRATELEIRAS: 4, REVESTIMENTO: LAMINADO MELAMÍNICO, TIPO PORTAS: DE ABRIR E FECHAR AO CENTRO;UN;10,0000;760,0000;7600,0000;0,0000;31/12/2026
HOSPITAL ESTADUAL TELECILA FREITAS FONTES /RN;932126;95;Material;932126-18/2026;Equipamentos e mobiliários corporativo;Catálogo do Compras.gov.br;Material;7105;MOBILIÁRIO DOMÉSTICO;315;CAMA;444520;COMPRIMENTO: 1,93, LARGURA: 0,93, MATERIAL: MADEIRA MDF 15 MM, TIPO: SOLTEIRO;UN;20,0000;857,3800;17147,6000;0,0000;31/12/2026
HOSPITAL ESTADUAL TELECILA FREITAS FONTES /RN;932126;96;Material;932126-18/2026;Equipamentos e mobiliários corporativo;Catálogo do Compras.gov.br;Material;7110;MOBILIÁRIO PARA ESCRITÓRIO;10984;POLTRONA;621484;ALTURA: 104, CARACTERÍSTICAS ADICIONAIS: COM BRAÇOS, COR: PRETA, LARGURA: 80, MATERIAL ESTRUTURA: MADEIRA, MATERIAL REVESTIMENTO ASSENTO E ENCOSTO: COURO SINTÉTICO, PROFUNDIDADE: 92, TIPO: FIXA, TIPO ESPALDAR: ALTO;UN;10,0000;720,6300;7206,3000;0,0000;31/12/2026
HOSPITAL ESTADUAL TELECILA FREITAS FONTES /RN;932126;97;Material;932126-18/2026;Equipamentos e mobiliários corporativo;Catálogo do Compras.gov.br;Material;7110;MOBILIÁRIO PARA ESCRITÓRIO;321;MESA ESCRITÓRIO;625231;ALTURA: 74, CARACTERÍSTICAS ADICIONAIS: COM GAVETEIRO, COMPRIMENTO: 1,60, ESPESSURA TAMPO: 25, LARGURA: 70, MATERIAL ESTRUTURA: MDF, MATERIAL TAMPO: MDF;UN;10,0000;697,6800;6976,8000;0,0000;31/12/2026
HOSPITAL ESTADUAL TELECILA FREITAS FONTES /RN;932126;98;Material;932126-18/2026;Equipamentos e mobiliários corporativo;Catálogo do Compras.gov.br;Material;7125;ARMÁRIOS E ESTANTES;14421;PRATELEIRA;624612;COMPRIMENTO: 150, ESPESSURA: 0,8, LARGURA: 35, MATERIAL: AÇO INOXIDÁVEL, PROFUNDIDADE: 0,30, TIPO: SUSPENSA, USO: COZINHA INDUSTRIAL;UN;10,0000;1492,8400;14928,4000;0,0000;31/12/2026
HOSPITAL ESTADUAL TELECILA FREITAS FONTES /RN;932126;99;Material;932126-18/2026;Equipamentos e mobiliários corporativo;Catálogo do Compras.gov.br;Material;7105;MOBILIÁRIO DOMÉSTICO;15327;BANCO;603753;ALTURA: 45, LARGURA: 60, MATERIAL: AÇO INOX TUBULAR, PROFUNDIDADE: 52, TIPO ASSENTO: ESTOFADO COM ESPUMA INJETADA;UN;10,0000;578,3400;5783,4000;0,0000;31/12/2026
HOSPITAL ESTADUAL TELECILA FREITAS FONTES /RN;932126;100;Material;932126-18/2026;Equipamentos e mobiliários corporativo;Catálogo do Compras.gov.br;Material;7195;MOBILIÁRIOS DIVERSOS E ACESSÓRIOS;16348;QUADRO;605977;COMPRIMENTO: 42, LARGURA: 34, MATERIAL MOLDURA: ALUMÍNIO, TIPO: COM MOLDURA;UN;20,0000;129,9000;2598,0000;0,0000;31/12/2026
HOSPITAL ESTADUAL TELECILA FREITAS FONTES /RN;932126;101;Material;932126-18/2026;Equipamentos e mobiliários corporativo;Catálogo do Compras.gov.br;Material;4120;EQUIPAMENTO DE AR CONDICIONADO;13768;APARELHO AR CONDICIONADO;618525;CAPACIDADE REFRIGERAÇÃO: 12.000, CARACTERÍSTICAS ADICIONAIS: COM CONTROLE REMOTO SEM FIO, CARACTERÍSTICAS ADICIONAIS 1: CONTROLE REMOTO S/FIO, QUENTE/FRIO, SELO PROCEL, FREQÜÊNCIA: 60, GARANTIA: 1, MODELO: SPLIT INVERTER, TENSÃO: 220, TIPO: SPLIT HI WALL;UN;30,0000;2789,0000;83670,0000;0,0000;31/12/2026
HOSPITAL ESTADUAL TELECILA FREITAS FONTES /RN;932126;102;Material;932126-18/2026;Equipamentos e mobiliários corporativo;Catálogo do Compras.gov.br;Material;4120;EQUIPAMENTO DE AR CONDICIONADO;13768;APARELHO AR CONDICIONADO;618527;CAPACIDADE REFRIGERAÇÃO: 18.000, CARACTERÍSTICAS ADICIONAIS: COM CONTROLE REMOTO SEM FIO, CARACTERÍSTICAS ADICIONAIS 1: CONTROLE REMOTO S/FIO, QUENTE/FRIO, SELO PROCEL, FREQÜÊNCIA: 60, GARANTIA: 1, MODELO: SPLIT INVERTER, TENSÃO: 220, TIPO: SPLIT HI WALL;UN;30,0000;3578,9900;107369,7000;0,0000;31/12/2026
HOSPITAL ESTADUAL TELECILA FREITAS FONTES /RN;932126;103;Material;932126-18/2026;Equipamentos e mobiliários corporativo;Catálogo do Compras.gov.br;Material;4120;EQUIPAMENTO DE AR CONDICIONADO;13768;APARELHO AR CONDICIONADO;603721;CAPACIDADE REFRIGERAÇÃO: 36.000, CARACTERÍSTICAS ADICIONAIS 1: BOMBA DE DRENO, FREQÜÊNCIA: 60, MODELO: FANCOLETE HIDRÔNICO, TENSÃO: 220, TIPO: CASSETE 4 VIAS, VAZÃO AR: 1.200;UN;10,0000;8085,8800;80858,8000;0,0000;31/12/2026
HOSPITAL ESTADUAL TELECILA FREITAS FONTES /RN;932126;104;Material;932126-18/2026;Equipamentos e mobiliários corporativo;Catálogo do Compras.gov.br;Material;4120;EQUIPAMENTO DE AR CONDICIONADO;13768;APARELHO AR CONDICIONADO;458219;CAPACIDADE REFRIGERAÇÃO: 9.000, CARACTERÍSTICAS ADICIONAIS 1: CONTROLE REMOTO S/FIO, INVERTER, MODELO: FANCOLETE HIDRÔNICO, TENSÃO: 220, TIPO: SPLIT HI WALL;UN;30,0000;2979,0000;89370,0000;0,0000;31/12/2026
HOSPITAL ESTADUAL TELECILA FREITAS FONTES /RN;932126;105;Material;932126-18/2026;Equipamentos e mobiliários corporativo;Catálogo do Compras.gov.br;Material;4120;EQUIPAMENTO DE AR CONDICIONADO;13768;APARELHO AR CONDICIONADO;621109;CAPACIDADE REFRIGERAÇÃO: 30.000, CARACTERÍSTICAS ADICIONAIS 1: CONTROLE REMOTO SEM FIO / CICLO SÓ FRIO / INVERTER, FREQÜÊNCIA: 60, GARANTIA: 1, MODELO: TETO/PISO, TENSÃO: 220, TIPO: SPLIT;UN;5,0000;5379,0000;26895,0000;0,0000;31/12/2026
HOSPITAL ESTADUAL TELECILA FREITAS FONTES /RN;932126;106;Material;932126-18/2026;Equipamentos e mobiliários corporativo;Catálogo do Compras.gov.br;Material;4120;EQUIPAMENTO DE AR CONDICIONADO;13768;APARELHO AR CONDICIONADO;621104;CAPACIDADE REFRIGERAÇÃO: 60.000, CARACTERÍSTICAS ADICIONAIS 1: CONTROLE REMOTO SEM FIO / CICLO SÓ FRIO / INVERTER, FREQÜÊNCIA: 60, GARANTIA: 1, MODELO: TETO/PISO, TENSÃO: 220, TIPO: SPLIT;UN;2,0000;12367,1400;24734,2800;0,0000;31/12/2026
HOSPITAL ESTADUAL TELECILA FREITAS FONTES /RN;932126;107;Material;932126-18/2026;Equipamentos e mobiliários corporativo;Catálogo do Compras.gov.br;Material;4120;EQUIPAMENTO DE AR CONDICIONADO;13768;APARELHO AR CONDICIONADO;607317;CAPACIDADE REFRIGERAÇÃO: 48.000, CARACTERÍSTICAS ADICIONAIS 1: CONTROLE REMOTO, SELO PROCEL A, MODELO: PISO-TETO INVERTER, TENSÃO: 220, TIPO: SPLIT;UN;2,0000;9629,1000;19258,2000;0,0000;31/12/2026
HOSPITAL ESTADUAL TELECILA FREITAS FONTES /RN;932126;108;Material;932126-18/2026;Equipamentos e mobiliários corporativo;Catálogo do Compras.gov.br;Material;4110;EQUIPAMENTO PARA REFRIGERAÇÃO;3492;BEBEDOURO ÁGUA GARRAFÃO;368398;ACABAMENTO EXTERNO: PINTURA ELETROSTÁTICA EM EPÓXI NA COR BRANCA, CAPACIDADE: 20, CARACTERÍSTICAS ADICIONAIS: 2 TORNEIRAS (ÁGUA NATURAL/GELADA) CUBA AÇO INOX, MATERIAL: ABS (COPOLÍMERO DE ACRILONITRILA), TIPO: ELÉTRICO DE COLUNA, VOLTAGEM: 220;UN;15,0000;823,0700;12346,0500;0,0000;31/12/2026
HOSPITAL ESTADUAL TELECILA FREITAS FONTES /RN;932126;109;Material;932126-18/2026;Equipamentos e mobiliários corporativo;Catálogo do Compras.gov.br;Material;4110;EQUIPAMENTO PARA REFRIGERAÇÃO;3492;BEBEDOURO ÁGUA GARRAFÃO;463069;CAPACIDADE: 20, CARACTERÍSTICAS ADICIONAIS: 2 TORNEIRAS DESMONTÁVEIS ÁGUA NATURAL/GELADA, COR: BRANCA, MATERIAL: PLÁSTICO, TIPO: ELÉTRICO DE MESA, VOLTAGEM: 110/220;UN;5,0000;655,5000;3277,5000;0,0000;31/12/2026
HOSPITAL ESTADUAL TELECILA FREITAS FONTES /RN;932126;110;Material;932126-18/2026;Equipamentos e mobiliários corporativo;Catálogo do Compras.gov.br;Material;4110;EQUIPAMENTO PARA REFRIGERAÇÃO;18027;CÂMARA CONSERVAÇÃO;600251;APLICAÇÃO: CONSERVAÇÃO DE VACINA, CAPACIDADE ARMAZENAGEM: 120, CARACTERÍSTICAS ADICIONAIS: PAINEL DIGITAL EXTERNO, ALARME, PORTA COM VED, TEMPERATURA: 2 A 8, TIPO: PROGRAMADO, TIPO GABINETE: VERTICAL;UN;4,0000;9650,0000;38600,0000;0,0000;31/12/2026
HOSPITAL ESTADUAL TELECILA FREITAS FONTES /RN;932126;111;Material;932126-18/2026;Equipamentos e mobiliários corporativo;Catálogo do Compras.gov.br;Material;4110;EQUIPAMENTO PARA REFRIGERAÇÃO;18027;CÂMARA CONSERVAÇÃO;336157;ACESSÓRIOS: ALARMES COM LED,LÂMPADAS INTERNAS FLUORESCENTES, APLICAÇÃO: P/CONSERVAÇÃO SANGUE, CAPACIDADE ARMAZENAGEM: CAPACIDADE 120 BOLSAS, CARACTERÍSTICAS ADICIONAIS: FLUXO AR INTERNO,DEGELO AUTOMÁTICO,BATERIA BACKUP, MATERIAL: INTERNO AÇO GALVANIZADO,PORTAS INTERNAS ACRÍLICO, TEMPERATURA: CONTROLE MICROPROCESSADO DIGITAL 4°C +/- 1°C, TIPO GABINETE: 5 GAVETAS AÇO INOX,PORTAS VIDRO DUPLO ANTIEMBAÇANT, VOLTAGEM: 220;UN;2,0000;9650,0000;19300,0000;0,0000;31/12/2026
HOSPITAL ESTADUAL TELECILA FREITAS FONTES /RN;932126;112;Material;932126-18/2026;Equipamentos e mobiliários corporativo;Catálogo do Compras.gov.br;Material;4110;EQUIPAMENTO PARA REFRIGERAÇÃO;14072;FREEZER VERTICAL;623599;ALTURA: 209,9, APLICAÇÃO: COZINHA INDUSTRIAL, CAPACIDADE: 1.045, CARACTERÍSTICAS ADICIONAIS: REFRIGERAÇÃO POR AR FORÇADO, COR: INOX, FUNÇÕES: DEGELO AUTOMÁTICO, COM INDICADOR DE TEMPERATURA, LARGURA: 122,6, PROFUNDIDADE: 84,2, QUANTIDADE DE PORTAS: 4, TEMPERATURA OPERAÇÃO: -20º A -12º, TIPO PORTA: CEGAS COM RESISTÊNCIA, VOLTAGEM: 220;UN;4,0000;2547,3900;10189,5600;0,0000;31/12/2026
HOSPITAL ESTADUAL TELECILA FREITAS FONTES /RN;932126;113;Material;932126-18/2026;Equipamentos e mobiliários corporativo;Catálogo do Compras.gov.br;Material;4110;EQUIPAMENTO PARA REFRIGERAÇÃO;783;FREEZER;301725;CAPACIDADE: 566,30, CARACTERÍSTICAS ADICIONAIS: GABINETE INTERNO AÇO INOXIDÁVEL, COR: BRANCA, QUANTIDADE TAMPAS: 2, SISTEMA DEGELO: AUTOMÁTICO, TEMPERATURA OPERAÇÃO: - 50 A - 86, TENSÃO ALIMENTAÇÃO: 110/220V, TIPO: HORIZONTAL;UN;4,0000;4991,9000;19967,6000;0,0000;31/12/2026
HOSPITAL ESTADUAL TELECILA FREITAS FONTES /RN;932126;114;Material;932126-18/2026;Equipamentos e mobiliários corporativo;Catálogo do Compras.gov.br;Material;4110;EQUIPAMENTO PARA REFRIGERAÇÃO;783;FREEZER;235744;CAPACIDADE: 260, CARACTERÍSTICAS ADICIONAIS: GAVETAS COM TAMPA BASCULANTE, COR: BRANCA, TEMPERATURA OPERAÇÃO: -40° A 0°, TENSÃO ALIMENTAÇÃO: 220, TIPO: VERTICAL;UN;4,0000;2138,9000;8555,6000;0,0000;31/12/2026
HOSPITAL ESTADUAL TELECILA FREITAS FONTES /RN;932126;115;Material;932126-18/2026;Equipamentos e mobiliários corporativo;Catálogo do Compras.gov.br;Material;4110;EQUIPAMENTO PARA REFRIGERAÇÃO;13629;REFRIGERADOR DOMÉSTICO;334662;CAPACIDADE: 260 A 280, CARACTERÍSTICAS ADICIONAIS: PRATELEIRAS REMOVÍVEIS E REGULÁVEIS, COR: BRANCA, VOLTAGEM: 220;UN;3,0000;2399,0000;7197,0000;0,0000;31/12/2026
HOSPITAL ESTADUAL TELECILA FREITAS FONTES /RN;932126;116;Material;932126-18/2026;Equipamentos e mobiliários corporativo;Catálogo do Compras.gov.br;Material;4110;EQUIPAMENTO PARA REFRIGERAÇÃO;13629;REFRIGERADOR DOMÉSTICO;417245;CAPACIDADE: 500, CARACTERÍSTICAS ADICIONAIS: FOST FREE/PORTA LATAS/PAINEL ELETRÔNICO/SAPATAS NI, COR: BRANCA, VOLTAGEM: 110/220;UN;1,0000;4599,0000;4599,0000;0,0000;31/12/2026
HOSPITAL ESTADUAL TELECILA FREITAS FONTES /RN;932126;117;Material;932126-18/2026;Equipamentos e mobiliários corporativo;Catálogo do Compras.gov.br;Material;4110;EQUIPAMENTO PARA REFRIGERAÇÃO;784;FRIGOBAR;486187;CAPACIDADE: 100 A 130, CARACTERÍSTICAS ADICIONAIS: SELO PROCEL, CONSUMO MÁXIMO: 15, COR: BRANCA, TENSÃO ALIMENTAÇÃO: 220;UN;5,0000;1377,4900;6887,4500;0,0000;31/12/2026
HOSPITAL ESTADUAL TELECILA FREITAS FONTES /RN;932126;118;Material;932126-18/2026;Equipamentos e mobiliários corporativo;Catálogo do Compras.gov.br;Material;4140;VENTILADORES, CIRCULADORES DE AR E VENTOINHAS;710;VENTILADOR;612241;CARACTERÍSTICAS ADICIONAIS: GRADE REMOVÍVEL, DIÂMETRO: 50 A 60, MATERIAL: AÇO, POTÊNCIA MOTOR: 1/4, QUANTIDADE VELOCIDADE: 3, TENSÃO ALIMENTAÇÃO: 127/220, TIPO: PAREDE;UN;20,0000;259,9000;5198,0000;0,0000;31/12/2026
HOSPITAL ESTADUAL TELECILA FREITAS FONTES /RN;932126;119;Material;932126-17/2026;Insumos laboratoriais;Catálogo do Compras.gov.br;Material;6550;SUBSTÂNCIAS PARA DIAGNÓSTICO "IN VITRO",  REAGENTES,  CONJUNTOS E JOGOS PARA TESTE;13893;CORANTE;327373;ASPECTO FÍSICO: PÓ, CARACTERÍSTICAS ADICIONAIS: CI 51010, TIPO: AZUL DE CRESIL BRILHANTE;FR;5,0000;34,3500;171,7500;0,0000;31/12/2026
HOSPITAL ESTADUAL TELECILA FREITAS FONTES /RN;932126;122;Material;932126-17/2026;Insumos laboratoriais;Catálogo do Compras.gov.br;Material;6550;SUBSTÂNCIAS PARA DIAGNÓSTICO "IN VITRO",  REAGENTES,  CONJUNTOS E JOGOS PARA TESTE;13893;CORANTE;327536;ASPECTO FÍSICO: LÍQUIDO, CARACTERÍSTICAS ADICIONAIS: FRASCOS SEPARADOS CONTENDO, COMPONENTES ADICIONAIS: 0,1% DE FENOTIAZINAS, COMPOSIÇÃO: 0,1% DE CICLOHEXADIENOS,0,1% DE AZOBENZOSULFÔNICOS, TIPO: CONJUNTO CORANTE HEMATOLÓGICO PANÓTICO RÁPIDO;ML;58,0000;31,6900;1838,0200;0,0000;31/12/2026
HOSPITAL ESTADUAL TELECILA FREITAS FONTES /RN;932126;123;Material;932126-17/2026;Insumos laboratoriais;Catálogo do Compras.gov.br;Material;6810;PRODUTOS QUÍMICOS;2259;ÁLCOOL ETÍLICO;618744;ADICIONAL: ESPECIALMENTE MANIPULADO, FORMA FARMACÊUTICA: SOLUÇÃO INJETÁVEL, TEOR ALCOÓLICO: ABSOLUTO, MÍNIMO DE 99,5%;L;48,0000;19,0000;912,0000;0,0000;31/12/2026
HOSPITAL ESTADUAL TELECILA FREITAS FONTES /RN;932126;124;Material;932126-17/2026;Insumos laboratoriais;Catálogo do Compras.gov.br;Material;6515;INSTRUMENTOS, EQUIPAMENTOS E SUPRIMENTOS MÉDICOS  E  CIRÚRGICOS;3701;CATETER PERIFÉRICO;437173;APLICAÇÃO: VENOSO, COMPONENTE 1: C/ ADAPTADOR COLETA À VÁCUO, COMPONENTE 2: C/ SISTEMA SEGURANÇA SEGUNDO NR/32, COMPONENTE ADICIONAL: C/ ASA DE FIXAÇÃO, TUBO EXTENSOR, CONECTOR: CONECTOR PADRÃO C/ TAMPA, DIAMETRO: 21, MATERIAL AGULHA: AGULHA AÇO INOX, MODELO: TIPO ESCALPE, TIPO USO: ESTÉRIL, DESCARTÁVEL, EMBALAGEM INDIVIDUAL;UN;200000,0000;0,8300;166000,0000;0,0000;31/12/2026
HOSPITAL ESTADUAL TELECILA FREITAS FONTES /RN;932126;125;Material;932126-17/2026;Insumos laboratoriais;Catálogo do Compras.gov.br;Material;6515;INSTRUMENTOS, EQUIPAMENTOS E SUPRIMENTOS MÉDICOS  E  CIRÚRGICOS;13092;TUBO PARA COLETA DE AMOSTRA BIOLÓGICA;469645;CARACTERÍSTICA ADICIONAL: À VÁCUO, COMPONENTES: COM EDTA-K2 E GEL SEPARADOR, ESTERILIDADE: ESTÉRIL, DESCARTÁVEL, MATERIAL: PLÁSTICO, USO: COLETA DE SANGUE, VOLUME: 3,5;UN;8500,0000;0,5200;4420,0000;0,0000;31/12/2026
HOSPITAL ESTADUAL TELECILA FREITAS FONTES /RN;932126;126;Material;932126-17/2026;Insumos laboratoriais;Catálogo do Compras.gov.br;Material;6515;INSTRUMENTOS, EQUIPAMENTOS E SUPRIMENTOS MÉDICOS  E  CIRÚRGICOS;8694;LANCETA;389338;CARACTERÍSTICAS ADICIONAIS: ESTÉRIL, EMBALAGEM INDIVIDUAL, MATERIAL LÂMINA: AÇO INOXIDÁVEL,PONTA AFIADA,TRIFACETADA, TIPO: ULTRA FINA, USO: DESCARTÁVEL;CX;12,0000;17,2900;207,4800;0,0000;31/12/2026
HOSPITAL ESTADUAL TELECILA FREITAS FONTES /RN;932126;127;Material;932126-17/2026;Insumos laboratoriais;Catálogo do Compras.gov.br;Material;6515;INSTRUMENTOS, EQUIPAMENTOS E SUPRIMENTOS MÉDICOS  E  CIRÚRGICOS;13092;TUBO PARA COLETA DE AMOSTRA BIOLÓGICA;375901;CARACTERÍSTICA ADICIONAL: À VÁCUO, COMPONENTES: COM EDTA-K3, ESTERILIDADE: ESTÉRIL, DESCARTÁVEL, MATERIAL: PLÁSTICO, USO: MICROCOLETA DE SANGUE, VOLUME: 2;UN;17000,0000;0,5200;8840,0000;0,0000;31/12/2026
HOSPITAL ESTADUAL TELECILA FREITAS FONTES /RN;932126;128;Material;932126-17/2026;Insumos laboratoriais;Catálogo do Compras.gov.br;Material;6515;INSTRUMENTOS, EQUIPAMENTOS E SUPRIMENTOS MÉDICOS  E  CIRÚRGICOS;13092;TUBO PARA COLETA DE AMOSTRA BIOLÓGICA;372354;CARACTERÍSTICA ADICIONAL: À VÁCUO, COMPONENTES: COM EDTA-K2 E GEL SEPARADOR, ESTERILIDADE: ESTÉRIL, DESCARTÁVEL, MATERIAL: PLÁSTICO, USO: COLETA DE SANGUE, VOLUME: 5;UN;8500,0000;0,5200;4420,0000;0,0000;31/12/2026
HOSPITAL ESTADUAL TELECILA FREITAS FONTES /RN;932126;129;Material;932126-17/2026;Insumos laboratoriais;Catálogo do Compras.gov.br;Material;6515;INSTRUMENTOS, EQUIPAMENTOS E SUPRIMENTOS MÉDICOS  E  CIRÚRGICOS;13092;TUBO PARA COLETA DE AMOSTRA BIOLÓGICA;372340;CARACTERÍSTICA ADICIONAL: À VÁCUO, COMPONENTES: COM EDTA-K3, ESTERILIDADE: ESTÉRIL, DESCARTÁVEL, MATERIAL: PLÁSTICO, USO: COLETA DE SANGUE, VOLUME: 4;UN;8500,0000;0,5200;4420,0000;0,0000;31/12/2026
HOSPITAL ESTADUAL TELECILA FREITAS FONTES /RN;932126;130;Material;932126-17/2026;Insumos laboratoriais;Catálogo do Compras.gov.br;Material;6515;INSTRUMENTOS, EQUIPAMENTOS E SUPRIMENTOS MÉDICOS  E  CIRÚRGICOS;13092;TUBO PARA COLETA DE AMOSTRA BIOLÓGICA;372348;CARACTERÍSTICA ADICIONAL: À VÁCUO, COMPONENTES: COM CITRATO DE SÓDIO 3,2%, ESTERILIDADE: ESTÉRIL, DESCARTÁVEL, MATERIAL: PLÁSTICO, USO: COLETA DE SANGUE, VOLUME: 2;UN;8500,0000;0,4100;3485,0000;0,0000;31/12/2026
HOSPITAL ESTADUAL TELECILA FREITAS FONTES /RN;932126;131;Material;932126-17/2026;Insumos laboratoriais;Catálogo do Compras.gov.br;Material;6640;EQUIPAMENTOS E ARTIGOS DE LABORATÓRIO;8874;PIPETA;417814;CAPACIDADE: 3, ESCALA: ESCALA 0,5 EM 0,5 ML, GRADUAÇÃO: GRADUADA, MATERIAL: PLÁSTICO, TIPO: PASTEUR, TIPO USO: DESCARTÁVEL;UN;200,0000;55,3100;11062,0000;0,0000;31/12/2026
HOSPITAL ESTADUAL TELECILA FREITAS FONTES /RN;932126;132;Material;932126-17/2026;Insumos laboratoriais;Catálogo do Compras.gov.br;Material;6640;EQUIPAMENTOS E ARTIGOS DE LABORATÓRIO;15192;ESTANTE PARA MICROTUBOS;408195;ADICIONAL: IDENTIFICAÇÃO ALFANUMÉRICA, CAPACIDADE: 96 TUBOS, COMPONENTES: COM TAMPA, MATERIAL: POLIPROPILENO, TAMANHO: PARA TUBOS ATÉ 0,5;UN;5,0000;19,2600;96,3000;0,0000;31/12/2026
HOSPITAL ESTADUAL TELECILA FREITAS FONTES /RN;932126;133;Material;932126-17/2026;Insumos laboratoriais;Catálogo do Compras.gov.br;Material;6640;EQUIPAMENTOS E ARTIGOS DE LABORATÓRIO;15192;ESTANTE PARA MICROTUBOS;614430;ADICIONAL: IDENTIFICAÇÃO ALFANUMÉRICA, DUPLA FACE, CAPACIDADE: 96 TUBOS, MATERIAL: POLIPROPILENO, TAMANHO: PARA TUBOS ATÉ 2 ML OU TUBOS ATÉ 0,5;UN;5,0000;19,2600;96,3000;0,0000;31/12/2026
HOSPITAL ESTADUAL TELECILA FREITAS FONTES /RN;932126;134;Material;932126-17/2026;Insumos laboratoriais;Catálogo do Compras.gov.br;Material;6640;EQUIPAMENTOS E ARTIGOS DE LABORATÓRIO;4760;ESCOVA LABORATÓRIO;606280;COMPRIMENTO: 40, DIÂMETRO: 0,4, FORMATO: CILÍNDRICA, MATERIAL CABO: ARAME, MATERIAL CERDA: CERDA EM NYLON;UN;5,0000;8,9100;44,5500;0,0000;31/12/2026
HOSPITAL ESTADUAL TELECILA FREITAS FONTES /RN;932126;135;Material;932126-17/2026;Insumos laboratoriais;Catálogo do Compras.gov.br;Material;6640;EQUIPAMENTOS E ARTIGOS DE LABORATÓRIO;9748;MICROPIPETA;409084;ADICIONAL: AUTOCLAVÁVEL, AJUSTE: VOLUME REGULÁVEL, CAPACIDADE ASPIRAÇÃO: ATÉ 200, COMPONENTES: COM EJETOR DE PONTEIRA, SUPORTE, TIPO*: MONOCANAL, MECÂNICA;UN;3,0000;62,9000;188,7000;0,0000;31/12/2026
HOSPITAL ESTADUAL TELECILA FREITAS FONTES /RN;932126;136;Material;932126-17/2026;Insumos laboratoriais;Catálogo do Compras.gov.br;Material;6640;EQUIPAMENTOS E ARTIGOS DE LABORATÓRIO;15192;ESTANTE PARA MICROTUBOS;408196;ADICIONAL: IDENTIFICAÇÃO ALFANUMÉRICA, CAPACIDADE: 96 TUBOS, MATERIAL: POLIPROPILENO, TAMANHO: PARA TUBOS 1 ML A 2;UN;5,0000;19,2600;96,3000;0,0000;31/12/2026
HOSPITAL ESTADUAL TELECILA FREITAS FONTES /RN;932126;137;Material;932126-17/2026;Insumos laboratoriais;Catálogo do Compras.gov.br;Material;6640;EQUIPAMENTOS E ARTIGOS DE LABORATÓRIO;4760;ESCOVA LABORATÓRIO;469135;COMPRIMENTO: CERCA DE 40, DIÂMETRO: CERCA DE 0,5 CM / 1, FORMATO: CILÍNDRICA, MATERIAL CABO: ARAME, MATERIAL CERDA: CERDA EM CRINA DE CAVALO;UN;5,0000;8,9100;44,5500;0,0000;31/12/2026
HOSPITAL ESTADUAL TELECILA FREITAS FONTES /RN;932126;138;Material;932126-17/2026;Insumos laboratoriais;Catálogo do Compras.gov.br;Material;6640;EQUIPAMENTOS E ARTIGOS DE LABORATÓRIO;13114;TUBO LABORATÓRIO;409031;ADICIONAL: COM ORLA, DIMENSÕES: CERCA DE 10 X 75, MATERIAL: VIDRO, TIPO: ENSAIO, TIPO FUNDO: FUNDO REDONDO;UN;500,0000;0,8300;415,0000;0,0000;31/12/2026
HOSPITAL ESTADUAL TELECILA FREITAS FONTES /RN;932126;139;Material;932126-17/2026;Insumos laboratoriais;Catálogo do Compras.gov.br;Material;6640;EQUIPAMENTOS E ARTIGOS DE LABORATÓRIO;8925;CAIXA LABORATÓRIO;424761;ACESSÓRIOS: TAMPA COM DOBRADIÇA, CAPACIDADE: 96 PONTEIRAS, MATERIAL: POLIPROPILENO, VOLUME: PARA PONTEIRA 100;UN;3,0000;53,3500;160,0500;0,0000;31/12/2026
HOSPITAL ESTADUAL TELECILA FREITAS FONTES /RN;932126;180;Material;932126-17/2026;Insumos laboratoriais;Catálogo do Compras.gov.br;Material;6820;CORANTES;13893;CORANTE;352188;ASPECTO FÍSICO: LÍQUIDO, TIPO: CONJUNTO COLORAÇÃO SEGUNDO WRIGHT GIEMSA;L;48,0000;42,0000;2016,0000;0,0000;31/12/2026
HOSPITAL ESTADUAL TELECILA FREITAS FONTES /RN;932126;140;Material;932126-17/2026;Insumos laboratoriais;Catálogo do Compras.gov.br;Material;6640;EQUIPAMENTOS E ARTIGOS DE LABORATÓRIO;13426;LÂMINA LABORATÓRIO;436026;ADICIONAL: SILANIZADA, DIMENSÕES: CERCA DE 75 X 25, MATERIAL: VIDRO, TIPO BORDA: BORDA FOSCA;UN;2500,0000;1,4000;3500,0000;0,0000;31/12/2026
HOSPITAL ESTADUAL TELECILA FREITAS FONTES /RN;932126;141;Material;932126-17/2026;Insumos laboratoriais;Catálogo do Compras.gov.br;Material;6640;EQUIPAMENTOS E ARTIGOS DE LABORATÓRIO;8925;CAIXA LABORATÓRIO;413130;ACESSÓRIOS: TAMPA COM DOBRADIÇA, CAPACIDADE: 96 PONTEIRAS, MATERIAL: POLIPROPILENO, VOLUME: PARA PONTEIRA 1000;UN;3,0000;53,3500;160,0500;0,0000;31/12/2026
HOSPITAL ESTADUAL TELECILA FREITAS FONTES /RN;932126;142;Material;932126-17/2026;Insumos laboratoriais;Catálogo do Compras.gov.br;Material;6640;EQUIPAMENTOS E ARTIGOS DE LABORATÓRIO;9748;MICROPIPETA;410273;ADICIONAL: AUTOCLAVÁVEL, AJUSTE: VOLUME REGULÁVEL, CAPACIDADE ASPIRAÇÃO: ATÉ 1000, COMPONENTES: COM EJETOR DE PONTEIRA, SUPORTE, TIPO*: MONOCANAL, MECÂNICA;UN;1,0000;66,0000;66,0000;0,0000;31/12/2026
HOSPITAL ESTADUAL TELECILA FREITAS FONTES /RN;932126;143;Material;932126-17/2026;Insumos laboratoriais;Catálogo do Compras.gov.br;Material;6640;EQUIPAMENTOS E ARTIGOS DE LABORATÓRIO;5363;PROVETA;409902;ACESSÓRIOS: COM ROLHA DE VIDRO, BASE: BASE EM VIDRO, CAPACIDADE: 100, GRADUAÇÃO: GRADUADA, MATERIAL: VIDRO;UN;1,0000;148,1000;148,1000;0,0000;31/12/2026
HOSPITAL ESTADUAL TELECILA FREITAS FONTES /RN;932126;144;Material;932126-17/2026;Insumos laboratoriais;Catálogo do Compras.gov.br;Material;6640;EQUIPAMENTOS E ARTIGOS DE LABORATÓRIO;7875;SUPORTE LABORATÓRIO;423339;APLICAÇÃO: PARA PIPETAS, BASE: GIRATÓRIA, CAPACIDADE: ATÉ 15 UNIDADES, MATERIAL: PLÁSTICO, TIPO: ESTANTE;UN;3,0000;108,0000;324,0000;0,0000;31/12/2026
HOSPITAL ESTADUAL TELECILA FREITAS FONTES /RN;932126;145;Material;932126-17/2026;Insumos laboratoriais;Catálogo do Compras.gov.br;Material;6640;EQUIPAMENTOS E ARTIGOS DE LABORATÓRIO;11016;PONTEIRA LABORATÓRIO;427479;CAPACIDADE: ATÉ 1000 MCL, MATERIAL: POLIPROPILENO, TIPO USO*: DESCARTÁVEL;UN;12000,0000;0,0580;696,0000;0,0000;31/12/2026
HOSPITAL ESTADUAL TELECILA FREITAS FONTES /RN;932126;146;Material;932126-17/2026;Insumos laboratoriais;Catálogo do Compras.gov.br;Material;6640;EQUIPAMENTOS E ARTIGOS DE LABORATÓRIO;9748;MICROPIPETA;419905;ADICIONAL: AUTOCLAVÁVEL, AJUSTE: VOLUME REGULÁVEL, CAPACIDADE ASPIRAÇÃO: ATÉ 10, COMPONENTES: COM EJETOR DE PONTEIRA, TIPO*: MONOCANAL, MECÂNICA;UN;3,0000;66,0000;198,0000;0,0000;31/12/2026
HOSPITAL ESTADUAL TELECILA FREITAS FONTES /RN;932126;147;Material;932126-17/2026;Insumos laboratoriais;Catálogo do Compras.gov.br;Material;6640;EQUIPAMENTOS E ARTIGOS DE LABORATÓRIO;9748;MICROPIPETA;411083;ADICIONAL: AUTOCLAVÁVEL, AJUSTE: VOLUME REGULÁVEL, CAPACIDADE ASPIRAÇÃO: ATÉ 250, COMPONENTES: COM EJETOR DE PONTEIRA, SUPORTE, TIPO*: MONOCANAL, MECÂNICA;UN;2,0000;62,9000;125,8000;0,0000;31/12/2026
HOSPITAL ESTADUAL TELECILA FREITAS FONTES /RN;932126;148;Material;932126-17/2026;Insumos laboratoriais;Catálogo do Compras.gov.br;Material;6640;EQUIPAMENTOS E ARTIGOS DE LABORATÓRIO;13426;LÂMINA LABORATÓRIO;428779;APLICAÇÃO: PARA INFRAVERMELHO, DIMENSÕES: CERCA DE 75 X 25, MATERIAL: VIDRO, TIPO BORDA: BORDA FOSCA, TIPO*: LAPIDADA;UN;2500,0000;0,3200;800,0000;0,0000;31/12/2026
HOSPITAL ESTADUAL TELECILA FREITAS FONTES /RN;932126;149;Material;932126-17/2026;Insumos laboratoriais;Catálogo do Compras.gov.br;Material;6640;EQUIPAMENTOS E ARTIGOS DE LABORATÓRIO;8637;LAMÍNULA;409646;DIMENSÕES: CERCA DE 25 X 50, MATERIAL: VIDRO;UN;1300,0000;0,9000;1170,0000;0,0000;31/12/2026
HOSPITAL ESTADUAL TELECILA FREITAS FONTES /RN;932126;150;Material;932126-17/2026;Insumos laboratoriais;Catálogo do Compras.gov.br;Material;6640;EQUIPAMENTOS E ARTIGOS DE LABORATÓRIO;13114;TUBO LABORATÓRIO;431205;ACESSÓRIOS: TAMPA ROSQUEÁVEL, CAPACIDADE: 15, ESTERILIDADE: ESTÉRIL, MATERIAL: POLIPROPILENO, TIPO: P/ ISOLAMENTO C.MONONUCLEARES DE SANGUE PERIFÉRICO, TIPO FUNDO: FUNDO CÔNICO, USO: DESCARTÁVEL;UN;120,0000;0,3700;44,4000;0,0000;31/12/2026
HOSPITAL ESTADUAL TELECILA FREITAS FONTES /RN;932126;151;Material;932126-17/2026;Insumos laboratoriais;Catálogo do Compras.gov.br;Material;6640;EQUIPAMENTOS E ARTIGOS DE LABORATÓRIO;9748;MICROPIPETA;419661;ADICIONAL: C/ DESLOCAMENTO POSITIVO, AJUSTE: VOLUME REGULÁVEL, CAPACIDADE ASPIRAÇÃO: ATÉ 100, COMPONENTES: COM EJETOR DE PONTEIRA, TIPO*: MONOCANAL, MECÂNICA;UN;3,0000;62,9000;188,7000;0,0000;31/12/2026
HOSPITAL ESTADUAL TELECILA FREITAS FONTES /RN;932126;152;Material;932126-17/2026;Insumos laboratoriais;Catálogo do Compras.gov.br;Material;6640;EQUIPAMENTOS E ARTIGOS DE LABORATÓRIO;15192;ESTANTE PARA MICROTUBOS;422531;CAPACIDADE: 20 TUBOS, MATERIAL: PLÁSTICO, TAMANHO: PARA TUBOS 1 ML A 2;UN;5,0000;19,2600;96,3000;0,0000;31/12/2026
HOSPITAL ESTADUAL TELECILA FREITAS FONTES /RN;932126;153;Material;932126-17/2026;Insumos laboratoriais;Catálogo do Compras.gov.br;Material;6640;EQUIPAMENTOS E ARTIGOS DE LABORATÓRIO;15192;ESTANTE PARA MICROTUBOS;421387;ADICIONAL: FLUTUANTE, CAPACIDADE: 8 TUBOS, MATERIAL: ESPUMA, TAMANHO: PARA TUBOS 15;UN;5,0000;19,2600;96,3000;0,0000;31/12/2026
HOSPITAL ESTADUAL TELECILA FREITAS FONTES /RN;932126;154;Material;932126-17/2026;Insumos laboratoriais;Catálogo do Compras.gov.br;Material;6640;EQUIPAMENTOS E ARTIGOS DE LABORATÓRIO;8874;PIPETA;423975;CAPACIDADE: 3, MATERIAL: PLÁSTICO, TIPO: PASTEUR, TIPO USO: DESCARTÁVEL;UN;200,0000;48,8900;9778,0000;0,0000;31/12/2026
HOSPITAL ESTADUAL TELECILA FREITAS FONTES /RN;932126;155;Material;932126-17/2026;Insumos laboratoriais;Catálogo do Compras.gov.br;Material;6640;EQUIPAMENTOS E ARTIGOS DE LABORATÓRIO;4760;ESCOVA LABORATÓRIO;609318;ACESSÓRIOS: PONTA EM PINCEL, DIMENSÕES: CERCA DE 1,5 CM X 40, FORMATO: CILÍNDRICA, MATERIAL CABO: ARAME, MATERIAL CERDA: CERDA EM CRINA DE CAVALO;UN;5,0000;8,9100;44,5500;0,0000;31/12/2026
HOSPITAL ESTADUAL TELECILA FREITAS FONTES /RN;932126;156;Material;932126-17/2026;Insumos laboratoriais;Catálogo do Compras.gov.br;Material;6640;EQUIPAMENTOS E ARTIGOS DE LABORATÓRIO;15192;ESTANTE PARA MICROTUBOS;408200;ADICIONAL: FLUTUANTE, CAPACIDADE: 24 TUBOS, COMPONENTES: COM ALÇA, MATERIAL: POLIPROPILENO, TAMANHO: PARA TUBOS 1 ML A 2;UN;5,0000;19,2600;96,3000;0,0000;31/12/2026
HOSPITAL ESTADUAL TELECILA FREITAS FONTES /RN;932126;157;Material;932126-17/2026;Insumos laboratoriais;Catálogo do Compras.gov.br;Material;6640;EQUIPAMENTOS E ARTIGOS DE LABORATÓRIO;4760;ESCOVA LABORATÓRIO;606279;COMPRIMENTO: 2,5, DIÂMETRO: 1,5, FORMATO: CILÍNDRICA, MATERIAL CABO: ARAME, MATERIAL CERDA: CERDA EM NYLON;UN;5,0000;8,9100;44,5500;0,0000;31/12/2026
HOSPITAL ESTADUAL TELECILA FREITAS FONTES /RN;932126;158;Material;932126-17/2026;Insumos laboratoriais;Catálogo do Compras.gov.br;Material;6640;EQUIPAMENTOS E ARTIGOS DE LABORATÓRIO;13426;LÂMINA LABORATÓRIO;409702;DIMENSÕES: CERCA DE 75 X 25, MATERIAL: VIDRO, TIPO BORDA: BORDA LISA, TIPO*: LAPIDADA;UN;2500,0000;0,2000;500,0000;0,0000;31/12/2026
HOSPITAL ESTADUAL TELECILA FREITAS FONTES /RN;932126;159;Material;932126-17/2026;Insumos laboratoriais;Catálogo do Compras.gov.br;Material;6640;EQUIPAMENTOS E ARTIGOS DE LABORATÓRIO;9748;MICROPIPETA;411742;ADICIONAL: AUTOCLAVÁVEL, AJUSTE: VOLUME FIXO, CAPACIDADE ASPIRAÇÃO: ATÉ 5, COMPONENTES: COM EJETOR DE PONTEIRA, SUPORTE, TIPO*: MONOCANAL, MECÂNICA;UN;3,0000;66,0000;198,0000;0,0000;31/12/2026
HOSPITAL ESTADUAL TELECILA FREITAS FONTES /RN;932126;160;Material;932126-17/2026;Insumos laboratoriais;Catálogo do Compras.gov.br;Material;6640;EQUIPAMENTOS E ARTIGOS DE LABORATÓRIO;11016;PONTEIRA LABORATÓRIO;408691;CAPACIDADE: ATÉ 200 MCL, ESTERILIDADE*: APIROGÊNICO, LIVRE DE DNASE E RNASE, MATERIAL: POLIPROPILENO, TIPO USO*: DESCARTÁVEL;UN;24000,0000;0,0580;1392,0000;0,0000;31/12/2026
HOSPITAL ESTADUAL TELECILA FREITAS FONTES /RN;932126;161;Material;932126-17/2026;Insumos laboratoriais;Catálogo do Compras.gov.br;Material;6640;EQUIPAMENTOS E ARTIGOS DE LABORATÓRIO;5363;PROVETA;423862;ACESSÓRIOS: COM ROLHA PLÁSTICA, BASE: BASE PLÁSTICA, CAPACIDADE: 1000, GRADUAÇÃO: GRADUADA, MATERIAL: VIDRO;UN;1,0000;47,1400;47,1400;0,0000;31/12/2026
HOSPITAL ESTADUAL TELECILA FREITAS FONTES /RN;932126;162;Material;932126-17/2026;Insumos laboratoriais;Catálogo do Compras.gov.br;Material;6640;EQUIPAMENTOS E ARTIGOS DE LABORATÓRIO;8925;CAIXA LABORATÓRIO;413131;ACESSÓRIOS: TAMPA COM DOBRADIÇA, CAPACIDADE: 96 PONTEIRAS, MATERIAL: POLIPROPILENO, VOLUME: PARA PONTEIRA 200;UN;3,0000;53,3500;160,0500;0,0000;31/12/2026
HOSPITAL ESTADUAL TELECILA FREITAS FONTES /RN;932126;163;Material;932126-17/2026;Insumos laboratoriais;Catálogo do Compras.gov.br;Material;6640;EQUIPAMENTOS E ARTIGOS DE LABORATÓRIO;4760;ESCOVA LABORATÓRIO;606281;ACESSÓRIOS: PONTA EM PINCEL, COMPRIMENTO: 60, DIÂMETRO: 1, FORMATO: CILÍNDRICA, MATERIAL CABO: ARAME, MATERIAL CERDA: CERDA EM CRINA DE CAVALO;UN;5,0000;8,9100;44,5500;0,0000;31/12/2026
HOSPITAL ESTADUAL TELECILA FREITAS FONTES /RN;932126;164;Material;932126-17/2026;Insumos laboratoriais;Catálogo do Compras.gov.br;Material;6640;EQUIPAMENTOS E ARTIGOS DE LABORATÓRIO;10183;ÓLEO DE IMERSÃO;357684;ASPECTO FÍSICO: LÍQUIDO LÍMPIDO, TRANSPARENTE, DENSIDADE: 1,515, USO: PARA MICROSCOPIA;FR;6,0000;36,0000;216,0000;0,0000;31/12/2026
HOSPITAL ESTADUAL TELECILA FREITAS FONTES /RN;932126;165;Material;932126-17/2026;Insumos laboratoriais;Catálogo do Compras.gov.br;Material;6640;EQUIPAMENTOS E ARTIGOS DE LABORATÓRIO;10848;PLACA LABORATÓRIO;412677;CAPACIDADE: 12 POÇOS, MATERIAL: VIDRO, TIPO: KLINE;UN;6,0000;34,0000;204,0000;0,0000;31/12/2026
HOSPITAL ESTADUAL TELECILA FREITAS FONTES /RN;932126;166;Material;932126-17/2026;Insumos laboratoriais;Catálogo do Compras.gov.br;Material;6640;EQUIPAMENTOS E ARTIGOS DE LABORATÓRIO;4760;ESCOVA LABORATÓRIO;623826;COMPRIMENTO: 25, DIÂMETRO: 1, FORMATO: CILÍNDRICA, MATERIAL CABO: ARAME, MATERIAL CERDA: CERDA EM CRINA DE CAVALO;UN;5,0000;8,9100;44,5500;0,0000;31/12/2026
HOSPITAL ESTADUAL TELECILA FREITAS FONTES /RN;932126;167;Material;932126-17/2026;Insumos laboratoriais;Catálogo do Compras.gov.br;Material;6515;INSTRUMENTOS, EQUIPAMENTOS E SUPRIMENTOS MÉDICOS  E  CIRÚRGICOS;2626;DISPOSITIVO P/ MEDIDAS ANTROPOMÉTRICAS;442492;CAPACIDADE MÁXIMA CARGA: ATÉ 300, COMPONENTE I: C/ VISOR DIGITAL, COMPONENTE II: TAPETE DE BORRACHA, COMPONENTE III: PÉS REGULÁVEIS, ESCALA GRADUAÇÃO: C/ ESCALA MÉTRICA - MM E CM, FAIXA MEDIÇÃO: CERCA DE 2,0, MATERIAL*: AÇO C/ PINTURA ELETROSTÁTICA, MODELO: ELÉTRICA, TIPO*: TIPO BALANÇA C/ RÉGUA;UN;5,0000;1854,4000;9272,0000;0,0000;31/12/2026
HOSPITAL ESTADUAL TELECILA FREITAS FONTES /RN;932126;168;Material;932126-17/2026;Insumos laboratoriais;Catálogo do Compras.gov.br;Material;6640;EQUIPAMENTOS E ARTIGOS DE LABORATÓRIO;17961;DESCONGELADOR DE PLASMA E CRIOPRECIPITADO;441538;CAPACIDADE: ATÉ 5 BOLSAS, COMPONENTES 1: C/ SISTEMA DE ALARME VISUAL E SONORO, FAIXA TRABALHO: ATÉ 50, TIPO PROGRAMAÇÃO: AJUSTE DIGITAL MICROPROCESSADO, VOLUME: CERCA DE 20;UN;3,0000;1740,8400;5222,5200;0,0000;31/12/2026
HOSPITAL ESTADUAL TELECILA FREITAS FONTES /RN;932126;169;Material;932126-17/2026;Insumos laboratoriais;Catálogo do Compras.gov.br;Material;4610;EQUIPAMENTOS PARA PURIFICAÇÃO DE ÁGUA;3489;BEBEDOURO ÁGUA;311387;CAPACIDADE ÁGUA: 200, CARACTERÍSTICAS ADICIONAIS: 4 TORNEIRAS LATÃO CROMADO, SERPENTINA COBRE LOCALI, MATERIAL GABINETE: AÇO INOXIDÁVEL, TIPO: INDUSTRIAL, VOLTAGEM: 110/220, MATERIAL RESERVATÓRIO ÁGUA: AÇO INOXIDÁVEL;UN;2,0000;3697,0000;7394,0000;0,0000;31/12/2026
HOSPITAL ESTADUAL TELECILA FREITAS FONTES /RN;932126;170;Material;932126-17/2026;Insumos laboratoriais;Catálogo do Compras.gov.br;Material;6515;INSTRUMENTOS, EQUIPAMENTOS E SUPRIMENTOS MÉDICOS  E  CIRÚRGICOS;4175;CAIXA TÉRMICA;606543;APLICAÇÃO: TRANSPORTE DE ALIMENTOS REFRIGERADOS/CONGELADOS, CAPACIDADE: 16, CARACTERÍSTICAS ADICIONAIS: COM ALÇA E TAMPA, MATERIAL: POLIPROPILENO;UN;15,0000;74,9600;1124,4000;0,0000;31/12/2026
HOSPITAL ESTADUAL TELECILA FREITAS FONTES /RN;932126;171;Material;932126-17/2026;Insumos laboratoriais;Catálogo do Compras.gov.br;Material;6515;INSTRUMENTOS, EQUIPAMENTOS E SUPRIMENTOS MÉDICOS  E  CIRÚRGICOS;4175;CAIXA TÉRMICA;600699;CAPACIDADE: 50, CARACTERÍSTICAS ADICIONAIS: TAMPA ARTICULADA, ALÇA TELESCÓPICA, MATERIAL: POLIETILENO ALTA DENSIDADE E POLIURETANO;UN;5,0000;305,9100;1529,5500;0,0000;31/12/2026
HOSPITAL ESTADUAL TELECILA FREITAS FONTES /RN;932126;172;Material;932126-17/2026;Insumos laboratoriais;Catálogo do Compras.gov.br;Material;6515;INSTRUMENTOS, EQUIPAMENTOS E SUPRIMENTOS MÉDICOS  E  CIRÚRGICOS;4175;CAIXA TÉRMICA;475421;APLICAÇÃO: TRANSPORTE DE HEMOCOMPONENTES, CAPACIDADE: 12, CARACTERÍSTICAS ADICIONAIS: COM ALÇA E TAMPA, TAMANHO CERCA DE 40 X 25 X 26 CM, MATERIAL: POLIETILENO ALTA DENSIDADE E POLIURETANO;UN;10,0000;68,9000;689,0000;0,0000;31/12/2026
HOSPITAL ESTADUAL TELECILA FREITAS FONTES /RN;932126;173;Material;932126-17/2026;Insumos laboratoriais;Catálogo do Compras.gov.br;Material;6515;INSTRUMENTOS, EQUIPAMENTOS E SUPRIMENTOS MÉDICOS  E  CIRÚRGICOS;4175;CAIXA TÉRMICA;606544;APLICAÇÃO: TRANSPORTE DE ALIMENTOS REFRIGERADOS/CONGELADOS, CAPACIDADE: 26, CARACTERÍSTICAS ADICIONAIS: COM ALÇA E TAMPA, MATERIAL: POLIPROPILENO;UN;10,0000;81,0000;810,0000;0,0000;31/12/2026
HOSPITAL ESTADUAL TELECILA FREITAS FONTES /RN;932126;174;Material;932126-17/2026;Insumos laboratoriais;Catálogo do Compras.gov.br;Material;6515;INSTRUMENTOS, EQUIPAMENTOS E SUPRIMENTOS MÉDICOS  E  CIRÚRGICOS;4584;CARRINHO TRANSPORTE;612346;ALTURA: 126, APLICAÇÃO: TRANSPORTE GALÕES D'ÁGUA 20 LITROS, LARGURA: 450, MATERIAL: AÇO, QUANTIDADE RODAS: 2;UN;2,0000;520,5100;1041,0200;0,0000;31/12/2026
HOSPITAL ESTADUAL TELECILA FREITAS FONTES /RN;932126;175;Material;932126-17/2026;Insumos laboratoriais;Catálogo do Compras.gov.br;Material;4610;EQUIPAMENTOS PARA PURIFICAÇÃO DE ÁGUA;6121;DESTILADOR ÁGUA;253329;APLICAÇÃO: LABORATÓRIO, CAPACIDADE: 10, CARACTERÍSTICAS ADICIONAIS: COM DISPOSITIVO ELETROMECÂNICO PARA DESLIGAMENTO, VOLTAGEM: 220;UN;1,0000;872,2000;872,2000;0,0000;31/12/2026
HOSPITAL ESTADUAL TELECILA FREITAS FONTES /RN;932126;176;Material;932126-17/2026;Insumos laboratoriais;Catálogo do Compras.gov.br;Material;4610;EQUIPAMENTOS PARA PURIFICAÇÃO DE ÁGUA;6121;DESTILADOR ÁGUA;253329;APLICAÇÃO: LABORATÓRIO, CAPACIDADE: 10, CARACTERÍSTICAS ADICIONAIS: COM DISPOSITIVO ELETROMECÂNICO PARA DESLIGAMENTO, VOLTAGEM: 220;UN;1,0000;872,2000;872,2000;0,0000;31/12/2026
HOSPITAL ESTADUAL TELECILA FREITAS FONTES /RN;932126;177;Material;932126-17/2026;Insumos laboratoriais;Catálogo do Compras.gov.br;Material;4610;EQUIPAMENTOS PARA PURIFICAÇÃO DE ÁGUA;15695;APARELHO PURIFICADOR DE ÁGUA;611887;CAPACIDADE: 2, CARACTERÍSTICAS ADICIONAIS: ÁGUA GELADA E ÁGUA NATURAL, TIPO: CINCO FILTRAGENS, TIPO FIXAÇÃO: PAREDE, VOLTAGEM: 220;UN;5,0000;620,0000;3100,0000;0,0000;31/12/2026
HOSPITAL ESTADUAL TELECILA FREITAS FONTES /RN;932126;178;Material;932126-17/2026;Insumos laboratoriais;Catálogo do Compras.gov.br;Material;6515;INSTRUMENTOS, EQUIPAMENTOS E SUPRIMENTOS MÉDICOS  E  CIRÚRGICOS;12503;TAMBOR DE ESTERILIZACAO;293862;DIMENSÕES: 12 X 12CM, MATERIAL: AÇO INOXIDÁVEL;UN;20,0000;148,4000;2968,0000;0,0000;31/12/2026
HOSPITAL ESTADUAL TELECILA FREITAS FONTES /RN;932126;179;Material;932126-17/2026;Insumos laboratoriais;Catálogo do Compras.gov.br;Material;6515;INSTRUMENTOS, EQUIPAMENTOS E SUPRIMENTOS MÉDICOS  E  CIRÚRGICOS;18436;TRANSPASSADOR DE PACIENTE;606115;CARACTERÍSTICAS ADICIONAIS: COMPATÍVEL C/ GUINCHO TRANSPASSADOR DE PACIENTE, COMPONENTES: AJUSTÁVEL, C/ ALÇAS, REVESTIMENTO: TECIDO SINTÉTICO, TAMANHO: ADULTO GRANDE, TIPO: JAQUETA P/ DEAMBULAÇÃO;UN;3,0000;4590,2300;13770,6900;0,0000;31/12/2026
HOSPITAL ESTADUAL TELECILA FREITAS FONTES /RN;932126;181;Serviço;932126-16/2026;Serviços de logística para participação e organização de eventos;Catálogo do Compras.gov.br;Serviço;661;SERVIÇOS DE TRANSPORTE AÉREO DE PASSAGEIROS;;;25828;CONTRATAÇÃO DE PASSAGEM AÉREA JUNTO A COMPANHIA CREDENCIADA;-;15,0000;2057,3850;30860,7750;0,0000;31/12/2026
HOSPITAL ESTADUAL TELECILA FREITAS FONTES /RN;932126;182;Serviço;932126-16/2026;Serviços de logística para participação e organização de eventos;Catálogo do Compras.gov.br;Serviço;929;OUTROS SERVIÇOS DE EDUCAÇÃO E TREINAMENTO;;;25232;PAGAMENTO INSCRIÇÃO EVENTOS;-;20,0000;2695,0000;53900,0000;0,0000;31/12/2026
HOSPITAL ESTADUAL TELECILA FREITAS FONTES /RN;932126;183;Serviço;932126-16/2026;Serviços de logística para participação e organização de eventos;Catálogo do Compras.gov.br;Serviço;182;SERVIÇOS DE  LICENCIAMENTO E  CONTRATOS DE TRANSFERÊNCIA DE TECNOLOGIA;;;27456;LICENCIAMENTO DE DIREITOS PERMANENTES  DE  USO  DE  SOFTWAREPARA ESTAÇÃO DE TRABALHO;-;6,0000;4329,7450;25978,4700;0,0000;31/12/2026
HOSPITAL ESTADUAL TELECILA FREITAS FONTES /RN;932126;184;Serviço;932126-16/2026;Serviços de logística para participação e organização de eventos;Catálogo do Compras.gov.br;Serviço;632;SERVIÇOS DE FORNECIMENTO DE COMIDA;;;3697;FORNECIMENTO DE REFEIÇÕES / LANCHES / SALGADOS / DOCES;-;1260,0000;35,0000;44100,0000;0,0000;31/12/2026
HOSPITAL ESTADUAL TELECILA FREITAS FONTES /RN;932126;186;Material;932126-15/2026;Enxoval hospitalar;Catálogo do Compras.gov.br;Material;7210;UTENSÍLIOS DOMÉSTICOS;30162;COLCHÃO USO HOSPITALAR;614677;DENSIDADE: CERCA DE D-26 A D-33, DIMENSÕES  (C X L X A): CERCA DE 178 X 78 X 12, MATERIAL: ESPUMA FLEXÍVEL POLIURETANO, REVESTIMENTO: C/ CAPA NÃO REMOVÍVEL, TOTALMENTE IMPERMEÁVEL;UN;25,0000;137,2000;3430,0000;0,0000;31/12/2026
HOSPITAL ESTADUAL TELECILA FREITAS FONTES /RN;932126;187;Material;932126-15/2026;Enxoval hospitalar;Catálogo do Compras.gov.br;Material;7210;UTENSÍLIOS DOMÉSTICOS;19711;COLCHA CAMA;621050;CARACTERÍSTICAS ADICIONAIS: LISO, COSTURA REFORCADA, COR: COR AZUL INDIGO, MATERIAL: 100% POLIÉSTER, MEDIDAS MÍNIMAS (C X L): 1,50 X 2,00, TIPO: COBERTOR;UN;100,0000;69,9000;6990,0000;0,0000;31/12/2026
HOSPITAL ESTADUAL TELECILA FREITAS FONTES /RN;932126;188;Material;932126-15/2026;Enxoval hospitalar;Catálogo do Compras.gov.br;Material;7210;UTENSÍLIOS DOMÉSTICOS;19710;TOALHA BANHO;459503;COR: BRANCO, IMPRESSÃO: PERSONALIZADA E RESISTENTE A LAVAGEM INDUSTRIAL, MATERIAL: POLIÉSTER E ALGODÃO, MEDIDAS MÍNIMAS (C X L): 1,50 X 0,80;UN;300,0000;31,0000;9300,0000;0,0000;31/12/2026
HOSPITAL ESTADUAL TELECILA FREITAS FONTES /RN;932126;189;Material;932126-15/2026;Enxoval hospitalar;Catálogo do Compras.gov.br;Material;7290;UTENSÍLIOS COMERCIAIS E DOMÉSTICOS DIVERSOS;1363;MÁQUINA COSTURA INDUSTRIAL;481383;TENSÃO ALIMENTAÇÃO: 110/220, VELOCIDADE: 5.500;UN;1,0000;3400,0000;3400,0000;0,0000;31/12/2026
HOSPITAL ESTADUAL TELECILA FREITAS FONTES /RN;932126;190;Material;932126-15/2026;Enxoval hospitalar;Catálogo do Compras.gov.br;Material;7195;MOBILIÁRIOS DIVERSOS E ACESSÓRIOS;17844;COLCHÃO INFLÁVEL;624337;APLICAÇÃO: PREVENÇÃO LESÕES POR PRESSÃO, CARACTERÍSTICAS ADICIONAIS: CAPACIDADE, ACIMA DE 150 KG - COMPRESSOR 220 V, COMPRIMENTO: 2, LARGURA: 0,90, MATERIAL: PVC, TIPO: INSUFLAÇÃO INTERMITENTE;UN;20,0000;277,0000;5540,0000;0,0000;31/12/2026
HOSPITAL ESTADUAL TELECILA FREITAS FONTES /RN;932126;191;Material;932126-15/2026;Enxoval hospitalar;Catálogo do Compras.gov.br;Material;8305;TECIDOS;15455;CAPA;612540;ALTURA: 30, APLICAÇÃO: COLCHÃO, CARACTERÍSTICAS ADICIONAIS: IMPERMEÁVEL, COMPRIMENTO: 1,88, LARGURA: 0,88, MATERIAL: NAPA, TIPO: SOLTEIRO;UN;100,0000;79,7900;7979,0000;0,0000;31/12/2026
HOSPITAL ESTADUAL TELECILA FREITAS FONTES /RN;932126;192;Material;932126-15/2026;Enxoval hospitalar;Catálogo do Compras.gov.br;Material;8010;TINTAS, VERNIZES E PRODUTOS CORRELATOS;1513;LINHA COSTURA;369466;APLICAÇÃO: COSTURA OVERLOCK, COR: BRANCA, MATERIAL: 100% POLIÉSTER TEXTURIZADO;CX;1,0000;29,0000;29,0000;0,0000;31/12/2026
HOSPITAL ESTADUAL TELECILA FREITAS FONTES /RN;932126;193;Material;932126-15/2026;Enxoval hospitalar;Catálogo do Compras.gov.br;Material;6532;VESTUÁRIO HOSPITALAR E CIRÚRGICO E ITENS CORRELATOS DE  FINALIDADES ESPECIAIS;30095;VESTIMENTA HOSPITALAR;618226;BOLSO: NA BLUSA E NA CALÇA, CARACTERÍSTICA: C/ COR, UNISSEX, CARACTERÍSTICA BERMUDA / CALÇA: AJUSTÁVEL, ESTERILIDADE: REUTILIZÁVEL, GRAMATURA: MÍNIMO DE 200, MATERIAL: ALGODÃO E POLIÉSTER - TECIDO MISTO, TAMANHO: ADULTO EXTRA PEQUENO (PP), TIPO: CALÇA E BLUSA, TIPO MANGA: CURTA;UN;50,0000;87,6300;4381,5000;0,0000;31/12/2026
HOSPITAL ESTADUAL TELECILA FREITAS FONTES /RN;932126;194;Material;932126-15/2026;Enxoval hospitalar;Catálogo do Compras.gov.br;Material;6532;VESTUÁRIO HOSPITALAR E CIRÚRGICO E ITENS CORRELATOS DE  FINALIDADES ESPECIAIS;30095;VESTIMENTA HOSPITALAR;605067;BOLSO: NA BLUSA E NA CALÇA, CARACTERÍSTICA: C/ COR, UNISSEX, CARACTERÍSTICA BERMUDA / CALÇA: AJUSTÁVEL, ESTERILIDADE: REUTILIZÁVEL, GRAMATURA: MÍNIMO DE 200, MATERIAL: 100% ALGODÃO, TAMANHO: ADULTO GRANDE (G), TIPO: CALÇA E BLUSA, TIPO MANGA: CURTA;UN;100,0000;51,2800;5128,0000;0,0000;31/12/2026
HOSPITAL ESTADUAL TELECILA FREITAS FONTES /RN;932126;195;Material;932126-15/2026;Enxoval hospitalar;Catálogo do Compras.gov.br;Material;6532;VESTUÁRIO HOSPITALAR E CIRÚRGICO E ITENS CORRELATOS DE  FINALIDADES ESPECIAIS;30095;VESTIMENTA HOSPITALAR;605066;BOLSO: NA BLUSA E NA CALÇA, CARACTERÍSTICA: C/ COR, UNISSEX, CARACTERÍSTICA BERMUDA / CALÇA: AJUSTÁVEL, ESTERILIDADE: REUTILIZÁVEL, GRAMATURA: MÍNIMO DE 200, MATERIAL: 100% ALGODÃO, TAMANHO: ADULTO MÉDIO (M), TIPO: CALÇA E BLUSA, TIPO MANGA: CURTA;UN;100,0000;51,4600;5146,0000;0,0000;31/12/2026
HOSPITAL ESTADUAL TELECILA FREITAS FONTES /RN;932126;196;Material;932126-15/2026;Enxoval hospitalar;Catálogo do Compras.gov.br;Material;6532;VESTUÁRIO HOSPITALAR E CIRÚRGICO E ITENS CORRELATOS DE  FINALIDADES ESPECIAIS;30095;VESTIMENTA HOSPITALAR;605065;BOLSO: NA BLUSA E NA CALÇA, CARACTERÍSTICA: C/ COR, UNISSEX, CARACTERÍSTICA BERMUDA / CALÇA: AJUSTÁVEL, ESTERILIDADE: REUTILIZÁVEL, GRAMATURA: MÍNIMO DE 200, MATERIAL: 100% ALGODÃO, TAMANHO: ADULTO PEQUENO (P), TIPO: CALÇA E BLUSA, TIPO MANGA: CURTA;UN;100,0000;78,9000;7890,0000;0,0000;31/12/2026
HOSPITAL ESTADUAL TELECILA FREITAS FONTES /RN;932126;197;Material;932126-15/2026;Enxoval hospitalar;Catálogo do Compras.gov.br;Material;6532;VESTUÁRIO HOSPITALAR E CIRÚRGICO E ITENS CORRELATOS DE  FINALIDADES ESPECIAIS;30095;VESTIMENTA HOSPITALAR;605083;BOLSO: NA BLUSA E NA CALÇA, CARACTERÍSTICA: C/ COR, UNISSEX, CARACTERÍSTICA BERMUDA / CALÇA: AJUSTÁVEL, ESTERILIDADE: REUTILIZÁVEL, GRAMATURA: MÍNIMO DE 200, MATERIAL: ALGODÃO E POLIÉSTER - TECIDO MISTO, TAMANHO: ADULTO EXTRA GRANDE (XG), TIPO: CALÇA E BLUSA, TIPO MANGA: CURTA;UN;100,0000;79,3600;7936,0000;0,0000;31/12/2026
HOSPITAL ESTADUAL TELECILA FREITAS FONTES /RN;932126;198;Material;932126-15/2026;Enxoval hospitalar;Catálogo do Compras.gov.br;Material;6532;VESTUÁRIO HOSPITALAR E CIRÚRGICO E ITENS CORRELATOS DE  FINALIDADES ESPECIAIS;30093;AVENTAL CIRÚRGICO - PARAMENTAÇÃO;604936;ESTERILIDADE: ESTERILIZÁVEL, GRAMATURA: MÍNIMO DE 200, MATERIAL: 100% ALGODÃO, MODELO MANGA: LONGA C/ PUNHO EM MALHA, TAMANHO: EXTRA GRANDE (XG), TIPO FECHAMENTO: POSTERIOR P/ PESCOÇO E CINTURA;UN;100,0000;99,9000;9990,0000;0,0000;31/12/2026
HOSPITAL ESTADUAL TELECILA FREITAS FONTES /RN;932126;199;Material;932126-15/2026;Enxoval hospitalar;Catálogo do Compras.gov.br;Material;6532;VESTUÁRIO HOSPITALAR E CIRÚRGICO E ITENS CORRELATOS DE  FINALIDADES ESPECIAIS;30093;AVENTAL CIRÚRGICO - PARAMENTAÇÃO;604935;ESTERILIDADE: ESTERILIZÁVEL, GRAMATURA: MÍNIMO DE 200, MATERIAL: 100% ALGODÃO, MODELO MANGA: LONGA C/ PUNHO EM MALHA, TAMANHO: GRANDE (G), TIPO FECHAMENTO: POSTERIOR P/ PESCOÇO E CINTURA;UN;200,0000;99,9000;19980,0000;0,0000;31/12/2026
HOSPITAL ESTADUAL TELECILA FREITAS FONTES /RN;932126;200;Material;932126-15/2026;Enxoval hospitalar;Catálogo do Compras.gov.br;Material;6532;VESTUÁRIO HOSPITALAR E CIRÚRGICO E ITENS CORRELATOS DE  FINALIDADES ESPECIAIS;30093;AVENTAL CIRÚRGICO - PARAMENTAÇÃO;604934;ESTERILIDADE: ESTERILIZÁVEL, GRAMATURA: MÍNIMO DE 200, MATERIAL: 100% ALGODÃO, MODELO MANGA: LONGA C/ PUNHO EM MALHA, TAMANHO: MÉDIO (M), TIPO FECHAMENTO: POSTERIOR P/ PESCOÇO E CINTURA;UN;100,0000;99,9000;9990,0000;0,0000;31/12/2026
HOSPITAL ESTADUAL TELECILA FREITAS FONTES /RN;932126;201;Material;932126-15/2026;Enxoval hospitalar;Catálogo do Compras.gov.br;Material;6532;VESTUÁRIO HOSPITALAR E CIRÚRGICO E ITENS CORRELATOS DE  FINALIDADES ESPECIAIS;30093;AVENTAL CIRÚRGICO - PARAMENTAÇÃO;604933;ESTERILIDADE: ESTERILIZÁVEL, GRAMATURA: MÍNIMO DE 200, MATERIAL: 100% ALGODÃO, MODELO MANGA: LONGA C/ PUNHO EM MALHA, TAMANHO: PEQUENO (P), TIPO FECHAMENTO: POSTERIOR P/ PESCOÇO E CINTURA;UN;100,0000;99,9000;9990,0000;0,0000;31/12/2026
HOSPITAL ESTADUAL TELECILA FREITAS FONTES /RN;932126;202;Material;932126-15/2026;Enxoval hospitalar;Catálogo do Compras.gov.br;Material;6530;MOBILIÁRIO, EQUIPAMENTOS, UTENSÍLIOS E  SUPRIMENTOS  HOSPITALARES;30162;COLCHÃO USO HOSPITALAR;614718;DENSIDADE: CERCA DE D-26 A D-33, DIMENSÕES  (C X L X A): CERCA DE 188 X 88 X 18, MATERIAL: ESPUMA FLEXÍVEL POLIURETANO, REVESTIMENTO: C/ CAPA REMOVÍVEL, TOTALMENTE IMPERMEÁVEL;UN;100,0000;315,3400;31534,0000;0,0000;31/12/2026
HOSPITAL ESTADUAL TELECILA FREITAS FONTES /RN;932126;203;Material;932126-15/2026;Enxoval hospitalar;Catálogo do Compras.gov.br;Material;6532;VESTUÁRIO HOSPITALAR E CIRÚRGICO E ITENS CORRELATOS DE  FINALIDADES ESPECIAIS;19713;LENÇOL CAMA;483489;COR: BRANCO, IMPRESSÃO: COM LOGOMARCA, MATERIAL: 100% ALGODÃO, MEDIDAS MÍNIMAS ( C X L ): 2,80 X 1,80, TIPO FIXAÇÃO: SEM ELÁSTICO;UN;1000,0000;19,9500;19950,0000;0,0000;31/12/2026
HOSPITAL ESTADUAL TELECILA FREITAS FONTES /RN;932126;204;Material;932126-15/2026;Enxoval hospitalar;Catálogo do Compras.gov.br;Material;6532;VESTUÁRIO HOSPITALAR E CIRÚRGICO E ITENS CORRELATOS DE  FINALIDADES ESPECIAIS;30107;CAMPO CIRÚRGICO;607054;COR: C/ COR, DIMENSÕES: CERCA DE 75 X 75, ESTERILIDADE: ESTERILIZÁVEL, GRAMATURA: MÍNIMO DE 260, MATERIAL: 100% ALGODÃO, MODELO: FENESTRADO;UN;50,0000;57,9800;2899,0000;0,0000;31/12/2026
HOSPITAL ESTADUAL TELECILA FREITAS FONTES /RN;932126;205;Material;932126-15/2026;Enxoval hospitalar;Catálogo do Compras.gov.br;Material;6532;VESTUÁRIO HOSPITALAR E CIRÚRGICO E ITENS CORRELATOS DE  FINALIDADES ESPECIAIS;30107;CAMPO CIRÚRGICO;607024;COR: C/ COR, DIMENSÕES: CERCA DE 60 X 60, ESTERILIDADE: ESTERILIZÁVEL, GRAMATURA: MÍNIMO DE 260, MATERIAL: 100% ALGODÃO, MODELO: DUPLO;UN;50,0000;27,9800;1399,0000;0,0000;31/12/2026
HOSPITAL ESTADUAL TELECILA FREITAS FONTES /RN;932126;206;Material;932126-15/2026;Enxoval hospitalar;Catálogo do Compras.gov.br;Material;6532;VESTUÁRIO HOSPITALAR E CIRÚRGICO E ITENS CORRELATOS DE  FINALIDADES ESPECIAIS;30107;CAMPO CIRÚRGICO;606962;COR: C/ COR, DIMENSÕES: CERCA DE 150 X 150, ESTERILIDADE: ESTERILIZÁVEL, GRAMATURA: MÍNIMO DE 200, MATERIAL: 100% ALGODÃO, MODELO: SIMPLES;UN;50,0000;106,0000;5300,0000;0,0000;31/12/2026
HOSPITAL ESTADUAL TELECILA FREITAS FONTES /RN;932126;207;Material;932126-15/2026;Enxoval hospitalar;Catálogo do Compras.gov.br;Material;6532;VESTUÁRIO HOSPITALAR E CIRÚRGICO E ITENS CORRELATOS DE  FINALIDADES ESPECIAIS;30107;CAMPO CIRÚRGICO;606984;COR: C/ COR, DIMENSÕES: CERCA DE 150 X 150, ESTERILIDADE: ESTERILIZÁVEL, GRAMATURA: MÍNIMO DE 260, MATERIAL: 100% ALGODÃO, MODELO: SIMPLES;UN;50,0000;106,0000;5300,0000;0,0000;31/12/2026
HOSPITAL ESTADUAL TELECILA FREITAS FONTES /RN;932126;208;Material;932126-15/2026;Enxoval hospitalar;Catálogo do Compras.gov.br;Material;6532;VESTUÁRIO HOSPITALAR E CIRÚRGICO E ITENS CORRELATOS DE  FINALIDADES ESPECIAIS;30107;CAMPO CIRÚRGICO;607013;COR: C/ COR, DIMENSÕES: CERCA DE 125 X 150, ESTERILIDADE: ESTERILIZÁVEL, GRAMATURA: MÍNIMO DE 200, MATERIAL: 100% ALGODÃO, MODELO: DUPLO;UN;50,0000;106,0000;5300,0000;0,0000;31/12/2026
HOSPITAL ESTADUAL TELECILA FREITAS FONTES /RN;932126;209;Material;932126-15/2026;Enxoval hospitalar;Catálogo do Compras.gov.br;Material;6532;VESTUÁRIO HOSPITALAR E CIRÚRGICO E ITENS CORRELATOS DE  FINALIDADES ESPECIAIS;30095;VESTIMENTA HOSPITALAR;605109;CARACTERÍSTICA: C/ COR, UNISSEX, ESTERILIDADE: REUTILIZÁVEL, GRAMATURA: MÍNIMO DE 120, MATERIAL: 100% ALGODÃO, MODELO CAMISOLA: AJUSTÁVEL C/ ABERTURA NA FRENTE OU COSTAS, TAMANHO: ADULTO PEQUENO (P), TIPO: AVENTAL / CAMISOLA / BATA, TIPO MANGA: CURTA;UN;50,0000;39,0000;1950,0000;0,0000;31/12/2026
HOSPITAL ESTADUAL TELECILA FREITAS FONTES /RN;932126;210;Material;932126-15/2026;Enxoval hospitalar;Catálogo do Compras.gov.br;Material;6532;VESTUÁRIO HOSPITALAR E CIRÚRGICO E ITENS CORRELATOS DE  FINALIDADES ESPECIAIS;30095;VESTIMENTA HOSPITALAR;605110;CARACTERÍSTICA: C/ COR, UNISSEX, ESTERILIDADE: REUTILIZÁVEL, GRAMATURA: MÍNIMO DE 120, MATERIAL: 100% ALGODÃO, MODELO CAMISOLA: AJUSTÁVEL C/ ABERTURA NA FRENTE OU COSTAS, TAMANHO: ADULTO MÉDIO (M), TIPO: AVENTAL / CAMISOLA / BATA, TIPO MANGA: CURTA;UN;50,0000;39,0000;1950,0000;0,0000;31/12/2026
HOSPITAL ESTADUAL TELECILA FREITAS FONTES /RN;932126;211;Material;932126-15/2026;Enxoval hospitalar;Catálogo do Compras.gov.br;Material;6532;VESTUÁRIO HOSPITALAR E CIRÚRGICO E ITENS CORRELATOS DE  FINALIDADES ESPECIAIS;30095;VESTIMENTA HOSPITALAR;605111;CARACTERÍSTICA: C/ COR, UNISSEX, ESTERILIDADE: REUTILIZÁVEL, GRAMATURA: MÍNIMO DE 120, MATERIAL: 100% ALGODÃO, MODELO CAMISOLA: AJUSTÁVEL C/ ABERTURA NA FRENTE OU COSTAS, TAMANHO: ADULTO GRANDE (G), TIPO: AVENTAL / CAMISOLA / BATA, TIPO MANGA: CURTA;UN;50,0000;39,0000;1950,0000;0,0000;31/12/2026
HOSPITAL ESTADUAL TELECILA FREITAS FONTES /RN;932126;212;Material;932126-15/2026;Enxoval hospitalar;Catálogo do Compras.gov.br;Material;6532;VESTUÁRIO HOSPITALAR E CIRÚRGICO E ITENS CORRELATOS DE  FINALIDADES ESPECIAIS;30095;VESTIMENTA HOSPITALAR;605056;BOLSO: S/ BOLSO, CARACTERÍSTICA: C/ COR, UNISSEX, CARACTERÍSTICA BERMUDA / CALÇA: AJUSTÁVEL, ESTERILIDADE: REUTILIZÁVEL, GRAMATURA: MÍNIMO DE 120, MATERIAL: ALGODÃO E POLIÉSTER - TECIDO MISTO, TAMANHO: ADULTO GRANDE (G), TIPO: BERMUDA E BLUSA, TIPO MANGA: CURTA;UN;100,0000;79,0000;7900,0000;0,0000;31/12/2026
HOSPITAL ESTADUAL TELECILA FREITAS FONTES /RN;932126;213;Material;932126-15/2026;Enxoval hospitalar;Catálogo do Compras.gov.br;Material;6532;VESTUÁRIO HOSPITALAR E CIRÚRGICO E ITENS CORRELATOS DE  FINALIDADES ESPECIAIS;30095;VESTIMENTA HOSPITALAR;605055;BOLSO: S/ BOLSO, CARACTERÍSTICA: C/ COR, UNISSEX, CARACTERÍSTICA BERMUDA / CALÇA: AJUSTÁVEL, ESTERILIDADE: REUTILIZÁVEL, GRAMATURA: MÍNIMO DE 120, MATERIAL: ALGODÃO E POLIÉSTER - TECIDO MISTO, TAMANHO: ADULTO MÉDIO (M), TIPO: BERMUDA E BLUSA, TIPO MANGA: CURTA;UN;100,0000;51,0000;5100,0000;0,0000;31/12/2026
HOSPITAL ESTADUAL TELECILA FREITAS FONTES /RN;932126;214;Material;932126-15/2026;Enxoval hospitalar;Catálogo do Compras.gov.br;Material;6532;VESTUÁRIO HOSPITALAR E CIRÚRGICO E ITENS CORRELATOS DE  FINALIDADES ESPECIAIS;30095;VESTIMENTA HOSPITALAR;605054;BOLSO: S/ BOLSO, CARACTERÍSTICA: C/ COR, UNISSEX, CARACTERÍSTICA BERMUDA / CALÇA: AJUSTÁVEL, ESTERILIDADE: REUTILIZÁVEL, GRAMATURA: MÍNIMO DE 120, MATERIAL: ALGODÃO E POLIÉSTER - TECIDO MISTO, TAMANHO: ADULTO PEQUENO (P), TIPO: BERMUDA E BLUSA, TIPO MANGA: CURTA;UN;100,0000;51,0000;5100,0000;0,0000;31/12/2026
HOSPITAL ESTADUAL TELECILA FREITAS FONTES /RN;932126;215;Material;932126-14/2026;Material de expediente e itens de escritório;Catálogo do Compras.gov.br;Material;7510;ARTIGOS PARA ESCRITÓRIO;19705;ENVELOPE;623194;COR: BRANCO, GRAMATURA: 120, MATERIAL: OFFSET, MODELO: SACO COMUM, TAMANHO (C X L): 280 X 200;UN;200,0000;0,5900;118,0000;0,0000;31/12/2026
HOSPITAL ESTADUAL TELECILA FREITAS FONTES /RN;932126;216;Material;932126-14/2026;Material de expediente e itens de escritório;Catálogo do Compras.gov.br;Material;7510;ARTIGOS PARA ESCRITÓRIO;10736;PINCEL QUADRO BRANCO / MAGNÉTICO;435079;CARACTERÍSTICAS ADICIONAIS: CILÍNDRICO, COR: VERMELHA, MATERIAL: PLÁSTICO RECICLADO, MATERIAL PONTA: FELTRO, TIPO CARGA: DESCARTÁVEL;UN;80,0000;1,6000;128,0000;0,0000;31/12/2026
HOSPITAL ESTADUAL TELECILA FREITAS FONTES /RN;932126;217;Material;932126-14/2026;Material de expediente e itens de escritório;Catálogo do Compras.gov.br;Material;7510;ARTIGOS PARA ESCRITÓRIO;108;PINCEL ATÔMICO;435048;COR TINTA: AZUL, MATERIAL: PLÁSTICO RECICLADO, TIPO CARGA: DESCARTÁVEL, TIPO PONTA: FELTRO;UN;80,0000;1,6800;134,4000;0,0000;31/12/2026
HOSPITAL ESTADUAL TELECILA FREITAS FONTES /RN;932126;218;Material;932126-14/2026;Material de expediente e itens de escritório;Catálogo do Compras.gov.br;Material;7510;ARTIGOS PARA ESCRITÓRIO;18;CORRETIVO LÍQUIDO;394475;CARACTERÍSTICAS ADICIONAIS: ATÓXICO, LAVÁVEL, INODORO, MATERIAL: BASE D'ÁGUA - SECAGEM RÁPIDA;FR;30,0000;1,4700;44,1000;0,0000;31/12/2026
HOSPITAL ESTADUAL TELECILA FREITAS FONTES /RN;932126;219;Material;932126-14/2026;Material de expediente e itens de escritório;Catálogo do Compras.gov.br;Material;7510;ARTIGOS PARA ESCRITÓRIO;153;REFIL TINTA;609215;APLICAÇÃO: MARCADOR PENTEL EASYFLO TIPO MWR1, CARACTERÍSTICAS ADICIONAIS: CARGA PARA UMA CANETA EM CADA TUBO, 12 UNIDADES, COR: PRETA, MATERIAL: TINTA;FR;15,0000;3,6200;54,3000;0,0000;31/12/2026
HOSPITAL ESTADUAL TELECILA FREITAS FONTES /RN;932126;220;Material;932126-14/2026;Material de expediente e itens de escritório;Catálogo do Compras.gov.br;Material;7510;ARTIGOS PARA ESCRITÓRIO;18258;TINTA PARA CARIMBO;416510;ASPECTO FÍSICO: LÍQUIDO, COMPONENTES: BASE D'ÁGUA, COR: AZUL;FR;20,0000;2,7500;55,0000;0,0000;31/12/2026
HOSPITAL ESTADUAL TELECILA FREITAS FONTES /RN;932126;221;Material;932126-14/2026;Material de expediente e itens de escritório;Catálogo do Compras.gov.br;Material;7510;ARTIGOS PARA ESCRITÓRIO;11569;RÉGUA COMUM;413178;CARACTERÍSTICAS ADICIONAIS: TRANSPARENTE, COMPRIMENTO: 30, COR: VERDE, GRADUAÇÃO: MILIMETRADA, MATERIAL: PLÁSTICO RECICLADO;UN;15,0000;0,9400;14,1000;0,0000;31/12/2026
HOSPITAL ESTADUAL TELECILA FREITAS FONTES /RN;932126;222;Material;932126-14/2026;Material de expediente e itens de escritório;Catálogo do Compras.gov.br;Material;7520;ACESSÓRIOS E DISPOSITIVOS PARA ESCRITÓRIO;18065;PRANCHETA PORTÁTIL;622720;CARACTERÍSTICAS ADICIONAIS: COM PRENDEDORES METÁLICOS, COMPRIMENTO: 450, ESPESSURA: 6, LARGURA: 330, MATERIAL: MADEIRA;UN;30,0000;4,0000;120,0000;0,0000;31/12/2026
HOSPITAL ESTADUAL TELECILA FREITAS FONTES /RN;932126;223;Material;932126-14/2026;Material de expediente e itens de escritório;Catálogo do Compras.gov.br;Material;7540;FORMULÁRIOS PADRONIZADOS;75;PAPEL CARTOLINA;486139;COMPRIMENTO: 730, COR: AMARELA, GRAMATURA: 180, LARGURA: 550, MATERIAL: CELULOSE VEGETAL;UN;15,0000;1,5200;22,8000;0,0000;31/12/2026
HOSPITAL ESTADUAL TELECILA FREITAS FONTES /RN;932126;224;Material;932126-14/2026;Material de expediente e itens de escritório;Catálogo do Compras.gov.br;Material;7510;ARTIGOS PARA ESCRITÓRIO;11;CLIPE;483431;APLICAÇÃO: MATERIAL DE EXPEDIENTE, FORMATO: PARALELO, MATERIAL: ARAME DE AÇO, TAMANHO: 3/0, TRATAMENTO SUPERFICIAL: GALVANIZADO;CX;20,0000;25,0000;500,0000;0,0000;31/12/2026
HOSPITAL ESTADUAL TELECILA FREITAS FONTES /RN;932126;225;Material;932126-14/2026;Material de expediente e itens de escritório;Catálogo do Compras.gov.br;Material;7510;ARTIGOS PARA ESCRITÓRIO;33;COLCHETE FIXAÇÃO;367975;APLICAÇÃO: PROCESSOS, MATERIAL: METAL, TAMANHO: Nº 7, TRATAMENTO SUPERFICIAL: LATONADO;CX;30,0000;5,2000;156,0000;0,0000;31/12/2026
HOSPITAL ESTADUAL TELECILA FREITAS FONTES /RN;932126;226;Material;932126-14/2026;Material de expediente e itens de escritório;Catálogo do Compras.gov.br;Material;7510;ARTIGOS PARA ESCRITÓRIO;33;COLCHETE FIXAÇÃO;404925;APLICAÇÃO: PROCESSOS, COR: BRANCA, MATERIAL: PLÁSTICO, TAMANHO: Nº 9;CX;30,0000;7,5800;227,4000;0,0000;31/12/2026
HOSPITAL ESTADUAL TELECILA FREITAS FONTES /RN;932126;227;Material;932126-14/2026;Material de expediente e itens de escritório;Catálogo do Compras.gov.br;Material;7520;ACESSÓRIOS E DISPOSITIVOS PARA ESCRITÓRIO;47;PORTA-LÁPIS/CLIPE/LEMBRETE;435085;CARACTERÍSTICAS ADICIONAIS: TIPO ESCANINHO TRIPLO, LATERAIS E FUNDO FECHADOS,, COR: FUMÊ, MATERIAL: POLIPROPILENO RECICLADO, TIPO: CONJUGADO;UN;30,0000;7,3000;219,0000;0,0000;31/12/2026
HOSPITAL ESTADUAL TELECILA FREITAS FONTES /RN;932126;228;Material;932126-14/2026;Material de expediente e itens de escritório;Catálogo do Compras.gov.br;Material;7510;ARTIGOS PARA ESCRITÓRIO;18071;FITA ADESIVA;483743;COMPRIMENTO: 30, COR: BRANCA, LARGURA: 48, MATERIAL: PAPEL, TIPO: DUPLA FACE;RO;30,0000;7,0000;210,0000;0,0000;31/12/2026
HOSPITAL ESTADUAL TELECILA FREITAS FONTES /RN;932126;229;Material;932126-14/2026;Material de expediente e itens de escritório;Catálogo do Compras.gov.br;Material;7510;ARTIGOS PARA ESCRITÓRIO;32;CINTA ELÁSTICA;602172;APLICAÇÃO: AMARRAR NUMERÁRIO, COR: AMARELA, FORMA: CIRCULAR, MATERIAL: BORRACHA, TAMANHO: 18;PCT;15,0000;3,0800;46,2000;0,0000;31/12/2026
HOSPITAL ESTADUAL TELECILA FREITAS FONTES /RN;932126;230;Material;932126-14/2026;Material de expediente e itens de escritório;Catálogo do Compras.gov.br;Material;7540;FORMULÁRIOS PADRONIZADOS;346;BLOCO RECADO;447926;CARACTERÍSTICAS ADICIONAIS: AUTO-ADESIVO, REMOVÍVEL, POST-IT, COMPRIMENTO: 102, COR: AMARELA, LARGURA: 76, MATERIAL: PAPEL, QUANTIDADE FOLHAS: 100;BL;15,0000;2,4300;36,4500;0,0000;31/12/2026
HOSPITAL ESTADUAL TELECILA FREITAS FONTES /RN;932126;231;Material;932126-14/2026;Material de expediente e itens de escritório;Catálogo do Compras.gov.br;Material;7510;ARTIGOS PARA ESCRITÓRIO;16392;PAPEL NÃO CLORADO;254199;APLICAÇÃO: IMPRESSORA LASER, COMPRIMENTO: 297, FORMATO: A4, GRAMATURA: 75, LARGURA: 210;UN;450,0000;20,9700;9436,5000;0,0000;31/12/2026
HOSPITAL ESTADUAL TELECILA FREITAS FONTES /RN;932126;232;Material;932126-14/2026;Material de expediente e itens de escritório;Catálogo do Compras.gov.br;Material;7510;ARTIGOS PARA ESCRITÓRIO;99;CANETA ESFEROGRÁFICA;615588;CARACTERÍSTICAS ADICIONAIS: CORPO SEXTAVADO COM RESPIRO, TAMPA REMOVÍVEL VENTI, COR TINTA: AZUL, MATERIAL: TERMOPLÁSTICO, MATERIAL PONTA: LATÃO COM ESFERA DE TUNGSTÊNIO, QUANTIDADE CARGAS: 1, TIPO ESCRITA: FINA;UN;1200,0000;0,4700;564,0000;0,0000;31/12/2026
HOSPITAL ESTADUAL TELECILA FREITAS FONTES /RN;932126;233;Material;932126-14/2026;Material de expediente e itens de escritório;Catálogo do Compras.gov.br;Material;7510;ARTIGOS PARA ESCRITÓRIO;205;BORRACHA APAGADORA ESCRITA;483433;ALTURA: 6, CARACTERÍSTICAS ADICIONAIS: MACIA SEM MANCHAR OU DANIFICAR O PAPEL, COMPRIMENTO: 30, COR: BRANCA, LARGURA: 20, MATERIAL: BORRACHA;UN;20,0000;0,1200;2,4000;0,0000;31/12/2026
HOSPITAL ESTADUAL TELECILA FREITAS FONTES /RN;932126;234;Material;932126-14/2026;Material de expediente e itens de escritório;Catálogo do Compras.gov.br;Material;7510;ARTIGOS PARA ESCRITÓRIO;11;CLIPE;434899;APLICAÇÃO: FIXAR PAPÉIS E SIMILARES, CARACTERÍSTICAS ADICIONAIS: COLORIDO, FORMATO: PARALELO, MATERIAL: METAL, TAMANHO: 5/0;CX;20,0000;14,7000;294,0000;0,0000;31/12/2026
HOSPITAL ESTADUAL TELECILA FREITAS FONTES /RN;932126;235;Material;932126-14/2026;Material de expediente e itens de escritório;Catálogo do Compras.gov.br;Material;7510;ARTIGOS PARA ESCRITÓRIO;19705;ENVELOPE;459336;CARACTERÍSTICAS ADICIONAIS: IMPRESSÃO PERSONALIZADA, COR: OURO, GRAMATURA: 80, MATERIAL: KRAFT, MODELO: SACO PADRÃO, TAMANHO (C X L): 240 X 340;UN;200,0000;0,3000;60,0000;0,0000;31/12/2026
HOSPITAL ESTADUAL TELECILA FREITAS FONTES /RN;932126;236;Material;932126-14/2026;Material de expediente e itens de escritório;Catálogo do Compras.gov.br;Material;7520;ACESSÓRIOS E DISPOSITIVOS PARA ESCRITÓRIO;280;CAIXA CORRESPONDÊNCIA;327957;ALTURA: 100, CARACTERÍSTICAS ADICIONAIS: ARTICULAÇÃO METÁLICA, COMPRIMENTO: 370, COR: FUMÊ, LARGURA: 255, MATERIAL: ACRÍLICO, TIPO: DUPLA;UN;20,0000;28,5500;571,0000;0,0000;31/12/2026
HOSPITAL ESTADUAL TELECILA FREITAS FONTES /RN;932126;237;Material;932126-14/2026;Material de expediente e itens de escritório;Catálogo do Compras.gov.br;Material;7510;ARTIGOS PARA ESCRITÓRIO;18071;FITA ADESIVA;481470;LARGURA: 18, MATERIAL: CREPE, TIPO: ADESIVA;RO;30,0000;14,3400;430,2000;0,0000;31/12/2026
HOSPITAL ESTADUAL TELECILA FREITAS FONTES /RN;932126;238;Material;932126-14/2026;Material de expediente e itens de escritório;Catálogo do Compras.gov.br;Material;7510;ARTIGOS PARA ESCRITÓRIO;205;BORRACHA APAGADORA ESCRITA;486054;ALTURA: 8, APLICAÇÃO: PARA LÁPIS E TINTA, COMPRIMENTO: 53, LARGURA: 18, MATERIAL: BORRACHA, TIPO: MACIA;UN;20,0000;2,4100;48,2000;0,0000;31/12/2026
HOSPITAL ESTADUAL TELECILA FREITAS FONTES /RN;932126;239;Material;932126-14/2026;Material de expediente e itens de escritório;Catálogo do Compras.gov.br;Material;7510;ARTIGOS PARA ESCRITÓRIO;18075;CANETA MARCA-TEXTO;486374;CARACTERÍSTICAS ADICIONAIS: TRAÇO 4 MM, COR: AMARELA, MATERIAL: PLÁSTICO, TIPO PONTA: CHANFRADA;CX;20,0000;11,9700;239,4000;0,0000;31/12/2026
HOSPITAL ESTADUAL TELECILA FREITAS FONTES /RN;932126;240;Material;932126-14/2026;Material de expediente e itens de escritório;Catálogo do Compras.gov.br;Material;7520;ACESSÓRIOS E DISPOSITIVOS PARA ESCRITÓRIO;22;ALMOFADA CARIMBO;486055;COMPRIMENTO: 120, LARGURA: 106, MATERIAL ALMOFADA: ESPONJA ABSORVENTE, MATERIAL CAIXA: METAL;UN;15,0000;3,3000;49,5000;0,0000;31/12/2026
HOSPITAL ESTADUAL TELECILA FREITAS FONTES /RN;932126;241;Material;932126-14/2026;Material de expediente e itens de escritório;Catálogo do Compras.gov.br;Material;7510;ARTIGOS PARA ESCRITÓRIO;28;GRAMPO GRAMPEADOR;463458;MATERIAL: AÇO, TAMANHO: 23/17, TRATAMENTO SUPERFICIAL: GALVANIZADO, USO: GRAMPEADOR DE MESA;CX;30,0000;34,1900;1025,7000;0,0000;31/12/2026
HOSPITAL ESTADUAL TELECILA FREITAS FONTES /RN;932126;242;Material;932126-14/2026;Material de expediente e itens de escritório;Catálogo do Compras.gov.br;Material;7510;ARTIGOS PARA ESCRITÓRIO;18071;FITA ADESIVA;609009;COMPRIMENTO: 50 M, COR: ULTRA TRANSPARENTE, ESPESSURA: 1, LARGURA: 60, MATERIAL: PVC, TIPO: ADESIVO ACRILICO;RO;30,0000;3,2300;96,9000;0,0000;31/12/2026
HOSPITAL ESTADUAL TELECILA FREITAS FONTES /RN;932126;243;Material;932126-14/2026;Material de expediente e itens de escritório;Catálogo do Compras.gov.br;Material;7510;ARTIGOS PARA ESCRITÓRIO;18071;FITA ADESIVA;621186;COMPRIMENTO: 50, COR: TRANSPARENTE, LARGURA: 19, MATERIAL: CELOFANE, TIPO: AUTO-ADESIVA;RO;30,0000;1,7100;51,3000;0,0000;31/12/2026
HOSPITAL ESTADUAL TELECILA FREITAS FONTES /RN;932126;244;Material;932126-14/2026;Material de expediente e itens de escritório;Catálogo do Compras.gov.br;Material;7510;ARTIGOS PARA ESCRITÓRIO;33;COLCHETE FIXAÇÃO;278607;MATERIAL: AÇO, TAMANHO: Nº 6, TRATAMENTO SUPERFICIAL: LATONADO;CX;30,0000;3,9700;119,1000;0,0000;31/12/2026
HOSPITAL ESTADUAL TELECILA FREITAS FONTES /RN;932126;245;Material;932126-14/2026;Material de expediente e itens de escritório;Catálogo do Compras.gov.br;Material;7510;ARTIGOS PARA ESCRITÓRIO;11;CLIPE;458597;FORMATO: PARALELO, MATERIAL: ARAME DE AÇO, TAMANHO: 8/0, TRATAMENTO SUPERFICIAL: GALVANIZADO;CX;20,0000;1,8000;36,0000;0,0000;31/12/2026
HOSPITAL ESTADUAL TELECILA FREITAS FONTES /RN;932126;246;Material;932126-14/2026;Material de expediente e itens de escritório;Catálogo do Compras.gov.br;Material;7510;ARTIGOS PARA ESCRITÓRIO;196;CADERNO;622531;CARACTERÍSTICAS ADICIONAIS: CAPA DURA, COMPRIMENTO: 275, GRAMATURA FOLHAS: 56, LARGURA: 200, MATERIAL: PAPEL OFF-SET, MATERIAL CAPA: PAPELÃO REVESTIDA COM PAPEL-COUCHÉ, QUANTIDADE FOLHAS: 80;UN;15,0000;7,3100;109,6500;0,0000;31/12/2026
HOSPITAL ESTADUAL TELECILA FREITAS FONTES /RN;932126;247;Material;932126-14/2026;Material de expediente e itens de escritório;Catálogo do Compras.gov.br;Material;7510;ARTIGOS PARA ESCRITÓRIO;15014;CORRETIVO FITA;614471;APLICAÇÃO: APAGAR CANETA ESFEROGRÁFICA, CARACTERÍSTICAS ADICIONAIS: CORPO EM ACRÍLICO CRISTAL TRANSPARENTE, PIGMENTOS, COMPRIMENTO: 10, LARGURA: 5, MATERIAL: POLIETILENO;UN;30,0000;3,6700;110,1000;0,0000;31/12/2026
HOSPITAL ESTADUAL TELECILA FREITAS FONTES /RN;932126;248;Material;932126-14/2026;Material de expediente e itens de escritório;Catálogo do Compras.gov.br;Material;7510;ARTIGOS PARA ESCRITÓRIO;38;ALFINETE MAPA;607788;COMPRIMENTO: 10, COR: VARIADA, MATERIAL: METAL, MATERIAL CABEÇA: PLÁSTICO, TRATAMENTO SUPERFICIAL: GALVANIZADO;CX;10,0000;4,0500;40,5000;0,0000;31/12/2026
HOSPITAL ESTADUAL TELECILA FREITAS FONTES /RN;932126;249;Material;932126-14/2026;Material de expediente e itens de escritório;Catálogo do Compras.gov.br;Material;7520;ACESSÓRIOS E DISPOSITIVOS PARA ESCRITÓRIO;249;TESOURA;461462;CARACTERÍSTICAS ADICIONAIS: SEM PONTA, COMPRIMENTO: 13, MATERIAL: AÇO INOXIDÁVEL, MATERIAL CABO: POLIPROPILENO;UN;30,0000;3,4800;104,4000;0,0000;31/12/2026
HOSPITAL ESTADUAL TELECILA FREITAS FONTES /RN;932126;250;Material;932126-14/2026;Material de expediente e itens de escritório;Catálogo do Compras.gov.br;Material;7510;ARTIGOS PARA ESCRITÓRIO;20;PASTA ARQUIVO;486433;ALTURA: 25, COR: BRANCA, LARGURA: 13, MATERIAL: POLIPROPILENO, TIPO: CAIXA;UN;50,0000;4,0800;204,0000;0,0000;31/12/2026
HOSPITAL ESTADUAL TELECILA FREITAS FONTES /RN;932126;251;Material;932126-14/2026;Material de expediente e itens de escritório;Catálogo do Compras.gov.br;Material;7510;ARTIGOS PARA ESCRITÓRIO;33;COLCHETE FIXAÇÃO;405485;MATERIAL: LATÃO, TAMANHO: Nº 08;CX;30,0000;4,6300;138,9000;0,0000;31/12/2026
HOSPITAL ESTADUAL TELECILA FREITAS FONTES /RN;932126;252;Material;932126-14/2026;Material de expediente e itens de escritório;Catálogo do Compras.gov.br;Material;7510;ARTIGOS PARA ESCRITÓRIO;153;REFIL TINTA;609239;APLICAÇÃO: MARCADOR PENTEL EASYFLO TIPO MWR1, CARACTERÍSTICAS ADICIONAIS: CARGA PARA UMA CANETA EM CADA TUBO, 12 UNIDADES, COR: AZUL, MATERIAL: TINTA;FR;15,0000;2,6200;39,3000;0,0000;31/12/2026
HOSPITAL ESTADUAL TELECILA FREITAS FONTES /RN;932126;253;Material;932126-14/2026;Material de expediente e itens de escritório;Catálogo do Compras.gov.br;Material;7510;ARTIGOS PARA ESCRITÓRIO;99;CANETA ESFEROGRÁFICA;411944;CARACTERÍSTICAS ADICIONAIS: ATÓXICA, CORPO CILÍNDRICO, COR TINTA: VERMELHA, MATERIAL: PLÁSTICO RECICLADO, MATERIAL PONTA: ESFERA DE TUNGSTÊNIO, TIPO ESCRITA: MÉDIA;CX;20,0000;22,2500;445,0000;0,0000;31/12/2026
HOSPITAL ESTADUAL TELECILA FREITAS FONTES /RN;932126;254;Material;932126-14/2026;Material de expediente e itens de escritório;Catálogo do Compras.gov.br;Material;7510;ARTIGOS PARA ESCRITÓRIO;11;CLIPE;463460;APLICAÇÃO: FIXAR PAPÉIS E SIMILARES, FORMATO: PARALELO, MATERIAL: ARAME DE AÇO, TAMANHO: 2/0, TRATAMENTO SUPERFICIAL: GALVANIZADO;CX;20,0000;3,3400;66,8000;0,0000;31/12/2026
HOSPITAL ESTADUAL TELECILA FREITAS FONTES /RN;932126;255;Material;932126-14/2026;Material de expediente e itens de escritório;Catálogo do Compras.gov.br;Material;7510;ARTIGOS PARA ESCRITÓRIO;20;PASTA ARQUIVO;615121;ALTURA: 340, CARACTERÍSTICAS ADICIONAIS 2: GRAMPO TRILHO PLÁSTICO, COR: AZUL, LARGURA: 240, MATERIAL: POLIPROPILENO, TIPO: TRILHO;UN;90,0000;2,1700;195,3000;0,0000;31/12/2026
HOSPITAL ESTADUAL TELECILA FREITAS FONTES /RN;932126;256;Material;932126-14/2026;Material de expediente e itens de escritório;Catálogo do Compras.gov.br;Material;7520;ACESSÓRIOS E DISPOSITIVOS PARA ESCRITÓRIO;56;PERFURADOR PAPEL;434774;CAPACIDADE PERFURAÇÃO: 30, CARACTERÍSTICAS ADICIONAIS: COM MARGINADOR E APARADOR, FUNCIONAMENTO: MANUAL, MATERIAL: METAL, QUANTIDADE FUROS: 2, TIPO: MESA;UN;9,0000;32,7500;294,7500;0,0000;31/12/2026
HOSPITAL ESTADUAL TELECILA FREITAS FONTES /RN;932126;257;Material;932126-14/2026;Material de expediente e itens de escritório;Catálogo do Compras.gov.br;Material;7510;ARTIGOS PARA ESCRITÓRIO;33;COLCHETE FIXAÇÃO;364313;MATERIAL: AÇO, TAMANHO: Nº 04, TRATAMENTO SUPERFICIAL: CROMADO;CX;30,0000;4,3600;130,8000;0,0000;31/12/2026
HOSPITAL ESTADUAL TELECILA FREITAS FONTES /RN;932126;258;Material;932126-14/2026;Material de expediente e itens de escritório;Catálogo do Compras.gov.br;Material;7510;ARTIGOS PARA ESCRITÓRIO;11;CLIPE;483430;APLICAÇÃO: MATERIAL DE EXPEDIENTE, FORMATO: PARALELO, MATERIAL: ARAME DE AÇO, TAMANHO: 1/0, TRATAMENTO SUPERFICIAL: GALVANIZADO;CX;20,0000;3,0000;60,0000;0,0000;31/12/2026
HOSPITAL ESTADUAL TELECILA FREITAS FONTES /RN;932126;259;Material;932126-14/2026;Material de expediente e itens de escritório;Catálogo do Compras.gov.br;Material;7520;ACESSÓRIOS E DISPOSITIVOS PARA ESCRITÓRIO;279;APAGADOR QUADRO BRANCO;427366;ALTURA: 10, CARACTERÍSTICAS ADICIONAIS: ESTOJO COM COMPARTIMENTO PARA 2 PINCÉIS, COMPRIMENTO: 17, LARGURA: 5, MATERIAL BASE: FELTRO, MATERIAL CORPO: ACRÍLICO;UN;8,0000;3,1900;25,5200;0,0000;31/12/2026
HOSPITAL ESTADUAL TELECILA FREITAS FONTES /RN;932126;260;Material;932126-14/2026;Material de expediente e itens de escritório;Catálogo do Compras.gov.br;Material;7520;ACESSÓRIOS E DISPOSITIVOS PARA ESCRITÓRIO;27;GRAMPEADOR;617122;CAPACIDADE: 15, MATERIAL: METAL / BORRACHA, TAMANHO GRAMPO: 26/6, TIPO: MESA;UN;60,0000;30,0000;1800,0000;0,0000;31/12/2026
HOSPITAL ESTADUAL TELECILA FREITAS FONTES /RN;932126;261;Material;932126-14/2026;Material de expediente e itens de escritório;Catálogo do Compras.gov.br;Material;7510;ARTIGOS PARA ESCRITÓRIO;33;COLCHETE FIXAÇÃO;379715;MATERIAL: METAL, TAMANHO: Nº 5, TRATAMENTO SUPERFICIAL: LATONADO;CX;30,0000;4,3000;129,0000;0,0000;31/12/2026
HOSPITAL ESTADUAL TELECILA FREITAS FONTES /RN;932126;262;Material;932126-14/2026;Material de expediente e itens de escritório;Catálogo do Compras.gov.br;Material;7510;ARTIGOS PARA ESCRITÓRIO;28;GRAMPO GRAMPEADOR;425226;MATERIAL: METAL, TAMANHO: 26/6, TRATAMENTO SUPERFICIAL: GALVANIZADO/COBREADO, USO: GRAMPEADOR DE MESA;CX;150,0000;1,4400;216,0000;0,0000;31/12/2026
HOSPITAL ESTADUAL TELECILA FREITAS FONTES /RN;932126;263;Material;932126-14/2026;Material de expediente e itens de escritório;Catálogo do Compras.gov.br;Material;7510;ARTIGOS PARA ESCRITÓRIO;99;CANETA ESFEROGRÁFICA;432816;CARACTERÍSTICAS ADICIONAIS: CORPO SEXTAVADO E TAMPA VENTIDADA, COR TINTA: PRETA, MATERIAL: ACRÍLICO TRANSPARENTE, MATERIAL PONTA: ESFERA DE TUNGSTÊNIO, QUANTIDADE CARGAS: 1, TIPO ESCRITA: FINA;UN;1200,0000;0,4500;540,0000;0,0000;31/12/2026
HOSPITAL ESTADUAL TELECILA FREITAS FONTES /RN;932126;264;Material;932126-14/2026;Material de expediente e itens de escritório;Catálogo do Compras.gov.br;Material;7510;ARTIGOS PARA ESCRITÓRIO;108;PINCEL ATÔMICO;435050;COR TINTA: PRETA, MATERIAL: PLÁSTICO RECICLADO, TIPO CARGA: DESCARTÁVEL, TIPO PONTA: FELTRO;UN;80,0000;1,6800;134,4000;0,0000;31/12/2026
HOSPITAL ESTADUAL TELECILA FREITAS FONTES /RN;932126;265;Material;932126-14/2026;Material de expediente e itens de escritório;Catálogo do Compras.gov.br;Material;7510;ARTIGOS PARA ESCRITÓRIO;18075;CANETA MARCA-TEXTO;428784;CARACTERÍSTICAS ADICIONAIS: TRAÇO 2,5 A 5 MM, TRANSPARENTE, COR: VERDE, MATERIAL: PLÁSTICO, TIPO PONTA: CHANFRADA;CX;20,0000;11,9700;239,4000;0,0000;31/12/2026
HOSPITAL ESTADUAL TELECILA FREITAS FONTES /RN;932126;266;Material;932126-14/2026;Material de expediente e itens de escritório;Catálogo do Compras.gov.br;Material;7520;ACESSÓRIOS E DISPOSITIVOS PARA ESCRITÓRIO;27;GRAMPEADOR;485627;CAPACIDADE: 20, CARACTERÍSTICAS ADICIONAIS: PINTURA EPÓXI, MATERIAL: METAL, TAMANHO GRAMPO: 24/6 E 26/6, TIPO: MESA, TRATAMENTO SUPERFICIAL: PINTURA ELETROSTÁTICA;UN;30,0000;27,4000;822,0000;0,0000;31/12/2026
HOSPITAL ESTADUAL TELECILA FREITAS FONTES /RN;932126;267;Material;932126-14/2026;Material de expediente e itens de escritório;Catálogo do Compras.gov.br;Material;7510;ARTIGOS PARA ESCRITÓRIO;153;REFIL TINTA;609214;APLICAÇÃO: MARCADOR PENTEL EASYFLO TIPO MWR1, CARACTERÍSTICAS ADICIONAIS: CARGA PARA UMA CANETA EM CADA TUBO, 12 UNIDADES, COR: VERMELHO, MATERIAL: TINTA;FR;15,0000;3,4900;52,3500;0,0000;31/12/2026
HOSPITAL ESTADUAL TELECILA FREITAS FONTES /RN;932126;268;Material;932126-14/2026;Material de expediente e itens de escritório;Catálogo do Compras.gov.br;Material;7520;ACESSÓRIOS E DISPOSITIVOS PARA ESCRITÓRIO;18066;EXTRATOR GRAMPO;429829;COMPRIMENTO: 150, LARGURA: 15, MATERIAL: AÇO GALVANIZADO, TIPO: ESPÁTULA;UN;30,0000;1,7000;51,0000;0,0000;31/12/2026
HOSPITAL ESTADUAL TELECILA FREITAS FONTES /RN;932126;269;Material;932126-14/2026;Material de expediente e itens de escritório;Catálogo do Compras.gov.br;Material;7510;ARTIGOS PARA ESCRITÓRIO;108;PINCEL ATÔMICO;435051;COR TINTA: VERMELHA, MATERIAL: PLÁSTICO RECICLADO, TIPO CARGA: DESCARTÁVEL, TIPO PONTA: FELTRO;UN;80,0000;3,5800;286,4000;0,0000;31/12/2026
HOSPITAL ESTADUAL TELECILA FREITAS FONTES /RN;932126;270;Material;932126-14/2026;Material de expediente e itens de escritório;Catálogo do Compras.gov.br;Material;7510;ARTIGOS PARA ESCRITÓRIO;11;CLIPE;432336;FORMATO: TRANÇADO, MATERIAL: METAL, TAMANHO: 4/0, TRATAMENTO SUPERFICIAL: GALVANIZADO;CX;20,0000;2,5700;51,4000;0,0000;31/12/2026
HOSPITAL ESTADUAL TELECILA FREITAS FONTES /RN;932126;271;Material;932126-14/2026;Material de expediente e itens de escritório;Catálogo do Compras.gov.br;Material;7540;FORMULÁRIOS PADRONIZADOS;201;LIVRO PROTOCOLO;616483;CARACTERÍSTICAS ADICIONAIS: IMPRESSO CONFORME MODELO, COMPRIMENTO: 335, GRAMATURA FOLHAS: 75, LARGURA: 345, MATERIAL FOLHAS: PAPEL OFSETE, QUANTIDADE FOLHAS: 100, TIPO CAPA: DURA;UN;24,0000;9,7100;233,0400;0,0000;31/12/2026
HOSPITAL ESTADUAL TELECILA FREITAS FONTES /RN;932126;272;Material;932126-14/2026;Material de expediente e itens de escritório;Catálogo do Compras.gov.br;Material;7540;FORMULÁRIOS PADRONIZADOS;200;LIVRO ATA;483474;CARACTERÍSTICAS ADICIONAIS: FOLHAS PAUTADAS SEM MARGEM, CAPA DURA, COMPRIMENTO: 300, GRAMATURA: 63, LARGURA: 210, MATERIAL: PAPEL OFSETE, QUANTIDADE FOLHAS: 100;UN;60,0000;9,9900;599,4000;0,0000;31/12/2026
HOSPITAL ESTADUAL TELECILA FREITAS FONTES /RN;932126;273;Material;932126-14/2026;Material de expediente e itens de escritório;Catálogo do Compras.gov.br;Material;7510;ARTIGOS PARA ESCRITÓRIO;18075;CANETA MARCA-TEXTO;474361;CARACTERÍSTICAS ADICIONAIS: ATÓXICO, TINTA: SEGURA EM GEL, COM 12 UNIDADES, COR: VARIADA, MATERIAL: RESINA TERMOPLÁSTICA, TIPO: BASE GIRATÓRIA SECAGEM RÁPIDA, TIPO PONTA: ARREDONDADA RESISTENTE;CX;15,0000;11,9700;179,5500;0,0000;31/12/2026
HOSPITAL ESTADUAL TELECILA FREITAS FONTES /RN;932126;274;Material;932126-14/2026;Material de expediente e itens de escritório;Catálogo do Compras.gov.br;Material;7510;ARTIGOS PARA ESCRITÓRIO;20;PASTA ARQUIVO;622663;ALTURA: 350, CARACTERÍSTICAS ADICIONAIS 2: TRANSPARENTE/ELÁSTICO, CARACTERÍSTICAS ADICIONAIS 3: ESPESSURA DE 0,35 MM, COR: VARIADA, LARGURA: 235, MATERIAL: POLIPROPILENO;UN;90,0000;2,2200;199,8000;0,0000;31/12/2026
HOSPITAL ESTADUAL TELECILA FREITAS FONTES /RN;932126;275;Material;932126-14/2026;Material de expediente e itens de escritório;Catálogo do Compras.gov.br;Material;7510;ARTIGOS PARA ESCRITÓRIO;18071;FITA ADESIVA;445375;APLICAÇÃO: EMPACOTAMENTO, COMPRIMENTO: 50, LARGURA: 50, MATERIAL: POLIPROPILENO, TIPO: TRANSPARENTE;RO;30,0000;3,2300;96,9000;0,0000;31/12/2026
HOSPITAL ESTADUAL TELECILA FREITAS FONTES /RN;932126;276;Material;932126-14/2026;Material de expediente e itens de escritório;Catálogo do Compras.gov.br;Material;7510;ARTIGOS PARA ESCRITÓRIO;18768;LÁPIS;392212;COR: PRETA, DUREZA CARGA: HB2, MATERIAL: RESINA, TIPO: ATÓXICO;UN;500,0000;0,1900;95,0000;0,0000;31/12/2026
HOSPITAL ESTADUAL TELECILA FREITAS FONTES /RN;932126;277;Material;932126-14/2026;Material de expediente e itens de escritório;Catálogo do Compras.gov.br;Material;7510;ARTIGOS PARA ESCRITÓRIO;20;PASTA ARQUIVO;616996;ALTURA: 345, CARACTERÍSTICAS ADICIONAIS 2: VISOR PLÁSTICO NA LOMBADA, LARGURA: 285, LOMBADA: 5,3, MATERIAL: POLIPROPILENO, TIPO: REGISTRADORA AZ;UN;30,0000;9,0000;270,0000;0,0000;31/12/2026
HOSPITAL ESTADUAL TELECILA FREITAS FONTES /RN;932126;278;Material;932126-14/2026;Material de expediente e itens de escritório;Catálogo do Compras.gov.br;Material;7510;ARTIGOS PARA ESCRITÓRIO;37;AGENDA;600074;CARACTERÍSTICAS ADICIONAIS: CONFORME MODELO DO ÓRGÃO, COMPRIMENTO: 20,50, COR CAPA: PRETA, GRAMATURA: 60, LARGURA: 143, QUANTIDADE FOLHAS: 336, REVESTIMENTO CAPA: COURO SINTÉTICO, TIPO: ANUAL, TIPO ENCADERNAÇÃO: COSTURADA, TIPO PAPEL MIOLO: OFSETE;UN;15,0000;18,1600;272,4000;0,0000;31/12/2026
HOSPITAL ESTADUAL TELECILA FREITAS FONTES /RN;932126;279;Material;932126-14/2026;Material de expediente e itens de escritório;Catálogo do Compras.gov.br;Material;7520;ACESSÓRIOS E DISPOSITIVOS PARA ESCRITÓRIO;1499;ESTILETE;622133;CARACTERÍSTICAS ADICIONAIS: LÂMINA DE AÇO CARBONO, ESPESSURA: 18, MATERIAL CORPO: POLIPROPILENO, TIPO: COM TRAVA;UN;20,0000;1,6300;32,6000;0,0000;31/12/2026
HOSPITAL ESTADUAL TELECILA FREITAS FONTES /RN;932126;280;Material;932126-14/2026;Material de expediente e itens de escritório;Catálogo do Compras.gov.br;Material;7510;ARTIGOS PARA ESCRITÓRIO;18075;CANETA MARCA-TEXTO;338917;CARACTERÍSTICAS ADICIONAIS: TRAÇO 2,5MM, COR: AZUL, MATERIAL: PLÁSTICO, TIPO: RECARREGÁVEL, TIPO PONTA: POROSA;CX;20,0000;11,9700;239,4000;0,0000;31/12/2026
HOSPITAL ESTADUAL TELECILA FREITAS FONTES /RN;932126;281;Material;932126-14/2026;Material de expediente e itens de escritório;Catálogo do Compras.gov.br;Material;7510;ARTIGOS PARA ESCRITÓRIO;10736;PINCEL QUADRO BRANCO / MAGNÉTICO;435078;CARACTERÍSTICAS ADICIONAIS: CILÍNDRICO, COR: PRETA, MATERIAL: PLÁSTICO RECICLADO, MATERIAL PONTA: FELTRO, TIPO CARGA: DESCARTÁVEL;UN;80,0000;1,6000;128,0000;0,0000;31/12/2026
HOSPITAL ESTADUAL TELECILA FREITAS FONTES /RN;932126;282;Material;932126-14/2026;Material de expediente e itens de escritório;Catálogo do Compras.gov.br;Material;7510;ARTIGOS PARA ESCRITÓRIO;18258;TINTA PARA CARIMBO;411718;ASPECTO FÍSICO: LÍQUIDO, COMPONENTES: BASE D'ÁGUA, CORANTE, SOLVENTES E ADITIVOS, COR: PRETA;FR;20,0000;2,7500;55,0000;0,0000;31/12/2026
HOSPITAL ESTADUAL TELECILA FREITAS FONTES /RN;932126;283;Material;932126-14/2026;Material de expediente e itens de escritório;Catálogo do Compras.gov.br;Material;7520;ACESSÓRIOS E DISPOSITIVOS PARA ESCRITÓRIO;114;MOLHA-DEDOS;402876;CARACTERÍSTICAS ADICIONAIS: DIÂMETRO EXTERNO DA BASE 7,5 CM, FORMATO: REDONDO, MATERIAL BASE: PLÁSTICO, MATERIAL CARGA: ESPONJA, TAMANHO: ÚNICO, USO: ÁGUA OU GLICERINA LÍQUIDA;UN;15,0000;1,8400;27,6000;0,0000;31/12/2026
HOSPITAL ESTADUAL TELECILA FREITAS FONTES /RN;932126;284;Material;932126-14/2026;Material de expediente e itens de escritório;Catálogo do Compras.gov.br;Material;7510;ARTIGOS PARA ESCRITÓRIO;19705;ENVELOPE;623570;CARACTERÍSTICAS ADICIONAIS: ABA PARA FECHAMENTO COM DOBRA, COR: BRANCO, GRAMATURA: 120, MATERIAL: OFFSET, MODELO: SACO COMUM, TAMANHO (C X L): 180 X 250;UN;90,0000;0,4000;36,0000;0,0000;31/12/2026
HOSPITAL ESTADUAL TELECILA FREITAS FONTES /RN;932126;285;Material;932126-14/2026;Material de expediente e itens de escritório;Catálogo do Compras.gov.br;Material;7510;ARTIGOS PARA ESCRITÓRIO;26;PAPEL CARBONO;467193;APLICAÇÃO: ESCRITA MANUAL, COMPRIMENTO: 356, COR: AZUL, LARGURA: 216, MATERIAL: PELÍCULA POLIÉSTER, TIPO: MONOFACE;CX;10,0000;23,0000;230,0000;0,0000;31/12/2026
HOSPITAL ESTADUAL TELECILA FREITAS FONTES /RN;932126;286;Material;932126-14/2026;Material de expediente e itens de escritório;Catálogo do Compras.gov.br;Material;7510;ARTIGOS PARA ESCRITÓRIO;18075;CANETA MARCA-TEXTO;428783;CARACTERÍSTICAS ADICIONAIS: TRAÇO 2,5 A 5 MM, TRANSPARENTE, COR: ROSA, MATERIAL: PLÁSTICO, TIPO PONTA: CHANFRADA;CX;20,0000;11,9700;239,4000;0,0000;31/12/2026
HOSPITAL ESTADUAL TELECILA FREITAS FONTES /RN;932126;287;Material;932126-14/2026;Material de expediente e itens de escritório;Catálogo do Compras.gov.br;Material;7510;ARTIGOS PARA ESCRITÓRIO;11;CLIPE;483432;APLICAÇÃO: MATERIAL DE EXPEDIENTE, FORMATO: PARALELO, MATERIAL: ARAME DE AÇO, TAMANHO: 6/0, TRATAMENTO SUPERFICIAL: GALVANIZADO;CX;20,0000;3,7500;75,0000;0,0000;31/12/2026
HOSPITAL ESTADUAL TELECILA FREITAS FONTES /RN;932126;288;Material;932126-14/2026;Material de expediente e itens de escritório;Catálogo do Compras.gov.br;Material;7510;ARTIGOS PARA ESCRITÓRIO;11569;RÉGUA COMUM;435081;COMPRIMENTO: 50, COR: INCOLOR, GRADUAÇÃO: MILIMETRADA, MATERIAL: PLÁSTICO RECICLADO;UN;15,0000;8,0000;120,0000;0,0000;31/12/2026
HOSPITAL ESTADUAL TELECILA FREITAS FONTES /RN;932126;289;Material;932126-14/2026;Material de expediente e itens de escritório;Catálogo do Compras.gov.br;Material;7520;ACESSÓRIOS E DISPOSITIVOS PARA ESCRITÓRIO;275;FICHÁRIO MESA ESCRITÓRIO;386103;ALTURA: 145, CAPACIDADE: 600 CARTÕES, CARACTERÍSTICAS ADICIONAIS: COM DIVISÓRIAS "AZ", COMPRIMENTO: 270, COR: FUMÊ, DIMENSÃO FICHA: 5 X 8, LARGURA: 212, MATERIAL: ACRÍLICO, MATERIAL BASE: AÇO;UN;15,0000;10,6700;160,0500;0,0000;31/12/2026
HOSPITAL ESTADUAL TELECILA FREITAS FONTES /RN;932126;290;Material;932126-14/2026;Material de expediente e itens de escritório;Catálogo do Compras.gov.br;Material;7520;ACESSÓRIOS E DISPOSITIVOS PARA ESCRITÓRIO;46;APONTADOR LÁPIS;464636;CARACTERÍSTICAS ADICIONAIS: COM DEPÓSITO, LÂMINA AÇO INOXIDÁVEL, MATERIAL: PLÁSTICO, QUANTIDADE FUROS: 1, TAMANHO: CONFORME MODELO DO ORGÃO, TIPO: MESA;UN;15,0000;1,4300;21,4500;0,0000;31/12/2026
HOSPITAL ESTADUAL TELECILA FREITAS FONTES /RN;932126;291;Material;932126-14/2026;Material de expediente e itens de escritório;Catálogo do Compras.gov.br;Material;7520;ACESSÓRIOS E DISPOSITIVOS PARA ESCRITÓRIO;280;CAIXA CORRESPONDÊNCIA;302375;COMPRIMENTO: 350, COR: FUMÊ, LARGURA: 260, MATERIAL: ACRÍLICO, TIPO: SIMPLES;UN;20,0000;12,0200;240,4000;0,0000;31/12/2026
HOSPITAL ESTADUAL TELECILA FREITAS FONTES /RN;932126;292;Material;932126-14/2026;Material de expediente e itens de escritório;Catálogo do Compras.gov.br;Material;7510;ARTIGOS PARA ESCRITÓRIO;10736;PINCEL QUADRO BRANCO / MAGNÉTICO;435076;CARACTERÍSTICAS ADICIONAIS: CILÍNDRICO, COR: AZUL, MATERIAL: PLÁSTICO RECICLADO, MATERIAL PONTA: FELTRO, TIPO CARGA: DESCARTÁVEL;UN;80,0000;1,6000;128,0000;0,0000;31/12/2026
HOSPITAL ESTADUAL TELECILA FREITAS FONTES /RN;932126;293;Material;932126-14/2026;Material de expediente e itens de escritório;Catálogo do Compras.gov.br;Material;7510;ARTIGOS PARA ESCRITÓRIO;33;COLCHETE FIXAÇÃO;405484;MATERIAL: LATÃO, TAMANHO: Nº 10;CX;30,0000;6,2500;187,5000;0,0000;31/12/2026
HOSPITAL ESTADUAL TELECILA FREITAS FONTES /RN;932126;294;Material;932126-14/2026;Material de expediente e itens de escritório;Catálogo do Compras.gov.br;Material;7540;FORMULÁRIOS PADRONIZADOS;346;BLOCO RECADO;462282;CARACTERÍSTICAS ADICIONAIS: 4 CORES NEON, REMOVÍVEL/REPOSICIONÁVEL 75 G/M2, COMPRIMENTO: 50, COR: VARIADA, LARGURA: 38, MATERIAL: PAPEL, QUANTIDADE FOLHAS: 50;UN;20,0000;3,1500;63,0000;0,0000;31/12/2026
HOSPITAL ESTADUAL TELECILA FREITAS FONTES /RN;932126;295;Material;932126-14/2026;Material de expediente e itens de escritório;Catálogo do Compras.gov.br;Material;7520;ACESSÓRIOS E DISPOSITIVOS PARA ESCRITÓRIO;3442;TESOURA;624252;APLICAÇÃO: MULTIUSO, COMPRIMENTO: 275, MATERIAL: LÂMINA DE AÇO, TAMANHO: 105;UN;30,0000;17,0000;510,0000;0,0000;31/12/2026
HOSPITAL ESTADUAL TELECILA FREITAS FONTES /RN;932126;296;Material;932126-14/2026;Material de expediente e itens de escritório;Catálogo do Compras.gov.br;Material;7540;FORMULÁRIOS PADRONIZADOS;346;BLOCO RECADO;462282;CARACTERÍSTICAS ADICIONAIS: 4 CORES NEON, REMOVÍVEL/REPOSICIONÁVEL 75 G/M2, COMPRIMENTO: 50, COR: VARIADA, LARGURA: 38, MATERIAL: PAPEL, QUANTIDADE FOLHAS: 50;UN;30,0000;2,4300;72,9000;0,0000;31/12/2026
HOSPITAL ESTADUAL TELECILA FREITAS FONTES /RN;932126;297;Material;932126-14/2026;Material de expediente e itens de escritório;Catálogo do Compras.gov.br;Material;7520;ACESSÓRIOS E DISPOSITIVOS PARA ESCRITÓRIO;18065;PRANCHETA PORTÁTIL;439975;CARACTERÍSTICAS ADICIONAIS: COM PEGADOR METÁLICO, COMPRIMENTO: 345, COR: CRISTAL, LARGURA: 220, MATERIAL: ACRÍLICO TRANSPARENTE;UN;30,0000;25,4700;764,1000;0,0000;31/12/2026
HOSPITAL ESTADUAL TELECILA FREITAS FONTES /RN;932126;298;Material;932126-14/2026;Material de expediente e itens de escritório;Catálogo do Compras.gov.br;Material;7520;ACESSÓRIOS E DISPOSITIVOS PARA ESCRITÓRIO;280;CAIXA CORRESPONDÊNCIA;449376;ALTURA: 50, CARACTERÍSTICAS ADICIONAIS: COM INCLINAÇÃO ENTRE AS BANDEJAS, COMPRIMENTO: 370, COR: INCOLOR, LARGURA: 260, MATERIAL: POLIETILENO, TIPO: TRIPLA;UN;20,0000;30,0000;600,0000;0,0000;31/12/2026
HOSPITAL ESTADUAL TELECILA FREITAS FONTES /RN;932126;299;Material;932126-14/2026;Material de expediente e itens de escritório;Catálogo do Compras.gov.br;Material;7510;ARTIGOS PARA ESCRITÓRIO;20;PASTA ARQUIVO;610473;ALTURA: 235, APLICAÇÃO: DOCUMENTOS, CARACTERÍSTICAS ADICIONAIS: COM ABA E ELÁSTICO, COR: AZUL, LARGURA: 350, MATERIAL: PAPELÃO;UN;50,0000;1,4000;70,0000;0,0000;31/12/2026
HOSPITAL ESTADUAL TELECILA FREITAS FONTES /RN;932126;300;Material;932126-14/2026;Material de expediente e itens de escritório;Catálogo do Compras.gov.br;Material;7510;ARTIGOS PARA ESCRITÓRIO;18071;FITA ADESIVA;613470;APLICAÇÃO: ACONDICIONAMENTO E EMBALAGEM, CARACTERÍSTICAS ADICIONAIS: REFORÇO EM NYLON, IMPRESSÃO PERSONALIZADA, COMPRIMENTO: 170, COR: MARROM, LARGURA: 80, MATERIAL: PAPEL KRAFT, TIPO: GOMADA;RO;30,0000;14,1000;423,0000;0,0000;31/12/2026
HOSPITAL ESTADUAL TELECILA FREITAS FONTES /RN;932126;301;Material;932126-14/2026;Material de expediente e itens de escritório;Catálogo do Compras.gov.br;Material;7510;ARTIGOS PARA ESCRITÓRIO;20;PASTA ARQUIVO;613284;CARACTERÍSTICAS ADICIONAIS 1: 12 DIVISÕES, FECHAMENTO COM ELÁSTICO, COR: INCOLOR, MATERIAL: POLIPROPILENO, TIPO: SANFONADA, TAMANHO: 330 X 240 MM;UN;30,0000;30,9100;927,3000;0,0000;31/12/2026
HOSPITAL ESTADUAL TELECILA FREITAS FONTES /RN;932126;302;Material;932126-14/2026;Material de expediente e itens de escritório;Catálogo do Compras.gov.br;Material;8040;ADESIVOS;13894;COLA;435043;CARACTERÍSTICAS ADICIONAIS: ATÓXICA, COMPOSIÇÃO: PLÁSTICO RECICLADO, COR: BRANCA, TIPO: BASTÃO;BIS;20,0000;2,2400;44,8000;0,0000;31/12/2026
HOSPITAL ESTADUAL TELECILA FREITAS FONTES /RN;932126;303;Material;932126-14/2026;Material de expediente e itens de escritório;Catálogo do Compras.gov.br;Material;8040;ADESIVOS;13894;COLA;622132;APLICAÇÃO: PAPEL, APRESENTAÇÃO: 90, CARACTERÍSTICAS ADICIONAIS: VALIDADE MÍNIMA 12 MESES C/SELO DO INMETRO, COMPOSIÇÃO: BASE ÁGUA, COR: BRANCA, TIPO: LÍQUIDO;BIS;20,0000;1,0700;21,4000;0,0000;31/12/2026
HOSPITAL ESTADUAL TELECILA FREITAS FONTES /RN;932126;304;Material;932126-14/2026;Material de expediente e itens de escritório;Catálogo do Compras.gov.br;Material;6135;BATERIAS NAO RECARREGÁVEIS;10708;PILHA;419860;CARACTERÍSTICAS ADICIONAIS: NÃO RECARREGÁVEL, MODELO: AAA, SISTEMA ELETROQUÍMICO: ALCALINA, TAMANHO: PALITO, TENSÃO NOMINAL: 1,5;UN;400,0000;1,3100;524,0000;0,0000;31/12/2026
HOSPITAL ESTADUAL TELECILA FREITAS FONTES /RN;932126;305;Material;932126-14/2026;Material de expediente e itens de escritório;Catálogo do Compras.gov.br;Material;6135;BATERIAS NAO RECARREGÁVEIS;10708;PILHA;419859;CARACTERÍSTICAS ADICIONAIS: NÃO RECARREGÁVEL, MODELO: AA, SISTEMA ELETROQUÍMICO: ALCALINA, TAMANHO: PEQUENA, TENSÃO NOMINAL: 1,5;UN;400,0000;1,6000;640,0000;0,0000;31/12/2026
HOSPITAL ESTADUAL TELECILA FREITAS FONTES /RN;932126;306;Material;932126-14/2026;Material de expediente e itens de escritório;Catálogo do Compras.gov.br;Material;6135;BATERIAS NAO RECARREGÁVEIS;10708;PILHA;419861;CARACTERÍSTICAS ADICIONAIS: NÃO RECARREGÁVEL, MODELO: D, SISTEMA ELETROQUÍMICO: ALCALINA, TAMANHO: GRANDE, TENSÃO NOMINAL: 1,5;UN;18,0000;7,5000;135,0000;0,0000;31/12/2026
HOSPITAL ESTADUAL TELECILA FREITAS FONTES /RN;932126;307;Material;932126-14/2026;Material de expediente e itens de escritório;Catálogo do Compras.gov.br;Material;6135;BATERIAS NAO RECARREGÁVEIS;3479;BATERIA NÃO RECARREGÁVEL;410379;APLICAÇÃO: TERMÔMETRO DIGITAL FLEXTERM INCOTERM, CAPACIDADE NOMINAL: 38, MODELO: LR41, SISTEMA ELETROQUÍMICO: ALCALINA, TENSÃO NOMINAL: 1,5, TIPO: BUTTON CELL;UN;180,0000;2,0000;360,0000;0,0000;31/12/2026
HOSPITAL ESTADUAL TELECILA FREITAS FONTES /RN;932126;308;Material;932126-14/2026;Material de expediente e itens de escritório;Catálogo do Compras.gov.br;Material;6135;BATERIAS NAO RECARREGÁVEIS;3479;BATERIA NÃO RECARREGÁVEL;482036;CAPACIDADE NOMINAL: 120, MODELO: LR44, TENSÃO NOMINAL: 1,5, TIPO: BOTÃO;UN;180,0000;2,0000;360,0000;0,0000;31/12/2026
HOSPITAL ESTADUAL TELECILA FREITAS FONTES /RN;932126;309;Material;932126-14/2026;Material de expediente e itens de escritório;Catálogo do Compras.gov.br;Material;7060;PEÇAS E ACESSÓRIOS PARA COMPUTADORES;14249;CAIXA SOM;622157;APLICAÇÃO: USO EM GERAL, COR: PRETA, IMPEDÂNCIA: 100, POTÊNCIA: 200, PROFUNDIDADE: 300, RESPOSTA FREQÜÊNCIA: 60 HZ, TIPO FONTE: INTERNA, VOLTAGEM: 110/220;UN;1,0000;528,5700;528,5700;0,0000;31/12/2026
HOSPITAL ESTADUAL TELECILA FREITAS FONTES /RN;932126;310;Material;932126-13/2026;Veículos sobre rodas - Adminsitrativo e para transporte sanitário;Catálogo do Compras.gov.br;Material;2320;VEÍCULOS SOBRE RODAS;2396;AMBULÂNCIA;621643;ANO FABRICAÇÃO/ANO MODELO: 0 KM, CAPACIDADE MÍNIMA CARGA: 1.400, CILINDRADA: 1950, COMBUSTÍVEL: DIESEL, COR: BRANCA, ESTRUTURA SINALIZADOR: AÇO EXTRUDADO, FORMATO SINALIZADOR: BARRA, POTÊNCIA: 130, QUANTIDADE MARCHAS TRANSMISSÃO A FRENTE: 5, QUANTIDADE PORTAS: 2 FRONTAIS 1 LATERAL DESLIZANTE 2 TRASEIRAS FOLHA, TIPO: FURGÃO, TIPO CAMBIO: MECÂNICO, TIPO SINALIZADOR: LED COM LENTES VERMELHAS;UN;1,0000;357629,5200;357629,5200;0,0000;31/12/2026
HOSPITAL ESTADUAL TELECILA FREITAS FONTES /RN;932126;311;Material;932126-13/2026;Veículos sobre rodas - Adminsitrativo e para transporte sanitário;Catálogo do Compras.gov.br;Material;2320;VEÍCULOS SOBRE RODAS;4076;CADEIRA DE RODAS;400778;ACABAMENTO DO ENCOSTO E ASSENTO: PLÁSTICO RESISTENTE, ACABAMENTO ESTRUTURA: ESMALTADO, APOIO PÉS: APOIO PÉS FIXO, CAPACIDADE MÁXIMA: ATÉ 120, CARACTERÍSTICAS ADICIONAIS: ENCAIXE PARA VASO SANITÁRIO, MATERIAL ESTRUTURA: AÇO INOXIDÁVEL, TAMANHO: ADULTO, TIPO CONSTRUTIVO: FIXA, TIPO DE PNEU: PNEUS DIANTEIROS MACIÇOS, TIPO ENCOSTO: ENCOSTO FIXO, TIPO FUNCIONAMENTO: MANUAL, TIPO PNEU TRASEIRO: MACIÇO, TIPO USO: BANHO;UN;50,0000;557,9100;27895,5000;0,0000;31/12/2026
HOSPITAL ESTADUAL TELECILA FREITAS FONTES /RN;932126;312;Material;932126-13/2026;Veículos sobre rodas - Adminsitrativo e para transporte sanitário;Catálogo do Compras.gov.br;Material;2320;VEÍCULOS SOBRE RODAS;14415;VEÍCULO UTILITÁRIO;623689;CAPACIDADE PASSAGEIRO: 5, CARGA ÚTIL MÍNIMA: 1000, CILINDRADA MÍNIMA: 2.400, POTÊNCIA MÍNIMA MOTOR: 190, QUANTIDADE PORTAS: 4, TIPO DIREÇÃO: ELÉTRICA, TIPO MOTOR: DIESEL, TIPO TRAÇÃO: 4X4, TRANSMISSÃO: MANUAL;UN;1,0000;150000,0000;150000,0000;0,0000;31/12/2026
HOSPITAL ESTADUAL TELECILA FREITAS FONTES /RN;932126;1312;Material;932126-5/2026;Gêneros alimentícios;Catálogo do Compras.gov.br;Material;8915;FRUTAS, VERDURAS E LEGUMES;19789;FRUTA;464376;APRESENTAÇÃO: NATURAL, TIPO: BANANA MAÇÃ;KG;60,0000;2,3900;143,4000;0,0000;31/12/2026
HOSPITAL ESTADUAL TELECILA FREITAS FONTES /RN;932126;386;Material;932126-11/2026;Materiais descartáveis;Catálogo do Compras.gov.br;Material;8105;SACOS E BOLSAS;11902;SACO;276736;APLICAÇÃO: COPA E COZINHA, CAPACIDADE: 1/2, MATERIAL: PLÁSTICO;PCT;1500,0000;3,4800;5220,0000;0,0000;31/12/2026
HOSPITAL ESTADUAL TELECILA FREITAS FONTES /RN;932126;1313;Material;932126-5/2026;Gêneros alimentícios;Catálogo do Compras.gov.br;Material;8915;FRUTAS, VERDURAS E LEGUMES;19772;LEGUME IN NATURA;463753;TIPO: BATATA DOCE;KG;675,0000;1,5000;1012,5000;0,0000;31/12/2026
HOSPITAL ESTADUAL TELECILA FREITAS FONTES /RN;932126;313;Material;932126-12/2026;Materiais e equipamentos de limpeza e produtos de higienização;Catálogo do Compras.gov.br;Material;8520;SABONETES, ARTIGOS PARA BARBEAR E DENTIFRÍCIOS;11870;SABONETE LÍQUIDO;225731;ACIDEZ: 6,50 A 7,50, APLICAÇÃO: TOUCADOR, ASPECTO FÍSICO: LÍQUIDO CREMOSO PEROLADO, COR: VERDE CLARO, ODOR: ERVA DOCE, TEOR ATIVOS: 10,50 A 11,50;BOM;375,0000;11,9700;4488,7500;0,0000;31/12/2026
HOSPITAL ESTADUAL TELECILA FREITAS FONTES /RN;932126;314;Material;932126-12/2026;Materiais e equipamentos de limpeza e produtos de higienização;Catálogo do Compras.gov.br;Material;8520;SABONETES, ARTIGOS PARA BARBEAR E DENTIFRÍCIOS;11870;SABONETE LÍQUIDO;405155;APLICAÇÃO: SABONETEIRA PARA SABONETE LÍQUIDO, AROMA: ERVA-DOCE, ASPECTO FÍSICO: CREMOSO, CARACTERÍSTICAS ADICIONAIS: REFIL 800 ML PARA DISPENSER;CX;330,0000;97,4700;32165,1000;0,0000;31/12/2026
HOSPITAL ESTADUAL TELECILA FREITAS FONTES /RN;932126;315;Material;932126-12/2026;Materiais e equipamentos de limpeza e produtos de higienização;Catálogo do Compras.gov.br;Material;8520;SABONETES, ARTIGOS PARA BARBEAR E DENTIFRÍCIOS;11870;SABONETE LÍQUIDO;225729;ACIDEZ: 9,50 A 10,50, APLICAÇÃO: INDUSTRIAL, ASPECTO FÍSICO: LÍQUIDO VISCOSO TRANSPARENTE, COR: ROSA, ODOR: ERVA DOCE, TEOR ATIVOS: 6 A 8;BOM;375,0000;36,8000;13800,0000;0,0000;31/12/2026
HOSPITAL ESTADUAL TELECILA FREITAS FONTES /RN;932126;316;Material;932126-12/2026;Materiais e equipamentos de limpeza e produtos de higienização;Catálogo do Compras.gov.br;Material;7930;COMPOSTOS E PREPARADOS PARA LIMPEZA E POLIMENTO;9309;MÁQUINA LAVAR ROUPA;425533;APLICAÇÃO: INDUSTRIAL, CAPACIDADE: 50, MATERIAL CESTO: AÇO INOXIDÁVEL, MATERIAL GABINETE: AÇO CARBONO, TIPO: AUTOMÁTICA, VOLTAGEM: 220;UN;3,0000;81061,4300;243184,2900;0,0000;31/12/2026
HOSPITAL ESTADUAL TELECILA FREITAS FONTES /RN;932126;317;Material;932126-12/2026;Materiais e equipamentos de limpeza e produtos de higienização;Catálogo do Compras.gov.br;Material;8135;MATERIAIS A GRANEL PARA ACONDICIONAMENTO E EMBALAGEM;15657;PORTA-PALETE;615984;ALTURA: 930, CAPACIDADE CARGA: 300, CARACTERÍSTICAS ADICIONAIS: ARAMADO E EMPILHAVEL, COMPRIMENTO: 1.200, LARGURA: 730, MATERIAL: FERRO GALVANIZADO, TIPO: DESMONTÁVEL;UN;5,0000;2549,9900;12749,9500;0,0000;31/12/2026
HOSPITAL ESTADUAL TELECILA FREITAS FONTES /RN;932126;318;Material;932126-12/2026;Materiais e equipamentos de limpeza e produtos de higienização;Catálogo do Compras.gov.br;Material;7930;COMPOSTOS E PREPARADOS PARA LIMPEZA E POLIMENTO;2166;ÁGUA SANITÁRIA;299605;COMPOSIÇÃO QUÍMICA: HIPOCLORITO DE SÓDIO, HIDRÓXIDO DE SÓDIO, CLORETO, COR: INCOLOR, TEOR CLORO ATIVO: VARIA DE 2 A 2,50%, APLICAÇÃO: LAVAGEM E ALVEJANTE DE ROUPAS, BANHEIRAS, PIAS,;GRF;600,0000;8,5000;5100,0000;0,0000;31/12/2026
HOSPITAL ESTADUAL TELECILA FREITAS FONTES /RN;932126;319;Material;932126-12/2026;Materiais e equipamentos de limpeza e produtos de higienização;Catálogo do Compras.gov.br;Material;6810;PRODUTOS QUÍMICOS;790;HIPOCLORITO DE SÓDIO;437161;ASPECTO FÍSICO: SOLUÇÃO AQUOSA, CONCENTRAÇÃO: TEOR 1% DE CLORO ATIVO;L;3800,0000;12,0000;45600,0000;0,0000;31/12/2026
HOSPITAL ESTADUAL TELECILA FREITAS FONTES /RN;932126;320;Material;932126-12/2026;Materiais e equipamentos de limpeza e produtos de higienização;Catálogo do Compras.gov.br;Material;6840;PESTICIDAS E DESINFETANTES;14487;DESINFETANTE;625338;CARACTERÍSTICA ADICIONAL: BACTERICIDA AROMATIZANTE COM FRAGRÂNCIAS SUAVES, COMPOSIÇÃO: CLORETO DE BENZALCÔNICO, EMULSSIFICANTE, ESSÊNCIA,, FORMA FÍSICA: LÍQUIDA, PRINCÍPIO ATIVO: CLORETO DE BENZALCÕNICO, TEOR ATIVO: 0,7% (P/P);L;600,0000;8,0000;4800,0000;0,0000;31/12/2026
HOSPITAL ESTADUAL TELECILA FREITAS FONTES /RN;932126;321;Material;932126-12/2026;Materiais e equipamentos de limpeza e produtos de higienização;Catálogo do Compras.gov.br;Material;7930;COMPOSTOS E PREPARADOS PARA LIMPEZA E POLIMENTO;6136;DETERGENTE;624159;APLICAÇÃO: LAVAGEM MANUAL DE LOUÇAS, UTENSÍLIOS E LIMPEZA GER, ASPECTO FÍSICO: LÍQUIDO, CARACTERÍSTICAS ADICIONAIS: PH 6,5 A 7,5, COMPOSIÇÃO: A BASE DE ÁCIDO LINEAR ALQUIBENZENO SULFÔNICO, EM;EMB;300,0000;10,2900;3087,0000;0,0000;31/12/2026
HOSPITAL ESTADUAL TELECILA FREITAS FONTES /RN;932126;322;Material;932126-12/2026;Materiais e equipamentos de limpeza e produtos de higienização;Catálogo do Compras.gov.br;Material;6505;DROGAS E MEDICAMENTOS;2259;ÁLCOOL ETÍLICO;269941;TEOR ALCOÓLICO: 70%_(70°GL), TIPO: HIDRATADO, APRESENTAÇÃO: LÍQUIDO;GL;300,0000;28,4500;8535,0000;0,0000;31/12/2026
HOSPITAL ESTADUAL TELECILA FREITAS FONTES /RN;932126;323;Material;932126-12/2026;Materiais e equipamentos de limpeza e produtos de higienização;Catálogo do Compras.gov.br;Material;6840;PESTICIDAS E DESINFETANTES;6137;DETERGENTE SANEANTE;460923;ASPECTO FÍSICO: LÍQUIDO, COMPOSIÇÃO: PERÓXIDO DE HIDROGÊNIO, OUTROS COMPONENTES: TENSOATIVO NÃO IÔNICO;L;800,0000;223,2800;178624,0000;0,0000;31/12/2026
HOSPITAL ESTADUAL TELECILA FREITAS FONTES /RN;932126;324;Material;932126-12/2026;Materiais e equipamentos de limpeza e produtos de higienização;Catálogo do Compras.gov.br;Material;7930;COMPOSTOS E PREPARADOS PARA LIMPEZA E POLIMENTO;2259;ÁLCOOL ETÍLICO;269941;TEOR ALCOÓLICO: 70%_(70°GL), TIPO: HIDRATADO, APRESENTAÇÃO: LÍQUIDO;FR;300,0000;7,1500;2145,0000;0,0000;31/12/2026
HOSPITAL ESTADUAL TELECILA FREITAS FONTES /RN;932126;325;Material;932126-12/2026;Materiais e equipamentos de limpeza e produtos de higienização;Catálogo do Compras.gov.br;Material;6810;PRODUTOS QUÍMICOS;2259;ÁLCOOL ETÍLICO;269943;TEOR ALCOÓLICO: 70%_(70°GL), TIPO: HIDRATADO, APRESENTAÇÃO: GEL;FR;450,0000;4,6000;2070,0000;0,0000;31/12/2026
HOSPITAL ESTADUAL TELECILA FREITAS FONTES /RN;932126;326;Material;932126-12/2026;Materiais e equipamentos de limpeza e produtos de higienização;Catálogo do Compras.gov.br;Material;7930;COMPOSTOS E PREPARADOS PARA LIMPEZA E POLIMENTO;11200;SOLUÇÃO LIMPEZA MULTIUSO;302856;ASPECTO FÍSICO: LÍQUIDO CONCENTRADO, CARACTERÍSTICAS ADICIONAIS: PH NEUTRO, COMPOSIÇÃO BÁSICA: ÁGUA E INGREDIENTES SULFACTANTES., TIPO USO: LIMPEZA E REMOÇÃO DE RESÍDUOS;GL;500,0000;225,8800;112940,0000;0,0000;31/12/2026
HOSPITAL ESTADUAL TELECILA FREITAS FONTES /RN;932126;327;Material;932126-12/2026;Materiais e equipamentos de limpeza e produtos de higienização;Catálogo do Compras.gov.br;Material;6840;PESTICIDAS E DESINFETANTES;14487;DESINFETANTE;607280;COMPOSIÇÃO: À BASE DE QUATERNÁRIO DE AMÔNIO, FORMA FÍSICA: SOLUÇÃO AQUOSA, PRINCÍPIO ATIVO: PERÓXIDO DE HIDROGÊNIO, TEOR ATIVO: CERCA DE 5,5% + 4,3%;L;1670,0000;95,0000;158650,0000;0,0000;31/12/2026
HOSPITAL ESTADUAL TELECILA FREITAS FONTES /RN;932126;328;Material;932126-12/2026;Materiais e equipamentos de limpeza e produtos de higienização;Catálogo do Compras.gov.br;Material;7930;COMPOSTOS E PREPARADOS PARA LIMPEZA E POLIMENTO;16500;LIMPADOR IMPUREZAS;303322;APLICAÇÃO: REMOVER FULIGEM, GORDURAS E POEIRAS DE BANHEIROS,, ASPECTO FÍSICO: LÍQUIDO, CARACTERÍSTICAS ADICIONAIS: EMBALAGEM COM TAMPA E BICO ECONÔMICO, VALIDADE IM, COMPOSIÇÃO BÁSICA: LINEAR ALQUIL BENZENO, SULFONATO DE SÓDIO, TENSOA-;GL;200,0000;75,5500;15110,0000;0,0000;31/12/2026
HOSPITAL ESTADUAL TELECILA FREITAS FONTES /RN;932126;329;Material;932126-12/2026;Materiais e equipamentos de limpeza e produtos de higienização;Catálogo do Compras.gov.br;Material;6850;ESPECIALIDADES QUÍMICAS DIVERSAS;15405;DESODORIZADOR;331905;APLICAÇÃO: AROMATIZADOR AMBIENTAL, APRESENTAÇÃO: AEROSOL, CARACTERÍSTICAS ADICIONAIS: NÃO CONTENHA CFC, ESSÊNCIA: LAVANDA/JASMIM;FR;400,0000;8,3700;3348,0000;0,0000;31/12/2026
HOSPITAL ESTADUAL TELECILA FREITAS FONTES /RN;932126;330;Material;932126-12/2026;Materiais e equipamentos de limpeza e produtos de higienização;Catálogo do Compras.gov.br;Material;8510;PERFUMES, ARTIGOS PARA TOALETE E TOUCADOR;14305;DESODORIZADOR SANITÁRIO;484680;ASPECTO FÍSICO: EM PEDRA, CARACTERÍSTICAS ADICIONAIS: SUPORTE PLÁSTICO PARA VASO SANITÁRIO, COMPOSIÇÃO: PARADICLORO BENZENO MIN 98%., ESSÊNCIA: EUCALIPTO;UN;400,0000;1,4600;584,0000;0,0000;31/12/2026
HOSPITAL ESTADUAL TELECILA FREITAS FONTES /RN;932126;331;Material;932126-12/2026;Materiais e equipamentos de limpeza e produtos de higienização;Catálogo do Compras.gov.br;Material;7920;VASSOURAS, ESCOVAS, RODOS, ESPONJAS E ESFREGÕES;7042;ESPONJA LIMPEZA;620662;APLICAÇÃO: LIMPEZA GERAL, CARACTERÍSTICAS ADICIONAIS: DUPLA FACE, COMPRIMENTO MÍNIMO: 102, ESPESSURA MÍNIMA: 28, FORMATO: RETANGULAR, LARGURA MÍNIMA: 69, MATERIAL: ESPUMA / FIBRA;UN;900,0000;0,5400;486,0000;0,0000;31/12/2026
HOSPITAL ESTADUAL TELECILA FREITAS FONTES /RN;932126;332;Material;932126-12/2026;Materiais e equipamentos de limpeza e produtos de higienização;Catálogo do Compras.gov.br;Material;7920;VASSOURAS, ESCOVAS, RODOS, ESPONJAS E ESFREGÕES;6950;ESCOVA LIMPEZA GERAL;331870;APLICAÇÃO: VASO SANITÁRIO, CARACTERÍSTICAS ADICIONAIS: COPO PLÁSTICO, MATERIAL CERDAS: POLIPROPILENO, MATERIAL CORPO: PLÁSTICO;UN;300,0000;2,0800;624,0000;0,0000;31/12/2026
HOSPITAL ESTADUAL TELECILA FREITAS FONTES /RN;932126;333;Material;932126-12/2026;Materiais e equipamentos de limpeza e produtos de higienização;Catálogo do Compras.gov.br;Material;7920;VASSOURAS, ESCOVAS, RODOS, ESPONJAS E ESFREGÕES;6950;ESCOVA LIMPEZA GERAL;482005;APLICAÇÃO: LIMPEZA DE INSTRUMENTOS EM GERAL, CARACTERÍSTICAS ADICIONAIS: CERDAS NAS DUAS EXTREMIDADES, COMPRIMENTO: CERCA DE 20, MATERIAL CERDAS: NÁILON, MATERIAL CORPO: PLÁSTICO;UN;45,0000;2,3000;103,5000;0,0000;31/12/2026
HOSPITAL ESTADUAL TELECILA FREITAS FONTES /RN;932126;334;Material;932126-12/2026;Materiais e equipamentos de limpeza e produtos de higienização;Catálogo do Compras.gov.br;Material;7920;VASSOURAS, ESCOVAS, RODOS, ESPONJAS E ESFREGÕES;7042;ESPONJA LIMPEZA;481018;APLICAÇÃO: LIMPEZA GERAL, MATERIAL: LÃ AÇO;EMB;45,0000;2,8000;126,0000;0,0000;31/12/2026
HOSPITAL ESTADUAL TELECILA FREITAS FONTES /RN;932126;335;Material;932126-12/2026;Materiais e equipamentos de limpeza e produtos de higienização;Catálogo do Compras.gov.br;Material;7920;VASSOURAS, ESCOVAS, RODOS, ESPONJAS E ESFREGÕES;13327;VASSOURA;234645;CARACTERÍSTICAS ADICIONAIS: COM CABO ROSQUEADO, LARGURA CEPA: 21, MATERIAL CEPA: PLÁSTICO, MATERIAL CERDAS: NÁILON, MATERIAL CABO: MADEIRA, COMPRIMENTO CERDAS: 11, TIPO: DOMÉSTICA, TIPO CABO: COMPRIDO, APLICAÇÃO: LIMPEZA EM GERAL;UN;250,0000;7,7600;1940,0000;0,0000;31/12/2026
HOSPITAL ESTADUAL TELECILA FREITAS FONTES /RN;932126;336;Material;932126-12/2026;Materiais e equipamentos de limpeza e produtos de higienização;Catálogo do Compras.gov.br;Material;3750;IMPLEMENTOS E FERRAMENTAS DE JARDINAGEM;16257;VASSOURA JARDINAGEM;624584;ALTURA: 120, CARACTERÍSTICAS ADICIONAIS: COM CABO DE MADEIRA, QUANTIDADE LÂMINAS: 22, TIPO: FIXA, TIPO LÂMINA: AÇO;UN;15,0000;26,0000;390,0000;0,0000;31/12/2026
HOSPITAL ESTADUAL TELECILA FREITAS FONTES /RN;932126;337;Material;932126-12/2026;Materiais e equipamentos de limpeza e produtos de higienização;Catálogo do Compras.gov.br;Material;7920;VASSOURAS, ESCOVAS, RODOS, ESPONJAS E ESFREGÕES;11781;RODO;253024;COMPRIMENTO SUPORTE: 30, MATERIAL CABO: MADEIRA, MATERIAL SUPORTE: PLÁSTICO, QUANTIDADE BORRACHAS: 2;UN;540,0000;8,2600;4460,4000;0,0000;31/12/2026
HOSPITAL ESTADUAL TELECILA FREITAS FONTES /RN;932126;338;Material;932126-12/2026;Materiais e equipamentos de limpeza e produtos de higienização;Catálogo do Compras.gov.br;Material;7920;VASSOURAS, ESCOVAS, RODOS, ESPONJAS E ESFREGÕES;11781;RODO;253025;COMPRIMENTO SUPORTE: 60, MATERIAL CABO: MADEIRA, MATERIAL SUPORTE: PLÁSTICO, QUANTIDADE BORRACHAS: 2;UN;540,0000;7,4200;4006,8000;0,0000;31/12/2026
HOSPITAL ESTADUAL TELECILA FREITAS FONTES /RN;932126;339;Material;932126-12/2026;Materiais e equipamentos de limpeza e produtos de higienização;Catálogo do Compras.gov.br;Material;8540;ARTIGOS DE PAPEL PARA HIGIENE;12792;TOALHA DE PAPEL;481231;APLICAÇÃO: HIGIENE PESSOAL, CARACTERÍSTICAS ADICIONAIS: INTERFOLHADA, COMPRIMENTO: 21,50, COR: BRANCA, LARGURA: 24 A 25, MATERIAL: PAPEL, TIPO FOLHA: 2 DOBRAS;PCT;1260,0000;13,5000;17010,0000;0,0000;31/12/2026
HOSPITAL ESTADUAL TELECILA FREITAS FONTES /RN;932126;340;Material;932126-12/2026;Materiais e equipamentos de limpeza e produtos de higienização;Catálogo do Compras.gov.br;Material;8540;ARTIGOS DE PAPEL PARA HIGIENE;12792;TOALHA DE PAPEL;249574;CARACTERÍSTICAS ADICIONAIS: GOFRADO, EM BOBINAS, COMPRIMENTO: 20, COR: BRANCA, LARGURA: 20, MATERIAL: PAPEL ALTA ALVURA, TIPO FOLHA: SIMPLES;PCT;750,0000;5,1400;3855,0000;0,0000;31/12/2026
HOSPITAL ESTADUAL TELECILA FREITAS FONTES /RN;932126;341;Material;932126-12/2026;Materiais e equipamentos de limpeza e produtos de higienização;Catálogo do Compras.gov.br;Material;8540;ARTIGOS DE PAPEL PARA HIGIENE;10383;PAPEL HIGIÊNICO;224641;CARACTERÍSTICAS ADICIONAIS: NÃO APLICÁVEL, COMPRIMENTO: 500, COR: BRANCA, LARGURA: 10, MATERIAL: CELULOSE VIRGEM, QUANTIDADE FOLHAS: SIMPLES, TIPO: LISO;UN;1050,0000;13,9300;14626,5000;0,0000;31/12/2026
HOSPITAL ESTADUAL TELECILA FREITAS FONTES /RN;932126;342;Material;932126-12/2026;Materiais e equipamentos de limpeza e produtos de higienização;Catálogo do Compras.gov.br;Material;8540;ARTIGOS DE PAPEL PARA HIGIENE;10383;PAPEL HIGIÊNICO;297836;CARACTERÍSTICAS ADICIONAIS: EXTRAMACIO, NÃO PICOTADO, COMPRIMENTO: 300, COR: BRANCA, LARGURA: 10, MATERIAL: CELULOSE VIRGEM, QUANTIDADE FOLHAS: DUPLA;UN;1050,0000;7,1800;7539,0000;0,0000;31/12/2026
HOSPITAL ESTADUAL TELECILA FREITAS FONTES /RN;932126;343;Material;932126-12/2026;Materiais e equipamentos de limpeza e produtos de higienização;Catálogo do Compras.gov.br;Material;8540;ARTIGOS DE PAPEL PARA HIGIENE;8122;GUARDANAPO DE PAPEL;338359;CARACTERÍSTICAS ADICIONAIS: ALTA CLASSE, COMPRIMENTO: 33, LARGURA: 30, MATERIAL: CELULOSE, TIPO FOLHAS: DUPLA;EMB;540,0000;3,7200;2008,8000;0,0000;31/12/2026
HOSPITAL ESTADUAL TELECILA FREITAS FONTES /RN;932126;344;Material;932126-12/2026;Materiais e equipamentos de limpeza e produtos de higienização;Catálogo do Compras.gov.br;Material;7930;COMPOSTOS E PREPARADOS PARA LIMPEZA E POLIMENTO;11863;SABÃO BARRA;298406;CARACTERÍSTICAS ADICIONAIS: 1ª QUALIDADE, COMPOSIÇÃO BÁSICA: SABÃO GLICERINADO, TIPO: NEUTRO;EMB;120,0000;8,7300;1047,6000;0,0000;31/12/2026
HOSPITAL ESTADUAL TELECILA FREITAS FONTES /RN;932126;345;Material;932126-12/2026;Materiais e equipamentos de limpeza e produtos de higienização;Catálogo do Compras.gov.br;Material;7930;COMPOSTOS E PREPARADOS PARA LIMPEZA E POLIMENTO;11865;SABÃO PÓ;324827;ASPECTO FÍSICO: PÓ, CARACTERÍSTICAS ADICIONAIS: BIODEGRADÁVEL, APLICAÇÃO: LIMPEZA GERAL;CX;1050,0000;1,3900;1459,5000;0,0000;31/12/2026
HOSPITAL ESTADUAL TELECILA FREITAS FONTES /RN;932126;346;Material;932126-12/2026;Materiais e equipamentos de limpeza e produtos de higienização;Catálogo do Compras.gov.br;Material;7920;VASSOURAS, ESCOVAS, RODOS, ESPONJAS E ESFREGÕES;10344;PANO LIMPEZA;618578;CARACTERÍSTICAS ADICIONAIS: PICOTADO, TIPO BOBINA, ANTIBACTÉRIA, COMPRIMENTO: 300, COR: VERDE, LARGURA: 33, MATERIAL: 100% VISCOSE E RESINA ACRÍLICA;RO;290,0000;63,5800;18438,2000;0,0000;31/12/2026
HOSPITAL ESTADUAL TELECILA FREITAS FONTES /RN;932126;347;Material;932126-12/2026;Materiais e equipamentos de limpeza e produtos de higienização;Catálogo do Compras.gov.br;Material;7920;VASSOURAS, ESCOVAS, RODOS, ESPONJAS E ESFREGÕES;10344;PANO LIMPEZA;610944;APLICAÇÃO: LIMPEZA INDUSTRIAL, CARACTERÍSTICAS ADICIONAIS: TIPO FLANEL, COMPRIMENTO: 29, LARGURA: 29, MATERIAL: ALGODÃO, VISCOSE, POLIESTER;UN;90,0000;3,5000;315,0000;0,0000;31/12/2026
HOSPITAL ESTADUAL TELECILA FREITAS FONTES /RN;932126;348;Material;932126-12/2026;Materiais e equipamentos de limpeza e produtos de higienização;Catálogo do Compras.gov.br;Material;7920;VASSOURAS, ESCOVAS, RODOS, ESPONJAS E ESFREGÕES;10344;PANO LIMPEZA;481028;CARACTERÍSTICAS ADICIONAIS: CHÃO, MATERIAL: 100% ALGODÃO, TIPO: TOALHA;UN;375,0000;2,3000;862,5000;0,0000;31/12/2026
HOSPITAL ESTADUAL TELECILA FREITAS FONTES /RN;932126;1314;Material;932126-5/2026;Gêneros alimentícios;Catálogo do Compras.gov.br;Material;8915;FRUTAS, VERDURAS E LEGUMES;19772;LEGUME IN NATURA;463754;TIPO: BATATA INGLESA;KG;1500,0000;2,8000;4200,0000;0,0000;31/12/2026
HOSPITAL ESTADUAL TELECILA FREITAS FONTES /RN;932126;349;Material;932126-12/2026;Materiais e equipamentos de limpeza e produtos de higienização;Catálogo do Compras.gov.br;Material;7920;VASSOURAS, ESCOVAS, RODOS, ESPONJAS E ESFREGÕES;13989;MOP ÚMIDO;307875;APLICAÇÃO: LIMPEZA, CARACTERÍSTICAS ADICIONAIS: COSTURA REFORÇADA, TIPO ESFREGÃO E LAVÁVEL, COMPRIMENTO: 20, COR: BRANCA, GRAMATURA: 100, LARGURA: 22, MATERIAL: FIO DE ALGODÃO DE ALTA QUALIDADE, PESO: 300, TIPO PONTA: DOBRADA;UN;90,0000;16,9000;1521,0000;0,0000;31/12/2026
HOSPITAL ESTADUAL TELECILA FREITAS FONTES /RN;932126;350;Material;932126-12/2026;Materiais e equipamentos de limpeza e produtos de higienização;Catálogo do Compras.gov.br;Material;7240;RECEPIENTES PARA USO DOMÉSTICO E COMERCIAL;3255;DISPENSER HIGIENIZADOR;404651;APLICAÇÃO: MÃOS, CAPACIDADE: 800, CARACTERÍSTICAS ADICIONAIS: VISOR FRONTAL PARA ÁLCOOL GEL OU SABONETE LÍQUIDO, COR: BRANCA, MATERIAL: PLÁSTICO ABS, TIPO FIXAÇÃO: PAREDE;UN;36,0000;27,0600;974,1600;0,0000;31/12/2026
HOSPITAL ESTADUAL TELECILA FREITAS FONTES /RN;932126;351;Material;932126-12/2026;Materiais e equipamentos de limpeza e produtos de higienização;Catálogo do Compras.gov.br;Material;8540;ARTIGOS DE PAPEL PARA HIGIENE;16554;DISPENSER PAPEL HIGIÊNICO;438912;ALTURA: 30, CARACTERÍSTICAS ADICIONAIS: VISOR TRANSPARENTE, SERRILHADOR, ROLO DE ATÉ 500 M, COR: BRANCO, LARGURA: 27, MATERIAL BASE: PLÁSTICO ABS, MATERIAL TAMPA: ACRÍLICO CRISTAL, PROFUNDIDADE: 13,50, TIPO: DE PAREDE;UN;45,0000;26,4700;1191,1500;0,0000;31/12/2026
HOSPITAL ESTADUAL TELECILA FREITAS FONTES /RN;932126;352;Material;932126-12/2026;Materiais e equipamentos de limpeza e produtos de higienização;Catálogo do Compras.gov.br;Material;7240;RECEPIENTES PARA USO DOMÉSTICO E COMERCIAL;2826;DISPENSER PAPEL TOALHA;372651;CARACTERÍSTICAS ADICIONAIS: INTERFOLHA 3 DOBRAS: 23X27 CM E 2 DOBRAS: 23X23 CM, COR: BRANCA E CINZA, DIMENSÕES: 32 X 26,70 X 12,80, MATERIAL: PLÁSTICO ABS, TIPO: INTERFOLHA;UN;45,0000;26,4800;1191,6000;0,0000;31/12/2026
HOSPITAL ESTADUAL TELECILA FREITAS FONTES /RN;932126;353;Material;932126-12/2026;Materiais e equipamentos de limpeza e produtos de higienização;Catálogo do Compras.gov.br;Material;7240;RECEPIENTES PARA USO DOMÉSTICO E COMERCIAL;764;BALDE;622092;CAPACIDADE: 10, COR: VARIADA, FORMATO: OVAL, MATERIAL: PLÁSTICO, MATERIAL ALÇA: FERRO;UN;45,0000;7,0500;317,2500;0,0000;31/12/2026
HOSPITAL ESTADUAL TELECILA FREITAS FONTES /RN;932126;354;Material;932126-12/2026;Materiais e equipamentos de limpeza e produtos de higienização;Catálogo do Compras.gov.br;Material;7240;RECEPIENTES PARA USO DOMÉSTICO E COMERCIAL;764;BALDE;302024;CAPACIDADE: 30, CARACTERÍSTICAS ADICIONAIS: SEM TAMPA, FORMATO: CILÍNDRICO, MATERIAL: PLÁSTICO, MATERIAL ALÇA: ARAME GALVANIZADO;UN;36,0000;11,5900;417,2400;0,0000;31/12/2026
HOSPITAL ESTADUAL TELECILA FREITAS FONTES /RN;932126;355;Material;932126-12/2026;Materiais e equipamentos de limpeza e produtos de higienização;Catálogo do Compras.gov.br;Material;7240;RECEPIENTES PARA USO DOMÉSTICO E COMERCIAL;764;BALDE;321572;CAPACIDADE: 60, CARACTERÍSTICAS ADICIONAIS: COM 2 PEGADORES LATERAIS, MATERIAL: PLÁSTICO;UN;12,0000;76,0000;912,0000;0,0000;31/12/2026
HOSPITAL ESTADUAL TELECILA FREITAS FONTES /RN;932126;356;Material;932126-12/2026;Materiais e equipamentos de limpeza e produtos de higienização;Catálogo do Compras.gov.br;Material;7920;VASSOURAS, ESCOVAS, RODOS, ESPONJAS E ESFREGÕES;14017;PÁ COLETORA LIXO;448847;ALTURA: 81, APLICAÇÃO: LIMPEZA, COMPRIMENTO: 28, COMPRIMENTO CABO: 80, LARGURA: 28, MATERIAL CABO: MADEIRA, MATERIAL COLETOR: POLIESTIRENO;UN;75,0000;3,6500;273,7500;0,0000;31/12/2026
HOSPITAL ESTADUAL TELECILA FREITAS FONTES /RN;932126;357;Material;932126-12/2026;Materiais e equipamentos de limpeza e produtos de higienização;Catálogo do Compras.gov.br;Material;7920;VASSOURAS, ESCOVAS, RODOS, ESPONJAS E ESFREGÕES;6986;ESPANADOR;314565;CARACTERÍSTICAS ADICIONAIS: TORNEADO E REFORÇADO, COMPRIMENTO CABO: 40, MATERIAL: PENAS, MATERIAL CABO: MADEIRA;UN;12,0000;30,8200;369,8400;0,0000;31/12/2026
HOSPITAL ESTADUAL TELECILA FREITAS FONTES /RN;932126;358;Material;932126-12/2026;Materiais e equipamentos de limpeza e produtos de higienização;Catálogo do Compras.gov.br;Material;7930;COMPOSTOS E PREPARADOS PARA LIMPEZA E POLIMENTO;13772;LUSTRADOR MÓVEIS;304749;APLICAÇÃO: MÓVEIS E SUPERFÍCIES LISAS, AROMA: PEROBA, ASPECTO FÍSICO: LÍQUIDO, CARACTERÍSTICAS ADICIONAIS: EMBALAGEM PLÁSTICA, BICO ECONÔMICO, VALIDADE MÍNI, COMPONENTES: ÓLEOS  MINERAL  E  VEGETAL,  SOLVENTES  MINERAL  E;FR;12,0000;25,0000;300,0000;0,0000;31/12/2026
HOSPITAL ESTADUAL TELECILA FREITAS FONTES /RN;932126;359;Material;932126-12/2026;Materiais e equipamentos de limpeza e produtos de higienização;Catálogo do Compras.gov.br;Material;7240;RECEPIENTES PARA USO DOMÉSTICO E COMERCIAL;3819;BORRIFADOR;272254;APLICAÇÃO: ACONDICIONAR SOLUÇÃO REVELADORA, CAPACIDADE: 500, MATERIAL: PLÁSTICO, TIPO: SPRAY, CONTENDO BICO BORRIFADOR;UN;20,0000;3,2000;64,0000;0,0000;31/12/2026
HOSPITAL ESTADUAL TELECILA FREITAS FONTES /RN;932126;360;Material;932126-12/2026;Materiais e equipamentos de limpeza e produtos de higienização;Catálogo do Compras.gov.br;Material;7240;RECEPIENTES PARA USO DOMÉSTICO E COMERCIAL;11495;LIXEIRA;356388;APLICAÇÃO: COLETA DE LIXO, CAPACIDADE: 240, CARACTERÍSTICAS ADICIONAIS: COM 2 RODAS, MATERIAL: POLIPROPILENO, TIPO: COM TAMPA;UN;20,0000;370,0000;7400,0000;0,0000;31/12/2026
HOSPITAL ESTADUAL TELECILA FREITAS FONTES /RN;932126;361;Material;932126-12/2026;Materiais e equipamentos de limpeza e produtos de higienização;Catálogo do Compras.gov.br;Material;7240;RECEPIENTES PARA USO DOMÉSTICO E COMERCIAL;6294;DISPENSER PARA COPO PLÁSTICO;324466;CAPACIDADE COPO: 180, CARACTERÍSTICAS ADICIONAIS: COM TAMPA REMOVÍVEL E FIXADO COM PARAFUSO/BUCHA, COMPRIMENTO: 490, COR: INCOLOR, DIÂMETRO: 75, MATERIAL: ACRÍLICO, TRANSMITÂNCIA: TRANSPARENTE, MATERIAL EXTREMIDADE: INOX, USO: COPOS DESCARTÁVEIS;UN;15,0000;58,0000;870,0000;0,0000;31/12/2026
HOSPITAL ESTADUAL TELECILA FREITAS FONTES /RN;932126;362;Material;932126-12/2026;Materiais e equipamentos de limpeza e produtos de higienização;Catálogo do Compras.gov.br;Material;7920;VASSOURAS, ESCOVAS, RODOS, ESPONJAS E ESFREGÕES;14028;CABO MOP;443425;APLICAÇÃO: MOP ÚMIDO, CARACTERÍSTICAS ADICIONAIS: TRAVA PARA REFIS, COMPONENTES: GARRA EM POLIPROPILENO, COMPRIMENTO: 1,40, COR: AZUL, MATERIAL: ALUMÍNIO;UN;10,0000;18,0000;180,0000;0,0000;31/12/2026
HOSPITAL ESTADUAL TELECILA FREITAS FONTES /RN;932126;363;Material;932126-12/2026;Materiais e equipamentos de limpeza e produtos de higienização;Catálogo do Compras.gov.br;Material;7920;VASSOURAS, ESCOVAS, RODOS, ESPONJAS E ESFREGÕES;14028;CABO MOP;229925;APLICAÇÃO: MOP ÚMIDO POLIPROPILENO, COMPONENTES: SUPORTE E TRAVA PLÁSTICA, COMPRIMENTO: 1,50, COR: AZUL, MATERIAL: ALUMÍNIO;UN;10,0000;18,0000;180,0000;0,0000;31/12/2026
HOSPITAL ESTADUAL TELECILA FREITAS FONTES /RN;932126;364;Material;932126-12/2026;Materiais e equipamentos de limpeza e produtos de higienização;Catálogo do Compras.gov.br;Material;7930;COMPOSTOS E PREPARADOS PARA LIMPEZA E POLIMENTO;8847;LIMPA-VIDRO;601034;ASPECTO FÍSICO: LÍQUIDO, COMPOSIÇÃO: ALQUIL BENZENO SULFONATO E ÁGUA;FR;30,0000;9,2000;276,0000;0,0000;31/12/2026
HOSPITAL ESTADUAL TELECILA FREITAS FONTES /RN;932126;365;Material;932126-12/2026;Materiais e equipamentos de limpeza e produtos de higienização;Catálogo do Compras.gov.br;Material;7240;RECEPIENTES PARA USO DOMÉSTICO E COMERCIAL;11495;LIXEIRA;468291;CAPACIDADE: 50, CARACTERÍSTICAS ADICIONAIS: CONFORME MODELO, MATERIAL: POLIETILENO ALTA DENSIDADE, TIPO: COM TAMPA PLÁSTICA ACIONADA POR PEDAL;UN;36,0000;65,0000;2340,0000;0,0000;31/12/2026
HOSPITAL ESTADUAL TELECILA FREITAS FONTES /RN;932126;366;Material;932126-12/2026;Materiais e equipamentos de limpeza e produtos de higienização;Catálogo do Compras.gov.br;Material;7240;RECEPIENTES PARA USO DOMÉSTICO E COMERCIAL;11495;LIXEIRA;604237;CAPACIDADE: 10, CARACTERÍSTICAS ADICIONAIS: REDONDA, COR: PRETA, MATERIAL: ACO, REVESTIMENTO: PINTADO, TIPO: TELADA;UN;20,0000;7,9900;159,8000;0,0000;31/12/2026
HOSPITAL ESTADUAL TELECILA FREITAS FONTES /RN;932126;367;Material;932126-12/2026;Materiais e equipamentos de limpeza e produtos de higienização;Catálogo do Compras.gov.br;Material;7240;RECEPIENTES PARA USO DOMÉSTICO E COMERCIAL;14011;BALDE COM ESPREMEDOR;443451;ALTURA: 84, CAPACIDADE BALDE: 30, COMPRIMENTO: 52, LARGURA: 37, MATERIAL BALDE: PLÁSTICO, MATERIAL BASE: PLÁSTICO, MATERIAL ESPREMEDOR: PLÁSTICO, TIPO ESPREMEDOR: PRESSÃO VERTICAL;UN;10,0000;534,0000;5340,0000;0,0000;31/12/2026
HOSPITAL ESTADUAL TELECILA FREITAS FONTES /RN;932126;368;Material;932126-12/2026;Materiais e equipamentos de limpeza e produtos de higienização;Catálogo do Compras.gov.br;Material;7930;COMPOSTOS E PREPARADOS PARA LIMPEZA E POLIMENTO;2387;AMACIANTE DE ROUPA;349194;ASPECTO FÍSICO: LÍQUIDO VISCOSO, CARACTERÍSTICAS ADICIONAIS: EMBALAGEM PLÁSTICA TAMPA E ALÇA E BIODEGRADÁVEL, COMPOSIÇÃO: CLORETO DE DIALQUILDIMETILAMÔNIO;BOM;24,0000;717,0000;17208,0000;0,0000;31/12/2026
HOSPITAL ESTADUAL TELECILA FREITAS FONTES /RN;932126;369;Material;932126-12/2026;Materiais e equipamentos de limpeza e produtos de higienização;Catálogo do Compras.gov.br;Material;6850;ESPECIALIDADES QUÍMICAS DIVERSAS;2039;ACIDULANTE;224832;APLICAÇÃO: LAVANDERIA HOSPITALAR, FUNÇÃO: NEUTRALIZADOR RESÍDUO ALCALINO E ALVEJANTE QUÍMICO, TIPO: LÍQUIDO;L;1740,0000;8,0000;13920,0000;0,0000;31/12/2026
HOSPITAL ESTADUAL TELECILA FREITAS FONTES /RN;932126;370;Material;932126-12/2026;Materiais e equipamentos de limpeza e produtos de higienização;Catálogo do Compras.gov.br;Material;7930;COMPOSTOS E PREPARADOS PARA LIMPEZA E POLIMENTO;6136;DETERGENTE;390358;APLICAÇÃO: LAVAGEM DE ROUPAS, AROMA: NEUTRO, ASPECTO FÍSICO: LÍQUIDO, CARACTERÍSTICAS ADICIONAIS: BAIXO TEOR DE ESPUMA, COMPOSIÇÃO: TENSOATIVOS ANIÔNICOS, AGENTES ANTIREDEPOSITANTES,;L;1740,0000;17,1200;29788,8000;0,0000;31/12/2026
HOSPITAL ESTADUAL TELECILA FREITAS FONTES /RN;932126;371;Material;932126-12/2026;Materiais e equipamentos de limpeza e produtos de higienização;Catálogo do Compras.gov.br;Material;7930;COMPOSTOS E PREPARADOS PARA LIMPEZA E POLIMENTO;14042;CLORO ALVEJANTE;229970;APLICAÇÃO: REMOÇÃO MANCHAS, APRESENTAÇÃO: BOMBONA, ASPECTO FÍSICO: LÍQUIDO, FINALIDADE: ALVEJANTE E DESINFECÇÃO DE ROUPAS;L;1740,0000;15,4000;26796,0000;0,0000;31/12/2026
HOSPITAL ESTADUAL TELECILA FREITAS FONTES /RN;932126;372;Material;932126-12/2026;Materiais e equipamentos de limpeza e produtos de higienização;Catálogo do Compras.gov.br;Material;7930;COMPOSTOS E PREPARADOS PARA LIMPEZA E POLIMENTO;6136;DETERGENTE;432534;APLICAÇÃO: LAVAGEM DE ROUPAS E LIMPEZA EM GERAL, AROMA: NATURAL, ASPECTO FÍSICO: PASTA, CARACTERÍSTICAS ADICIONAIS: CONCENTRADO, BIODEGRADÁVEL, COMPOSIÇÃO: NONILFENOL ETOXILADO, ALCOOL GRAXO ETOXILADO, COCO;L;500,0000;14,0000;7000,0000;0,0000;31/12/2026
HOSPITAL ESTADUAL TELECILA FREITAS FONTES /RN;932126;387;Material;932126-11/2026;Materiais descartáveis;Catálogo do Compras.gov.br;Material;8105;SACOS E BOLSAS;11903;SACO PLÁSTICO LIXO;412494;ALTURA: 80, CAPACIDADE: 50, CARACTERÍSTICAS ADICIONAIS: COM SIMBOLOGIA DE SUBSTÂNCIA INFECTANTE, COR: BRANCO LEITOSO, LARGURA: 63, MATERIAL: RESINA TERMOPLÁSTICA, NORMAS TÉCNICAS: CLASSE II - NBR 9191;EMB;1000,0000;22,2600;22260,0000;0,0000;31/12/2026
HOSPITAL ESTADUAL TELECILA FREITAS FONTES /RN;932126;388;Material;932126-11/2026;Materiais descartáveis;Catálogo do Compras.gov.br;Material;8105;SACOS E BOLSAS;11902;SACO;304142;ALTURA: 35, APLICAÇÃO: ACONDICIONAMENTO DE ALIMENTOS, CAPACIDADE: 2, CARACTERÍSTICAS ADICIONAIS: BOBINA PICOTADA, ESPESSURA: 0,04, LARGURA: 25, MATERIAL: PLÁSTICO;BOB;600,0000;14,0000;8400,0000;0,0000;31/12/2026
HOSPITAL ESTADUAL TELECILA FREITAS FONTES /RN;932126;389;Material;932126-11/2026;Materiais descartáveis;Catálogo do Compras.gov.br;Material;8105;SACOS E BOLSAS;11903;SACO PLÁSTICO LIXO;470833;APLICAÇÃO: COLETA DE LIXO, CAPACIDADE: 100, COR: PRETA, MATERIAL: POLIETILENO;EMB;1050,0000;25,0900;26344,5000;0,0000;31/12/2026
HOSPITAL ESTADUAL TELECILA FREITAS FONTES /RN;932126;390;Material;932126-11/2026;Materiais descartáveis;Catálogo do Compras.gov.br;Material;8105;SACOS E BOLSAS;11903;SACO PLÁSTICO LIXO;375948;CAPACIDADE: 200, CARACTERÍSTICAS ADICIONAIS: COM SIMBOLOGIA DE SUBSTÂNCIA INFECTANTE, COR: BRANCO LEITOSO, MATERIAL: POLIETILENO, NORMAS TÉCNICAS: NBR 7500, NBR 9191;EMB;1050,0000;49,1600;51618,0000;0,0000;31/12/2026
HOSPITAL ESTADUAL TELECILA FREITAS FONTES /RN;932126;391;Material;932126-11/2026;Materiais descartáveis;Catálogo do Compras.gov.br;Material;8105;SACOS E BOLSAS;11903;SACO PLÁSTICO LIXO;470832;APLICAÇÃO: COLETA DE LIXO, CAPACIDADE: 60, COR: PRETA, MATERIAL: POLIETILENO;EMB;1050,0000;45,9000;48195,0000;0,0000;31/12/2026
HOSPITAL ESTADUAL TELECILA FREITAS FONTES /RN;932126;392;Material;932126-11/2026;Materiais descartáveis;Catálogo do Compras.gov.br;Material;7330;UTENSÍLIOS E FERRAMENTAS MANUAIS DE COZINHA;3193;BACIA;326594;CAPACIDADE: 35, CARACTERÍSTICAS ADICIONAIS: REDONDA, MATERIAL: PLÁSTICO;UN;9,0000;30,0000;270,0000;0,0000;31/12/2026
HOSPITAL ESTADUAL TELECILA FREITAS FONTES /RN;932126;393;Material;932126-11/2026;Materiais descartáveis;Catálogo do Compras.gov.br;Material;7350;LOUÇA E ARTIGOS DE MESA;4436;CANUDO REFRESCO;458045;CARACTERÍSTICAS ADICIONAIS: DESCARTÁVEL, SANFONADO, NÃO TÓXICO, BIODEGRADÁVEL, MATERIAL: PLÁSTICO;PCT;480,0000;7,4900;3595,2000;0,0000;31/12/2026
HOSPITAL ESTADUAL TELECILA FREITAS FONTES /RN;932126;394;Material;932126-11/2026;Materiais descartáveis;Catálogo do Compras.gov.br;Material;7340;CUTELARIA E TALHERES;14921;COLHER DESCARTÁVEL;339680;APLICAÇÃO: REFEIÇÃO, CARACTERÍSTICAS ADICIONAIS: RESISTENTE, TAMANHO ADULTO, COR: BRANCA, MATERIAL: PLÁSTICO;PCT;480,0000;2,5700;1233,6000;0,0000;31/12/2026
HOSPITAL ESTADUAL TELECILA FREITAS FONTES /RN;932126;395;Material;932126-11/2026;Materiais descartáveis;Catálogo do Compras.gov.br;Material;7340;CUTELARIA E TALHERES;14921;COLHER DESCARTÁVEL;279853;APLICAÇÃO: SOBREMESA, COR: INCOLOR, MATERIAL: PLÁSTICO;PCT;240,0000;2,1000;504,0000;0,0000;31/12/2026
HOSPITAL ESTADUAL TELECILA FREITAS FONTES /RN;932126;396;Material;932126-11/2026;Materiais descartáveis;Catálogo do Compras.gov.br;Material;7350;LOUÇA E ARTIGOS DE MESA;1155;PALITO;299620;APLICAÇÃO: HIGIENE DENTAL, CARACTERÍSTICAS ADICIONAIS: EMBALAGEM DE PAPEL INDIVIDUAL, COMPRIMENTO: 6, MATERIAL: MADEIRA, FORMATO: ROLIÇO;EMB;70,0000;0,9500;66,5000;0,0000;31/12/2026
HOSPITAL ESTADUAL TELECILA FREITAS FONTES /RN;932126;397;Material;932126-11/2026;Materiais descartáveis;Catálogo do Compras.gov.br;Material;7350;LOUÇA E ARTIGOS DE MESA;5849;COPO DESCARTÁVEL;617347;APLICAÇÃO: LÍQUIDOS FRIOS E QUENTES, CAPACIDADE: 180, CARACTERÍSTICAS ADICIONAIS: BIODEGRADAVEL, NBR 13230/2, MATERIAL: POLIPROPILENO;PCT;1300,0000;4,0000;5200,0000;0,0000;31/12/2026
HOSPITAL ESTADUAL TELECILA FREITAS FONTES /RN;932126;398;Material;932126-11/2026;Materiais descartáveis;Catálogo do Compras.gov.br;Material;7350;LOUÇA E ARTIGOS DE MESA;5849;COPO DESCARTÁVEL;419219;APLICAÇÃO: LÍQUIDOS FRIOS E QUENTES, CAPACIDADE: 200, CARACTERÍSTICAS ADICIONAIS: ATÓXICO, DE ACORDO C/ NORMA ABNT, NBR 14865, COR: BRANCO, MATERIAL: POLIPROPILENO;PCT;1300,0000;6,4600;8398,0000;0,0000;31/12/2026
HOSPITAL ESTADUAL TELECILA FREITAS FONTES /RN;932126;399;Material;932126-11/2026;Materiais descartáveis;Catálogo do Compras.gov.br;Material;7350;LOUÇA E ARTIGOS DE MESA;5849;COPO DESCARTÁVEL;318971;APLICAÇÃO: ÁGUA, CAPACIDADE: 150, CARACTERÍSTICAS ADICIONAIS: ATÓXICO, DE ACORDO C/ NORMA ABNT, NBR 14865, COR: BRANCO, MATERIAL: POLIESTIRENO;PCT;1300,0000;4,4500;5785,0000;0,0000;31/12/2026
HOSPITAL ESTADUAL TELECILA FREITAS FONTES /RN;932126;400;Material;932126-11/2026;Materiais descartáveis;Catálogo do Compras.gov.br;Material;7350;LOUÇA E ARTIGOS DE MESA;5849;COPO DESCARTÁVEL;332547;APLICAÇÃO: ÁGUA/SUCO E REFRIGERENTE, CAPACIDADE: 300, CARACTERÍSTICAS ADICIONAIS: NÃO TÓXICO, COR: BRANCO, MATERIAL: POLIESTIRENO;PCT;225,0000;9,1900;2067,7500;0,0000;31/12/2026
HOSPITAL ESTADUAL TELECILA FREITAS FONTES /RN;932126;401;Material;932126-11/2026;Materiais descartáveis;Catálogo do Compras.gov.br;Material;7350;LOUÇA E ARTIGOS DE MESA;5849;COPO DESCARTÁVEL;612246;APLICAÇÃO: LÍQUIDOS FRIOS E QUENTES, CAPACIDADE: 50, CARACTERÍSTICAS ADICIONAIS: ATÓXICO E BIODEGRADÁVEL, MATERIAL: POLIPROPILENO;PCT;450,0000;1,0000;450,0000;0,0000;31/12/2026
HOSPITAL ESTADUAL TELECILA FREITAS FONTES /RN;932126;402;Material;932126-11/2026;Materiais descartáveis;Catálogo do Compras.gov.br;Material;7340;CUTELARIA E TALHERES;1430;FACA DESCARTÁVEL;401596;CARACTERÍSTICAS ADICIONAIS: COM SERRILHA, TAMANHO GRANDE, COR: BRANCA, MATERIAL: PLÁSTICO;PCT;225,0000;2,8300;636,7500;0,0000;31/12/2026
HOSPITAL ESTADUAL TELECILA FREITAS FONTES /RN;932126;403;Material;932126-11/2026;Materiais descartáveis;Catálogo do Compras.gov.br;Material;7340;CUTELARIA E TALHERES;12501;TALHER DESCARTÁVEL;278466;APLICAÇÃO: COPA E COZINHA, CARACTERÍSTICAS ADICIONAIS: DESCARTÁVEL RESISTENTE, MATERIAL: PLÁSTICO, TAMANHO: ADULTO, TIPO: GARFO;PCT;450,0000;2,9300;1318,5000;0,0000;31/12/2026
HOSPITAL ESTADUAL TELECILA FREITAS FONTES /RN;932126;404;Material;932126-11/2026;Materiais descartáveis;Catálogo do Compras.gov.br;Material;7350;LOUÇA E ARTIGOS DE MESA;1138;PRATO;372768;APLICAÇÃO: REFEIÇÃO, CARACTERÍSTICAS ADICIONAIS: DESCARTÁVEL, COR: BRANCA, DIÂMETRO: 21, MATERIAL: PLÁSTICO;EMB;100,0000;1,5400;154,0000;0,0000;31/12/2026
HOSPITAL ESTADUAL TELECILA FREITAS FONTES /RN;932126;405;Material;932126-11/2026;Materiais descartáveis;Catálogo do Compras.gov.br;Material;7350;LOUÇA E ARTIGOS DE MESA;16152;TAMPA COPO;251240;CAPACIDADE COPO: 300, COR: BRANCA, DIÂMETRO: 65, MATERIAL: POLIESTIRENO, TIPO: DESCARTÁVEL;EMB;450,0000;9,3900;4225,5000;0,0000;31/12/2026
HOSPITAL ESTADUAL TELECILA FREITAS FONTES /RN;932126;682;Material;932126-6/2026;Máquinas, equipamentos, ferramentas e assessórios para manutenção;Catálogo do Compras.gov.br;Material;6230;EQUIPAMENTOS DE ILUMINAÇÃO ELÉTRICA MANUAL E PORTÁTIL;8712;LANTERNA ELÉTRICA;384308;ACESSÓRIOS: COM 01 CONJUNTO ACOMPANHANDO O PRODUTO, CARACTERÍSTICAS ADICIONAIS: LENTE PARA AUMENTO DO POTENCIAL DE ILUMINAÇÃO, TAMANHO: 15 A 20, TIPO: PORTÁTIL, FRONTAL, TIPO BATERIA: AAA OU AA, TIPO LÂMPADA: LED;UN;30,0000;19,5900;587,7000;0,0000;31/12/2026
HOSPITAL ESTADUAL TELECILA FREITAS FONTES /RN;932126;683;Material;932126-6/2026;Máquinas, equipamentos, ferramentas e assessórios para manutenção;Catálogo do Compras.gov.br;Material;6150;EQUIPAMENTOS DIVERSOS PARA GERAÇÃO E DISTRIBUIÇÃO DE ENERGIA;18863;CABO CONEXÃO;623607;CLASSE TÉRMICA: 90, COMPRIMENTO CABO: 5, CORRENTE NOMINAL: 20, MATERIAL CONDUTOR: COBRE, MATERIAL ISOLAMENTO CONDUTOR: PVC, NORMAS TÉCNICAS: NBR5410, SEÇÃO NOMINAL: 2,5, TENSÃO ISOLAMENTO: 750, TENSÃO NOMINAL DE OPERAÇÃO: 127/220;UN;36,0000;10,0000;360,0000;0,0000;31/12/2026
HOSPITAL ESTADUAL TELECILA FREITAS FONTES /RN;932126;406;Material;932126-10/2026;Utensílios domésticos e de cozinha;Catálogo do Compras.gov.br;Material;7330;UTENSÍLIOS E FERRAMENTAS MANUAIS DE COZINHA;7843;FRIGIDEIRA;442943;APLICAÇÃO: COPA E COZINHA, DIÂMETRO: 50, MATERIAL: ALUMÍNIO, REVESTIMENTO: ANTIADERENTE, TIPO: FUNDA;UN;5,0000;201,0000;1005,0000;0,0000;31/12/2026
HOSPITAL ESTADUAL TELECILA FREITAS FONTES /RN;932126;407;Material;932126-10/2026;Utensílios domésticos e de cozinha;Catálogo do Compras.gov.br;Material;7330;UTENSÍLIOS E FERRAMENTAS MANUAIS DE COZINHA;1287;JARRA;428385;APLICAÇÃO: COPA E COZINHA, CAPACIDADE: 2, MATERIAL: AÇO INOXIDÁVEL, MODELO: COM TAMPA E ALÇA;UN;5,0000;260,0000;1300,0000;0,0000;31/12/2026
HOSPITAL ESTADUAL TELECILA FREITAS FONTES /RN;932126;408;Material;932126-10/2026;Utensílios domésticos e de cozinha;Catálogo do Compras.gov.br;Material;7330;UTENSÍLIOS E FERRAMENTAS MANUAIS DE COZINHA;7843;FRIGIDEIRA;444499;DIÂMETRO: 25, MATERIAL: ALUMÍNIO, MATERIAL CABO: BAQUELITE, REVESTIMENTO: ANTIADERENTE, TIPO: RASA;UN;3,0000;143,2400;429,7200;0,0000;31/12/2026
HOSPITAL ESTADUAL TELECILA FREITAS FONTES /RN;932126;409;Material;932126-10/2026;Utensílios domésticos e de cozinha;Catálogo do Compras.gov.br;Material;7330;UTENSÍLIOS E FERRAMENTAS MANUAIS DE COZINHA;1046;CAÇAROLA;416484;CAPACIDADE: 6, CARACTERÍSTICAS ADICIONAIS: 2 ALÇAS E TAMPA, MATERIAL: AÇO INOXIDÁVEL;UN;2,0000;350,0000;700,0000;0,0000;31/12/2026
HOSPITAL ESTADUAL TELECILA FREITAS FONTES /RN;932126;410;Material;932126-10/2026;Utensílios domésticos e de cozinha;Catálogo do Compras.gov.br;Material;7330;UTENSÍLIOS E FERRAMENTAS MANUAIS DE COZINHA;1115;GARRAFA TÉRMICA;334033;CAPACIDADE: 1,80, CARACTERÍSTICAS ADICIONAIS: COM PRESSÃO, AMPOLA INQUEBRÁVEL, MATERIAL: AÇO INOXIDÁVEL;UN;5,0000;109,0000;545,0000;0,0000;31/12/2026
HOSPITAL ESTADUAL TELECILA FREITAS FONTES /RN;932126;411;Material;932126-10/2026;Utensílios domésticos e de cozinha;Catálogo do Compras.gov.br;Material;7330;UTENSÍLIOS E FERRAMENTAS MANUAIS DE COZINHA;3193;BACIA;292588;CAPACIDADE: 20, MATERIAL: PLÁSTICO;UN;20,0000;12,3200;246,4000;0,0000;31/12/2026
HOSPITAL ESTADUAL TELECILA FREITAS FONTES /RN;932126;412;Material;932126-10/2026;Utensílios domésticos e de cozinha;Catálogo do Compras.gov.br;Material;7330;UTENSÍLIOS E FERRAMENTAS MANUAIS DE COZINHA;1058;CALDEIRÃO;306709;CAPACIDADE: 12, CARACTERÍSTICAS ADICIONAIS: COM TAMPA, MATERIAL: ALUMÍNIO, TAMANHO: PEQUENO, ALTURA: 24, ESPESSURA: 4;UN;2,0000;70,0000;140,0000;0,0000;31/12/2026
HOSPITAL ESTADUAL TELECILA FREITAS FONTES /RN;932126;413;Material;932126-10/2026;Utensílios domésticos e de cozinha;Catálogo do Compras.gov.br;Material;7330;UTENSÍLIOS E FERRAMENTAS MANUAIS DE COZINHA;1046;CAÇAROLA;319838;CAPACIDADE: 73, CARACTERÍSTICAS ADICIONAIS: COM TAMPA E ALÇAS REFORÇADAS, Nº 60, MATERIAL: ALUMÍNIO, ALTURA: 26, ESPESSURA: 5, DIÂMETRO: 60;UN;3,0000;753,0000;2259,0000;0,0000;31/12/2026
HOSPITAL ESTADUAL TELECILA FREITAS FONTES /RN;932126;414;Material;932126-10/2026;Utensílios domésticos e de cozinha;Catálogo do Compras.gov.br;Material;7330;UTENSÍLIOS E FERRAMENTAS MANUAIS DE COZINHA;1058;CALDEIRÃO;306711;CAPACIDADE: 18, CARACTERÍSTICAS ADICIONAIS: COM TAMPA, MATERIAL: ALUMÍNIO, TAMANHO: MÉDIO, ALTURA: 29, ESPESSURA: 4;UN;2,0000;150,0000;300,0000;0,0000;31/12/2026
HOSPITAL ESTADUAL TELECILA FREITAS FONTES /RN;932126;415;Material;932126-10/2026;Utensílios domésticos e de cozinha;Catálogo do Compras.gov.br;Material;7330;UTENSÍLIOS E FERRAMENTAS MANUAIS DE COZINHA;1046;CAÇAROLA;319836;CAPACIDADE: 20, CARACTERÍSTICAS ADICIONAIS: COM TAMPA E ALÇAS REFORÇADAS, Nº 38, MATERIAL: ALUMÍNIO, ALTURA: 18, ESPESSURA: 5, DIÂMETRO: 38;UN;3,0000;270,0000;810,0000;0,0000;31/12/2026
HOSPITAL ESTADUAL TELECILA FREITAS FONTES /RN;932126;416;Material;932126-10/2026;Utensílios domésticos e de cozinha;Catálogo do Compras.gov.br;Material;7330;UTENSÍLIOS E FERRAMENTAS MANUAIS DE COZINHA;1046;CAÇAROLA;319837;CAPACIDADE: 52, CARACTERÍSTICAS ADICIONAIS: COM TAMPA E ALÇAS REFORÇADAS, Nº 55, MATERIAL: ALUMÍNIO, ALTURA: 22, ESPESSURA: 5, DIÂMETRO: 52;UN;4,0000;379,0000;1516,0000;0,0000;31/12/2026
HOSPITAL ESTADUAL TELECILA FREITAS FONTES /RN;932126;417;Material;932126-10/2026;Utensílios domésticos e de cozinha;Catálogo do Compras.gov.br;Material;7330;UTENSÍLIOS E FERRAMENTAS MANUAIS DE COZINHA;10616;PENEIRA;610475;APLICAÇÃO: CONSTRUÇÃO CIVIL, MATERIAL DA PENEIRA: PLASTICO ABS, MATERIAL DO CORPO: PLASTICO ABS, TIPO: MEDIA;UN;5,0000;29,3100;146,5500;0,0000;31/12/2026
HOSPITAL ESTADUAL TELECILA FREITAS FONTES /RN;932126;418;Material;932126-10/2026;Utensílios domésticos e de cozinha;Catálogo do Compras.gov.br;Material;7340;CUTELARIA E TALHERES;5362;COLHER;277187;CARACTERÍSTICAS ADICIONAIS: MEDINDO 30 CM DE DIÂMETRO E 9 CM PARTE CÔNCAVA, MATERIAL CABO: AÇO INOXIDÁVEL, MATERIAL CORPO: AÇO INOXIDÁVEL, TAMANHO: GRANDE, TIPO: ARROZ;UN;20,0000;15,0000;300,0000;0,0000;31/12/2026
HOSPITAL ESTADUAL TELECILA FREITAS FONTES /RN;932126;419;Material;932126-10/2026;Utensílios domésticos e de cozinha;Catálogo do Compras.gov.br;Material;7340;CUTELARIA E TALHERES;7276;FACA;441350;APLICAÇÃO: CORTAR CARNE, MATERIAL CABO: MADEIRA TRATADA, PADRÃO POLYWOOD, MATERIAL LÂMINA: AÇO INOXIDÁVEL, TAMANHO: 10, TIPO: FIO LISO;UN;6,0000;39,6500;237,9000;0,0000;31/12/2026
HOSPITAL ESTADUAL TELECILA FREITAS FONTES /RN;932126;420;Material;932126-10/2026;Utensílios domésticos e de cozinha;Catálogo do Compras.gov.br;Material;7340;CUTELARIA E TALHERES;1132;CONCHA;485586;COMPRIMENTO: 50, MATERIAL CABO: AÇO INOXIDÁVEL, MATERIAL CORPO: AÇO INOXIDÁVEL;UN;20,0000;40,0000;800,0000;0,0000;31/12/2026
HOSPITAL ESTADUAL TELECILA FREITAS FONTES /RN;932126;421;Material;932126-10/2026;Utensílios domésticos e de cozinha;Catálogo do Compras.gov.br;Material;7340;CUTELARIA E TALHERES;1146;GARFO MESA;437872;CARACTERÍSTICAS ADICIONAIS: LISO E POLIDO, COMPRIMENTO: 21, MATERIAL CABO: AÇO INOXIDÁVEL, MATERIAL CORPO: AÇO INOXIDÁVEL, TIPO: MESA;UN;100,0000;7,0000;700,0000;0,0000;31/12/2026
HOSPITAL ESTADUAL TELECILA FREITAS FONTES /RN;932126;422;Material;932126-10/2026;Utensílios domésticos e de cozinha;Catálogo do Compras.gov.br;Material;7340;CUTELARIA E TALHERES;1139;FACA MESA;320289;CARACTERÍSTICAS ADICIONAIS: LISO, POLIDO, COMPRIMENTO 21,6CM, ESPESSURA 4MM, MATERIAL CABO: AÇO INOXIDÁVEL, MATERIAL LÂMINA: AÇO INOXIDÁVEL, TAMANHO: 18/10;UN;100,0000;7,0000;700,0000;0,0000;31/12/2026
HOSPITAL ESTADUAL TELECILA FREITAS FONTES /RN;932126;423;Material;932126-10/2026;Utensílios domésticos e de cozinha;Catálogo do Compras.gov.br;Material;7340;CUTELARIA E TALHERES;5362;COLHER;337384;APLICAÇÃO: SOPA, CARACTERÍSTICAS ADICIONAIS: LISA E POLIDA COM 1,50 MM DE ESPESSURA, MATERIAL CABO: AÇO INOXIDÁVEL, MATERIAL CORPO: AÇO INOXIDÁVEL;UN;100,0000;7,0000;700,0000;0,0000;31/12/2026
HOSPITAL ESTADUAL TELECILA FREITAS FONTES /RN;932126;424;Material;932126-10/2026;Utensílios domésticos e de cozinha;Catálogo do Compras.gov.br;Material;7350;LOUÇA E ARTIGOS DE MESA;1156;PORTA-GUARDANAPO;332366;ALTURA: 30, LARGURA: 23, MATERIAL: AÇO INOXIDÁVEL;UN;10,0000;19,3000;193,0000;0,0000;31/12/2026
HOSPITAL ESTADUAL TELECILA FREITAS FONTES /RN;932126;425;Material;932126-10/2026;Utensílios domésticos e de cozinha;Catálogo do Compras.gov.br;Material;7350;LOUÇA E ARTIGOS DE MESA;1077;AÇUCAREIRO;393509;CAPACIDADE: 350, CARACTERÍSTICAS ADICIONAIS: COM TAMPA E COLHER EM AÇO INOXIDÁVEL, MATERIAL: AÇO INOXIDÁVEL;UN;4,0000;67,0500;268,2000;0,0000;31/12/2026
HOSPITAL ESTADUAL TELECILA FREITAS FONTES /RN;932126;426;Material;932126-10/2026;Utensílios domésticos e de cozinha;Catálogo do Compras.gov.br;Material;7350;LOUÇA E ARTIGOS DE MESA;1154;XÍCARA;242729;CAPACIDADE: 200, CARACTERÍSTICAS ADICIONAIS: COM PIRES, COR: BRANCA, MATERIAL: PORCELANA, TIPO: CAFÉ;UN;100,0000;19,1400;1914,0000;0,0000;31/12/2026
HOSPITAL ESTADUAL TELECILA FREITAS FONTES /RN;932126;427;Material;932126-10/2026;Utensílios domésticos e de cozinha;Catálogo do Compras.gov.br;Material;7350;LOUÇA E ARTIGOS DE MESA;1103;PALITEIRO;220717;ALTURA: 8, CARACTERÍSTICAS ADICIONAIS: NÃO APLICÁVEL, FORMATO: CILÍNDRICO, MATERIAL: AÇO INOXIDÁVEL;UN;10,0000;39,2000;392,0000;0,0000;31/12/2026
HOSPITAL ESTADUAL TELECILA FREITAS FONTES /RN;932126;428;Material;932126-10/2026;Utensílios domésticos e de cozinha;Catálogo do Compras.gov.br;Material;7350;LOUÇA E ARTIGOS DE MESA;1138;PRATO;222372;APLICAÇÃO: REFEIÇÃO, CARACTERÍSTICAS ADICIONAIS: FUNDO, MATERIAL: VIDRO, TAMANHO: NÃO APLICÁVEL;UN;150,0000;17,0500;2557,5000;0,0000;31/12/2026
HOSPITAL ESTADUAL TELECILA FREITAS FONTES /RN;932126;429;Material;932126-10/2026;Utensílios domésticos e de cozinha;Catálogo do Compras.gov.br;Material;7350;LOUÇA E ARTIGOS DE MESA;12722;TIGELA;482839;CAPACIDADE: 400, MATERIAL: LOUÇA, USO: COPA/COZINHA;UN;50,0000;38,6800;1934,0000;0,0000;31/12/2026
HOSPITAL ESTADUAL TELECILA FREITAS FONTES /RN;932126;430;Material;932126-10/2026;Utensílios domésticos e de cozinha;Catálogo do Compras.gov.br;Material;7350;LOUÇA E ARTIGOS DE MESA;1118;PRATO PORCELANA;304000;APLICAÇÃO: REFEIÇÃO, FORMATO: REDONDO, CARACTERÍSTICAS ADICIONAIS: BORDA ESPESSURA 3,5 CM, COR: BRANCA, TIPO: FUNDO, DIÂMETRO: 24;UN;150,0000;23,9000;3585,0000;0,0000;31/12/2026
HOSPITAL ESTADUAL TELECILA FREITAS FONTES /RN;932126;431;Material;932126-10/2026;Utensílios domésticos e de cozinha;Catálogo do Compras.gov.br;Material;7360;JOGOS, CONJUNTOS  E  EQUIPAMENTOS PARA PREPARAR E SERVIR ALIMENTOS;1133;BANDEJA;235313;DIÂMETRO: 45, MATERIAL: AÇO INOXIDÁVEL, FORMATO: REDONDO;UN;5,0000;95,0000;475,0000;0,0000;31/12/2026
HOSPITAL ESTADUAL TELECILA FREITAS FONTES /RN;932126;432;Material;932126-10/2026;Utensílios domésticos e de cozinha;Catálogo do Compras.gov.br;Material;7360;JOGOS, CONJUNTOS  E  EQUIPAMENTOS PARA PREPARAR E SERVIR ALIMENTOS;1133;BANDEJA;336233;CARACTERÍSTICAS ADICIONAIS: SEM ALÇA, COMPRIMENTO: 48, LARGURA: 32, MATERIAL: AÇO INOXIDÁVEL;UN;5,0000;95,0000;475,0000;0,0000;31/12/2026
HOSPITAL ESTADUAL TELECILA FREITAS FONTES /RN;932126;433;Material;932126-10/2026;Utensílios domésticos e de cozinha;Catálogo do Compras.gov.br;Material;9330;ARTIGOS DE PLÁSTICO;4149;CAIXA PLÁSTICA;448168;ALTURA: 17, CARACTERÍSTICAS ADICIONAIS: TAMPA E TRAVAS, COMPRIMENTO: 56, LARGURA: 39, TRANSMITÂNCIA: TRANSPARENTE;UN;18,0000;50,0000;900,0000;0,0000;31/12/2026
HOSPITAL ESTADUAL TELECILA FREITAS FONTES /RN;932126;434;Material;932126-10/2026;Utensílios domésticos e de cozinha;Catálogo do Compras.gov.br;Material;9920;ARTIGOS PARA FUMANTES;7795;FÓSFORO;279329;MATERIAL CORPO: MADEIRA, TIPO: CURTO;PCT;40,0000;5,3900;215,6000;0,0000;31/12/2026
HOSPITAL ESTADUAL TELECILA FREITAS FONTES /RN;932126;435;Material;932126-10/2026;Utensílios domésticos e de cozinha;Catálogo do Compras.gov.br;Material;7310;EQUIPAMENTOS PARA COZINHAR, ASSAR E SERVIR ALIMENTOS;1026;FORNO ELÉTRICO;453252;APLICAÇÃO: CONVECÇÃO COM VAPOR, CARACTERÍSTICAS ADICIONAIS: COM QUATRO ASSADEIRAS DE 35 X 35 CM, MATERIAL EXTERNO: AÇO INOXIDÁVEL, MATERIAL INTERNO: AÇO INOXIDÁVEL, VOLTAGEM: 220;UN;3,0000;3971,0000;11913,0000;0,0000;31/12/2026
HOSPITAL ESTADUAL TELECILA FREITAS FONTES /RN;932126;436;Material;932126-10/2026;Utensílios domésticos e de cozinha;Catálogo do Compras.gov.br;Material;7310;EQUIPAMENTOS PARA COZINHAR, ASSAR E SERVIR ALIMENTOS;15341;MESA DECANTAÇÃO;239776;ALTURA: 500, COMPRIMENTO: 700, LARGURA: 700, MATERIAL: AÇO INOXIDÁVEL;UN;5,0000;900,4000;4502,0000;0,0000;31/12/2026
HOSPITAL ESTADUAL TELECILA FREITAS FONTES /RN;932126;437;Material;932126-10/2026;Utensílios domésticos e de cozinha;Catálogo do Compras.gov.br;Material;7320;EQUIPAMENTOS E APARELHOS DE COZINHA;1093;LIQUIDIFICADOR INDUSTRIAL;481373;CAPACIDADE: 25, MATERIAL BASE: AÇO INOX, MATERIAL COPO: AÇO INOXIDÁVEL, POTÊNCIA MOTOR: 1,5, TENSÃO NOMINAL: 220;UN;3,0000;2680,0000;8040,0000;0,0000;31/12/2026
HOSPITAL ESTADUAL TELECILA FREITAS FONTES /RN;932126;438;Material;932126-10/2026;Utensílios domésticos e de cozinha;Catálogo do Compras.gov.br;Material;7210;UTENSÍLIOS DOMÉSTICOS;10341;PANO PRATO;433338;COMPRIMENTO: 70, COR: DIVERSAS (ESTAMPADO), LARGURA: 45, MATERIAL: ALGODÃO;UN;450,0000;2,3000;1035,0000;0,0000;31/12/2026
HOSPITAL ESTADUAL TELECILA FREITAS FONTES /RN;932126;439;Material;932126-10/2026;Utensílios domésticos e de cozinha;Catálogo do Compras.gov.br;Material;7330;UTENSÍLIOS E FERRAMENTAS MANUAIS DE COZINHA;3193;BACIA;326594;CAPACIDADE: 35, CARACTERÍSTICAS ADICIONAIS: REDONDA, MATERIAL: PLÁSTICO;UN;9,0000;15,1300;136,1700;0,0000;31/12/2026
HOSPITAL ESTADUAL TELECILA FREITAS FONTES /RN;932126;440;Material;932126-9/2026;Antissépticos e saneantes;Catálogo do Compras.gov.br;Material;6840;PESTICIDAS E DESINFETANTES;14235;DETERGENTE ENZIMÁTICO;328077;COMPOSIÇÃO: A BASE DE AMILASE, PROTEASE E LIPASE;L;36,0000;14,1100;507,9600;0,0000;31/12/2026
HOSPITAL ESTADUAL TELECILA FREITAS FONTES /RN;932126;441;Material;932126-9/2026;Antissépticos e saneantes;Catálogo do Compras.gov.br;Material;6810;PRODUTOS QUÍMICOS;7739;FORMALDEÍDO (FORMOL);345486;ASPECTO FÍSICO: LÍQUIDO INCOLOR, LÍMPIDO, CONCENTRAÇÃO: À 10%, CARACTERÍSTICA ADICIONAL: EM SOLUÇÃO AQUOSA;L;36,0000;6,7900;244,4400;0,0000;31/12/2026
HOSPITAL ESTADUAL TELECILA FREITAS FONTES /RN;932126;442;Material;932126-9/2026;Antissépticos e saneantes;Catálogo do Compras.gov.br;Material;6515;INSTRUMENTOS, EQUIPAMENTOS E SUPRIMENTOS MÉDICOS  E  CIRÚRGICOS;7955;GEL PARA EXAME MÉDICO;438929;CARACTERÍSTICAS ADICIONAIS: PH NEUTRO, COMPOSIÇÃO: A BASE DE ÁGUA;FR;18,0000;6,0800;109,4400;0,0000;31/12/2026
HOSPITAL ESTADUAL TELECILA FREITAS FONTES /RN;932126;443;Material;932126-8/2026;Materiais e insumos médico-hospitalares;Catálogo do Compras.gov.br;Material;8145;RECIPIENTES ESPECIALIZADOS PARA TRANSPORTE E ARMAZENAGEM;18087;FRASCO - TIPO ALMOTOLIA;279887;CAPACIDADE: 250, COR: ÂMBAR, MATERIAL: EM POLIETILENO (PLÁSTICO), TIPO BICO: BICO RETO, LONGO, ESTREITO, COM PROTETOR, TIPO TAMPA: TAMPA EM ROSCA;UN;10,0000;5,3100;53,1000;0,0000;31/12/2026
HOSPITAL ESTADUAL TELECILA FREITAS FONTES /RN;932126;444;Material;932126-8/2026;Materiais e insumos médico-hospitalares;Catálogo do Compras.gov.br;Material;6550;SUBSTÂNCIAS PARA DIAGNÓSTICO "IN VITRO",  REAGENTES,  CONJUNTOS E JOGOS PARA TESTE;2162;ÁGUA DESTILADA;276839;ASPECTO FÍSICO: ESTÉRIL E APIROGÊNICA;AM;18000,0000;0,2100;3780,0000;0,0000;31/12/2026
HOSPITAL ESTADUAL TELECILA FREITAS FONTES /RN;932126;445;Material;932126-8/2026;Materiais e insumos médico-hospitalares;Catálogo do Compras.gov.br;Material;6550;SUBSTÂNCIAS PARA DIAGNÓSTICO "IN VITRO",  REAGENTES,  CONJUNTOS E JOGOS PARA TESTE;2162;ÁGUA DESTILADA;276839;ASPECTO FÍSICO: ESTÉRIL E APIROGÊNICA;BOL;360,0000;6,0500;2178,0000;0,0000;31/12/2026
HOSPITAL ESTADUAL TELECILA FREITAS FONTES /RN;932126;446;Material;932126-8/2026;Materiais e insumos médico-hospitalares;Catálogo do Compras.gov.br;Material;6550;SUBSTÂNCIAS PARA DIAGNÓSTICO "IN VITRO",  REAGENTES,  CONJUNTOS E JOGOS PARA TESTE;2162;ÁGUA DESTILADA;276839;ASPECTO FÍSICO: ESTÉRIL E APIROGÊNICA;BOL;900,0000;5,5000;4950,0000;0,0000;31/12/2026
HOSPITAL ESTADUAL TELECILA FREITAS FONTES /RN;932126;447;Material;932126-8/2026;Materiais e insumos médico-hospitalares;Catálogo do Compras.gov.br;Material;6515;INSTRUMENTOS, EQUIPAMENTOS E SUPRIMENTOS MÉDICOS  E  CIRÚRGICOS;458;ABAIXADOR LÍNGUA;348807;COMPRIMENTO: 14, ESPESSURA: 2, FORMATO: TIPO ESPÁTULA, LARGURA: 1,50, MATERIAL: MADEIRA, TIPO: DESCARTÁVEL;UN;2400,0000;0,0540;129,6000;0,0000;31/12/2026
HOSPITAL ESTADUAL TELECILA FREITAS FONTES /RN;932126;448;Material;932126-8/2026;Materiais e insumos médico-hospitalares;Catálogo do Compras.gov.br;Material;6515;INSTRUMENTOS, EQUIPAMENTOS E SUPRIMENTOS MÉDICOS  E  CIRÚRGICOS;2178;AGULHA ANESTÉSICA;389218;APLICAÇÃO: P/ RAQUIDIANA, COMPONENTE: C/ MANDRIL, CONECTOR UNIVERSAL: CONECTOR LUER LOCK, CÔNICO E TRANSPARENTE, DIMENSÃO: 25 G X 3 1/2", ESTERILIDADE: ESTÉRIL, MATERIAL: AÇO INOXIDÁVEL, TIPO PONTA: PONTA QUINCKE, TIPO USO: DESCARTÁVEL;UN;600,0000;6,2800;3768,0000;0,0000;31/12/2026
HOSPITAL ESTADUAL TELECILA FREITAS FONTES /RN;932126;449;Material;932126-8/2026;Materiais e insumos médico-hospitalares;Catálogo do Compras.gov.br;Material;6515;INSTRUMENTOS, EQUIPAMENTOS E SUPRIMENTOS MÉDICOS  E  CIRÚRGICOS;2178;AGULHA ANESTÉSICA;391234;APLICAÇÃO: P/ RAQUIDIANA, CARACTERÍSTICA ADICIONAL: PEDIÁTRICA, CONECTOR UNIVERSAL: CONECTOR C/ VISOR TRANSPARENTE, DIMENSÃO: 26 G X 2", ESTERILIDADE: ESTÉRIL, MATERIAL: AÇO INOXIDÁVEL, TIPO PONTA: PONTA HUBER ATRAUMÁTICA, TIPO USO: DESCARTÁVEL;UN;25,0000;3,1000;77,5000;0,0000;31/12/2026
HOSPITAL ESTADUAL TELECILA FREITAS FONTES /RN;932126;450;Material;932126-8/2026;Materiais e insumos médico-hospitalares;Catálogo do Compras.gov.br;Material;6515;INSTRUMENTOS, EQUIPAMENTOS E SUPRIMENTOS MÉDICOS  E  CIRÚRGICOS;2178;AGULHA ANESTÉSICA;389941;APLICAÇÃO: P/ RAQUIDIANA, COMPONENTE: C/ MANDRIL AJUSTADO, CONECTOR UNIVERSAL: CONECTOR LUER LOCK, C/ VISOR TRANSPARENTE, DIMENSÃO: 27 G X 3 1/2", ESTERILIDADE: ESTÉRIL, MATERIAL: AÇO INOXIDÁVEL, TIPO PONTA: PONTA QUINCKE, TIPO USO: DESCARTÁVEL;UN;25,0000;4,5000;112,5000;0,0000;31/12/2026
HOSPITAL ESTADUAL TELECILA FREITAS FONTES /RN;932126;451;Material;932126-8/2026;Materiais e insumos médico-hospitalares;Catálogo do Compras.gov.br;Material;6515;INSTRUMENTOS, EQUIPAMENTOS E SUPRIMENTOS MÉDICOS  E  CIRÚRGICOS;2171;AGULHA HIPODÉRMICA;439812;DIMENSÃO: 26 G X 1/2", MATERIAL: AÇO INOXIDÁVEL SILICONIZADO, TIPO CONEXÃO: CONECTOR LUER LOCK OU SLIP EM PLÁSTICO, TIPO FIXAÇÃO: PROTETOR PLÁSTICO, TIPO PONTA: BISEL CURTO TRIFACETADO, TIPO USO: ESTÉRIL, DESCARTÁVEL, EMBALAGEM INDIVIDUAL;UN;6000,0000;0,1700;1020,0000;0,0000;31/12/2026
HOSPITAL ESTADUAL TELECILA FREITAS FONTES /RN;932126;452;Material;932126-8/2026;Materiais e insumos médico-hospitalares;Catálogo do Compras.gov.br;Material;6515;INSTRUMENTOS, EQUIPAMENTOS E SUPRIMENTOS MÉDICOS  E  CIRÚRGICOS;2171;AGULHA HIPODÉRMICA;439804;DIMENSÃO: 21 G X 1", MATERIAL: AÇO INOXIDÁVEL SILICONIZADO, TIPO CONEXÃO: CONECTOR LUER LOCK OU SLIP EM PLÁSTICO, TIPO FIXAÇÃO: PROTETOR PLÁSTICO, TIPO PONTA: BISEL CURTO TRIFACETADO, TIPO USO: ESTÉRIL, DESCARTÁVEL, EMBALAGEM INDIVIDUAL;UN;6000,0000;0,3300;1980,0000;0,0000;31/12/2026
HOSPITAL ESTADUAL TELECILA FREITAS FONTES /RN;932126;453;Material;932126-8/2026;Materiais e insumos médico-hospitalares;Catálogo do Compras.gov.br;Material;6515;INSTRUMENTOS, EQUIPAMENTOS E SUPRIMENTOS MÉDICOS  E  CIRÚRGICOS;2171;AGULHA HIPODÉRMICA;439799;DIMENSÃO: 18 G X 1 1/2", MATERIAL: AÇO INOXIDÁVEL SILICONIZADO, TIPO CONEXÃO: CONECTOR LUER LOCK OU SLIP EM PLÁSTICO, TIPO FIXAÇÃO: PROTETOR PLÁSTICO, TIPO PONTA: BISEL CURTO TRIFACETADO, TIPO USO: ESTÉRIL, DESCARTÁVEL, EMBALAGEM INDIVIDUAL;UN;6000,0000;0,2100;1260,0000;0,0000;31/12/2026
HOSPITAL ESTADUAL TELECILA FREITAS FONTES /RN;932126;454;Material;932126-8/2026;Materiais e insumos médico-hospitalares;Catálogo do Compras.gov.br;Material;6510;MATERIAIS CIRÚRGICOS PARA CURATIVOS;18085;ALGODÃO USO MÉDICO;407961;APRESENTAÇÃO: EM ROLETE, ESTERILIDADE: NÃO ESTÉRIL, MATERIAL: ALVEJADO, PURIFICADO, ISENTO DE IMPUREZAS, TIPO: HIDRÓFILO;EMB;360,0000;7,6500;2754,0000;0,0000;31/12/2026
HOSPITAL ESTADUAL TELECILA FREITAS FONTES /RN;932126;455;Material;932126-8/2026;Materiais e insumos médico-hospitalares;Catálogo do Compras.gov.br;Material;8530;ARTIGOS PARA HIGIENE PESSOAL;2676;APARELHO BARBEAR;617292;MATERIAL CABO: PLÁSTICO, MATERIAL LÂMINA: LÂMINA AÇO INOX, QUANTIDADE LÂMINAS: 2, TIPO: DESCARTÁVEL;UN;900,0000;0,7900;711,0000;0,0000;31/12/2026
HOSPITAL ESTADUAL TELECILA FREITAS FONTES /RN;932126;456;Material;932126-8/2026;Materiais e insumos médico-hospitalares;Catálogo do Compras.gov.br;Material;6510;MATERIAIS CIRÚRGICOS PARA CURATIVOS;3104;ATADURA;460133;DIMENSÕES: 10, EMBALAGEM: EMBALAGEM INDIVIDUAL, ESTERILIDADE: ESTÉRIL, USO ÚNICO, MATERIAL 1: 100% ALGODÃO, TIPO 1: CREPOM;RO;3000,0000;0,6400;1920,0000;0,0000;31/12/2026
HOSPITAL ESTADUAL TELECILA FREITAS FONTES /RN;932126;457;Material;932126-8/2026;Materiais e insumos médico-hospitalares;Catálogo do Compras.gov.br;Material;6510;MATERIAIS CIRÚRGICOS PARA CURATIVOS;3104;ATADURA;460136;DIMENSÕES: 15, EMBALAGEM: EMBALAGEM INDIVIDUAL, ESTERILIDADE: ESTÉRIL, USO ÚNICO, MATERIAL 1: 100% ALGODÃO, TIPO 1: CREPOM;RO;4500,0000;0,9400;4230,0000;0,0000;31/12/2026
HOSPITAL ESTADUAL TELECILA FREITAS FONTES /RN;932126;458;Material;932126-8/2026;Materiais e insumos médico-hospitalares;Catálogo do Compras.gov.br;Material;6510;MATERIAIS CIRÚRGICOS PARA CURATIVOS;3104;ATADURA;460134;DIMENSÕES: 20, EMBALAGEM: EMBALAGEM INDIVIDUAL, ESTERILIDADE: ESTÉRIL, USO ÚNICO, MATERIAL 1: 100% ALGODÃO, TIPO 1: CREPOM;RO;3600,0000;1,2300;4428,0000;0,0000;31/12/2026
HOSPITAL ESTADUAL TELECILA FREITAS FONTES /RN;932126;459;Material;932126-8/2026;Materiais e insumos médico-hospitalares;Catálogo do Compras.gov.br;Material;6515;INSTRUMENTOS, EQUIPAMENTOS E SUPRIMENTOS MÉDICOS  E  CIRÚRGICOS;3104;ATADURA;444609;CARACTERÍSTICAS ADICIONAIS 1: SECAGEM ULTRA RÁPIDA, DIMENSÕES: 10, MATERIAL 1: 100% ALGODÃO, TIPO 1: GESSADA;RO;720,0000;0,6800;489,6000;0,0000;31/12/2026
HOSPITAL ESTADUAL TELECILA FREITAS FONTES /RN;932126;460;Material;932126-8/2026;Materiais e insumos médico-hospitalares;Catálogo do Compras.gov.br;Material;6515;INSTRUMENTOS, EQUIPAMENTOS E SUPRIMENTOS MÉDICOS  E  CIRÚRGICOS;3104;ATADURA;444613;CARACTERÍSTICAS ADICIONAIS 1: SECAGEM ULTRA RÁPIDA, DIMENSÕES: 15, MATERIAL 1: 100% ALGODÃO, TIPO 1: GESSADA;RO;1080,0000;1,0000;1080,0000;0,0000;31/12/2026
HOSPITAL ESTADUAL TELECILA FREITAS FONTES /RN;932126;461;Material;932126-8/2026;Materiais e insumos médico-hospitalares;Catálogo do Compras.gov.br;Material;6515;INSTRUMENTOS, EQUIPAMENTOS E SUPRIMENTOS MÉDICOS  E  CIRÚRGICOS;3104;ATADURA;444614;CARACTERÍSTICAS ADICIONAIS 1: SECAGEM ULTRA RÁPIDA, DIMENSÕES: 20, MATERIAL 1: 100% ALGODÃO, TIPO 1: GESSADA;RO;600,0000;1,3500;810,0000;0,0000;31/12/2026
HOSPITAL ESTADUAL TELECILA FREITAS FONTES /RN;932126;462;Material;932126-8/2026;Materiais e insumos médico-hospitalares;Catálogo do Compras.gov.br;Material;6532;VESTUÁRIO HOSPITALAR E CIRÚRGICO E ITENS CORRELATOS DE  FINALIDADES ESPECIAIS;30094;AVENTAL PROCEDIMENTO - PARAMENTAÇÃO;604945;COR: C/ COR, ESTERILIDADE: NÃO ESTÉRIL, DESCARTÁVEL, GRAMATURA: CERCA DE 40, MATERIAL: NÃO TECIDO 100% POLIPROPILENO - TIPO TNT, MODELO MANGA: LONGA C/ PUNHO DE ELÁSTICO, PROPRIEDADE: HIDROREPELENTE, TAMANHO: MÉDIO (M), TIPO FECHAMENTO: POSTERIOR P/ PESCOÇO E CINTURA;UN;6000,0000;2,1499;12899,4000;0,0000;31/12/2026
HOSPITAL ESTADUAL TELECILA FREITAS FONTES /RN;932126;463;Material;932126-8/2026;Materiais e insumos médico-hospitalares;Catálogo do Compras.gov.br;Material;6510;MATERIAIS CIRÚRGICOS PARA CURATIVOS;19898;ADJUVANTE P/ ESTOMIA;477269;APLICAÇÃO: INTESTINAL, COMPONENTE 2: C/ FILTRO P/ GASES, MATERIAL: MINI BOLSA FECHADA PLÁSTICO ANTIODOR OPACO, TAMANHO: FLANGE ATÉ 70 MM, TIPO: COBERTURA PROTETORA DE ESTOMA - SISTEMA 2 PEÇAS, TIPO USO: COMPATÍVEL C/ BASE ADESIVA;UN;90,0000;9,0000;810,0000;0,0000;31/12/2026
HOSPITAL ESTADUAL TELECILA FREITAS FONTES /RN;932126;464;Material;932126-8/2026;Materiais e insumos médico-hospitalares;Catálogo do Compras.gov.br;Material;6850;ESPECIALIDADES QUÍMICAS DIVERSAS;4186;CAL SODADA;301510;APLICAÇÃO: FILTRAGEM DE CO2 SISTEMA VENTILAÇÃO FECHADO, ASPECTO FÍSICO: GRANULADO, CARACTERÍSTICAS ADICIONAIS: GRAU DE DUREZA COM RUPTURA DE GRÃO ACIMA DE 700 G, COMPOSIÇÃO: HO2, COR: BRANCA, USO: ANESTESIA;EMB;1,0000;163,1900;163,1900;0,0000;31/12/2026
HOSPITAL ESTADUAL TELECILA FREITAS FONTES /RN;932126;465;Material;932126-8/2026;Materiais e insumos médico-hospitalares;Catálogo do Compras.gov.br;Material;6510;MATERIAIS CIRÚRGICOS PARA CURATIVOS;30274;COMPRESSA CAMPO OPERATÓRIO;623077;DIMENSÃO: CERCA DE 45 X 50, ESTERILIDADE: NÃO ESTÉRIL, USO ÚNICO, FIXAÇÃO: C/ DISPOSITIVO DE FIXAÇÃO, MATERIAL: 100% ALGODÃO, TIPO: SEM PRÉ-ENCOLHIMENTO;EMB;375,0000;49,9000;18712,5000;0,0000;31/12/2026
HOSPITAL ESTADUAL TELECILA FREITAS FONTES /RN;932126;466;Material;932126-8/2026;Materiais e insumos médico-hospitalares;Catálogo do Compras.gov.br;Material;6515;INSTRUMENTOS, EQUIPAMENTOS E SUPRIMENTOS MÉDICOS  E  CIRÚRGICOS;14572;CÂNULA OROFARÍNGEA GUEDEL;427150;EMBALAGEM INDIVIDUAL*: EMBALAGEM INDIVIDUAL, ESTERELIDADE*: ESTÉRIL, MATERIAL*: POLÍMERO, TAMANHO*: TAMANHO Nº 2;UN;3,0000;3,9900;11,9700;0,0000;31/12/2026
HOSPITAL ESTADUAL TELECILA FREITAS FONTES /RN;932126;467;Material;932126-8/2026;Materiais e insumos médico-hospitalares;Catálogo do Compras.gov.br;Material;6515;INSTRUMENTOS, EQUIPAMENTOS E SUPRIMENTOS MÉDICOS  E  CIRÚRGICOS;14572;CÂNULA OROFARÍNGEA GUEDEL;422817;EMBALAGEM INDIVIDUAL*: EMBALAGEM INDIVIDUAL, ESTERELIDADE*: ESTÉRIL, MATERIAL*: POLÍMERO, TAMANHO*: TAMANHO Nº 3;UN;3,0000;2,4900;7,4700;0,0000;31/12/2026
HOSPITAL ESTADUAL TELECILA FREITAS FONTES /RN;932126;468;Material;932126-8/2026;Materiais e insumos médico-hospitalares;Catálogo do Compras.gov.br;Material;6515;INSTRUMENTOS, EQUIPAMENTOS E SUPRIMENTOS MÉDICOS  E  CIRÚRGICOS;14572;CÂNULA OROFARÍNGEA GUEDEL;422820;EMBALAGEM INDIVIDUAL*: EMBALAGEM INDIVIDUAL, ESTERELIDADE*: ESTÉRIL, MATERIAL*: POLÍMERO, TAMANHO*: TAMANHO Nº 4;UN;3,0000;2,9600;8,8800;0,0000;31/12/2026
HOSPITAL ESTADUAL TELECILA FREITAS FONTES /RN;932126;469;Material;932126-8/2026;Materiais e insumos médico-hospitalares;Catálogo do Compras.gov.br;Material;6515;INSTRUMENTOS, EQUIPAMENTOS E SUPRIMENTOS MÉDICOS  E  CIRÚRGICOS;5728;CÂNULA DE TRAQUEOSTOMIA;427908;ACESSÓRIOS: C/ FITA P/ FIXAÇÃO, ACESSÓRIOS 01: OBTURADOR, ACESSÓRIOS 02: CONECTOR UNIVERSAL, CARACTERÍSTICAS ADICIONAIS*: C/ ASA DE FIXAÇÃO LATERAL FLEXÍVEL, COMPONENTES*: BALÃO DE ALTO VOLUME E BAIXA PRESSÃO, DIÂMETRO: CERCA DE 4,0, EMBALAGEM: EMBALAGEM INDIVIDUAL, ESTERELIDADE: ESTÉRIL, MATERIAL*: POLÍMERO, TIPO: RADIOPACO;UN;1,0000;22,0000;22,0000;0,0000;31/12/2026
HOSPITAL ESTADUAL TELECILA FREITAS FONTES /RN;932126;470;Material;932126-8/2026;Materiais e insumos médico-hospitalares;Catálogo do Compras.gov.br;Material;6515;INSTRUMENTOS, EQUIPAMENTOS E SUPRIMENTOS MÉDICOS  E  CIRÚRGICOS;5728;CÂNULA DE TRAQUEOSTOMIA;423632;ACESSÓRIOS: MANDRIL COM GUIA, CARACTERÍSTICAS ADICIONAIS*: SUPERFÍCIE LISA PONTA ARREDONDADA, COMPONENTES*: BALÃO DE ALTO VOLUME E BAIXA PRESSÃO, DIÂMETRO: 5, EMBALAGEM: EMBALAGEM INDIVIDUAL, ESTERELIDADE: ESTÉRIL, MATERIAL*: POLÍMERO, MODELO: CURTA, OUTROS COMPONENTES*: COM DISPOSITIVO DE FONAÇÃO;UN;1,0000;22,0000;22,0000;0,0000;31/12/2026
HOSPITAL ESTADUAL TELECILA FREITAS FONTES /RN;932126;471;Material;932126-8/2026;Materiais e insumos médico-hospitalares;Catálogo do Compras.gov.br;Material;6515;INSTRUMENTOS, EQUIPAMENTOS E SUPRIMENTOS MÉDICOS  E  CIRÚRGICOS;5728;CÂNULA DE TRAQUEOSTOMIA;423633;ACESSÓRIOS: MANDRIL COM GUIA, CARACTERÍSTICAS ADICIONAIS*: SUPERFÍCIE LISA PONTA ARREDONDADA, COMPONENTES*: BALÃO DE ALTO VOLUME E BAIXA PRESSÃO, DIÂMETRO: 6, EMBALAGEM: EMBALAGEM INDIVIDUAL, ESTERELIDADE: ESTÉRIL, MATERIAL*: POLÍMERO, MODELO: CURTA, OUTROS COMPONENTES*: COM DISPOSITIVO DE FONAÇÃO;UN;3,0000;17,5000;52,5000;0,0000;31/12/2026
HOSPITAL ESTADUAL TELECILA FREITAS FONTES /RN;932126;472;Material;932126-8/2026;Materiais e insumos médico-hospitalares;Catálogo do Compras.gov.br;Material;6515;INSTRUMENTOS, EQUIPAMENTOS E SUPRIMENTOS MÉDICOS  E  CIRÚRGICOS;5728;CÂNULA DE TRAQUEOSTOMIA;423636;ACESSÓRIOS: MANDRIL COM GUIA, CARACTERÍSTICAS ADICIONAIS*: SUPERFÍCIE LISA PONTA ARREDONDADA, COMPONENTES*: BALÃO DE ALTO VOLUME E BAIXA PRESSÃO, DIÂMETRO: 7, EMBALAGEM: EMBALAGEM INDIVIDUAL, ESTERELIDADE: ESTÉRIL, MATERIAL*: POLÍMERO, MODELO: CURTA, OUTROS COMPONENTES*: COM DISPOSITIVO DE FONAÇÃO;UN;3,0000;15,0000;45,0000;0,0000;31/12/2026
HOSPITAL ESTADUAL TELECILA FREITAS FONTES /RN;932126;473;Material;932126-8/2026;Materiais e insumos médico-hospitalares;Catálogo do Compras.gov.br;Material;6515;INSTRUMENTOS, EQUIPAMENTOS E SUPRIMENTOS MÉDICOS  E  CIRÚRGICOS;14736;CATETER ASPIRAÇÃO TRAQUEAL;279765;CARACTERÍSTICAS ADICIONAIS: PONTA ATRAUMÁTICA, ORIFÍCIOS DISTAIS LATERALIZADOS, ESPESSURA: Nº 10, MATERIAL: PVC ATÓXICO FLEXÍVEL, TIPO EMBALAGEM: ESTÉRIL, EMBALAGEM INDIVIDUAL, TIPO USO: DESCARTÁVEL;UN;420,0000;0,5700;239,4000;0,0000;31/12/2026
HOSPITAL ESTADUAL TELECILA FREITAS FONTES /RN;932126;474;Material;932126-8/2026;Materiais e insumos médico-hospitalares;Catálogo do Compras.gov.br;Material;6515;INSTRUMENTOS, EQUIPAMENTOS E SUPRIMENTOS MÉDICOS  E  CIRÚRGICOS;14736;CATETER ASPIRAÇÃO TRAQUEAL;279764;CARACTERÍSTICAS ADICIONAIS: PONTA ATRAUMÁTICA, ORIFÍCIOS DISTAIS LATERALIZADOS, ESPESSURA: Nº 12, MATERIAL: PVC ATÓXICO FLEXÍVEL, TIPO EMBALAGEM: ESTÉRIL, EMBALAGEM INDIVIDUAL, TIPO USO: DESCARTÁVEL;UN;900,0000;0,5900;531,0000;0,0000;31/12/2026
HOSPITAL ESTADUAL TELECILA FREITAS FONTES /RN;932126;475;Material;932126-8/2026;Materiais e insumos médico-hospitalares;Catálogo do Compras.gov.br;Material;6515;INSTRUMENTOS, EQUIPAMENTOS E SUPRIMENTOS MÉDICOS  E  CIRÚRGICOS;14736;CATETER ASPIRAÇÃO TRAQUEAL;279761;CARACTERÍSTICAS ADICIONAIS: PONTA ATRAUMÁTICA, ORIFÍCIOS DISTAIS LATERALIZADOS, ESPESSURA: Nº 14, MATERIAL: PVC ATÓXICO FLEXÍVEL, TIPO EMBALAGEM: ESTÉRIL, EMBALAGEM INDIVIDUAL, TIPO USO: DESCARTÁVEL;UN;300,0000;0,6100;183,0000;0,0000;31/12/2026
HOSPITAL ESTADUAL TELECILA FREITAS FONTES /RN;932126;476;Material;932126-8/2026;Materiais e insumos médico-hospitalares;Catálogo do Compras.gov.br;Material;6515;INSTRUMENTOS, EQUIPAMENTOS E SUPRIMENTOS MÉDICOS  E  CIRÚRGICOS;14736;CATETER ASPIRAÇÃO TRAQUEAL;279762;CARACTERÍSTICAS ADICIONAIS: PONTA ATRAUMÁTICA, ORIFÍCIOS DISTAIS LATERALIZADOS, ESPESSURA: Nº 16, MATERIAL: PVC ATÓXICO FLEXÍVEL, TIPO EMBALAGEM: ESTÉRIL, EMBALAGEM INDIVIDUAL, TIPO USO: DESCARTÁVEL;UN;300,0000;0,6200;186,0000;0,0000;31/12/2026
HOSPITAL ESTADUAL TELECILA FREITAS FONTES /RN;932126;477;Material;932126-8/2026;Materiais e insumos médico-hospitalares;Catálogo do Compras.gov.br;Material;6515;INSTRUMENTOS, EQUIPAMENTOS E SUPRIMENTOS MÉDICOS  E  CIRÚRGICOS;14736;CATETER ASPIRAÇÃO TRAQUEAL;279760;CARACTERÍSTICAS ADICIONAIS: PONTA ATRAUMÁTICA, ORIFÍCIOS DISTAIS LATERALIZADOS, ESPESSURA: Nº 6, MATERIAL: PVC ATÓXICO FLEXÍVEL, TIPO EMBALAGEM: ESTÉRIL, EMBALAGEM INDIVIDUAL, TIPO USO: DESCARTÁVEL;UN;30,0000;0,5300;15,9000;0,0000;31/12/2026
HOSPITAL ESTADUAL TELECILA FREITAS FONTES /RN;932126;478;Material;932126-8/2026;Materiais e insumos médico-hospitalares;Catálogo do Compras.gov.br;Material;6515;INSTRUMENTOS, EQUIPAMENTOS E SUPRIMENTOS MÉDICOS  E  CIRÚRGICOS;14736;CATETER ASPIRAÇÃO TRAQUEAL;279763;CARACTERÍSTICAS ADICIONAIS: PONTA ATRAUMÁTICA, ORIFÍCIOS DISTAIS LATERALIZADOS, ESPESSURA: Nº 8, MATERIAL: PVC ATÓXICO FLEXÍVEL, TIPO EMBALAGEM: ESTÉRIL, EMBALAGEM INDIVIDUAL, TIPO USO: DESCARTÁVEL;UN;60,0000;1,0000;60,0000;0,0000;31/12/2026
HOSPITAL ESTADUAL TELECILA FREITAS FONTES /RN;932126;479;Material;932126-8/2026;Materiais e insumos médico-hospitalares;Catálogo do Compras.gov.br;Material;6515;INSTRUMENTOS, EQUIPAMENTOS E SUPRIMENTOS MÉDICOS  E  CIRÚRGICOS;7510;CATETER CENTRAL;465679;APLICAÇÃO: VENOSO, COMPONENTE: KIT INTRODUTOR COMPLETO, COMPONENTE II: REVESTIDO C/ ANTIMICROBIANO/ANTIFÚNGICO, COMPRIMENTO: CERCA 20, CONECTOR: CONECTORES PADRÃO, DIÂMETRO: CERCA 7 FR, LÚMEN: 14 A 18, MATÉRIA PRIMA: POLIURETANO RADIOPACO, TIPO USO: ESTÉRIL, DESCARTÁVEL, EMBALAGEM INDIVIDUAL, VIAS: DUPLO LÚMEN;UN;180,0000;38,0000;6840,0000;0,0000;31/12/2026
HOSPITAL ESTADUAL TELECILA FREITAS FONTES /RN;932126;480;Material;932126-8/2026;Materiais e insumos médico-hospitalares;Catálogo do Compras.gov.br;Material;6515;INSTRUMENTOS, EQUIPAMENTOS E SUPRIMENTOS MÉDICOS  E  CIRÚRGICOS;7510;CATETER CENTRAL;437296;APLICAÇÃO: VENOSO, COMPONENTE: KIT INTRODUTOR COMPLETO, COMPRIMENTO: CERCA 20, CONECTOR: CONECTORES PADRÃO, CLAMP EM TODAS VIAS E TAMPAS, DIÂMETRO: CERCA 4 FR, LÚMEN: 22, MATÉRIA PRIMA: POLIURETANO RADIOPACO, TIPO FIXAÇÃO: FIXAÇÃO SUBCUTÂNEA, TIPO USO: ESTÉRIL, DESCARTÁVEL, EMBALAGEM INDIVIDUAL, VIAS: DUPLO LÚMEN;UN;15,0000;96,8800;1453,2000;0,0000;31/12/2026
HOSPITAL ESTADUAL TELECILA FREITAS FONTES /RN;932126;481;Material;932126-8/2026;Materiais e insumos médico-hospitalares;Catálogo do Compras.gov.br;Material;6515;INSTRUMENTOS, EQUIPAMENTOS E SUPRIMENTOS MÉDICOS  E  CIRÚRGICOS;7510;CATETER CENTRAL;437290;APLICAÇÃO: VENOSO, COMPONENTE: KIT INTRODUTOR COMPLETO, COMPRIMENTO: CERCA 30, CONECTOR: CONECTORES PADRÃO, CLAMP E TAMPA, LÚMEN: 16, MATÉRIA PRIMA: POLIURETANO RADIOPACO, TIPO FIXAÇÃO: FIXAÇÃO SUBCUTÂNEA, TIPO USO: ESTÉRIL, DESCARTÁVEL, EMBALAGEM INDIVIDUAL, VIAS: MONO LÚMEN;UN;15,0000;20,8300;312,4500;0,0000;31/12/2026
HOSPITAL ESTADUAL TELECILA FREITAS FONTES /RN;932126;482;Material;932126-8/2026;Materiais e insumos médico-hospitalares;Catálogo do Compras.gov.br;Material;6515;INSTRUMENTOS, EQUIPAMENTOS E SUPRIMENTOS MÉDICOS  E  CIRÚRGICOS;7510;CATETER CENTRAL;437576;APLICAÇÃO: VENOSO, COMPONENTE: KIT INTRODUTOR COMPLETO, COMPRIMENTO: CERCA 30, CONECTOR: CONECTORES PADRÃO, CLAMP E TAMPA, LÚMEN: 19, MATÉRIA PRIMA: POLIURETANO RADIOPACO, TIPO FIXAÇÃO: FIXAÇÃO SUBCUTÂNEA, TIPO USO: ESTÉRIL, DESCARTÁVEL, EMBALAGEM INDIVIDUAL, VIAS: MONO LÚMEN;UN;3,0000;26,5000;79,5000;0,0000;31/12/2026
HOSPITAL ESTADUAL TELECILA FREITAS FONTES /RN;932126;483;Material;932126-8/2026;Materiais e insumos médico-hospitalares;Catálogo do Compras.gov.br;Material;6515;INSTRUMENTOS, EQUIPAMENTOS E SUPRIMENTOS MÉDICOS  E  CIRÚRGICOS;7510;CATETER CENTRAL;437287;APLICAÇÃO: VENOSO, COMPONENTE: KIT INTRODUTOR COMPLETO, COMPRIMENTO: CERCA 20, CONECTOR: CONECTORES PADRÃO, CLAMP E TAMPA, LÚMEN: 22, MATÉRIA PRIMA: POLIURETANO RADIOPACO, TIPO FIXAÇÃO: FIXAÇÃO SUBCUTÂNEA, TIPO USO: ESTÉRIL, DESCARTÁVEL, EMBALAGEM INDIVIDUAL, VIAS: MONO LÚMEN;UN;3,0000;32,0000;96,0000;0,0000;31/12/2026
HOSPITAL ESTADUAL TELECILA FREITAS FONTES /RN;932126;484;Material;932126-8/2026;Materiais e insumos médico-hospitalares;Catálogo do Compras.gov.br;Material;6515;INSTRUMENTOS, EQUIPAMENTOS E SUPRIMENTOS MÉDICOS  E  CIRÚRGICOS;30260;CATETER NASAL PARA OXIGÊNIO;621725;APLICAÇÃO: P/ OXIGENOTERAPIA, COMPRIMENTO: CERCA DE 1,5 M, CONECTOR: COMPATÍVEL C/ FONTE O2, ESTERILIDADE: ESTÉRIL, USO ÚNICO, MATERIAL: TUBO E PRONGA DE SILICONE, MODELO: TIPO ÓCULOS, TAMANHO: ADULTO;UN;900,0000;1,1900;1071,0000;0,0000;31/12/2026
HOSPITAL ESTADUAL TELECILA FREITAS FONTES /RN;932126;485;Material;932126-8/2026;Materiais e insumos médico-hospitalares;Catálogo do Compras.gov.br;Material;6515;INSTRUMENTOS, EQUIPAMENTOS E SUPRIMENTOS MÉDICOS  E  CIRÚRGICOS;30260;CATETER NASAL PARA OXIGÊNIO;621726;APLICAÇÃO: P/ OXIGENOTERAPIA, COMPRIMENTO: CERCA DE 1,5 M, CONECTOR: COMPATÍVEL C/ FONTE O2, ESTERILIDADE: ESTÉRIL, USO ÚNICO, MATERIAL: TUBO E PRONGA DE SILICONE, MODELO: TIPO ÓCULOS, TAMANHO: INFANTIL;UN;120,0000;1,1900;142,8000;0,0000;31/12/2026
HOSPITAL ESTADUAL TELECILA FREITAS FONTES /RN;932126;486;Material;932126-8/2026;Materiais e insumos médico-hospitalares;Catálogo do Compras.gov.br;Material;6515;INSTRUMENTOS, EQUIPAMENTOS E SUPRIMENTOS MÉDICOS  E  CIRÚRGICOS;3701;CATETER PERIFÉRICO;437175;APLICAÇÃO: VENOSO, COMPONENTE 1: CÂMARA REFLUXO C/ FILTRO, COMPONENTE 2: C/ SISTEMA SEGURANÇA SEGUNDO NR/32, COMPRIMENTO: CERCA 50, CONECTOR: CONECTOR PADRÃO, DIAMETRO: 14, MATERIAL AGULHA: AGULHA AÇO INOX, MATERIAL CATETER: POLÍMERO RADIOPACO, TIPO USO: ESTÉRIL, DESCARTÁVEL, EMBALAGEM INDIVIDUAL;UN;450,0000;1,9900;895,5000;0,0000;31/12/2026
HOSPITAL ESTADUAL TELECILA FREITAS FONTES /RN;932126;487;Material;932126-8/2026;Materiais e insumos médico-hospitalares;Catálogo do Compras.gov.br;Material;6515;INSTRUMENTOS, EQUIPAMENTOS E SUPRIMENTOS MÉDICOS  E  CIRÚRGICOS;3701;CATETER PERIFÉRICO;437176;APLICAÇÃO: VENOSO, COMPONENTE 1: CÂMARA REFLUXO C/ FILTRO, COMPONENTE 2: C/ SISTEMA SEGURANÇA SEGUNDO NR/32, COMPRIMENTO: CERCA 50, CONECTOR: CONECTOR PADRÃO, DIAMETRO: 16, MATERIAL AGULHA: AGULHA AÇO INOX, MATERIAL CATETER: POLÍMERO RADIOPACO, TIPO USO: ESTÉRIL, DESCARTÁVEL, EMBALAGEM INDIVIDUAL;UN;450,0000;2,1100;949,5000;0,0000;31/12/2026
HOSPITAL ESTADUAL TELECILA FREITAS FONTES /RN;932126;488;Material;932126-8/2026;Materiais e insumos médico-hospitalares;Catálogo do Compras.gov.br;Material;6515;INSTRUMENTOS, EQUIPAMENTOS E SUPRIMENTOS MÉDICOS  E  CIRÚRGICOS;3701;CATETER PERIFÉRICO;437177;APLICAÇÃO: VENOSO, COMPONENTE 1: CÂMARA REFLUXO C/ FILTRO, COMPONENTE 2: C/ SISTEMA SEGURANÇA SEGUNDO NR/32, COMPRIMENTO: CERCA 45, CONECTOR: CONECTOR PADRÃO, DIAMETRO: 18, MATERIAL AGULHA: AGULHA AÇO INOX, MATERIAL CATETER: POLÍMERO RADIOPACO, TIPO USO: ESTÉRIL, DESCARTÁVEL, EMBALAGEM INDIVIDUAL;UN;1500,0000;2,0900;3135,0000;0,0000;31/12/2026
HOSPITAL ESTADUAL TELECILA FREITAS FONTES /RN;932126;489;Material;932126-8/2026;Materiais e insumos médico-hospitalares;Catálogo do Compras.gov.br;Material;6515;INSTRUMENTOS, EQUIPAMENTOS E SUPRIMENTOS MÉDICOS  E  CIRÚRGICOS;3701;CATETER PERIFÉRICO;437178;APLICAÇÃO: VENOSO, COMPONENTE 1: CÂMARA REFLUXO C/ FILTRO, COMPONENTE 2: C/ SISTEMA SEGURANÇA SEGUNDO NR/32, COMPRIMENTO: CERCA 30, CONECTOR: CONECTOR PADRÃO, DIAMETRO: 20, MATERIAL AGULHA: AGULHA AÇO INOX, MATERIAL CATETER: POLÍMERO RADIOPACO, TIPO USO: ESTÉRIL, DESCARTÁVEL, EMBALAGEM INDIVIDUAL;UN;3600,0000;2,1900;7884,0000;0,0000;31/12/2026
HOSPITAL ESTADUAL TELECILA FREITAS FONTES /RN;932126;490;Material;932126-8/2026;Materiais e insumos médico-hospitalares;Catálogo do Compras.gov.br;Material;6515;INSTRUMENTOS, EQUIPAMENTOS E SUPRIMENTOS MÉDICOS  E  CIRÚRGICOS;3701;CATETER PERIFÉRICO;437179;APLICAÇÃO: VENOSO, COMPONENTE 1: CÂMARA REFLUXO C/ FILTRO, COMPONENTE 2: C/ SISTEMA SEGURANÇA SEGUNDO NR/32, COMPRIMENTO: CERCA 25, CONECTOR: CONECTOR PADRÃO, DIAMETRO: 22, MATERIAL AGULHA: AGULHA AÇO INOX, MATERIAL CATETER: POLÍMERO RADIOPACO, TIPO USO: ESTÉRIL, DESCARTÁVEL, EMBALAGEM INDIVIDUAL;UN;4500,0000;2,1900;9855,0000;0,0000;31/12/2026
HOSPITAL ESTADUAL TELECILA FREITAS FONTES /RN;932126;491;Material;932126-8/2026;Materiais e insumos médico-hospitalares;Catálogo do Compras.gov.br;Material;6515;INSTRUMENTOS, EQUIPAMENTOS E SUPRIMENTOS MÉDICOS  E  CIRÚRGICOS;3701;CATETER PERIFÉRICO;437180;APLICAÇÃO: VENOSO, COMPONENTE 1: CÂMARA REFLUXO C/ FILTRO, COMPONENTE 2: C/ SISTEMA SEGURANÇA SEGUNDO NR/32, COMPRIMENTO: CERCA 20, CONECTOR: CONECTOR PADRÃO, DIAMETRO: 24, MATERIAL AGULHA: AGULHA AÇO INOX, MATERIAL CATETER: POLÍMERO RADIOPACO, TIPO USO: ESTÉRIL, DESCARTÁVEL, EMBALAGEM INDIVIDUAL;UN;2100,0000;2,2800;4788,0000;0,0000;31/12/2026
HOSPITAL ESTADUAL TELECILA FREITAS FONTES /RN;932126;492;Material;932126-8/2026;Materiais e insumos médico-hospitalares;Catálogo do Compras.gov.br;Material;6515;INSTRUMENTOS, EQUIPAMENTOS E SUPRIMENTOS MÉDICOS  E  CIRÚRGICOS;3701;CATETER PERIFÉRICO;437164;APLICAÇÃO: VENOSO, COMPONENTE 2: C/ SISTEMA SEGURANÇA SEGUNDO NR/32, COMPONENTE ADICIONAL: C/ ASA DE FIXAÇÃO, TUBO EXTENSOR, CONECTOR: CONECTOR PADRÃO C/ TAMPA, DIAMETRO: 19, MATERIAL AGULHA: AGULHA AÇO INOX, MODELO: TIPO ESCALPE, TIPO USO: ESTÉRIL, DESCARTÁVEL, EMBALAGEM INDIVIDUAL;UN;1200,0000;0,3700;444,0000;0,0000;31/12/2026
HOSPITAL ESTADUAL TELECILA FREITAS FONTES /RN;932126;684;Material;932126-6/2026;Máquinas, equipamentos, ferramentas e assessórios para manutenção;Catálogo do Compras.gov.br;Material;4030;ACESSÓRIOS PARA CORDAS, CABOS E CORRENTES;1223;BRAÇADEIRA CABO AÇO;343311;CARACTERÍSTICAS ADICIONAIS: CABO UTP, COR PRETA, DIMENSÕES 4 X 250 MM, RETAR-, MATERIAL: NYLON;PCT;15,0000;19,4500;291,7500;0,0000;31/12/2026
HOSPITAL ESTADUAL TELECILA FREITAS FONTES /RN;932126;493;Material;932126-8/2026;Materiais e insumos médico-hospitalares;Catálogo do Compras.gov.br;Material;6515;INSTRUMENTOS, EQUIPAMENTOS E SUPRIMENTOS MÉDICOS  E  CIRÚRGICOS;3701;CATETER PERIFÉRICO;437166;APLICAÇÃO: VENOSO, COMPONENTE 2: C/ SISTEMA SEGURANÇA SEGUNDO NR/32, COMPONENTE ADICIONAL: C/ ASA DE FIXAÇÃO, TUBO EXTENSOR, CONECTOR: CONECTOR PADRÃO C/ TAMPA, DIAMETRO: 21, MATERIAL AGULHA: AGULHA AÇO INOX, MODELO: TIPO ESCALPE, TIPO USO: ESTÉRIL, DESCARTÁVEL, EMBALAGEM INDIVIDUAL;UN;4500,0000;0,4200;1890,0000;0,0000;31/12/2026
HOSPITAL ESTADUAL TELECILA FREITAS FONTES /RN;932126;494;Material;932126-8/2026;Materiais e insumos médico-hospitalares;Catálogo do Compras.gov.br;Material;6515;INSTRUMENTOS, EQUIPAMENTOS E SUPRIMENTOS MÉDICOS  E  CIRÚRGICOS;3701;CATETER PERIFÉRICO;437167;APLICAÇÃO: VENOSO, COMPONENTE 2: C/ SISTEMA SEGURANÇA SEGUNDO NR/32, COMPONENTE ADICIONAL: C/ ASA DE FIXAÇÃO, TUBO EXTENSOR, CONECTOR: CONECTOR PADRÃO C/ TAMPA, DIAMETRO: 23, MATERIAL AGULHA: AGULHA AÇO INOX, MODELO: TIPO ESCALPE, TIPO USO: ESTÉRIL, DESCARTÁVEL, EMBALAGEM INDIVIDUAL;UN;4500,0000;0,3400;1530,0000;0,0000;31/12/2026
HOSPITAL ESTADUAL TELECILA FREITAS FONTES /RN;932126;495;Material;932126-8/2026;Materiais e insumos médico-hospitalares;Catálogo do Compras.gov.br;Material;6515;INSTRUMENTOS, EQUIPAMENTOS E SUPRIMENTOS MÉDICOS  E  CIRÚRGICOS;4773;CERA PARA OSSO;273052;COMPOSIÇÃO: CERA DE ABELHAS E PALMITATO ISOPROPÍLICO, TIPO USO: HEMOSTÁTICO, ESTÉRIL, DESCARTÁVEL;ENV;12,0000;3,0000;36,0000;0,0000;31/12/2026
HOSPITAL ESTADUAL TELECILA FREITAS FONTES /RN;932126;496;Material;932126-8/2026;Materiais e insumos médico-hospitalares;Catálogo do Compras.gov.br;Material;6510;MATERIAIS CIRÚRGICOS PARA CURATIVOS;30021;PELÍCULA PROTETORA;484757;APRESENTAÇÃO: EM ROLO, COMPOSIÇÃO: À BASE DE POLIURETANO (PU), DIMENSÃO: CERCA DE 10, ESTERILIDADE: USO ÚNICO, TIPO: ADESIVA;UN;24,0000;39,8000;955,2000;0,0000;31/12/2026
HOSPITAL ESTADUAL TELECILA FREITAS FONTES /RN;932126;497;Material;932126-8/2026;Materiais e insumos médico-hospitalares;Catálogo do Compras.gov.br;Material;6515;INSTRUMENTOS, EQUIPAMENTOS E SUPRIMENTOS MÉDICOS  E  CIRÚRGICOS;30233;RESERVATÓRIO P/ COLETA DE AMOSTRA BIOLÓGICA;619176;APLICAÇÃO: UNIVERSAL, ESTERILIDADE: NÃO ESTÉRIL, USO ÚNICO, FECHAMENTO: C/ CORDÃO DE FECHAMENTO, MATERIAL: POLÍMERO MALEÁVEL TRANSPARENTE, GRADUADO, MODELO: SACO, VOLUME: CERCA DE 2000 ML;UN;900,0000;0,3000;270,0000;0,0000;31/12/2026
HOSPITAL ESTADUAL TELECILA FREITAS FONTES /RN;932126;498;Material;932126-8/2026;Materiais e insumos médico-hospitalares;Catálogo do Compras.gov.br;Material;6515;INSTRUMENTOS, EQUIPAMENTOS E SUPRIMENTOS MÉDICOS  E  CIRÚRGICOS;30233;RESERVATÓRIO P/ COLETA DE AMOSTRA BIOLÓGICA;619195;APLICAÇÃO: P/ URINA INFANTIL, COMPONENTE: C/ ADESIVO DE FIXAÇÃO NO PACIENTE, ESTERILIDADE: ESTÉRIL, USO ÚNICO, MATERIAL: POLÍMERO MALEÁVEL TRANSPARENTE, GRADUADO, MODELO: SACO, VOLUME: CERCA DE 100 ML;UN;60,0000;0,4400;26,4000;0,0000;31/12/2026
HOSPITAL ESTADUAL TELECILA FREITAS FONTES /RN;932126;499;Material;932126-8/2026;Materiais e insumos médico-hospitalares;Catálogo do Compras.gov.br;Material;6515;INSTRUMENTOS, EQUIPAMENTOS E SUPRIMENTOS MÉDICOS  E  CIRÚRGICOS;5359;BOLSA COLETORA DE URINA SISTEMA FECHADO;419373;CAPACIDADE*: CERCA DE 2000, COMPONENTES: ALÇA DE SUSTENTAÇÃO, CONECTOR: CONECTOR UNIVERSAL, ESTERILIDADE*: ESTÉRIL, DESCARTÁVEL, FILTRO: FILTRO HIDROFÓBICO/BACTERIOLÓGICO, GRADUAÇÃO: GRADUAÇÃO DE 100 EM 100, MATERIAL*: PVC, OUTROS COMPONENTES: MEMBRANA AUTOCICATRIZANTE, PINÇA: CLAMP CORTA FLUXO, TIPO*: SISTEMA FECHADO, VÁLVULA: VÁLVULA ANTI-REFLUXO;UN;750,0000;5,1500;3862,5000;0,0000;31/12/2026
HOSPITAL ESTADUAL TELECILA FREITAS FONTES /RN;932126;500;Material;932126-8/2026;Materiais e insumos médico-hospitalares;Catálogo do Compras.gov.br;Material;6515;INSTRUMENTOS, EQUIPAMENTOS E SUPRIMENTOS MÉDICOS  E  CIRÚRGICOS;30273;COLETOR DE RESÍDUOS DE SERVIÇO DE SAÚDE;623108;ADICIONAL: C/ ALÇA, CAPACIDADE: CERCA DE 7, MATERIAL: CAIXA DE PAPELÃO C/ SACO PLÁSTICO, TIPO DE RESÍDUO: GRUPO E - RESÍDUO PERFUROCORTANTE INFECTANTE, TIPO RISCO: RISCO BIOLÓGICO, USO: USO ÚNICO;UN;300,0000;4,2900;1287,0000;0,0000;31/12/2026
HOSPITAL ESTADUAL TELECILA FREITAS FONTES /RN;932126;501;Material;932126-8/2026;Materiais e insumos médico-hospitalares;Catálogo do Compras.gov.br;Material;6515;INSTRUMENTOS, EQUIPAMENTOS E SUPRIMENTOS MÉDICOS  E  CIRÚRGICOS;30273;COLETOR DE RESÍDUOS DE SERVIÇO DE SAÚDE;623109;ADICIONAL: C/ ALÇA, CAPACIDADE: CERCA DE 13, MATERIAL: CAIXA DE PAPELÃO C/ SACO PLÁSTICO, TIPO DE RESÍDUO: GRUPO E - RESÍDUO PERFUROCORTANTE INFECTANTE, TIPO RISCO: RISCO BIOLÓGICO, USO: USO ÚNICO;UN;600,0000;5,7600;3456,0000;0,0000;31/12/2026
HOSPITAL ESTADUAL TELECILA FREITAS FONTES /RN;932126;502;Material;932126-8/2026;Materiais e insumos médico-hospitalares;Catálogo do Compras.gov.br;Material;6515;INSTRUMENTOS, EQUIPAMENTOS E SUPRIMENTOS MÉDICOS  E  CIRÚRGICOS;373;COMPRESSA GAZE;615986;ADICIONAL: 5 DOBRAS, DIMENSÕES: CERCA DE 7,5 X 7,5, EMBALAGEM: EMBALAGEM INDIVIDUAL, ESTERILIDADE*: ESTÉRIL, USO ÚNICO, GRAMATURA: 13 FIOS/, MATERIAL: 100% ALGODÃO;PCT;9000,0000;0,4300;3870,0000;0,0000;31/12/2026
HOSPITAL ESTADUAL TELECILA FREITAS FONTES /RN;932126;503;Material;932126-8/2026;Materiais e insumos médico-hospitalares;Catálogo do Compras.gov.br;Material;6515;INSTRUMENTOS, EQUIPAMENTOS E SUPRIMENTOS MÉDICOS  E  CIRÚRGICOS;373;COMPRESSA GAZE;272020;CARACTERÍSTICAS ADICIONAIS: EMBALAGEM PLÁSTICA INDIVIDUAL, MATERIAL: TECIDO 100% ALGODÃO, MODELO: COR BRANCA,ISENTA DE IMPUREZAS, TIPO: TIPO QUEIJO, CAMADAS: 8 CAMADAS, QUANTIDADE FIOS: 13 FIOS/CM2, LARGURA: 91, COMPRIMENTO: 91, DOBRAS: 4 DOBRAS;RO;450,0000;20,8400;9378,0000;0,0000;31/12/2026
HOSPITAL ESTADUAL TELECILA FREITAS FONTES /RN;932126;504;Material;932126-8/2026;Materiais e insumos médico-hospitalares;Catálogo do Compras.gov.br;Material;6515;INSTRUMENTOS, EQUIPAMENTOS E SUPRIMENTOS MÉDICOS  E  CIRÚRGICOS;373;COMPRESSA GAZE;269971;CARACTERÍSTICAS ADICIONAIS: DESCARTÁVEL, MATERIAL: TECIDO 100% ALGODÃO, MODELO: COR BRANCA,ISENTA DE IMPUREZAS, TIPO: 13 FIOS/CM2, CAMADAS: 8 CAMADAS, LARGURA: 7,50, COMPRIMENTO: 7,50, DOBRAS: 5 DOBRAS;PCT;675,0000;19,1500;12926,2500;0,0000;31/12/2026
HOSPITAL ESTADUAL TELECILA FREITAS FONTES /RN;932126;505;Material;932126-8/2026;Materiais e insumos médico-hospitalares;Catálogo do Compras.gov.br;Material;6515;INSTRUMENTOS, EQUIPAMENTOS E SUPRIMENTOS MÉDICOS  E  CIRÚRGICOS;30022;CURATIVO / COBERTURA;485094;APLICAÇÃO: P/ FERIDA, ASPECTO FÍSICO: MALHA / GAZE, COMPONENTE 1: C/ ACETATO DE CELULOSE / RAYON, COMPONENTES 5: C/ AGE, COMPOSIÇÃO: À BASE DE CELULOSE, DIMENSÃO: CERCA DE 7,5 X 7,5, ESTERILIDADE: ESTÉRIL;UN;120,0000;4,5000;540,0000;0,0000;31/12/2026
HOSPITAL ESTADUAL TELECILA FREITAS FONTES /RN;932126;506;Material;932126-8/2026;Materiais e insumos médico-hospitalares;Catálogo do Compras.gov.br;Material;6515;INSTRUMENTOS, EQUIPAMENTOS E SUPRIMENTOS MÉDICOS  E  CIRÚRGICOS;3701;CATETER PERIFÉRICO;437169;APLICAÇÃO: VENOSO, COMPONENTE ADICIONAL: C/ ASA DE FIXAÇÃO, TUBO EXTENSOR, CONECTOR: CONECTOR PADRÃO C/ TAMPA, DIAMETRO: 25, MATERIAL AGULHA: AGULHA AÇO INOX, MODELO: TIPO ESCALPE, TIPO USO: ESTÉRIL, DESCARTÁVEL, EMBALAGEM INDIVIDUAL;UN;600,0000;0,3400;204,0000;0,0000;31/12/2026
HOSPITAL ESTADUAL TELECILA FREITAS FONTES /RN;932126;507;Material;932126-8/2026;Materiais e insumos médico-hospitalares;Catálogo do Compras.gov.br;Material;6515;INSTRUMENTOS, EQUIPAMENTOS E SUPRIMENTOS MÉDICOS  E  CIRÚRGICOS;3701;CATETER PERIFÉRICO;437187;APLICAÇÃO: VENOSO, COMPONENTE 2: C/ SISTEMA SEGURANÇA SEGUNDO NR/32, COMPONENTE ADICIONAL: C/ ASA DE FIXAÇÃO, TUBO EXTENSOR, CONECTOR: CONECTOR PADRÃO C/ TAMPA, DIAMETRO: 27, MATERIAL AGULHA: AGULHA AÇO INOX, MODELO: TIPO ESCALPE, TIPO USO: ESTÉRIL, DESCARTÁVEL, EMBALAGEM INDIVIDUAL;UN;30,0000;0,3500;10,5000;0,0000;31/12/2026
HOSPITAL ESTADUAL TELECILA FREITAS FONTES /RN;932126;508;Material;932126-8/2026;Materiais e insumos médico-hospitalares;Catálogo do Compras.gov.br;Material;6515;INSTRUMENTOS, EQUIPAMENTOS E SUPRIMENTOS MÉDICOS  E  CIRÚRGICOS;8203;DRENO CIRÚRGICO;438498;CALIBRE: 20, COMPONENTE II: RADIOPACO, COMPRIMENTO: CERCA DE 50, CONECTOR UNIVERSAL: C/ CONECTOR, EMBALAGEM: EMBALAGEM INDIVIDUAL, MATERIAL: SILICONE, MODELO: TORÁCICO, TIPO USO: ESTÉRIL, DESCARTÁVEL;UN;3,0000;24,1100;72,3300;0,0000;31/12/2026
HOSPITAL ESTADUAL TELECILA FREITAS FONTES /RN;932126;509;Material;932126-8/2026;Materiais e insumos médico-hospitalares;Catálogo do Compras.gov.br;Material;6515;INSTRUMENTOS, EQUIPAMENTOS E SUPRIMENTOS MÉDICOS  E  CIRÚRGICOS;8203;DRENO CIRÚRGICO;438489;CALIBRE: 24, COMPONENTE II: RADIOPACO, COMPRIMENTO: CERCA DE 50, CONECTOR UNIVERSAL: C/ CONECTOR, EMBALAGEM: EMBALAGEM INDIVIDUAL, MATERIAL: SILICONE, MODELO: TORÁCICO, TIPO USO: ESTÉRIL, DESCARTÁVEL;UN;3,0000;28,6500;85,9500;0,0000;31/12/2026
HOSPITAL ESTADUAL TELECILA FREITAS FONTES /RN;932126;510;Material;932126-8/2026;Materiais e insumos médico-hospitalares;Catálogo do Compras.gov.br;Material;6515;INSTRUMENTOS, EQUIPAMENTOS E SUPRIMENTOS MÉDICOS  E  CIRÚRGICOS;8203;DRENO CIRÚRGICO;438494;CALIBRE: 28, COMPONENTE II: RADIOPACO, COMPRIMENTO: CERCA DE 50, CONECTOR UNIVERSAL: C/ CONECTOR, EMBALAGEM: EMBALAGEM INDIVIDUAL, MATERIAL: SILICONE, MODELO: TORÁCICO, TIPO USO: ESTÉRIL, DESCARTÁVEL;UN;9,0000;27,4000;246,6000;0,0000;31/12/2026
HOSPITAL ESTADUAL TELECILA FREITAS FONTES /RN;932126;511;Material;932126-8/2026;Materiais e insumos médico-hospitalares;Catálogo do Compras.gov.br;Material;6515;INSTRUMENTOS, EQUIPAMENTOS E SUPRIMENTOS MÉDICOS  E  CIRÚRGICOS;8203;DRENO CIRÚRGICO;438495;CALIBRE: 34, COMPONENTE II: RADIOPACO, COMPRIMENTO: CERCA DE 50, CONECTOR UNIVERSAL: C/ CONECTOR, EMBALAGEM: EMBALAGEM INDIVIDUAL, MATERIAL: SILICONE, MODELO: TORÁCICO, TIPO USO: ESTÉRIL, DESCARTÁVEL;UN;9,0000;28,2000;253,8000;0,0000;31/12/2026
HOSPITAL ESTADUAL TELECILA FREITAS FONTES /RN;932126;512;Material;932126-8/2026;Materiais e insumos médico-hospitalares;Catálogo do Compras.gov.br;Material;6515;INSTRUMENTOS, EQUIPAMENTOS E SUPRIMENTOS MÉDICOS  E  CIRÚRGICOS;8203;DRENO CIRÚRGICO;438491;CALIBRE: 36, COMPONENTE II: RADIOPACO, COMPRIMENTO: CERCA DE 50, CONECTOR UNIVERSAL: C/ CONECTOR, EMBALAGEM: EMBALAGEM INDIVIDUAL, MATERIAL: SILICONE, MODELO: TORÁCICO, TIPO USO: ESTÉRIL, DESCARTÁVEL;UN;9,0000;28,2400;254,1600;0,0000;31/12/2026
HOSPITAL ESTADUAL TELECILA FREITAS FONTES /RN;932126;513;Material;932126-8/2026;Materiais e insumos médico-hospitalares;Catálogo do Compras.gov.br;Material;6515;INSTRUMENTOS, EQUIPAMENTOS E SUPRIMENTOS MÉDICOS  E  CIRÚRGICOS;8203;DRENO CIRÚRGICO;438492;CALIBRE: 38, COMPONENTE II: RADIOPACO, COMPRIMENTO: CERCA DE 50, CONECTOR UNIVERSAL: C/ CONECTOR, EMBALAGEM: EMBALAGEM INDIVIDUAL, MATERIAL: SILICONE, MODELO: TORÁCICO, TIPO USO: ESTÉRIL, DESCARTÁVEL;UN;9,0000;26,5300;238,7700;0,0000;31/12/2026
HOSPITAL ESTADUAL TELECILA FREITAS FONTES /RN;932126;514;Material;932126-8/2026;Materiais e insumos médico-hospitalares;Catálogo do Compras.gov.br;Material;6515;INSTRUMENTOS, EQUIPAMENTOS E SUPRIMENTOS MÉDICOS  E  CIRÚRGICOS;30022;CURATIVO / COBERTURA;619868;APLICAÇÃO: P/ FERIDA, ASPECTO FÍSICO: PLACA MULTICAMADA C/ BORDA, COMPONENTE 1: C/ PELÍCULA E ESPUMA PU, COMPONENTE 2: C/ HIDROCOLÓIDE, COMPONENTE 4: C/ PRATA, COMPOSIÇÃO: À BASE DE HIDROFIBRA (CMC), DIMENSÃO: CERCA DE 10 X 10, ESTERILIDADE: ESTÉRIL;UN;60,0000;4,5000;270,0000;0,0000;31/12/2026
HOSPITAL ESTADUAL TELECILA FREITAS FONTES /RN;932126;515;Material;932126-8/2026;Materiais e insumos médico-hospitalares;Catálogo do Compras.gov.br;Material;6515;INSTRUMENTOS, EQUIPAMENTOS E SUPRIMENTOS MÉDICOS  E  CIRÚRGICOS;30022;CURATIVO / COBERTURA;484996;APLICAÇÃO: P/ FERIDA, ASPECTO FÍSICO: PLACA C/ BORDA, COMPONENTE 1: C/ PELÍCULA PU / POLIETILENO, COMPONENTE 2: C/ HIDROCOLÓIDE, COMPONENTE 4: C/ PRATA, COMPOSIÇÃO: À BASE DE ESPUMA PU / HIDROPOLÍMERO / HIDROCELULAR, DIMENSÃO: CERCA DE 15 X 15, ESTERILIDADE: ESTÉRIL;UN;60,0000;4,5000;270,0000;0,0000;31/12/2026
HOSPITAL ESTADUAL TELECILA FREITAS FONTES /RN;932126;516;Material;932126-8/2026;Materiais e insumos médico-hospitalares;Catálogo do Compras.gov.br;Material;6510;MATERIAIS CIRÚRGICOS PARA CURATIVOS;30022;CURATIVO / COBERTURA;484869;APLICAÇÃO: P/ FERIDA, ASPECTO FÍSICO: PLACA, COMPONENTE 4: C/ PRATA, COMPOSIÇÃO: À BASE DE HIDROFIBRA (CMC), DIMENSÃO: CERCA DE 10 X 10, ESTERILIDADE: ESTÉRIL;UN;60,0000;24,1600;1449,6000;0,0000;31/12/2026
HOSPITAL ESTADUAL TELECILA FREITAS FONTES /RN;932126;517;Material;932126-8/2026;Materiais e insumos médico-hospitalares;Catálogo do Compras.gov.br;Material;6510;MATERIAIS CIRÚRGICOS PARA CURATIVOS;30022;CURATIVO / COBERTURA;484870;APLICAÇÃO: P/ FERIDA, ASPECTO FÍSICO: PLACA, COMPONENTE 4: C/ PRATA, COMPOSIÇÃO: À BASE DE HIDROFIBRA (CMC), DIMENSÃO: CERCA DE 15 X 15, ESTERILIDADE: ESTÉRIL;UN;60,0000;99,3000;5958,0000;0,0000;31/12/2026
HOSPITAL ESTADUAL TELECILA FREITAS FONTES /RN;932126;518;Material;932126-8/2026;Materiais e insumos médico-hospitalares;Catálogo do Compras.gov.br;Material;6510;MATERIAIS CIRÚRGICOS PARA CURATIVOS;30022;CURATIVO / COBERTURA;484921;APLICAÇÃO: P/ FERIDA, ASPECTO FÍSICO: FRASCO C/ GEL, COMPONENTE 2: C/ CMC, COMPOSIÇÃO: À BASE DE HIDROGEL, ESTERILIDADE: USO ÚNICO;UN;18,0000;15,1500;272,7000;0,0000;31/12/2026
HOSPITAL ESTADUAL TELECILA FREITAS FONTES /RN;932126;519;Material;932126-8/2026;Materiais e insumos médico-hospitalares;Catálogo do Compras.gov.br;Material;6510;MATERIAIS CIRÚRGICOS PARA CURATIVOS;30022;CURATIVO / COBERTURA;484887;APLICAÇÃO: P/ FERIDA, ASPECTO FÍSICO: PLACA, COMPONENTE 1: C/ PELÍCULA E ESPUMA PU, COMPONENTE 4: C/ PRATA, COMPOSIÇÃO: À BASE DE HIDROFIBRA (CMC), DIMENSÃO: CERCA DE 15 X 15, ESTERILIDADE: ESTÉRIL;UN;60,0000;42,9100;2574,6000;0,0000;31/12/2026
HOSPITAL ESTADUAL TELECILA FREITAS FONTES /RN;932126;520;Material;932126-8/2026;Materiais e insumos médico-hospitalares;Catálogo do Compras.gov.br;Material;6510;MATERIAIS CIRÚRGICOS PARA CURATIVOS;30022;CURATIVO / COBERTURA;484886;APLICAÇÃO: P/ FERIDA, ASPECTO FÍSICO: PLACA, COMPONENTE 1: C/ PELÍCULA E ESPUMA PU, COMPONENTE 4: C/ PRATA, COMPOSIÇÃO: À BASE DE HIDROFIBRA (CMC), DIMENSÃO: CERCA DE 10 X 10, ESTERILIDADE: ESTÉRIL;UN;60,0000;11,3900;683,4000;0,0000;31/12/2026
HOSPITAL ESTADUAL TELECILA FREITAS FONTES /RN;932126;521;Material;932126-8/2026;Materiais e insumos médico-hospitalares;Catálogo do Compras.gov.br;Material;6510;MATERIAIS CIRÚRGICOS PARA CURATIVOS;30022;CURATIVO / COBERTURA;484847;APLICAÇÃO: P/ FERIDA, ASPECTO FÍSICO: PLACA, COMPONENTE 2: C/ CMC, COMPOSIÇÃO: À BASE DE ALGINATO, DIMENSÃO: CERCA DE 15 X 15, ESTERILIDADE: ESTÉRIL;UN;120,0000;10,8200;1298,4000;0,0000;31/12/2026
HOSPITAL ESTADUAL TELECILA FREITAS FONTES /RN;932126;522;Material;932126-8/2026;Materiais e insumos médico-hospitalares;Catálogo do Compras.gov.br;Material;6510;MATERIAIS CIRÚRGICOS PARA CURATIVOS;30022;CURATIVO / COBERTURA;484840;APLICAÇÃO: P/ FERIDA, ASPECTO FÍSICO: PLACA, COMPOSIÇÃO: À BASE DE ALGINATO, DIMENSÃO: CERCA DE 10 X 10, ESTERILIDADE: ESTÉRIL;UN;60,0000;5,2400;314,4000;0,0000;31/12/2026
HOSPITAL ESTADUAL TELECILA FREITAS FONTES /RN;932126;523;Material;932126-8/2026;Materiais e insumos médico-hospitalares;Catálogo do Compras.gov.br;Material;6515;INSTRUMENTOS, EQUIPAMENTOS E SUPRIMENTOS MÉDICOS  E  CIRÚRGICOS;15045;DISPOSITIVO EXTERNO P/ INCONTINÊNCIA URINÁRIA;481442;DIÂMETRO: CERCA DE 30, EMBALAGEM: EMBALAGEM INDIVIDUAL, ESTERILIDADE: ESTÉRIL, USO ÚNICO, MATERIAL: LÁTEX NATURAL, MODELO: MASCULINO, TIPO: PRESERVATIVO C/ ABERTURA P/ DRENAGEM;UN;30,0000;2,3700;71,1000;0,0000;31/12/2026
HOSPITAL ESTADUAL TELECILA FREITAS FONTES /RN;932126;1315;Material;932126-5/2026;Gêneros alimentícios;Catálogo do Compras.gov.br;Material;8915;FRUTAS, VERDURAS E LEGUMES;19772;LEGUME IN NATURA;463767;TIPO: BETERRABA;KG;180,0000;2,0900;376,2000;0,0000;31/12/2026
HOSPITAL ESTADUAL TELECILA FREITAS FONTES /RN;932126;524;Material;932126-8/2026;Materiais e insumos médico-hospitalares;Catálogo do Compras.gov.br;Material;6515;INSTRUMENTOS, EQUIPAMENTOS E SUPRIMENTOS MÉDICOS  E  CIRÚRGICOS;8203;DRENO CIRÚRGICO;438516;CALIBRE: 10, COMPONENTE II: RADIOPACO, COMPRIMENTO: CERCA DE 40, EMBALAGEM: EMBALAGEM INDIVIDUAL, MATERIAL: SILICONE, MODELO: KEHR EM "T", TIPO USO: ESTÉRIL, DESCARTÁVEL;UN;3,0000;10,3900;31,1700;0,0000;31/12/2026
HOSPITAL ESTADUAL TELECILA FREITAS FONTES /RN;932126;525;Material;932126-8/2026;Materiais e insumos médico-hospitalares;Catálogo do Compras.gov.br;Material;6515;INSTRUMENTOS, EQUIPAMENTOS E SUPRIMENTOS MÉDICOS  E  CIRÚRGICOS;8203;DRENO CIRÚRGICO;438511;CALIBRE: 14, COMPONENTE II: RADIOPACO, COMPRIMENTO: CERCA DE 40, EMBALAGEM: EMBALAGEM INDIVIDUAL, MATERIAL: SILICONE, MODELO: KEHR EM "T", TIPO USO: ESTÉRIL, DESCARTÁVEL;UN;3,0000;10,3900;31,1700;0,0000;31/12/2026
HOSPITAL ESTADUAL TELECILA FREITAS FONTES /RN;932126;526;Material;932126-8/2026;Materiais e insumos médico-hospitalares;Catálogo do Compras.gov.br;Material;6515;INSTRUMENTOS, EQUIPAMENTOS E SUPRIMENTOS MÉDICOS  E  CIRÚRGICOS;8203;DRENO CIRÚRGICO;438515;CALIBRE: 16, COMPONENTE II: RADIOPACO, COMPRIMENTO: CERCA DE 40, EMBALAGEM: EMBALAGEM INDIVIDUAL, MATERIAL: SILICONE, MODELO: KEHR EM "T", TIPO USO: ESTÉRIL, DESCARTÁVEL;UN;3,0000;10,3900;31,1700;0,0000;31/12/2026
HOSPITAL ESTADUAL TELECILA FREITAS FONTES /RN;932126;527;Material;932126-8/2026;Materiais e insumos médico-hospitalares;Catálogo do Compras.gov.br;Material;6515;INSTRUMENTOS, EQUIPAMENTOS E SUPRIMENTOS MÉDICOS  E  CIRÚRGICOS;8203;DRENO CIRÚRGICO;464737;COMPONENTE I: C/ GAZE, COMPONENTE II: RADIOPACO, DIMENSÕES: CERCA DE 12 MM X 30, EMBALAGEM: EMBALAGEM INDIVIDUAL, MATERIAL: LÁTEX, MODELO: DE PENROSE, TIPO USO: ESTÉRIL, DESCARTÁVEL;UN;15,0000;1,9000;28,5000;0,0000;31/12/2026
HOSPITAL ESTADUAL TELECILA FREITAS FONTES /RN;932126;528;Material;932126-8/2026;Materiais e insumos médico-hospitalares;Catálogo do Compras.gov.br;Material;6515;INSTRUMENTOS, EQUIPAMENTOS E SUPRIMENTOS MÉDICOS  E  CIRÚRGICOS;8203;DRENO CIRÚRGICO;440500;COMPONENTE II: RADIOPACO, DIMENSÕES: CERCA DE 25 MM X 30, EMBALAGEM: EMBALAGEM INDIVIDUAL, MATERIAL: SILICONE, MODELO: DE PENROSE, TIPO USO: ESTÉRIL, DESCARTÁVEL;UN;30,0000;2,4500;73,5000;0,0000;31/12/2026
HOSPITAL ESTADUAL TELECILA FREITAS FONTES /RN;932126;529;Material;932126-8/2026;Materiais e insumos médico-hospitalares;Catálogo do Compras.gov.br;Material;6515;INSTRUMENTOS, EQUIPAMENTOS E SUPRIMENTOS MÉDICOS  E  CIRÚRGICOS;8203;DRENO CIRÚRGICO;440499;COMPONENTE II: RADIOPACO, DIMENSÕES: CERCA DE 20 MM X 30, EMBALAGEM: EMBALAGEM INDIVIDUAL, MATERIAL: SILICONE, MODELO: DE PENROSE, TIPO USO: ESTÉRIL, DESCARTÁVEL;UN;15,0000;2,2600;33,9000;0,0000;31/12/2026
HOSPITAL ESTADUAL TELECILA FREITAS FONTES /RN;932126;530;Material;932126-8/2026;Materiais e insumos médico-hospitalares;Catálogo do Compras.gov.br;Material;6515;INSTRUMENTOS, EQUIPAMENTOS E SUPRIMENTOS MÉDICOS  E  CIRÚRGICOS;6460;ELETRODO USO MÉDICO;461243;ACESSÓRIO: S/ CABO, ADICIONAL 1: C/ GEL CONDUTOR, APLICAÇÃO 1: P/ MONITORIZAÇÃO CARDÍACA - ECG, ESTERILIDADE: USO ÚNICO, MATERIAL SENSOR: PRATA/PRATA CLORADA, MODELO: DE SUPERFÍCIE, TAMANHOS: ADULTO, TIPO: ADESIVO;UN;12000,0000;0,2300;2760,0000;0,0000;31/12/2026
HOSPITAL ESTADUAL TELECILA FREITAS FONTES /RN;932126;531;Material;932126-8/2026;Materiais e insumos médico-hospitalares;Catálogo do Compras.gov.br;Material;6515;INSTRUMENTOS, EQUIPAMENTOS E SUPRIMENTOS MÉDICOS  E  CIRÚRGICOS;30128;EQUIPO DE INFUSÃO VENOSA GRAVITACIONAL;609453;COMPRIMENTO TUBO: ATÉ 180 CM, CONECTOR PACIENTE: LUER, CÂMARA GOTEJAMENTO: MACROGOTAS, FLEXÍVEL, C/ FILTRO, ESTERILIDADE: ESTÉRIL, USO ÚNICO, MATERIAL: PVC TRANSPARENTE, REGULADOR DE FLUXO MANUAL: PINÇA ROLETE, TIPO EMBALAGEM: INDIVIDUAL, TIPO INJETOR LATERAL: C/ 1 INJETOR, AUTOCICATRIZANTE;UN;12000,0000;0,8800;10560,0000;0,0000;31/12/2026
HOSPITAL ESTADUAL TELECILA FREITAS FONTES /RN;932126;532;Material;932126-8/2026;Materiais e insumos médico-hospitalares;Catálogo do Compras.gov.br;Material;6515;INSTRUMENTOS, EQUIPAMENTOS E SUPRIMENTOS MÉDICOS  E  CIRÚRGICOS;30128;EQUIPO DE INFUSÃO VENOSA GRAVITACIONAL;609508;COMPRIMENTO TUBO: ATÉ 180 CM, CONECTOR PACIENTE: LUER, CÂMARA GOTEJAMENTO: MICROGOTAS, FLEXÍVEL, C/ FILTRO, ESTERILIDADE: ESTÉRIL, USO ÚNICO, MATERIAL: PVC TRANSPARENTE, REGULADOR DE FLUXO MANUAL: PINÇA ROLETE, TIPO EMBALAGEM: INDIVIDUAL, TIPO INJETOR LATERAL: C/ 1 INJETOR, AUTOCICATRIZANTE;UN;15,0000;1,6000;24,0000;0,0000;31/12/2026
HOSPITAL ESTADUAL TELECILA FREITAS FONTES /RN;932126;533;Material;932126-8/2026;Materiais e insumos médico-hospitalares;Catálogo do Compras.gov.br;Material;6515;INSTRUMENTOS, EQUIPAMENTOS E SUPRIMENTOS MÉDICOS  E  CIRÚRGICOS;30128;EQUIPO DE INFUSÃO VENOSA GRAVITACIONAL;609557;ADICIONAL: C/ CAPA PROTETORA P/ FRASCO, COMPRIMENTO TUBO: ATÉ 180 CM, CONECTOR PACIENTE: LUER, CÂMARA GOTEJAMENTO: MACROGOTAS, FLEXÍVEL, C/ RESPIRO, ESTERILIDADE: ESTÉRIL, USO ÚNICO, MATERIAL: PVC ÂMBAR P/ SOLUÇÃO FOTOSSENSÍVEL, REGULADOR DE FLUXO MANUAL: PINÇA ROLETE, TIPO EMBALAGEM: INDIVIDUAL, TIPO INJETOR LATERAL: C/ 1 INJETOR, AUTOCICATRIZANTE;UN;60,0000;2,5500;153,0000;0,0000;31/12/2026
HOSPITAL ESTADUAL TELECILA FREITAS FONTES /RN;932126;534;Material;932126-8/2026;Materiais e insumos médico-hospitalares;Catálogo do Compras.gov.br;Material;6515;INSTRUMENTOS, EQUIPAMENTOS E SUPRIMENTOS MÉDICOS  E  CIRÚRGICOS;30135;EQUIPO P/ BOMBA DE INFUSÃO;610284;COMPATIBILIDADE: C/ EQUIPAMENTO, COMPRIMENTO TOTAL DO TUBO: ACIMA DE 181 CM, CONECTOR PACIENTE: LUER, CONECTOR SOLUÇÃO: PONTA PERFURANTE, CÂMARA GOTEJAMENTO: MACROGOTAS, FLEXÍVEL, C/ RESPIRO E FILTRO, ESTERILIDADE: ESTÉRIL, USO ÚNICO, MATERIAL: PVC TRANSPARENTE, MATERIAL ADICIONAL: COM SEGMENTO DE SILICONE, REGULADOR DE FLUXO MANUAL: PINÇA ROLETE, TIPO EMBALAGEM: INDIVIDUAL, TIPO INJETOR LATERAL: C/ 1 INJETOR, AUTOCICATRIZANTE;UN;1350,0000;15,3400;20709,0000;0,0000;31/12/2026
HOSPITAL ESTADUAL TELECILA FREITAS FONTES /RN;932126;535;Material;932126-8/2026;Materiais e insumos médico-hospitalares;Catálogo do Compras.gov.br;Material;6515;INSTRUMENTOS, EQUIPAMENTOS E SUPRIMENTOS MÉDICOS  E  CIRÚRGICOS;30135;EQUIPO P/ BOMBA DE INFUSÃO;610292;ADICIONAL: C/ CAPA PROTETORA P/ FRASCO, COMPATIBILIDADE: C/ EQUIPAMENTO, COMPRIMENTO TOTAL DO TUBO: ACIMA DE 181 CM, CONECTOR PACIENTE: LUER, CONECTOR SOLUÇÃO: PONTA PERFURANTE, CÂMARA GOTEJAMENTO: MACROGOTAS, FLEXÍVEL, C/ RESPIRO E FILTRO, ESTERILIDADE: ESTÉRIL, USO ÚNICO, MATERIAL: PVC ÂMBAR P/ SOLUÇÃO FOTOSSENSÍVEL, MATERIAL ADICIONAL: COM SEGMENTO DE SILICONE, REGULADOR DE FLUXO MANUAL: PINÇA ROLETE, TIPO EMBALAGEM: INDIVIDUAL, TIPO INJETOR LATERAL: C/ 1 INJETOR, AUTOCICATRIZANTE;UN;750,0000;20,7300;15547,5000;0,0000;31/12/2026
HOSPITAL ESTADUAL TELECILA FREITAS FONTES /RN;932126;536;Material;932126-8/2026;Materiais e insumos médico-hospitalares;Catálogo do Compras.gov.br;Material;6515;INSTRUMENTOS, EQUIPAMENTOS E SUPRIMENTOS MÉDICOS  E  CIRÚRGICOS;30132;EQUIPO DE NUTRIÇÃO ENTERAL;610236;COMPATIBILIDADE: C/ EQUIPAMENTO, COMPRIMENTO TOTAL DO TUBO: ACIMA DE 181 CM, CONECTOR DIETA: PONTA PERFURANTE, CONECTOR PACIENTE: ESCALONADO, CÂMARA GOTEJAMENTO: MACROGOTAS, FLEXÍVEL, ESTERILIDADE: ESTÉRIL, USO ÚNICO, MATERIAL: PVC, C/ COR, REGULADOR DE FLUXO MANUAL: PINÇA ROLETE, TIPO: P/ BOMBA INFUSÃO, COM SEGMENTO DE SILICONE, 1 VIA, TIPO EMBALAGEM: INDIVIDUAL;UN;600,0000;15,3600;9216,0000;0,0000;31/12/2026
HOSPITAL ESTADUAL TELECILA FREITAS FONTES /RN;932126;551;Material;932126-8/2026;Materiais e insumos médico-hospitalares;Catálogo do Compras.gov.br;Material;6515;INSTRUMENTOS, EQUIPAMENTOS E SUPRIMENTOS MÉDICOS  E  CIRÚRGICOS;30040;FIO DE SUTURA AGULHADO;486998;APRESENTAÇÃO: EMBALAGEM INDIVIDUAL, COMPRIMENTO AGULHA: CERCA DE 22, COMPRIMENTO FIO: CERCA DE 70, DIÂMETRO FIO: 3-0, ESTERILIDADE: ESTÉRIL, MATERIAL FIO: CATGUT CROMADO, MODELO AGULHA: CILÍNDRICA, MODELO FIO: MULTIFILAMENTAR, TIPO AGULHA: AGULHA 1/2 CÍRCULO;UN;48,0000;2,9800;143,0400;0,0000;31/12/2026
HOSPITAL ESTADUAL TELECILA FREITAS FONTES /RN;932126;537;Material;932126-8/2026;Materiais e insumos médico-hospitalares;Catálogo do Compras.gov.br;Material;6515;INSTRUMENTOS, EQUIPAMENTOS E SUPRIMENTOS MÉDICOS  E  CIRÚRGICOS;30129;EQUIPO DE TRANSFUSÃO DE HEMOCOMPONENTES;609777;ADICIONAL: C/ CLAMP, COMPRIMENTO TUBO: ATÉ 180 CM, CONECTOR PACIENTE: LUER, CÂMARA GOTEJAMENTO: MACROGOTAS, CÂMARA DUPLA, C/ FILTRO, ESTERILIDADE: ESTÉRIL, USO ÚNICO, MATERIAL: PVC TRANSPARENTE, REGULADOR DE FLUXO MANUAL: PINÇA ROLETE, TIPO: GRAVITACIONAL, 1 VIA, TIPO EMBALAGEM: INDIVIDUAL;UN;900,0000;3,0700;2763,0000;0,0000;31/12/2026
HOSPITAL ESTADUAL TELECILA FREITAS FONTES /RN;932126;538;Material;932126-8/2026;Materiais e insumos médico-hospitalares;Catálogo do Compras.gov.br;Material;6515;INSTRUMENTOS, EQUIPAMENTOS E SUPRIMENTOS MÉDICOS  E  CIRÚRGICOS;30132;EQUIPO DE NUTRIÇÃO ENTERAL;609802;COMPRIMENTO TOTAL DO TUBO: ATÉ 180 CM, CONECTOR DIETA: PONTA PERFURANTE, CONECTOR PACIENTE: ESCALONADO, CÂMARA GOTEJAMENTO: MACROGOTAS, FLEXÍVEL, ESTERILIDADE: ESTÉRIL, USO ÚNICO, MATERIAL: PVC, C/ COR, REGULADOR DE FLUXO MANUAL: PINÇA ROLETE, TIPO: GRAVITACIONAL, 1 VIA, TIPO EMBALAGEM: INDIVIDUAL;UN;360,0000;1,0300;370,8000;0,0000;31/12/2026
HOSPITAL ESTADUAL TELECILA FREITAS FONTES /RN;932126;539;Material;932126-8/2026;Materiais e insumos médico-hospitalares;Catálogo do Compras.gov.br;Material;6515;INSTRUMENTOS, EQUIPAMENTOS E SUPRIMENTOS MÉDICOS  E  CIRÚRGICOS;16281;ESCOVA DEGERMAÇÃO;620163;ANTISSÉPTICO DEGERMANTE: CLOREXIDINA 2%, EMBALAGEM: EMBALAGEM INDIVIDUAL, ESTERILIDADE: USO ÚNICO, MODELO: DUPLA FACE C/ CERDAS E ESPONJA;UN;864,0000;1,8800;1624,3200;0,0000;31/12/2026
HOSPITAL ESTADUAL TELECILA FREITAS FONTES /RN;932126;540;Material;932126-8/2026;Materiais e insumos médico-hospitalares;Catálogo do Compras.gov.br;Material;6515;INSTRUMENTOS, EQUIPAMENTOS E SUPRIMENTOS MÉDICOS  E  CIRÚRGICOS;17139;FITA HOSPITALAR;446603;CARACTERÍSTICAS ADICIONAIS: HIPOALERGÊNICO, COMPONENTES: ADESIVO À BASE DE ZINCO, COR: COM COR, DIMENSÕES: CERCA DE 10, MATERIAL: ALGODÃO, TIPO: ESPARADRAPO, IMPERMEÁVEL;UN;660,0000;8,4900;5603,4000;0,0000;31/12/2026
HOSPITAL ESTADUAL TELECILA FREITAS FONTES /RN;932126;541;Material;932126-8/2026;Materiais e insumos médico-hospitalares;Catálogo do Compras.gov.br;Material;6515;INSTRUMENTOS, EQUIPAMENTOS E SUPRIMENTOS MÉDICOS  E  CIRÚRGICOS;4302;EXTENSOR INFUSÃO VASCULAR;459694;CALIBRE: CERCA 12, COMPONENTE ADICIONAL: C/ CLAMP, COMPRIMENTO: CERCA 15, MATERIAL: POLÍMERO, PRESSÃO MÁXIMA: ATÉ CERCA DE 100, TIPO CONEXÃO: LUER LOCK / SLIP, TIPO USO: ESTÉRIL, USO ÚNICO, VIAS: 2 VIAS;UN;5400,0000;0,6900;3726,0000;0,0000;31/12/2026
HOSPITAL ESTADUAL TELECILA FREITAS FONTES /RN;932126;542;Material;932126-8/2026;Materiais e insumos médico-hospitalares;Catálogo do Compras.gov.br;Material;6515;INSTRUMENTOS, EQUIPAMENTOS E SUPRIMENTOS MÉDICOS  E  CIRÚRGICOS;19920;FILTRO TERAPIA RESPIRATÓRIA;479617;APLICAÇÃO: P/ CIRCUITO RESPIRATÓRIO, COMPONENTE: CONEXÕES PADRÃO, ESTERILIDADE: ESTÉRIL, MODELO: HMEF, TAMANHO: ADULTO, TIPO: TROCA CALOR E UMIDADE C/ BARREIRA MICROBIOLÓGICA, TIPO MEMBRANA: HIDRÓFOBICO E HIGROSCÓPICO;UN;300,0000;4,3100;1293,0000;0,0000;31/12/2026
HOSPITAL ESTADUAL TELECILA FREITAS FONTES /RN;932126;543;Material;932126-8/2026;Materiais e insumos médico-hospitalares;Catálogo do Compras.gov.br;Material;6515;INSTRUMENTOS, EQUIPAMENTOS E SUPRIMENTOS MÉDICOS  E  CIRÚRGICOS;19920;FILTRO TERAPIA RESPIRATÓRIA;479619;APLICAÇÃO: P/ CIRCUITO RESPIRATÓRIO, COMPONENTE: CONEXÕES PADRÃO C/ VIA P/ CAPNOGRAFIA, ESTERILIDADE: ESTÉRIL, MODELO: HMEF, TAMANHO: INFANTIL, TIPO: TROCA CALOR E UMIDADE C/ BARREIRA MICROBIOLÓGICA, TIPO MEMBRANA: HIDRÓFOBICO E HIGROSCÓPICO;UN;30,0000;5,3000;159,0000;0,0000;31/12/2026
HOSPITAL ESTADUAL TELECILA FREITAS FONTES /RN;932126;544;Material;932126-8/2026;Materiais e insumos médico-hospitalares;Catálogo do Compras.gov.br;Material;6515;INSTRUMENTOS, EQUIPAMENTOS E SUPRIMENTOS MÉDICOS  E  CIRÚRGICOS;30044;FIO DE SUTURA S/ AGULHA;600145;APRESENTAÇÃO: EMBALAGEM INDIVIDUAL, COMPRIMENTO: 15 X CERCA DE 45, DIÂMETRO: 0 / 1-0, ESTERILIDADE: ESTÉRIL, MATERIAL: POLIÉSTER C/ ALGODÃO PRETO, MODELO: MULTIFILAMENTAR;UN;48,0000;1,5600;74,8800;0,0000;31/12/2026
HOSPITAL ESTADUAL TELECILA FREITAS FONTES /RN;932126;545;Material;932126-8/2026;Materiais e insumos médico-hospitalares;Catálogo do Compras.gov.br;Material;6515;INSTRUMENTOS, EQUIPAMENTOS E SUPRIMENTOS MÉDICOS  E  CIRÚRGICOS;30044;FIO DE SUTURA S/ AGULHA;600144;APRESENTAÇÃO: EMBALAGEM INDIVIDUAL, COMPRIMENTO: 15 X CERCA DE 45, DIÂMETRO: 2-0, ESTERILIDADE: ESTÉRIL, MATERIAL: POLIÉSTER C/ ALGODÃO PRETO, MODELO: MULTIFILAMENTAR;UN;48,0000;1,5600;74,8800;0,0000;31/12/2026
HOSPITAL ESTADUAL TELECILA FREITAS FONTES /RN;932126;546;Material;932126-8/2026;Materiais e insumos médico-hospitalares;Catálogo do Compras.gov.br;Material;6515;INSTRUMENTOS, EQUIPAMENTOS E SUPRIMENTOS MÉDICOS  E  CIRÚRGICOS;30040;FIO DE SUTURA AGULHADO;487629;APRESENTAÇÃO: EMBALAGEM INDIVIDUAL, COMPRIMENTO AGULHA: CERCA DE 30, COMPRIMENTO FIO: CERCA DE 70, DIÂMETRO FIO: 0 / 1-0, ESTERILIDADE: ESTÉRIL, MATERIAL FIO: POLIÉSTER C/ ALGODÃO AZUL, MODELO AGULHA: CILÍNDRICA, MODELO FIO: MULTIFILAMENTAR, TIPO AGULHA: AGULHA 3/8 CÍRCULO;UN;48,0000;2,0200;96,9600;0,0000;31/12/2026
HOSPITAL ESTADUAL TELECILA FREITAS FONTES /RN;932126;547;Material;932126-8/2026;Materiais e insumos médico-hospitalares;Catálogo do Compras.gov.br;Material;6515;INSTRUMENTOS, EQUIPAMENTOS E SUPRIMENTOS MÉDICOS  E  CIRÚRGICOS;30040;FIO DE SUTURA AGULHADO;487020;APRESENTAÇÃO: EMBALAGEM INDIVIDUAL, COMPRIMENTO AGULHA: CERCA DE 40, COMPRIMENTO FIO: CERCA DE 70, DIÂMETRO FIO: 0 / 1-0, ESTERILIDADE: ESTÉRIL, MATERIAL FIO: CATGUT CROMADO, MODELO AGULHA: CILÍNDRICA, MODELO FIO: MULTIFILAMENTAR, TIPO AGULHA: AGULHA 1/2 CÍRCULO;UN;72,0000;4,2700;307,4400;0,0000;31/12/2026
HOSPITAL ESTADUAL TELECILA FREITAS FONTES /RN;932126;548;Material;932126-8/2026;Materiais e insumos médico-hospitalares;Catálogo do Compras.gov.br;Material;6515;INSTRUMENTOS, EQUIPAMENTOS E SUPRIMENTOS MÉDICOS  E  CIRÚRGICOS;30040;FIO DE SUTURA AGULHADO;487012;APRESENTAÇÃO: EMBALAGEM INDIVIDUAL, COMPRIMENTO AGULHA: CERCA DE 40, COMPRIMENTO FIO: CERCA DE 70, DIÂMETRO FIO: 2-0, ESTERILIDADE: ESTÉRIL, MATERIAL FIO: CATGUT CROMADO, MODELO AGULHA: CILÍNDRICA ROBUSTA, MODELO FIO: MULTIFILAMENTAR, TIPO AGULHA: AGULHA 1/2 CÍRCULO;UN;72,0000;3,8000;273,6000;0,0000;31/12/2026
HOSPITAL ESTADUAL TELECILA FREITAS FONTES /RN;932126;549;Material;932126-8/2026;Materiais e insumos médico-hospitalares;Catálogo do Compras.gov.br;Material;6515;INSTRUMENTOS, EQUIPAMENTOS E SUPRIMENTOS MÉDICOS  E  CIRÚRGICOS;30040;FIO DE SUTURA AGULHADO;602410;APRESENTAÇÃO: EMBALAGEM INDIVIDUAL, COMPRIMENTO AGULHA: CERCA DE 20, COMPRIMENTO FIO: CERCA DE 70, DIÂMETRO FIO: 4-0, ESTERILIDADE: ESTÉRIL, MATERIAL FIO: CATGUT CROMADO, MODELO AGULHA: CILÍNDRICA, MODELO FIO: MULTIFILAMENTAR, TIPO AGULHA: AGULHA 1/2 CÍRCULO;UN;48,0000;3,3600;161,2800;0,0000;31/12/2026
HOSPITAL ESTADUAL TELECILA FREITAS FONTES /RN;932126;550;Material;932126-8/2026;Materiais e insumos médico-hospitalares;Catálogo do Compras.gov.br;Material;6515;INSTRUMENTOS, EQUIPAMENTOS E SUPRIMENTOS MÉDICOS  E  CIRÚRGICOS;30040;FIO DE SUTURA AGULHADO;487020;APRESENTAÇÃO: EMBALAGEM INDIVIDUAL, COMPRIMENTO AGULHA: CERCA DE 40, COMPRIMENTO FIO: CERCA DE 70, DIÂMETRO FIO: 0 / 1-0, ESTERILIDADE: ESTÉRIL, MATERIAL FIO: CATGUT CROMADO, MODELO AGULHA: CILÍNDRICA, MODELO FIO: MULTIFILAMENTAR, TIPO AGULHA: AGULHA 1/2 CÍRCULO;UN;48,0000;3,8800;186,2400;0,0000;31/12/2026
HOSPITAL ESTADUAL TELECILA FREITAS FONTES /RN;932126;680;Serviço;932126-7/2026;Serviços de manutenção predial;Catálogo do Compras.gov.br;Serviço;859;OUTROS SERVIÇOS DE SUPORTE;;;25631;AUXILIAR DE SERVIÇOS TÉCNICOS;-;192,0000;4305,1400;826586,8800;0,0000;31/12/2026
HOSPITAL ESTADUAL TELECILA FREITAS FONTES /RN;932126;552;Material;932126-8/2026;Materiais e insumos médico-hospitalares;Catálogo do Compras.gov.br;Material;6515;INSTRUMENTOS, EQUIPAMENTOS E SUPRIMENTOS MÉDICOS  E  CIRÚRGICOS;30040;FIO DE SUTURA AGULHADO;486956;APRESENTAÇÃO: EMBALAGEM INDIVIDUAL, COMPRIMENTO AGULHA: CERCA DE 40, COMPRIMENTO FIO: CERCA DE 70, DIÂMETRO FIO: 3-0, ESTERILIDADE: ESTÉRIL, MATERIAL FIO: CATGUT SIMPLES, MODELO AGULHA: CILÍNDRICA, MODELO FIO: MULTIFILAMENTAR, TIPO AGULHA: AGULHA 1/2 CÍRCULO;UN;48,0000;2,9500;141,6000;0,0000;31/12/2026
HOSPITAL ESTADUAL TELECILA FREITAS FONTES /RN;932126;553;Material;932126-8/2026;Materiais e insumos médico-hospitalares;Catálogo do Compras.gov.br;Material;6515;INSTRUMENTOS, EQUIPAMENTOS E SUPRIMENTOS MÉDICOS  E  CIRÚRGICOS;30040;FIO DE SUTURA AGULHADO;486975;APRESENTAÇÃO: EMBALAGEM INDIVIDUAL, COMPRIMENTO AGULHA: CERCA DE 30, COMPRIMENTO FIO: CERCA DE 70, DIÂMETRO FIO: 0 / 1-0, ESTERILIDADE: ESTÉRIL, MATERIAL FIO: CATGUT SIMPLES, MODELO AGULHA: CILÍNDRICA, MODELO FIO: MULTIFILAMENTAR, TIPO AGULHA: AGULHA 1/2 CÍRCULO;UN;48,0000;3,8600;185,2800;0,0000;31/12/2026
HOSPITAL ESTADUAL TELECILA FREITAS FONTES /RN;932126;554;Material;932126-8/2026;Materiais e insumos médico-hospitalares;Catálogo do Compras.gov.br;Material;6515;INSTRUMENTOS, EQUIPAMENTOS E SUPRIMENTOS MÉDICOS  E  CIRÚRGICOS;30040;FIO DE SUTURA AGULHADO;486975;APRESENTAÇÃO: EMBALAGEM INDIVIDUAL, COMPRIMENTO AGULHA: CERCA DE 30, COMPRIMENTO FIO: CERCA DE 70, DIÂMETRO FIO: 0 / 1-0, ESTERILIDADE: ESTÉRIL, MATERIAL FIO: CATGUT SIMPLES, MODELO AGULHA: CILÍNDRICA, MODELO FIO: MULTIFILAMENTAR, TIPO AGULHA: AGULHA 1/2 CÍRCULO;UN;48,0000;4,2400;203,5200;0,0000;31/12/2026
HOSPITAL ESTADUAL TELECILA FREITAS FONTES /RN;932126;555;Material;932126-8/2026;Materiais e insumos médico-hospitalares;Catálogo do Compras.gov.br;Material;6515;INSTRUMENTOS, EQUIPAMENTOS E SUPRIMENTOS MÉDICOS  E  CIRÚRGICOS;30040;FIO DE SUTURA AGULHADO;486969;APRESENTAÇÃO: EMBALAGEM INDIVIDUAL, COMPRIMENTO AGULHA: CERCA DE 40, COMPRIMENTO FIO: CERCA DE 70, DIÂMETRO FIO: 2-0, ESTERILIDADE: ESTÉRIL, MATERIAL FIO: CATGUT SIMPLES, MODELO AGULHA: CILÍNDRICA ROBUSTA, MODELO FIO: MULTIFILAMENTAR, TIPO AGULHA: AGULHA 1/2 CÍRCULO;UN;72,0000;3,4800;250,5600;0,0000;31/12/2026
HOSPITAL ESTADUAL TELECILA FREITAS FONTES /RN;932126;556;Material;932126-8/2026;Materiais e insumos médico-hospitalares;Catálogo do Compras.gov.br;Material;6515;INSTRUMENTOS, EQUIPAMENTOS E SUPRIMENTOS MÉDICOS  E  CIRÚRGICOS;30040;FIO DE SUTURA AGULHADO;486943;APRESENTAÇÃO: EMBALAGEM INDIVIDUAL, COMPRIMENTO AGULHA: CERCA DE 20, COMPRIMENTO FIO: CERCA DE 70, DIÂMETRO FIO: 4-0, ESTERILIDADE: ESTÉRIL, MATERIAL FIO: CATGUT SIMPLES, MODELO AGULHA: CILÍNDRICA, MODELO FIO: MULTIFILAMENTAR, TIPO AGULHA: AGULHA 1/2 CÍRCULO;UN;24,0000;3,7100;89,0400;0,0000;31/12/2026
HOSPITAL ESTADUAL TELECILA FREITAS FONTES /RN;932126;557;Material;932126-8/2026;Materiais e insumos médico-hospitalares;Catálogo do Compras.gov.br;Material;6515;INSTRUMENTOS, EQUIPAMENTOS E SUPRIMENTOS MÉDICOS  E  CIRÚRGICOS;30044;FIO DE SUTURA S/ AGULHA;600108;APRESENTAÇÃO: EMBALAGEM INDIVIDUAL, COMPRIMENTO: CERCA DE 150, DIÂMETRO: 2-0, ESTERILIDADE: ESTÉRIL, MATERIAL: CATGUT SIMPLES, MODELO: MULTIFILAMENTAR;UN;24,0000;4,8100;115,4400;0,0000;31/12/2026
HOSPITAL ESTADUAL TELECILA FREITAS FONTES /RN;932126;558;Material;932126-8/2026;Materiais e insumos médico-hospitalares;Catálogo do Compras.gov.br;Material;6515;INSTRUMENTOS, EQUIPAMENTOS E SUPRIMENTOS MÉDICOS  E  CIRÚRGICOS;30040;FIO DE SUTURA AGULHADO;487103;APRESENTAÇÃO: EMBALAGEM INDIVIDUAL, COMPRIMENTO AGULHA: CERCA DE 20, COMPRIMENTO FIO: CERCA DE 70, DIÂMETRO FIO: 4-0, ESTERILIDADE: ESTÉRIL, MATERIAL FIO: POLIGLACTINA VIOLETA, MODELO AGULHA: CILÍNDRICA, MODELO FIO: MULTIFILAMENTAR, TIPO AGULHA: AGULHA 1/2 CÍRCULO;UN;48,0000;5,8700;281,7600;0,0000;31/12/2026
HOSPITAL ESTADUAL TELECILA FREITAS FONTES /RN;932126;559;Material;932126-8/2026;Materiais e insumos médico-hospitalares;Catálogo do Compras.gov.br;Material;6515;INSTRUMENTOS, EQUIPAMENTOS E SUPRIMENTOS MÉDICOS  E  CIRÚRGICOS;30040;FIO DE SUTURA AGULHADO;487455;APRESENTAÇÃO: EMBALAGEM INDIVIDUAL, COMPRIMENTO AGULHA: CERCA DE 30, COMPRIMENTO FIO: CERCA DE 70, DIÂMETRO FIO: 2-0, ESTERILIDADE: ESTÉRIL, MATERIAL FIO: NYLON / POLIAMIDA PRETO, MODELO AGULHA: CORTANTE REVERSA / INVERTIDA, MODELO FIO: MONOFILAMENTAR, TIPO AGULHA: AGULHA 3/8 CÍRCULO;UN;1296,0000;1,8400;2384,6400;0,0000;31/12/2026
HOSPITAL ESTADUAL TELECILA FREITAS FONTES /RN;932126;560;Material;932126-8/2026;Materiais e insumos médico-hospitalares;Catálogo do Compras.gov.br;Material;6515;INSTRUMENTOS, EQUIPAMENTOS E SUPRIMENTOS MÉDICOS  E  CIRÚRGICOS;30040;FIO DE SUTURA AGULHADO;487445;APRESENTAÇÃO: EMBALAGEM INDIVIDUAL, COMPRIMENTO AGULHA: CERCA DE 30, COMPRIMENTO FIO: CERCA DE 45, DIÂMETRO FIO: 3-0, ESTERILIDADE: ESTÉRIL, MATERIAL FIO: NYLON / POLIAMIDA PRETO, MODELO AGULHA: CORTANTE REVERSA / INVERTIDA, MODELO FIO: MONOFILAMENTAR, TIPO AGULHA: AGULHA 3/8 CÍRCULO;UN;1296,0000;1,5800;2047,6800;0,0000;31/12/2026
HOSPITAL ESTADUAL TELECILA FREITAS FONTES /RN;932126;561;Material;932126-8/2026;Materiais e insumos médico-hospitalares;Catálogo do Compras.gov.br;Material;6515;INSTRUMENTOS, EQUIPAMENTOS E SUPRIMENTOS MÉDICOS  E  CIRÚRGICOS;30040;FIO DE SUTURA AGULHADO;487435;APRESENTAÇÃO: EMBALAGEM INDIVIDUAL, COMPRIMENTO AGULHA: CERCA DE 30, COMPRIMENTO FIO: CERCA DE 70, DIÂMETRO FIO: 4-0, ESTERILIDADE: ESTÉRIL, MATERIAL FIO: NYLON / POLIAMIDA PRETO, MODELO AGULHA: CORTANTE REVERSA / INVERTIDA, MODELO FIO: MONOFILAMENTAR, TIPO AGULHA: AGULHA 3/8 CÍRCULO;UN;216,0000;1,8600;401,7600;0,0000;31/12/2026
HOSPITAL ESTADUAL TELECILA FREITAS FONTES /RN;932126;562;Material;932126-8/2026;Materiais e insumos médico-hospitalares;Catálogo do Compras.gov.br;Material;6515;INSTRUMENTOS, EQUIPAMENTOS E SUPRIMENTOS MÉDICOS  E  CIRÚRGICOS;30040;FIO DE SUTURA AGULHADO;603564;APRESENTAÇÃO: EMBALAGEM INDIVIDUAL, COMPRIMENTO AGULHA: CERCA DE 20, COMPRIMENTO FIO: CERCA DE 70, DIÂMETRO FIO: 5-0, ESTERILIDADE: ESTÉRIL, MATERIAL FIO: NYLON / POLIAMIDA PRETO, MODELO AGULHA: CILÍNDRICA, MODELO FIO: MONOFILAMENTAR, TIPO AGULHA: AGULHA 1/2 CÍRCULO;UN;216,0000;1,9400;419,0400;0,0000;31/12/2026
HOSPITAL ESTADUAL TELECILA FREITAS FONTES /RN;932126;563;Material;932126-8/2026;Materiais e insumos médico-hospitalares;Catálogo do Compras.gov.br;Material;6515;INSTRUMENTOS, EQUIPAMENTOS E SUPRIMENTOS MÉDICOS  E  CIRÚRGICOS;30040;FIO DE SUTURA AGULHADO;487623;APRESENTAÇÃO: EMBALAGEM INDIVIDUAL, COMPRIMENTO AGULHA: CERCA DE 30, COMPRIMENTO FIO: CERCA DE 70, DIÂMETRO FIO: 2-0, ESTERILIDADE: ESTÉRIL, MATERIAL FIO: POLIÉSTER C/ ALGODÃO AZUL, MODELO AGULHA: CORTANTE REVERSA / INVERTIDA, MODELO FIO: MULTIFILAMENTAR, TIPO AGULHA: AGULHA 3/8 CÍRCULO;UN;48,0000;2,0200;96,9600;0,0000;31/12/2026
HOSPITAL ESTADUAL TELECILA FREITAS FONTES /RN;932126;564;Material;932126-8/2026;Materiais e insumos médico-hospitalares;Catálogo do Compras.gov.br;Material;6515;INSTRUMENTOS, EQUIPAMENTOS E SUPRIMENTOS MÉDICOS  E  CIRÚRGICOS;30040;FIO DE SUTURA AGULHADO;487151;APRESENTAÇÃO: EMBALAGEM INDIVIDUAL, COMPRIMENTO AGULHA: CERCA DE 40, COMPRIMENTO FIO: CERCA DE 70, DIÂMETRO FIO: 0 / 1-0, ESTERILIDADE: ESTÉRIL, MATERIAL FIO: POLIGLACTINA VIOLETA, MODELO AGULHA: CILÍNDRICA, MODELO FIO: MULTIFILAMENTAR, TIPO AGULHA: AGULHA 1/2 CÍRCULO;UN;216,0000;5,5900;1207,4400;0,0000;31/12/2026
HOSPITAL ESTADUAL TELECILA FREITAS FONTES /RN;932126;565;Material;932126-8/2026;Materiais e insumos médico-hospitalares;Catálogo do Compras.gov.br;Material;6515;INSTRUMENTOS, EQUIPAMENTOS E SUPRIMENTOS MÉDICOS  E  CIRÚRGICOS;30040;FIO DE SUTURA AGULHADO;487129;APRESENTAÇÃO: EMBALAGEM INDIVIDUAL, COMPRIMENTO AGULHA: CERCA DE 26, COMPRIMENTO FIO: CERCA DE 70, DIÂMETRO FIO: 2-0, ESTERILIDADE: ESTÉRIL, MATERIAL FIO: POLIGLACTINA VIOLETA, MODELO AGULHA: CILÍNDRICA, MODELO FIO: MULTIFILAMENTAR, TIPO AGULHA: AGULHA 1/2 CÍRCULO;UN;216,0000;5,5900;1207,4400;0,0000;31/12/2026
HOSPITAL ESTADUAL TELECILA FREITAS FONTES /RN;932126;566;Material;932126-8/2026;Materiais e insumos médico-hospitalares;Catálogo do Compras.gov.br;Material;6515;INSTRUMENTOS, EQUIPAMENTOS E SUPRIMENTOS MÉDICOS  E  CIRÚRGICOS;30040;FIO DE SUTURA AGULHADO;487132;APRESENTAÇÃO: EMBALAGEM INDIVIDUAL, COMPRIMENTO AGULHA: CERCA DE 40, COMPRIMENTO FIO: CERCA DE 70, DIÂMETRO FIO: 2-0, ESTERILIDADE: ESTÉRIL, MATERIAL FIO: POLIGLACTINA VIOLETA, MODELO AGULHA: CILÍNDRICA, MODELO FIO: MULTIFILAMENTAR, TIPO AGULHA: AGULHA 1/2 CÍRCULO;UN;216,0000;5,8800;1270,0800;0,0000;31/12/2026
HOSPITAL ESTADUAL TELECILA FREITAS FONTES /RN;932126;567;Material;932126-8/2026;Materiais e insumos médico-hospitalares;Catálogo do Compras.gov.br;Material;6515;INSTRUMENTOS, EQUIPAMENTOS E SUPRIMENTOS MÉDICOS  E  CIRÚRGICOS;30040;FIO DE SUTURA AGULHADO;487154;APRESENTAÇÃO: EMBALAGEM INDIVIDUAL, COMPONENTE FIO: C/ BACTERIOSTÁTICO / BACTERICIDA, COMPRIMENTO AGULHA: CERCA DE 40, COMPRIMENTO FIO: CERCA DE 70, DIÂMETRO FIO: 0 / 1-0, ESTERILIDADE: ESTÉRIL, MATERIAL FIO: POLIGLACTINA VIOLETA, MODELO AGULHA: CILÍNDRICA, MODELO FIO: MULTIFILAMENTAR, TIPO AGULHA: AGULHA 1/2 CÍRCULO;UN;216,0000;11,1700;2412,7200;0,0000;31/12/2026
HOSPITAL ESTADUAL TELECILA FREITAS FONTES /RN;932126;568;Material;932126-8/2026;Materiais e insumos médico-hospitalares;Catálogo do Compras.gov.br;Material;6515;INSTRUMENTOS, EQUIPAMENTOS E SUPRIMENTOS MÉDICOS  E  CIRÚRGICOS;30040;FIO DE SUTURA AGULHADO;487114;APRESENTAÇÃO: EMBALAGEM INDIVIDUAL, COMPRIMENTO AGULHA: CERCA DE 26, COMPRIMENTO FIO: CERCA DE 70, DIÂMETRO FIO: 3-0, ESTERILIDADE: ESTÉRIL, MATERIAL FIO: POLIGLACTINA VIOLETA, MODELO AGULHA: CILÍNDRICA, MODELO FIO: MULTIFILAMENTAR, TIPO AGULHA: AGULHA 1/2 CÍRCULO;UN;36,0000;5,3700;193,3200;0,0000;31/12/2026
HOSPITAL ESTADUAL TELECILA FREITAS FONTES /RN;932126;569;Material;932126-8/2026;Materiais e insumos médico-hospitalares;Catálogo do Compras.gov.br;Material;6515;INSTRUMENTOS, EQUIPAMENTOS E SUPRIMENTOS MÉDICOS  E  CIRÚRGICOS;30040;FIO DE SUTURA AGULHADO;487513;APRESENTAÇÃO: EMBALAGEM INDIVIDUAL, COMPRIMENTO AGULHA: CERCA DE 24, COMPRIMENTO FIO: CERCA DE 45, DIÂMETRO FIO: 3-0, ESTERILIDADE: ESTÉRIL, MATERIAL FIO: POLIPROPILENO AZUL, MODELO AGULHA: CORTANTE REVERSA / INVERTIDA, MODELO FIO: MONOFILAMENTAR, TIPO AGULHA: AGULHA 3/8 CÍRCULO;UN;72,0000;3,6100;259,9200;0,0000;31/12/2026
HOSPITAL ESTADUAL TELECILA FREITAS FONTES /RN;932126;570;Material;932126-8/2026;Materiais e insumos médico-hospitalares;Catálogo do Compras.gov.br;Material;6515;INSTRUMENTOS, EQUIPAMENTOS E SUPRIMENTOS MÉDICOS  E  CIRÚRGICOS;30040;FIO DE SUTURA AGULHADO;487534;APRESENTAÇÃO: EMBALAGEM INDIVIDUAL, COMPRIMENTO AGULHA: CERCA DE 40, COMPRIMENTO FIO: CERCA DE 70, DIÂMETRO FIO: 0 / 1-0, ESTERILIDADE: ESTÉRIL, MATERIAL FIO: POLIPROPILENO AZUL, MODELO AGULHA: CILÍNDRICA, MODELO FIO: MONOFILAMENTAR, TIPO AGULHA: AGULHA 1/2 CÍRCULO;UN;144,0000;2,2700;326,8800;0,0000;31/12/2026
HOSPITAL ESTADUAL TELECILA FREITAS FONTES /RN;932126;571;Material;932126-8/2026;Materiais e insumos médico-hospitalares;Catálogo do Compras.gov.br;Material;6515;INSTRUMENTOS, EQUIPAMENTOS E SUPRIMENTOS MÉDICOS  E  CIRÚRGICOS;30040;FIO DE SUTURA AGULHADO;487529;APRESENTAÇÃO: EMBALAGEM INDIVIDUAL, COMPRIMENTO AGULHA: CERCA DE 26, COMPRIMENTO FIO: CERCA DE 70, DIÂMETRO FIO: 2-0, ESTERILIDADE: ESTÉRIL, MATERIAL FIO: POLIPROPILENO AZUL, MODELO AGULHA: CILÍNDRICA, MODELO FIO: MONOFILAMENTAR, TIPO AGULHA: AGULHA 1/2 CÍRCULO;UN;24,0000;5,0200;120,4800;0,0000;31/12/2026
HOSPITAL ESTADUAL TELECILA FREITAS FONTES /RN;932126;572;Material;932126-8/2026;Materiais e insumos médico-hospitalares;Catálogo do Compras.gov.br;Material;6515;INSTRUMENTOS, EQUIPAMENTOS E SUPRIMENTOS MÉDICOS  E  CIRÚRGICOS;30040;FIO DE SUTURA AGULHADO;487509;APRESENTAÇÃO: EMBALAGEM INDIVIDUAL, COMPRIMENTO AGULHA: CERCA DE 26, COMPRIMENTO FIO: CERCA DE 70, DIÂMETRO FIO: 4-0, ESTERILIDADE: ESTÉRIL, MATERIAL FIO: POLIPROPILENO AZUL, MODELO AGULHA: CILÍNDRICA, MODELO FIO: MONOFILAMENTAR, TIPO AGULHA: AGULHA 1/2 CÍRCULO;UN;36,0000;1,6000;57,6000;0,0000;31/12/2026
HOSPITAL ESTADUAL TELECILA FREITAS FONTES /RN;932126;573;Material;932126-8/2026;Materiais e insumos médico-hospitalares;Catálogo do Compras.gov.br;Material;6515;INSTRUMENTOS, EQUIPAMENTOS E SUPRIMENTOS MÉDICOS  E  CIRÚRGICOS;18071;FITA ADESIVA;278970;APLICAÇÃO: MULTIUSO, COMPRIMENTO: 50, COR: BEGE, LARGURA: 19, MATERIAL: CREPE, TIPO: MONOFACE;UN;210,0000;3,9200;823,2000;0,0000;31/12/2026
HOSPITAL ESTADUAL TELECILA FREITAS FONTES /RN;932126;574;Material;932126-8/2026;Materiais e insumos médico-hospitalares;Catálogo do Compras.gov.br;Material;6515;INSTRUMENTOS, EQUIPAMENTOS E SUPRIMENTOS MÉDICOS  E  CIRÚRGICOS;18071;FITA ADESIVA;626170;APLICAÇÃO: ESTERILIZAÇÃO, CARACTERÍSTICAS ADICIONAIS: COM CAMADA IMPERMEABILIZANTE DE RESINA ACRÍLICA, COMPRIMENTO: 30, LARGURA: 19, MATERIAL: PAPEL CREPADO, TIPO: FITA ADESIVA AUTOCLAVE;UN;150,0000;4,1900;628,5000;0,0000;31/12/2026
HOSPITAL ESTADUAL TELECILA FREITAS FONTES /RN;932126;575;Material;932126-8/2026;Materiais e insumos médico-hospitalares;Catálogo do Compras.gov.br;Material;6532;VESTUÁRIO HOSPITALAR E CIRÚRGICO E ITENS CORRELATOS DE  FINALIDADES ESPECIAIS;30183;FRALDA DESCARTÁVEL;616018;CARACTERÍSTICA ADICIONAL: P/ FLUXO INTENSO / NOTURNO, BARREIRA ANTIVAZAMENTO, MATERIAL: TELA POLÍMERICA E NÚCLEO ABSORVENTE, REVESTIMENTO EXTERNO: IMPERMEÁVEL, TAMANHO: ADULTO GRANDE, TIPO FIXAÇÃO: TIRAS AJUSTÁVEIS E REPOSICIONÁVEIS;UN;360,0000;1,1000;396,0000;0,0000;31/12/2026
HOSPITAL ESTADUAL TELECILA FREITAS FONTES /RN;932126;576;Material;932126-8/2026;Materiais e insumos médico-hospitalares;Catálogo do Compras.gov.br;Material;6532;VESTUÁRIO HOSPITALAR E CIRÚRGICO E ITENS CORRELATOS DE  FINALIDADES ESPECIAIS;30183;FRALDA DESCARTÁVEL;616017;CARACTERÍSTICA ADICIONAL: P/ FLUXO INTENSO / NOTURNO, BARREIRA ANTIVAZAMENTO, MATERIAL: TELA POLÍMERICA E NÚCLEO ABSORVENTE, REVESTIMENTO EXTERNO: IMPERMEÁVEL, TAMANHO: ADULTO MÉDIO, TIPO FIXAÇÃO: TIRAS AJUSTÁVEIS E REPOSICIONÁVEIS;UN;72,0000;1,1000;79,2000;0,0000;31/12/2026
HOSPITAL ESTADUAL TELECILA FREITAS FONTES /RN;932126;577;Material;932126-8/2026;Materiais e insumos médico-hospitalares;Catálogo do Compras.gov.br;Material;6532;VESTUÁRIO HOSPITALAR E CIRÚRGICO E ITENS CORRELATOS DE  FINALIDADES ESPECIAIS;30183;FRALDA DESCARTÁVEL;616016;CARACTERÍSTICA ADICIONAL: P/ FLUXO INTENSO / NOTURNO, BARREIRA ANTIVAZAMENTO, MATERIAL: TELA POLÍMERICA E NÚCLEO ABSORVENTE, REVESTIMENTO EXTERNO: IMPERMEÁVEL, TAMANHO: ADULTO PEQUENO, TIPO FIXAÇÃO: TIRAS AJUSTÁVEIS E REPOSICIONÁVEIS;UN;72,0000;1,1000;79,2000;0,0000;31/12/2026
HOSPITAL ESTADUAL TELECILA FREITAS FONTES /RN;932126;578;Material;932126-8/2026;Materiais e insumos médico-hospitalares;Catálogo do Compras.gov.br;Material;6532;VESTUÁRIO HOSPITALAR E CIRÚRGICO E ITENS CORRELATOS DE  FINALIDADES ESPECIAIS;30183;FRALDA DESCARTÁVEL;616008;CARACTERÍSTICA ADICIONAL: P/ FLUXO INTENSO / NOTURNO, BARREIRA ANTIVAZAMENTO, MATERIAL: TELA POLÍMERICA E NÚCLEO ABSORVENTE, REVESTIMENTO EXTERNO: IMPERMEÁVEL, TAMANHO: INFANTIL GRANDE, TIPO FIXAÇÃO: TIRAS AJUSTÁVEIS E REPOSICIONÁVEIS;UN;72,0000;0,4900;35,2800;0,0000;31/12/2026
HOSPITAL ESTADUAL TELECILA FREITAS FONTES /RN;932126;579;Material;932126-8/2026;Materiais e insumos médico-hospitalares;Catálogo do Compras.gov.br;Material;6532;VESTUÁRIO HOSPITALAR E CIRÚRGICO E ITENS CORRELATOS DE  FINALIDADES ESPECIAIS;30183;FRALDA DESCARTÁVEL;616007;CARACTERÍSTICA ADICIONAL: P/ FLUXO INTENSO / NOTURNO, BARREIRA ANTIVAZAMENTO, MATERIAL: TELA POLÍMERICA E NÚCLEO ABSORVENTE, REVESTIMENTO EXTERNO: IMPERMEÁVEL, TAMANHO: INFANTIL MÉDIO, TIPO FIXAÇÃO: TIRAS AJUSTÁVEIS E REPOSICIONÁVEIS;UN;72,0000;0,4600;33,1200;0,0000;31/12/2026
HOSPITAL ESTADUAL TELECILA FREITAS FONTES /RN;932126;681;Serviço;932126-7/2026;Serviços de manutenção predial;Catálogo do Compras.gov.br;Serviço;853;SERVIÇOS DE LIMPEZA;;;25194;SERVIÇO ESPECIALIZADO DE LIMPEZA;-;672,0000;4172,8300;2804141,7600;0,0000;31/12/2026
HOSPITAL ESTADUAL TELECILA FREITAS FONTES /RN;932126;580;Material;932126-8/2026;Materiais e insumos médico-hospitalares;Catálogo do Compras.gov.br;Material;6532;VESTUÁRIO HOSPITALAR E CIRÚRGICO E ITENS CORRELATOS DE  FINALIDADES ESPECIAIS;30183;FRALDA DESCARTÁVEL;616006;CARACTERÍSTICA ADICIONAL: P/ FLUXO INTENSO / NOTURNO, BARREIRA ANTIVAZAMENTO, MATERIAL: TELA POLÍMERICA E NÚCLEO ABSORVENTE, REVESTIMENTO EXTERNO: IMPERMEÁVEL, TAMANHO: INFANTIL PEQUENO, TIPO FIXAÇÃO: TIRAS AJUSTÁVEIS E REPOSICIONÁVEIS;UN;36,0000;0,4900;17,6400;0,0000;31/12/2026
HOSPITAL ESTADUAL TELECILA FREITAS FONTES /RN;932126;581;Material;932126-8/2026;Materiais e insumos médico-hospitalares;Catálogo do Compras.gov.br;Material;6515;INSTRUMENTOS, EQUIPAMENTOS E SUPRIMENTOS MÉDICOS  E  CIRÚRGICOS;30233;RESERVATÓRIO P/ COLETA DE AMOSTRA BIOLÓGICA;619196;APLICAÇÃO: P/ FEZES, COMPONENTE: C/ CONSERVANTE E FILTROS, ESTERILIDADE: NÃO ESTÉRIL, USO ÚNICO, FECHAMENTO: TAMPA PLÁSTICA, MATERIAL: POLÍMERO RÍGIDO TRANSPARENTE, MODELO: FRASCO, VOLUME: CERCA DE 50 ML;UN;300,0000;0,2800;84,0000;0,0000;31/12/2026
HOSPITAL ESTADUAL TELECILA FREITAS FONTES /RN;932126;582;Material;932126-8/2026;Materiais e insumos médico-hospitalares;Catálogo do Compras.gov.br;Material;6515;INSTRUMENTOS, EQUIPAMENTOS E SUPRIMENTOS MÉDICOS  E  CIRÚRGICOS;18087;FRASCO - TIPO ALMOTOLIA;279887;CAPACIDADE: 250, COR: ÂMBAR, MATERIAL: EM POLIETILENO (PLÁSTICO), TIPO BICO: BICO RETO, LONGO, ESTREITO, COM PROTETOR, TIPO TAMPA: TAMPA EM ROSCA;UN;15,0000;2,9700;44,5500;0,0000;31/12/2026
HOSPITAL ESTADUAL TELECILA FREITAS FONTES /RN;932126;583;Material;932126-8/2026;Materiais e insumos médico-hospitalares;Catálogo do Compras.gov.br;Material;6515;INSTRUMENTOS, EQUIPAMENTOS E SUPRIMENTOS MÉDICOS  E  CIRÚRGICOS;18087;FRASCO - TIPO ALMOTOLIA;279893;CAPACIDADE: 250, COR: TRANSPARENTE, MATERIAL: EM POLIETILENO (PLÁSTICO), TIPO BICO: BICO RETO, LONGO, ESTREITO, COM PROTETOR, TIPO TAMPA: TAMPA EM ROSCA;UN;30,0000;3,0400;91,2000;0,0000;31/12/2026
HOSPITAL ESTADUAL TELECILA FREITAS FONTES /RN;932126;584;Material;932126-8/2026;Materiais e insumos médico-hospitalares;Catálogo do Compras.gov.br;Material;6515;INSTRUMENTOS, EQUIPAMENTOS E SUPRIMENTOS MÉDICOS  E  CIRÚRGICOS;7936;GARROTE;614779;APRESENTAÇÃO: EM ROLO, PRÉ CORTADA, COMPONENTE ADICIONAL: TRAVA ADESIVA, DIMENSÕES: CERCA DE 2,5 X 45, MATERIAL*: BORRACHA SINTÉTICA, ISENTO DE LÁTEX NATURAL, TIPO USO: USO ÚNICO, TIPO*: TIPO FITA;UN;75,0000;0,7500;56,2500;0,0000;31/12/2026
HOSPITAL ESTADUAL TELECILA FREITAS FONTES /RN;932126;585;Material;932126-8/2026;Materiais e insumos médico-hospitalares;Catálogo do Compras.gov.br;Material;6515;INSTRUMENTOS, EQUIPAMENTOS E SUPRIMENTOS MÉDICOS  E  CIRÚRGICOS;8127;GUIA P/ INTUBAÇÃO TRAQUEAL;452989;ESTERILIDADE*: ESTÉRIL, DESCARTÁVEL, MATERIAL HASTE: POLÍMERO, MODELO: TIPO BOUGIE, TAMANHO*: INFANTIL;UN;2,0000;12,0000;24,0000;0,0000;31/12/2026
HOSPITAL ESTADUAL TELECILA FREITAS FONTES /RN;932126;586;Material;932126-8/2026;Materiais e insumos médico-hospitalares;Catálogo do Compras.gov.br;Material;6515;INSTRUMENTOS, EQUIPAMENTOS E SUPRIMENTOS MÉDICOS  E  CIRÚRGICOS;8127;GUIA P/ INTUBAÇÃO TRAQUEAL;452988;ESTERILIDADE*: ESTÉRIL, DESCARTÁVEL, MATERIAL HASTE: POLÍMERO, MODELO: TIPO BOUGIE, TAMANHO*: ADULTO;UN;3,0000;38,2300;114,6900;0,0000;31/12/2026
HOSPITAL ESTADUAL TELECILA FREITAS FONTES /RN;932126;587;Material;932126-8/2026;Materiais e insumos médico-hospitalares;Catálogo do Compras.gov.br;Material;6515;INSTRUMENTOS, EQUIPAMENTOS E SUPRIMENTOS MÉDICOS  E  CIRÚRGICOS;7043;HEMOSTÁTICO ABSORVÍVEL;431232;APRESENTAÇÃO: MALHA, DIMENSÕES: CERCA DE 5 X 7,5, ESTERILIDADE*: DESCARTÁVEL E ESTÉRIL, PRINCÍPIO ATIVO: CELULOSE OXIDADA REGENERADA;UN;9,0000;43,0000;387,0000;0,0000;31/12/2026
HOSPITAL ESTADUAL TELECILA FREITAS FONTES /RN;932126;588;Material;932126-8/2026;Materiais e insumos médico-hospitalares;Catálogo do Compras.gov.br;Material;6515;INSTRUMENTOS, EQUIPAMENTOS E SUPRIMENTOS MÉDICOS  E  CIRÚRGICOS;395;BISTURI DESCARTÁVEL;412835;CARACTERÍSTICAS ADICIONAIS: SISTEMA DE SEGURANÇA SEGUNDO NR/32, ESTERILIDADE: ESTÉRIL, MATERIAL CABO: CABO DE PLÁSTICO, MATERIAL LÂMINA: LÂMINA AÇO INOXIDÁVEL, TAMANHO LÂMINA: 15;UN;900,0000;0,2500;225,0000;0,0000;31/12/2026
HOSPITAL ESTADUAL TELECILA FREITAS FONTES /RN;932126;589;Material;932126-8/2026;Materiais e insumos médico-hospitalares;Catálogo do Compras.gov.br;Material;6515;INSTRUMENTOS, EQUIPAMENTOS E SUPRIMENTOS MÉDICOS  E  CIRÚRGICOS;395;BISTURI DESCARTÁVEL;431884;CARACTERÍSTICAS ADICIONAIS: SISTEMA DE SEGURANÇA SEGUNDO NR/32, ESTERILIDADE: ESTÉRIL, MATERIAL CABO: CABO DE PLÁSTICO, MATERIAL LÂMINA: LÂMINA AÇO INOXIDÁVEL, TAMANHO LÂMINA: 23;UN;2100,0000;0,2400;504,0000;0,0000;31/12/2026
HOSPITAL ESTADUAL TELECILA FREITAS FONTES /RN;932126;590;Material;932126-8/2026;Materiais e insumos médico-hospitalares;Catálogo do Compras.gov.br;Material;6515;INSTRUMENTOS, EQUIPAMENTOS E SUPRIMENTOS MÉDICOS  E  CIRÚRGICOS;30248;LUVA CIRÚRGICA;620076;APRESENTAÇÃO: EM PAR, COR: C/ COR, EMBALAGEM: EMBALAGEM INDIVIDUAL, ESTERILIDADE: ESTÉRIL, USO ÚNICO, FORMATO: ANATÔMICO, MATERIAL: BORRACHA NATURAL - LÁTEX, PÓ: COM PÓ BIOABSORVÍVEL, SUPERFÍCIE: SUPERFÍCIE LISA, TAMANHO: Nº 7,0;PAR;6000,0000;1,0400;6240,0000;0,0000;31/12/2026
HOSPITAL ESTADUAL TELECILA FREITAS FONTES /RN;932126;591;Material;932126-8/2026;Materiais e insumos médico-hospitalares;Catálogo do Compras.gov.br;Material;6515;INSTRUMENTOS, EQUIPAMENTOS E SUPRIMENTOS MÉDICOS  E  CIRÚRGICOS;30248;LUVA CIRÚRGICA;620077;APRESENTAÇÃO: EM PAR, COR: C/ COR, EMBALAGEM: EMBALAGEM INDIVIDUAL, ESTERILIDADE: ESTÉRIL, USO ÚNICO, FORMATO: ANATÔMICO, MATERIAL: BORRACHA NATURAL - LÁTEX, PÓ: COM PÓ BIOABSORVÍVEL, SUPERFÍCIE: SUPERFÍCIE LISA, TAMANHO: Nº 7,5;PAR;7200,0000;1,3500;9720,0000;0,0000;31/12/2026
HOSPITAL ESTADUAL TELECILA FREITAS FONTES /RN;932126;592;Material;932126-8/2026;Materiais e insumos médico-hospitalares;Catálogo do Compras.gov.br;Material;6515;INSTRUMENTOS, EQUIPAMENTOS E SUPRIMENTOS MÉDICOS  E  CIRÚRGICOS;30248;LUVA CIRÚRGICA;620078;APRESENTAÇÃO: EM PAR, COR: C/ COR, EMBALAGEM: EMBALAGEM INDIVIDUAL, ESTERILIDADE: ESTÉRIL, USO ÚNICO, FORMATO: ANATÔMICO, MATERIAL: BORRACHA NATURAL - LÁTEX, PÓ: COM PÓ BIOABSORVÍVEL, SUPERFÍCIE: SUPERFÍCIE LISA, TAMANHO: Nº 8,0;PAR;3000,0000;1,5300;4590,0000;0,0000;31/12/2026
HOSPITAL ESTADUAL TELECILA FREITAS FONTES /RN;932126;593;Material;932126-8/2026;Materiais e insumos médico-hospitalares;Catálogo do Compras.gov.br;Material;6515;INSTRUMENTOS, EQUIPAMENTOS E SUPRIMENTOS MÉDICOS  E  CIRÚRGICOS;419;LUVA DE PROTEÇÃO;397423;ACABAMENTO PALMA: ANTIDERRAPANTE, CARACTERÍSTICAS ADICIONAIS: ANTIALÉRGICO, ESTERILIDADE: NÃO ESTERILIZADA, MATERIAL: LATÉX, TAMANHO: PEQUENO, TIPO: AMBIDESTRA, TIPO USO: DESCARTÁVEL;UN;66000,0000;0,3400;22440,0000;0,0000;31/12/2026
HOSPITAL ESTADUAL TELECILA FREITAS FONTES /RN;932126;594;Material;932126-8/2026;Materiais e insumos médico-hospitalares;Catálogo do Compras.gov.br;Material;6515;INSTRUMENTOS, EQUIPAMENTOS E SUPRIMENTOS MÉDICOS  E  CIRÚRGICOS;419;LUVA DE PROTEÇÃO;397422;ACABAMENTO PALMA: ANTIDERRAPANTE, CARACTERÍSTICAS ADICIONAIS: ANTIALÉRGICO, ESTERILIDADE: NÃO ESTERILIZADA, MATERIAL: LATÉX, TAMANHO: MÉDIO, TIPO: AMBIDESTRA, TIPO USO: DESCARTÁVEL;UN;105000,0000;0,3400;35700,0000;0,0000;31/12/2026
HOSPITAL ESTADUAL TELECILA FREITAS FONTES /RN;932126;595;Material;932126-8/2026;Materiais e insumos médico-hospitalares;Catálogo do Compras.gov.br;Material;6515;INSTRUMENTOS, EQUIPAMENTOS E SUPRIMENTOS MÉDICOS  E  CIRÚRGICOS;419;LUVA DE PROTEÇÃO;397421;ACABAMENTO PALMA: ANTIDERRAPANTE, CARACTERÍSTICAS ADICIONAIS: ANTIALÉRGICO, ESTERILIDADE: NÃO ESTERILIZADA, MATERIAL: LATÉX, TAMANHO: GRANDE, TIPO: AMBIDESTRA, TIPO USO: DESCARTÁVEL;UN;45000,0000;0,1700;7650,0000;0,0000;31/12/2026
HOSPITAL ESTADUAL TELECILA FREITAS FONTES /RN;932126;1316;Material;932126-5/2026;Gêneros alimentícios;Catálogo do Compras.gov.br;Material;8915;FRUTAS, VERDURAS E LEGUMES;19772;LEGUME IN NATURA;463770;TIPO: CENOURA;KG;1500,0000;2,2000;3300,0000;0,0000;31/12/2026
HOSPITAL ESTADUAL TELECILA FREITAS FONTES /RN;932126;596;Material;932126-8/2026;Materiais e insumos médico-hospitalares;Catálogo do Compras.gov.br;Material;6532;VESTUÁRIO HOSPITALAR E CIRÚRGICO E ITENS CORRELATOS DE  FINALIDADES ESPECIAIS;30029;MÁSCARA CIRÚRGICA;485312;COR: C/ COR, EFICIÊNCIA: EFP MAIOR QUE 98% E BFE MAIOR QUE 95%, ESTERILIDADE: DESCARTÁVEL, FILTRO: ELEMENTO FILTRANTE INTERNO, FORMATO: RETANGULAR, C/ PREGAS HORIZONTAIS, MATERIAL: NÃO TECIDO 100% POLIPROPILENO, MODELO: AJUSTÁVEL, CLIPE NASAL, QUANTIDADE CAMADAS: MÍNIMO 3 CAMADAS, TAMANHO: ADULTO;UN;36000,0000;0,0900;3240,0000;0,0000;31/12/2026
HOSPITAL ESTADUAL TELECILA FREITAS FONTES /RN;932126;597;Material;932126-8/2026;Materiais e insumos médico-hospitalares;Catálogo do Compras.gov.br;Material;6515;INSTRUMENTOS, EQUIPAMENTOS E SUPRIMENTOS MÉDICOS  E  CIRÚRGICOS;2245;MÁSCARA GASOTERAPIA;454566;APLICAÇÃO: P/ ALTA CONCENTRAÇÃO DE REINALAÇÃO PARCIAL, COMPONENTE ADICIONAL: BALÃO RESERVATÓRIO, MATERIAL: PLÁSTICO, TAMANHO: ADULTO, TIPO CONECTOR: CONECTOR PADRÃO, TIPO FIXAÇÃO: C/ CLIPE NASAL E FIXADOR CEFÁLICO AJUSTÁVEL;UN;15,0000;17,7700;266,5500;0,0000;31/12/2026
HOSPITAL ESTADUAL TELECILA FREITAS FONTES /RN;932126;598;Material;932126-8/2026;Materiais e insumos médico-hospitalares;Catálogo do Compras.gov.br;Material;6515;INSTRUMENTOS, EQUIPAMENTOS E SUPRIMENTOS MÉDICOS  E  CIRÚRGICOS;2245;MÁSCARA GASOTERAPIA;454554;ADICIONAIS: JOGO C/ 6 DILUIDORES P/ FLUXO O2, ADICIONAL: C/ TUBO CORRUGADO, MATERIAL: PLÁSTICO, MODELO: VENTURI, TAMANHO: ADULTO, TIPO CONECTOR: CONECTOR PADRÃO, TIPO EXTENSÃO: EXTENSOR CERCA DE 2,0 M, TIPO FIXAÇÃO: C/ CLIPE NASAL E FIXADOR CEFÁLICO AJUSTÁVEL;UN;9,0000;10,0000;90,0000;0,0000;31/12/2026
HOSPITAL ESTADUAL TELECILA FREITAS FONTES /RN;932126;599;Material;932126-8/2026;Materiais e insumos médico-hospitalares;Catálogo do Compras.gov.br;Material;6515;INSTRUMENTOS, EQUIPAMENTOS E SUPRIMENTOS MÉDICOS  E  CIRÚRGICOS;2245;MÁSCARA GASOTERAPIA;454555;ADICIONAIS: JOGO C/ 6 DILUIDORES P/ FLUXO O2, ADICIONAL: C/ TUBO CORRUGADO, MATERIAL: PLÁSTICO, MODELO: VENTURI, TAMANHO: INFANTIL, TIPO CONECTOR: CONECTOR PADRÃO, TIPO EXTENSÃO: EXTENSOR CERCA DE 2,0 M, TIPO FIXAÇÃO: C/ CLIPE NASAL E FIXADOR CEFÁLICO AJUSTÁVEL;UN;6,0000;8,1000;48,6000;0,0000;31/12/2026
HOSPITAL ESTADUAL TELECILA FREITAS FONTES /RN;932126;600;Material;932126-8/2026;Materiais e insumos médico-hospitalares;Catálogo do Compras.gov.br;Material;4240;EQUIPAMENTO PARA SEGURANÇA E SALVAMENTO;30032;MÁSCARA PROTEÇÃO RESP. C/ ANVISA;485529;ADICIONAL 2: S/ VÁLVULA, CLASSE: PFF2, N95 OU EQUIVALENTE, COMPONENTE: CLIPE NASAL, COR: C/ COR, ESTERILIDADE: DESCARTÁVEL, FILTRO: EFICIÊNCIA FILTRAÇÃO MÍN. 94% S, MATERIAL: CAMADAS FIBRAS SINTÉTICAS, MODELO: RESPIRADOR TIPO CONCHA, TAMANHO: ADULTO, TIPO FIXAÇÃO: TIRAS VEDAÇÃO ANATÔMICA;UN;900,0000;1,0000;900,0000;0,0000;31/12/2026
HOSPITAL ESTADUAL TELECILA FREITAS FONTES /RN;932126;601;Material;932126-8/2026;Materiais e insumos médico-hospitalares;Catálogo do Compras.gov.br;Material;6515;INSTRUMENTOS, EQUIPAMENTOS E SUPRIMENTOS MÉDICOS  E  CIRÚRGICOS;9745;MATERIAL GASOTERAPIA;435416;COMPRIMENTO EXTENSÃO: CERCA DE 1,5, ESTERILIDADE*: ESTERILIZÁVEL, MODELO: MICRONEBULIZADOR, SAÍDA: P/ AR COMPRIMIDO, TAMANHO: ADULTO, TIPO EXTENSÃO: EXTENSOR EM PVC C/ CONECTORES, TIPO FRASCO: FRASCO PLÁSTICO GRADUADO, C/ TAMPA, TIPO MÁSCARA: MÁSCARA EM PLÁSTICO, VOLUME: CERCA DE 10;UN;15,0000;12,8000;192,0000;0,0000;31/12/2026
HOSPITAL ESTADUAL TELECILA FREITAS FONTES /RN;932126;602;Material;932126-8/2026;Materiais e insumos médico-hospitalares;Catálogo do Compras.gov.br;Material;6515;INSTRUMENTOS, EQUIPAMENTOS E SUPRIMENTOS MÉDICOS  E  CIRÚRGICOS;9745;MATERIAL GASOTERAPIA;435417;COMPRIMENTO EXTENSÃO: CERCA DE 1,5, ESTERILIDADE*: ESTERILIZÁVEL, MODELO: MICRONEBULIZADOR, SAÍDA: P/ AR COMPRIMIDO, TAMANHO: INFANTIL, TIPO EXTENSÃO: EXTENSOR EM PVC C/ CONECTORES, TIPO FRASCO: FRASCO PLÁSTICO GRADUADO, C/ TAMPA, TIPO MÁSCARA: MÁSCARA EM PLÁSTICO, VOLUME: CERCA DE 10;UN;9,0000;4,9800;44,8200;0,0000;31/12/2026
HOSPITAL ESTADUAL TELECILA FREITAS FONTES /RN;932126;603;Material;932126-8/2026;Materiais e insumos médico-hospitalares;Catálogo do Compras.gov.br;Material;6515;INSTRUMENTOS, EQUIPAMENTOS E SUPRIMENTOS MÉDICOS  E  CIRÚRGICOS;13653;MONITOR PORTÁTIL;389556;FAIXA DE OPERAÇÃO: ATÉ 600, MEMÓRIA: 250 A 500 TESTES, OPERAÇÃO: DIGITAL, TEMPO RESPOSTA: ATÉ 10, TIPO AMOSTRA: SANGUE CAPILAR, TIPO DE ANÁLISE: QUANTITATIVO DE GLICOSE;UN;15,0000;11,6100;174,1500;0,0000;31/12/2026
HOSPITAL ESTADUAL TELECILA FREITAS FONTES /RN;932126;604;Material;932126-8/2026;Materiais e insumos médico-hospitalares;Catálogo do Compras.gov.br;Material;6515;INSTRUMENTOS, EQUIPAMENTOS E SUPRIMENTOS MÉDICOS  E  CIRÚRGICOS;18351;EMBALAGEM P/ ESTERILIZAÇÃO;443438;APRESENTAÇÃO: ROLO, COMPONENTES: C/ INDICADOR QUÍMICO, COMPONENTES ADICIONAIS: TERMOSSELANTE, COMPOSIÇÃO: C/ FILME POLÍMERO MULTILAMINADO, GRAMATURA / ESPESSURA: CERCA DE 60, MATERIAL: PAPEL GRAU CIRÚRGICO, TAMANHO: CERCA DE 15, TIPO USO: USO ÚNICO;RO;45,0000;64,2900;2893,0500;0,0000;31/12/2026
HOSPITAL ESTADUAL TELECILA FREITAS FONTES /RN;932126;605;Material;932126-8/2026;Materiais e insumos médico-hospitalares;Catálogo do Compras.gov.br;Material;6515;INSTRUMENTOS, EQUIPAMENTOS E SUPRIMENTOS MÉDICOS  E  CIRÚRGICOS;18351;EMBALAGEM P/ ESTERILIZAÇÃO;442384;APRESENTAÇÃO: ROLO, COMPONENTES: C/ INDICADOR QUÍMICO, COMPONENTES ADICIONAIS: TERMOSSELANTE, COMPOSIÇÃO: C/ FILME POLÍMERO MULTILAMINADO, GRAMATURA / ESPESSURA: CERCA DE 60, MATERIAL: PAPEL GRAU CIRÚRGICO, TAMANHO: CERCA DE 20, TIPO USO: USO ÚNICO;RO;45,0000;89,0300;4006,3500;0,0000;31/12/2026
HOSPITAL ESTADUAL TELECILA FREITAS FONTES /RN;932126;606;Material;932126-8/2026;Materiais e insumos médico-hospitalares;Catálogo do Compras.gov.br;Material;6515;INSTRUMENTOS, EQUIPAMENTOS E SUPRIMENTOS MÉDICOS  E  CIRÚRGICOS;18351;EMBALAGEM P/ ESTERILIZAÇÃO;442388;APRESENTAÇÃO: ROLO, COMPONENTES: C/ INDICADOR QUÍMICO, COMPONENTES ADICIONAIS: TERMOSSELANTE, COMPOSIÇÃO: C/ FILME POLÍMERO MULTILAMINADO, GRAMATURA / ESPESSURA: CERCA DE 60, MATERIAL: PAPEL GRAU CIRÚRGICO, TAMANHO: CERCA DE 40, TIPO USO: USO ÚNICO;RO;12,0000;179,4000;2152,8000;0,0000;31/12/2026
HOSPITAL ESTADUAL TELECILA FREITAS FONTES /RN;932126;607;Material;932126-8/2026;Materiais e insumos médico-hospitalares;Catálogo do Compras.gov.br;Material;6515;INSTRUMENTOS, EQUIPAMENTOS E SUPRIMENTOS MÉDICOS  E  CIRÚRGICOS;11700;REANIMADOR MANUAL;456400;CAPACIDADE BALÃO: CERCA 1,5, COMPONENTE 1: MÁSCARA PLÁSTICO RÍGIDO C/ COXIM SILICONE, COMPONENTE 2: RESERVATÓRIO DE O2 EM PLÁSTICO C/ VÁLVULA, COMPONENTES 3: ENTRADA DE O2 E EXTENSOR PVC, MATERIAL BALÃO: PLÁSTICO, TAMANHOS: ADULTO, TIPO VÁLVULA: VÁLVULA UNIDIRECIONAL POP OFF CERCA 60 CMH2O;UN;1,0000;172,0000;172,0000;0,0000;31/12/2026
HOSPITAL ESTADUAL TELECILA FREITAS FONTES /RN;932126;608;Material;932126-8/2026;Materiais e insumos médico-hospitalares;Catálogo do Compras.gov.br;Material;6515;INSTRUMENTOS, EQUIPAMENTOS E SUPRIMENTOS MÉDICOS  E  CIRÚRGICOS;11700;REANIMADOR MANUAL;456401;CAPACIDADE BALÃO: CERCA 500, COMPONENTE 1: MÁSCARA PLÁSTICO RÍGIDO C/ COXIM SILICONE, COMPONENTE 2: RESERVATÓRIO DE O2 EM PLÁSTICO C/ VÁLVULA, COMPONENTES 3: ENTRADA DE O2 E EXTENSOR PVC, MATERIAL BALÃO: PLÁSTICO, TAMANHOS: INFANTIL, TIPO VÁLVULA: VÁLVULA UNIDIRECIONAL POP OFF CERCA 40 CMH20;UN;1,0000;126,9300;126,9300;0,0000;31/12/2026
HOSPITAL ESTADUAL TELECILA FREITAS FONTES /RN;932126;609;Material;932126-8/2026;Materiais e insumos médico-hospitalares;Catálogo do Compras.gov.br;Material;6532;VESTUÁRIO HOSPITALAR E CIRÚRGICO E ITENS CORRELATOS DE  FINALIDADES ESPECIAIS;11939;SAPATILHA HOSPITALAR;436857;COR*: C/ COR, GRAMATURA*: CERCA DE 50, MATERIAL*: NÃO TECIDO 100% POLIPROPILENO, MODELO: C/ ELÁSTICO, TAMANHO*: ÚNICO, TIPO USO*: DESCARTÁVEL;UN;18000,0000;0,3200;5760,0000;0,0000;31/12/2026
HOSPITAL ESTADUAL TELECILA FREITAS FONTES /RN;932126;610;Material;932126-8/2026;Materiais e insumos médico-hospitalares;Catálogo do Compras.gov.br;Material;6515;INSTRUMENTOS, EQUIPAMENTOS E SUPRIMENTOS MÉDICOS  E  CIRÚRGICOS;17428;SERINGA;443468;ADICIONAL: GRADUADA (ESCALA ML), NUMERADA, APRESENTAÇÃO: EMBALAGEM INDIVIDUAL, CAPACIDADE: 1, ESTERILIDADE: ESTÉRIL, DESCARTÁVEL, MATERIAL: POLIPROPILENO, TIPO AGULHA: C/ AGULHA 26 G X 1/2", TIPO BICO: BICO CENTRAL LUER LOCK OU SLIP, TIPO VEDAÇÃO: ÊMBOLO DE BORRACHA;UN;10500,0000;0,3500;3675,0000;0,0000;31/12/2026
HOSPITAL ESTADUAL TELECILA FREITAS FONTES /RN;932126;611;Material;932126-8/2026;Materiais e insumos médico-hospitalares;Catálogo do Compras.gov.br;Material;6515;INSTRUMENTOS, EQUIPAMENTOS E SUPRIMENTOS MÉDICOS  E  CIRÚRGICOS;17428;SERINGA;439669;ADICIONAL: GRADUADA, NUMERADA, APRESENTAÇÃO: EMBALAGEM INDIVIDUAL, CAPACIDADE: 3, ESTERILIDADE: ESTÉRIL, DESCARTÁVEL, MATERIAL: POLIPROPILENO, TIPO AGULHA: C/ AGULHA 22 G X 1", TIPO BICO: BICO CENTRAL LUER LOCK OU SLIP, TIPO VEDAÇÃO: ÊMBOLO DE BORRACHA;UN;15000,0000;0,2600;3900,0000;0,0000;31/12/2026
HOSPITAL ESTADUAL TELECILA FREITAS FONTES /RN;932126;612;Material;932126-8/2026;Materiais e insumos médico-hospitalares;Catálogo do Compras.gov.br;Material;6515;INSTRUMENTOS, EQUIPAMENTOS E SUPRIMENTOS MÉDICOS  E  CIRÚRGICOS;17428;SERINGA;439688;ADICIONAL: GRADUADA, NUMERADA, APRESENTAÇÃO: EMBALAGEM INDIVIDUAL, CAPACIDADE: 5, ESTERILIDADE: ESTÉRIL, DESCARTÁVEL, MATERIAL: POLIPROPILENO, TIPO AGULHA: C/ AGULHA 22 G X 1", TIPO BICO: BICO CENTRAL LUER LOCK OU SLIP, TIPO VEDAÇÃO: ÊMBOLO DE BORRACHA;UN;24000,0000;0,3100;7440,0000;0,0000;31/12/2026
HOSPITAL ESTADUAL TELECILA FREITAS FONTES /RN;932126;613;Material;932126-8/2026;Materiais e insumos médico-hospitalares;Catálogo do Compras.gov.br;Material;6515;INSTRUMENTOS, EQUIPAMENTOS E SUPRIMENTOS MÉDICOS  E  CIRÚRGICOS;17428;SERINGA;439702;ADICIONAL: GRADUADA, NUMERADA, APRESENTAÇÃO: EMBALAGEM INDIVIDUAL, CAPACIDADE: 10, ESTERILIDADE: ESTÉRIL, DESCARTÁVEL, MATERIAL: POLIPROPILENO, TIPO AGULHA: C/ AGULHA 22 G X 1", TIPO BICO: BICO CENTRAL LUER LOCK OU SLIP, TIPO VEDAÇÃO: ÊMBOLO DE BORRACHA;UN;39000,0000;0,5000;19500,0000;0,0000;31/12/2026
HOSPITAL ESTADUAL TELECILA FREITAS FONTES /RN;932126;614;Material;932126-8/2026;Materiais e insumos médico-hospitalares;Catálogo do Compras.gov.br;Material;6515;INSTRUMENTOS, EQUIPAMENTOS E SUPRIMENTOS MÉDICOS  E  CIRÚRGICOS;17428;SERINGA;439710;ADICIONAL: GRADUADA, NUMERADA, APRESENTAÇÃO: EMBALAGEM INDIVIDUAL, CAPACIDADE: 20, ESTERILIDADE: ESTÉRIL, DESCARTÁVEL, MATERIAL: POLIPROPILENO, TIPO AGULHA: C/ AGULHA 22 G X 1", TIPO BICO: BICO CENTRAL LUER LOCK OU SLIP, TIPO VEDAÇÃO: ÊMBOLO DE BORRACHA;UN;24000,0000;0,4200;10080,0000;0,0000;31/12/2026
HOSPITAL ESTADUAL TELECILA FREITAS FONTES /RN;932126;615;Material;932126-8/2026;Materiais e insumos médico-hospitalares;Catálogo do Compras.gov.br;Material;6515;INSTRUMENTOS, EQUIPAMENTOS E SUPRIMENTOS MÉDICOS  E  CIRÚRGICOS;9539;SISTEMA FECHADO ASPIRAÇÃO TRAQUEAL;454394;APLICAÇÃO: P/ TUBO ENDOTRAQUEAL, CONECTOR: CONECTORES PADRÃO, EMBALAGEM: EMBALAGEM INDIVIDUAL, ESTERILIDADE: ESTÉRIL, USO ÚNICO, TAMANHO: 10 FR, TIPO SONDA: SONDA GRADUADA E PROTEGIDA, VIAS: VIA IRRIGAÇÃO ANTIRREFLUXO, VÁLVULA SUCÇÃO: VÁLVULA SUCÇÃO C/ TAMPA E TRAVA DE SEGURANÇA;UN;30,0000;38,9100;1167,3000;0,0000;31/12/2026
HOSPITAL ESTADUAL TELECILA FREITAS FONTES /RN;932126;616;Material;932126-8/2026;Materiais e insumos médico-hospitalares;Catálogo do Compras.gov.br;Material;6515;INSTRUMENTOS, EQUIPAMENTOS E SUPRIMENTOS MÉDICOS  E  CIRÚRGICOS;9539;SISTEMA FECHADO ASPIRAÇÃO TRAQUEAL;454395;APLICAÇÃO: P/ TUBO ENDOTRAQUEAL, CONECTOR: CONECTORES PADRÃO, EMBALAGEM: EMBALAGEM INDIVIDUAL, ESTERILIDADE: ESTÉRIL, USO ÚNICO, TAMANHO: 12 FR, TIPO SONDA: SONDA GRADUADA E PROTEGIDA, VIAS: VIA IRRIGAÇÃO ANTIRREFLUXO, VÁLVULA SUCÇÃO: VÁLVULA SUCÇÃO C/ TAMPA E TRAVA DE SEGURANÇA;UN;60,0000;29,0000;1740,0000;0,0000;31/12/2026
HOSPITAL ESTADUAL TELECILA FREITAS FONTES /RN;932126;617;Material;932126-8/2026;Materiais e insumos médico-hospitalares;Catálogo do Compras.gov.br;Material;6515;INSTRUMENTOS, EQUIPAMENTOS E SUPRIMENTOS MÉDICOS  E  CIRÚRGICOS;9539;SISTEMA FECHADO ASPIRAÇÃO TRAQUEAL;454392;APLICAÇÃO: P/ TUBO ENDOTRAQUEAL, CONECTOR: CONECTORES PADRÃO, EMBALAGEM: EMBALAGEM INDIVIDUAL, ESTERILIDADE: ESTÉRIL, USO ÚNICO, TAMANHO: 14 FR, TIPO SONDA: SONDA GRADUADA E PROTEGIDA, VIAS: VIA IRRIGAÇÃO ANTIRREFLUXO, VÁLVULA SUCÇÃO: VÁLVULA SUCÇÃO C/ TAMPA E TRAVA DE SEGURANÇA;UN;30,0000;19,0000;570,0000;0,0000;31/12/2026
HOSPITAL ESTADUAL TELECILA FREITAS FONTES /RN;932126;618;Material;932126-8/2026;Materiais e insumos médico-hospitalares;Catálogo do Compras.gov.br;Material;6515;INSTRUMENTOS, EQUIPAMENTOS E SUPRIMENTOS MÉDICOS  E  CIRÚRGICOS;2639;SONDA TRATO URINÁRIO;436009;CALIBRE: 12, COMPONENTES: C/ ORIFÍCIOS LATERAIS, CONECTOR: CONECTORES PADRÃO, EMBALAGEM: EMBALAGEM INDIVIDUAL, ESTERILIDADE: ESTÉRIL, DESCARTÁVEL, MATERIAL: BORRACHA, MODELO: FOLEY, TIPO PONTA: PONTA DISTAL CILÍNDRICA FECHADA, VIAS: 2 VIAS, VOLUME: C/ BALÃO CERCA 30;UN;15,0000;2,9000;43,5000;0,0000;31/12/2026
HOSPITAL ESTADUAL TELECILA FREITAS FONTES /RN;932126;619;Material;932126-8/2026;Materiais e insumos médico-hospitalares;Catálogo do Compras.gov.br;Material;6515;INSTRUMENTOS, EQUIPAMENTOS E SUPRIMENTOS MÉDICOS  E  CIRÚRGICOS;2639;SONDA TRATO URINÁRIO;436002;CALIBRE: 14, COMPONENTES: C/ ORIFÍCIOS LATERAIS, CONECTOR: CONECTORES PADRÃO, EMBALAGEM: EMBALAGEM INDIVIDUAL, ESTERILIDADE: ESTÉRIL, DESCARTÁVEL, MATERIAL: BORRACHA, MODELO: FOLEY, TIPO PONTA: PONTA DISTAL CILÍNDRICA FECHADA, VIAS: 2 VIAS, VOLUME: C/ BALÃO CERCA 30;UN;180,0000;2,4800;446,4000;0,0000;31/12/2026
HOSPITAL ESTADUAL TELECILA FREITAS FONTES /RN;932126;620;Material;932126-8/2026;Materiais e insumos médico-hospitalares;Catálogo do Compras.gov.br;Material;6515;INSTRUMENTOS, EQUIPAMENTOS E SUPRIMENTOS MÉDICOS  E  CIRÚRGICOS;2639;SONDA TRATO URINÁRIO;436007;CALIBRE: 16, COMPONENTES: C/ ORIFÍCIOS LATERAIS, CONECTOR: CONECTORES PADRÃO, EMBALAGEM: EMBALAGEM INDIVIDUAL, ESTERILIDADE: ESTÉRIL, DESCARTÁVEL, MATERIAL: BORRACHA, MODELO: FOLEY, TIPO PONTA: PONTA DISTAL CILÍNDRICA FECHADA, VIAS: 2 VIAS, VOLUME: C/ BALÃO CERCA 30;UN;210,0000;2,5900;543,9000;0,0000;31/12/2026
HOSPITAL ESTADUAL TELECILA FREITAS FONTES /RN;932126;621;Material;932126-8/2026;Materiais e insumos médico-hospitalares;Catálogo do Compras.gov.br;Material;6515;INSTRUMENTOS, EQUIPAMENTOS E SUPRIMENTOS MÉDICOS  E  CIRÚRGICOS;2639;SONDA TRATO URINÁRIO;436003;CALIBRE: 18, COMPONENTES: C/ ORIFÍCIOS LATERAIS, CONECTOR: CONECTORES PADRÃO, EMBALAGEM: EMBALAGEM INDIVIDUAL, ESTERILIDADE: ESTÉRIL, DESCARTÁVEL, MATERIAL: BORRACHA, MODELO: FOLEY, TIPO PONTA: PONTA DISTAL CILÍNDRICA FECHADA, VIAS: 2 VIAS, VOLUME: C/ BALÃO CERCA 30;UN;150,0000;2,3400;351,0000;0,0000;31/12/2026
HOSPITAL ESTADUAL TELECILA FREITAS FONTES /RN;932126;622;Material;932126-8/2026;Materiais e insumos médico-hospitalares;Catálogo do Compras.gov.br;Material;6515;INSTRUMENTOS, EQUIPAMENTOS E SUPRIMENTOS MÉDICOS  E  CIRÚRGICOS;2639;SONDA TRATO URINÁRIO;436010;CALIBRE: 20, COMPONENTES: C/ ORIFÍCIOS LATERAIS, CONECTOR: CONECTORES PADRÃO, EMBALAGEM: EMBALAGEM INDIVIDUAL, ESTERILIDADE: ESTÉRIL, DESCARTÁVEL, MATERIAL: BORRACHA, MODELO: FOLEY, TIPO PONTA: PONTA DISTAL CILÍNDRICA FECHADA, VIAS: 2 VIAS, VOLUME: C/ BALÃO CERCA 30;UN;60,0000;2,2900;137,4000;0,0000;31/12/2026
HOSPITAL ESTADUAL TELECILA FREITAS FONTES /RN;932126;623;Material;932126-8/2026;Materiais e insumos médico-hospitalares;Catálogo do Compras.gov.br;Material;6515;INSTRUMENTOS, EQUIPAMENTOS E SUPRIMENTOS MÉDICOS  E  CIRÚRGICOS;2639;SONDA TRATO URINÁRIO;436004;CALIBRE: 22, COMPONENTES: C/ ORIFÍCIOS LATERAIS, CONECTOR: CONECTORES PADRÃO, EMBALAGEM: EMBALAGEM INDIVIDUAL, ESTERILIDADE: ESTÉRIL, DESCARTÁVEL, MATERIAL: BORRACHA, MODELO: FOLEY, TIPO PONTA: PONTA DISTAL CILÍNDRICA FECHADA, VIAS: 2 VIAS, VOLUME: C/ BALÃO CERCA 30;UN;30,0000;2,9000;87,0000;0,0000;31/12/2026
HOSPITAL ESTADUAL TELECILA FREITAS FONTES /RN;932126;624;Material;932126-8/2026;Materiais e insumos médico-hospitalares;Catálogo do Compras.gov.br;Material;6515;INSTRUMENTOS, EQUIPAMENTOS E SUPRIMENTOS MÉDICOS  E  CIRÚRGICOS;2639;SONDA TRATO URINÁRIO;436006;CALIBRE: 24, COMPONENTES: C/ ORIFÍCIOS LATERAIS, CONECTOR: CONECTORES PADRÃO, EMBALAGEM: EMBALAGEM INDIVIDUAL, ESTERILIDADE: ESTÉRIL, DESCARTÁVEL, MATERIAL: BORRACHA, MODELO: FOLEY, TIPO PONTA: PONTA DISTAL CILÍNDRICA FECHADA, VIAS: 2 VIAS, VOLUME: C/ BALÃO CERCA 30;UN;15,0000;2,7900;41,8500;0,0000;31/12/2026
HOSPITAL ESTADUAL TELECILA FREITAS FONTES /RN;932126;625;Material;932126-8/2026;Materiais e insumos médico-hospitalares;Catálogo do Compras.gov.br;Material;6515;INSTRUMENTOS, EQUIPAMENTOS E SUPRIMENTOS MÉDICOS  E  CIRÚRGICOS;2639;SONDA TRATO URINÁRIO;436008;CALIBRE: 10, COMPONENTES: C/ ORIFÍCIOS LATERAIS, CONECTOR: CONECTORES PADRÃO, EMBALAGEM: EMBALAGEM INDIVIDUAL, ESTERILIDADE: ESTÉRIL, DESCARTÁVEL, MATERIAL: BORRACHA, MODELO: FOLEY, TIPO PONTA: PONTA DISTAL CILÍNDRICA FECHADA, VIAS: 2 VIAS, VOLUME: C/ BALÃO CERCA 30;UN;6,0000;4,2300;25,3800;0,0000;31/12/2026
HOSPITAL ESTADUAL TELECILA FREITAS FONTES /RN;932126;626;Material;932126-8/2026;Materiais e insumos médico-hospitalares;Catálogo do Compras.gov.br;Material;6515;INSTRUMENTOS, EQUIPAMENTOS E SUPRIMENTOS MÉDICOS  E  CIRÚRGICOS;2639;SONDA TRATO URINÁRIO;436014;CALIBRE: 24, COMPONENTES: C/ ORIFÍCIOS LATERAIS, CONECTOR: CONECTORES PADRÃO, EMBALAGEM: EMBALAGEM INDIVIDUAL, ESTERILIDADE: ESTÉRIL, DESCARTÁVEL, MATERIAL: BORRACHA, MODELO: FOLEY, TIPO PONTA: PONTA DISTAL CILÍNDRICA FECHADA, VIAS: 3 VIAS, VOLUME: C/ BALÃO CERCA 30;UN;15,0000;3,7700;56,5500;0,0000;31/12/2026
HOSPITAL ESTADUAL TELECILA FREITAS FONTES /RN;932126;627;Material;932126-8/2026;Materiais e insumos médico-hospitalares;Catálogo do Compras.gov.br;Material;6515;INSTRUMENTOS, EQUIPAMENTOS E SUPRIMENTOS MÉDICOS  E  CIRÚRGICOS;18229;SONDA TRATO DIGESTIVO;435900;ADICIONAIS: RADIOPACA, APLICAÇÃO: NASOENTERAL, CALIBRE: Nº 8, COMPONENTES: PONTA DISTAL FECHADA, C/ ORIFÍCIOS LATERAIS, COMPRIMENTO: CERCA 100, CONECTOR: CONECTOR EM Y C/ TAMPA, EMBALAGEM: EMBALAGEM INDIVIDUAL, ESTERILIDADE: ESTÉRIL, DESCARTÁVEL, GRADUAÇÃO: GRADUADA, MATERIAL: SILICONE, OUTROS COMPONENTES: C/ FIO GUIA, PESO METÁLICO;UN;30,0000;9,6000;288,0000;0,0000;31/12/2026
HOSPITAL ESTADUAL TELECILA FREITAS FONTES /RN;932126;628;Material;932126-8/2026;Materiais e insumos médico-hospitalares;Catálogo do Compras.gov.br;Material;6515;INSTRUMENTOS, EQUIPAMENTOS E SUPRIMENTOS MÉDICOS  E  CIRÚRGICOS;18229;SONDA TRATO DIGESTIVO;435902;ADICIONAIS: RADIOPACA, APLICAÇÃO: NASOENTERAL, CALIBRE: Nº 12, COMPONENTES: PONTA DISTAL FECHADA, C/ ORIFÍCIOS LATERAIS, COMPRIMENTO: CERCA 120, CONECTOR: CONECTOR EM Y C/ TAMPA, EMBALAGEM: EMBALAGEM INDIVIDUAL, ESTERILIDADE: ESTÉRIL, DESCARTÁVEL, GRADUAÇÃO: GRADUADA, MATERIAL: POLIURETANO, OUTROS COMPONENTES: C/ FIO GUIA, PESO METÁLICO;UN;300,0000;8,9700;2691,0000;0,0000;31/12/2026
HOSPITAL ESTADUAL TELECILA FREITAS FONTES /RN;932126;629;Material;932126-8/2026;Materiais e insumos médico-hospitalares;Catálogo do Compras.gov.br;Material;6515;INSTRUMENTOS, EQUIPAMENTOS E SUPRIMENTOS MÉDICOS  E  CIRÚRGICOS;18229;SONDA TRATO DIGESTIVO;438981;APLICAÇÃO: ORO OU NASOGÁSTRICA, CALIBRE: Nº 6, COMPONENTES: PONTA DISTAL FECHADA, C/ ORIFÍCIOS LATERAIS, COMPRIMENTO: CERCA 100, CONECTOR: CONECTOR PADRÃO C/ TAMPA, EMBALAGEM: EMBALAGEM INDIVIDUAL, ESTERILIDADE: ESTÉRIL, DESCARTÁVEL, MATERIAL: SILICONE, MODELO: LEVINE, TAMANHO: LONGA;UN;9,0000;0,5300;4,7700;0,0000;31/12/2026
HOSPITAL ESTADUAL TELECILA FREITAS FONTES /RN;932126;630;Material;932126-8/2026;Materiais e insumos médico-hospitalares;Catálogo do Compras.gov.br;Material;6515;INSTRUMENTOS, EQUIPAMENTOS E SUPRIMENTOS MÉDICOS  E  CIRÚRGICOS;18229;SONDA TRATO DIGESTIVO;438982;APLICAÇÃO: ORO OU NASOGÁSTRICA, CALIBRE: Nº 8, COMPONENTES: PONTA DISTAL FECHADA, C/ ORIFÍCIOS LATERAIS, COMPRIMENTO: CERCA 100, CONECTOR: CONECTOR PADRÃO C/ TAMPA, EMBALAGEM: EMBALAGEM INDIVIDUAL, ESTERILIDADE: ESTÉRIL, DESCARTÁVEL, MATERIAL: SILICONE, MODELO: LEVINE, TAMANHO: LONGA;UN;9,0000;0,5900;5,3100;0,0000;31/12/2026
HOSPITAL ESTADUAL TELECILA FREITAS FONTES /RN;932126;631;Material;932126-8/2026;Materiais e insumos médico-hospitalares;Catálogo do Compras.gov.br;Material;6515;INSTRUMENTOS, EQUIPAMENTOS E SUPRIMENTOS MÉDICOS  E  CIRÚRGICOS;18229;SONDA TRATO DIGESTIVO;438983;APLICAÇÃO: ORO OU NASOGÁSTRICA, CALIBRE: Nº 10, COMPONENTES: PONTA DISTAL FECHADA, C/ ORIFÍCIOS LATERAIS, COMPRIMENTO: CERCA 120, CONECTOR: CONECTOR PADRÃO C/ TAMPA, EMBALAGEM: EMBALAGEM INDIVIDUAL, ESTERILIDADE: ESTÉRIL, DESCARTÁVEL, MATERIAL: SILICONE, MODELO: LEVINE, TAMANHO: LONGA;UN;9,0000;0,5900;5,3100;0,0000;31/12/2026
HOSPITAL ESTADUAL TELECILA FREITAS FONTES /RN;932126;632;Material;932126-8/2026;Materiais e insumos médico-hospitalares;Catálogo do Compras.gov.br;Material;6515;INSTRUMENTOS, EQUIPAMENTOS E SUPRIMENTOS MÉDICOS  E  CIRÚRGICOS;18229;SONDA TRATO DIGESTIVO;438984;APLICAÇÃO: ORO OU NASOGÁSTRICA, CALIBRE: Nº 12, COMPONENTES: PONTA DISTAL FECHADA, C/ ORIFÍCIOS LATERAIS, COMPRIMENTO: CERCA 120, CONECTOR: CONECTOR PADRÃO C/ TAMPA, EMBALAGEM: EMBALAGEM INDIVIDUAL, ESTERILIDADE: ESTÉRIL, DESCARTÁVEL, MATERIAL: SILICONE, MODELO: LEVINE, TAMANHO: LONGA;UN;120,0000;0,9700;116,4000;0,0000;31/12/2026
HOSPITAL ESTADUAL TELECILA FREITAS FONTES /RN;932126;633;Material;932126-8/2026;Materiais e insumos médico-hospitalares;Catálogo do Compras.gov.br;Material;6515;INSTRUMENTOS, EQUIPAMENTOS E SUPRIMENTOS MÉDICOS  E  CIRÚRGICOS;18229;SONDA TRATO DIGESTIVO;438985;APLICAÇÃO: ORO OU NASOGÁSTRICA, CALIBRE: Nº 14, COMPONENTES: PONTA DISTAL FECHADA, C/ ORIFÍCIOS LATERAIS, COMPRIMENTO: CERCA 120, CONECTOR: CONECTOR PADRÃO C/ TAMPA, EMBALAGEM: EMBALAGEM INDIVIDUAL, ESTERILIDADE: ESTÉRIL, DESCARTÁVEL, MATERIAL: SILICONE, MODELO: LEVINE, TAMANHO: LONGA;UN;90,0000;1,0500;94,5000;0,0000;31/12/2026
HOSPITAL ESTADUAL TELECILA FREITAS FONTES /RN;932126;634;Material;932126-8/2026;Materiais e insumos médico-hospitalares;Catálogo do Compras.gov.br;Material;6515;INSTRUMENTOS, EQUIPAMENTOS E SUPRIMENTOS MÉDICOS  E  CIRÚRGICOS;18229;SONDA TRATO DIGESTIVO;438986;APLICAÇÃO: ORO OU NASOGÁSTRICA, CALIBRE: Nº 16, COMPONENTES: PONTA DISTAL FECHADA, C/ ORIFÍCIOS LATERAIS, COMPRIMENTO: CERCA 120, CONECTOR: CONECTOR PADRÃO C/ TAMPA, EMBALAGEM: EMBALAGEM INDIVIDUAL, ESTERILIDADE: ESTÉRIL, DESCARTÁVEL, MATERIAL: SILICONE, MODELO: LEVINE, TAMANHO: LONGA;UN;90,0000;0,9100;81,9000;0,0000;31/12/2026
HOSPITAL ESTADUAL TELECILA FREITAS FONTES /RN;932126;635;Material;932126-8/2026;Materiais e insumos médico-hospitalares;Catálogo do Compras.gov.br;Material;6515;INSTRUMENTOS, EQUIPAMENTOS E SUPRIMENTOS MÉDICOS  E  CIRÚRGICOS;18229;SONDA TRATO DIGESTIVO;438987;APLICAÇÃO: ORO OU NASOGÁSTRICA, CALIBRE: Nº 18, COMPONENTES: PONTA DISTAL FECHADA, C/ ORIFÍCIOS LATERAIS, COMPRIMENTO: CERCA 120, CONECTOR: CONECTOR PADRÃO C/ TAMPA, EMBALAGEM: EMBALAGEM INDIVIDUAL, ESTERILIDADE: ESTÉRIL, DESCARTÁVEL, MATERIAL: SILICONE, MODELO: LEVINE, TAMANHO: LONGA;UN;30,0000;1,2300;36,9000;0,0000;31/12/2026
HOSPITAL ESTADUAL TELECILA FREITAS FONTES /RN;932126;636;Material;932126-8/2026;Materiais e insumos médico-hospitalares;Catálogo do Compras.gov.br;Material;6515;INSTRUMENTOS, EQUIPAMENTOS E SUPRIMENTOS MÉDICOS  E  CIRÚRGICOS;18229;SONDA TRATO DIGESTIVO;438951;APLICAÇÃO: ORO OU NASOGÁSTRICA, CALIBRE: Nº 20, COMPONENTES: PONTA DISTAL FECHADA, C/ ORIFÍCIOS LATERAIS, COMPRIMENTO: CERCA 50, CONECTOR: CONECTOR PADRÃO C/ TAMPA, EMBALAGEM: EMBALAGEM INDIVIDUAL, ESTERILIDADE: ESTÉRIL, DESCARTÁVEL, MATERIAL: SILICONE, MODELO: LEVINE, TAMANHO: CURTA;UN;30,0000;1,3900;41,7000;0,0000;31/12/2026
HOSPITAL ESTADUAL TELECILA FREITAS FONTES /RN;932126;1317;Material;932126-5/2026;Gêneros alimentícios;Catálogo do Compras.gov.br;Material;8915;FRUTAS, VERDURAS E LEGUMES;19772;LEGUME IN NATURA;463778;TIPO: CHUCHU VERDE;KG;240,0000;1,3000;312,0000;0,0000;31/12/2026
HOSPITAL ESTADUAL TELECILA FREITAS FONTES /RN;932126;637;Material;932126-8/2026;Materiais e insumos médico-hospitalares;Catálogo do Compras.gov.br;Material;6515;INSTRUMENTOS, EQUIPAMENTOS E SUPRIMENTOS MÉDICOS  E  CIRÚRGICOS;2639;SONDA TRATO URINÁRIO;618920;CALIBRE: 4, COMPONENTES: C/ ORIFÍCIOS LATERAIS, COMPRIMENTO: CERCA 40, CONECTOR: CONECTOR PADRÃO C/ TAMPA, EMBALAGEM: EMBALAGEM INDIVIDUAL, ESTERILIDADE: ESTÉRIL, DESCARTÁVEL, MATERIAL: PVC, MODELO: URETRAL, TIPO PONTA: PONTA DISTAL CILÍNDRICA FECHADA;UN;15,0000;0,5200;7,8000;0,0000;31/12/2026
HOSPITAL ESTADUAL TELECILA FREITAS FONTES /RN;932126;638;Material;932126-8/2026;Materiais e insumos médico-hospitalares;Catálogo do Compras.gov.br;Material;6515;INSTRUMENTOS, EQUIPAMENTOS E SUPRIMENTOS MÉDICOS  E  CIRÚRGICOS;2639;SONDA TRATO URINÁRIO;618921;CALIBRE: 6, COMPONENTES: C/ ORIFÍCIOS LATERAIS, COMPRIMENTO: CERCA 40, CONECTOR: CONECTOR PADRÃO C/ TAMPA, EMBALAGEM: EMBALAGEM INDIVIDUAL, ESTERILIDADE: ESTÉRIL, DESCARTÁVEL, MATERIAL: PVC, MODELO: URETRAL, TIPO PONTA: PONTA DISTAL CILÍNDRICA FECHADA;UN;15,0000;0,4500;6,7500;0,0000;31/12/2026
HOSPITAL ESTADUAL TELECILA FREITAS FONTES /RN;932126;639;Material;932126-8/2026;Materiais e insumos médico-hospitalares;Catálogo do Compras.gov.br;Material;6515;INSTRUMENTOS, EQUIPAMENTOS E SUPRIMENTOS MÉDICOS  E  CIRÚRGICOS;2639;SONDA TRATO URINÁRIO;438409;CALIBRE: 8, COMPONENTES: C/ ORIFÍCIOS LATERAIS, COMPRIMENTO: CERCA 40, CONECTOR: CONECTOR PADRÃO C/ TAMPA, EMBALAGEM: EMBALAGEM INDIVIDUAL, ESTERILIDADE: ESTÉRIL, DESCARTÁVEL, MATERIAL: PVC, MODELO: URETRAL, TIPO PONTA: PONTA DISTAL CILÍNDRICA FECHADA;UN;30,0000;0,5000;15,0000;0,0000;31/12/2026
HOSPITAL ESTADUAL TELECILA FREITAS FONTES /RN;932126;640;Material;932126-8/2026;Materiais e insumos médico-hospitalares;Catálogo do Compras.gov.br;Material;6515;INSTRUMENTOS, EQUIPAMENTOS E SUPRIMENTOS MÉDICOS  E  CIRÚRGICOS;2639;SONDA TRATO URINÁRIO;436042;CALIBRE: 10, COMPONENTES: C/ ORIFÍCIOS LATERAIS, COMPRIMENTO: CERCA 40, CONECTOR: CONECTOR PADRÃO C/ TAMPA, EMBALAGEM: EMBALAGEM INDIVIDUAL, ESTERILIDADE: ESTÉRIL, DESCARTÁVEL, MATERIAL: PVC, MODELO: URETRAL, TIPO PONTA: PONTA DISTAL CILÍNDRICA FECHADA;UN;30,0000;0,6000;18,0000;0,0000;31/12/2026
HOSPITAL ESTADUAL TELECILA FREITAS FONTES /RN;932126;641;Material;932126-8/2026;Materiais e insumos médico-hospitalares;Catálogo do Compras.gov.br;Material;6515;INSTRUMENTOS, EQUIPAMENTOS E SUPRIMENTOS MÉDICOS  E  CIRÚRGICOS;2639;SONDA TRATO URINÁRIO;435986;CALIBRE: 12, COMPONENTES: C/ ORIFÍCIOS LATERAIS, COMPRIMENTO: CERCA 40, CONECTOR: CONECTOR PADRÃO C/ TAMPA, EMBALAGEM: EMBALAGEM INDIVIDUAL, ESTERILIDADE: ESTÉRIL, DESCARTÁVEL, MATERIAL: PVC, MODELO: URETRAL, TIPO PONTA: PONTA DISTAL CILÍNDRICA FECHADA;UN;240,0000;0,5800;139,2000;0,0000;31/12/2026
HOSPITAL ESTADUAL TELECILA FREITAS FONTES /RN;932126;642;Material;932126-8/2026;Materiais e insumos médico-hospitalares;Catálogo do Compras.gov.br;Material;6515;INSTRUMENTOS, EQUIPAMENTOS E SUPRIMENTOS MÉDICOS  E  CIRÚRGICOS;2639;SONDA TRATO URINÁRIO;435982;CALIBRE: 14, COMPONENTES: C/ ORIFÍCIOS LATERAIS, COMPRIMENTO: CERCA 40, CONECTOR: CONECTOR PADRÃO C/ TAMPA, EMBALAGEM: EMBALAGEM INDIVIDUAL, ESTERILIDADE: ESTÉRIL, DESCARTÁVEL, MATERIAL: PVC, MODELO: URETRAL, TIPO PONTA: PONTA DISTAL CILÍNDRICA FECHADA;UN;150,0000;0,5500;82,5000;0,0000;31/12/2026
HOSPITAL ESTADUAL TELECILA FREITAS FONTES /RN;932126;643;Material;932126-8/2026;Materiais e insumos médico-hospitalares;Catálogo do Compras.gov.br;Material;6515;INSTRUMENTOS, EQUIPAMENTOS E SUPRIMENTOS MÉDICOS  E  CIRÚRGICOS;2639;SONDA TRATO URINÁRIO;435985;CALIBRE: 16, COMPONENTES: C/ ORIFÍCIOS LATERAIS, COMPRIMENTO: CERCA 40, CONECTOR: CONECTOR PADRÃO C/ TAMPA, EMBALAGEM: EMBALAGEM INDIVIDUAL, ESTERILIDADE: ESTÉRIL, DESCARTÁVEL, MATERIAL: PVC, MODELO: URETRAL, TIPO PONTA: PONTA DISTAL CILÍNDRICA FECHADA;UN;150,0000;0,5000;75,0000;0,0000;31/12/2026
HOSPITAL ESTADUAL TELECILA FREITAS FONTES /RN;932126;644;Material;932126-8/2026;Materiais e insumos médico-hospitalares;Catálogo do Compras.gov.br;Material;6515;INSTRUMENTOS, EQUIPAMENTOS E SUPRIMENTOS MÉDICOS  E  CIRÚRGICOS;2205;TELA CIRÚRGICA;435028;APLICAÇÃO: NÃO ABSORVÍVEL, DIMENSÕES: CERCA DE 15 X 15, ESTERILIDADE: ESTÉRIL, MATERIAL: MONOFILAMENTO DE POLIPROPILENO, MODELO: IMPLANTÁVEL, TIPO USO: USO ÚNICO;UN;6,0000;18,0000;108,0000;0,0000;31/12/2026
HOSPITAL ESTADUAL TELECILA FREITAS FONTES /RN;932126;645;Material;932126-8/2026;Materiais e insumos médico-hospitalares;Catálogo do Compras.gov.br;Material;6515;INSTRUMENTOS, EQUIPAMENTOS E SUPRIMENTOS MÉDICOS  E  CIRÚRGICOS;2205;TELA CIRÚRGICA;435030;APLICAÇÃO: NÃO ABSORVÍVEL, DIMENSÕES: CERCA DE 30 X 30, ESTERILIDADE: ESTÉRIL, MATERIAL: MONOFILAMENTO DE POLIPROPILENO, MODELO: IMPLANTÁVEL, TIPO USO: USO ÚNICO;UN;6,0000;77,3300;463,9800;0,0000;31/12/2026
HOSPITAL ESTADUAL TELECILA FREITAS FONTES /RN;932126;646;Material;932126-8/2026;Materiais e insumos médico-hospitalares;Catálogo do Compras.gov.br;Material;6515;INSTRUMENTOS, EQUIPAMENTOS E SUPRIMENTOS MÉDICOS  E  CIRÚRGICOS;12668;TERMÔMETRO;257216;APLICAÇÃO: HOSPITALAR, CARACTERÍSTICAS ADICIONAIS: PARTE DETECTORA TEMPERATURA EM INOX, FAIXA MEDIÇÃO TEMPERATURA: 0 A +50°C, MATERIAL: PLÁSTICO, TIPO: DIGITAL, COMPRIMENTO: 120, LARGURA: 17,5, ESPESSURA: 8,5;UN;18,0000;9,1400;164,5200;0,0000;31/12/2026
HOSPITAL ESTADUAL TELECILA FREITAS FONTES /RN;932126;647;Material;932126-8/2026;Materiais e insumos médico-hospitalares;Catálogo do Compras.gov.br;Material;6532;VESTUÁRIO HOSPITALAR E CIRÚRGICO E ITENS CORRELATOS DE  FINALIDADES ESPECIAIS;12848;TOUCA;332930;CARACTERÍSTICAS ADICIONAIS: TAMANHO ÚNICO COM ELÁSTICO, COR: BRANCA, MATERIAL: POLIPROPILENO, TIPO: DESCARTÁVEL;UN;18000,0000;0,1100;1980,0000;0,0000;31/12/2026
HOSPITAL ESTADUAL TELECILA FREITAS FONTES /RN;932126;648;Material;932126-8/2026;Materiais e insumos médico-hospitalares;Catálogo do Compras.gov.br;Material;6515;INSTRUMENTOS, EQUIPAMENTOS E SUPRIMENTOS MÉDICOS  E  CIRÚRGICOS;2224;TUBO ENDOTRAQUEAL;451193;CALIBRE: 2,5, COMPONENTE 2: RADIOPACO, GRADUADO, ESTERILIDADE: ESTÉRIL, USO ÚNICO, MATERIAL: PVC, MODELO: CURVA MAGILL, TIPO CONECTOR: CONECTOR PADRÃO, TIPO PONTA: C/ PONTA DISTAL ATRAUMÁTICA;UN;2,0000;4,3500;8,7000;0,0000;31/12/2026
HOSPITAL ESTADUAL TELECILA FREITAS FONTES /RN;932126;649;Material;932126-8/2026;Materiais e insumos médico-hospitalares;Catálogo do Compras.gov.br;Material;6515;INSTRUMENTOS, EQUIPAMENTOS E SUPRIMENTOS MÉDICOS  E  CIRÚRGICOS;2224;TUBO ENDOTRAQUEAL;451191;CALIBRE: 3,0, COMPONENTE 2: RADIOPACO, GRADUADO, ESTERILIDADE: ESTÉRIL, USO ÚNICO, MATERIAL: PVC, MODELO: CURVA MAGILL, TIPO CONECTOR: CONECTOR PADRÃO, TIPO PONTA: C/ PONTA DISTAL ATRAUMÁTICA;UN;2,0000;4,8400;9,6800;0,0000;31/12/2026
HOSPITAL ESTADUAL TELECILA FREITAS FONTES /RN;932126;650;Material;932126-8/2026;Materiais e insumos médico-hospitalares;Catálogo do Compras.gov.br;Material;6515;INSTRUMENTOS, EQUIPAMENTOS E SUPRIMENTOS MÉDICOS  E  CIRÚRGICOS;2224;TUBO ENDOTRAQUEAL;451197;CALIBRE: 3,5, COMPONENTE 2: RADIOPACO, GRADUADO, ESTERILIDADE: ESTÉRIL, USO ÚNICO, MATERIAL: PVC, MODELO: CURVA MAGILL, TIPO CONECTOR: CONECTOR PADRÃO, TIPO PONTA: C/ PONTA DISTAL ATRAUMÁTICA;UN;2,0000;4,3500;8,7000;0,0000;31/12/2026
HOSPITAL ESTADUAL TELECILA FREITAS FONTES /RN;932126;651;Material;932126-8/2026;Materiais e insumos médico-hospitalares;Catálogo do Compras.gov.br;Material;6515;INSTRUMENTOS, EQUIPAMENTOS E SUPRIMENTOS MÉDICOS  E  CIRÚRGICOS;2224;TUBO ENDOTRAQUEAL;451198;CALIBRE: 4,0, COMPONENTE 2: RADIOPACO, GRADUADO, ESTERILIDADE: ESTÉRIL, USO ÚNICO, MATERIAL: PVC, MODELO: CURVA MAGILL, TIPO CONECTOR: CONECTOR PADRÃO, TIPO PONTA: C/ PONTA DISTAL ATRAUMÁTICA;UN;2,0000;4,3500;8,7000;0,0000;31/12/2026
HOSPITAL ESTADUAL TELECILA FREITAS FONTES /RN;932126;652;Material;932126-8/2026;Materiais e insumos médico-hospitalares;Catálogo do Compras.gov.br;Material;6515;INSTRUMENTOS, EQUIPAMENTOS E SUPRIMENTOS MÉDICOS  E  CIRÚRGICOS;2224;TUBO ENDOTRAQUEAL;451192;CALIBRE: 4,5, COMPONENTE 2: RADIOPACO, GRADUADO, ESTERILIDADE: ESTÉRIL, USO ÚNICO, MATERIAL: PVC, MODELO: CURVA MAGILL, TIPO CONECTOR: CONECTOR PADRÃO, TIPO PONTA: C/ PONTA DISTAL ATRAUMÁTICA;UN;2,0000;4,3500;8,7000;0,0000;31/12/2026
HOSPITAL ESTADUAL TELECILA FREITAS FONTES /RN;932126;653;Material;932126-8/2026;Materiais e insumos médico-hospitalares;Catálogo do Compras.gov.br;Material;6515;INSTRUMENTOS, EQUIPAMENTOS E SUPRIMENTOS MÉDICOS  E  CIRÚRGICOS;2224;TUBO ENDOTRAQUEAL;451196;CALIBRE: 5,0, COMPONENTE 2: RADIOPACO, GRADUADO, ESTERILIDADE: ESTÉRIL, USO ÚNICO, MATERIAL: PVC, MODELO: CURVA MAGILL, TIPO CONECTOR: CONECTOR PADRÃO, TIPO PONTA: C/ PONTA DISTAL ATRAUMÁTICA;UN;6,0000;5,0900;30,5400;0,0000;31/12/2026
HOSPITAL ESTADUAL TELECILA FREITAS FONTES /RN;932126;654;Material;932126-8/2026;Materiais e insumos médico-hospitalares;Catálogo do Compras.gov.br;Material;6515;INSTRUMENTOS, EQUIPAMENTOS E SUPRIMENTOS MÉDICOS  E  CIRÚRGICOS;2224;TUBO ENDOTRAQUEAL;451214;CALIBRE: 5,0, COMPONENTE 1: BALÃO ALTO VOLUME E BAIXA PRESSÃO, COMPONENTE 2: RADIOPACO, GRADUADO, ESTERILIDADE: ESTÉRIL, USO ÚNICO, MATERIAL: PVC, MODELO: CURVA MAGILL, TIPO CONECTOR: CONECTOR PADRÃO, TIPO PONTA: C/ PONTA DISTAL ATRAUMÁTICA;UN;3,0000;5,0900;15,2700;0,0000;31/12/2026
HOSPITAL ESTADUAL TELECILA FREITAS FONTES /RN;932126;655;Material;932126-8/2026;Materiais e insumos médico-hospitalares;Catálogo do Compras.gov.br;Material;6515;INSTRUMENTOS, EQUIPAMENTOS E SUPRIMENTOS MÉDICOS  E  CIRÚRGICOS;2224;TUBO ENDOTRAQUEAL;451202;CALIBRE: 5,5, COMPONENTE 2: RADIOPACO, GRADUADO, ESTERILIDADE: ESTÉRIL, USO ÚNICO, MATERIAL: PVC, MODELO: CURVA MAGILL, TIPO CONECTOR: CONECTOR PADRÃO, TIPO PONTA: C/ PONTA DISTAL ATRAUMÁTICA;UN;6,0000;3,0700;18,4200;0,0000;31/12/2026
HOSPITAL ESTADUAL TELECILA FREITAS FONTES /RN;932126;656;Material;932126-8/2026;Materiais e insumos médico-hospitalares;Catálogo do Compras.gov.br;Material;6515;INSTRUMENTOS, EQUIPAMENTOS E SUPRIMENTOS MÉDICOS  E  CIRÚRGICOS;2224;TUBO ENDOTRAQUEAL;451220;CALIBRE: 5,5, COMPONENTE 1: BALÃO ALTO VOLUME E BAIXA PRESSÃO, COMPONENTE 2: RADIOPACO, GRADUADO, ESTERILIDADE: ESTÉRIL, USO ÚNICO, MATERIAL: PVC, MODELO: CURVA MAGILL, TIPO CONECTOR: CONECTOR PADRÃO, TIPO PONTA: C/ PONTA DISTAL ATRAUMÁTICA;UN;3,0000;3,0700;9,2100;0,0000;31/12/2026
HOSPITAL ESTADUAL TELECILA FREITAS FONTES /RN;932126;657;Material;932126-8/2026;Materiais e insumos médico-hospitalares;Catálogo do Compras.gov.br;Material;6515;INSTRUMENTOS, EQUIPAMENTOS E SUPRIMENTOS MÉDICOS  E  CIRÚRGICOS;2224;TUBO ENDOTRAQUEAL;451221;CALIBRE: 6,0, COMPONENTE 1: BALÃO ALTO VOLUME E BAIXA PRESSÃO, COMPONENTE 2: RADIOPACO, GRADUADO, ESTERILIDADE: ESTÉRIL, USO ÚNICO, MATERIAL: PVC, MODELO: CURVA MAGILL, TIPO CONECTOR: CONECTOR PADRÃO, TIPO PONTA: C/ PONTA DISTAL ATRAUMÁTICA;UN;6,0000;4,5500;27,3000;0,0000;31/12/2026
HOSPITAL ESTADUAL TELECILA FREITAS FONTES /RN;932126;658;Material;932126-8/2026;Materiais e insumos médico-hospitalares;Catálogo do Compras.gov.br;Material;6515;INSTRUMENTOS, EQUIPAMENTOS E SUPRIMENTOS MÉDICOS  E  CIRÚRGICOS;2224;TUBO ENDOTRAQUEAL;451225;CALIBRE: 6,5, COMPONENTE 1: BALÃO ALTO VOLUME E BAIXA PRESSÃO, COMPONENTE 2: RADIOPACO, GRADUADO, ESTERILIDADE: ESTÉRIL, USO ÚNICO, MATERIAL: PVC, MODELO: CURVA MAGILL, TIPO CONECTOR: CONECTOR PADRÃO, TIPO PONTA: C/ PONTA DISTAL ATRAUMÁTICA;UN;6,0000;5,4400;32,6400;0,0000;31/12/2026
HOSPITAL ESTADUAL TELECILA FREITAS FONTES /RN;932126;659;Material;932126-8/2026;Materiais e insumos médico-hospitalares;Catálogo do Compras.gov.br;Material;6515;INSTRUMENTOS, EQUIPAMENTOS E SUPRIMENTOS MÉDICOS  E  CIRÚRGICOS;2224;TUBO ENDOTRAQUEAL;451219;CALIBRE: 7,0, COMPONENTE 1: BALÃO ALTO VOLUME E BAIXA PRESSÃO, COMPONENTE 2: RADIOPACO, GRADUADO, ESTERILIDADE: ESTÉRIL, USO ÚNICO, MATERIAL: PVC, MODELO: CURVA MAGILL, TIPO CONECTOR: CONECTOR PADRÃO, TIPO PONTA: C/ PONTA DISTAL ATRAUMÁTICA;UN;60,0000;4,3500;261,0000;0,0000;31/12/2026
HOSPITAL ESTADUAL TELECILA FREITAS FONTES /RN;932126;660;Material;932126-8/2026;Materiais e insumos médico-hospitalares;Catálogo do Compras.gov.br;Material;6515;INSTRUMENTOS, EQUIPAMENTOS E SUPRIMENTOS MÉDICOS  E  CIRÚRGICOS;2224;TUBO ENDOTRAQUEAL;451212;CALIBRE: 7,5, COMPONENTE 1: BALÃO ALTO VOLUME E BAIXA PRESSÃO, COMPONENTE 2: RADIOPACO, GRADUADO, ESTERILIDADE: ESTÉRIL, USO ÚNICO, MATERIAL: PVC, MODELO: CURVA MAGILL, TIPO CONECTOR: CONECTOR PADRÃO, TIPO PONTA: C/ PONTA DISTAL ATRAUMÁTICA;UN;90,0000;3,0700;276,3000;0,0000;31/12/2026
HOSPITAL ESTADUAL TELECILA FREITAS FONTES /RN;932126;661;Material;932126-8/2026;Materiais e insumos médico-hospitalares;Catálogo do Compras.gov.br;Material;6515;INSTRUMENTOS, EQUIPAMENTOS E SUPRIMENTOS MÉDICOS  E  CIRÚRGICOS;2224;TUBO ENDOTRAQUEAL;451227;CALIBRE: 8,0, COMPONENTE 1: BALÃO ALTO VOLUME E BAIXA PRESSÃO, COMPONENTE 2: RADIOPACO, GRADUADO, ESTERILIDADE: ESTÉRIL, USO ÚNICO, MATERIAL: PVC, MODELO: CURVA MAGILL, TIPO CONECTOR: CONECTOR PADRÃO, TIPO PONTA: C/ PONTA DISTAL ATRAUMÁTICA;UN;60,0000;4,8100;288,6000;0,0000;31/12/2026
HOSPITAL ESTADUAL TELECILA FREITAS FONTES /RN;932126;662;Material;932126-8/2026;Materiais e insumos médico-hospitalares;Catálogo do Compras.gov.br;Material;6515;INSTRUMENTOS, EQUIPAMENTOS E SUPRIMENTOS MÉDICOS  E  CIRÚRGICOS;2224;TUBO ENDOTRAQUEAL;451218;CALIBRE: 8,5, COMPONENTE 1: BALÃO ALTO VOLUME E BAIXA PRESSÃO, COMPONENTE 2: RADIOPACO, GRADUADO, ESTERILIDADE: ESTÉRIL, USO ÚNICO, MATERIAL: PVC, MODELO: CURVA MAGILL, TIPO CONECTOR: CONECTOR PADRÃO, TIPO PONTA: C/ PONTA DISTAL ATRAUMÁTICA;UN;30,0000;4,5500;136,5000;0,0000;31/12/2026
HOSPITAL ESTADUAL TELECILA FREITAS FONTES /RN;932126;663;Material;932126-8/2026;Materiais e insumos médico-hospitalares;Catálogo do Compras.gov.br;Material;6515;INSTRUMENTOS, EQUIPAMENTOS E SUPRIMENTOS MÉDICOS  E  CIRÚRGICOS;2224;TUBO ENDOTRAQUEAL;451217;CALIBRE: 9,0, COMPONENTE 1: BALÃO ALTO VOLUME E BAIXA PRESSÃO, COMPONENTE 2: RADIOPACO, GRADUADO, ESTERILIDADE: ESTÉRIL, USO ÚNICO, MATERIAL: PVC, MODELO: CURVA MAGILL, TIPO CONECTOR: CONECTOR PADRÃO, TIPO PONTA: C/ PONTA DISTAL ATRAUMÁTICA;UN;6,0000;4,9400;29,6400;0,0000;31/12/2026
HOSPITAL ESTADUAL TELECILA FREITAS FONTES /RN;932126;664;Material;932126-8/2026;Materiais e insumos médico-hospitalares;Catálogo do Compras.gov.br;Material;6515;INSTRUMENTOS, EQUIPAMENTOS E SUPRIMENTOS MÉDICOS  E  CIRÚRGICOS;19697;TUBO HOSPITALAR;459110;DIÂMETRO INTERNO: CERCA DE 6,0 MM, ESTERILIDADE: AUTOCLAVÁVEL, MATERIAL: SILICONE TRANSPARENTE, REFERÊNCIA: Nº 204;RO;6,0000;110,0000;660,0000;0,0000;31/12/2026
HOSPITAL ESTADUAL TELECILA FREITAS FONTES /RN;932126;665;Material;932126-8/2026;Materiais e insumos médico-hospitalares;Catálogo do Compras.gov.br;Material;6550;SUBSTÂNCIAS PARA DIAGNÓSTICO "IN VITRO",  REAGENTES,  CONJUNTOS E JOGOS PARA TESTE;18984;REAGENTE PARA DIAGNÓSTICO CLÍNICO 5;339565;APRESENTAÇÃO: TIRA, CARACTERÍSTICAS ADICIONAIS: CAPILAR, TIPO DE ANÁLISE: QUANTITATIVO DE GLICOSE;UN;18000,0000;0,6860;12348,0000;0,0000;31/12/2026
HOSPITAL ESTADUAL TELECILA FREITAS FONTES /RN;932126;666;Material;932126-8/2026;Materiais e insumos médico-hospitalares;Catálogo do Compras.gov.br;Material;6515;INSTRUMENTOS, EQUIPAMENTOS E SUPRIMENTOS MÉDICOS  E  CIRÚRGICOS;30022;CURATIVO / COBERTURA;485050;APLICAÇÃO: P/ FERIDA, ASPECTO FÍSICO: PLACA MULTICAMADA C/ BORDA, COMPONENTE 1: C/ PELÍCULA PU / POLIETILENO, COMPONENTE 3: C/ SILICONE, COMPONENTE 4: C/ PRATA E CARVÃO ATIVADO, COMPOSIÇÃO: À BASE DE ESPUMA PU / HIDROPOLÍMERO / HIDROCELULAR, DIMENSÃO: CERCA DE 10 X 10, ESTERILIDADE: ESTÉRIL;UN;60,0000;22,0000;1320,0000;0,0000;31/12/2026
HOSPITAL ESTADUAL TELECILA FREITAS FONTES /RN;932126;667;Serviço;932126-7/2026;Serviços de manutenção predial;Catálogo do Compras.gov.br;Serviço;852;SERVIÇOS DE INVESTIGAÇÃO E SEGURANÇA;;;24015;SERVIÇO DE VIGILÂNCIA ARMADA;-;144,0000;5683,6000;818438,4000;0,0000;31/12/2026
HOSPITAL ESTADUAL TELECILA FREITAS FONTES /RN;932126;668;Serviço;932126-7/2026;Serviços de manutenção predial;Catálogo do Compras.gov.br;Serviço;851;SERVIÇOS DE AGÊNCIAS DE EMPREGOS E FORNECIMENTO DE PESSOAL;;;22160;PRESTAÇÃO DE SERVIÇOS DE PEDREIRO;-;1,0000;0,0001;0,0001;0,0000;31/12/2026
HOSPITAL ESTADUAL TELECILA FREITAS FONTES /RN;932126;669;Serviço;932126-7/2026;Serviços de manutenção predial;Catálogo do Compras.gov.br;Serviço;851;SERVIÇOS DE AGÊNCIAS DE EMPREGOS E FORNECIMENTO DE PESSOAL;;;14354;PRESTAÇÃO DE SERVIÇOS DE ELETRICISTA;-;1,0000;0,0001;0,0001;0,0000;31/12/2026
HOSPITAL ESTADUAL TELECILA FREITAS FONTES /RN;932126;670;Serviço;932126-7/2026;Serviços de manutenção predial;Catálogo do Compras.gov.br;Serviço;851;SERVIÇOS DE AGÊNCIAS DE EMPREGOS E FORNECIMENTO DE PESSOAL;;;15008;PRESTAÇÃO DE SERVIÇOS DE MOTORISTA;-;36,0000;5217,0500;187813,8000;0,0000;31/12/2026
HOSPITAL ESTADUAL TELECILA FREITAS FONTES /RN;932126;671;Serviço;932126-7/2026;Serviços de manutenção predial;Catálogo do Compras.gov.br;Serviço;851;SERVIÇOS DE AGÊNCIAS DE EMPREGOS E FORNECIMENTO DE PESSOAL;;;22160;PRESTAÇÃO DE SERVIÇOS DE PEDREIRO;-;24,0000;4166,3600;99992,6400;0,0000;31/12/2026
HOSPITAL ESTADUAL TELECILA FREITAS FONTES /RN;932126;672;Serviço;932126-7/2026;Serviços de manutenção predial;Catálogo do Compras.gov.br;Serviço;853;SERVIÇOS DE LIMPEZA;;;19542;PRESTAÇÃO DE SERVIÇOS DE LAVANDERIA;-;96,0000;4257,9200;408760,3200;0,0000;31/12/2026
HOSPITAL ESTADUAL TELECILA FREITAS FONTES /RN;932126;673;Serviço;932126-7/2026;Serviços de manutenção predial;Catálogo do Compras.gov.br;Serviço;851;SERVIÇOS DE AGÊNCIAS DE EMPREGOS E FORNECIMENTO DE PESSOAL;;;14354;PRESTAÇÃO DE SERVIÇOS DE ELETRICISTA;-;48,0000;4595,2300;220571,0400;0,0000;31/12/2026
HOSPITAL ESTADUAL TELECILA FREITAS FONTES /RN;932126;674;Serviço;932126-7/2026;Serviços de manutenção predial;Catálogo do Compras.gov.br;Serviço;859;OUTROS SERVIÇOS DE SUPORTE;;;14389;PRESTAÇÃO DE SERVIÇOS DE OPERADOR DE CARGA E DESCARGA;-;24,0000;3627,0200;87048,4800;0,0000;31/12/2026
HOSPITAL ESTADUAL TELECILA FREITAS FONTES /RN;932126;675;Serviço;932126-7/2026;Serviços de manutenção predial;Catálogo do Compras.gov.br;Serviço;851;SERVIÇOS DE AGÊNCIAS DE EMPREGOS E FORNECIMENTO DE PESSOAL;;;22152;PRESTAÇÃO DE SERVIÇOS DE BOMBEIRO HIDRÁULICO;-;48,0000;4625,3100;222014,8800;0,0000;31/12/2026
HOSPITAL ESTADUAL TELECILA FREITAS FONTES /RN;932126;676;Serviço;932126-7/2026;Serviços de manutenção predial;Catálogo do Compras.gov.br;Serviço;852;SERVIÇOS DE INVESTIGAÇÃO E SEGURANÇA;;;25550;SERVIÇOS DE PREVENÇÃO COMBATE INCÊNDIO / BRIGADISTA;-;24,0000;4625,3100;111007,4400;0,0000;31/12/2026
HOSPITAL ESTADUAL TELECILA FREITAS FONTES /RN;932126;677;Serviço;932126-7/2026;Serviços de manutenção predial;Catálogo do Compras.gov.br;Serviço;545;TIPOS ESPECIAIS DE SERVIÇOS DE CONSTRUÇÃO;;;1627;MANUTENÇÃO / REFORMA PREDIAL;-;144,0000;3547,7400;510874,5600;0,0000;31/12/2026
HOSPITAL ESTADUAL TELECILA FREITAS FONTES /RN;932126;678;Serviço;932126-7/2026;Serviços de manutenção predial;Catálogo do Compras.gov.br;Serviço;851;SERVIÇOS DE AGÊNCIAS DE EMPREGOS E FORNECIMENTO DE PESSOAL;;;19399;PRESTAÇÃO DE SERVIÇOS DE COZINHEIRO;-;120,0000;4595,2300;551427,6000;0,0000;31/12/2026
HOSPITAL ESTADUAL TELECILA FREITAS FONTES /RN;932126;679;Serviço;932126-7/2026;Serviços de manutenção predial;Catálogo do Compras.gov.br;Serviço;881;SERVIÇOS DE MANUFATURA EM INSUMOS FÍSICOS QUE SAO PROPRIEDADE DE OUTROS(EXCETO MAQUINARIA E EQUIPAMENTO);;;30180;SERVIÇOS DIVERSOS DE AUXILIAR DE COZINHA;-;120,0000;3547,7400;425728,8000;0,0000;31/12/2026
HOSPITAL ESTADUAL TELECILA FREITAS FONTES /RN;932126;685;Material;932126-6/2026;Máquinas, equipamentos, ferramentas e assessórios para manutenção;Catálogo do Compras.gov.br;Material;6210;APARELHOS DE ILUMINAÇÃO ELÉTRICA DE USO INTERNO E EXTERNO;6792;LUMINÁRIA;610541;APLICAÇÃO: ILUMINAÇÃO EXTERNA, COR: LUZ BRANCA FRIO, FLUXO LUMINOSO: 7.000, FORMATO: RETANGULAR, GRAU PROTEÇÃO: IP65, POTÊNCIA NOMINAL LÂMPADA: 50, TEMPERATURA DE COR: 5.000, TIPO: PÚBLICA, TIPO LÂMPADA: LED;UN;12,0000;44,6900;536,2800;0,0000;31/12/2026
HOSPITAL ESTADUAL TELECILA FREITAS FONTES /RN;932126;686;Material;932126-6/2026;Máquinas, equipamentos, ferramentas e assessórios para manutenção;Catálogo do Compras.gov.br;Material;6150;EQUIPAMENTOS DIVERSOS PARA GERAÇÃO E DISTRIBUIÇÃO DE ENERGIA;3395;BARRAMENTO;623759;APLICAÇÃO: INSTALAÇÃO ELÉTRICA, CORRENTE NOMINAL: 100, TIPO: TRIFÁSICO, TIPO CONSTRUÇÃO: PENTE, 57 POLOS DIN, USO: DISJUNTOR DIN 100A;UN;8,0000;13,9000;111,2000;0,0000;31/12/2026
HOSPITAL ESTADUAL TELECILA FREITAS FONTES /RN;932126;687;Material;932126-6/2026;Máquinas, equipamentos, ferramentas e assessórios para manutenção;Catálogo do Compras.gov.br;Material;6150;EQUIPAMENTOS DIVERSOS PARA GERAÇÃO E DISTRIBUIÇÃO DE ENERGIA;5714;EXTENSÃO ELÉTRICA;612557;COMPONENTES: 5 TOMADAS, 2P+T, COMPRIMENTO: 30, CONEXÕES: 1(UMA) ENTRADA 2P+T E 5 SAÍDAS 2P+T, CORRENTE NOMINAL: 10, FORMATO CONTATO: PADRÃO BRASILEIRO, FORMAÇÃO DO CABO: 3 X 2,5, GRAU PROTEÇÃO: IP44, MATERIAL: TERMOPLÁSTICO ANTI-CHAMA, NORMAS TÉCNICAS: NBR 14136, NÚMERO PÓLOS: 2P + T, POTÊNCIA MÁXIMA: 2.200, REFERÊNCIA: FORCE LINE 0181200019, SEÇÃO NOMINAL: 2,5, TEMPERATURA OPERAÇÃO: 70°, TENSÃO ENTRADA: 110-127, TENSÃO NOMINAL: 110/220, TIPO: CARRETEL;UN;6,0000;27,2000;163,2000;0,0000;31/12/2026
HOSPITAL ESTADUAL TELECILA FREITAS FONTES /RN;932126;688;Material;932126-6/2026;Máquinas, equipamentos, ferramentas e assessórios para manutenção;Catálogo do Compras.gov.br;Material;6150;EQUIPAMENTOS DIVERSOS PARA GERAÇÃO E DISTRIBUIÇÃO DE ENERGIA;18863;CABO CONEXÃO;421738;COMPRIMENTO CABO: 2, MATERIAL CONDUTOR: COBRE, MATERIAL ISOLAMENTO CONDUTOR: PVC ANTI-CHAMA, TENSÃO ISOLAMENTO: 450/750, TIPO CONEXÃO: XLR M - P10;UN;36,0000;2,5800;92,8800;0,0000;31/12/2026
HOSPITAL ESTADUAL TELECILA FREITAS FONTES /RN;932126;689;Material;932126-6/2026;Máquinas, equipamentos, ferramentas e assessórios para manutenção;Catálogo do Compras.gov.br;Material;5210;INSTRUMENTOS DE MEDIÇÃO PARA ARTÍFICES;2304;ALICATE AMPERÍMETRO;623915;ABERTURA DA GARRA: 30, ALIMENTAÇÃO: 3 PILHAS AAA DE 1,5V, CARACTERÍSTICAS ADICIONAIS: DISPLAY LCD, TESTE DE CONTINUIDADE, NCV, TRUE RMS, CATEGORIA: CAT IV 600V / CAT III 1000V, COMPONENTES ADICIONAIS: BOLSA DE TRANSPORTE/  PONTOS DE PROVA, CORRENTE: DC: 200U/60/600A/1000A - AC: 60/600/1000A, MATERIAL: PLÁSTICO, RESISTÊNCIA: 400 OHM/ 4000 OHM/ 40, TEMPERATURA: -20~1000, TIPO: DIGITAL, VOLTAGEM BATERIA: 1,5;UN;9,0000;200,0000;1800,0000;0,0000;31/12/2026
HOSPITAL ESTADUAL TELECILA FREITAS FONTES /RN;932126;690;Material;932126-6/2026;Máquinas, equipamentos, ferramentas e assessórios para manutenção;Catálogo do Compras.gov.br;Material;5330;GAXETAS E OUTROS MATERIAIS PARA VEDAÇÃO;7612;FITA VEDA ROSCA;615103;COMPRIMENTO: 50, LARGURA: 18, MATERIAL: PTFE;UN;36,0000;10,5000;378,0000;0,0000;31/12/2026
HOSPITAL ESTADUAL TELECILA FREITAS FONTES /RN;932126;691;Material;932126-6/2026;Máquinas, equipamentos, ferramentas e assessórios para manutenção;Catálogo do Compras.gov.br;Material;5325;DISPOSITIVOS PARA FIXAÇÃO;578;ABRAÇADEIRA;625050;COMPRIMENTO TOTAL: 200, LARGURA: 4,5, MATERIAL: NÁILON 6.6;PCT;20,0000;14,8900;297,8000;0,0000;31/12/2026
HOSPITAL ESTADUAL TELECILA FREITAS FONTES /RN;932126;692;Material;932126-6/2026;Máquinas, equipamentos, ferramentas e assessórios para manutenção;Catálogo do Compras.gov.br;Material;5925;DISJUNTORES;19169;DISJUNTOR MÉDIA TENSÃO;616750;CAPACIDADE INTERRUPÇÃO SIMÉTRICA: 25, CARACTERÍSTICAS ADICIONAIS: CAIXA MOLDADA, CLASSE TENSÃO: 380, CORRENTE NOMINAL: 100, TIPO: TRIPOLAR;UN;15,0000;109,0000;1635,0000;0,0000;31/12/2026
HOSPITAL ESTADUAL TELECILA FREITAS FONTES /RN;932126;693;Material;932126-6/2026;Máquinas, equipamentos, ferramentas e assessórios para manutenção;Catálogo do Compras.gov.br;Material;5970;ISOLADORES ELÉTRICOS E MATERIAIS ISOLANTES;18853;FITA ISOLANTE ELÉTRICA ADESIVA;483487;APLICAÇÃO: QUALQUER SUPERFÍCIE, COMPRIMENTO NOMINAL: 10, COR: PRETA, ESPESSURA NOMINAL: 0,76, LARGURA NOMINAL: 19, MATERIAL DORSO: BORRACHA DE ETILENO-PROPILENO, NORMAS TÉCNICAS: ASTM-D-4388, RESISTÊNCIA À TENSÃO: 69, TEMPERATURA MÁXIMA OPERAÇÃO: 90°, TIPO ADESIVO: AUTO FUSÃO;UN;36,0000;2,5000;90,0000;0,0000;31/12/2026
HOSPITAL ESTADUAL TELECILA FREITAS FONTES /RN;932126;694;Material;932126-6/2026;Máquinas, equipamentos, ferramentas e assessórios para manutenção;Catálogo do Compras.gov.br;Material;5930;CHAVES ELÉTRICAS;472;INTERRUPTOR;424920;CORRENTE NOMINAL: 10, POSIÇÃO RELATIVA: EMBUTIR, POTÊNCIA NOMINAL: 250, TIPO: SIMPLES, TIPO ACIONAMENTO: TECLA TRIPLA, COR: BRANCA;UN;60,0000;13,2200;793,2000;0,0000;31/12/2026
HOSPITAL ESTADUAL TELECILA FREITAS FONTES /RN;932126;695;Material;932126-6/2026;Máquinas, equipamentos, ferramentas e assessórios para manutenção;Catálogo do Compras.gov.br;Material;5930;CHAVES ELÉTRICAS;472;INTERRUPTOR;440991;APLICAÇÃO: INSTALAÇÕES ELÉTRICAS, CORRENTE NOMINAL: 10, DIMENSÕES: 4 X 2, FORMATO: RETANGULAR, MATERIAL: PVC RÍGIDO, TIPO: BIPOLAR, COR: BRANCA;UN;60,0000;9,5000;570,0000;0,0000;31/12/2026
HOSPITAL ESTADUAL TELECILA FREITAS FONTES /RN;932126;696;Material;932126-6/2026;Máquinas, equipamentos, ferramentas e assessórios para manutenção;Catálogo do Compras.gov.br;Material;5930;CHAVES ELÉTRICAS;472;INTERRUPTOR;436364;CORRENTE NOMINAL: 10, MATERIAL: TERMOPLÁSTICO AUTO-EXTINGUÍVEL, TENSÃO NOMINAL: 250, TIPO: DUPLO, TIPO ACIONAMENTO: TECLA SIMPLES HORIZONTAL, QUANTIDADE PÓLOS: 2;UN;60,0000;9,5000;570,0000;0,0000;31/12/2026
HOSPITAL ESTADUAL TELECILA FREITAS FONTES /RN;932126;697;Material;932126-6/2026;Máquinas, equipamentos, ferramentas e assessórios para manutenção;Catálogo do Compras.gov.br;Material;5925;DISJUNTORES;19169;DISJUNTOR MÉDIA TENSÃO;616750;CAPACIDADE INTERRUPÇÃO SIMÉTRICA: 25, CARACTERÍSTICAS ADICIONAIS: CAIXA MOLDADA, CLASSE TENSÃO: 380, CORRENTE NOMINAL: 100, TIPO: TRIPOLAR;UN;100,0000;97,0000;9700,0000;0,0000;31/12/2026
HOSPITAL ESTADUAL TELECILA FREITAS FONTES /RN;932126;698;Material;932126-6/2026;Máquinas, equipamentos, ferramentas e assessórios para manutenção;Catálogo do Compras.gov.br;Material;5935;CONECTORES ELÉTRICOS;480;PLUGUE;365017;CORRENTE NOMINAL: 20, FORMATO PINOS: CILÍNDRICO, MATERIAL PINO: LATÃO MACIÇO, NORMAS TÉCNICAS: NBR14136, POSIÇÃO PINOS: 2P+T, TENSÃO NOMINAL: 250, TIPO: MACHO;UN;36,0000;6,3200;227,5200;0,0000;31/12/2026
HOSPITAL ESTADUAL TELECILA FREITAS FONTES /RN;932126;699;Material;932126-6/2026;Máquinas, equipamentos, ferramentas e assessórios para manutenção;Catálogo do Compras.gov.br;Material;5935;CONECTORES ELÉTRICOS;484;TOMADA;622452;CORRENTE NOMINAL: 10, MODELO: DUPLA (2P+T) 10A, TENSÃO NOMINAL: 250, TIPO: PLACA 4X2";UN;60,0000;4,7500;285,0000;0,0000;31/12/2026
HOSPITAL ESTADUAL TELECILA FREITAS FONTES /RN;932126;700;Material;932126-6/2026;Máquinas, equipamentos, ferramentas e assessórios para manutenção;Catálogo do Compras.gov.br;Material;5935;CONECTORES ELÉTRICOS;2085;ADAPTADOR;460023;CARACTERÍSTICAS ADICIONAIS: CHATO, PARA NOVO PADRÃO, CORRENTE NOMINAL: 20, QUANTIDADE PÓLOS: 2 P + T, TENSÃO NOMINAL: 250, TIPO: PLUGUE;UN;36,0000;15,0000;540,0000;0,0000;31/12/2026
HOSPITAL ESTADUAL TELECILA FREITAS FONTES /RN;932126;701;Material;932126-6/2026;Máquinas, equipamentos, ferramentas e assessórios para manutenção;Catálogo do Compras.gov.br;Material;5935;CONECTORES ELÉTRICOS;484;TOMADA;618467;APLICAÇÃO: INSTALAÇÃO ELÉTRICA, COR CORPO: BRANCA, CORRENTE NOMINAL: 20, FORMATO CONTATO: 2P + T, MODELO: DUPLA, TENSÃO NOMINAL: 250;UN;50,0000;8,1000;405,0000;0,0000;31/12/2026
HOSPITAL ESTADUAL TELECILA FREITAS FONTES /RN;932126;702;Material;932126-6/2026;Máquinas, equipamentos, ferramentas e assessórios para manutenção;Catálogo do Compras.gov.br;Material;5935;CONECTORES ELÉTRICOS;15261;CAIXA TOMADA;418407;CORRENTE NOMINAL: 20, MATERIAL: TERMOPLÁSTICO AUTO-EXTINGUÍVEL, NÚMERO PÓLOS: 2 P + T, QUANTIDADE TOMADAS SAÍDA: 1, TENSÃO NOMINAL: 250, TIPO: MÓDULO DE TOMADA, TIPO SAÍDA: 1 TOMADA PADRÃO BRASILEIRO;UN;36,0000;2,0900;75,2400;0,0000;31/12/2026
HOSPITAL ESTADUAL TELECILA FREITAS FONTES /RN;932126;703;Material;932126-6/2026;Máquinas, equipamentos, ferramentas e assessórios para manutenção;Catálogo do Compras.gov.br;Material;5975;FERRAGENS E SUPRIMENTOS DE ELETRICIDADE;6462;ELETRODUTO;622527;CARACTERÍSTICAS ADICIONAIS: NÃO PROPAGANTE DE CHAMAS., COMPRIMENTO: 50, COR: AMARELA, DIÂMETRO NOMINAL: 3/4, MATERIAL: PVC FLEXÍVEL, TIPO: FLEXÍVEL CORRUGADO;UN;15,0000;14,2900;214,3500;0,0000;31/12/2026
HOSPITAL ESTADUAL TELECILA FREITAS FONTES /RN;932126;704;Material;932126-6/2026;Máquinas, equipamentos, ferramentas e assessórios para manutenção;Catálogo do Compras.gov.br;Material;5975;FERRAGENS E SUPRIMENTOS DE ELETRICIDADE;18484;ACESSÓRIO CANALETA;428596;COR: BRANCA, DIMENSÕES DA CANALETA: 20 X 10 X 2000, MATERIAL: PVC RÍGIDO ANTI-CHAMA, TIPO: TAMPA DE SOBREPOR;UN;220,0000;5,9800;1315,6000;0,0000;31/12/2026
HOSPITAL ESTADUAL TELECILA FREITAS FONTES /RN;932126;705;Material;932126-6/2026;Máquinas, equipamentos, ferramentas e assessórios para manutenção;Catálogo do Compras.gov.br;Material;6240;LÂMPADAS ELÉTRICAS;19095;LÂMPADA LED;614221;CORRENTE NOMINAL: 50, POTÊNCIA NOMINAL: 1, TENSÃO NOMINAL: 30, TIPO BASE: BA9S/13;UN;450,0000;29,9000;13455,0000;0,0000;31/12/2026
HOSPITAL ESTADUAL TELECILA FREITAS FONTES /RN;932126;706;Material;932126-6/2026;Máquinas, equipamentos, ferramentas e assessórios para manutenção;Catálogo do Compras.gov.br;Material;6240;LÂMPADAS ELÉTRICAS;19095;LÂMPADA LED;624340;ABERTURA FACHO: 160°, CARACTERÍSTICAS ADICIONAIS: FASE E NEUTRO NO MESMO LADO, COMPRIMENTO: 600, FATOR POTÊNCIA: > 0,92, FLUXO LUMINOSO: 2100, FORMATO: TUBULAR, FREQUÊNCIA NOMINAL: 50/60, POTÊNCIA NOMINAL: 9, TEMPERATURA DE COR: 6000, TENSÃO NOMINAL: 110/220, TIPO BASE: G13, VIDA MÉDIA: 25.000, ÍNDICE DE REPRODUÇÃO DE COR - IRC: 82;UN;450,0000;23,2700;10471,5000;0,0000;31/12/2026
HOSPITAL ESTADUAL TELECILA FREITAS FONTES /RN;932126;707;Material;932126-6/2026;Máquinas, equipamentos, ferramentas e assessórios para manutenção;Catálogo do Compras.gov.br;Material;6250;LUSTRES, SUPORTES PARA LÂMPADAS E ELEMENTOS DE PARTIDA;10877;PLAFONIER;368622;CARACTERÍSTICAS ADICIONAIS: ENCAIXE DE UMA LÂMPADA, BASE E-27, COR: BRANCA, MATERIAL CORPO: PLÁSTICO;UN;36,0000;3,9200;141,1200;0,0000;31/12/2026
HOSPITAL ESTADUAL TELECILA FREITAS FONTES /RN;932126;708;Material;932126-6/2026;Máquinas, equipamentos, ferramentas e assessórios para manutenção;Catálogo do Compras.gov.br;Material;6250;LUSTRES, SUPORTES PARA LÂMPADAS E ELEMENTOS DE PARTIDA;833;SOQUETE LÂMPADA;386785;CARACTERÍSTICAS ADICIONAIS: TIPO BOCAL, MATERIAL: PLÁSTICO, TIPO BASE: E-27, TIPO LÂMPADA: INCANDESCENTE;UN;36,0000;3,4800;125,2800;0,0000;31/12/2026
HOSPITAL ESTADUAL TELECILA FREITAS FONTES /RN;932126;709;Material;932126-6/2026;Máquinas, equipamentos, ferramentas e assessórios para manutenção;Catálogo do Compras.gov.br;Material;6240;LÂMPADAS ELÉTRICAS;19095;LÂMPADA LED;624046;COR: BRANCA, FLUXO LUMINOSO: 1.100, FORMATO: BULBO, MODELO: LED, POTÊNCIA NOMINAL: 11, TEMPERATURA DE COR: 6500, TENSÃO NOMINAL: BIVOLT, TIPO BASE: E-27, VIDA MÉDIA: 25.000;UN;700,0000;9,8900;6923,0000;0,0000;31/12/2026
HOSPITAL ESTADUAL TELECILA FREITAS FONTES /RN;932126;710;Material;932126-6/2026;Máquinas, equipamentos, ferramentas e assessórios para manutenção;Catálogo do Compras.gov.br;Material;6625;INSTRUMENTO DE TESTE E DE MEDIÇÃO DE PROPRIEDADES ELÉTRICAS E ELETRÔNICAS;10012;MULTÍMETRO;616913;CARACTERÍSTICAS ADICIONAIS: DISPLAY LCD 3 1/2 DÍGITOS, TESTE DIODO, CORRENTE DC: 10, DIMENSÕES: 183 X 91 X 49,50, RESISTÊNCIA: 400, TENSÃO AC: 1.000, TIPO: DIGITAL E PORTÁTIL;UN;3,0000;49,9000;149,7000;0,0000;31/12/2026
HOSPITAL ESTADUAL TELECILA FREITAS FONTES /RN;932126;711;Material;932126-6/2026;Máquinas, equipamentos, ferramentas e assessórios para manutenção;Catálogo do Compras.gov.br;Material;6530;MOBILIÁRIO, EQUIPAMENTOS, UTENSÍLIOS E  SUPRIMENTOS  HOSPITALARES;6481;ELEVADOR DE ASSENTO P/ VASO SANITÁRIO;273406;ESTRUTURA: ESTRUTURA EM ALUMÍNIO C/ SUPORTE PARA BRAÇO;UN;1,0000;349,9900;349,9900;0,0000;31/12/2026
HOSPITAL ESTADUAL TELECILA FREITAS FONTES /RN;932126;712;Material;932126-6/2026;Máquinas, equipamentos, ferramentas e assessórios para manutenção;Catálogo do Compras.gov.br;Material;6530;MOBILIÁRIO, EQUIPAMENTOS, UTENSÍLIOS E  SUPRIMENTOS  HOSPITALARES;2668;SERRA DE CORTAR GESSO;422617;CARACTERÍSTICAS ADICIONAIS: CHAVE COMBINADA, CABO DE FORÇA, MODELO: ROTAÇÃO MÍNIMA DE 16.000 RPM, TIPO LÂMINA: LÂMINAS 2" E 2 1/2";UN;2,0000;2044,9400;4089,8800;0,0000;31/12/2026
HOSPITAL ESTADUAL TELECILA FREITAS FONTES /RN;932126;713;Material;932126-6/2026;Máquinas, equipamentos, ferramentas e assessórios para manutenção;Catálogo do Compras.gov.br;Material;6350;SISTEMAS DIVERSOS DE SINALIZAÇÃO, ALARME E DETECÇÃO PARA  SEGURANÇA;1560;CAMPAINHA SEM FIO;379893;ALCANCE MÁXIMO: 100, CARACTERÍSTICAS ADICIONAIS: CONTROLE REMOTO, PILHA AA, COR: BRANCA, QUANTIDADE SONS: 3, TENSÃO ALIMENTAÇÃO: 12, TIPO: DIGITAL;UN;5,0000;39,0000;195,0000;0,0000;31/12/2026
HOSPITAL ESTADUAL TELECILA FREITAS FONTES /RN;932126;714;Material;932126-6/2026;Máquinas, equipamentos, ferramentas e assessórios para manutenção;Catálogo do Compras.gov.br;Material;7195;MOBILIÁRIOS DIVERSOS E ACESSÓRIOS;5073;CLAVICULÁRIO;292686;CAPACIDADE: 50 CHAVES, CARACTERÍSTICAS ADICIONAIS: PORTA DE VIDRO TRANSPARENTE COM CHAVE, COMPRIMENTO: 70, LARGURA: 50, MATERIAL: MADEIRA;UN;3,0000;125,7400;377,2200;0,0000;31/12/2026
HOSPITAL ESTADUAL TELECILA FREITAS FONTES /RN;932126;715;Material;932126-6/2026;Máquinas, equipamentos, ferramentas e assessórios para manutenção;Catálogo do Compras.gov.br;Material;4720;MANGUEIRAS E TUBULAÇÕES FLEXÍVEIS;616;MANGUEIRA JARDIM;616963;CARACTERÍSTICAS ADICIONAIS: ESGUICHO TIPO PISTOLA, 1 CONECTOR 3/4 DE POLEGADA, COMPRIMENTO: 50, DIÂMETRO: 3/4, MATERIAL: PVC TRANÇADO EM FIO POLIÉSTER;UN;3,0000;91,0700;273,2100;0,0000;31/12/2026
HOSPITAL ESTADUAL TELECILA FREITAS FONTES /RN;932126;716;Material;932126-6/2026;Máquinas, equipamentos, ferramentas e assessórios para manutenção;Catálogo do Compras.gov.br;Material;4510;DISPOSITIVOS E ACESSÓRIOS PARA INSTALAÇÕES HIDRÁULICAS;6092;DESENTUPIDOR VASO SANITÁRIO;241711;ALTURA: 10, COMPRIMENTO CABO: 50, COR: PRETA, DIÂMETRO: 16, MATERIAL: BORRACHA FLEXÍVEL, MATERIAL CABO: MADEIRA;UN;30,0000;12,0000;360,0000;0,0000;31/12/2026
HOSPITAL ESTADUAL TELECILA FREITAS FONTES /RN;932126;717;Material;932126-6/2026;Máquinas, equipamentos, ferramentas e assessórios para manutenção;Catálogo do Compras.gov.br;Material;5110;FERRAMENTAS MANUAIS DE CORTE, NÃO ACIONADAS POR FORÇA MOTRIZ;14739;ENXADÃO;314244;CARACTERÍSTICAS ADICIONAIS: CABO MADEIRA, PINTURA ELETROSTÁTICA A PÓ,COR PRETA, MATERIAL: AÇO CARBONO, MATERIAL ENCAIXE CABO: FERRO FUNDIDO;UN;5,0000;40,0000;200,0000;0,0000;31/12/2026
HOSPITAL ESTADUAL TELECILA FREITAS FONTES /RN;932126;718;Material;932126-6/2026;Máquinas, equipamentos, ferramentas e assessórios para manutenção;Catálogo do Compras.gov.br;Material;5935;CONECTORES ELÉTRICOS;2085;ADAPTADOR;433501;CONEXÃO: PLUG 2P+T PADRÃO BRAS. P/TOMADA 2P+T PADRÃO ANTIGO, CORRENTE NOMINAL: 10, MATERIAL: TERMOPLÁSTICO, QUANTIDADE PÓLOS: 2 P + T, TENSÃO NOMINAL: 250;UN;200,0000;8,6300;1726,0000;0,0000;31/12/2026
HOSPITAL ESTADUAL TELECILA FREITAS FONTES /RN;932126;719;Material;932126-6/2026;Máquinas, equipamentos, ferramentas e assessórios para manutenção;Catálogo do Compras.gov.br;Material;5120;FERRAMENTAS MANUAIS SEM CORTE, NÃO ACIONADAS  POR  FORÇA  MOTRIZ;2313;ALICATE PARA CLIMPAR;363140;CARACTERÍSTICAS ADICIONAIS: CONECTOR RJ -45, MATERIAL: METAL, MATERIAL CABO: PLÁSTICO, TIPO CORTE: RETO;UN;50,0000;43,0000;2150,0000;0,0000;31/12/2026
HOSPITAL ESTADUAL TELECILA FREITAS FONTES /RN;932126;720;Material;932126-6/2026;Máquinas, equipamentos, ferramentas e assessórios para manutenção;Catálogo do Compras.gov.br;Material;3750;IMPLEMENTOS E FERRAMENTAS DE JARDINAGEM;1354;APARADOR GRAMA;481184;ROTAÇÃO: 7.000, TIPO: A MOTOR, TIPO MOTOR: À COMBUSTÃO;UN;3,0000;135,0000;405,0000;0,0000;31/12/2026
HOSPITAL ESTADUAL TELECILA FREITAS FONTES /RN;932126;721;Material;932126-6/2026;Máquinas, equipamentos, ferramentas e assessórios para manutenção;Catálogo do Compras.gov.br;Material;4510;DISPOSITIVOS E ACESSÓRIOS PARA INSTALAÇÕES HIDRÁULICAS;4976;CHUVEIRO ELÉTRICO;614569;ACABAMENTO: PLÁSTICO, CARACTERÍSTICAS ADICIONAIS: MANGUEIRA E DUCHA MANUAL, COR: BRANCA, MATERIAL: TERMOPLÁSTICO, POTÊNCIA: 5.500, TENSÃO OPERAÇÃO: 220, VARIAÇÕES TEMPERATURA ÁGUA: 3;UN;20,0000;74,3000;1486,0000;0,0000;31/12/2026
HOSPITAL ESTADUAL TELECILA FREITAS FONTES /RN;932126;722;Material;932126-6/2026;Máquinas, equipamentos, ferramentas e assessórios para manutenção;Catálogo do Compras.gov.br;Material;7910;ENCERADEIRAS E ASPIRADORES DE PÓ;3094;ASPIRADOR PÓ - MICROCOMPUTADOR;404468;CARACTERÍSTICAS ADICIONAIS: VELOCIDADE FLUXO AR 80-100KM, BAIXO NÍVEL DE RUÍDO, COMPONENTES: JATEADOR E COLETOR, POTÊNCIA: 500 A 1.000, VOLTAGEM: 220;UN;3,0000;249,7600;749,2800;0,0000;31/12/2026
HOSPITAL ESTADUAL TELECILA FREITAS FONTES /RN;932126;723;Material;932126-6/2026;Máquinas, equipamentos, ferramentas e assessórios para manutenção;Catálogo do Compras.gov.br;Material;6670;ESCALAS E BALANÇAS;14489;BALANÇA ELETRÔNICA;619007;CAPACIDADE PESAGEM: 150, CARACTERÍSTICAS ADICIONAIS: DESLIGAMENTO AUTOMÁTICO, TECLA DE ZERO E TARA, TIPO: DIGITAL, VOLTAGEM: BIVOLT;UN;2,0000;519,9900;1039,9800;0,0000;31/12/2026
HOSPITAL ESTADUAL TELECILA FREITAS FONTES /RN;932126;724;Material;932126-6/2026;Máquinas, equipamentos, ferramentas e assessórios para manutenção;Catálogo do Compras.gov.br;Material;4320;BOMBAS MANUAIS E MECÂNICAS;15162;BOMBA CENTRÍFUGA ÁGUA;615863;APLICAÇÃO: CAIXA DÁGUA, CARACTERÍSTICAS ADICIONAIS: COM ROTOR FECHADO, DIMENSÕES:54 X 28 X 39 CM, COMPONENTES ADICIONAIS: BOCAL SUCÇÃO: BSP2", BOCAL DESCARGA: BSP 1.1/2", MATERIAL: FERRO FUNDIDO, POTÊNCIA: 3, TIPO INSTALAÇÃO: INJETORA, TIPO MOTOR: TRIFÁSICO, VAZÃO: 45,1;UN;2,0000;886,9900;1773,9800;0,0000;31/12/2026
HOSPITAL ESTADUAL TELECILA FREITAS FONTES /RN;932126;725;Material;932126-6/2026;Máquinas, equipamentos, ferramentas e assessórios para manutenção;Catálogo do Compras.gov.br;Material;5935;CONECTORES ELÉTRICOS;2085;ADAPTADOR;445782;APLICAÇÃO: USO EM VÍDEO, CARACTERÍSTICAS ADICIONAIS: RESOLUÇÃO MÍNIMA: 1080P, CONEXÃO: HDMI MACHO X VGA FÊMEA;UN;5,0000;35,9000;179,5000;0,0000;31/12/2026
HOSPITAL ESTADUAL TELECILA FREITAS FONTES /RN;932126;726;Material;932126-6/2026;Máquinas, equipamentos, ferramentas e assessórios para manutenção;Catálogo do Compras.gov.br;Material;7080;PEÇAS, ACESSÓRIOS E FERRAMENTAS PARA REDES DE TIC;208;CABO REDE COMPUTADOR;626126;CARACTERÍSTICAS ADICIONAIS: TRANSPARENTE NÃO PROPAGANTE A CHAMA UL 94V-0, CATEGORIA: 6, COMPRIMENTO: 1,5, COR: AZUL, MATERIAL CONDUTOR: COBRE ELETROLÍTICO, MATERIAL REVESTIMENTO: TERMOPLÁSTICO DE ALTA QUALIDADE, TIPO CABO: U/UTP;CX;2,0000;476,4800;952,9600;0,0000;31/12/2026
HOSPITAL ESTADUAL TELECILA FREITAS FONTES /RN;932126;727;Material;932126-6/2026;Máquinas, equipamentos, ferramentas e assessórios para manutenção;Catálogo do Compras.gov.br;Material;9330;ARTIGOS DE PLÁSTICO;4149;CAIXA PLÁSTICA;606324;ALTURA: 69, APLICAÇÃO: MULTIUSO, CAPACIDADE: 1, CARACTERÍSTICAS ADICIONAIS: TAMPA E TRAVAS, COMPRIMENTO: 186, LARGURA: 145, MATERIAL: PLÁSTICO RESISTENTE, TRANSMITÂNCIA: TRANSPARENTE;UN;30,0000;102,0000;3060,0000;0,0000;31/12/2026
HOSPITAL ESTADUAL TELECILA FREITAS FONTES /RN;932126;728;Material;932126-6/2026;Máquinas, equipamentos, ferramentas e assessórios para manutenção;Catálogo do Compras.gov.br;Material;9330;ARTIGOS DE PLÁSTICO;4149;CAIXA PLÁSTICA;463117;ALTURA: 32, CAPACIDADE: 14,50, CARACTERÍSTICAS ADICIONAIS: TAMPA E TRAVAS, COMPRIMENTO: 29,5, LARGURA: 22,70, MATERIAL: PLÁSTICO, TIPO: CAIXA ORGANIZADORA;UN;20,0000;84,0000;1680,0000;0,0000;31/12/2026
HOSPITAL ESTADUAL TELECILA FREITAS FONTES /RN;932126;729;Material;932126-6/2026;Máquinas, equipamentos, ferramentas e assessórios para manutenção;Catálogo do Compras.gov.br;Material;9330;ARTIGOS DE PLÁSTICO;4149;CAIXA PLÁSTICA;449712;ALTURA: 335, CARACTERÍSTICAS ADICIONAIS: FECHAMENTO COM TRAVA, COMPRIMENTO: 670, LARGURA: 430, MATERIAL: PLÁSTICO, TIPO: CAIXA ORGANIZADORA, TRANSMITÂNCIA: TRANSPARENTE;UN;30,0000;26,9900;809,7000;0,0000;31/12/2026
HOSPITAL ESTADUAL TELECILA FREITAS FONTES /RN;932126;730;Material;932126-6/2026;Máquinas, equipamentos, ferramentas e assessórios para manutenção;Catálogo do Compras.gov.br;Material;4310;BOMBAS E COMPRESSORES A VÁCUO;5502;COMPRESSOR DE AR;608477;CAPACIDADE TANQUE: 200, PRESSÃO MÁXIMA: 175, TENSÃO: 220/380V, TIPO: INDUSTRIAL, VAZÃO: 20 PCM;UN;1,0000;5813,5500;5813,5500;0,0000;31/12/2026
HOSPITAL ESTADUAL TELECILA FREITAS FONTES /RN;932126;731;Material;932126-6/2026;Máquinas, equipamentos, ferramentas e assessórios para manutenção;Catálogo do Compras.gov.br;Material;7240;RECEPIENTES PARA USO DOMÉSTICO E COMERCIAL;4597;CARRO COLETOR LIXO;367291;CAPACIDADE: 240, COMPONENTES: 2 RODÍZIOS DIANTEIROS/IDENTIFCAÇÃO PLÁSTICO/VERME-, MATERIAL: POLIPROPILENO OU POLIETILENO ALTA RESISTÊNCIA;UN;10,0000;350,0000;3500,0000;0,0000;31/12/2026
HOSPITAL ESTADUAL TELECILA FREITAS FONTES /RN;932126;732;Material;932126-6/2026;Máquinas, equipamentos, ferramentas e assessórios para manutenção;Catálogo do Compras.gov.br;Material;7230;TAPEÇARIAS, CORTINAS E PERSIANAS;5933;CORTINA;601458;ALTURA: 1,80, APLICAÇÃO: USO HOSPITALAR, CARACTERÍSTICAS ADICIONAIS: ANTIBACTERIANA, ANTIFÚNGICO, ANTICHAMA, COR: CREME, LARGURA: 3, MATERIAL: VINIL;M2;50,0000;124,0000;6200,0000;0,0000;31/12/2026
HOSPITAL ESTADUAL TELECILA FREITAS FONTES /RN;932126;733;Material;932126-6/2026;Máquinas, equipamentos, ferramentas e assessórios para manutenção;Catálogo do Compras.gov.br;Material;4510;DISPOSITIVOS E ACESSÓRIOS PARA INSTALAÇÕES HIDRÁULICAS;10697;PIA;318935;CARACTERÍSTICAS ADICIONAIS: COMPLETA, COMPRIMENTO: 46, LARGURA: 35, MATERIAL: AÇO INOXIDÁVEL, QUANTIDADE CUBAS: 1, TIPO: SINTÉTICO;UN;10,0000;118,6600;1186,6000;0,0000;31/12/2026
HOSPITAL ESTADUAL TELECILA FREITAS FONTES /RN;932126;734;Material;932126-6/2026;Máquinas, equipamentos, ferramentas e assessórios para manutenção;Catálogo do Compras.gov.br;Material;4440;SECADORES, DESIDRATADORES E ANTI-HIDRATADORES;6123;DESUMIDIFICADOR;602163;APLICAÇÃO: DESUMIDIFICAÇÃO AMBIENTAL, CAPACIDADE: 18 LITROS P/DIA, CARACTERÍSTICAS ADICIONAIS: COM RODIZIOS, PARA AMBIENTES DE ATE 300M³, VOLTAGEM: 220;UN;2,0000;3097,0000;6194,0000;0,0000;31/12/2026
HOSPITAL ESTADUAL TELECILA FREITAS FONTES /RN;932126;735;Material;932126-6/2026;Máquinas, equipamentos, ferramentas e assessórios para manutenção;Catálogo do Compras.gov.br;Material;5440;EQUIPAMENTOS PARA MONTAGEM DE ANDAIME E FORMAS DE CONCRETO;6885;ESCADA;445417;CAPACIDADE: 120, CARACTERÍSTICAS ADICIONAIS: CORRIMÃO REMOVÍVEL,PATAMAR,DEGRAUS ANTIDERRAPANTES, MATERIAL: ALUMÍNIO, QUANTIDADE DEGRAUS: 3, TIPO: TREPADEIRA;UN;5,0000;109,9100;549,5500;0,0000;31/12/2026
HOSPITAL ESTADUAL TELECILA FREITAS FONTES /RN;932126;1318;Material;932126-5/2026;Gêneros alimentícios;Catálogo do Compras.gov.br;Material;8950;CONDIMENTOS E PRODUTOS CORRELATOS;19774;CONDIMENTO;463878;APRESENTAÇÃO: NATURAL, TIPO: CEBOLINHA;KG;90,0000;3,9900;359,1000;0,0000;31/12/2026
HOSPITAL ESTADUAL TELECILA FREITAS FONTES /RN;932126;736;Material;932126-6/2026;Máquinas, equipamentos, ferramentas e assessórios para manutenção;Catálogo do Compras.gov.br;Material;5440;EQUIPAMENTOS PARA MONTAGEM DE ANDAIME E FORMAS DE CONCRETO;6885;ESCADA;429030;ALTURA: 2,56, CARACTERÍSTICAS ADICIONAIS: ANTIDERRAPANTE, COM RODÍZIOS, CORRIMÃO EM ALUMÍNIO, MATERIAL: ALUMÍNIO, QUANTIDADE DEGRAUS: 10, TIPO: TREPADEIRA;UN;5,0000;211,6100;1058,0500;0,0000;31/12/2026
HOSPITAL ESTADUAL TELECILA FREITAS FONTES /RN;932126;737;Material;932126-6/2026;Máquinas, equipamentos, ferramentas e assessórios para manutenção;Catálogo do Compras.gov.br;Material;5440;EQUIPAMENTOS PARA MONTAGEM DE ANDAIME E FORMAS DE CONCRETO;6885;ESCADA;481039;MATERIAL: AÇO, QUANTIDADE DEGRAUS: 2;UN;50,0000;118,7500;5937,5000;0,0000;31/12/2026
HOSPITAL ESTADUAL TELECILA FREITAS FONTES /RN;932126;738;Material;932126-6/2026;Máquinas, equipamentos, ferramentas e assessórios para manutenção;Catálogo do Compras.gov.br;Material;6110;EQUIPAMENTOS DE CONTROLE ELÉTRICO;7068;ESTABILIZADOR TENSÃO;456633;AUTONOMIA BATERIA: 20 MIN, BATERIA: SELADA, CAPACIDADE NOMINAL: 6, FREQÜÊNCIA: 60, QUANTIDADE TOMADAS SAÍDA: 4, TENSÃO ALIMENTAÇÃO ENTRADA: 220, TENSÃO SAÍDA: 220, TIPO: ON LINE DUPLA CONVERSÃO, TIPO ONDA: SENOIDAL PURA E COM CONTROLE DIGITAL;UN;20,0000;244,9000;4898,0000;0,0000;31/12/2026
HOSPITAL ESTADUAL TELECILA FREITAS FONTES /RN;932126;739;Material;932126-6/2026;Máquinas, equipamentos, ferramentas e assessórios para manutenção;Catálogo do Compras.gov.br;Material;7220;REVESTIMENTOS PARA PISOS;14647;ESTRADO MODULAR;395150;ALTURA: 16, CAPACIDADE CARGA: 2.000, COMPRIMENTO: 120, COR: BRANCA, LARGURA: 100, MATERIAL: POLIPROPILENO;UN;30,0000;120,2700;3608,1000;0,0000;31/12/2026
HOSPITAL ESTADUAL TELECILA FREITAS FONTES /RN;932126;740;Material;932126-6/2026;Máquinas, equipamentos, ferramentas e assessórios para manutenção;Catálogo do Compras.gov.br;Material;7220;REVESTIMENTOS PARA PISOS;14647;ESTRADO MODULAR;483871;ALTURA: 15, CAPACIDADE CARGA: 2.000, COMPRIMENTO: 120, LARGURA: 100, MATERIAL: POLIETILENO;UN;50,0000;189,6600;9483,0000;0,0000;31/12/2026
HOSPITAL ESTADUAL TELECILA FREITAS FONTES /RN;932126;741;Material;932126-6/2026;Máquinas, equipamentos, ferramentas e assessórios para manutenção;Catálogo do Compras.gov.br;Material;4210;EQUIPAMENTOS PARA COMBATE A INCÊNDIO;1301;EXTINTOR INCÊNDIO;623903;ACABAMENTO SUPERFICIAL CILINDRO: PINTURA EPÓXI-PÓ ELETROSTÁTICO, APLICAÇÃO: INCÊNDIO CLASSE "A", "B" E "C", CAPACIDADE: 6, MATERIAL CARGA: PÓ QUÍMICO SECO - PQS, MATERIAL CILINDRO: AÇO CARBÔNICO, MATERIAL MANGUEIRA: BORRACHA, MATERIAL TRAMA: NYLON, MATERIAL VÁLVULA SAÍDA: LATÃO FORJADO, NORMAS TÉCNICAS: NBR 15808, PRESSÃO SERVIÇO: 10,5;CIL;80,0000;171,0500;13684,0000;0,0000;31/12/2026
HOSPITAL ESTADUAL TELECILA FREITAS FONTES /RN;932126;742;Material;932126-6/2026;Máquinas, equipamentos, ferramentas e assessórios para manutenção;Catálogo do Compras.gov.br;Material;6150;EQUIPAMENTOS DIVERSOS PARA GERAÇÃO E DISTRIBUIÇÃO DE ENERGIA;5714;EXTENSÃO ELÉTRICA;612557;COMPONENTES: 5 TOMADAS, 2P+T, COMPRIMENTO: 30, CONEXÕES: 1(UMA) ENTRADA 2P+T E 5 SAÍDAS 2P+T, CORRENTE NOMINAL: 10, FORMATO CONTATO: PADRÃO BRASILEIRO, FORMAÇÃO DO CABO: 3 X 2,5, GRAU PROTEÇÃO: IP44, MATERIAL: TERMOPLÁSTICO ANTI-CHAMA, NORMAS TÉCNICAS: NBR 14136, NÚMERO PÓLOS: 2P + T, POTÊNCIA MÁXIMA: 2.200, REFERÊNCIA: FORCE LINE 0181200019, SEÇÃO NOMINAL: 2,5, TEMPERATURA OPERAÇÃO: 70°, TENSÃO ENTRADA: 110-127, TENSÃO NOMINAL: 110/220, TIPO: CARRETEL;UN;30,0000;48,8200;1464,6000;0,0000;31/12/2026
HOSPITAL ESTADUAL TELECILA FREITAS FONTES /RN;932126;743;Material;932126-6/2026;Máquinas, equipamentos, ferramentas e assessórios para manutenção;Catálogo do Compras.gov.br;Material;6130;CONVERSORES ELÉTRICOS ESTÁTICOS;7709;FONTE ALIMENTAÇÃO;478703;APLICAÇÃO: COMPUTADOR, CARACTERÍSTICAS ADICIONAIS: 4 CONECTORES SATA, 4 CONECTORES HDD, DIMENSÕES: 12,5 X 6,35 X 10 CM, MODELO: MICRO ATX, POTÊNCIA NOMINAL: 300, TENSÃO ALIMENTAÇÃO: 110 / 220, TIPO: SLIM;UN;10,0000;278,9000;2789,0000;0,0000;31/12/2026
HOSPITAL ESTADUAL TELECILA FREITAS FONTES /RN;932126;744;Material;932126-6/2026;Máquinas, equipamentos, ferramentas e assessórios para manutenção;Catálogo do Compras.gov.br;Material;6115;GERADORES E CONJUNTOS GERADORES ELÉTRICOS;8113;GRUPO DIESEL GERADOR;622928;APLICAÇÃO: SISTEMA DE EMERGÊNCIA, COMPONENTES: TANQUE DE 56 LITROS, DISJUNTOR MANUAL E CHAVE DE T, FATOR POTÊNCIA: 0,8, FREQUÊNCIA: 60, POTÊNCIA: 70, QUANTIDADE FASES: TRIFÁSICO, TENSÃO NOMINAL: 220, TENSÃO SAÍDA: 220, TIPO COMANDO: AUTOMÁTICO E MANUAL, TIPO OPERAÇÃO: AUTOMÁTICA, TIPO REFRIGERAÇÃO: ATRAVÉS DE RADIADOR, USO: FONTE AUXILIAR TENSÃO;UN;2,0000;54541,3800;109082,7600;0,0000;31/12/2026
HOSPITAL ESTADUAL TELECILA FREITAS FONTES /RN;932126;745;Material;932126-6/2026;Máquinas, equipamentos, ferramentas e assessórios para manutenção;Catálogo do Compras.gov.br;Material;5920;FUSÍVEIS INTERRUPTORES, ISOLANTES E PROTETORES;495;HASTE ATERRAMENTO;623965;CARACTERÍSTICAS ADICIONAIS: ALTA CAMADA, COMPRIMENTO: 2.400, DIÂMETRO: 3/4, MATERIAL: COBRE;UN;20,0000;153,7900;3075,8000;0,0000;31/12/2026
HOSPITAL ESTADUAL TELECILA FREITAS FONTES /RN;932126;746;Material;932126-6/2026;Máquinas, equipamentos, ferramentas e assessórios para manutenção;Catálogo do Compras.gov.br;Material;5180;JOGOS E CONJUNTOS DE FERRAMENTAS MANUAIS;14636;CONJUNTO FERRAMENTAS;467539;APLICAÇÃO: FERRAMENTAS PARA COMPUTADOR, COMPONENTES: KIT COM 13 PEÇAS;UN;3,0000;44,8900;134,6700;0,0000;31/12/2026
HOSPITAL ESTADUAL TELECILA FREITAS FONTES /RN;932126;747;Material;932126-6/2026;Máquinas, equipamentos, ferramentas e assessórios para manutenção;Catálogo do Compras.gov.br;Material;8115;CAIXAS, CAIXOTES E ENGRADADOS;18472;ORGANIZADOR;623402;ALTURA: 39, CAPACIDADE: 15, CARACTERÍSTICAS ADICIONAIS: 14 COMPARTIMENTOS,, GAVETAS:  5 X  10,4 X 24 CM, COMPRIMENTO: 24,3, LARGURA: 22,2, MATERIAL: PLÁSTICO, POLIESTIRENO DE ALTO IMPACTO;UN;20,0000;183,3700;3667,4000;0,0000;31/12/2026
HOSPITAL ESTADUAL TELECILA FREITAS FONTES /RN;932126;748;Material;932126-6/2026;Máquinas, equipamentos, ferramentas e assessórios para manutenção;Catálogo do Compras.gov.br;Material;6110;EQUIPAMENTOS DE CONTROLE ELÉTRICO;7068;ESTABILIZADOR TENSÃO;620708;AUTONOMIA BATERIA: 15 MIN A PLENA CARGA, CAPACIDADE: 600, QUANTIDADE TOMADAS SAÍDA: 4, TENSÃO ALIMENTAÇÃO ENTRADA: 115/220, TIPO: NOBREAK;UN;5,0000;499,0000;2495,0000;0,0000;31/12/2026
HOSPITAL ESTADUAL TELECILA FREITAS FONTES /RN;932126;749;Material;932126-6/2026;Máquinas, equipamentos, ferramentas e assessórios para manutenção;Catálogo do Compras.gov.br;Material;6110;EQUIPAMENTOS DE CONTROLE ELÉTRICO;7068;ESTABILIZADOR TENSÃO;482633;BATERIA: SELADA, CAPACIDADE NOMINAL: 3, CARACTERÍSTICAS ADICIONAIS: COMUNICAÇÃO COM INTERFACE USB, FREQÜÊNCIA: 40HZ - 70HZ, QUANTIDADE TOMADAS SAÍDA: 12 TOMADAS 2P+T, TENSÃO ALIMENTAÇÃO ENTRADA: BIVOLT, TENSÃO SAÍDA: BIVOLT, TIPO: NOBREAK, TIPO ALARME: SONORO;UN;5,0000;152,1000;760,5000;0,0000;31/12/2026
HOSPITAL ESTADUAL TELECILA FREITAS FONTES /RN;932126;750;Material;932126-6/2026;Máquinas, equipamentos, ferramentas e assessórios para manutenção;Catálogo do Compras.gov.br;Material;6110;EQUIPAMENTOS DE CONTROLE ELÉTRICO;7068;ESTABILIZADOR TENSÃO;481193;CAPACIDADE NOMINAL: 2, NORMAS TÉCNICAS: NBR14136, TIPO: NOBREAK, TIPO ONDA: SENOIDAL;UN;5,0000;365,0000;1825,0000;0,0000;31/12/2026
HOSPITAL ESTADUAL TELECILA FREITAS FONTES /RN;932126;751;Material;932126-6/2026;Máquinas, equipamentos, ferramentas e assessórios para manutenção;Catálogo do Compras.gov.br;Material;6110;EQUIPAMENTOS DE CONTROLE ELÉTRICO;7068;ESTABILIZADOR TENSÃO;481194;CAPACIDADE NOMINAL: 300 A 700, TIPO: NOBREAK, TIPO ONDA: SENOIDAL;UN;5,0000;310,0000;1550,0000;0,0000;31/12/2026
HOSPITAL ESTADUAL TELECILA FREITAS FONTES /RN;932126;752;Material;932126-6/2026;Máquinas, equipamentos, ferramentas e assessórios para manutenção;Catálogo do Compras.gov.br;Material;6110;EQUIPAMENTOS DE CONTROLE ELÉTRICO;7068;ESTABILIZADOR TENSÃO;458570;CAPACIDADE NOMINAL: 3,1, CARACTERÍSTICAS ADICIONAIS: BYPASS AUTOMÁTICO E MANUAL, FATOR POTÊNCIA: 0,8, FREQÜÊNCIA: 60, QUANTIDADE FASES: BIFÁSICO (F+F+T), TENSÃO ALIMENTAÇÃO ENTRADA: 220, TENSÃO SAÍDA: 220, TIPO: MICROCONTROLADO, TIPO ONDA: SENOIDAL, VARIAÇÃO ENTRADA: +/- 15%;UN;5,0000;676,9000;3384,5000;0,0000;31/12/2026
HOSPITAL ESTADUAL TELECILA FREITAS FONTES /RN;932126;753;Material;932126-6/2026;Máquinas, equipamentos, ferramentas e assessórios para manutenção;Catálogo do Compras.gov.br;Material;4510;DISPOSITIVOS E ACESSÓRIOS PARA INSTALAÇÕES HIDRÁULICAS;10697;PIA;622110;CARACTERÍSTICAS ADICIONAIS: COM COLUNA, COMPRIMENTO: 47, LARGURA: 42,5, MATERIAL: LOUÇA;UN;30,0000;127,9500;3838,5000;0,0000;31/12/2026
HOSPITAL ESTADUAL TELECILA FREITAS FONTES /RN;932126;754;Material;932126-6/2026;Máquinas, equipamentos, ferramentas e assessórios para manutenção;Catálogo do Compras.gov.br;Material;4240;EQUIPAMENTO PARA SEGURANÇA E SALVAMENTO;6751;ACESSÓRIO EQUIPAMENTO SEGURANÇA;617449;APLICAÇÃO: SALVAMENTO DE VÍTIMAS EM MEIO AQUATICO, DIMENSÕES: 2.440 X 586 X 76, MATERIAL: TECCEL E POLIESTER, TIPO: PRANCHÃO;UN;5,0000;399,9000;1999,5000;0,0000;31/12/2026
HOSPITAL ESTADUAL TELECILA FREITAS FONTES /RN;932126;755;Material;932126-6/2026;Máquinas, equipamentos, ferramentas e assessórios para manutenção;Catálogo do Compras.gov.br;Material;5340;FERRAGENS DIVERSAS;4944;CHAVEIRO;455048;APLICAÇÃO: USO GERAL, CARACTERÍSTICAS ADICIONAIS: CONFORME MODELO DO ÓRGÃO, COR: SORTIDA, MATERIAL: PLÁSTICO, TAMANHO: 6 X 3;POTE;2,0000;129,9700;259,9400;0,0000;31/12/2026
HOSPITAL ESTADUAL TELECILA FREITAS FONTES /RN;932126;756;Material;932126-6/2026;Máquinas, equipamentos, ferramentas e assessórios para manutenção;Catálogo do Compras.gov.br;Material;6645;INSTRUMENTOS PARA MEDIÇÃO DE TEMPO;482;RELÓGIO;482587;ALTURA: 30, CARACTERÍSTICAS ADICIONAIS: LED, CRONÔMETRO PROGRESSIVO E REGRESSIVO, FUNCIONAMENTO: ELÉTRICO, MATERIAL: PLÁSTICO, MOSTRADOR: DIGITAL, TIPO: PAREDE, ESPESSURA: 5;UN;20,0000;117,1000;2342,0000;0,0000;31/12/2026
HOSPITAL ESTADUAL TELECILA FREITAS FONTES /RN;932126;757;Material;932126-6/2026;Máquinas, equipamentos, ferramentas e assessórios para manutenção;Catálogo do Compras.gov.br;Material;6685;INSTRUMENTOS PARA MEDIÇÃO E CONTROLE DE PRESSÃO,TEMPERATURA E UMIDADE;14825;TERMOHIGRÔMETRO;442791;APLICAÇÃO: MONITORAMENTO TEMPERATURA E HUMIDADE, FAIXA TEMPERATURA: 0 A 50, RESOLUÇÃO: 1%, TIPO: DIGITAL, FAIXA MEDIÇÃO HUMIDADE RELATIVA: 10 A 95;UN;10,0000;116,0300;1160,3000;0,0000;31/12/2026
HOSPITAL ESTADUAL TELECILA FREITAS FONTES /RN;932126;758;Material;932126-6/2026;Máquinas, equipamentos, ferramentas e assessórios para manutenção;Catálogo do Compras.gov.br;Material;6625;INSTRUMENTO DE TESTE E DE MEDIÇÃO DE PROPRIEDADES ELÉTRICAS E ELETRÔNICAS;12692;TESTADOR;326619;APLICAÇÃO: TESTADOR DE CABOS, CARACTERÍSTICAS ADICIONAIS: CONEXÃO TROCADA, CURTO CIRCUITO, CIRCUITO ABERTO E, CONECTORES: RJ-45/ RJ-11;UN;5,0000;32,9000;164,5000;0,0000;31/12/2026
HOSPITAL ESTADUAL TELECILA FREITAS FONTES /RN;932126;759;Material;932126-6/2026;Máquinas, equipamentos, ferramentas e assessórios para manutenção;Catálogo do Compras.gov.br;Material;4240;EQUIPAMENTO PARA SEGURANÇA E SALVAMENTO;14333;ABAFADOR RUÍDO AURICULAR;621061;CARACTERÍSTICAS ADICIONAIS: NÍVEL DE ATENUAÇÃO DE RUÍDO: 10 DB, FORMATO: CONCHA, MATERIAL: PLÁSTICO ABS;UN;100,0000;12,2800;1228,0000;0,0000;31/12/2026
HOSPITAL ESTADUAL TELECILA FREITAS FONTES /RN;932126;760;Material;932126-6/2026;Máquinas, equipamentos, ferramentas e assessórios para manutenção;Catálogo do Compras.gov.br;Material;5325;DISPOSITIVOS PARA FIXAÇÃO;578;ABRAÇADEIRA;625049;COMPRIMENTO TOTAL: 300, LARGURA: 4,5, MATERIAL: NÁILON 6.6;PCT;30,0000;44,4400;1333,2000;0,0000;31/12/2026
HOSPITAL ESTADUAL TELECILA FREITAS FONTES /RN;932126;761;Material;932126-6/2026;Máquinas, equipamentos, ferramentas e assessórios para manutenção;Catálogo do Compras.gov.br;Material;5325;DISPOSITIVOS PARA FIXAÇÃO;578;ABRAÇADEIRA;614249;APLICAÇÃO: AMARRAÇÃO DE CABOS E FIOS, CARACTERÍSTICAS ADICIONAIS: PCT 100 UN, COMPRIMENTO TOTAL: 100, COR: BRANCA, LARGURA: 2,5, MATERIAL: NÁILON, TIPO: COM RANHURAS;PCT;100,0000;5,6100;561,0000;0,0000;31/12/2026
HOSPITAL ESTADUAL TELECILA FREITAS FONTES /RN;932126;762;Material;932126-6/2026;Máquinas, equipamentos, ferramentas e assessórios para manutenção;Catálogo do Compras.gov.br;Material;4730;ACESSÓRIOS E FERRAGENS ESPECIAIS PARA  MANGUEIRAS, CANOS  E TUBOS;13546;CONEXÃO HIDRÁULICA;626239;APLICAÇÃO: INSTALAÇÕES PREDIAIS ÁGUA FRIA, BITOLA I: 25 MM X 3/4, MATERIAL: PVC - CLORETO DE POLIVINILA, TIPO: ADAPTADOR, TIPO FIXAÇÃO: SOLDÁVEL E ROSCÁVEL;UN;20,0000;0,9200;18,4000;0,0000;31/12/2026
HOSPITAL ESTADUAL TELECILA FREITAS FONTES /RN;932126;763;Material;932126-6/2026;Máquinas, equipamentos, ferramentas e assessórios para manutenção;Catálogo do Compras.gov.br;Material;4730;ACESSÓRIOS E FERRAGENS ESPECIAIS PARA  MANGUEIRAS, CANOS  E TUBOS;13546;CONEXÃO HIDRÁULICA;619609;BITOLA: 25 X 20, MATERIAL: PVC - CLORETO DE POLIVINILA, TIPO: TÊ DE REDUÇÃO 90°, TIPO FIXAÇÃO: SOLDÁVEL E ROSCÁVEL;UN;30,0000;4,4100;132,3000;0,0000;31/12/2026
HOSPITAL ESTADUAL TELECILA FREITAS FONTES /RN;932126;764;Material;932126-6/2026;Máquinas, equipamentos, ferramentas e assessórios para manutenção;Catálogo do Compras.gov.br;Material;4730;ACESSÓRIOS E FERRAGENS ESPECIAIS PARA  MANGUEIRAS, CANOS  E TUBOS;13546;CONEXÃO HIDRÁULICA;615693;APLICAÇÃO: INSTALAÇÃO HIDROSSANITÁRIA, BITOLA I: 6, CARACTERISTICA 2: CLASSE 20, COR: MARROM, MATERIAL: PVC, REFERÊNCIA: PBS, TIPO: TUBO;UN;15,0000;5,1700;77,5500;0,0000;31/12/2026
HOSPITAL ESTADUAL TELECILA FREITAS FONTES /RN;932126;765;Material;932126-6/2026;Máquinas, equipamentos, ferramentas e assessórios para manutenção;Catálogo do Compras.gov.br;Material;4730;ACESSÓRIOS E FERRAGENS ESPECIAIS PARA  MANGUEIRAS, CANOS  E TUBOS;13546;CONEXÃO HIDRÁULICA;616545;APLICAÇÃO: INSTALAÇÕES PREDIAIS ÁGUA FRIA, BITOLA LADO SOLDÁVEL: 32, CARACTERÍSTICAS ADICIONAIS: COM BUCHA DE LATÃO, MATERIAL: PVC, TIPO: LUVA DE REDUÇÃO, TIPO FIXAÇÃO: SOLDÁVEL E ROSCÁVEL;UN;20,0000;2,6500;53,0000;0,0000;31/12/2026
HOSPITAL ESTADUAL TELECILA FREITAS FONTES /RN;932126;766;Material;932126-6/2026;Máquinas, equipamentos, ferramentas e assessórios para manutenção;Catálogo do Compras.gov.br;Material;4730;ACESSÓRIOS E FERRAGENS ESPECIAIS PARA  MANGUEIRAS, CANOS  E TUBOS;13546;CONEXÃO HIDRÁULICA;265179;APLICAÇÃO: INSTALAÇÃO HIDRÁULICA, BITOLA LADO SOLDÁVEL: 50, COR: MARROM, MATERIAL: PVC - CLORETO DE POLIVINILA, NORMAS TÉCNICAS: NBR 5.648, TIPO: ADAPTADOR CURTO, TIPO FIXAÇÃO: SOLDÁVEL E ROSCÁVEL, BITOLA LADO ROSCÁVEL: 1 1/2;UN;20,0000;4,7200;94,4000;0,0000;31/12/2026
HOSPITAL ESTADUAL TELECILA FREITAS FONTES /RN;932126;767;Material;932126-6/2026;Máquinas, equipamentos, ferramentas e assessórios para manutenção;Catálogo do Compras.gov.br;Material;4730;ACESSÓRIOS E FERRAGENS ESPECIAIS PARA  MANGUEIRAS, CANOS  E TUBOS;13546;CONEXÃO HIDRÁULICA;265177;APLICAÇÃO: INSTALAÇÃO HIDRÁULICA, BITOLA LADO SOLDÁVEL: 60, COR: MARROM, MATERIAL: PVC - CLORETO DE POLIVINILA, NORMAS TÉCNICAS: NBR 5.648, TIPO: ADAPTADOR CURTO, TIPO FIXAÇÃO: SOLDÁVEL E ROSCÁVEL, BITOLA LADO ROSCÁVEL: 2;UN;10,0000;14,6700;146,7000;0,0000;31/12/2026
HOSPITAL ESTADUAL TELECILA FREITAS FONTES /RN;932126;820;Material;932126-6/2026;Máquinas, equipamentos, ferramentas e assessórios para manutenção;Catálogo do Compras.gov.br;Material;5365;ANÉIS, BUCHAS E ESPAÇADORES;634;BUCHA PARAFUSO;613897;CARACTERÍSTICAS ADICIONAIS: COM PARAFUSO TIPO PHILLIPS, MATERIAL: PLÁSTICO, TAMANHO: 8MM;CX;10,0000;14,2000;142,0000;0,0000;31/12/2026
HOSPITAL ESTADUAL TELECILA FREITAS FONTES /RN;932126;768;Material;932126-6/2026;Máquinas, equipamentos, ferramentas e assessórios para manutenção;Catálogo do Compras.gov.br;Material;4730;ACESSÓRIOS E FERRAGENS ESPECIAIS PARA  MANGUEIRAS, CANOS  E TUBOS;13546;CONEXÃO HIDRÁULICA;616544;APLICAÇÃO: INSTALAÇÕES PREDIAIS ÁGUA FRIA, BITOLA LADO SOLDÁVEL: 20, CARACTERÍSTICAS ADICIONAIS: COM BUCHA DE LATÃO, MATERIAL: PVC, TIPO: LUVA DE REDUÇÃO, TIPO FIXAÇÃO: SOLDÁVEL E ROSCÁVEL;UN;10,0000;3,6500;36,5000;0,0000;31/12/2026
HOSPITAL ESTADUAL TELECILA FREITAS FONTES /RN;932126;769;Material;932126-6/2026;Máquinas, equipamentos, ferramentas e assessórios para manutenção;Catálogo do Compras.gov.br;Material;4730;ACESSÓRIOS E FERRAGENS ESPECIAIS PARA  MANGUEIRAS, CANOS  E TUBOS;13546;CONEXÃO HIDRÁULICA;236805;APLICAÇÃO: REDE HIDRÁULICA E ESGOTO, BITOLA LADO SOLDÁVEL: 75, MATERIAL: PVC - CLORETO DE POLIVINILA, TIPO: ADAPTADOR CURTO, TIPO FIXAÇÃO: SOLDÁVEL E ROSCÁVEL, BITOLA LADO ROSCÁVEL: 2 1/2;UN;10,0000;11,9500;119,5000;0,0000;31/12/2026
HOSPITAL ESTADUAL TELECILA FREITAS FONTES /RN;932126;770;Material;932126-6/2026;Máquinas, equipamentos, ferramentas e assessórios para manutenção;Catálogo do Compras.gov.br;Material;4730;ACESSÓRIOS E FERRAGENS ESPECIAIS PARA  MANGUEIRAS, CANOS  E TUBOS;13546;CONEXÃO HIDRÁULICA;236806;APLICAÇÃO: REDE HIDRÁULICA E ESGOTO, BITOLA LADO SOLDÁVEL: 85, MATERIAL: PVC - CLORETO DE POLIVINILA, TIPO: ADAPTADOR CURTO, TIPO FIXAÇÃO: SOLDÁVEL E ROSCÁVEL, BITOLA LADO ROSCÁVEL: 3;UN;8,0000;36,2200;289,7600;0,0000;31/12/2026
HOSPITAL ESTADUAL TELECILA FREITAS FONTES /RN;932126;771;Material;932126-6/2026;Máquinas, equipamentos, ferramentas e assessórios para manutenção;Catálogo do Compras.gov.br;Material;8040;ADESIVOS;13894;COLA;428202;APLICAÇÃO: VIDRO,BORRACHA,PLÁSTICO,PVC,METAL,ACRÍLICO,NÁILON, APRESENTAÇÃO: EMBALAGEM 4G, CARACTERÍSTICAS ADICIONAIS: GEL, COMPOSIÇÃO: CIANIACRILATO, COR: INCOLOR, TIPO: INSTANTÂNEA;BIS;30,0000;5,9800;179,4000;0,0000;31/12/2026
HOSPITAL ESTADUAL TELECILA FREITAS FONTES /RN;932126;772;Material;932126-6/2026;Máquinas, equipamentos, ferramentas e assessórios para manutenção;Catálogo do Compras.gov.br;Material;8040;ADESIVOS;11348;ADESIVO CONEXÃO HIDRÁULICA;268188;CARACTERÍSTICAS ADICIONAIS: COLAGEM ULTRA RÁPIDA, COMPOSIÇÃO: BISNAGAS DUPLAS PARA MISTURA INSTANTÂNEA, APLICAÇÃO: TUBOS E CONEXÕES DE PVC, APRESENTAÇÃO: BISNAGA;UN;30,0000;5,4100;162,3000;0,0000;31/12/2026
HOSPITAL ESTADUAL TELECILA FREITAS FONTES /RN;932126;773;Material;932126-6/2026;Máquinas, equipamentos, ferramentas e assessórios para manutenção;Catálogo do Compras.gov.br;Material;8040;ADESIVOS;11348;ADESIVO CONEXÃO HIDRÁULICA;238932;COMPOSIÇÃO: ACETONA/METILETILCETONA/TOLUAL E RESINA PVC, PRAZO VALIDADE: 1 ANO APÓS FABRICAÇÃO, APLICAÇÃO: TUBOS E CONEXÕES DE PVC, APRESENTAÇÃO: BISNAGA;FR;5,0000;40,9000;204,5000;0,0000;31/12/2026
HOSPITAL ESTADUAL TELECILA FREITAS FONTES /RN;932126;774;Material;932126-6/2026;Máquinas, equipamentos, ferramentas e assessórios para manutenção;Catálogo do Compras.gov.br;Material;6850;ESPECIALIDADES QUÍMICAS DIVERSAS;2116;ADITIVO;380078;APLICAÇÃO: CONCRETO E ARGAMASSA PARA CONSTRUÇÃO, ASPECTO FÍSICO: LÍQUIDO, CARACTERÍSTICAS ADICIONAIS: DENSIDADE 1,02 G/CM3 / ISENTO DE CLORETOS, COMPONENTE BÁSICO: RESINA SINTÉTICA E COPOLÍMERO, COR: BRANCO, NORMAS TÉCNICAS: NBR 11905;UN;5,0000;79,9000;399,5000;0,0000;31/12/2026
HOSPITAL ESTADUAL TELECILA FREITAS FONTES /RN;932126;775;Material;932126-6/2026;Máquinas, equipamentos, ferramentas e assessórios para manutenção;Catálogo do Compras.gov.br;Material;5120;FERRAMENTAS MANUAIS SEM CORTE, NÃO ACIONADAS  POR  FORÇA  MOTRIZ;2234;ALAVANCA;241405;COMPRIMENTO: 1,50, MATERIAL: AÇO;UN;5,0000;148,0000;740,0000;0,0000;31/12/2026
HOSPITAL ESTADUAL TELECILA FREITAS FONTES /RN;932126;776;Material;932126-6/2026;Máquinas, equipamentos, ferramentas e assessórios para manutenção;Catálogo do Compras.gov.br;Material;5210;INSTRUMENTOS DE MEDIÇÃO PARA ARTÍFICES;2304;ALICATE AMPERÍMETRO;615291;ABERTURA DA GARRA: 30, ALIMENTAÇÃO: 2 PILHAS AAA, APLICAÇÃO: ELETRICIDADE, CARACTERÍSTICAS ADICIONAIS: PONTA DE PROVA TL75 CAT II 1000V, 10A, CATEGORIA: CAT III 600V E CAT IV 300V, CORRENTE: 400, MATERIAL: PLÁSTICO, RESISTÊNCIA: 4, TEMPERATURA: 0 A 40, TIPO: DISPLAY ILUMINADO, VOLTAGEM: 600, VOLTAGEM BATERIA: 1,5;UN;3,0000;280,3300;840,9900;0,0000;31/12/2026
HOSPITAL ESTADUAL TELECILA FREITAS FONTES /RN;932126;777;Material;932126-6/2026;Máquinas, equipamentos, ferramentas e assessórios para manutenção;Catálogo do Compras.gov.br;Material;5210;INSTRUMENTOS DE MEDIÇÃO PARA ARTÍFICES;2304;ALICATE AMPERÍMETRO;609368;ALIMENTAÇÃO: 3 PILHAS AAA DE 1,5V, APLICAÇÃO: LABORATÓRIO DIDATICOS, CARACTERÍSTICAS ADICIONAIS: COM DISPLAY LCD COLORIDO, CAPACITÂNCIA DE 10 NANO, CORRENTE: 1000A AC/ 1000A DC, MATERIAL: PLÁSTICO, TIPO: DIGITAL, VOLTAGEM: 1000V DC/750V AC, VOLTAGEM BATERIA: 1,5;UN;1,0000;329,0000;329,0000;0,0000;31/12/2026
HOSPITAL ESTADUAL TELECILA FREITAS FONTES /RN;932126;778;Material;932126-6/2026;Máquinas, equipamentos, ferramentas e assessórios para manutenção;Catálogo do Compras.gov.br;Material;5120;FERRAMENTAS MANUAIS SEM CORTE, NÃO ACIONADAS  POR  FORÇA  MOTRIZ;14823;ALICATE BOMBA D'ÁGUA;616094;ABERTURA DA BOCA: 10, AJUSTE: MANDÍBULAS PARALELAS, CARACTERÍSTICAS ADICIONAIS: MORDENTES COM ESTRIAS PROFUNDAS, MATERIAL: AÇO VANÁDIO, TRATAMENTO SUPERFICIAL: CROMADO;UN;2,0000;109,9900;219,9800;0,0000;31/12/2026
HOSPITAL ESTADUAL TELECILA FREITAS FONTES /RN;932126;779;Material;932126-6/2026;Máquinas, equipamentos, ferramentas e assessórios para manutenção;Catálogo do Compras.gov.br;Material;5120;FERRAMENTAS MANUAIS SEM CORTE, NÃO ACIONADAS  POR  FORÇA  MOTRIZ;2313;ALICATE PARA CLIMPAR;291168;CARACTERÍSTICAS ADICIONAIS: LÂMINA DE CORTE DE FIO E DECAPAGEM, MATERIAL: METAL, TIPO CABO: ISOLADO, APLICAÇÃO: CONECTORES RJ11, RJ12 E RJ45;UN;5,0000;39,9000;199,5000;0,0000;31/12/2026
HOSPITAL ESTADUAL TELECILA FREITAS FONTES /RN;932126;780;Material;932126-6/2026;Máquinas, equipamentos, ferramentas e assessórios para manutenção;Catálogo do Compras.gov.br;Material;5110;FERRAMENTAS MANUAIS DE CORTE, NÃO ACIONADAS POR FORÇA MOTRIZ;690;ALICATE BICO MEIA CANA;359961;CARACTERÍSTICAS ADICIONAIS: FOSFATIZADO, COMPRIMENTO: 130, MATERIAL: AÇO CROMO VANÁDIO, MATERIAL CABO: PVC - CLORETO DE POLIVINILA RÍGIDO, TIPO: CURTO;UN;10,0000;41,7100;417,1000;0,0000;31/12/2026
HOSPITAL ESTADUAL TELECILA FREITAS FONTES /RN;932126;781;Material;932126-6/2026;Máquinas, equipamentos, ferramentas e assessórios para manutenção;Catálogo do Compras.gov.br;Material;5110;FERRAMENTAS MANUAIS DE CORTE, NÃO ACIONADAS POR FORÇA MOTRIZ;2308;ALICATE DE CORTE;445278;COMPRIMENTO: 160, MATERIAL: AÇO CROMO VANÁDIO, TIPO CABO: ISOLADO, TIPO CORTE: DIAGONAL;UN;10,0000;44,5600;445,6000;0,0000;31/12/2026
HOSPITAL ESTADUAL TELECILA FREITAS FONTES /RN;932126;782;Material;932126-6/2026;Máquinas, equipamentos, ferramentas e assessórios para manutenção;Catálogo do Compras.gov.br;Material;5120;FERRAMENTAS MANUAIS SEM CORTE, NÃO ACIONADAS  POR  FORÇA  MOTRIZ;2311;ALICATE DE PRESSÃO;602729;ABERTURA DA BOCA: 10-70MM, APLICAÇÃO: PARA SOLDA, COMPRIMENTO: 11°, MATERIAL: AÇO CROMO VANÁDIO;UN;3,0000;49,9000;149,7000;0,0000;31/12/2026
HOSPITAL ESTADUAL TELECILA FREITAS FONTES /RN;932126;783;Material;932126-6/2026;Máquinas, equipamentos, ferramentas e assessórios para manutenção;Catálogo do Compras.gov.br;Material;5110;FERRAMENTAS MANUAIS DE CORTE, NÃO ACIONADAS POR FORÇA MOTRIZ;693;ALICATE DESCASCAR FIO;616634;ACABAMENTO: ERGONOMICO EM POLIPROPILENO E REVESTIMENTO EM BORR, CARACTERÍSTICAS ADICIONAIS: CRIMPA TERMINAIS COM E SEM ISOLAMENTO E DE IGNIÇAO, COMPRIMENTO: 8 POLEGADAS, MATERIAL: AÇO CARBONO;UN;5,0000;129,9000;649,5000;0,0000;31/12/2026
HOSPITAL ESTADUAL TELECILA FREITAS FONTES /RN;932126;784;Material;932126-6/2026;Máquinas, equipamentos, ferramentas e assessórios para manutenção;Catálogo do Compras.gov.br;Material;5120;FERRAMENTAS MANUAIS SEM CORTE, NÃO ACIONADAS  POR  FORÇA  MOTRIZ;2318;ALICATE REBITADOR PEÇAS / ACESSÓRIOS;486503;BICOS: 3,0MM - 4,0MM - 5,0MM, MATERIAL CABO: PVC, MATERIAL CORPO: AÇO, TIPO: MANUAL;UN;5,0000;23,9000;119,5000;0,0000;31/12/2026
HOSPITAL ESTADUAL TELECILA FREITAS FONTES /RN;932126;785;Material;932126-6/2026;Máquinas, equipamentos, ferramentas e assessórios para manutenção;Catálogo do Compras.gov.br;Material;5110;FERRAMENTAS MANUAIS DE CORTE, NÃO ACIONADAS POR FORÇA MOTRIZ;2305;ALICATE BICO;251024;ACABAMENTO SUPERFICIAL: CROMADO E POLIDO, CARACTERÍSTICAS ADICIONAIS: TRATAMENTO TÉRMICO POR INDUÇÃO NO CORTE, COMPRIMENTO: 200, MATERIAL: AÇO CROMO VANÁDIO, TIPO: BICO CURVO A 45°;UN;3,0000;128,7500;386,2500;0,0000;31/12/2026
HOSPITAL ESTADUAL TELECILA FREITAS FONTES /RN;932126;786;Material;932126-6/2026;Máquinas, equipamentos, ferramentas e assessórios para manutenção;Catálogo do Compras.gov.br;Material;5110;FERRAMENTAS MANUAIS DE CORTE, NÃO ACIONADAS POR FORÇA MOTRIZ;702;ALICATE UNIVERSAL;445372;COMPRIMENTO: 8, MATERIAL: AÇO CROMO VANÁDIO, MATERIAL CABO: PLÁSTICO, TIPO CABO: ISOLADO 1.OOO VOLTS, TIPO CORTE: LATERAL;UN;10,0000;46,9000;469,0000;0,0000;31/12/2026
HOSPITAL ESTADUAL TELECILA FREITAS FONTES /RN;932126;787;Material;932126-6/2026;Máquinas, equipamentos, ferramentas e assessórios para manutenção;Catálogo do Compras.gov.br;Material;3750;IMPLEMENTOS E FERRAMENTAS DE JARDINAGEM;596;ANCINHO JARDINAGEM;601864;ALTURA DENTES: 92, CARACTERÍSTICAS ADICIONAIS: COM CABO MADEIRA, ESPESSURA DENTES: 3,75, LARGURA TOTAL: 35, MATERIAL: AÇO, QUANTIDADE DENTES: 14;UN;4,0000;53,2800;213,1200;0,0000;31/12/2026
HOSPITAL ESTADUAL TELECILA FREITAS FONTES /RN;932126;788;Material;932126-6/2026;Máquinas, equipamentos, ferramentas e assessórios para manutenção;Catálogo do Compras.gov.br;Material;5440;EQUIPAMENTOS PARA MONTAGEM DE ANDAIME E FORMAS DE CONCRETO;1000;ANDAIME;392089;ACESSÓRIOS: DIAGONAL, CARACTERÍSTICAS ADICIONAIS: TIPO "H", MATERIAL: AÇO CARBONO, MODELO: TUBULAR MODULADO;UN;20,0000;59,7500;1195,0000;0,0000;31/12/2026
HOSPITAL ESTADUAL TELECILA FREITAS FONTES /RN;932126;789;Material;932126-6/2026;Máquinas, equipamentos, ferramentas e assessórios para manutenção;Catálogo do Compras.gov.br;Material;4510;DISPOSITIVOS E ACESSÓRIOS PARA INSTALAÇÕES HIDRÁULICAS;14317;ACESSÓRIOS BANHEIRO;471262;COMPONENTES: KIT PARAFUSOS PARA FIXAÇÃO E ANEL VEDAÇÃO, MATERIAL: LATÃO CROMADO, TIPO: SUPORTE PARA FIXAÇÃO DE BACIA SANITÁRIA;UN;50,0000;38,4600;1923,0000;0,0000;31/12/2026
HOSPITAL ESTADUAL TELECILA FREITAS FONTES /RN;932126;790;Material;932126-6/2026;Máquinas, equipamentos, ferramentas e assessórios para manutenção;Catálogo do Compras.gov.br;Material;5110;FERRAMENTAS MANUAIS DE CORTE, NÃO ACIONADAS POR FORÇA MOTRIZ;695;ARCO SERRA;311040;CARACTERÍSTICAS ADICIONAIS: PROFUNDIDADE DE CORTE DE 90 MM, LÂMINA SERRA: STANDARD 12 POLEGADAS, MATERIAL CABO: POLIPROPILENO, TIPO: REGULÁVEL, TRATAMENTO SUPERFICIAL: NIQUELADO, TAMANHO: 12;UN;15,0000;31,3500;470,2500;0,0000;31/12/2026
HOSPITAL ESTADUAL TELECILA FREITAS FONTES /RN;932126;791;Material;932126-6/2026;Máquinas, equipamentos, ferramentas e assessórios para manutenção;Catálogo do Compras.gov.br;Material;5610;MATERIAIS DE ORIGEM MINERAL PARA CONSTRUÇÃO, A GRANEL;862;AREIA;619065;GRANULOMETRIA: MÉDIA, TIPO: SAIBRO;M3;90,0000;107,2600;9653,4000;0,0000;31/12/2026
HOSPITAL ESTADUAL TELECILA FREITAS FONTES /RN;932126;792;Material;932126-6/2026;Máquinas, equipamentos, ferramentas e assessórios para manutenção;Catálogo do Compras.gov.br;Material;5610;MATERIAIS DE ORIGEM MINERAL PARA CONSTRUÇÃO, A GRANEL;14331;ARGAMASSA;616640;COMPOSIÇÃO: CIMENTO, AGREGADOS MINERAIS E ADITIVOS QUIMICOS, COR: BRANCA, TIPO: AC III;SC;10,0000;31,9900;319,9000;0,0000;31/12/2026
HOSPITAL ESTADUAL TELECILA FREITAS FONTES /RN;932126;793;Material;932126-6/2026;Máquinas, equipamentos, ferramentas e assessórios para manutenção;Catálogo do Compras.gov.br;Material;5320;REBITES;610;REBITE POP;611010;COMPRIMENTO: 19, DIÂMETRO CORPO: 3,20, MATERIAL: AÇO, TIPO: REPUXO;CX;2,0000;129,9100;259,8200;0,0000;31/12/2026
HOSPITAL ESTADUAL TELECILA FREITAS FONTES /RN;932126;794;Material;932126-6/2026;Máquinas, equipamentos, ferramentas e assessórios para manutenção;Catálogo do Compras.gov.br;Material;5320;REBITES;610;REBITE POP;610673;CARACTERÍSTICAS ADICIONAIS: COM MANDRIL, COMPRIMENTO: 15, DIÂMETRO CORPO: 3,20, MATERIAL: AÇO, TIPO: REPUXO;CX;2,0000;129,9100;259,8200;0,0000;31/12/2026
HOSPITAL ESTADUAL TELECILA FREITAS FONTES /RN;932126;795;Material;932126-6/2026;Máquinas, equipamentos, ferramentas e assessórios para manutenção;Catálogo do Compras.gov.br;Material;4510;DISPOSITIVOS E ACESSÓRIOS PARA INSTALAÇÕES HIDRÁULICAS;17358;ASSENTO VASO SANITÁRIO;258317;COR: BRANCA, MATERIAL: PLÁSTICO;UN;150,0000;29,4500;4417,5000;0,0000;31/12/2026
HOSPITAL ESTADUAL TELECILA FREITAS FONTES /RN;932126;796;Material;932126-6/2026;Máquinas, equipamentos, ferramentas e assessórios para manutenção;Catálogo do Compras.gov.br;Material;5920;FUSÍVEIS INTERRUPTORES, ISOLANTES E PROTETORES;495;HASTE ATERRAMENTO;439747;CARACTERÍSTICAS ADICIONAIS: COM CONECTOR DE COBRE, COMPRIMENTO: 2.400, DIÂMETRO: 3/4, MATERIAL: COBRE, REVESTIMENTO: COBRE, TIPO: CILÍNDRICA;UN;10,0000;39,9900;399,9000;0,0000;31/12/2026
HOSPITAL ESTADUAL TELECILA FREITAS FONTES /RN;932126;797;Material;932126-6/2026;Máquinas, equipamentos, ferramentas e assessórios para manutenção;Catálogo do Compras.gov.br;Material;4510;DISPOSITIVOS E ACESSÓRIOS PARA INSTALAÇÕES HIDRÁULICAS;13322;VASO SANITÁRIO;618198;CARACTERÍSTICAS ADICIONAIS: CAIXA ACOPLADA ,ACIONAMENTO DUPLO ., COR: BRANCA, MATERIAL: LOUÇA, TIPO: MODELO VOGUE PLUS;UN;20,0000;960,0000;19200,0000;0,0000;31/12/2026
HOSPITAL ESTADUAL TELECILA FREITAS FONTES /RN;932126;798;Material;932126-6/2026;Máquinas, equipamentos, ferramentas e assessórios para manutenção;Catálogo do Compras.gov.br;Material;6135;BATERIAS NAO RECARREGÁVEIS;10708;PILHA;415869;MODELO: 6F22, SISTEMA ELETROQUÍMICO: NIMH, TAMANHO: GRANDE, TENSÃO NOMINAL: 9;EMB;10,0000;17,9000;179,0000;0,0000;31/12/2026
HOSPITAL ESTADUAL TELECILA FREITAS FONTES /RN;932126;799;Material;932126-6/2026;Máquinas, equipamentos, ferramentas e assessórios para manutenção;Catálogo do Compras.gov.br;Material;8040;ADESIVOS;13894;COLA;479155;APLICAÇÃO: PEÇA MECÂNICA VEÍCULOS, COMPOSIÇÃO: ACÉTICO E SILICONE, COR: VERMELHA, TIPO: MONOCOPONENTE;FR;5,0000;22,1300;110,6500;0,0000;31/12/2026
HOSPITAL ESTADUAL TELECILA FREITAS FONTES /RN;932126;800;Material;932126-6/2026;Máquinas, equipamentos, ferramentas e assessórios para manutenção;Catálogo do Compras.gov.br;Material;9999;ITENS DIVERSOS;7049;ESPUMA;474359;APLICAÇÃO: CONSTRUÇÃO CIVIL / PEDREIRO ACABAMENTO, COMPRIMENTO: 20, DENSIDADE: D28, ESPESSURA: 5, LARGURA: 15, MATERIAL: ESPUMA;UN;10,0000;5,5000;55,0000;0,0000;31/12/2026
HOSPITAL ESTADUAL TELECILA FREITAS FONTES /RN;932126;801;Material;932126-6/2026;Máquinas, equipamentos, ferramentas e assessórios para manutenção;Catálogo do Compras.gov.br;Material;6250;LUSTRES, SUPORTES PARA LÂMPADAS E ELEMENTOS DE PARTIDA;3651;BOCAL COM TOMADA CONJUGADA;338560;APLICAÇÃO: LÂMPADA INCANDESCENTE, CARACTERÍSTICAS ADICIONAIS: SIMPLES, TENSÃO: 220, TIPO: ROSQUEÁVEL;UN;20,0000;4,2800;85,6000;0,0000;31/12/2026
HOSPITAL ESTADUAL TELECILA FREITAS FONTES /RN;932126;802;Material;932126-6/2026;Máquinas, equipamentos, ferramentas e assessórios para manutenção;Catálogo do Compras.gov.br;Material;4510;DISPOSITIVOS E ACESSÓRIOS PARA INSTALAÇÕES HIDRÁULICAS;3654;BÓIA CAIXA D'ÁGUA;301890;BITOLA: 1/2, CARACTERÍSTICAS ADICIONAIS: FIXAÇÃO ROSCÁVEL, BÓIA VEDAÇÃO, MATERIAL: PVC - CLORETO DE POLIVINILA, APLICAÇÃO: CAIXA DE DESCARGA EXTERNA;UN;30,0000;14,3100;429,3000;0,0000;31/12/2026
HOSPITAL ESTADUAL TELECILA FREITAS FONTES /RN;932126;803;Material;932126-6/2026;Máquinas, equipamentos, ferramentas e assessórios para manutenção;Catálogo do Compras.gov.br;Material;4320;BOMBAS MANUAIS E MECÂNICAS;15162;BOMBA CENTRÍFUGA ÁGUA;602968;CAPACIDADE: 8,0, CARACTERÍSTICAS ADICIONAIS: RECALQUE SUCÇÃO 1.1/2", ALTURA MANOMÉTRICA 55 MCA, MATERIAL: FERRO FUNDIDO E ROTORES EM BRONZE, POTÊNCIA: 1,0, TIPO INSTALAÇÃO: HORIZONTAL, TIPO MOTOR: MONOFÁSICO, VAZÃO: 3.000, VOLTAGEM: 127/220;UN;1,0000;1429,9400;1429,9400;0,0000;31/12/2026
HOSPITAL ESTADUAL TELECILA FREITAS FONTES /RN;932126;804;Material;932126-6/2026;Máquinas, equipamentos, ferramentas e assessórios para manutenção;Catálogo do Compras.gov.br;Material;4320;BOMBAS MANUAIS E MECÂNICAS;15162;BOMBA CENTRÍFUGA ÁGUA;478116;CAPACIDADE: 9,8, COMPONENTES ADICIONAIS: GUIA DE VÁLVULA, FREQUÊNCIA: 60, MATERIAL: FERRO FUNDIDO, POTÊNCIA: 5, TIPO INSTALAÇÃO: INJETORA, TIPO MOTOR: TRIFÁSICO, VAZÃO: 800, VOLTAGEM: 220;UN;1,0000;6069,8300;6069,8300;0,0000;31/12/2026
HOSPITAL ESTADUAL TELECILA FREITAS FONTES /RN;932126;805;Material;932126-6/2026;Máquinas, equipamentos, ferramentas e assessórios para manutenção;Catálogo do Compras.gov.br;Material;4510;DISPOSITIVOS E ACESSÓRIOS PARA INSTALAÇÕES HIDRÁULICAS;6092;DESENTUPIDOR VASO SANITÁRIO;613248;COMPRIMENTO CABO: 50, MATERIAL: PVC, TIPO: BOMBA DE SUCÇÃO;UN;5,0000;118,7900;593,9500;0,0000;31/12/2026
HOSPITAL ESTADUAL TELECILA FREITAS FONTES /RN;932126;806;Material;932126-6/2026;Máquinas, equipamentos, ferramentas e assessórios para manutenção;Catálogo do Compras.gov.br;Material;4320;BOMBAS MANUAIS E MECÂNICAS;3776;BOMBA HIDRÁULICA;603296;APLICAÇÃO: SUBMERSA, FREQÜÊNCIA: 60, POTÊNCIA: 2, TENSÃO ALIMENTAÇÃO: 220, TIPO MOTOR: TRIFÁSICO;UN;1,0000;4303,5000;4303,5000;0,0000;31/12/2026
HOSPITAL ESTADUAL TELECILA FREITAS FONTES /RN;932126;807;Material;932126-6/2026;Máquinas, equipamentos, ferramentas e assessórios para manutenção;Catálogo do Compras.gov.br;Material;5110;FERRAMENTAS MANUAIS DE CORTE, NÃO ACIONADAS POR FORÇA MOTRIZ;1353;PLAINA;220736;ACESSÓRIOS: CONJUNTO AFIADOR E CALIBRADOR, APLICAÇÃO: PLAINAR MADEIRA, CARACTERÍSTICAS ADICIONAIS: PUNHO FORMATO D, COMPRIMENTO BASE: NÃO APLICÁVEL, COMPRIMENTO MESA: 304, LARGURA CORTE: 155, LARGURA MESA: NÃO APLICÁVEL, MATERIAL MESA: NÃO APLICÁVEL, PESO: 7,90, POTÊNCIA: 1.140, PROFUNDIDADE CORTE: 2, ROTAÇÃO: 15.000, VOLTAGEM: 110/220;UN;1,0000;3356,9000;3356,9000;0,0000;31/12/2026
HOSPITAL ESTADUAL TELECILA FREITAS FONTES /RN;932126;808;Material;932126-6/2026;Máquinas, equipamentos, ferramentas e assessórios para manutenção;Catálogo do Compras.gov.br;Material;8010;TINTAS, VERNIZES E PRODUTOS CORRELATOS;12749;TINTA INDUSTRIAL;616754;APLICAÇÃO: INTERNA E EXTERNA, APRESENTAÇÃO: BICOMPONENTE, CARACTERÍSTICAS ADICIONAIS: CATALISÁVEL, COR: BRANCO, SUPERFÍCIE APLICAÇÃO: PISO / PAREDE / AZULEJO, TIPO: EPÓXI, TIPO ACABAMENTO: BRILHANTE;GL;10,0000;199,9000;1999,0000;0,0000;31/12/2026
HOSPITAL ESTADUAL TELECILA FREITAS FONTES /RN;932126;809;Material;932126-6/2026;Máquinas, equipamentos, ferramentas e assessórios para manutenção;Catálogo do Compras.gov.br;Material;3820;EQUIPAMENTOS PARA MINERAÇÃO, PERFURAÇÃO DE ROCHAS, TERRA  E CORRELATOS;863;BRITA;397968;MATERIAL: ROCHA TRITURADA, TAMANHO: BRITA 4;M3;90,0000;175,9000;15831,0000;0,0000;31/12/2026
HOSPITAL ESTADUAL TELECILA FREITAS FONTES /RN;932126;810;Material;932126-6/2026;Máquinas, equipamentos, ferramentas e assessórios para manutenção;Catálogo do Compras.gov.br;Material;5133;BROCAS, ALARGADORES, ESCARIADORES, MANUAIS E PARA USO EM  MÁQUINAS;18615;CONJUNTO BROCA;600873;APLICAÇÃO: METAL, COMPONENTES: 1,5/2/2,5/3/3,20/3,5/4/4,5/4,8/5/5,5/6/6,5MM TI, MATERIAL: AÇO RÁPIDO, NORMAS TÉCNICAS: DIN 338;UN;5,0000;54,5500;272,7500;0,0000;31/12/2026
HOSPITAL ESTADUAL TELECILA FREITAS FONTES /RN;932126;811;Material;932126-6/2026;Máquinas, equipamentos, ferramentas e assessórios para manutenção;Catálogo do Compras.gov.br;Material;5133;BROCAS, ALARGADORES, ESCARIADORES, MANUAIS E PARA USO EM  MÁQUINAS;18615;CONJUNTO BROCA;457550;APLICAÇÃO: MADEIRA, COMPONENTES: 6 PEÇAS, DIÂMETRO: 3/8", 3/4", 1/2", 5/8", 7/8", 1", MATERIAL: AÇO CARBONO, TIPO: CHATA;UN;3,0000;24,0600;72,1800;0,0000;31/12/2026
HOSPITAL ESTADUAL TELECILA FREITAS FONTES /RN;932126;812;Material;932126-6/2026;Máquinas, equipamentos, ferramentas e assessórios para manutenção;Catálogo do Compras.gov.br;Material;5133;BROCAS, ALARGADORES, ESCARIADORES, MANUAIS E PARA USO EM  MÁQUINAS;18615;CONJUNTO BROCA;442620;APLICAÇÃO: CONCRETO, COMPONENTES: 4 PEÇAS DE 4,5,6 E 8, MATERIAL: VÍDEA;UN;10,0000;12,0000;120,0000;0,0000;31/12/2026
HOSPITAL ESTADUAL TELECILA FREITAS FONTES /RN;932126;813;Material;932126-6/2026;Máquinas, equipamentos, ferramentas e assessórios para manutenção;Catálogo do Compras.gov.br;Material;5133;BROCAS, ALARGADORES, ESCARIADORES, MANUAIS E PARA USO EM  MÁQUINAS;18615;CONJUNTO BROCA;430268;APLICAÇÃO: CONCRETO, COMPONENTES: 7 PEÇAS, DIÂMETRO: 4,0, 5,0, 6,0, 7,0, 8,0, 10,0  E 12,0, MATERIAL: AÇO;UN;5,0000;82,4900;412,4500;0,0000;31/12/2026
HOSPITAL ESTADUAL TELECILA FREITAS FONTES /RN;932126;814;Material;932126-6/2026;Máquinas, equipamentos, ferramentas e assessórios para manutenção;Catálogo do Compras.gov.br;Material;5133;BROCAS, ALARGADORES, ESCARIADORES, MANUAIS E PARA USO EM  MÁQUINAS;18615;CONJUNTO BROCA;446614;APLICAÇÃO: MADEIRA, COMPONENTES: 7 PEÇAS DE 3, 4, 5, 6, 7, 8  E 10MM, MATERIAL: AÇO CROMO SAE 52100, TIPO: CILÍNDRICA COM 3 PONTAS;UN;5,0000;51,0600;255,3000;0,0000;31/12/2026
HOSPITAL ESTADUAL TELECILA FREITAS FONTES /RN;932126;815;Material;932126-6/2026;Máquinas, equipamentos, ferramentas e assessórios para manutenção;Catálogo do Compras.gov.br;Material;8020;PINCEL PARA ARTISTAS E PINTORES;1567;BROXA PINTURA;342279;APLICAÇÃO: PINTURA E CAIAÇÃO, CARACTERÍSTICAS ADICIONAIS: CABO ANATÔMICO, COMPRIMENTO: 180, FORMATO: RETANGULAR, LARGURA: 80, MATERIAL BASE: POLIPROPILENO RECICLADO, MATERIAL CERDAS: PET BICOLOR;UN;5,0000;18,9000;94,5000;0,0000;31/12/2026
HOSPITAL ESTADUAL TELECILA FREITAS FONTES /RN;932126;816;Material;932126-6/2026;Máquinas, equipamentos, ferramentas e assessórios para manutenção;Catálogo do Compras.gov.br;Material;4730;ACESSÓRIOS E FERRAGENS ESPECIAIS PARA  MANGUEIRAS, CANOS  E TUBOS;665;BUCHA INSTALAÇÃO PREDIAL ÁGUA FRIA;374478;CARACTERÍSTICAS ADICIONAIS: REDUÇÃO LONGA/BOLSA SOLDÁVEL, DIÂMETRO NOMINAL: 50 X 32, MATERIAL: PVC - CLORETO DE POLIVINILA;UN;10,0000;7,5300;75,3000;0,0000;31/12/2026
HOSPITAL ESTADUAL TELECILA FREITAS FONTES /RN;932126;817;Material;932126-6/2026;Máquinas, equipamentos, ferramentas e assessórios para manutenção;Catálogo do Compras.gov.br;Material;4730;ACESSÓRIOS E FERRAGENS ESPECIAIS PARA  MANGUEIRAS, CANOS  E TUBOS;665;BUCHA INSTALAÇÃO PREDIAL ÁGUA FRIA;220577;DIÂMETRO NOMINAL: 32 X 25, MATERIAL: PVC - CLORETO DE POLIVINILA, TIPO: REDUÇÃO CURTA, TIPO EXTREMIDADES: BOLSA SOLDÁVEL, TIPO ROSCA: NÃO APLICÁVEL;UN;20,0000;1,9000;38,0000;0,0000;31/12/2026
HOSPITAL ESTADUAL TELECILA FREITAS FONTES /RN;932126;818;Material;932126-6/2026;Máquinas, equipamentos, ferramentas e assessórios para manutenção;Catálogo do Compras.gov.br;Material;4730;ACESSÓRIOS E FERRAGENS ESPECIAIS PARA  MANGUEIRAS, CANOS  E TUBOS;665;BUCHA INSTALAÇÃO PREDIAL ÁGUA FRIA;237227;DIÂMETRO NOMINAL: 25 X 20, MATERIAL: PVC - CLORETO DE POLIVINILA, TIPO: REDUÇÃO CURTA, TIPO EXTREMIDADES: BOLSA SOLDÁVEL, TIPO ROSCA: SEM ROSCA;UN;20,0000;0,9000;18,0000;0,0000;31/12/2026
HOSPITAL ESTADUAL TELECILA FREITAS FONTES /RN;932126;819;Material;932126-6/2026;Máquinas, equipamentos, ferramentas e assessórios para manutenção;Catálogo do Compras.gov.br;Material;5365;ANÉIS, BUCHAS E ESPAÇADORES;634;BUCHA PARAFUSO;613896;CARACTERÍSTICAS ADICIONAIS: COM PARAFUSO TIPO PHILLIPS, MATERIAL: PLÁSTICO, TAMANHO: 6MM;CX;10,0000;19,6300;196,3000;0,0000;31/12/2026
HOSPITAL ESTADUAL TELECILA FREITAS FONTES /RN;932126;821;Material;932126-6/2026;Máquinas, equipamentos, ferramentas e assessórios para manutenção;Catálogo do Compras.gov.br;Material;4730;ACESSÓRIOS E FERRAGENS ESPECIAIS PARA  MANGUEIRAS, CANOS  E TUBOS;10913;PLUG TUBO;355876;APLICAÇÃO: REDE HIDRAULICA, BITOLA: 2 1/2, FORMATO: TAMPÃO, MATERIAL: PVC - CLORETO DE POLIVINILA RÍGIDO, TIPO: ROSCÁVEL;UN;30,0000;0,6000;18,0000;0,0000;31/12/2026
HOSPITAL ESTADUAL TELECILA FREITAS FONTES /RN;932126;822;Material;932126-6/2026;Máquinas, equipamentos, ferramentas e assessórios para manutenção;Catálogo do Compras.gov.br;Material;4730;ACESSÓRIOS E FERRAGENS ESPECIAIS PARA  MANGUEIRAS, CANOS  E TUBOS;10913;PLUG TUBO;299613;APLICAÇÃO: REDE PREDIAL ÁGUA FRIA, BITOLA: 3/4, COMPRIMENTO: 21, MATERIAL: PVC - CLORETO DE POLIVINILA RÍGIDO, TIPO: ROSCÁVEL;UN;30,0000;1,8400;55,2000;0,0000;31/12/2026
HOSPITAL ESTADUAL TELECILA FREITAS FONTES /RN;932126;823;Material;932126-6/2026;Máquinas, equipamentos, ferramentas e assessórios para manutenção;Catálogo do Compras.gov.br;Material;6145;FIOS E CABOS ELÉTRICOS;18604;CABO ELÉTRICO ISOLADO;332862;APLICAÇÃO: INSTALAÇÕES ELÉTRICAS, CARACTERÍSTICAS ADICIONAIS: SINGELO, CLASSE DE ENCORDOAMENTO: 2, COR DO ISOLAMENTO: PRETA, MATERIAL CONDUTOR: COBRE, NORMAS TÉCNICAS: ABNT EB-1124, SEÇÃO NOMINAL: 25, TENSÃO ISOLAMENTO: 750, TÊMPERA CONDUTOR: MOLE, MATERIAL ISOLAMENTO CONDUTOR: PVC ANTICHAMA;M;500,0000;8,5600;4280,0000;0,0000;31/12/2026
HOSPITAL ESTADUAL TELECILA FREITAS FONTES /RN;932126;824;Material;932126-6/2026;Máquinas, equipamentos, ferramentas e assessórios para manutenção;Catálogo do Compras.gov.br;Material;6145;FIOS E CABOS ELÉTRICOS;18604;CABO ELÉTRICO ISOLADO;365153;FORMAÇÃO DO CABO: 4 X 2,5, MATERIAL CONDUTOR: COBRE, TENSÃO ISOLAMENTO: 750;M;500,0000;8,1600;4080,0000;0,0000;31/12/2026
HOSPITAL ESTADUAL TELECILA FREITAS FONTES /RN;932126;825;Material;932126-6/2026;Máquinas, equipamentos, ferramentas e assessórios para manutenção;Catálogo do Compras.gov.br;Material;5110;FERRAMENTAS MANUAIS DE CORTE, NÃO ACIONADAS POR FORÇA MOTRIZ;14739;ENXADÃO;329421;CARACTERÍSTICAS ADICIONAIS: PINTURA ELETROSTÁTICA A PÓ, COR: PRETO, MATERIAL: AÇO CARBONO TEMPERADO, MATERIAL CABO: MADEIRA 130 CM;UN;5,0000;57,8900;289,4500;0,0000;31/12/2026
HOSPITAL ESTADUAL TELECILA FREITAS FONTES /RN;932126;826;Material;932126-6/2026;Máquinas, equipamentos, ferramentas e assessórios para manutenção;Catálogo do Compras.gov.br;Material;6145;FIOS E CABOS ELÉTRICOS;4009;CABO ELÉTRICO FLEXÍVEL;484706;APLICAÇÃO: INSTALAÇÃO ELÉTRICA, COR DA ISOLAÇÃO: PRETA, BRANCA, VERMELHA, AZUL, MATERIAL COBERTURA: POLICLORETO DE VINILA, SEM CHUMBO, MATERIAL DO CONDUTOR: COBRE ELETROLÍTICO NÚ, QUANTIDADE CONDUTORES: 4, TENSÃO ISOLAMENTO: 1/0,6, TIPO: PP TETRAPOLAR;M;500,0000;7,7000;3850,0000;0,0000;31/12/2026
HOSPITAL ESTADUAL TELECILA FREITAS FONTES /RN;932126;827;Material;932126-6/2026;Máquinas, equipamentos, ferramentas e assessórios para manutenção;Catálogo do Compras.gov.br;Material;6145;FIOS E CABOS ELÉTRICOS;4009;CABO ELÉTRICO FLEXÍVEL;408530;CARACTERÍSTICAS ADICIONAIS: EXTRA FLEXÍVEL, COR DA COBERTURA: PRETO, AZUL-CLARO E VERDE, MATERIAL COBERTURA: EPR ANTI-CHAMA, MATERIAL DO CONDUTOR: COBRE NU, REFERÊNCIA: CABO EXPROTEMAX GSETT IRIS TECH EPR 06/1KV, SEÇÃO NOMINAL: 4, TENSÃO ISOLAMENTO: 1, TIPO: UNIPOLAR, TÊMPERA CONDUTOR: MOLE;M;500,0000;6,3800;3190,0000;0,0000;31/12/2026
HOSPITAL ESTADUAL TELECILA FREITAS FONTES /RN;932126;828;Material;932126-6/2026;Máquinas, equipamentos, ferramentas e assessórios para manutenção;Catálogo do Compras.gov.br;Material;6145;FIOS E CABOS ELÉTRICOS;4009;CABO ELÉTRICO FLEXÍVEL;408494;BITOLA: 2,5, CARACTERÍSTICAS ADICIONAIS: EXTRA FLEXÍVEL, COR DA COBERTURA: PRETO, BRANCO, VERMELHO, AZUL CLARO, CINZA, VERDE-, MATERIAL COBERTURA: PVC ANTI-CHAMA, MATERIAL DO CONDUTOR: COBRE, REFERÊNCIA: CABO SUPERASTIC FLEX 750V BWF ANTIFLAM, TENSÃO ISOLAMENTO: 750, TIPO: UNIPOLAR;M;500,0000;6,3800;3190,0000;0,0000;31/12/2026
HOSPITAL ESTADUAL TELECILA FREITAS FONTES /RN;932126;829;Material;932126-6/2026;Máquinas, equipamentos, ferramentas e assessórios para manutenção;Catálogo do Compras.gov.br;Material;5110;FERRAMENTAS MANUAIS DE CORTE, NÃO ACIONADAS POR FORÇA MOTRIZ;4951;CHIBANCA;376821;ALTURA: 100, APLICAÇÃO: CONSTRUÇÃO CIVIL, LARGURA: 20, MATERIAL: AÇO CARBONO, MATERIAL CABO: MADEIRA, MATERIAL ENCAIXE CABO: AÇO CARBONO;UN;5,0000;82,9000;414,5000;0,0000;31/12/2026
HOSPITAL ESTADUAL TELECILA FREITAS FONTES /RN;932126;830;Material;932126-6/2026;Máquinas, equipamentos, ferramentas e assessórios para manutenção;Catálogo do Compras.gov.br;Material;5120;FERRAMENTAS MANUAIS SEM CORTE, NÃO ACIONADAS  POR  FORÇA  MOTRIZ;4026;CABO FERRAMENTA;452377;APLICAÇÃO: PÁ, COMPRIMENTO CABO: 1,20, FORMATO CABO: CILÍNDRICO, MATERIAL CABO: MADEIRA;UN;10,0000;16,5000;165,0000;0,0000;31/12/2026
HOSPITAL ESTADUAL TELECILA FREITAS FONTES /RN;932126;831;Material;932126-6/2026;Máquinas, equipamentos, ferramentas e assessórios para manutenção;Catálogo do Compras.gov.br;Material;6145;FIOS E CABOS ELÉTRICOS;18604;CABO ELÉTRICO ISOLADO;616155;CLASSE DE ENCORDOAMENTO: 2, COR DO ISOLAMENTO: PRETA, MATERIAL CONDUTOR: COBRE ELETROLÍTICO, MATERIAL ISOLAMENTO: PVC BWF ANTICHAMA, NORMAS TÉCNICAS: NBR NM 247-3, NM 280, SEÇÃO NOMINAL: 1,5, TENSÃO ISOLAMENTO: 450/750, TÊMPERA CONDUTOR: MOLE;M;1000,0000;2,5800;2580,0000;0,0000;31/12/2026
HOSPITAL ESTADUAL TELECILA FREITAS FONTES /RN;932126;832;Material;932126-6/2026;Máquinas, equipamentos, ferramentas e assessórios para manutenção;Catálogo do Compras.gov.br;Material;6145;FIOS E CABOS ELÉTRICOS;18604;CABO ELÉTRICO ISOLADO;323828;CLASSE DE ENCORDOAMENTO: 4, COR DO ISOLAMENTO: VERMELHA, MATERIAL CONDUTOR: COBRE, NORMAS TÉCNICAS: NBR 6148, SEÇÃO NOMINAL: 16, TENSÃO ISOLAMENTO: 750, TÊMPERA CONDUTOR: MOLE, MATERIAL ISOLAMENTO CONDUTOR: PVC ANTICHAMA;M;500,0000;4,1700;2085,0000;0,0000;31/12/2026
HOSPITAL ESTADUAL TELECILA FREITAS FONTES /RN;932126;833;Material;932126-6/2026;Máquinas, equipamentos, ferramentas e assessórios para manutenção;Catálogo do Compras.gov.br;Material;6145;FIOS E CABOS ELÉTRICOS;18604;CABO ELÉTRICO ISOLADO;365147;CARACTERÍSTICAS ADICIONAIS: FLEXÍVEL, COR DO ISOLAMENTO: VERDE, MATERIAL CONDUTOR: COBRE, SEÇÃO NOMINAL: 1,5, TENSÃO ISOLAMENTO: 750;M;500,0000;1,9600;980,0000;0,0000;31/12/2026
HOSPITAL ESTADUAL TELECILA FREITAS FONTES /RN;932126;834;Material;932126-6/2026;Máquinas, equipamentos, ferramentas e assessórios para manutenção;Catálogo do Compras.gov.br;Material;6145;FIOS E CABOS ELÉTRICOS;18604;CABO ELÉTRICO ISOLADO;428655;CARACTERÍSTICAS ADICIONAIS: FLEXÍVEL, COR DO ISOLAMENTO: VERDE, MATERIAL CONDUTOR: COBRE, MATERIAL ISOLAMENTO: PVC FLEXÍVEL ANTICHAMA, REFERÊNCIA FABRICANTE: TP FORESPLAST ALCOA OU SIMILAR, SEÇÃO NOMINAL: 2,5, TENSÃO ISOLAMENTO: 450/750;M;500,0000;2,5800;1290,0000;0,0000;31/12/2026
HOSPITAL ESTADUAL TELECILA FREITAS FONTES /RN;932126;835;Material;932126-6/2026;Máquinas, equipamentos, ferramentas e assessórios para manutenção;Catálogo do Compras.gov.br;Material;6145;FIOS E CABOS ELÉTRICOS;208;CABO REDE COMPUTADOR;472868;APLICAÇÃO: CONEXÃO DE REDE, BITOLA CONDUTOR: 24, CATEGORIA: 6, COMPRIMENTO: 1,5, CONECTOR: RJ-45, COR: PRETA, MATERIAL CONDUTOR: COBRE NÚ, MATERIAL REVESTIMENTO: PVC - CLORETO DE POLIVINILA ANTI-CHAMA, PADRÃO CABEAMENTO: T568-A, TIPO CABO: UTP 4 PARES PADRÃO TIA 568A, TIPO CONDUTOR: TRANÇADO 4 PARES;CX;2,0000;919,6000;1839,2000;0,0000;31/12/2026
HOSPITAL ESTADUAL TELECILA FREITAS FONTES /RN;932126;836;Material;932126-6/2026;Máquinas, equipamentos, ferramentas e assessórios para manutenção;Catálogo do Compras.gov.br;Material;8020;PINCEL PARA ARTISTAS E PINTORES;4034;CABO ROLO DE PINTURA;266516;TAMANHO: 23, TIPO: GAIOLA;UN;100,0000;11,3300;1133,0000;0,0000;31/12/2026
HOSPITAL ESTADUAL TELECILA FREITAS FONTES /RN;932126;837;Material;932126-6/2026;Máquinas, equipamentos, ferramentas e assessórios para manutenção;Catálogo do Compras.gov.br;Material;6145;FIOS E CABOS ELÉTRICOS;4009;CABO ELÉTRICO FLEXÍVEL;616159;FORMAÇÃO CONDUTOR: 3 X 2,5, MATERIAL DO CONDUTOR: COBRE, TENSÃO ISOLAMENTO: 1, TIPO: PP;M;20,0000;9,1200;182,4000;0,0000;31/12/2026
HOSPITAL ESTADUAL TELECILA FREITAS FONTES /RN;932126;838;Material;932126-6/2026;Máquinas, equipamentos, ferramentas e assessórios para manutenção;Catálogo do Compras.gov.br;Material;5340;FERRAGENS DIVERSAS;554;CADEADO;622726;ALTURA: 57, CARACTERÍSTICAS ADICIONAIS: MESMO SEGREDO E ACOMPANHA 2 CHAVES., COR: DOURADO/PRATA, LARGURA: 30, MATERIAL: LATÃO MACIÇO, MATERIAL HASTE: AÇO TEMPERADO;UN;5,0000;14,3100;71,5500;0,0000;31/12/2026
HOSPITAL ESTADUAL TELECILA FREITAS FONTES /RN;932126;839;Material;932126-6/2026;Máquinas, equipamentos, ferramentas e assessórios para manutenção;Catálogo do Compras.gov.br;Material;5340;FERRAGENS DIVERSAS;554;CADEADO;622724;ALTURA: 76, CARACTERÍSTICAS ADICIONAIS: MESMO SEGREDO E ACOMPANHA 2 CHAVES., COR: DOURADO/PRATA, LARGURA: 45, MATERIAL: LATÃO MACIÇO, MATERIAL HASTE: AÇO TEMPERADO;UN;5,0000;23,9900;119,9500;0,0000;31/12/2026
HOSPITAL ESTADUAL TELECILA FREITAS FONTES /RN;932126;840;Material;932126-6/2026;Máquinas, equipamentos, ferramentas e assessórios para manutenção;Catálogo do Compras.gov.br;Material;5340;FERRAGENS DIVERSAS;554;CADEADO;607771;ALTURA: 40, CARACTERÍSTICAS ADICIONAIS: MESTRADO, LARGURA: 20, MATERIAL: LATÃO MACIÇO, MATERIAL HASTE: AÇO CEMENTADO/CROMADO;UN;5,0000;17,9200;89,6000;0,0000;31/12/2026
HOSPITAL ESTADUAL TELECILA FREITAS FONTES /RN;932126;841;Material;932126-6/2026;Máquinas, equipamentos, ferramentas e assessórios para manutenção;Catálogo do Compras.gov.br;Material;5340;FERRAGENS DIVERSAS;554;CADEADO;371770;ALTURA: 78, CARACTERÍSTICAS ADICIONAIS: 2 CHAVES EM LATÃO NIQUELADO/TRAVA DUPLA, LARGURA: 50, MATERIAL: LATÃO MACIÇO, MATERIAL HASTE: AÇO CEMENTADO/CROMADO;UN;5,0000;54,7800;273,9000;0,0000;31/12/2026
HOSPITAL ESTADUAL TELECILA FREITAS FONTES /RN;932126;842;Material;932126-6/2026;Máquinas, equipamentos, ferramentas e assessórios para manutenção;Catálogo do Compras.gov.br;Material;4510;DISPOSITIVOS E ACESSÓRIOS PARA INSTALAÇÕES HIDRÁULICAS;14630;CAIXA DESCARGA;480852;ALTURA: 354, CAPACIDADE: 9, COR: BRANCA, LARGURA: 320, MATERIAL: PVC, PROFUNDIDADE: 153;UN;100,0000;41,0000;4100,0000;0,0000;31/12/2026
HOSPITAL ESTADUAL TELECILA FREITAS FONTES /RN;932126;843;Material;932126-6/2026;Máquinas, equipamentos, ferramentas e assessórios para manutenção;Catálogo do Compras.gov.br;Material;5975;FERRAGENS E SUPRIMENTOS DE ELETRICIDADE;4148;CAIXA PASSAGEM;612097;CARACTERÍSTICAS ADICIONAIS: ENTRADA ELETRODUTOS: 1/2 E 3/4 POL., DIMENSÕES: 4 X 2, FORMATO: RETANGULAR, MATERIAL: PVC ANTICHAMA, POSIÇÃO RELATIVA: EMBUTIR, TIPO: EMBUTIR;UN;50,0000;3,1400;157,0000;0,0000;31/12/2026
HOSPITAL ESTADUAL TELECILA FREITAS FONTES /RN;932126;844;Material;932126-6/2026;Máquinas, equipamentos, ferramentas e assessórios para manutenção;Catálogo do Compras.gov.br;Material;5975;FERRAGENS E SUPRIMENTOS DE ELETRICIDADE;4148;CAIXA PASSAGEM;612096;CARACTERÍSTICAS ADICIONAIS: ENTRADA ELETRODUTOS: 1/2 E 3/4 POL, DIMENSÕES: 4 X 4, FORMATO: QUADRADA, MATERIAL: PVC ANTICHAMA, TIPO: EMBUTIR;UN;20,0000;3,5000;70,0000;0,0000;31/12/2026
HOSPITAL ESTADUAL TELECILA FREITAS FONTES /RN;932126;845;Material;932126-6/2026;Máquinas, equipamentos, ferramentas e assessórios para manutenção;Catálogo do Compras.gov.br;Material;5140;CAIXAS PARA FERRAMENTAS E FERRAGENS;601;MALETA FERRAMENTAS;607834;ALTURA: 18, CARACTERÍSTICAS ADICIONAIS: COM BANDEJA INTERNA, COMPRIMENTO: 44, LARGURA: 23, MATERIAL: PLÁSTICO RÍGIDO, TIPO CAIXA: MALETA;UN;2,0000;37,1600;74,3200;0,0000;31/12/2026
HOSPITAL ESTADUAL TELECILA FREITAS FONTES /RN;932126;846;Material;932126-6/2026;Máquinas, equipamentos, ferramentas e assessórios para manutenção;Catálogo do Compras.gov.br;Material;5140;CAIXAS PARA FERRAMENTAS E FERRAGENS;601;MALETA FERRAMENTAS;601927;ALTURA: 160, CARACTERÍSTICAS ADICIONAIS: FECHOS METÁLICOS, NÃO CONTÊM FERRAMENTAS, COMPRIMENTO: 380, LARGURA: 180, MATERIAL: PLÁSTICO RÍGIDO, QUANTIDADE GAVETAS: 1;UN;1,0000;199,9000;199,9000;0,0000;31/12/2026
HOSPITAL ESTADUAL TELECILA FREITAS FONTES /RN;932126;847;Material;932126-6/2026;Máquinas, equipamentos, ferramentas e assessórios para manutenção;Catálogo do Compras.gov.br;Material;5610;MATERIAIS DE ORIGEM MINERAL PARA CONSTRUÇÃO, A GRANEL;4184;CAL HIDRATADA;248941;APLICAÇÃO: CONSTRUÇÃO CIVIL, COR: BRANCA, MATERIAL: HIDRÓXIDO DE CÁLCIO, ASPECTO FÍSICO: PÓ;SC;10,0000;19,2900;192,9000;0,0000;31/12/2026
HOSPITAL ESTADUAL TELECILA FREITAS FONTES /RN;932126;848;Material;932126-6/2026;Máquinas, equipamentos, ferramentas e assessórios para manutenção;Catálogo do Compras.gov.br;Material;5680;MATERIAIS DIVERSOS PARA CONSTRUÇÃO;4247;CALHA METÁLICA;279622;COMPRIMENTO: 3, LARGURA: 455, MATERIAL: CHAPA AÇO 18 USG, PROFUNDIDADE: 250, PESO: 76;UN;100,0000;53,2000;5320,0000;0,0000;31/12/2026
HOSPITAL ESTADUAL TELECILA FREITAS FONTES /RN;932126;849;Material;932126-6/2026;Máquinas, equipamentos, ferramentas e assessórios para manutenção;Catálogo do Compras.gov.br;Material;2610;PNEUS E CÂMARAS DE AR, EXCETO OS DE AERONAVES;16145;PNEU CARRINHO MÃO;407759;MATERIAL: BORRACHA, TAMANHO: 3,25 X 8;UN;5,0000;38,8600;194,3000;0,0000;31/12/2026
HOSPITAL ESTADUAL TELECILA FREITAS FONTES /RN;932126;850;Material;932126-6/2026;Máquinas, equipamentos, ferramentas e assessórios para manutenção;Catálogo do Compras.gov.br;Material;5975;FERRAGENS E SUPRIMENTOS DE ELETRICIDADE;14260;CANALETA;452533;APLICAÇÃO: INSTALAÇÃO ELÉTRICA, CARACTERÍSTICAS ADICIONAIS: COM DIVISÓRIA / COM ADESIVO DUPLA FACE, COR: BRANCA, DIMENSÕES: 20 X 10 X 2000, MATERIAL: PVC - CLORETO DE POLIVINILA, TIPO: COM TAMPA;UN;100,0000;6,4000;640,0000;0,0000;31/12/2026
HOSPITAL ESTADUAL TELECILA FREITAS FONTES /RN;932126;851;Material;932126-6/2026;Máquinas, equipamentos, ferramentas e assessórios para manutenção;Catálogo do Compras.gov.br;Material;5975;FERRAGENS E SUPRIMENTOS DE ELETRICIDADE;14260;CANALETA;448072;CARACTERÍSTICAS ADICIONAIS: COM DIVISÓRIA / COM ADESIVO DUPLA FACE, COR: BRANCA, DIMENSÕES: 50X20X2000(LXHXC), MATERIAL: TERMOPLÁSTICO AUTOEXTINGUÍVEL, TIPO: COM TAMPA;UN;50,0000;32,4000;1620,0000;0,0000;31/12/2026
HOSPITAL ESTADUAL TELECILA FREITAS FONTES /RN;932126;852;Material;932126-6/2026;Máquinas, equipamentos, ferramentas e assessórios para manutenção;Catálogo do Compras.gov.br;Material;4710;CANOS E TUBOS;13115;TUBO HIDRÁULICO;265266;APLICAÇÃO: ESGOTO, DIÂMETRO: 40, MATERIAL: PVC RÍGIDO, TIPO: CLASSE A;TBO;5,0000;37,1600;185,8000;0,0000;31/12/2026
HOSPITAL ESTADUAL TELECILA FREITAS FONTES /RN;932126;853;Material;932126-6/2026;Máquinas, equipamentos, ferramentas e assessórios para manutenção;Catálogo do Compras.gov.br;Material;4710;CANOS E TUBOS;13115;TUBO HIDRÁULICO;398973;APLICAÇÃO: ESGOTO, COR: BEGE PEROLADO, DIÂMETRO: 150, MATERIAL: PVC RÍGIDO, NORMAS TÉCNICAS: NBR 5688, TIPO: PONTA E BOLSA COM VIROLA;TBO;5,0000;204,9000;1024,5000;0,0000;31/12/2026
HOSPITAL ESTADUAL TELECILA FREITAS FONTES /RN;932126;854;Material;932126-6/2026;Máquinas, equipamentos, ferramentas e assessórios para manutenção;Catálogo do Compras.gov.br;Material;4710;CANOS E TUBOS;13115;TUBO HIDRÁULICO;481432;DIÂMETRO: 25, MATERIAL: PVC, TIPO: SOLDÁVEL;UN;10,0000;20,6200;206,2000;0,0000;31/12/2026
HOSPITAL ESTADUAL TELECILA FREITAS FONTES /RN;932126;855;Material;932126-6/2026;Máquinas, equipamentos, ferramentas e assessórios para manutenção;Catálogo do Compras.gov.br;Material;4710;CANOS E TUBOS;13115;TUBO HIDRÁULICO;333571;APLICAÇÃO: TUBULAÇÃO DE ÁGUA, DIÂMETRO: 75, MATERIAL: PVC RÍGIDO;TBO;5,0000;153,6900;768,4500;0,0000;31/12/2026
HOSPITAL ESTADUAL TELECILA FREITAS FONTES /RN;932126;856;Material;932126-6/2026;Máquinas, equipamentos, ferramentas e assessórios para manutenção;Catálogo do Compras.gov.br;Material;4710;CANOS E TUBOS;13115;TUBO HIDRÁULICO;333573;APLICAÇÃO: TUBULAÇÃO DE ÁGUA, DIÂMETRO: 50, MATERIAL: PVC RÍGIDO;TBO;5,0000;69,9000;349,5000;0,0000;31/12/2026
HOSPITAL ESTADUAL TELECILA FREITAS FONTES /RN;932126;857;Material;932126-6/2026;Máquinas, equipamentos, ferramentas e assessórios para manutenção;Catálogo do Compras.gov.br;Material;4710;CANOS E TUBOS;13115;TUBO HIDRÁULICO;333571;APLICAÇÃO: TUBULAÇÃO DE ÁGUA, DIÂMETRO: 75, MATERIAL: PVC RÍGIDO;TBO;5,0000;153,6900;768,4500;0,0000;31/12/2026
HOSPITAL ESTADUAL TELECILA FREITAS FONTES /RN;932126;858;Material;932126-6/2026;Máquinas, equipamentos, ferramentas e assessórios para manutenção;Catálogo do Compras.gov.br;Material;4710;CANOS E TUBOS;13115;TUBO HIDRÁULICO;333574;APLICAÇÃO: TUBULAÇÃO DE ÁGUA, DIÂMETRO: 32, MATERIAL: PVC RÍGIDO;TBO;5,0000;59,7600;298,8000;0,0000;31/12/2026
HOSPITAL ESTADUAL TELECILA FREITAS FONTES /RN;932126;859;Material;932126-6/2026;Máquinas, equipamentos, ferramentas e assessórios para manutenção;Catálogo do Compras.gov.br;Material;4710;CANOS E TUBOS;13115;TUBO HIDRÁULICO;481320;DIÂMETRO: 25, MATERIAL: PVC;TBO;5,0000;35,9000;179,5000;0,0000;31/12/2026
HOSPITAL ESTADUAL TELECILA FREITAS FONTES /RN;932126;860;Material;932126-6/2026;Máquinas, equipamentos, ferramentas e assessórios para manutenção;Catálogo do Compras.gov.br;Material;4240;EQUIPAMENTO PARA SEGURANÇA E SALVAMENTO;1372;CAPACETE SEGURANÇA;468649;CARACTERÍSTICAS ADICIONAIS: CLASSE B, COM ABA FRONTAL, COPA COM ESTRIAS, COR: PRETA, MATERIAL: POLIETILENO ALTA DENSIDADE;UN;10,0000;13,2100;132,1000;0,0000;31/12/2026
HOSPITAL ESTADUAL TELECILA FREITAS FONTES /RN;932126;861;Material;932126-6/2026;Máquinas, equipamentos, ferramentas e assessórios para manutenção;Catálogo do Compras.gov.br;Material;6625;INSTRUMENTO DE TESTE E DE MEDIÇÃO DE PROPRIEDADES ELÉTRICAS E ELETRÔNICAS;1308;CAPACÍMETRO DIGITAL;623596;AMPERAGEM: 20, CAPACITÂNCIA NOMINAL: 20, DISPLAY: LCD, PRECISÃO: 0,5, QUANTIDADE DÍGITOS: 3 1/2, RESISTÊNCIA NOMINAL: 200, TEMPERATURA: 1.000, TENSÃO OPERAÇÃO CORRENTE ALTERNADA: 700, TENSÃO OPERAÇÃO CORRENTE CONTÍNUA: 1.000;UN;2,0000;109,0000;218,0000;0,0000;31/12/2026
HOSPITAL ESTADUAL TELECILA FREITAS FONTES /RN;932126;862;Material;932126-6/2026;Máquinas, equipamentos, ferramentas e assessórios para manutenção;Catálogo do Compras.gov.br;Material;5975;FERRAGENS E SUPRIMENTOS DE ELETRICIDADE;17408;TAMPÃO CONEXÃO;262838;DIÂMETRO: 100, MATERIAL: PVC - CLORETO DE POLIVINILA, TIPO ROSCA: SOLDÁVEL, USO: SANITÁRIO;UN;80,0000;14,1000;1128,0000;0,0000;31/12/2026
HOSPITAL ESTADUAL TELECILA FREITAS FONTES /RN;932126;863;Material;932126-6/2026;Máquinas, equipamentos, ferramentas e assessórios para manutenção;Catálogo do Compras.gov.br;Material;5975;FERRAGENS E SUPRIMENTOS DE ELETRICIDADE;17408;TAMPÃO CONEXÃO;330602;DIÂMETRO: 20, MATERIAL: PVC - CLORETO DE POLIVINILA, TIPO ROSCA: SOLDÁVEL, USO: INSTALAÇÕES HIDRÁULICAS;UN;10,0000;0,7000;7,0000;0,0000;31/12/2026
HOSPITAL ESTADUAL TELECILA FREITAS FONTES /RN;932126;864;Material;932126-6/2026;Máquinas, equipamentos, ferramentas e assessórios para manutenção;Catálogo do Compras.gov.br;Material;5975;FERRAGENS E SUPRIMENTOS DE ELETRICIDADE;17408;TAMPÃO CONEXÃO;312130;DIÂMETRO: 25, MATERIAL: PVC - CLORETO DE POLIVINILA, TIPO ROSCA: SOLDÁVEL, USO: INSTALAÇÕES HIDRÁULICAS;UN;10,0000;1,2000;12,0000;0,0000;31/12/2026
HOSPITAL ESTADUAL TELECILA FREITAS FONTES /RN;932126;865;Material;932126-6/2026;Máquinas, equipamentos, ferramentas e assessórios para manutenção;Catálogo do Compras.gov.br;Material;5975;FERRAGENS E SUPRIMENTOS DE ELETRICIDADE;17408;TAMPÃO CONEXÃO;330603;DIÂMETRO: 32, MATERIAL: PVC - CLORETO DE POLIVINILA, TIPO ROSCA: SOLDÁVEL, USO: INSTALAÇÕES HIDRÁULICAS;UN;5,0000;2,5000;12,5000;0,0000;31/12/2026
HOSPITAL ESTADUAL TELECILA FREITAS FONTES /RN;932126;866;Material;932126-6/2026;Máquinas, equipamentos, ferramentas e assessórios para manutenção;Catálogo do Compras.gov.br;Material;5975;FERRAGENS E SUPRIMENTOS DE ELETRICIDADE;17408;TAMPÃO CONEXÃO;320471;COR: AZUL, DIÂMETRO: 50, MATERIAL: PVC, TIPO ROSCA: SOLDÁVEL, USO: IRRIGAÇÃO;UN;5,0000;3,7700;18,8500;0,0000;31/12/2026
HOSPITAL ESTADUAL TELECILA FREITAS FONTES /RN;932126;867;Material;932126-6/2026;Máquinas, equipamentos, ferramentas e assessórios para manutenção;Catálogo do Compras.gov.br;Material;5975;FERRAGENS E SUPRIMENTOS DE ELETRICIDADE;17408;TAMPÃO CONEXÃO;452716;DIÂMETRO: 50, MATERIAL: PPR, TIPO CONEXÃO: CAP;UN;5,0000;4,8800;24,4000;0,0000;31/12/2026
HOSPITAL ESTADUAL TELECILA FREITAS FONTES /RN;932126;868;Material;932126-6/2026;Máquinas, equipamentos, ferramentas e assessórios para manutenção;Catálogo do Compras.gov.br;Material;5975;FERRAGENS E SUPRIMENTOS DE ELETRICIDADE;17408;TAMPÃO CONEXÃO;352648;DIÂMETRO: 40, MATERIAL: PVC - CLORETO DE POLIVINILA, TIPO ROSCA: SOLDÁVEL;UN;5,0000;8,4200;42,1000;0,0000;31/12/2026
HOSPITAL ESTADUAL TELECILA FREITAS FONTES /RN;932126;869;Material;932126-6/2026;Máquinas, equipamentos, ferramentas e assessórios para manutenção;Catálogo do Compras.gov.br;Material;5330;GAXETAS E OUTROS MATERIAIS PARA VEDAÇÃO;13333;VEDANTE TORNEIRA;304551;BITOLA: 1/2, MATERIAL: PLÁSTICO;PCT;50,0000;1,6000;80,0000;0,0000;31/12/2026
HOSPITAL ESTADUAL TELECILA FREITAS FONTES /RN;932126;870;Material;932126-6/2026;Máquinas, equipamentos, ferramentas e assessórios para manutenção;Catálogo do Compras.gov.br;Material;3920;EQUIPAMENTOS NÃO AUTOPROPULSIONADO PARA MOVIMENTAÇÃO  DE  MATERIAIS;4585;CARRINHO MÃO;453137;CAPACIDADE CAÇAMBA: 60, MATERIAL CAÇAMBA: CHAPA AÇO GALVANIZADO, MATERIAL CHASSI: FERRO, MATERIAL PÉS: FERRO, QUANTIDADE RODA: 1, TIPO RODA: PNEU COM CÂMARA;UN;6,0000;279,1700;1675,0200;0,0000;31/12/2026
HOSPITAL ESTADUAL TELECILA FREITAS FONTES /RN;932126;871;Material;932126-6/2026;Máquinas, equipamentos, ferramentas e assessórios para manutenção;Catálogo do Compras.gov.br;Material;5120;FERRAMENTAS MANUAIS SEM CORTE, NÃO ACIONADAS  POR  FORÇA  MOTRIZ;14429;CHAVE AJUSTÁVEL;377432;MATERIAL: AÇO CROMO VANÁDIO, TAMANHO: 15;UN;3,0000;150,5500;451,6500;0,0000;31/12/2026
HOSPITAL ESTADUAL TELECILA FREITAS FONTES /RN;932126;872;Material;932126-6/2026;Máquinas, equipamentos, ferramentas e assessórios para manutenção;Catálogo do Compras.gov.br;Material;5120;FERRAMENTAS MANUAIS SEM CORTE, NÃO ACIONADAS  POR  FORÇA  MOTRIZ;14637;JOGO CHAVE;245026;APLICAÇÃO: MANUTENÇÃO EQUIPAMENTO MECÂNICO / ELETRÔNICO, CARACTERÍSTICAS ADICIONAIS: COM SEXTAVADO INTERNO, COMPONENTES: 3, 5, 6, 7, 8, 9, 10, 11, 12, 13 E 14 MM, MATERIAL: AÇO CROMO VANÁDIO, MATERIAL CABO: POLIPROPILENO, QUANTIDADE PEÇAS: 11, TAMANHO: CURTO, TIPO: CANHÃO;JG;3,0000;182,0000;546,0000;0,0000;31/12/2026
HOSPITAL ESTADUAL TELECILA FREITAS FONTES /RN;932126;873;Material;932126-6/2026;Máquinas, equipamentos, ferramentas e assessórios para manutenção;Catálogo do Compras.gov.br;Material;5120;FERRAMENTAS MANUAIS SEM CORTE, NÃO ACIONADAS  POR  FORÇA  MOTRIZ;14637;JOGO CHAVE;299098;ACABAMENTO SUPERFICIAL: CROMADO, APLICAÇÃO: SERVIÇOS GERAIS - OFICINA, COMPONENTES: 6/7/8/10/11/12/13/14/17/19/22/24/27/30 E 32 MM, MATERIAL: AÇO, QUANTIDADE PEÇAS: 15, TIPO: COMBINADA;JG;2,0000;391,9200;783,8400;0,0000;31/12/2026
HOSPITAL ESTADUAL TELECILA FREITAS FONTES /RN;932126;874;Material;932126-6/2026;Máquinas, equipamentos, ferramentas e assessórios para manutenção;Catálogo do Compras.gov.br;Material;5120;FERRAMENTAS MANUAIS SEM CORTE, NÃO ACIONADAS  POR  FORÇA  MOTRIZ;14637;JOGO CHAVE;355399;COMPONENTES: 8, 9, 10, 11, 12, 13, 14, 15, 16, 17, 18 E 19, MATERIAL: AÇO, QUANTIDADE PEÇAS: 12, TIPO: BIELA;JG;3,0000;266,5700;799,7100;0,0000;31/12/2026
HOSPITAL ESTADUAL TELECILA FREITAS FONTES /RN;932126;875;Material;932126-6/2026;Máquinas, equipamentos, ferramentas e assessórios para manutenção;Catálogo do Compras.gov.br;Material;5120;FERRAMENTAS MANUAIS SEM CORTE, NÃO ACIONADAS  POR  FORÇA  MOTRIZ;14727;JOGO CHAVES FENDA;601980;BITOLA PONTA FENDA: 03= (1/4X6, 3/16X4, 1/8X3), BITOLA PONTA PHILIPS: 03= (1/4X6, 3/16X4, 1/8X6), CARACTERÍSTICAS ADICIONAIS: ISOLAÇÃO DE 1000V CA, MATERIAL CABO: EMBORRACHADO, MATERIAL HASTE: AÇO CROMO VANÁDIO, QUANTIDADE PEÇAS: 6, TIPO CABO: ISOLADO, TIPO PONTA: FENDA E PHILIPS;JG;3,0000;72,9000;218,7000;0,0000;31/12/2026
HOSPITAL ESTADUAL TELECILA FREITAS FONTES /RN;932126;876;Material;932126-6/2026;Máquinas, equipamentos, ferramentas e assessórios para manutenção;Catálogo do Compras.gov.br;Material;5120;FERRAMENTAS MANUAIS SEM CORTE, NÃO ACIONADAS  POR  FORÇA  MOTRIZ;14727;JOGO CHAVES FENDA;483811;APLICAÇÃO: SERVIÇOS GERAIS, MATERIAL HASTE: AÇO CROMO VANÁDIO, QUANTIDADE PEÇAS: 5, TIPO PONTA: CHATA E PHILIPS, BITOLA: 3/16 X 4, 3/16 X 6, 1/4 X 4, 1/4 X 6, 1/4 X 1 1/2;JG;3,0000;72,9000;218,7000;0,0000;31/12/2026
HOSPITAL ESTADUAL TELECILA FREITAS FONTES /RN;932126;877;Material;932126-6/2026;Máquinas, equipamentos, ferramentas e assessórios para manutenção;Catálogo do Compras.gov.br;Material;5120;FERRAMENTAS MANUAIS SEM CORTE, NÃO ACIONADAS  POR  FORÇA  MOTRIZ;14727;JOGO CHAVES FENDA;274826;APLICAÇÃO: MANUTENÇÃO EQUIPAMENTOS ELETRÔNICOS, MATERIAL CABO: POLIPROPILENO, MATERIAL HASTE: AÇO CROMO VANÁDIO, QUANTIDADE PEÇAS: 6, TIPO CABO: ISOLADO, TIPO PONTA: CHATA, BITOLA: 1/8X2,3/16X3,1/4X4,3/16X6,1/4X6 E 1/4X1 1/2(TOCO);JG;3,0000;32,2100;96,6300;0,0000;31/12/2026
HOSPITAL ESTADUAL TELECILA FREITAS FONTES /RN;932126;878;Material;932126-6/2026;Máquinas, equipamentos, ferramentas e assessórios para manutenção;Catálogo do Compras.gov.br;Material;5120;FERRAMENTAS MANUAIS SEM CORTE, NÃO ACIONADAS  POR  FORÇA  MOTRIZ;14727;JOGO CHAVES FENDA;274830;APLICAÇÃO: MANUTENÇÃO EQUIPAMENTOS ELETRÔNICOS, MATERIAL CABO: POLIPROPILENO, MATERIAL HASTE: AÇO CROMO VANÁDIO, QUANTIDADE PEÇAS: 6, TIPO CABO: ISOLADO, TIPO PONTA: PHILLIPS, BITOLA: 1/8X2,3/16X3,1/4X4,3/16X6,1/4X6 E 1/4X1 1/2(TOCO);JG;3,0000;32,2100;96,6300;0,0000;31/12/2026
HOSPITAL ESTADUAL TELECILA FREITAS FONTES /RN;932126;879;Material;932126-6/2026;Máquinas, equipamentos, ferramentas e assessórios para manutenção;Catálogo do Compras.gov.br;Material;5930;CHAVES ELÉTRICAS;4904;CHAVE ELÉTRICA TIPO BÓIA;441032;CORRENTE NOMINAL: 20, FREQUÊNCIA: 60, MATERIAL BÓIA: POLIPROPILENO, TENSÃO NOMINAL: 220;UN;3,0000;81,9700;245,9100;0,0000;31/12/2026
HOSPITAL ESTADUAL TELECILA FREITAS FONTES /RN;932126;880;Material;932126-6/2026;Máquinas, equipamentos, ferramentas e assessórios para manutenção;Catálogo do Compras.gov.br;Material;5120;FERRAMENTAS MANUAIS SEM CORTE, NÃO ACIONADAS  POR  FORÇA  MOTRIZ;4876;CHAVE FIXA;264905;ACABAMENTO: NIQUELADO E CROMADO, BITOLA: 10 X 11, MATERIAL: AÇO VANÁDIO - 31CRV3, TIPO: DUAS BOCAS;UN;5,0000;17,9000;89,5000;0,0000;31/12/2026
HOSPITAL ESTADUAL TELECILA FREITAS FONTES /RN;932126;881;Material;932126-6/2026;Máquinas, equipamentos, ferramentas e assessórios para manutenção;Catálogo do Compras.gov.br;Material;5120;FERRAMENTAS MANUAIS SEM CORTE, NÃO ACIONADAS  POR  FORÇA  MOTRIZ;4876;CHAVE FIXA;264906;ACABAMENTO: NIQUELADO E CROMADO, BITOLA: 14 X 15, MATERIAL: AÇO VANÁDIO - 31CRV3, TIPO: DUAS BOCAS;UN;3,0000;17,9000;53,7000;0,0000;31/12/2026
HOSPITAL ESTADUAL TELECILA FREITAS FONTES /RN;932126;882;Material;932126-6/2026;Máquinas, equipamentos, ferramentas e assessórios para manutenção;Catálogo do Compras.gov.br;Material;5120;FERRAMENTAS MANUAIS SEM CORTE, NÃO ACIONADAS  POR  FORÇA  MOTRIZ;4876;CHAVE FIXA;254287;ACABAMENTO: CROMADO, BITOLA: 12 X 13, MATERIAL: AÇO CARBONO, TIPO: DUAS BOCAS;UN;3,0000;17,9000;53,7000;0,0000;31/12/2026
HOSPITAL ESTADUAL TELECILA FREITAS FONTES /RN;932126;883;Material;932126-6/2026;Máquinas, equipamentos, ferramentas e assessórios para manutenção;Catálogo do Compras.gov.br;Material;5120;FERRAMENTAS MANUAIS SEM CORTE, NÃO ACIONADAS  POR  FORÇA  MOTRIZ;14429;CHAVE AJUSTÁVEL;615068;APLICAÇÃO: SERVIÇOS GERAIS, MATERIAL: AÇO LIGA, TAMANHO: 36, TIPO: GRIFO;UN;2,0000;173,9900;347,9800;0,0000;31/12/2026
HOSPITAL ESTADUAL TELECILA FREITAS FONTES /RN;932126;884;Material;932126-6/2026;Máquinas, equipamentos, ferramentas e assessórios para manutenção;Catálogo do Compras.gov.br;Material;5120;FERRAMENTAS MANUAIS SEM CORTE, NÃO ACIONADAS  POR  FORÇA  MOTRIZ;14429;CHAVE AJUSTÁVEL;424025;ABERTURA: 600, MATERIAL: AÇO CROMO VANÁDIO, TAMANHO: 24, TIPO: GRIFO;UN;2,0000;124,7200;249,4400;0,0000;31/12/2026
HOSPITAL ESTADUAL TELECILA FREITAS FONTES /RN;932126;885;Material;932126-6/2026;Máquinas, equipamentos, ferramentas e assessórios para manutenção;Catálogo do Compras.gov.br;Material;5120;FERRAMENTAS MANUAIS SEM CORTE, NÃO ACIONADAS  POR  FORÇA  MOTRIZ;14429;CHAVE AJUSTÁVEL;386810;ACABAMENTO SUPERFICIAL: CROMADO, MATERIAL: AÇO, TAMANHO: 14, TIPO: GRIFO;UN;1,0000;48,4700;48,4700;0,0000;31/12/2026
HOSPITAL ESTADUAL TELECILA FREITAS FONTES /RN;932126;886;Material;932126-6/2026;Máquinas, equipamentos, ferramentas e assessórios para manutenção;Catálogo do Compras.gov.br;Material;5120;FERRAMENTAS MANUAIS SEM CORTE, NÃO ACIONADAS  POR  FORÇA  MOTRIZ;14429;CHAVE AJUSTÁVEL;325012;CARACTERÍSTICAS ADICIONAIS: CABO EMBORRACHADO, MATERIAL: AÇO, TAMANHO: 18;UN;2,0000;34,4000;68,8000;0,0000;31/12/2026
HOSPITAL ESTADUAL TELECILA FREITAS FONTES /RN;932126;887;Material;932126-6/2026;Máquinas, equipamentos, ferramentas e assessórios para manutenção;Catálogo do Compras.gov.br;Material;4510;DISPOSITIVOS E ACESSÓRIOS PARA INSTALAÇÕES HIDRÁULICAS;4977;CHUVEIRO NÃO ELÉTRICO;226827;BITOLA: 1/2 E 3/4, COMPRIMENTO BRAÇO: 35, COR: BRANCA, MATERIAL: PLÁSTICO, TIPO: COM BRAÇO, COM REGISTRO, DIÂMETRO: 4;UN;70,0000;15,0000;1050,0000;0,0000;31/12/2026
HOSPITAL ESTADUAL TELECILA FREITAS FONTES /RN;932126;888;Material;932126-6/2026;Máquinas, equipamentos, ferramentas e assessórios para manutenção;Catálogo do Compras.gov.br;Material;5340;FERRAGENS DIVERSAS;4993;CILINDRO FECHADURA;236513;ACABAMENTO: CROMADO, COMPRIMENTO: 34, ESPESSURA: 17,50, FORMATO: MONOBLOCO OVAL, MATERIAL: LATÃO, TIPO: STANDARD COM 5 PINOS;UN;30,0000;26,4100;792,3000;0,0000;31/12/2026
HOSPITAL ESTADUAL TELECILA FREITAS FONTES /RN;932126;889;Material;932126-6/2026;Máquinas, equipamentos, ferramentas e assessórios para manutenção;Catálogo do Compras.gov.br;Material;5610;MATERIAIS DE ORIGEM MINERAL PARA CONSTRUÇÃO, A GRANEL;867;CIMENTO PORTLAND;373605;MATERIAL: CLINKER, TIPO: CP I- 32 (NBR-5732);SC;1000,0000;31,4700;31470,0000;0,0000;31/12/2026
HOSPITAL ESTADUAL TELECILA FREITAS FONTES /RN;932126;890;Material;932126-6/2026;Máquinas, equipamentos, ferramentas e assessórios para manutenção;Catálogo do Compras.gov.br;Material;5610;MATERIAIS DE ORIGEM MINERAL PARA CONSTRUÇÃO, A GRANEL;866;CIMENTO BRANCO;216964;TIPO CIMENTO: PORTLAND, COR: BRANCA;SC;5,0000;72,9000;364,5000;0,0000;31/12/2026
HOSPITAL ESTADUAL TELECILA FREITAS FONTES /RN;932126;891;Material;932126-6/2026;Máquinas, equipamentos, ferramentas e assessórios para manutenção;Catálogo do Compras.gov.br;Material;6810;PRODUTOS QUÍMICOS;13894;COLA;386956;APLICAÇÃO: PAPEL, MADEIRA, TECIDO, COURO, CARACTERÍSTICAS ADICIONAIS: BICO APLICADOR, TAMPA FIXA, ATÓXICA, LAVÁVEL, COMPOSIÇÃO: ACETATO DE POLIVINILA, COR: BRANCA, TIPO: LÍQUIDO;FR;5,0000;39,9900;199,9500;0,0000;31/12/2026
HOSPITAL ESTADUAL TELECILA FREITAS FONTES /RN;932126;892;Material;932126-6/2026;Máquinas, equipamentos, ferramentas e assessórios para manutenção;Catálogo do Compras.gov.br;Material;6810;PRODUTOS QUÍMICOS;13894;COLA;345252;APLICAÇÃO: VIDRO,BORRACHA,PLÁSTICO,PVC,METAL,ACRÍLICO,NÁILON, CARACTERÍSTICAS ADICIONAIS: INSTANTÂNEA, COMPOSIÇÃO: ESTER DE CIANOACRILATO, COR: INCOLOR, TIPO: LÍQUIDO;BIS;15,0000;5,9800;89,7000;0,0000;31/12/2026
HOSPITAL ESTADUAL TELECILA FREITAS FONTES /RN;932126;893;Material;932126-6/2026;Máquinas, equipamentos, ferramentas e assessórios para manutenção;Catálogo do Compras.gov.br;Material;8040;ADESIVOS;11348;ADESIVO CONEXÃO HIDRÁULICA;268188;CARACTERÍSTICAS ADICIONAIS: COLAGEM ULTRA RÁPIDA, COMPOSIÇÃO: BISNAGAS DUPLAS PARA MISTURA INSTANTÂNEA, APLICAÇÃO: TUBOS E CONEXÕES DE PVC, APRESENTAÇÃO: BISNAGA;BIS;15,0000;5,3700;80,5500;0,0000;31/12/2026
HOSPITAL ESTADUAL TELECILA FREITAS FONTES /RN;932126;894;Material;932126-6/2026;Máquinas, equipamentos, ferramentas e assessórios para manutenção;Catálogo do Compras.gov.br;Material;5120;FERRAMENTAS MANUAIS SEM CORTE, NÃO ACIONADAS  POR  FORÇA  MOTRIZ;599;COLHER PEDREIRO;441610;CARACTERÍSTICAS ADICIONAIS: RETA - INTEIRIÇA, MATERIAL: AÇO CARBONO, MATERIAL CABO: MADEIRA ENVERNIZADA, TAMANHO: 10;UN;5,0000;26,8900;134,4500;0,0000;31/12/2026
HOSPITAL ESTADUAL TELECILA FREITAS FONTES /RN;932126;895;Material;932126-6/2026;Máquinas, equipamentos, ferramentas e assessórios para manutenção;Catálogo do Compras.gov.br;Material;5120;FERRAMENTAS MANUAIS SEM CORTE, NÃO ACIONADAS  POR  FORÇA  MOTRIZ;599;COLHER PEDREIRO;441611;CARACTERÍSTICAS ADICIONAIS: RETA - INTEIRIÇA, MATERIAL: AÇO CARBONO, MATERIAL CABO: MADEIRA ENVERNIZADA, TAMANHO: 6;UN;5,0000;20,8900;104,4500;0,0000;31/12/2026
HOSPITAL ESTADUAL TELECILA FREITAS FONTES /RN;932126;896;Material;932126-6/2026;Máquinas, equipamentos, ferramentas e assessórios para manutenção;Catálogo do Compras.gov.br;Material;6310;SISTEMA DE SINALIZAÇÃO DE TRÁFEGO E TRÂNSITO;1492;CONE SINALIZAÇÃO;606361;ACESSÓRIOS: BASE REMOVÍVEL EM BORRACHA, ALTURA: 95, COR: LARANJA COM 2 FAIXAS CINZAS REFLETIVAS, LARGURA BASE: 40 X 40, MATERIAL: POLIETILENO SEMIFLEXÍVEL;UN;20,0000;60,7900;1215,8000;0,0000;31/12/2026
HOSPITAL ESTADUAL TELECILA FREITAS FONTES /RN;932126;897;Material;932126-6/2026;Máquinas, equipamentos, ferramentas e assessórios para manutenção;Catálogo do Compras.gov.br;Material;4730;ACESSÓRIOS E FERRAGENS ESPECIAIS PARA  MANGUEIRAS, CANOS  E TUBOS;13546;CONEXÃO HIDRÁULICA;626239;APLICAÇÃO: INSTALAÇÕES PREDIAIS ÁGUA FRIA, BITOLA I: 25 MM X 3/4, MATERIAL: PVC - CLORETO DE POLIVINILA, TIPO: ADAPTADOR, TIPO FIXAÇÃO: SOLDÁVEL E ROSCÁVEL;UN;20,0000;0,5900;11,8000;0,0000;31/12/2026
HOSPITAL ESTADUAL TELECILA FREITAS FONTES /RN;932126;898;Material;932126-6/2026;Máquinas, equipamentos, ferramentas e assessórios para manutenção;Catálogo do Compras.gov.br;Material;4730;ACESSÓRIOS E FERRAGENS ESPECIAIS PARA  MANGUEIRAS, CANOS  E TUBOS;13546;CONEXÃO HIDRÁULICA;616545;APLICAÇÃO: INSTALAÇÕES PREDIAIS ÁGUA FRIA, BITOLA LADO SOLDÁVEL: 32, CARACTERÍSTICAS ADICIONAIS: COM BUCHA DE LATÃO, MATERIAL: PVC, TIPO: LUVA DE REDUÇÃO, TIPO FIXAÇÃO: SOLDÁVEL E ROSCÁVEL;UN;10,0000;18,0800;180,8000;0,0000;31/12/2026
HOSPITAL ESTADUAL TELECILA FREITAS FONTES /RN;932126;899;Material;932126-6/2026;Máquinas, equipamentos, ferramentas e assessórios para manutenção;Catálogo do Compras.gov.br;Material;4730;ACESSÓRIOS E FERRAGENS ESPECIAIS PARA  MANGUEIRAS, CANOS  E TUBOS;13546;CONEXÃO HIDRÁULICA;616544;APLICAÇÃO: INSTALAÇÕES PREDIAIS ÁGUA FRIA, BITOLA LADO SOLDÁVEL: 20, CARACTERÍSTICAS ADICIONAIS: COM BUCHA DE LATÃO, MATERIAL: PVC, TIPO: LUVA DE REDUÇÃO, TIPO FIXAÇÃO: SOLDÁVEL E ROSCÁVEL;UN;10,0000;7,6500;76,5000;0,0000;31/12/2026
HOSPITAL ESTADUAL TELECILA FREITAS FONTES /RN;932126;900;Material;932126-6/2026;Máquinas, equipamentos, ferramentas e assessórios para manutenção;Catálogo do Compras.gov.br;Material;4730;ACESSÓRIOS E FERRAGENS ESPECIAIS PARA  MANGUEIRAS, CANOS  E TUBOS;13546;CONEXÃO HIDRÁULICA;625283;BITOLA II: 3/4 X 1/2, MATERIAL: PVC - CLORETO DE POLIVINILA, TIPO: JOELHO DE REDUÇÃO 90°, TIPO FIXAÇÃO: SOLDÁVEL;UN;20,0000;2,6100;52,2000;0,0000;31/12/2026
HOSPITAL ESTADUAL TELECILA FREITAS FONTES /RN;932126;901;Material;932126-6/2026;Máquinas, equipamentos, ferramentas e assessórios para manutenção;Catálogo do Compras.gov.br;Material;4730;ACESSÓRIOS E FERRAGENS ESPECIAIS PARA  MANGUEIRAS, CANOS  E TUBOS;13546;CONEXÃO HIDRÁULICA;611758;APLICAÇÃO: INSTALAÇÃO HIDROSSANITÁRIA, BITOLA: 4, CARACTERÍSTICAS ADICIONAIS: SCHEDULE 80, MATERIAL: PVC-U, TIPO: JOELHO 90°, TIPO FIXAÇÃO: SOLDÁVEL;UN;20,0000;7,1600;143,2000;0,0000;31/12/2026
HOSPITAL ESTADUAL TELECILA FREITAS FONTES /RN;932126;902;Material;932126-6/2026;Máquinas, equipamentos, ferramentas e assessórios para manutenção;Catálogo do Compras.gov.br;Material;4730;ACESSÓRIOS E FERRAGENS ESPECIAIS PARA  MANGUEIRAS, CANOS  E TUBOS;13546;CONEXÃO HIDRÁULICA;605579;APLICAÇÃO: SISTEMAS DE IRRIGAÇÃO OU CONDUÇÃO DE ÁGUA, BITOLA III: 1, COR: PRETA, MATERIAL: PVC, TIPO: JOELHO 90°, TIPO FIXAÇÃO: ROSCÁVEL (2 LADOS);UN;10,0000;2,1600;21,6000;0,0000;31/12/2026
HOSPITAL ESTADUAL TELECILA FREITAS FONTES /RN;932126;903;Material;932126-6/2026;Máquinas, equipamentos, ferramentas e assessórios para manutenção;Catálogo do Compras.gov.br;Material;4730;ACESSÓRIOS E FERRAGENS ESPECIAIS PARA  MANGUEIRAS, CANOS  E TUBOS;13546;CONEXÃO HIDRÁULICA;483211;APLICAÇÃO: INSTALAÇÕES PREDIAIS ÁGUA FRIA, BITOLA I: 50, COR: MARROM, MATERIAL: PVC - CLORETO DE POLIVINILA, TIPO: CURVA 90°, TIPO FIXAÇÃO: SOLDÁVEL;UN;10,0000;4,9300;49,3000;0,0000;31/12/2026
HOSPITAL ESTADUAL TELECILA FREITAS FONTES /RN;932126;904;Material;932126-6/2026;Máquinas, equipamentos, ferramentas e assessórios para manutenção;Catálogo do Compras.gov.br;Material;4730;ACESSÓRIOS E FERRAGENS ESPECIAIS PARA  MANGUEIRAS, CANOS  E TUBOS;13546;CONEXÃO HIDRÁULICA;295919;BITOLA: 20, MATERIAL: PVC RÍGIDO, TIPO: LUVA DE CORRER, TIPO FIXAÇÃO: SOLDÁVEL;UN;10,0000;1,9500;19,5000;0,0000;31/12/2026
HOSPITAL ESTADUAL TELECILA FREITAS FONTES /RN;932126;905;Material;932126-6/2026;Máquinas, equipamentos, ferramentas e assessórios para manutenção;Catálogo do Compras.gov.br;Material;4730;ACESSÓRIOS E FERRAGENS ESPECIAIS PARA  MANGUEIRAS, CANOS  E TUBOS;13546;CONEXÃO HIDRÁULICA;407295;APLICAÇÃO: INSTALAÇÕES PREDIAIS ÁGUA FRIA, BITOLA: 25, MATERIAL: PVC - CLORETO DE POLIVINILA, TIPO: LUVA DE CORRER, TIPO FIXAÇÃO: SOLDÁVEL;UN;10,0000;9,4400;94,4000;0,0000;31/12/2026
HOSPITAL ESTADUAL TELECILA FREITAS FONTES /RN;932126;906;Material;932126-6/2026;Máquinas, equipamentos, ferramentas e assessórios para manutenção;Catálogo do Compras.gov.br;Material;4730;ACESSÓRIOS E FERRAGENS ESPECIAIS PARA  MANGUEIRAS, CANOS  E TUBOS;13546;CONEXÃO HIDRÁULICA;340072;APLICAÇÃO: INSTALAÇÕES PREDIAIS ÁGUA FRIA E QUENTE, BITOLA: 32, MATERIAL: COBRE, TIPO: LUVA, TIPO FIXAÇÃO: SOLDÁVEL;UN;10,0000;2,6500;26,5000;0,0000;31/12/2026
HOSPITAL ESTADUAL TELECILA FREITAS FONTES /RN;932126;907;Material;932126-6/2026;Máquinas, equipamentos, ferramentas e assessórios para manutenção;Catálogo do Compras.gov.br;Material;4730;ACESSÓRIOS E FERRAGENS ESPECIAIS PARA  MANGUEIRAS, CANOS  E TUBOS;13546;CONEXÃO HIDRÁULICA;389649;APLICAÇÃO: INSTALAÇÕES PREDIAIS ÁGUA FRIA, BITOLA: 50, CARACTERÍSTICAS ADICIONAIS: ANEL DE BORRACHA PARA VEDAÇÃO NAS EXTREMIDADES, MATERIAL: PVC - CLORETO DE POLIVINILA, TIPO: LUVA DE CORRER, TIPO FIXAÇÃO: ENCAIXE;UN;10,0000;12,1500;121,5000;0,0000;31/12/2026
HOSPITAL ESTADUAL TELECILA FREITAS FONTES /RN;932126;908;Material;932126-6/2026;Máquinas, equipamentos, ferramentas e assessórios para manutenção;Catálogo do Compras.gov.br;Material;4730;ACESSÓRIOS E FERRAGENS ESPECIAIS PARA  MANGUEIRAS, CANOS  E TUBOS;13546;CONEXÃO HIDRÁULICA;420009;APLICAÇÃO: INSTALAÇÕES PREDIAIS ÁGUA FRIA, BITOLA: 1/2, MATERIAL: PVC - CLORETO DE POLIVINILA, TIPO: NIPLE, TIPO FIXAÇÃO: ROSCÁVEL;UN;10,0000;1,0400;10,4000;0,0000;31/12/2026
HOSPITAL ESTADUAL TELECILA FREITAS FONTES /RN;932126;909;Material;932126-6/2026;Máquinas, equipamentos, ferramentas e assessórios para manutenção;Catálogo do Compras.gov.br;Material;4730;ACESSÓRIOS E FERRAGENS ESPECIAIS PARA  MANGUEIRAS, CANOS  E TUBOS;10913;PLUG TUBO;250117;APLICAÇÃO: REDE HIDRAULICA, BITOLA: 1/2, FORMATO: TAMPÃO, MATERIAL: PVC - CLORETO DE POLIVINILA RÍGIDO, TIPO: ROSCÁVEL;UN;20,0000;0,6000;12,0000;0,0000;31/12/2026
HOSPITAL ESTADUAL TELECILA FREITAS FONTES /RN;932126;910;Material;932126-6/2026;Máquinas, equipamentos, ferramentas e assessórios para manutenção;Catálogo do Compras.gov.br;Material;4730;ACESSÓRIOS E FERRAGENS ESPECIAIS PARA  MANGUEIRAS, CANOS  E TUBOS;10913;PLUG TUBO;250120;APLICAÇÃO: REDE HIDRAULICA, BITOLA: 3/4, FORMATO: TAMPÃO, MATERIAL: PVC - CLORETO DE POLIVINILA RÍGIDO, TIPO: ROSCÁVEL;UN;20,0000;1,8400;36,8000;0,0000;31/12/2026
HOSPITAL ESTADUAL TELECILA FREITAS FONTES /RN;932126;911;Material;932126-6/2026;Máquinas, equipamentos, ferramentas e assessórios para manutenção;Catálogo do Compras.gov.br;Material;4730;ACESSÓRIOS E FERRAGENS ESPECIAIS PARA  MANGUEIRAS, CANOS  E TUBOS;13546;CONEXÃO HIDRÁULICA;271558;APLICAÇÃO: INSTALAÇÕES PREDIAIS ÁGUA FRIA, BITOLA: 25, MATERIAL: PVC - CLORETO DE POLIVINILA, TIPO: TÊ, TIPO FIXAÇÃO: SOLDÁVEL;UN;20,0000;1,0000;20,0000;0,0000;31/12/2026
HOSPITAL ESTADUAL TELECILA FREITAS FONTES /RN;932126;912;Material;932126-6/2026;Máquinas, equipamentos, ferramentas e assessórios para manutenção;Catálogo do Compras.gov.br;Material;4730;ACESSÓRIOS E FERRAGENS ESPECIAIS PARA  MANGUEIRAS, CANOS  E TUBOS;13546;CONEXÃO HIDRÁULICA;264977;APLICAÇÃO: INSTALAÇÕES PREDIAIS ÁGUA FRIA, BITOLA: 32, MATERIAL: PVC - CLORETO DE POLIVINILA, TIPO: TÊ, TIPO FIXAÇÃO: SOLDÁVEL;UN;20,0000;6,9000;138,0000;0,0000;31/12/2026
HOSPITAL ESTADUAL TELECILA FREITAS FONTES /RN;932126;913;Material;932126-6/2026;Máquinas, equipamentos, ferramentas e assessórios para manutenção;Catálogo do Compras.gov.br;Material;4730;ACESSÓRIOS E FERRAGENS ESPECIAIS PARA  MANGUEIRAS, CANOS  E TUBOS;13546;CONEXÃO HIDRÁULICA;368556;APLICAÇÃO: VASO SANITÁRIO, BITOLA I: 1 1/2, MATERIAL: PVC BRANCO, TIPO: SPUD, TIPO FIXAÇÃO: ANEL BORRACHA;UN;20,0000;15,9000;318,0000;0,0000;31/12/2026
HOSPITAL ESTADUAL TELECILA FREITAS FONTES /RN;932126;914;Material;932126-6/2026;Máquinas, equipamentos, ferramentas e assessórios para manutenção;Catálogo do Compras.gov.br;Material;4730;ACESSÓRIOS E FERRAGENS ESPECIAIS PARA  MANGUEIRAS, CANOS  E TUBOS;13546;CONEXÃO HIDRÁULICA;351297;APLICAÇÃO: INSTALAÇÕES PREDIAIS ÁGUA FRIA, BITOLA: 32, MATERIAL: PVC - CLORETO DE POLIVINILA, NORMAS TÉCNICAS: NBR 5648, TIPO: UNIÃO, TIPO FIXAÇÃO: SOLDÁVEL;UN;10,0000;16,7000;167,0000;0,0000;31/12/2026
HOSPITAL ESTADUAL TELECILA FREITAS FONTES /RN;932126;915;Material;932126-6/2026;Máquinas, equipamentos, ferramentas e assessórios para manutenção;Catálogo do Compras.gov.br;Material;4730;ACESSÓRIOS E FERRAGENS ESPECIAIS PARA  MANGUEIRAS, CANOS  E TUBOS;13546;CONEXÃO HIDRÁULICA;616549;APLICAÇÃO: INSTALAÇÃO HIDRÁULICA, BITOLA: 32, CARACTERÍSTICAS ADICIONAIS: HORIZONTAL, MATERIAL: PVC, TIPO: VÁLVULA RETENÇÃO, TIPO FIXAÇÃO: SOLDÁVEL;UN;5,0000;39,8000;199,0000;0,0000;31/12/2026
HOSPITAL ESTADUAL TELECILA FREITAS FONTES /RN;932126;934;Material;932126-6/2026;Máquinas, equipamentos, ferramentas e assessórios para manutenção;Catálogo do Compras.gov.br;Material;5120;FERRAMENTAS MANUAIS SEM CORTE, NÃO ACIONADAS  POR  FORÇA  MOTRIZ;6084;DESEMPENADEIRA MANUAL;480897;APLICAÇÃO: SERVIÇOS DE OBRAS, CARACTERÍSTICAS ADICIONAIS: LISA, COMPRIMENTO: 25, LARGURA: 16, MATERIAL: AÇO;UN;10,0000;16,0600;160,6000;0,0000;31/12/2026
HOSPITAL ESTADUAL TELECILA FREITAS FONTES /RN;932126;916;Material;932126-6/2026;Máquinas, equipamentos, ferramentas e assessórios para manutenção;Catálogo do Compras.gov.br;Material;5935;CONECTORES ELÉTRICOS;15261;CAIXA TOMADA;418406;CORRENTE NOMINAL: 10, MATERIAL: TERMOPLÁSTICO AUTO-EXTINGUÍVEL, NÚMERO PÓLOS: 2 P + T, QUANTIDADE TOMADAS SAÍDA: 1, TENSÃO NOMINAL: 250, TIPO: MÓDULO DE TOMADA, TIPO SAÍDA: 1 TOMADA PADRÃO BRASILEIRO;UN;100,0000;11,6400;1164,0000;0,0000;31/12/2026
HOSPITAL ESTADUAL TELECILA FREITAS FONTES /RN;932126;917;Material;932126-6/2026;Máquinas, equipamentos, ferramentas e assessórios para manutenção;Catálogo do Compras.gov.br;Material;5935;CONECTORES ELÉTRICOS;15261;CAIXA TOMADA;621093;COMPONENTES: 1 TOMAD A DE 20A, DISJUNTOR BIPOLAR MINI CURVA C, CORRENTE NOMINAL: 20, FORMATO CONTATO: QUADRADO, MATERIAL: PLÁSTICO, TIPO: MÓDULO DE TOMADA, TIPO FIXAÇÃO: PARAFUSOS OU FITA ADESIVA DUPLA FACE;UN;5,0000;15,5900;77,9500;0,0000;31/12/2026
HOSPITAL ESTADUAL TELECILA FREITAS FONTES /RN;932126;918;Material;932126-6/2026;Máquinas, equipamentos, ferramentas e assessórios para manutenção;Catálogo do Compras.gov.br;Material;5120;FERRAMENTAS MANUAIS SEM CORTE, NÃO ACIONADAS  POR  FORÇA  MOTRIZ;14636;CONJUNTO FERRAMENTAS;268611;APLICAÇÃO: OFICINA MECÂNICA, COMPONENTES: CHAVE MULTI-FRASEADA, CHAVE PLANA TIPO TORX, CHAVE;UN;2,0000;104,9900;209,9800;0,0000;31/12/2026
HOSPITAL ESTADUAL TELECILA FREITAS FONTES /RN;932126;919;Material;932126-6/2026;Máquinas, equipamentos, ferramentas e assessórios para manutenção;Catálogo do Compras.gov.br;Material;3433;EQUIPAMENTO PARA SOLDA A GÁS, CORTE POR AQUECIMENTO E DE  METALIZAÇÃO;15957;CONJUNTO SOLDA;617773;CAPACIDADE CILINDRO: OXIGENIO (1M3) / ACETILENO (1KG), CARACTERÍSTICAS ADICIONAIS: 2 REGULADORES, 2 VALVULAS, MAÇARICO 2 EXTENSOES, COMPONENTES: 1 CILINDRO DE OXI., 1 CILINDRO DE ACET., MANGUEIRA;UN;2,0000;2499,9000;4999,8000;0,0000;31/12/2026
HOSPITAL ESTADUAL TELECILA FREITAS FONTES /RN;932126;920;Material;932126-6/2026;Máquinas, equipamentos, ferramentas e assessórios para manutenção;Catálogo do Compras.gov.br;Material;5930;CHAVES ELÉTRICAS;14517;CONTATOR;360412;APLICAÇÃO: ESTUFA DE SECAGEM, CORRENTE TÉRMICA NOMINAL: 20, MODELO1: CW07 10E (WEG), TENSÃO ISOLAMENTO: 250, TIPO: ELETRÔNICO;UN;5,0000;50,0000;250,0000;0,0000;31/12/2026
HOSPITAL ESTADUAL TELECILA FREITAS FONTES /RN;932126;921;Material;932126-6/2026;Máquinas, equipamentos, ferramentas e assessórios para manutenção;Catálogo do Compras.gov.br;Material;5930;CHAVES ELÉTRICAS;14517;CONTATOR;365166;CORRENTE TRABALHO: 30, FREQUÊNCIA: 60, MODELO: 3TF-42, TENSÃO NOMINAL BOBINA: 220, TIPO: TRIFÁSICO;UN;3,0000;218,5100;655,5300;0,0000;31/12/2026
HOSPITAL ESTADUAL TELECILA FREITAS FONTES /RN;932126;922;Material;932126-6/2026;Máquinas, equipamentos, ferramentas e assessórios para manutenção;Catálogo do Compras.gov.br;Material;5930;CHAVES ELÉTRICAS;14517;CONTATOR;478423;APLICAÇÃO: SISTEMA ELÉTRICO, CORRENTE TRABALHO: 40, REFERÊNCIA: LC1D40AM7, TENSÃO TRABALHO: 220, TIPO: TRIFÁSICO;UN;3,0000;579,3200;1737,9600;0,0000;31/12/2026
HOSPITAL ESTADUAL TELECILA FREITAS FONTES /RN;932126;923;Material;932126-6/2026;Máquinas, equipamentos, ferramentas e assessórios para manutenção;Catálogo do Compras.gov.br;Material;4240;EQUIPAMENTO PARA SEGURANÇA E SALVAMENTO;11283;CORDA SALVAMENTO;259666;CAPACIDADE PESOS: ATÉ 2.200, DIÂMETRO: 12, MATERIAL: POLIAMIDA, TIPO: ESTÁTICA;M;100,0000;4,4400;444,0000;0,0000;31/12/2026
HOSPITAL ESTADUAL TELECILA FREITAS FONTES /RN;932126;924;Material;932126-6/2026;Máquinas, equipamentos, ferramentas e assessórios para manutenção;Catálogo do Compras.gov.br;Material;3750;IMPLEMENTOS E FERRAMENTAS DE JARDINAGEM;17382;CORTADOR GRAMA;287699;CARACTERÍSTICAS ADICIONAIS: MOTOR DE 4T, SEM RECOLHEDOR E FAIXA DE CORTE DE 40, POTÊNCIA MOTOR: 6, TIPO MOTOR: GASOLINA;UN;1,0000;1619,1000;1619,1000;0,0000;31/12/2026
HOSPITAL ESTADUAL TELECILA FREITAS FONTES /RN;932126;925;Material;932126-6/2026;Máquinas, equipamentos, ferramentas e assessórios para manutenção;Catálogo do Compras.gov.br;Material;4730;ACESSÓRIOS E FERRAGENS ESPECIAIS PARA  MANGUEIRAS, CANOS  E TUBOS;13546;CONEXÃO HIDRÁULICA;623609;APLICAÇÃO: INSTALAÇÕES PREDIAIS ÁGUA FRIA, BITOLA I: 250, MATERIAL: PVC - CLORETO DE POLIVINILA, TIPO: CURVA 45°, TIPO FIXAÇÃO: SOLDÁVEL;UN;10,0000;6,9000;69,0000;0,0000;31/12/2026
HOSPITAL ESTADUAL TELECILA FREITAS FONTES /RN;932126;926;Material;932126-6/2026;Máquinas, equipamentos, ferramentas e assessórios para manutenção;Catálogo do Compras.gov.br;Material;4730;ACESSÓRIOS E FERRAGENS ESPECIAIS PARA  MANGUEIRAS, CANOS  E TUBOS;13546;CONEXÃO HIDRÁULICA;619497;APLICAÇÃO: INSTALAÇÕES PREDIAIS ÁGUA FRIA, BITOLA I: 300, MATERIAL: PVC - CLORETO DE POLIVINILA, TIPO: CURVA 90°, TIPO FIXAÇÃO: SOLDÁVEL;UN;10,0000;2,7700;27,7000;0,0000;31/12/2026
HOSPITAL ESTADUAL TELECILA FREITAS FONTES /RN;932126;927;Material;932126-6/2026;Máquinas, equipamentos, ferramentas e assessórios para manutenção;Catálogo do Compras.gov.br;Material;5975;FERRAGENS E SUPRIMENTOS DE ELETRICIDADE;14343;CURVA ELETRODUTO;355529;ANGULAÇÃO: 90°, CARACTERÍSTICAS ADICIONAIS: COM BOLSA, COR: PRETO, MATERIAL: PVC, TIPO: SOLDÁVEL;UN;10,0000;4,9900;49,9000;0,0000;31/12/2026
HOSPITAL ESTADUAL TELECILA FREITAS FONTES /RN;932126;928;Material;932126-6/2026;Máquinas, equipamentos, ferramentas e assessórios para manutenção;Catálogo do Compras.gov.br;Material;4730;ACESSÓRIOS E FERRAGENS ESPECIAIS PARA  MANGUEIRAS, CANOS  E TUBOS;13546;CONEXÃO HIDRÁULICA;374260;APLICAÇÃO: INSTALAÇÕES PREDIAIS ÁGUA FRIA, BITOLA: 25, MATERIAL: PVC, TIPO: CURVA 90°, TIPO FIXAÇÃO: SOLDÁVEL;UN;10,0000;2,9000;29,0000;0,0000;31/12/2026
HOSPITAL ESTADUAL TELECILA FREITAS FONTES /RN;932126;929;Material;932126-6/2026;Máquinas, equipamentos, ferramentas e assessórios para manutenção;Catálogo do Compras.gov.br;Material;4730;ACESSÓRIOS E FERRAGENS ESPECIAIS PARA  MANGUEIRAS, CANOS  E TUBOS;13546;CONEXÃO HIDRÁULICA;469337;APLICAÇÃO: INSTALAÇÃO HIDRÁULICA, BITOLA: 20, CARACTERÍSTICAS ADICIONAIS 1: FÊMEA, COR: VERDE, MATERIAL: PPR, TIPO: CURVA 90°;UN;10,0000;2,7700;27,7000;0,0000;31/12/2026
HOSPITAL ESTADUAL TELECILA FREITAS FONTES /RN;932126;930;Material;932126-6/2026;Máquinas, equipamentos, ferramentas e assessórios para manutenção;Catálogo do Compras.gov.br;Material;4730;ACESSÓRIOS E FERRAGENS ESPECIAIS PARA  MANGUEIRAS, CANOS  E TUBOS;13546;CONEXÃO HIDRÁULICA;374268;APLICAÇÃO: INSTALAÇÕES PREDIAIS ÁGUA FRIA, BITOLA: 32, MATERIAL: PVC, TIPO: CURVA 90°, TIPO FIXAÇÃO: SOLDÁVEL;UN;10,0000;6,7100;67,1000;0,0000;31/12/2026
HOSPITAL ESTADUAL TELECILA FREITAS FONTES /RN;932126;931;Material;932126-6/2026;Máquinas, equipamentos, ferramentas e assessórios para manutenção;Catálogo do Compras.gov.br;Material;4730;ACESSÓRIOS E FERRAGENS ESPECIAIS PARA  MANGUEIRAS, CANOS  E TUBOS;13546;CONEXÃO HIDRÁULICA;469340;APLICAÇÃO: INSTALAÇÃO HIDRÁULICA, BITOLA: 40, CARACTERÍSTICAS ADICIONAIS 1: FÊMEA, COR: VERDE, MATERIAL: PPR, TIPO: CURVA 90°;UN;10,0000;6,7100;67,1000;0,0000;31/12/2026
HOSPITAL ESTADUAL TELECILA FREITAS FONTES /RN;932126;932;Material;932126-6/2026;Máquinas, equipamentos, ferramentas e assessórios para manutenção;Catálogo do Compras.gov.br;Material;4730;ACESSÓRIOS E FERRAGENS ESPECIAIS PARA  MANGUEIRAS, CANOS  E TUBOS;13546;CONEXÃO HIDRÁULICA;326512;APLICAÇÃO: INDÚSTRIA NAVAL, BITOLA: 50, MATERIAL: AÇO INOXIDÁVEL, TIPO: CURVA 90°, TIPO FIXAÇÃO: SOLDÁVEL;UN;5,0000;15,6200;78,1000;0,0000;31/12/2026
HOSPITAL ESTADUAL TELECILA FREITAS FONTES /RN;932126;933;Material;932126-6/2026;Máquinas, equipamentos, ferramentas e assessórios para manutenção;Catálogo do Compras.gov.br;Material;5120;FERRAMENTAS MANUAIS SEM CORTE, NÃO ACIONADAS  POR  FORÇA  MOTRIZ;6084;DESEMPENADEIRA MANUAL;612543;APLICAÇÃO: SERVIÇOS DE OBRAS, CARACTERÍSTICAS ADICIONAIS: CORRUGADA, COMPRIMENTO: 29, LARGURA: 12, MATERIAL: TERMOPLÁSTICO;UN;10,0000;16,6500;166,5000;0,0000;31/12/2026
HOSPITAL ESTADUAL TELECILA FREITAS FONTES /RN;932126;935;Material;932126-6/2026;Máquinas, equipamentos, ferramentas e assessórios para manutenção;Catálogo do Compras.gov.br;Material;5120;FERRAMENTAS MANUAIS SEM CORTE, NÃO ACIONADAS  POR  FORÇA  MOTRIZ;6084;DESEMPENADEIRA MANUAL;296200;APLICAÇÃO: ARGAMASSA, CARACTERÍSTICAS ADICIONAIS: COM DENTES, COMPRIMENTO: 25, LARGURA: 12, MATERIAL: AÇO;UN;5,0000;27,0000;135,0000;0,0000;31/12/2026
HOSPITAL ESTADUAL TELECILA FREITAS FONTES /RN;932126;936;Material;932126-6/2026;Máquinas, equipamentos, ferramentas e assessórios para manutenção;Catálogo do Compras.gov.br;Material;5120;FERRAMENTAS MANUAIS SEM CORTE, NÃO ACIONADAS  POR  FORÇA  MOTRIZ;6084;DESEMPENADEIRA MANUAL;485348;COMPRIMENTO: 25, LARGURA: 16, MATERIAL: MADEIRA;UN;3,0000;21,8900;65,6700;0,0000;31/12/2026
HOSPITAL ESTADUAL TELECILA FREITAS FONTES /RN;932126;937;Material;932126-6/2026;Máquinas, equipamentos, ferramentas e assessórios para manutenção;Catálogo do Compras.gov.br;Material;9150;ÓLEOS E GRAXAS PARA CORTE, LUBRIFICAÇÃO E SISTEMAS  HIDRÁULICOS;14780;DESENGRIMPANTE;602645;APLICAÇÃO: USO GERAL, APRESENTAÇÃO: SPRAY, COMPOSIÇÃO: BASE SINTÉTICA BIODEGRADÁVEL;FR;10,0000;32,9100;329,1000;0,0000;31/12/2026
HOSPITAL ESTADUAL TELECILA FREITAS FONTES /RN;932126;938;Material;932126-6/2026;Máquinas, equipamentos, ferramentas e assessórios para manutenção;Catálogo do Compras.gov.br;Material;8430;CALÇADOS MASCULINOS;1415;BOTA SEGURANÇA;621167;CARACTERÍSTICAS ADICIONAIS: COM CADARÇO, COR: A DEFINIR, MATERIAL: COURO NOBUCK, MATERIAL SOLA: POLIURETANO, TAMANHO: SOB MEDIDA;PAR;50,0000;158,0600;7903,0000;0,0000;31/12/2026
HOSPITAL ESTADUAL TELECILA FREITAS FONTES /RN;932126;939;Material;932126-6/2026;Máquinas, equipamentos, ferramentas e assessórios para manutenção;Catálogo do Compras.gov.br;Material;8430;CALÇADOS MASCULINOS;1415;BOTA SEGURANÇA;482669;APLICAÇÃO: USO GERAL, CARACTERÍSTICAS ADICIONAIS: IMPERMEÁVEL, COR: BRANCA, MATERIAL: PVC INJETADO, MATERIAL SOLA: BORRACHA ANTIDERRAPANTE, TAMANHO: SOB MEDIDA, TIPO CANO: MÉDIO, TIPO USO: PROTEÇÃO;PAR;50,0000;35,0600;1753,0000;0,0000;31/12/2026
HOSPITAL ESTADUAL TELECILA FREITAS FONTES /RN;932126;940;Material;932126-6/2026;Máquinas, equipamentos, ferramentas e assessórios para manutenção;Catálogo do Compras.gov.br;Material;4540;EQUIPAMENTOS DIVERSOS DE INSTALAÇÕES HIDRÁULICAS, SANITÁRIASE DE CALEFAÇÃO;6090;DESENTUPIDOR PIA;446101;COMPRIMENTO CABO: 20, COR: PRETA, MATERIAL: BORRACHA FLEXÍVEL, MATERIAL CABO: PLÁSTICO RESISTENTE, TIPO: SANFONADO;UN;20,0000;14,7000;294,0000;0,0000;31/12/2026
HOSPITAL ESTADUAL TELECILA FREITAS FONTES /RN;932126;941;Material;932126-6/2026;Máquinas, equipamentos, ferramentas e assessórios para manutenção;Catálogo do Compras.gov.br;Material;4510;DISPOSITIVOS E ACESSÓRIOS PARA INSTALAÇÕES HIDRÁULICAS;6092;DESENTUPIDOR VASO SANITÁRIO;241711;ALTURA: 10, COMPRIMENTO CABO: 50, COR: PRETA, DIÂMETRO: 16, MATERIAL: BORRACHA FLEXÍVEL, MATERIAL CABO: MADEIRA;UN;20,0000;27,9500;559,0000;0,0000;31/12/2026
HOSPITAL ESTADUAL TELECILA FREITAS FONTES /RN;932126;942;Material;932126-6/2026;Máquinas, equipamentos, ferramentas e assessórios para manutenção;Catálogo do Compras.gov.br;Material;3650;MÁQUINAS PARA INDÚSTRIAS DE PRODUTOS QUÍMICOS  E  FARMACÊUTICOS;567;DISCO CORTE;438793;APLICAÇÃO: MÁRMORE/CERÂMICA/PEDRA/GRANITO, CARACTERÍSTICAS ADICIONAIS: CORTE A SECO, DIÂMETRO: 110, DIÂMETRO FURO: 20, MATERIAL: AÇO DIAMANTADO;UN;30,0000;13,9000;417,0000;0,0000;31/12/2026
HOSPITAL ESTADUAL TELECILA FREITAS FONTES /RN;932126;943;Material;932126-6/2026;Máquinas, equipamentos, ferramentas e assessórios para manutenção;Catálogo do Compras.gov.br;Material;3650;MÁQUINAS PARA INDÚSTRIAS DE PRODUTOS QUÍMICOS  E  FARMACÊUTICOS;567;DISCO CORTE;482967;APLICAÇÃO: AÇO E LIGAS MATERIAIS FERROSOS EM GERAL, DIÂMETRO: 4 1/2, DIÂMETRO FURO: 7/8, ESPESSURA: 1/8, MATERIAL: ÓXIDO ALUMÍNIO;UN;50,0000;5,0900;254,5000;0,0000;31/12/2026
HOSPITAL ESTADUAL TELECILA FREITAS FONTES /RN;932126;944;Material;932126-6/2026;Máquinas, equipamentos, ferramentas e assessórios para manutenção;Catálogo do Compras.gov.br;Material;5345;DISCOS E PEDRAS ABRASIVOS;567;DISCO CORTE;463236;APLICAÇÃO: CONCRETO E ALVENARIA, DIÂMETRO: 115, DIÂMETRO FURO: 22,20, ESPESSURA: 1,20, MATERIAL: AÇO DIAMANTADO;UN;5,0000;39,9000;199,5000;0,0000;31/12/2026
HOSPITAL ESTADUAL TELECILA FREITAS FONTES /RN;932126;945;Material;932126-6/2026;Máquinas, equipamentos, ferramentas e assessórios para manutenção;Catálogo do Compras.gov.br;Material;5925;DISJUNTORES;4;DISJUNTOR BAIXA TENSÃO;484194;APLICAÇÃO: INSTALAÇÕES ELÉTRICAS, CORRENTE NOMINAL: 10, CURVA DE DISPARO: C, FUNCIONAMENTO: TERMOMAGNÉTICO, NÚMERO DE FASES: MONOPOLAR, PADRÃO: DIN, TENSÃO MÁXIMA OPERAÇÃO: 127/220;UN;10,0000;70,0000;700,0000;0,0000;31/12/2026
HOSPITAL ESTADUAL TELECILA FREITAS FONTES /RN;932126;946;Material;932126-6/2026;Máquinas, equipamentos, ferramentas e assessórios para manutenção;Catálogo do Compras.gov.br;Material;5925;DISJUNTORES;4;DISJUNTOR BAIXA TENSÃO;375102;CORRENTE NOMINAL: 16, CURVA DE DISPARO: B, FUNCIONAMENTO: TERMOMAGNÉTICO, TENSÃO NOMINAL: 220 - 240, NÚMERO PÓLOS: 1, CAPACIDADE INTERRUPÇÃO SIMÉTRICA: 5 - 10, NORMAS TÉCNICAS: ABNT NBR IEC 60947-2, REFERÊNCIA: 06374 (LEGRAND), COR: BRANCA, FIXAÇÃO: POR MEIO DE TRILHO DIN 35 MM;UN;10,0000;10,5700;105,7000;0,0000;31/12/2026
HOSPITAL ESTADUAL TELECILA FREITAS FONTES /RN;932126;947;Material;932126-6/2026;Máquinas, equipamentos, ferramentas e assessórios para manutenção;Catálogo do Compras.gov.br;Material;5925;DISJUNTORES;4;DISJUNTOR BAIXA TENSÃO;376213;APLICAÇÃO: CABEAMENTO ESTRUTURADO, CORRENTE NOMINAL: 16, CURVA DE DISPARO: C, FUNCIONAMENTO: TERMOMAGNÉTICO, NÚMERO PÓLOS: 1;UN;10,0000;13,2000;132,0000;0,0000;31/12/2026
HOSPITAL ESTADUAL TELECILA FREITAS FONTES /RN;932126;948;Material;932126-6/2026;Máquinas, equipamentos, ferramentas e assessórios para manutenção;Catálogo do Compras.gov.br;Material;5925;DISJUNTORES;4;DISJUNTOR BAIXA TENSÃO;358770;APLICAÇÃO: ENGENHARIA, CORRENTE NOMINAL: 25, NÚMERO DE FASES: MONOFÁSICO, TENSÃO NOMINAL: 220;UN;10,0000;10,1700;101,7000;0,0000;31/12/2026
HOSPITAL ESTADUAL TELECILA FREITAS FONTES /RN;932126;949;Material;932126-6/2026;Máquinas, equipamentos, ferramentas e assessórios para manutenção;Catálogo do Compras.gov.br;Material;5925;DISJUNTORES;4;DISJUNTOR BAIXA TENSÃO;337866;CORRENTE NOMINAL: 63, CURVA DE DISPARO: C, NÚMERO DE FASES: MONOFÁSICO, REFERÊNCIA: SISTEMA N;UN;10,0000;17,3400;173,4000;0,0000;31/12/2026
HOSPITAL ESTADUAL TELECILA FREITAS FONTES /RN;932126;950;Material;932126-6/2026;Máquinas, equipamentos, ferramentas e assessórios para manutenção;Catálogo do Compras.gov.br;Material;5925;DISJUNTORES;4;DISJUNTOR BAIXA TENSÃO;339620;CORRENTE NOMINAL: 70, FUNCIONAMENTO: TERMOMAGNÉTICO, NÚMERO DE FASES: TRIFÁSICO, TENSÃO NOMINAL: 220;UN;5,0000;94,7900;473,9500;0,0000;31/12/2026
HOSPITAL ESTADUAL TELECILA FREITAS FONTES /RN;932126;951;Material;932126-6/2026;Máquinas, equipamentos, ferramentas e assessórios para manutenção;Catálogo do Compras.gov.br;Material;5925;DISJUNTORES;4;DISJUNTOR BAIXA TENSÃO;374996;CORRENTE NOMINAL: 175, FUNCIONAMENTO: TERMOMAGNÉTICO, NÚMERO PÓLOS: 3;UN;3,0000;468,4400;1405,3200;0,0000;31/12/2026
HOSPITAL ESTADUAL TELECILA FREITAS FONTES /RN;932126;952;Material;932126-6/2026;Máquinas, equipamentos, ferramentas e assessórios para manutenção;Catálogo do Compras.gov.br;Material;5925;DISJUNTORES;4;DISJUNTOR BAIXA TENSÃO;424811;CORRENTE NOMINAL: 225, FUNCIONAMENTO: TERMOMAGNÉTICO, NÚMERO PÓLOS: 3;UN;3,0000;492,2900;1476,8700;0,0000;31/12/2026
HOSPITAL ESTADUAL TELECILA FREITAS FONTES /RN;932126;1024;Material;932126-6/2026;Máquinas, equipamentos, ferramentas e assessórios para manutenção;Catálogo do Compras.gov.br;Material;3590;EQUIPAMENTOS DIVERSOS PARA SERVIÇOS PROFISSIONAIS E  COMERCIAIS;14029;LAVADORA ALTA PRESSÃO;481176;TENSÃO: 220, VAZÃO: 300;UN;4,0000;399,0000;1596,0000;0,0000;31/12/2026
HOSPITAL ESTADUAL TELECILA FREITAS FONTES /RN;932126;953;Material;932126-6/2026;Máquinas, equipamentos, ferramentas e assessórios para manutenção;Catálogo do Compras.gov.br;Material;5925;DISJUNTORES;4;DISJUNTOR BAIXA TENSÃO;420855;CORRENTE NOMINAL: 250, FUNCIONAMENTO: TERMOMAGNÉTICO, NÚMERO DE FASES: TRIFÁSICO, CAPACIDADE INTERRUPÇÃO SIMÉTRICA: 12/380, TENSÃO ISOLAMENTO: 600;UN;3,0000;306,1300;918,3900;0,0000;31/12/2026
HOSPITAL ESTADUAL TELECILA FREITAS FONTES /RN;932126;954;Material;932126-6/2026;Máquinas, equipamentos, ferramentas e assessórios para manutenção;Catálogo do Compras.gov.br;Material;5925;DISJUNTORES;4;DISJUNTOR BAIXA TENSÃO;339220;ACIONAMENTO: ALAVANCA, CORRENTE NOMINAL: 400, FUNCIONAMENTO: TERMOMAGNÉTICO, MODELO: CAIXA MOLDADA, NÚMERO PÓLOS: 3;UN;2,0000;1095,6400;2191,2800;0,0000;31/12/2026
HOSPITAL ESTADUAL TELECILA FREITAS FONTES /RN;932126;955;Material;932126-6/2026;Máquinas, equipamentos, ferramentas e assessórios para manutenção;Catálogo do Compras.gov.br;Material;5925;DISJUNTORES;4;DISJUNTOR BAIXA TENSÃO;339723;ACIONAMENTO: ALAVANCA, CORRENTE NOMINAL: 150, FREQÜÊNCIA NOMINAL: 50/60, FUNCIONAMENTO: TERMOMAGNÉTICO, NÚMERO DE FASES: TRIFÁSICO, OPERAÇÃO: MANUAL, TENSÃO MÁXIMA OPERAÇÃO: 240/125, TENSÃO NOMINAL: 127/220, MODELO: CAIXA TERMOPLÁSTICA, NÚMERO PÓLOS: 3;UN;3,0000;499,1900;1497,5700;0,0000;31/12/2026
HOSPITAL ESTADUAL TELECILA FREITAS FONTES /RN;932126;956;Material;932126-6/2026;Máquinas, equipamentos, ferramentas e assessórios para manutenção;Catálogo do Compras.gov.br;Material;5925;DISJUNTORES;4;DISJUNTOR BAIXA TENSÃO;355189;CORRENTE NOMINAL: 10, FUNCIONAMENTO: TERMOMAGNÉTICO, NÚMERO DE FASES: MONOFÁSICO, MODELO: CAIXA MOLDADA NB;UN;5,0000;180,1600;900,8000;0,0000;31/12/2026
HOSPITAL ESTADUAL TELECILA FREITAS FONTES /RN;932126;957;Material;932126-6/2026;Máquinas, equipamentos, ferramentas e assessórios para manutenção;Catálogo do Compras.gov.br;Material;5925;DISJUNTORES;4;DISJUNTOR BAIXA TENSÃO;397350;APLICAÇÃO: SERVIÇOS GERAIS, CARACTERÍSTICAS ADICIONAIS: ENCAIXE RÁPIDO, CORRENTE NOMINAL: 100, NÚMERO DE FASES: MONOFÁSICO, PADRÃO: DIN, NÚMERO PÓLOS: 1;UN;5,0000;38,1900;190,9500;0,0000;31/12/2026
HOSPITAL ESTADUAL TELECILA FREITAS FONTES /RN;932126;958;Material;932126-6/2026;Máquinas, equipamentos, ferramentas e assessórios para manutenção;Catálogo do Compras.gov.br;Material;5925;DISJUNTORES;4;DISJUNTOR BAIXA TENSÃO;358771;APLICAÇÃO: ENGENHARIA, CORRENTE NOMINAL: 15, NÚMERO DE FASES: MONOFÁSICO, TENSÃO NOMINAL: 220;UN;10,0000;12,1200;121,2000;0,0000;31/12/2026
HOSPITAL ESTADUAL TELECILA FREITAS FONTES /RN;932126;959;Material;932126-6/2026;Máquinas, equipamentos, ferramentas e assessórios para manutenção;Catálogo do Compras.gov.br;Material;5925;DISJUNTORES;4;DISJUNTOR BAIXA TENSÃO;424916;CORRENTE NOMINAL: 20, FUNCIONAMENTO: TERMOMAGNÉTICO, NÚMERO DE FASES: MONOFÁSICO, PADRÃO: DIN;UN;5,0000;55,9400;279,7000;0,0000;31/12/2026
HOSPITAL ESTADUAL TELECILA FREITAS FONTES /RN;932126;960;Material;932126-6/2026;Máquinas, equipamentos, ferramentas e assessórios para manutenção;Catálogo do Compras.gov.br;Material;5925;DISJUNTORES;4;DISJUNTOR BAIXA TENSÃO;339621;CORRENTE NOMINAL: 25, FUNCIONAMENTO: TERMOMAGNÉTICO, NÚMERO DE FASES: MONOFÁSICO, TENSÃO NOMINAL: 220;UN;5,0000;12,1200;60,6000;0,0000;31/12/2026
HOSPITAL ESTADUAL TELECILA FREITAS FONTES /RN;932126;961;Material;932126-6/2026;Máquinas, equipamentos, ferramentas e assessórios para manutenção;Catálogo do Compras.gov.br;Material;5925;DISJUNTORES;4;DISJUNTOR BAIXA TENSÃO;314490;CORRENTE NOMINAL: 30, NÚMERO DE FASES: MONOFÁSICO, TENSÃO NOMINAL: 220;UN;5,0000;14,5200;72,6000;0,0000;31/12/2026
HOSPITAL ESTADUAL TELECILA FREITAS FONTES /RN;932126;962;Material;932126-6/2026;Máquinas, equipamentos, ferramentas e assessórios para manutenção;Catálogo do Compras.gov.br;Material;5925;DISJUNTORES;4;DISJUNTOR BAIXA TENSÃO;337858;CORRENTE NOMINAL: 40, CURVA DE DISPARO: C, NÚMERO DE FASES: MONOFÁSICO, REFERÊNCIA: SISTEMA N;UN;5,0000;13,1100;65,5500;0,0000;31/12/2026
HOSPITAL ESTADUAL TELECILA FREITAS FONTES /RN;932126;963;Material;932126-6/2026;Máquinas, equipamentos, ferramentas e assessórios para manutenção;Catálogo do Compras.gov.br;Material;5925;DISJUNTORES;4;DISJUNTOR BAIXA TENSÃO;337859;CORRENTE NOMINAL: 50, CURVA DE DISPARO: C, NÚMERO DE FASES: MONOFÁSICO, REFERÊNCIA: SISTEMA N;UN;5,0000;14,4500;72,2500;0,0000;31/12/2026
HOSPITAL ESTADUAL TELECILA FREITAS FONTES /RN;932126;964;Material;932126-6/2026;Máquinas, equipamentos, ferramentas e assessórios para manutenção;Catálogo do Compras.gov.br;Material;5925;DISJUNTORES;4;DISJUNTOR BAIXA TENSÃO;368568;APLICAÇÃO: PROTEÇÃO QUADRO ELÉTRICO, CORRENTE NOMINAL: 60, CURVA DE DISPARO: C, NÚMERO DE FASES: MONOFÁSICO, REFERÊNCIA: SISTEMA N;UN;5,0000;22,1700;110,8500;0,0000;31/12/2026
HOSPITAL ESTADUAL TELECILA FREITAS FONTES /RN;932126;965;Material;932126-6/2026;Máquinas, equipamentos, ferramentas e assessórios para manutenção;Catálogo do Compras.gov.br;Material;5925;DISJUNTORES;4;DISJUNTOR BAIXA TENSÃO;358778;CARACTERÍSTICAS ADICIONAIS: SISTEMA N,C, CORRENTE NOMINAL: 100, NÚMERO DE FASES: TRIFÁSICO, TENSÃO NOMINAL: 220;UN;30,0000;39,0000;1170,0000;0,0000;31/12/2026
HOSPITAL ESTADUAL TELECILA FREITAS FONTES /RN;932126;966;Material;932126-6/2026;Máquinas, equipamentos, ferramentas e assessórios para manutenção;Catálogo do Compras.gov.br;Material;5925;DISJUNTORES;4;DISJUNTOR BAIXA TENSÃO;368564;APLICAÇÃO: PROTEÇÃO QUADRO ELÉTRICO, CORRENTE NOMINAL: 15, CURVA DE DISPARO: C, NÚMERO DE FASES: TRIFÁSICO, REFERÊNCIA: SISTEMA N;UN;30,0000;64,9900;1949,7000;0,0000;31/12/2026
HOSPITAL ESTADUAL TELECILA FREITAS FONTES /RN;932126;967;Material;932126-6/2026;Máquinas, equipamentos, ferramentas e assessórios para manutenção;Catálogo do Compras.gov.br;Material;5925;DISJUNTORES;4;DISJUNTOR BAIXA TENSÃO;359431;CORRENTE NOMINAL: 25, FUNCIONAMENTO: TERMOMAGNÉTICO, NÚMERO DE FASES: TRIFÁSICO, TENSÃO NOMINAL: 220, MODELO: CAIXA MOLDADA, NÚMERO PÓLOS: 3;UN;20,0000;55,2600;1105,2000;0,0000;31/12/2026
HOSPITAL ESTADUAL TELECILA FREITAS FONTES /RN;932126;968;Material;932126-6/2026;Máquinas, equipamentos, ferramentas e assessórios para manutenção;Catálogo do Compras.gov.br;Material;5925;DISJUNTORES;4;DISJUNTOR BAIXA TENSÃO;328219;CORRENTE NOMINAL: 32, FUNCIONAMENTO: TERMOMAGNÉTICO, NÚMERO DE FASES: TRIFÁSICO, TENSÃO NOMINAL: 220;UN;10,0000;55,2600;552,6000;0,0000;31/12/2026
HOSPITAL ESTADUAL TELECILA FREITAS FONTES /RN;932126;969;Material;932126-6/2026;Máquinas, equipamentos, ferramentas e assessórios para manutenção;Catálogo do Compras.gov.br;Material;5925;DISJUNTORES;4;DISJUNTOR BAIXA TENSÃO;337907;CORRENTE NOMINAL: 40, CURVA DE DISPARO: C, NÚMERO DE FASES: TRIFÁSICO, REFERÊNCIA: SISTEMA N;UN;5,0000;42,9600;214,8000;0,0000;31/12/2026
HOSPITAL ESTADUAL TELECILA FREITAS FONTES /RN;932126;970;Material;932126-6/2026;Máquinas, equipamentos, ferramentas e assessórios para manutenção;Catálogo do Compras.gov.br;Material;5925;DISJUNTORES;4;DISJUNTOR BAIXA TENSÃO;328220;CORRENTE NOMINAL: 50, FUNCIONAMENTO: TERMOMAGNÉTICO, NÚMERO DE FASES: TRIFÁSICO, TENSÃO NOMINAL: 220;UN;5,0000;58,1000;290,5000;0,0000;31/12/2026
HOSPITAL ESTADUAL TELECILA FREITAS FONTES /RN;932126;971;Material;932126-6/2026;Máquinas, equipamentos, ferramentas e assessórios para manutenção;Catálogo do Compras.gov.br;Material;5925;DISJUNTORES;4;DISJUNTOR BAIXA TENSÃO;337910;CORRENTE NOMINAL: 63, CURVA DE DISPARO: C, NÚMERO DE FASES: TRIFÁSICO, REFERÊNCIA: SISTEMA N;UN;5,0000;64,4800;322,4000;0,0000;31/12/2026
HOSPITAL ESTADUAL TELECILA FREITAS FONTES /RN;932126;972;Material;932126-6/2026;Máquinas, equipamentos, ferramentas e assessórios para manutenção;Catálogo do Compras.gov.br;Material;5925;DISJUNTORES;4;DISJUNTOR BAIXA TENSÃO;337912;CORRENTE NOMINAL: 80, CURVA DE DISPARO: C, NÚMERO DE FASES: TRIFÁSICO, REFERÊNCIA: SISTEMA N;UN;2,0000;111,0500;222,1000;0,0000;31/12/2026
HOSPITAL ESTADUAL TELECILA FREITAS FONTES /RN;932126;973;Material;932126-6/2026;Máquinas, equipamentos, ferramentas e assessórios para manutenção;Catálogo do Compras.gov.br;Material;5925;DISJUNTORES;4;DISJUNTOR BAIXA TENSÃO;439327;CARACTERÍSTICAS ADICIONAIS: DISPARADOR TÉRMICO MAGNÉTICO FIXO SD, CORRENTE NOMINAL: 400, FREQÜÊNCIA NOMINAL: 50/60, FUNCIONAMENTO: TERMOMAGNÉTICO, NÚMERO DE FASES: TRIFÁSICO, TENSÃO MÁXIMA OPERAÇÃO: 690, MODELO: CAIXA MOLDADA, NÚMERO PÓLOS: 3, NORMAS TÉCNICAS: NBRIEC 60947-2 / KEMA, TENSÃO ISOLAMENTO: 800;UN;1,0000;594,0000;594,0000;0,0000;31/12/2026
HOSPITAL ESTADUAL TELECILA FREITAS FONTES /RN;932126;974;Material;932126-6/2026;Máquinas, equipamentos, ferramentas e assessórios para manutenção;Catálogo do Compras.gov.br;Material;5340;FERRAGENS DIVERSAS;557;DOBRADIÇA PORTA;615238;APLICAÇÃO: PORTA DE MADEIRA, CARACTERÍSTICAS ADICIONAIS: PINO SOLTO, MATERIAL: AÇO, TRATAMENTO SUPERFICIAL: CROMADO;PCT;30,0000;18,7500;562,5000;0,0000;31/12/2026
HOSPITAL ESTADUAL TELECILA FREITAS FONTES /RN;932126;975;Material;932126-6/2026;Máquinas, equipamentos, ferramentas e assessórios para manutenção;Catálogo do Compras.gov.br;Material;4720;MANGUEIRAS E TUBULAÇÕES FLEXÍVEIS;13821;MANGUEIRA;601275;APLICAÇÃO: DUCHA HIGIÊNICA, CARACTERÍSTICAS ADICIONAIS: ACABAMENTO CROMADO, COMPRIMENTO: 1,20, DIÂMETRO INTERNO: 1/2, MATERIAL: PLÁSTICO FLEXÍVEL;UN;5,0000;13,8500;69,2500;0,0000;31/12/2026
HOSPITAL ESTADUAL TELECILA FREITAS FONTES /RN;932126;976;Material;932126-6/2026;Máquinas, equipamentos, ferramentas e assessórios para manutenção;Catálogo do Compras.gov.br;Material;5975;FERRAGENS E SUPRIMENTOS DE ELETRICIDADE;6462;ELETRODUTO;622527;CARACTERÍSTICAS ADICIONAIS: NÃO PROPAGANTE DE CHAMAS., COMPRIMENTO: 50, COR: AMARELA, DIÂMETRO NOMINAL: 3/4, MATERIAL: PVC FLEXÍVEL, TIPO: FLEXÍVEL CORRUGADO;RO;5,0000;88,7800;443,9000;0,0000;31/12/2026
HOSPITAL ESTADUAL TELECILA FREITAS FONTES /RN;932126;977;Material;932126-6/2026;Máquinas, equipamentos, ferramentas e assessórios para manutenção;Catálogo do Compras.gov.br;Material;3439;SUPRIMENTOS E ACESSÓRIOS PARA SOLDAS DIVERSAS, FRACAS E  FORTES;1157;ELETRODO SOLDA;481825;DIÂMETRO: 3,25, FORMA: VARETA, MATERIAL INDICADO: AÇO INOXIDÁVEL, NORMAS TÉCNICAS: ER 308L;KG;5,0000;85,0000;425,0000;0,0000;31/12/2026
HOSPITAL ESTADUAL TELECILA FREITAS FONTES /RN;932126;978;Material;932126-6/2026;Máquinas, equipamentos, ferramentas e assessórios para manutenção;Catálogo do Compras.gov.br;Material;4510;DISPOSITIVOS E ACESSÓRIOS PARA INSTALAÇÕES HIDRÁULICAS;11383;ENGATE HIDRÁULICO;397067;APLICAÇÃO: INSTALAÇÕES PREDIAIS ÁGUA FRIA, BITOLA: 1/2, CARACTERÍSTICAS ADICIONAIS: COM NIPLE, COMPRIMENTO: 40, MATERIAL: PVC FLEXÍVEL;UN;50,0000;6,9000;345,0000;0,0000;31/12/2026
HOSPITAL ESTADUAL TELECILA FREITAS FONTES /RN;932126;979;Material;932126-6/2026;Máquinas, equipamentos, ferramentas e assessórios para manutenção;Catálogo do Compras.gov.br;Material;4510;DISPOSITIVOS E ACESSÓRIOS PARA INSTALAÇÕES HIDRÁULICAS;11383;ENGATE HIDRÁULICO;355256;APLICAÇÃO: INSTALAÇÕES PREDIAIS ÁGUA FRIA, BITOLA: 1/2, COMPRIMENTO: 50, MATERIAL: PVC FLEXÍVEL;UN;50,0000;7,9000;395,0000;0,0000;31/12/2026
HOSPITAL ESTADUAL TELECILA FREITAS FONTES /RN;932126;980;Material;932126-6/2026;Máquinas, equipamentos, ferramentas e assessórios para manutenção;Catálogo do Compras.gov.br;Material;4510;DISPOSITIVOS E ACESSÓRIOS PARA INSTALAÇÕES HIDRÁULICAS;11383;ENGATE HIDRÁULICO;247042;APLICAÇÃO: INSTALAÇÕES PREDIAIS ÁGUA FRIA, BITOLA: 1/2, COMPRIMENTO: 60, MATERIAL: PVC FLEXÍVEL;UN;20,0000;6,1000;122,0000;0,0000;31/12/2026
HOSPITAL ESTADUAL TELECILA FREITAS FONTES /RN;932126;981;Material;932126-6/2026;Máquinas, equipamentos, ferramentas e assessórios para manutenção;Catálogo do Compras.gov.br;Material;5110;FERRAMENTAS MANUAIS DE CORTE, NÃO ACIONADAS POR FORÇA MOTRIZ;6595;ENXADA;471020;COMPRIMENTO CABO: 110, LARGURA: 9,5, MATERIAL: AÇO CARBONO, MATERIAL CABO: MADEIRA;UN;5,0000;42,5000;212,5000;0,0000;31/12/2026
HOSPITAL ESTADUAL TELECILA FREITAS FONTES /RN;932126;982;Material;932126-6/2026;Máquinas, equipamentos, ferramentas e assessórios para manutenção;Catálogo do Compras.gov.br;Material;5440;EQUIPAMENTOS PARA MONTAGEM DE ANDAIME E FORMAS DE CONCRETO;765;ESCADA DOMÉSTICA;263089;CARACTERÍSTICAS ADICIONAIS: CALÇO DE BORRACHA NOS PÉS, MATERIAL: ALUMÍNIO, NÚMERO DEGRAUS: 4, REVESTIMENTO DEGRAUS: ANTIDERRAPANTE;UN;3,0000;115,8900;347,6700;0,0000;31/12/2026
HOSPITAL ESTADUAL TELECILA FREITAS FONTES /RN;932126;983;Material;932126-6/2026;Máquinas, equipamentos, ferramentas e assessórios para manutenção;Catálogo do Compras.gov.br;Material;5440;EQUIPAMENTOS PARA MONTAGEM DE ANDAIME E FORMAS DE CONCRETO;765;ESCADA DOMÉSTICA;607557;CAPACIDADE: 120, CARACTERÍSTICAS ADICIONAIS: PÉS ANTIDERRAPANTES, TRAVA DE SEGURANÇA, MATERIAL: ALUMÍNIO, NÚMERO DEGRAUS: 8, TIPO: DOBRÁVEL;UN;3,0000;229,9000;689,7000;0,0000;31/12/2026
HOSPITAL ESTADUAL TELECILA FREITAS FONTES /RN;932126;984;Material;932126-6/2026;Máquinas, equipamentos, ferramentas e assessórios para manutenção;Catálogo do Compras.gov.br;Material;5120;FERRAMENTAS MANUAIS SEM CORTE, NÃO ACIONADAS  POR  FORÇA  MOTRIZ;1569;ESPÁTULA;449541;APLICAÇÃO: MASSA E RASPAGEM, COMPRIMENTO TOTAL: 21,60, LARGURA DA LÂMINA: 6, MATERIAL CABO: PLÁSTICO, MATERIAL LÂMINA: AÇO CROMADO;UN;20,0000;6,9000;138,0000;0,0000;31/12/2026
HOSPITAL ESTADUAL TELECILA FREITAS FONTES /RN;932126;985;Material;932126-6/2026;Máquinas, equipamentos, ferramentas e assessórios para manutenção;Catálogo do Compras.gov.br;Material;3438;EQUIPAMENTOS DIVERSOS DE SOLDA;1177;ESTAÇÃO SOLDA;605940;APLICAÇÃO: SOLDAR/DESOLDAR COMPONENTES ELETRÔNICOS, CARACTERÍSTICAS ADICIONAIS: ESTAÇÃO CONJUGADA, TEMPERATURA AJUSTÁVEL, INDICA-, COMPRIMENTO: 260, FAIXA TEMPERATURA: 200 A 480, LARGURA: 245, POTÊNCIA NOMINAL: 250, PROFUNDIDADE: 190, TEMPERATURA MÁXIMA: 200 A 480, TENSÃO ALIMENTAÇÃO: 220, TIPO CORRENTE: ALTERNADA E DIRETA;UN;1,0000;1091,5500;1091,5500;0,0000;31/12/2026
HOSPITAL ESTADUAL TELECILA FREITAS FONTES /RN;932126;986;Material;932126-6/2026;Máquinas, equipamentos, ferramentas e assessórios para manutenção;Catálogo do Compras.gov.br;Material;3439;SUPRIMENTOS E ACESSÓRIOS PARA SOLDAS DIVERSAS, FRACAS E  FORTES;1141;SOLDA ESTANHO;398966;ASPECTO FÍSICO: FIO SÓLIDO, CARACTERÍSTICA ADICIONAIS: 3% COBRE, DIÂMETRO: 2,40, FORMATO: CARRETEL, TEOR ESTANHO: 97;RO;3,0000;130,9000;392,7000;0,0000;31/12/2026
HOSPITAL ESTADUAL TELECILA FREITAS FONTES /RN;932126;987;Material;932126-6/2026;Máquinas, equipamentos, ferramentas e assessórios para manutenção;Catálogo do Compras.gov.br;Material;7220;REVESTIMENTOS PARA PISOS;14647;ESTRADO MODULAR;483871;ALTURA: 15, CAPACIDADE CARGA: 2.000, COMPRIMENTO: 120, LARGURA: 100, MATERIAL: POLIETILENO;UN;50,0000;169,9000;8495,0000;0,0000;31/12/2026
HOSPITAL ESTADUAL TELECILA FREITAS FONTES /RN;932126;988;Material;932126-6/2026;Máquinas, equipamentos, ferramentas e assessórios para manutenção;Catálogo do Compras.gov.br;Material;5110;FERRAMENTAS MANUAIS DE CORTE, NÃO ACIONADAS POR FORÇA MOTRIZ;15664;ESTROVENGA;354950;COMPRIMENTO: 215, COMPRIMENTO OLHO: 60, DIÂMETRO: 35, MATERIAL: AÇO CARBONO, MATERIAL CABO: MADEIRA, TIPO: LEVE, TRATAMENTO SUPERFICIAL: PINTURA ELETROSTÁTICA;UN;3,0000;65,4600;196,3800;0,0000;31/12/2026
HOSPITAL ESTADUAL TELECILA FREITAS FONTES /RN;932126;989;Material;932126-6/2026;Máquinas, equipamentos, ferramentas e assessórios para manutenção;Catálogo do Compras.gov.br;Material;8020;PINCEL PARA ARTISTAS E PINTORES;4034;CABO ROLO DE PINTURA;610996;MATERIAL: ALUMÍNIO, TAMANHO: 3, TIPO: TELESCÓPICO;UN;2,0000;53,0100;106,0200;0,0000;31/12/2026
HOSPITAL ESTADUAL TELECILA FREITAS FONTES /RN;932126;1319;Material;932126-5/2026;Gêneros alimentícios;Catálogo do Compras.gov.br;Material;8950;CONDIMENTOS E PRODUTOS CORRELATOS;19774;CONDIMENTO;463876;APRESENTAÇÃO: NATURAL, TIPO: COENTRO;KG;150,0000;6,9900;1048,5000;0,0000;31/12/2026
HOSPITAL ESTADUAL TELECILA FREITAS FONTES /RN;932126;990;Material;932126-6/2026;Máquinas, equipamentos, ferramentas e assessórios para manutenção;Catálogo do Compras.gov.br;Material;5110;FERRAMENTAS MANUAIS DE CORTE, NÃO ACIONADAS POR FORÇA MOTRIZ;696;FACÃO;354776;CARACTERÍSTICAS ADICIONAIS: COM BAINHA COURO, COMPRIMENTO: 21, MATERIAL CABO: MADEIRA, MATERIAL LÂMINA: AÇO CARBONO, TIPO: PARA MATO;UN;2,0000;58,5700;117,1400;0,0000;31/12/2026
HOSPITAL ESTADUAL TELECILA FREITAS FONTES /RN;932126;991;Material;932126-6/2026;Máquinas, equipamentos, ferramentas e assessórios para manutenção;Catálogo do Compras.gov.br;Material;5340;FERRAGENS DIVERSAS;566;FECHADURA;406257;ACABAMENTO SUPERFICIAL: CROMADO BRILHANTE, ALTURA: 22,40, APLICAÇÃO: PORTA, CARACTERÍSTICAS ADICIONAIS: CILINDRO OVAL COM 5 PINOS, COMPRIMENTO: 15,50, ESPESSURA: 2,50, MATERIAL CAIXA: LATÃO, MATERIAL LINGUETA: LATÃO, MATERIAL TAMBOR SEGREDO: LATÃO, TIPO: EXTERNA;UN;30,0000;44,6200;1338,6000;0,0000;31/12/2026
HOSPITAL ESTADUAL TELECILA FREITAS FONTES /RN;932126;992;Material;932126-6/2026;Máquinas, equipamentos, ferramentas e assessórios para manutenção;Catálogo do Compras.gov.br;Material;5340;FERRAGENS DIVERSAS;566;FECHADURA;348408;ACABAMENTO SUPERFICIAL: CROMADO BRILHANTE, APLICAÇÃO: PORTA, CARACTERÍSTICAS ADICIONAIS: CAIXA BLINDADA, LINHA ARQUITETO, EVOLUTION-55, MATERIAL CAIXA: AÇO, REFERÊNCIA: 6521ROS EXT, TIPO: ST2 EXTERNA;UN;30,0000;49,1900;1475,7000;0,0000;31/12/2026
HOSPITAL ESTADUAL TELECILA FREITAS FONTES /RN;932126;993;Material;932126-6/2026;Máquinas, equipamentos, ferramentas e assessórios para manutenção;Catálogo do Compras.gov.br;Material;6150;EQUIPAMENTOS DIVERSOS PARA GERAÇÃO E DISTRIBUIÇÃO DE ENERGIA;5714;EXTENSÃO ELÉTRICA;612557;COMPONENTES: 5 TOMADAS, 2P+T, COMPRIMENTO: 30, CONEXÕES: 1(UMA) ENTRADA 2P+T E 5 SAÍDAS 2P+T, CORRENTE NOMINAL: 10, FORMATO CONTATO: PADRÃO BRASILEIRO, FORMAÇÃO DO CABO: 3 X 2,5, GRAU PROTEÇÃO: IP44, MATERIAL: TERMOPLÁSTICO ANTI-CHAMA, NORMAS TÉCNICAS: NBR 14136, NÚMERO PÓLOS: 2P + T, POTÊNCIA MÁXIMA: 2.200, REFERÊNCIA: FORCE LINE 0181200019, SEÇÃO NOMINAL: 2,5, TEMPERATURA OPERAÇÃO: 70°, TENSÃO ENTRADA: 110-127, TENSÃO NOMINAL: 110/220, TIPO: CARRETEL;UN;10,0000;48,8200;488,2000;0,0000;31/12/2026
HOSPITAL ESTADUAL TELECILA FREITAS FONTES /RN;932126;994;Material;932126-6/2026;Máquinas, equipamentos, ferramentas e assessórios para manutenção;Catálogo do Compras.gov.br;Material;8040;ADESIVOS;18071;FITA ADESIVA;611467;COMPRIMENTO: 30, LARGURA: 24, MATERIAL: ADESIVO ACRÍLICO, TIPO: DUPLA FACE;UN;3,0000;85,5000;256,5000;0,0000;31/12/2026
HOSPITAL ESTADUAL TELECILA FREITAS FONTES /RN;932126;995;Material;932126-6/2026;Máquinas, equipamentos, ferramentas e assessórios para manutenção;Catálogo do Compras.gov.br;Material;6310;SISTEMA DE SINALIZAÇÃO DE TRÁFEGO E TRÂNSITO;1477;FITA SINALIZAÇÃO;624637;APLICAÇÃO: SINALIZAÇÃO DE ADVERTÊNCIA, COMPRIMENTO: 100, COR: PRETA E AMARELA, LARGURA: 70, MATERIAL: POLIPROPILENO, TIPO FIXAÇÃO: SUSPENSA;RO;5,0000;10,6700;53,3500;0,0000;31/12/2026
HOSPITAL ESTADUAL TELECILA FREITAS FONTES /RN;932126;996;Material;932126-6/2026;Máquinas, equipamentos, ferramentas e assessórios para manutenção;Catálogo do Compras.gov.br;Material;5330;GAXETAS E OUTROS MATERIAIS PARA VEDAÇÃO;7612;FITA VEDA ROSCA;615103;COMPRIMENTO: 50, LARGURA: 18, MATERIAL: PTFE;RO;50,0000;11,3900;569,5000;0,0000;31/12/2026
HOSPITAL ESTADUAL TELECILA FREITAS FONTES /RN;932126;997;Material;932126-6/2026;Máquinas, equipamentos, ferramentas e assessórios para manutenção;Catálogo do Compras.gov.br;Material;5110;FERRAMENTAS MANUAIS DE CORTE, NÃO ACIONADAS POR FORÇA MOTRIZ;818;FOICE;254984;COMPRIMENTO CABO: 1,50, COMPRIMENTO LÂMINA: 40, MATERIAL: AÇO;UN;3,0000;23,6600;70,9800;0,0000;31/12/2026
HOSPITAL ESTADUAL TELECILA FREITAS FONTES /RN;932126;998;Material;932126-6/2026;Máquinas, equipamentos, ferramentas e assessórios para manutenção;Catálogo do Compras.gov.br;Material;3413;MÁQUINAS DE FURAR E ABRIR ROSCAS;7870;FURADEIRA DE BANCADA INDUSTRIAL;607100;CARACTERISTICAS ADICIONAIS: CORREIA DO ACOPLAMENTO DO MOTOR COM O EIXO ARVORE, MOTOR: 1/2, POTÊNCIA: 370, TAMANHO DO MANDRIL: 5/8, TENSÃO ALIMENTAÇÃO: 220, TIPO: DE BANCADA;UN;1,0000;1239,8900;1239,8900;0,0000;31/12/2026
HOSPITAL ESTADUAL TELECILA FREITAS FONTES /RN;932126;999;Material;932126-6/2026;Máquinas, equipamentos, ferramentas e assessórios para manutenção;Catálogo do Compras.gov.br;Material;5130;FERRAMENTAS MANUAIS ACIONADAS POR FORÇA MOTRIZ;7868;FURADEIRA;481181;POTÊNCIA: 800, TENSÃO ALIMENTAÇÃO: 220, TIPO: IMPACTO;UN;2,0000;269,9000;539,8000;0,0000;31/12/2026
HOSPITAL ESTADUAL TELECILA FREITAS FONTES /RN;932126;1000;Material;932126-6/2026;Máquinas, equipamentos, ferramentas e assessórios para manutenção;Catálogo do Compras.gov.br;Material;5130;FERRAMENTAS MANUAIS ACIONADAS POR FORÇA MOTRIZ;7868;FURADEIRA;360790;POTÊNCIA: 450, TAMANHO MANDRIL: 3/8, TENSÃO ALIMENTAÇÃO: 110/220, TIPO: IMPACTO;UN;10,0000;200,9000;2009,0000;0,0000;31/12/2026
HOSPITAL ESTADUAL TELECILA FREITAS FONTES /RN;932126;1001;Material;932126-6/2026;Máquinas, equipamentos, ferramentas e assessórios para manutenção;Catálogo do Compras.gov.br;Material;5680;MATERIAIS DIVERSOS PARA CONSTRUÇÃO;7990;GESSO;604867;APLICAÇÃO: CONSTRUÇÃO CIVIL, ASPECTO FÍSICO: PÓ, COR: BRANCO, ORIGEM: MINERAL, TIPO: GESSO COLA;SC;50,0000;79,0000;3950,0000;0,0000;31/12/2026
HOSPITAL ESTADUAL TELECILA FREITAS FONTES /RN;932126;1002;Material;932126-6/2026;Máquinas, equipamentos, ferramentas e assessórios para manutenção;Catálogo do Compras.gov.br;Material;9150;ÓLEOS E GRAXAS PARA CORTE, LUBRIFICAÇÃO E SISTEMAS  HIDRÁULICOS;15604;GRAFITE;243810;APLICAÇÃO: REDUTOR ATRITO / LUBRIFICAÇÃO EM GERAL, ASPECTO FÍSICO: PÓ;TBO;5,0000;11,9900;59,9500;0,0000;31/12/2026
HOSPITAL ESTADUAL TELECILA FREITAS FONTES /RN;932126;1003;Material;932126-6/2026;Máquinas, equipamentos, ferramentas e assessórios para manutenção;Catálogo do Compras.gov.br;Material;3695;MÁQUINAS DIVERSAS PARA INDÚSTRIAS ESPECIALIZADAS;27;GRAMPEADOR;440632;MATERIAL: AÇO, TAMANHO GRAMPO: 106/4 A 106/14, TIPO: TAPECEIRO;UN;3,0000;47,4000;142,2000;0,0000;31/12/2026
HOSPITAL ESTADUAL TELECILA FREITAS FONTES /RN;932126;1004;Material;932126-6/2026;Máquinas, equipamentos, ferramentas e assessórios para manutenção;Catálogo do Compras.gov.br;Material;9150;ÓLEOS E GRAXAS PARA CORTE, LUBRIFICAÇÃO E SISTEMAS  HIDRÁULICOS;609;GRAXA;271739;CARACTERÍSTICAS ADICIONAIS: AZUL, CONSISTÊNCIA NLGI: 2, PONTO GOTA: 180, TIPO ADITIVOS: ANTICORROSIVO/ANTIOXIDANTE/ANTIDESGASTE/AGENTE DE, TIPO BASE: ÓLEO MINERAL, TIPO ESPESSANTE: CÁLCIO/LÍTIO, APLICAÇÃO: MÚLTIPLA;LT;3,0000;28,7500;86,2500;0,0000;31/12/2026
HOSPITAL ESTADUAL TELECILA FREITAS FONTES /RN;932126;1005;Material;932126-6/2026;Máquinas, equipamentos, ferramentas e assessórios para manutenção;Catálogo do Compras.gov.br;Material;4730;ACESSÓRIOS E FERRAGENS ESPECIAIS PARA  MANGUEIRAS, CANOS  E TUBOS;12519;GRELHA RALO;284212;BITOLA: 100 MM, CARACTERÍSTICAS ADICIONAIS: SEM CAIXILHO, MATERIAL: AÇO INOXIDÁVEL, TIPO: QUADRADO;UN;30,0000;4,1300;123,9000;0,0000;31/12/2026
HOSPITAL ESTADUAL TELECILA FREITAS FONTES /RN;932126;1006;Material;932126-6/2026;Máquinas, equipamentos, ferramentas e assessórios para manutenção;Catálogo do Compras.gov.br;Material;4730;ACESSÓRIOS E FERRAGENS ESPECIAIS PARA  MANGUEIRAS, CANOS  E TUBOS;12519;GRELHA RALO;239808;BITOLA: 150 MM, CARACTERÍSTICAS ADICIONAIS: SEM CAIXILHO, MATERIAL: AÇO INOXIDÁVEL, TIPO: QUADRADO;UN;30,0000;4,1300;123,9000;0,0000;31/12/2026
HOSPITAL ESTADUAL TELECILA FREITAS FONTES /RN;932126;1025;Material;932126-6/2026;Máquinas, equipamentos, ferramentas e assessórios para manutenção;Catálogo do Compras.gov.br;Material;4510;DISPOSITIVOS E ACESSÓRIOS PARA INSTALAÇÕES HIDRÁULICAS;14088;LAVATÓRIO MÃOS;600692;COMPRIMENTO: 455, COR: BRANCA, LARGURA: 360, MATERIAL: LOUÇA;UN;30,0000;116,9000;3507,0000;0,0000;31/12/2026
HOSPITAL ESTADUAL TELECILA FREITAS FONTES /RN;932126;1007;Material;932126-6/2026;Máquinas, equipamentos, ferramentas e assessórios para manutenção;Catálogo do Compras.gov.br;Material;8030;COMPOSTOS PRESERVATIVOS E VEDANTES;8295;IMPERMEABILIZANTE;604050;APLICAÇÃO: CONSTRUÇÃO CIVIL, CONCRETO E LAJES, ASPECTO FÍSICO: LÍQUIDO, CARACTERÍSTICAS ADICIONAIS: COM BICO APLICADOR, COMPOSIÇÃO BÁSICA: SILICONE, COR: BRANCA, TIPO: DISPERSÃO ACRÍLICA;BD;5,0000;79,9000;399,5000;0,0000;31/12/2026
HOSPITAL ESTADUAL TELECILA FREITAS FONTES /RN;932126;1008;Material;932126-6/2026;Máquinas, equipamentos, ferramentas e assessórios para manutenção;Catálogo do Compras.gov.br;Material;5930;CHAVES ELÉTRICAS;472;INTERRUPTOR;347050;APLICAÇÃO: INSTALAÇÕES ELÉTRICAS, CARACTERÍSTICAS ADICIONAIS: CONJUGADO COM ESPELHO, CORRENTE NOMINAL: 10, DIMENSÕES: 4 X 2, POSIÇÃO RELATIVA: EMBUTIR, QUANTIDADE SEÇÕES: 2, REFERÊNCIA: PIALPLUS, TENSÃO NOMINAL: 220, TIPO: DUPLO, TIPO ACIONAMENTO: TECLA DUPLA, QUANTIDADE PÓLOS: 2, QUANTIDADE ALAVANCAS: 2, COR: BRANCA, TENSÃO MÁXIMA PERMITIDA: 250;UN;20,0000;6,6700;133,4000;0,0000;31/12/2026
HOSPITAL ESTADUAL TELECILA FREITAS FONTES /RN;932126;1009;Material;932126-6/2026;Máquinas, equipamentos, ferramentas e assessórios para manutenção;Catálogo do Compras.gov.br;Material;5930;CHAVES ELÉTRICAS;472;INTERRUPTOR;335436;POSIÇÃO RELATIVA: EMBUTIR, QUANTIDADE SEÇÕES: 3, TIPO: SIMPLES;UN;20,0000;17,9900;359,8000;0,0000;31/12/2026
HOSPITAL ESTADUAL TELECILA FREITAS FONTES /RN;932126;1010;Material;932126-6/2026;Máquinas, equipamentos, ferramentas e assessórios para manutenção;Catálogo do Compras.gov.br;Material;5930;CHAVES ELÉTRICAS;472;INTERRUPTOR;265245;QUANTIDADE SEÇÕES: 2, TIPO: EMBUTIR, CORRENTE: 10, TENSÃO: 220;UN;30,0000;19,9900;599,7000;0,0000;31/12/2026
HOSPITAL ESTADUAL TELECILA FREITAS FONTES /RN;932126;1011;Material;932126-6/2026;Máquinas, equipamentos, ferramentas e assessórios para manutenção;Catálogo do Compras.gov.br;Material;5930;CHAVES ELÉTRICAS;472;INTERRUPTOR;428116;CARACTERÍSTICAS ADICIONAIS: ESPELHO, CORRENTE NOMINAL: 20, MATERIAL: TERMOPLÁSTICO AUTO-EXTINGUÍVEL, POSIÇÃO RELATIVA: EMBUTIR, QUANTIDADE SEÇÕES: 2 + 1 TOMADA 2P+T, TENSÃO NOMINAL: 250, QUANTIDADE PÓLOS: 3, QUANTIDADE ALAVANCAS: 2;UN;10,0000;21,2300;212,3000;0,0000;31/12/2026
HOSPITAL ESTADUAL TELECILA FREITAS FONTES /RN;932126;1012;Material;932126-6/2026;Máquinas, equipamentos, ferramentas e assessórios para manutenção;Catálogo do Compras.gov.br;Material;5930;CHAVES ELÉTRICAS;472;INTERRUPTOR;212365;CARACTERÍSTICAS ADICIONAIS: ESPELHO, QUANTIDADE SEÇÕES: 3, TIPO: EMBUTIR, QUANTIDADE PÓLOS: 2, QUANTIDADE ALAVANCAS: 1;UN;80,0000;12,0700;965,6000;0,0000;31/12/2026
HOSPITAL ESTADUAL TELECILA FREITAS FONTES /RN;932126;1013;Material;932126-6/2026;Máquinas, equipamentos, ferramentas e assessórios para manutenção;Catálogo do Compras.gov.br;Material;5110;FERRAMENTAS MANUAIS DE CORTE, NÃO ACIONADAS POR FORÇA MOTRIZ;12036;SERRA COPO;615187;CARACTERÍSTICAS ADICIONAIS: KIT, DIÂMETRO: 19 A 35, MATERIAL: AÇO RÁPIDO BIMETAL;JG;2,0000;142,9700;285,9400;0,0000;31/12/2026
HOSPITAL ESTADUAL TELECILA FREITAS FONTES /RN;932126;1014;Material;932126-6/2026;Máquinas, equipamentos, ferramentas e assessórios para manutenção;Catálogo do Compras.gov.br;Material;5110;FERRAMENTAS MANUAIS DE CORTE, NÃO ACIONADAS POR FORÇA MOTRIZ;7733;FORMÃO;447020;APLICAÇÃO: CARPINTARIA, BITOLA: 3/8, 1/2, 5/8 E 3/4, CARACTERÍSTICAS ADICIONAIS: JOGO, MATERIAL CABO: MADEIRA, MATERIAL CORPO: CROMO VANÁDIO;CJ;1,0000;57,5900;57,5900;0,0000;31/12/2026
HOSPITAL ESTADUAL TELECILA FREITAS FONTES /RN;932126;1015;Material;932126-6/2026;Máquinas, equipamentos, ferramentas e assessórios para manutenção;Catálogo do Compras.gov.br;Material;4510;DISPOSITIVOS E ACESSÓRIOS PARA INSTALAÇÕES HIDRÁULICAS;11649;REPARO VÁLVULA HIDRÁULICA;274835;APLICAÇÃO: CAIXA ACOPLADA AO VASO, BITOLA: 1/2, COMPONENTES: BÓIA VEDAÇÃO / BOTÃO DESCARGA / HASTE VEDAÇÃO, MATERIAL: PVC - CLORETO DE POLIVINILA, TIPO FIXAÇÃO: ROSCÁVEL, TIPO: DESCARGA;CJ;70,0000;62,8700;4400,9000;0,0000;31/12/2026
HOSPITAL ESTADUAL TELECILA FREITAS FONTES /RN;932126;1016;Material;932126-6/2026;Máquinas, equipamentos, ferramentas e assessórios para manutenção;Catálogo do Compras.gov.br;Material;5110;FERRAMENTAS MANUAIS DE CORTE, NÃO ACIONADAS POR FORÇA MOTRIZ;8620;LÂMINA SERRA MANUAL;423673;COMPRIMENTO: 300, ESPESSURA: 0,60, LARGURA: 13, MATERIAL: AÇO RÁPIDO MOLIBIDÊNIO, QUANTIDADE DENTES: 18 DENTES POR POLEGADA;UN;20,0000;14,6000;292,0000;0,0000;31/12/2026
HOSPITAL ESTADUAL TELECILA FREITAS FONTES /RN;932126;1017;Material;932126-6/2026;Máquinas, equipamentos, ferramentas e assessórios para manutenção;Catálogo do Compras.gov.br;Material;6240;LÂMPADAS ELÉTRICAS;19095;LÂMPADA LED;435546;POTÊNCIA NOMINAL: 15, TENSÃO NOMINAL: BIVOLT, TIPO BASE: E-27, TIPO BULBO: PAR-38, VIDA MÉDIA: 25.000;UN;300,0000;9,8900;2967,0000;0,0000;31/12/2026
HOSPITAL ESTADUAL TELECILA FREITAS FONTES /RN;932126;1018;Material;932126-6/2026;Máquinas, equipamentos, ferramentas e assessórios para manutenção;Catálogo do Compras.gov.br;Material;6240;LÂMPADAS ELÉTRICAS;19095;LÂMPADA LED;469642;APLICAÇÃO: ILUMINAÇÃO, COR: BRANCA, FLUXO LUMINOSO: 1800, FORMATO: TUBULAR T5, MODELO: LED, POTÊNCIA NOMINAL: 15, TENSÃO NOMINAL: BIVOLT, TIPO BASE: G5, VIDA MÉDIA: 25.000;UN;200,0000;12,6000;2520,0000;0,0000;31/12/2026
HOSPITAL ESTADUAL TELECILA FREITAS FONTES /RN;932126;1019;Material;932126-6/2026;Máquinas, equipamentos, ferramentas e assessórios para manutenção;Catálogo do Compras.gov.br;Material;6240;LÂMPADAS ELÉTRICAS;19095;LÂMPADA LED;444920;APLICAÇÃO: AMBIENTE INTERNO, COMPRIMENTO: 600, EFICIÊNCIA LUMINOSA: 100, FATOR POTÊNCIA: > 0,92, FLUXO LUMINOSO: 900, FORMATO: TUBULAR T8, FREQUÊNCIA NOMINAL: 60, POTÊNCIA NOMINAL: 8, TEMPERATURA DE COR: 6500, TENSÃO NOMINAL: BIVOLT, VIDA MÉDIA: 25.000, ÍNDICE DE REPRODUÇÃO DE COR - IRC: 80%;UN;200,0000;15,5100;3102,0000;0,0000;31/12/2026
HOSPITAL ESTADUAL TELECILA FREITAS FONTES /RN;932126;1020;Material;932126-6/2026;Máquinas, equipamentos, ferramentas e assessórios para manutenção;Catálogo do Compras.gov.br;Material;6210;APARELHOS DE ILUMINAÇÃO ELÉTRICA DE USO INTERNO E EXTERNO;6631;LUZ EMERGÊNCIA;428188;BATERIA: LITHIUM, AUTONOMIA MIN.3 HORAS, RECARGA 24 HORAS, POTÊNCIA LÂMPADA: 2,2, QUANTIDADE LÂMPADAS: 30, REFERÊNCIA FABRICANTE: TDM, TAMANHO: 230 X 65 X 46, TEMPERATURA OPERAÇÃO: -5 A 45, TENSÃO ALIMENTAÇÃO: 127/220, TIPO LÂMPADA: LED ALTO BRILHO;UN;30,0000;22,9900;689,7000;0,0000;31/12/2026
HOSPITAL ESTADUAL TELECILA FREITAS FONTES /RN;932126;1021;Material;932126-6/2026;Máquinas, equipamentos, ferramentas e assessórios para manutenção;Catálogo do Compras.gov.br;Material;6240;LÂMPADAS ELÉTRICAS;8669;LÂMPADA REFLETORA;485659;POTÊNCIA NOMINAL LÂMPADA: 50, TENSÃO NOMINAL LÂMPADA: 100-240, TIPO BULBO: NOMA;UN;100,0000;21,4700;2147,0000;0,0000;31/12/2026
HOSPITAL ESTADUAL TELECILA FREITAS FONTES /RN;932126;1022;Material;932126-6/2026;Máquinas, equipamentos, ferramentas e assessórios para manutenção;Catálogo do Compras.gov.br;Material;6260;EQUIPAMENTOS DE ILUMINAÇÃO NÃO ELÉTRICOS;8713;LANTERNA NÃO ELÉTRICA;480045;ALIMENTAÇÃO: PILHA, COMPRIMENTO: 18, COR: AMARELA, MATERIAL: PLÁSTICO RESISTENTE, QUANTIDADE PILHAS: 2, TAMANHO PILHA: D, TIPO LÂMPADA: LED;UN;10,0000;23,3100;233,1000;0,0000;31/12/2026
HOSPITAL ESTADUAL TELECILA FREITAS FONTES /RN;932126;1023;Material;932126-6/2026;Máquinas, equipamentos, ferramentas e assessórios para manutenção;Catálogo do Compras.gov.br;Material;8010;TINTAS, VERNIZES E PRODUTOS CORRELATOS;6210;DILUENTE TINTA;616042;ASPECTO FÍSICO: LÍQUIDO, CARACTERÍSTICAS ADICIONAIS: CONFORME NORMA NBR/ABNT 14725, COMPOSIÇÃO: ETANOL, ACETATO DE ETILA E  TOLUENO, ISENTO DE BEN, COR: INCOLOR;LT;5,0000;29,7200;148,6000;0,0000;31/12/2026
HOSPITAL ESTADUAL TELECILA FREITAS FONTES /RN;932126;1026;Material;932126-6/2026;Máquinas, equipamentos, ferramentas e assessórios para manutenção;Catálogo do Compras.gov.br;Material;5110;FERRAMENTAS MANUAIS DE CORTE, NÃO ACIONADAS POR FORÇA MOTRIZ;8831;LIMA MANUAL;322685;CARACTERÍSTICAS ADICIONAIS: AÇO TEMPERADO E CABO INJETADO EM POLIPROPILENO, COMPRIMENTO: 8, TIPO: CHATA;UN;5,0000;21,8500;109,2500;0,0000;31/12/2026
HOSPITAL ESTADUAL TELECILA FREITAS FONTES /RN;932126;1027;Material;932126-6/2026;Máquinas, equipamentos, ferramentas e assessórios para manutenção;Catálogo do Compras.gov.br;Material;8310;FIOS E LINHAS;1514;LINHA NÁILON;448861;COMPRIMENTO: 100, COR: BRANCA, ESPESSURA: 0,80, MATERIAL: NÁILON, TRANSMITÂNCIA: TRANSPARENTE;UN;5,0000;11,5000;57,5000;0,0000;31/12/2026
HOSPITAL ESTADUAL TELECILA FREITAS FONTES /RN;932126;1028;Material;932126-6/2026;Máquinas, equipamentos, ferramentas e assessórios para manutenção;Catálogo do Compras.gov.br;Material;5130;FERRAMENTAS MANUAIS ACIONADAS POR FORÇA MOTRIZ;585;LIXA;293863;APLICAÇÃO: PAREDE, APRESENTAÇÃO: FOLHA, MATERIAL: PAPEL, TIPO: LIXA MASSA, TIPO GRÃO: 120;UN;100,0000;1,0900;109,0000;0,0000;31/12/2026
HOSPITAL ESTADUAL TELECILA FREITAS FONTES /RN;932126;1029;Material;932126-6/2026;Máquinas, equipamentos, ferramentas e assessórios para manutenção;Catálogo do Compras.gov.br;Material;5130;FERRAMENTAS MANUAIS ACIONADAS POR FORÇA MOTRIZ;585;LIXA;360694;APRESENTAÇÃO: FOLHA, COMPRIMENTO: 300, LARGURA: 200, MATERIAL: ÓXIDO ALUMÍNIO, TIPO: LIXA D'ÁGUA, TIPO GRÃO: 150;UN;100,0000;4,0500;405,0000;0,0000;31/12/2026
HOSPITAL ESTADUAL TELECILA FREITAS FONTES /RN;932126;1030;Material;932126-6/2026;Máquinas, equipamentos, ferramentas e assessórios para manutenção;Catálogo do Compras.gov.br;Material;5130;FERRAMENTAS MANUAIS ACIONADAS POR FORÇA MOTRIZ;585;LIXA;385145;APRESENTAÇÃO: FOLHA, COMPRIMENTO: 275, LARGURA: 225, MATERIAL: CARBURETO SILÍCIO, TIPO: LIXA FERRO, TIPO GRÃO: 50;UN;100,0000;2,4100;241,0000;0,0000;31/12/2026
HOSPITAL ESTADUAL TELECILA FREITAS FONTES /RN;932126;1031;Material;932126-6/2026;Máquinas, equipamentos, ferramentas e assessórios para manutenção;Catálogo do Compras.gov.br;Material;5130;FERRAMENTAS MANUAIS ACIONADAS POR FORÇA MOTRIZ;585;LIXA;385142;APRESENTAÇÃO: FOLHA, COMPRIMENTO: 275, LARGURA: 225, MATERIAL: CARBURETO SILÍCIO, TIPO: LIXA FERRO, TIPO GRÃO: 80;UN;50,0000;2,4100;120,5000;0,0000;31/12/2026
HOSPITAL ESTADUAL TELECILA FREITAS FONTES /RN;932126;1032;Material;932126-6/2026;Máquinas, equipamentos, ferramentas e assessórios para manutenção;Catálogo do Compras.gov.br;Material;5130;FERRAMENTAS MANUAIS ACIONADAS POR FORÇA MOTRIZ;1054;LIXADEIRA;414212;CARACTERÍSTICAS ADICIONAIS: COM SISTEMA DE ASPIRAÇÃO, LARGURA LIXA: 300, PERCURSOS TRABALHO POR MINUTO: 15.000, POTÊNCIA: 2.200, TENSÃO ALIMENTAÇÃO: 110/220;UN;2,0000;789,9000;1579,8000;0,0000;31/12/2026
HOSPITAL ESTADUAL TELECILA FREITAS FONTES /RN;932126;1033;Material;932126-6/2026;Máquinas, equipamentos, ferramentas e assessórios para manutenção;Catálogo do Compras.gov.br;Material;6210;APARELHOS DE ILUMINAÇÃO ELÉTRICA DE USO INTERNO E EXTERNO;6792;LUMINÁRIA;600194;ACABAMENTO SUPERFICIAL CORPO: PINTURA EM EPÓXI, APLICAÇÃO: ILUMINAÇÃO INTERNA, COR: BRANCA, DIMENSÕES: 121 X 7,5 X 2, MATERIAL CORPO: PLÁSTICO, MATERIAL REFLETOR: ALUMÍNIO, POSIÇÃO RELATIVA: SOBREPOR, POTÊNCIA NOMINAL LÂMPADA: 36, QUANTIDADE LÂMPADAS: 2, TEMPERATURA DE COR: 6.000, TENSÃO NOMINAL: 127/220, TIPO: SOBREPOR, TIPO ILUMINAÇÃO: TONALIDADE BRANCA FRIA;UN;200,0000;35,5700;7114,0000;0,0000;31/12/2026
HOSPITAL ESTADUAL TELECILA FREITAS FONTES /RN;932126;1034;Material;932126-6/2026;Máquinas, equipamentos, ferramentas e assessórios para manutenção;Catálogo do Compras.gov.br;Material;3990;EQUIPAMENTOS DIVERSOS PARA MOVIMENTAÇÃO DE MATERIAIS;419;LUVA DE PROTEÇÃO;260412;ACABAMENTO PALMA: ANTIDERRAPANTE, APLICAÇÃO: LABORATORIAL, CARACTERÍSTICAS ADICIONAIS: SEM FORRO, COMPRIMENTO CANO: 600, COR: AMARELA, ESTERILIDADE: NÃO ESTERILIZADA, MATERIAL: LATÉX, TAMANHO: MÉDIO, TIPO PUNHO: LONGO;PAR;200,0000;3,4200;684,0000;0,0000;31/12/2026
HOSPITAL ESTADUAL TELECILA FREITAS FONTES /RN;932126;1035;Material;932126-6/2026;Máquinas, equipamentos, ferramentas e assessórios para manutenção;Catálogo do Compras.gov.br;Material;4240;EQUIPAMENTO PARA SEGURANÇA E SALVAMENTO;15299;LUVA ISOLANTE;384876;CARACTERÍSTICAS ADICIONAIS: CLASSE 2, PARA ALTA TENSÃO 20KV, COR: PRETA, MATERIAL: BORRACHA, TAMANHO: 10,5;PAR;3,0000;420,0000;1260,0000;0,0000;31/12/2026
HOSPITAL ESTADUAL TELECILA FREITAS FONTES /RN;932126;1036;Material;932126-6/2026;Máquinas, equipamentos, ferramentas e assessórios para manutenção;Catálogo do Compras.gov.br;Material;5340;FERRAGENS DIVERSAS;8995;MAÇANETA;236586;ACABAMENTO: CROMADO, CARACTERÍSTICAS ADICIONAIS: COM PONTA ARREDONDADA, MATERIAL: LATÃO, TIPO: ALAVANCA;UN;50,0000;17,1300;856,5000;0,0000;31/12/2026
HOSPITAL ESTADUAL TELECILA FREITAS FONTES /RN;932126;1037;Material;932126-6/2026;Máquinas, equipamentos, ferramentas e assessórios para manutenção;Catálogo do Compras.gov.br;Material;4720;MANGUEIRAS E TUBULAÇÕES FLEXÍVEIS;616;MANGUEIRA JARDIM;616963;CARACTERÍSTICAS ADICIONAIS: ESGUICHO TIPO PISTOLA, 1 CONECTOR 3/4 DE POLEGADA, COMPRIMENTO: 50, DIÂMETRO: 3/4, MATERIAL: PVC TRANÇADO EM FIO POLIÉSTER;RO;5,0000;139,0000;695,0000;0,0000;31/12/2026
HOSPITAL ESTADUAL TELECILA FREITAS FONTES /RN;932126;1038;Material;932126-6/2026;Máquinas, equipamentos, ferramentas e assessórios para manutenção;Catálogo do Compras.gov.br;Material;4720;MANGUEIRAS E TUBULAÇÕES FLEXÍVEIS;13821;MANGUEIRA;625322;APARÊNCIA VISUAL: CRISTAL, APLICAÇÃO: NIVELAMENTO, MATERIAL: PLÁSTICO FLEXÍVEL;M;20,0000;34,0000;680,0000;0,0000;31/12/2026
HOSPITAL ESTADUAL TELECILA FREITAS FONTES /RN;932126;1039;Material;932126-6/2026;Máquinas, equipamentos, ferramentas e assessórios para manutenção;Catálogo do Compras.gov.br;Material;8030;COMPOSTOS PRESERVATIVOS E VEDANTES;9119;MANTA ASFÁLTICA;480518;ACABAMENTO: LÂMINA DE ALUMÍNIO, APLICAÇÃO: IMPERMEABILIZAÇÃO DE TELHADO, APRESENTAÇÃO: ROLO, COMPOSIÇÃO: POLIETILENO, COMPRIMENTO: 20, ESPESSURA: 2, LARGURA: 1,20;RO;2,0000;157,5700;315,1400;0,0000;31/12/2026
HOSPITAL ESTADUAL TELECILA FREITAS FONTES /RN;932126;1040;Material;932126-6/2026;Máquinas, equipamentos, ferramentas e assessórios para manutenção;Catálogo do Compras.gov.br;Material;3405;MÁQUINAS DE SERRAR E LIMAR;17424;SERRA MÁRMORE;610903;CARACTERÍSTICAS ADICIONAIS: 1 CHAVE FIXA E 1 CHAVE ALLEN, DIÂMETRO DISCO: 110, POTÊNCIA: 1.200, VOLTAGEM: 220;UN;2,0000;412,9000;825,8000;0,0000;31/12/2026
HOSPITAL ESTADUAL TELECILA FREITAS FONTES /RN;932126;1041;Material;932126-6/2026;Máquinas, equipamentos, ferramentas e assessórios para manutenção;Catálogo do Compras.gov.br;Material;5120;FERRAMENTAS MANUAIS SEM CORTE, NÃO ACIONADAS  POR  FORÇA  MOTRIZ;9390;MARRETA;601580;CARACTERÍSTICAS ADICIONAIS: DEMAIS DESCRIÇÕES CONFORME TERMO DE REFERÊNCIA, MATERIAL: AÇO FORJADO DE 35MM., MATERIAL CABO: FIBRA DE VIDRO, PESO: 1000, TIPO: OITAVADO;UN;3,0000;52,1100;156,3300;0,0000;31/12/2026
HOSPITAL ESTADUAL TELECILA FREITAS FONTES /RN;932126;1042;Material;932126-6/2026;Máquinas, equipamentos, ferramentas e assessórios para manutenção;Catálogo do Compras.gov.br;Material;3450;MÁQUINAS-FERRAMENTA PORTÁTEIS;1122;MARTELETE;617958;CARACTERÍSTICAS ADICIONAIS: ENCAIXE SDS-PLUS, COM MALETA, POTÊNCIA: 820, TENSÃO ALIMENTAÇÃO: 220, TIPO: ROMPEDOR;UN;1,0000;778,9000;778,9000;0,0000;31/12/2026
HOSPITAL ESTADUAL TELECILA FREITAS FONTES /RN;932126;1043;Material;932126-6/2026;Máquinas, equipamentos, ferramentas e assessórios para manutenção;Catálogo do Compras.gov.br;Material;5120;FERRAMENTAS MANUAIS SEM CORTE, NÃO ACIONADAS  POR  FORÇA  MOTRIZ;13589;MARTELO;466175;CARACTERÍSTICAS ADICIONAIS: CABO MADEIRA, INVERNIZADO FIXAÇÃO RESINA EPÓXI., MATERIAL: AÇO CARBONO, MATERIAL CABO: MADEIRA, TAMANHO: 34, TIPO: UNHA;UN;10,0000;27,3500;273,5000;0,0000;31/12/2026
HOSPITAL ESTADUAL TELECILA FREITAS FONTES /RN;932126;1044;Material;932126-6/2026;Máquinas, equipamentos, ferramentas e assessórios para manutenção;Catálogo do Compras.gov.br;Material;5120;FERRAMENTAS MANUAIS SEM CORTE, NÃO ACIONADAS  POR  FORÇA  MOTRIZ;13589;MARTELO;606034;CARACTERÍSTICAS ADICIONAIS: PESO: 450 GRAMAS, MATERIAL: BORRACHA, MATERIAL CABO: FIBRA DE VIDRO, TAMANHO: 60, TIPO: BORRACHA;UN;2,0000;29,9000;59,8000;0,0000;31/12/2026
HOSPITAL ESTADUAL TELECILA FREITAS FONTES /RN;932126;1045;Material;932126-6/2026;Máquinas, equipamentos, ferramentas e assessórios para manutenção;Catálogo do Compras.gov.br;Material;4240;EQUIPAMENTO PARA SEGURANÇA E SALVAMENTO;9409;MÁSCARA SOLDADOR;615841;ALIMENTAÇÃO: CÉLULA SOLAR, MATERIAL: NYLON, TEMPERATURA OPERAÇÃO: -10 A 65, TEMPO CLAREAMENTO: 0,1 A 0,9 S, TEMPO ESCURECIMENTO: 0,7 MILISSEGUNDOS, TIPO: CAPACETE, ÁREA DE VISÃO: 100 X 50;UN;3,0000;130,7200;392,1600;0,0000;31/12/2026
HOSPITAL ESTADUAL TELECILA FREITAS FONTES /RN;932126;1046;Material;932126-6/2026;Máquinas, equipamentos, ferramentas e assessórios para manutenção;Catálogo do Compras.gov.br;Material;8010;TINTAS, VERNIZES E PRODUTOS CORRELATOS;9421;MASSA NIVELADORA;625324;APLICAÇÃO: AÇO/METAL/ALUMÍNIO/PLÁSTICO/FIBRA DE VIDRO/MADEIRA, COMPOSIÇÃO BÁSICA: COPOLÍMERO ACRÍLICO (MONOCOMPONENTE), COR: BRANCA, MÉTODO APLICAÇÃO: COM ESPÁTULA E DESEMPENADEIRA;UN;20,0000;70,8600;1417,2000;0,0000;31/12/2026
HOSPITAL ESTADUAL TELECILA FREITAS FONTES /RN;932126;1047;Material;932126-6/2026;Máquinas, equipamentos, ferramentas e assessórios para manutenção;Catálogo do Compras.gov.br;Material;8010;TINTAS, VERNIZES E PRODUTOS CORRELATOS;1508;MASSA CORRIDA;311036;COMPOSIÇÃO BÁSICA: EMULSÃO VINÍLICA, CARGAS MINERAIS, HIDROCARBONETOS, SOLUBILIDADE: ÁGUA, APLICAÇÃO: REFORMAS EM GERAL;EMB;10,0000;52,9000;529,0000;0,0000;31/12/2026
HOSPITAL ESTADUAL TELECILA FREITAS FONTES /RN;932126;1048;Material;932126-6/2026;Máquinas, equipamentos, ferramentas e assessórios para manutenção;Catálogo do Compras.gov.br;Material;3449;MÁQUINAS AUXILIARES PARA MODELAGEM E CORTE DE METAL;9920;MOTO-ESMERIL;607096;CARACTERÍSTICAS ADICIONAIS: 2 POLOS, REBOLO MÍNIMO 6 X 3/4 X 1/2 POL, FREQUÊNCIA: 60, POTÊNCIA MOTOR: 360, ROTAÇÃO: 3.570, TENSÃO ALIMENTAÇÃO: 220, TIPO: MONOFÁSICO;UN;2,0000;197,9000;395,8000;0,0000;31/12/2026
HOSPITAL ESTADUAL TELECILA FREITAS FONTES /RN;932126;1049;Material;932126-6/2026;Máquinas, equipamentos, ferramentas e assessórios para manutenção;Catálogo do Compras.gov.br;Material;4510;DISPOSITIVOS E ACESSÓRIOS PARA INSTALAÇÕES HIDRÁULICAS;15305;CONJUNTO OBTURADOR CAIXA DESCARGA;469990;APLICAÇÃO: CAIXA DE DESCARGA PADRÃO UNIVERSAL, COMPONENTES: BORRACHA, FLUTUADOR, GUIA, HASTE, REGULADORES E;UN;10,0000;14,9000;149,0000;0,0000;31/12/2026
HOSPITAL ESTADUAL TELECILA FREITAS FONTES /RN;932126;1050;Material;932126-6/2026;Máquinas, equipamentos, ferramentas e assessórios para manutenção;Catálogo do Compras.gov.br;Material;8465;EQUIPAMENTOS INDIVIDUAIS;1377;ÓCULOS PROTEÇÃO;601715;CARACTERÍSTICAS ADICIONAIS: HASTES COM COMPRIMENTO REGULÁVEL E CETIFICADO DE A, COR LENTE: INCOLOR, MATERIAL ARMAÇÃO: POLIPROPILENO, TIPO LENTE: COM CURVA LATERAL.;UN;100,0000;6,4800;648,0000;0,0000;31/12/2026
HOSPITAL ESTADUAL TELECILA FREITAS FONTES /RN;932126;1051;Material;932126-6/2026;Máquinas, equipamentos, ferramentas e assessórios para manutenção;Catálogo do Compras.gov.br;Material;7920;VASSOURAS, ESCOVAS, RODOS, ESPONJAS E ESFREGÕES;14017;PÁ COLETORA LIXO;446284;ALTURA: 7, APLICAÇÃO: LIMPEZA, CARACTERÍSTICAS ADICIONAIS: PERFIL DE BORRACHA, COMPRIMENTO: 33, COMPRIMENTO CABO: 14, LARGURA: 22,5, MATERIAL CABO: PLÁSTICO, MATERIAL COLETOR: POLIPROPILENO;UN;200,0000;7,4100;1482,0000;0,0000;31/12/2026
HOSPITAL ESTADUAL TELECILA FREITAS FONTES /RN;932126;1052;Material;932126-6/2026;Máquinas, equipamentos, ferramentas e assessórios para manutenção;Catálogo do Compras.gov.br;Material;5120;FERRAMENTAS MANUAIS SEM CORTE, NÃO ACIONADAS  POR  FORÇA  MOTRIZ;10273;PÁ;470913;APLICAÇÃO: CONSTRUÇÃO CIVIL, CARACTERÍSTICAS ADICIONAIS: CABO MADEIRA EM Y, COMPRIMENTO CABO: 0,74, FORMATO: QUADRADA, MATERIAL: AÇO CARBONO, MATERIAL CABO: MADEIRA, TAMANHO: 330 X 275;UN;10,0000;35,5700;355,7000;0,0000;31/12/2026
HOSPITAL ESTADUAL TELECILA FREITAS FONTES /RN;932126;1053;Material;932126-6/2026;Máquinas, equipamentos, ferramentas e assessórios para manutenção;Catálogo do Compras.gov.br;Material;6250;LUSTRES, SUPORTES PARA LÂMPADAS E ELEMENTOS DE PARTIDA;10877;PLAFONIER;446452;CARACTERÍSTICAS ADICIONAIS: SIMPLES SOQUETE DE PVC, BASE E-27, COR: BRANCA, FORMATO: REDONDO, MATERIAL CORPO: PVC;UN;500,0000;2,9800;1490,0000;0,0000;31/12/2026
HOSPITAL ESTADUAL TELECILA FREITAS FONTES /RN;932126;1054;Material;932126-6/2026;Máquinas, equipamentos, ferramentas e assessórios para manutenção;Catálogo do Compras.gov.br;Material;3920;EQUIPAMENTOS NÃO AUTOPROPULSIONADO PARA MOVIMENTAÇÃO  DE  MATERIAIS;10315;PALETEIRA;613954;ALTURA GARFO ELEVADO: 190, CAPACIDADE CARGA: 2.500, COMPRIMENTO GARFO: 1.260, LARGURA EXTERNA GARFO: 685, MATERIAL: AÇO CARBONO, MATERIAL RODA: POLIURETANO, TIPO: RODÍZIOS DUPLOS;UN;2,0000;2301,0000;4602,0000;0,0000;31/12/2026
HOSPITAL ESTADUAL TELECILA FREITAS FONTES /RN;932126;1055;Material;932126-6/2026;Máquinas, equipamentos, ferramentas e assessórios para manutenção;Catálogo do Compras.gov.br;Material;5130;FERRAMENTAS MANUAIS ACIONADAS POR FORÇA MOTRIZ;10424;PARAFUSADEIRA;624005;CARACTERÍSTICAS ADICIONAIS: 2 VELOCIDADES, MANDRIL SEM CHAVE 1/2", COMPONENTES: CARREGADOR, 2 BATERIAS DE 1,5AH, MALETA, PESO: 1,5, ROTAÇÃO: 0-600/0-2.000, TIPO ALIMENTAÇÃO: BATERIA;UN;4,0000;208,1900;832,7600;0,0000;31/12/2026
HOSPITAL ESTADUAL TELECILA FREITAS FONTES /RN;932126;1056;Material;932126-6/2026;Máquinas, equipamentos, ferramentas e assessórios para manutenção;Catálogo do Compras.gov.br;Material;5305;PARAFUSOS SEM PORCA;10453;PARAFUSO CABEÇA CHATA;448297;CARACTERÍSTICAS ADICIONAIS: FENDA PHILIPS, COMPRIMENTO NOMINAL: 5, DIÂMETRO NOMINAL: 6, MATERIAL: AÇO;UN;1000,0000;0,5600;560,0000;0,0000;31/12/2026
HOSPITAL ESTADUAL TELECILA FREITAS FONTES /RN;932126;1057;Material;932126-6/2026;Máquinas, equipamentos, ferramentas e assessórios para manutenção;Catálogo do Compras.gov.br;Material;5305;PARAFUSOS SEM PORCA;10453;PARAFUSO CABEÇA CHATA;302038;CARACTERÍSTICAS ADICIONAIS: COM BUCHA NÁILON E FENDA, COMPRIMENTO NOMINAL: 55, DIÂMETRO NOMINAL: 8, MATERIAL: AÇO, TIPO ROSCA: FRANCESA;CX;50,0000;32,8300;1641,5000;0,0000;31/12/2026
HOSPITAL ESTADUAL TELECILA FREITAS FONTES /RN;932126;1058;Material;932126-6/2026;Máquinas, equipamentos, ferramentas e assessórios para manutenção;Catálogo do Compras.gov.br;Material;5305;PARAFUSOS SEM PORCA;10453;PARAFUSO CABEÇA CHATA;229864;CARACTERÍSTICAS ADICIONAIS: COM BUCHA NÁILON E FENDA, COMPRIMENTO NOMINAL: 10, DIÂMETRO NOMINAL: 5, MATERIAL: AÇO, TIPO ROSCA: FRANCESA;UN;500,0000;6,6600;3330,0000;0,0000;31/12/2026
HOSPITAL ESTADUAL TELECILA FREITAS FONTES /RN;932126;1059;Material;932126-6/2026;Máquinas, equipamentos, ferramentas e assessórios para manutenção;Catálogo do Compras.gov.br;Material;5305;PARAFUSOS SEM PORCA;10453;PARAFUSO CABEÇA CHATA;230146;CARACTERÍSTICAS ADICIONAIS: COM BUCHA NÁILON E FENDA, COMPRIMENTO NOMINAL: 6, DIÂMETRO NOMINAL: 12, MATERIAL: AÇO, TIPO ROSCA: FRANCESA;CX;50,0000;12,2600;613,0000;0,0000;31/12/2026
HOSPITAL ESTADUAL TELECILA FREITAS FONTES /RN;932126;1060;Material;932126-6/2026;Máquinas, equipamentos, ferramentas e assessórios para manutenção;Catálogo do Compras.gov.br;Material;5306;PARAFUSOS COM PORCA;10429;PARAFUSO COM PORCA;625162;COMPRIMENTO: 2 1/2, DIÂMETRO: 1/4, MATERIAL: AÇO CARBONO, TIPO CABEÇA: FRANCESA, TRATAMENTO SUPERFICIAL: ZINCADO;C;3,0000;102,1400;306,4200;0,0000;31/12/2026
HOSPITAL ESTADUAL TELECILA FREITAS FONTES /RN;932126;1491;Material;932126-1/2026;Medicamentos;Catálogo do Compras.gov.br;Material;6505;DROGAS E MEDICAMENTOS;8220;HIDROCLOROTIAZIDA;267674;DOSAGEM: 25;COMPR;450,0000;0,0200;9,0000;0,0000;31/12/2026
HOSPITAL ESTADUAL TELECILA FREITAS FONTES /RN;932126;1061;Material;932126-6/2026;Máquinas, equipamentos, ferramentas e assessórios para manutenção;Catálogo do Compras.gov.br;Material;5305;PARAFUSOS SEM PORCA;14522;PARAFUSO;626345;APLICAÇÃO: MADEIRA, CARACTERÍSTICAS ADICIONAIS: FENDA CRUZADA, COMPRIMENTO: 70, DIÂMETRO: 5, MATERIAL: BICROMATIZADO, TIPO: CABEÇA CHATA;UN;500,0000;0,5000;250,0000;0,0000;31/12/2026
HOSPITAL ESTADUAL TELECILA FREITAS FONTES /RN;932126;1062;Material;932126-6/2026;Máquinas, equipamentos, ferramentas e assessórios para manutenção;Catálogo do Compras.gov.br;Material;5975;FERRAGENS E SUPRIMENTOS DE ELETRICIDADE;15710;PASSA FIO;379008;CARACTERÍSTICAS ADICIONAIS: COM PONTA FLEXÍVEL, COMPRIMENTO: 20, MATERIAL: AÇO;UN;2,0000;15,0100;30,0200;0,0000;31/12/2026
HOSPITAL ESTADUAL TELECILA FREITAS FONTES /RN;932126;1063;Material;932126-6/2026;Máquinas, equipamentos, ferramentas e assessórios para manutenção;Catálogo do Compras.gov.br;Material;5120;FERRAMENTAS MANUAIS SEM CORTE, NÃO ACIONADAS  POR  FORÇA  MOTRIZ;10518;PE - DE - CABRA ( FERRAMENTA );601755;ACABAMENTO: ANTICORROSÃO, MATERIAL: AÇO, TAMANHO: 66 X 29 X 15, TIPO: EXTRATOR DE PREGOS;UN;2,0000;51,1800;102,3600;0,0000;31/12/2026
HOSPITAL ESTADUAL TELECILA FREITAS FONTES /RN;932126;1064;Material;932126-6/2026;Máquinas, equipamentos, ferramentas e assessórios para manutenção;Catálogo do Compras.gov.br;Material;5345;DISCOS E PEDRAS ABRASIVOS;582;PEDRA AFIAR;606031;COMPRIMENTO: 200, ESPECIFICAÇÃO: DESBASTE COM DUPLA GRANULAÇÃO (120 E 240), LARGURA: 50, TIPO: DUPLA FACE;UN;5,0000;18,9100;94,5500;0,0000;31/12/2026
HOSPITAL ESTADUAL TELECILA FREITAS FONTES /RN;932126;1065;Material;932126-6/2026;Máquinas, equipamentos, ferramentas e assessórios para manutenção;Catálogo do Compras.gov.br;Material;5120;FERRAMENTAS MANUAIS SEM CORTE, NÃO ACIONADAS  POR  FORÇA  MOTRIZ;10700;PICARETA;603268;ACABAMENTO: PINTURA ELETROSTÁTICA A PÓ, CARACTERISTICAS ADICIONAIS: LARGURA DA PONTA:4,4 CM, DIÂMETRO DO OLHO: 7 CM, DIMENSÕES: 6,3 X 6,7 X (A X L), MATERIAL: AÇO CARBONO;UN;3,0000;87,7400;263,2200;0,0000;31/12/2026
HOSPITAL ESTADUAL TELECILA FREITAS FONTES /RN;932126;1066;Material;932126-6/2026;Máquinas, equipamentos, ferramentas e assessórios para manutenção;Catálogo do Compras.gov.br;Material;8020;PINCEL PARA ARTISTAS E PINTORES;1573;TRINCHA;228708;MATERIAL CABO: MADEIRA, MATERIAL CERDAS: CERDA BRANCA CHINESA, TAMANHO: 6, TIPO CABO: CURTO;UN;10,0000;5,5000;55,0000;0,0000;31/12/2026
HOSPITAL ESTADUAL TELECILA FREITAS FONTES /RN;932126;1067;Material;932126-6/2026;Máquinas, equipamentos, ferramentas e assessórios para manutenção;Catálogo do Compras.gov.br;Material;8010;TINTAS, VERNIZES E PRODUTOS CORRELATOS;10734;PINCEL PINTURA PREDIAL;467655;MATERIAL CABO: PLÁSTICO, MATERIAL CERDAS: PELO ORELHA DE BOI, TAMANHO: 1 1/2;UN;10,0000;4,3000;43,0000;0,0000;31/12/2026
HOSPITAL ESTADUAL TELECILA FREITAS FONTES /RN;932126;1068;Material;932126-6/2026;Máquinas, equipamentos, ferramentas e assessórios para manutenção;Catálogo do Compras.gov.br;Material;8010;TINTAS, VERNIZES E PRODUTOS CORRELATOS;10734;PINCEL PINTURA PREDIAL;453724;CARACTERÍSTICAS ADICIONAIS: COM VIROLA AÇO ESTANHADO, MATERIAL CABO: MADEIRA, MATERIAL CERDAS: SINTÉTICO, TAMANHO: 3/4, TIPO CABO: MÉDIO;UN;10,0000;19,7800;197,8000;0,0000;31/12/2026
HOSPITAL ESTADUAL TELECILA FREITAS FONTES /RN;932126;1069;Material;932126-6/2026;Máquinas, equipamentos, ferramentas e assessórios para manutenção;Catálogo do Compras.gov.br;Material;4940;EQUIPAMENTO ESPECIALIZADO DIVERSOS PARA OFICINA  DE  MANUTENÇÃO E REPARO;10793;PISTOLA DE PINTURA;481441;TIPO: BAIXA PRESSÃO, USO: PINTURA;UN;2,0000;124,0800;248,1600;0,0000;31/12/2026
HOSPITAL ESTADUAL TELECILA FREITAS FONTES /RN;932126;1070;Material;932126-6/2026;Máquinas, equipamentos, ferramentas e assessórios para manutenção;Catálogo do Compras.gov.br;Material;5975;FERRAGENS E SUPRIMENTOS DE ELETRICIDADE;7009;PLACA CEGA;430914;APLICAÇÃO: TAMPA CAIXA REDE ELÉTRICA, COR: BRANCA, DIMENSÕES: 4 X 2, MATERIAL: PVC RÍGIDO;UN;50,0000;2,9000;145,0000;0,0000;31/12/2026
HOSPITAL ESTADUAL TELECILA FREITAS FONTES /RN;932126;1071;Material;932126-6/2026;Máquinas, equipamentos, ferramentas e assessórios para manutenção;Catálogo do Compras.gov.br;Material;5975;FERRAGENS E SUPRIMENTOS DE ELETRICIDADE;7009;PLACA CEGA;426310;DIMENSÕES: 4 X 4, FORMATO: QUADRADO, MATERIAL: PLÁSTICO;UN;30,0000;6,5000;195,0000;0,0000;31/12/2026
HOSPITAL ESTADUAL TELECILA FREITAS FONTES /RN;932126;1072;Material;932126-6/2026;Máquinas, equipamentos, ferramentas e assessórios para manutenção;Catálogo do Compras.gov.br;Material;5640;PAINEL DE PAPELÃO,PAPEL EMPREGADO EM CONSTRUÇÃO E MATERIAIS DE ISOLAMENTO TÉRMICO;7991;PLACA DE GESSO ACARTONADO;483482;CARACTERÍSTICAS ADICIONAIS: STANDAR BRANCO, COMPRIMENTO: 2,400, ESPESSURA: 12,5, LARGURA: 1,200;UN;50,0000;58,3700;2918,5000;0,0000;31/12/2026
HOSPITAL ESTADUAL TELECILA FREITAS FONTES /RN;932126;1073;Material;932126-6/2026;Máquinas, equipamentos, ferramentas e assessórios para manutenção;Catálogo do Compras.gov.br;Material;5935;CONECTORES ELÉTRICOS;480;PLUGUE;248410;CARACTERÍSTICAS ADICIONAIS: ADAPTADOR DE 3 SAÍDAS, COR CORPO: CINZA, CORRENTE NOMINAL: 20, FORMATO CONTATO: UNIVERSAL, FORMATO PINOS: "T", NÚMERO PINOS: 2, NÚMERO PÓLOS: 2 P, TENSÃO NOMINAL: 220, TIPO: MACHO-E-FÊMEA, FORMATO: "T";UN;50,0000;8,6300;431,5000;0,0000;31/12/2026
HOSPITAL ESTADUAL TELECILA FREITAS FONTES /RN;932126;1074;Material;932126-6/2026;Máquinas, equipamentos, ferramentas e assessórios para manutenção;Catálogo do Compras.gov.br;Material;5935;CONECTORES ELÉTRICOS;480;PLUGUE;423977;CARACTERÍSTICAS ADICIONAIS: COM CARCAÇA DE PLÁSTICO AUTO EXTIGUÍVEL E CONTATOS, CORRENTE NOMINAL: 10, NÚMERO PÓLOS: 2 P + T, TIPO: FÊMEA;UN;100,0000;6,8100;681,0000;0,0000;31/12/2026
HOSPITAL ESTADUAL TELECILA FREITAS FONTES /RN;932126;1075;Material;932126-6/2026;Máquinas, equipamentos, ferramentas e assessórios para manutenção;Catálogo do Compras.gov.br;Material;5935;CONECTORES ELÉTRICOS;480;PLUGUE;428747;COR CORPO: CINZA, CORRENTE NOMINAL: 10, NORMAS TÉCNICAS: NBR 14136, NÚMERO PÓLOS: 2 P + T, TENSÃO NOMINAL: 250, TIPO: MACHO, TIPO SAÍDA: LATERAL 90°;UN;50,0000;4,8900;244,5000;0,0000;31/12/2026
HOSPITAL ESTADUAL TELECILA FREITAS FONTES /RN;932126;1076;Material;932126-6/2026;Máquinas, equipamentos, ferramentas e assessórios para manutenção;Catálogo do Compras.gov.br;Material;5210;INSTRUMENTOS DE MEDIÇÃO PARA ARTÍFICES;11328;PRUMO;468648;CARACTERÍSTICAS ADICIONAIS: CORDÃO NÁILON E CALÇO GUIA MADEIRA, MATERIAL: AÇO, PESO: 500;UN;2,0000;26,8900;53,7800;0,0000;31/12/2026
HOSPITAL ESTADUAL TELECILA FREITAS FONTES /RN;932126;1077;Material;932126-6/2026;Máquinas, equipamentos, ferramentas e assessórios para manutenção;Catálogo do Compras.gov.br;Material;5340;FERRAGENS DIVERSAS;563;PORTA-CADEADO;621840;CARACTERÍSTICAS ADICIONAIS: ACOMPANHA 5 PARAFUSOS PARA FIXAÇÃO, COMPRIMENTO: 110, MATERIAL: AÇO, TRATAMENTO SUPERFICIAL: ZINCADO;UN;50,0000;19,9800;999,0000;0,0000;31/12/2026
HOSPITAL ESTADUAL TELECILA FREITAS FONTES /RN;932126;1078;Material;932126-6/2026;Máquinas, equipamentos, ferramentas e assessórios para manutenção;Catálogo do Compras.gov.br;Material;5340;FERRAGENS DIVERSAS;563;PORTA-CADEADO;312417;ALTURA: 45, COMPRIMENTO: 80, ESPESSURA: 3, MATERIAL: AÇO INOXIDÁVEL;UN;30,0000;21,9000;657,0000;0,0000;31/12/2026
HOSPITAL ESTADUAL TELECILA FREITAS FONTES /RN;932126;1079;Material;932126-6/2026;Máquinas, equipamentos, ferramentas e assessórios para manutenção;Catálogo do Compras.gov.br;Material;5660;CERCAS, GRADES E PORTÕES;9378;PORTAL MADEIRA;617812;ALTURA: 210, CARACTERÍSTICAS ADICIONAIS: COM REBAIXO, ESPESSURA: 16, LARGURA: 90, TIPO MADEIRA: ANGELIM;UN;20,0000;199,9900;3999,8000;0,0000;31/12/2026
HOSPITAL ESTADUAL TELECILA FREITAS FONTES /RN;932126;1080;Material;932126-6/2026;Máquinas, equipamentos, ferramentas e assessórios para manutenção;Catálogo do Compras.gov.br;Material;5660;CERCAS, GRADES E PORTÕES;9378;PORTAL MADEIRA;229573;ALTURA: 2,10, APLICAÇÃO: FIXAÇÃO PORTAS E JANELAS, ESPESSURA: 0,15, LARGURA: 0,60, TIPO MADEIRA: IMBUIA;UN;10,0000;429,9000;4299,0000;0,0000;31/12/2026
HOSPITAL ESTADUAL TELECILA FREITAS FONTES /RN;932126;1081;Material;932126-6/2026;Máquinas, equipamentos, ferramentas e assessórios para manutenção;Catálogo do Compras.gov.br;Material;5315;PREGOS, CHAVETAS E PINOS;635;PREGO COM CABEÇA;396988;ACABAMENTO SUPERFICIAL: POLIDO, BITOLA: 13 X 15, MATERIAL: AÇO, TIPO CABEÇA: CHATA, TIPO CORPO: LISO, TIPO PONTA: COMUM;PCT;30,0000;31,9800;959,4000;0,0000;31/12/2026
HOSPITAL ESTADUAL TELECILA FREITAS FONTES /RN;932126;1082;Material;932126-6/2026;Máquinas, equipamentos, ferramentas e assessórios para manutenção;Catálogo do Compras.gov.br;Material;5315;PREGOS, CHAVETAS E PINOS;635;PREGO COM CABEÇA;241392;ACABAMENTO SUPERFICIAL: POLIDO, BITOLA: 15 X 18, MATERIAL: ARAME PARA PREGO, TIPO CABEÇA: CÔNICA AXADREZADA, TIPO CORPO: LISO, TIPO PONTA: DIAMANTE;PCT;50,0000;37,3300;1866,5000;0,0000;31/12/2026
HOSPITAL ESTADUAL TELECILA FREITAS FONTES /RN;932126;1083;Material;932126-6/2026;Máquinas, equipamentos, ferramentas e assessórios para manutenção;Catálogo do Compras.gov.br;Material;5315;PREGOS, CHAVETAS E PINOS;635;PREGO COM CABEÇA;265896;ACABAMENTO SUPERFICIAL: POLIDO, BITOLA: 16 X 21, MATERIAL: ARAME PARA PREGO, TIPO CABEÇA: CÔNICA AXADREZADA, TIPO CORPO: LISO, TIPO PONTA: DIAMANTE;PCT;50,0000;32,3800;1619,0000;0,0000;31/12/2026
HOSPITAL ESTADUAL TELECILA FREITAS FONTES /RN;932126;1084;Material;932126-6/2026;Máquinas, equipamentos, ferramentas e assessórios para manutenção;Catálogo do Compras.gov.br;Material;5315;PREGOS, CHAVETAS E PINOS;635;PREGO COM CABEÇA;609321;ACABAMENTO SUPERFICIAL: GALVANIZADO, BITOLA: 18 X 27, MATERIAL: AÇO, TIPO CABEÇA: CHATA, TIPO PONTA: COMUM;PCT;30,0000;31,9800;959,4000;0,0000;31/12/2026
HOSPITAL ESTADUAL TELECILA FREITAS FONTES /RN;932126;1085;Material;932126-6/2026;Máquinas, equipamentos, ferramentas e assessórios para manutenção;Catálogo do Compras.gov.br;Material;5315;PREGOS, CHAVETAS E PINOS;635;PREGO COM CABEÇA;273200;ACABAMENTO SUPERFICIAL: POLIDO, BITOLA: 26 X 72, MATERIAL: ARAME PARA PREGO, TIPO CABEÇA: CÔNICA AXADREZADA, TIPO CORPO: LISO, TIPO PONTA: DIAMANTE;PCT;20,0000;37,3300;746,6000;0,0000;31/12/2026
HOSPITAL ESTADUAL TELECILA FREITAS FONTES /RN;932126;1086;Material;932126-6/2026;Máquinas, equipamentos, ferramentas e assessórios para manutenção;Catálogo do Compras.gov.br;Material;5315;PREGOS, CHAVETAS E PINOS;635;PREGO COM CABEÇA;365584;ACABAMENTO SUPERFICIAL: POLIDO, BITOLA: 4 X 6, MATERIAL: AÇO, TIPO CORPO: LISO, TIPO PONTA: COMUM;PCT;30,0000;31,9800;959,4000;0,0000;31/12/2026
HOSPITAL ESTADUAL TELECILA FREITAS FONTES /RN;932126;1087;Material;932126-6/2026;Máquinas, equipamentos, ferramentas e assessórios para manutenção;Catálogo do Compras.gov.br;Material;5315;PREGOS, CHAVETAS E PINOS;635;PREGO COM CABEÇA;365583;ACABAMENTO SUPERFICIAL: POLIDO, BITOLA: 1/2, MATERIAL: AÇO, TIPO CORPO: LISO, TIPO PONTA: COMUM;PCT;1,0000;31,9800;31,9800;0,0000;31/12/2026
HOSPITAL ESTADUAL TELECILA FREITAS FONTES /RN;932126;1088;Material;932126-6/2026;Máquinas, equipamentos, ferramentas e assessórios para manutenção;Catálogo do Compras.gov.br;Material;5315;PREGOS, CHAVETAS E PINOS;635;PREGO COM CABEÇA;296395;BITOLA: 1 X 16, MATERIAL: AÇO TEMPERADO, TIPO CORPO: LISO, TIPO PONTA: COMUM;PCT;20,0000;36,9900;739,8000;0,0000;31/12/2026
HOSPITAL ESTADUAL TELECILA FREITAS FONTES /RN;932126;1089;Material;932126-6/2026;Máquinas, equipamentos, ferramentas e assessórios para manutenção;Catálogo do Compras.gov.br;Material;5315;PREGOS, CHAVETAS E PINOS;635;PREGO COM CABEÇA;262510;ACABAMENTO SUPERFICIAL: POLIDO, BITOLA: 2 X 12, MATERIAL: ARAME PARA PREGO, TIPO CABEÇA: CÔNICA AXADREZADA, TIPO CORPO: LISO, TIPO PONTA: DIAMANTE;PCT;30,0000;31,9800;959,4000;0,0000;31/12/2026
HOSPITAL ESTADUAL TELECILA FREITAS FONTES /RN;932126;1090;Material;932126-6/2026;Máquinas, equipamentos, ferramentas e assessórios para manutenção;Catálogo do Compras.gov.br;Material;5315;PREGOS, CHAVETAS E PINOS;639;PREGO SEM CABEÇA;313433;APLICAÇÃO: MADEIRA, BITOLA: 1 1/2 X 15, MATERIAL: FERRO COMUM, TIPO PONTA: DIAMANTE;PCT;10,0000;9,9000;99,0000;0,0000;31/12/2026
HOSPITAL ESTADUAL TELECILA FREITAS FONTES /RN;932126;1091;Material;932126-6/2026;Máquinas, equipamentos, ferramentas e assessórios para manutenção;Catálogo do Compras.gov.br;Material;6210;APARELHOS DE ILUMINAÇÃO ELÉTRICA DE USO INTERNO E EXTERNO;15806;REFLETOR;460054;MATERIAL CORPO: ALUMÍNIO, POTÊNCIA LÂMPADA: 30, TENSÃO ALIMENTAÇÃO: 110/220, TIPO LÂMPADA: LED;UN;30,0000;17,9900;539,7000;0,0000;31/12/2026
HOSPITAL ESTADUAL TELECILA FREITAS FONTES /RN;932126;1092;Material;932126-6/2026;Máquinas, equipamentos, ferramentas e assessórios para manutenção;Catálogo do Compras.gov.br;Material;4240;EQUIPAMENTO PARA SEGURANÇA E SALVAMENTO;1214;PROTETOR AURICULAR;618290;CARACTERÍSTICAS ADICIONAIS: NO FORMATO CÔNICO, COM 3 FLANGES E CORDÃO, ESPESSURA: 10, MATERIAL: SILICONE, MATERIAL ALMOFADA: ESPUMA, MATERIAL HASTE: POLIÉSTER, MATERIAL INTERNO: ESPUMA, TAMANHO: MÉDIO, TIPO CONCHA: PLUGUE;UN;100,0000;1,9900;199,0000;0,0000;31/12/2026
HOSPITAL ESTADUAL TELECILA FREITAS FONTES /RN;932126;1093;Material;932126-6/2026;Máquinas, equipamentos, ferramentas e assessórios para manutenção;Catálogo do Compras.gov.br;Material;6110;EQUIPAMENTOS DE CONTROLE ELÉTRICO;11360;QUADRO DISTRIBUIÇÃO;622834;BARRAMENTO: NEUTRO E TERRA, COR: BRANCA, FIXAÇÃO: EMBUTIR, MATERIAL: PVC, QUANTIDADE CIRCUITOS: 16/12;UN;10,0000;121,0400;1210,4000;0,0000;31/12/2026
HOSPITAL ESTADUAL TELECILA FREITAS FONTES /RN;932126;1094;Material;932126-6/2026;Máquinas, equipamentos, ferramentas e assessórios para manutenção;Catálogo do Compras.gov.br;Material;5630;TUBOS E CONDUTOS, NÃO METÁLICOS, PARA CONSTRUÇÃO;11403;RALO;426027;BITOLA: 40, CARACTERÍSTICA ADICIONAIS: DIMENSÕES: 100 X 53 MM, COR: BRANCO, TIPO: SECO;UN;100,0000;9,2900;929,0000;0,0000;31/12/2026
HOSPITAL ESTADUAL TELECILA FREITAS FONTES /RN;932126;1095;Material;932126-6/2026;Máquinas, equipamentos, ferramentas e assessórios para manutenção;Catálogo do Compras.gov.br;Material;5120;FERRAMENTAS MANUAIS SEM CORTE, NÃO ACIONADAS  POR  FORÇA  MOTRIZ;2318;ALICATE REBITADOR PEÇAS / ACESSÓRIOS;441194;BICOS: 3/32, 1/8, 5/32 E 3/16", MATERIAL CABO: EMBORRACHADO, MATERIAL CORPO: AÇO, TIPO: MANUAL;UN;5,0000;23,9000;119,5000;0,0000;31/12/2026
HOSPITAL ESTADUAL TELECILA FREITAS FONTES /RN;932126;1096;Material;932126-6/2026;Máquinas, equipamentos, ferramentas e assessórios para manutenção;Catálogo do Compras.gov.br;Material;5320;REBITES;610;REBITE POP;480801;COMPRIMENTO: 12, COR: CINZA, DIÂMETRO CORPO: 3,20, MATERIAL: ALUMÍNIO, MATERIAL CORPO: ALUMÍNIO, MATERIAL PINO: ALUMÍNIO, TIPO: REPUXO, TIPO ABA: REDONDA, TIPO CABEÇA: ABAULADA;CX;10,0000;16,8200;168,2000;0,0000;31/12/2026
HOSPITAL ESTADUAL TELECILA FREITAS FONTES /RN;932126;1097;Material;932126-6/2026;Máquinas, equipamentos, ferramentas e assessórios para manutenção;Catálogo do Compras.gov.br;Material;5320;REBITES;610;REBITE POP;337543;COMPRIMENTO: 10, DIÂMETRO CORPO: 1/8, MATERIAL: ALUMÍNIO, TIPO: COMUM, TIPO ABA: ABAULADO;CX;10,0000;16,9800;169,8000;0,0000;31/12/2026
HOSPITAL ESTADUAL TELECILA FREITAS FONTES /RN;932126;1098;Material;932126-6/2026;Máquinas, equipamentos, ferramentas e assessórios para manutenção;Catálogo do Compras.gov.br;Material;5320;REBITES;610;REBITE POP;283501;COMPRIMENTO: 5, DIÂMETRO CORPO: 2,5, MATERIAL: ALUMÍNIO, MATERIAL CORPO: ALUMÍNIO, MATERIAL PINO: AÇO CARBONO, TIPO: COMUM, TIPO ABA: COMUM, TIPO CABEÇA: ABAULADA;CX;10,0000;13,8300;138,3000;0,0000;31/12/2026
HOSPITAL ESTADUAL TELECILA FREITAS FONTES /RN;932126;1099;Material;932126-6/2026;Máquinas, equipamentos, ferramentas e assessórios para manutenção;Catálogo do Compras.gov.br;Material;5320;REBITES;610;REBITE POP;432887;COMPRIMENTO: 10, DIÂMETRO CORPO: 4, MATERIAL: ALUMÍNIO, TIPO: REPUXO;CX;3,0000;58,0000;174,0000;0,0000;31/12/2026
HOSPITAL ESTADUAL TELECILA FREITAS FONTES /RN;932126;1100;Material;932126-6/2026;Máquinas, equipamentos, ferramentas e assessórios para manutenção;Catálogo do Compras.gov.br;Material;5320;REBITES;610;REBITE POP;236521;COMPRIMENTO: 14, DIÂMETRO CORPO: 4, MATERIAL: ALUMÍNIO, TIPO: COMUM, TIPO ABA: ABAULADO;CX;5,0000;27,1000;135,5000;0,0000;31/12/2026
HOSPITAL ESTADUAL TELECILA FREITAS FONTES /RN;932126;1101;Material;932126-6/2026;Máquinas, equipamentos, ferramentas e assessórios para manutenção;Catálogo do Compras.gov.br;Material;5320;REBITES;610;REBITE POP;271419;COMPRIMENTO: 16, DIÂMETRO CORPO: 4, MATERIAL: ALUMÍNIO, TIPO: COMUM, TIPO ABA: ABAULADO;CX;3,0000;126,0000;378,0000;0,0000;31/12/2026
HOSPITAL ESTADUAL TELECILA FREITAS FONTES /RN;932126;1102;Material;932126-6/2026;Máquinas, equipamentos, ferramentas e assessórios para manutenção;Catálogo do Compras.gov.br;Material;6210;APARELHOS DE ILUMINAÇÃO ELÉTRICA DE USO INTERNO E EXTERNO;15806;REFLETOR;458576;MATERIAL CORPO: ALUMÍNIO, POTÊNCIA LÂMPADA: 100, TENSÃO ALIMENTAÇÃO: BIVOLT, TIPO LÂMPADA: LED;UN;30,0000;63,9000;1917,0000;0,0000;31/12/2026
HOSPITAL ESTADUAL TELECILA FREITAS FONTES /RN;932126;1103;Material;932126-6/2026;Máquinas, equipamentos, ferramentas e assessórios para manutenção;Catálogo do Compras.gov.br;Material;6210;APARELHOS DE ILUMINAÇÃO ELÉTRICA DE USO INTERNO E EXTERNO;15806;REFLETOR;458575;MATERIAL CORPO: ALUMÍNIO, POTÊNCIA LÂMPADA: 50, TENSÃO ALIMENTAÇÃO: BIVOLT, TIPO LÂMPADA: LED;UN;20,0000;41,1700;823,4000;0,0000;31/12/2026
HOSPITAL ESTADUAL TELECILA FREITAS FONTES /RN;932126;1104;Material;932126-6/2026;Máquinas, equipamentos, ferramentas e assessórios para manutenção;Catálogo do Compras.gov.br;Material;4820;VÁLVULAS NÃO ACIONADAS POR FORÇA MOTRIZ;14461;REGISTRO ESFERA;298069;APLICAÇÃO: INSTALAÇÃO HIDRÁULICA, BITOLA: 20 MM, MATERIAL: PVC RÍGIDO, TIPO: VS, TIPO FIXAÇÃO: SOLDÁVEL;UN;20,0000;7,0400;140,8000;0,0000;31/12/2026
HOSPITAL ESTADUAL TELECILA FREITAS FONTES /RN;932126;1105;Material;932126-6/2026;Máquinas, equipamentos, ferramentas e assessórios para manutenção;Catálogo do Compras.gov.br;Material;4820;VÁLVULAS NÃO ACIONADAS POR FORÇA MOTRIZ;14461;REGISTRO ESFERA;605605;APLICAÇÃO: IRRIGAÇÃO, BITOLA: 25 MM, MATERIAL: PVC RÍGIDO, TIPO: VS, TIPO FIXAÇÃO: SOLDÁVEL;UN;20,0000;9,9500;199,0000;0,0000;31/12/2026
HOSPITAL ESTADUAL TELECILA FREITAS FONTES /RN;932126;1106;Material;932126-6/2026;Máquinas, equipamentos, ferramentas e assessórios para manutenção;Catálogo do Compras.gov.br;Material;4820;VÁLVULAS NÃO ACIONADAS POR FORÇA MOTRIZ;14461;REGISTRO ESFERA;298227;APLICAÇÃO: INSTALAÇÃO HIDRÁULICA, BITOLA: 32, MATERIAL: PVC RÍGIDO, TIPO: VS, TIPO FIXAÇÃO: SOLDÁVEL;UN;10,0000;18,1700;181,7000;0,0000;31/12/2026
HOSPITAL ESTADUAL TELECILA FREITAS FONTES /RN;932126;1107;Material;932126-6/2026;Máquinas, equipamentos, ferramentas e assessórios para manutenção;Catálogo do Compras.gov.br;Material;4820;VÁLVULAS NÃO ACIONADAS POR FORÇA MOTRIZ;14461;REGISTRO ESFERA;257681;APLICAÇÃO: INSTALAÇÃO HIDRÁULICA, BITOLA: 50, MATERIAL: PVC, TIPO: MANUAL, TIPO FIXAÇÃO: SOLDÁVEL;UN;5,0000;41,3100;206,5500;0,0000;31/12/2026
HOSPITAL ESTADUAL TELECILA FREITAS FONTES /RN;932126;1108;Material;932126-6/2026;Máquinas, equipamentos, ferramentas e assessórios para manutenção;Catálogo do Compras.gov.br;Material;4510;DISPOSITIVOS E ACESSÓRIOS PARA INSTALAÇÕES HIDRÁULICAS;18791;VOLANTE;603261;APLICAÇÃO: REGISTRO DE PRESSÃO  3/4 POLEGADAS, MATERIAL: LATÃO;UN;10,0000;36,1600;361,6000;0,0000;31/12/2026
HOSPITAL ESTADUAL TELECILA FREITAS FONTES /RN;932126;1109;Material;932126-6/2026;Máquinas, equipamentos, ferramentas e assessórios para manutenção;Catálogo do Compras.gov.br;Material;4820;VÁLVULAS NÃO ACIONADAS POR FORÇA MOTRIZ;14812;CONJUNTO DISTRIBUIÇÃO GÁS;394181;APLICAÇÃO: FOGÃO À GAS, COMPONENTES: REGISTRO/ADAPTADOR/TUBO COBRE FLEXÍVEL 1,20M, MATERIAL: METAL;UN;5,0000;186,8000;934,0000;0,0000;31/12/2026
HOSPITAL ESTADUAL TELECILA FREITAS FONTES /RN;932126;1110;Material;932126-6/2026;Máquinas, equipamentos, ferramentas e assessórios para manutenção;Catálogo do Compras.gov.br;Material;4820;VÁLVULAS NÃO ACIONADAS POR FORÇA MOTRIZ;11563;REGISTRO PRESSÃO;617598;APLICAÇÃO: INSTALAÇÃO HIDRÁULICA, DIÂMETRO: 3/4, MATERIAL: BRONZE, TIPO: ACABAMENTO BRUTO, TIPO ACABAMENTO: BRUTO;UN;3,0000;56,9000;170,7000;0,0000;31/12/2026
HOSPITAL ESTADUAL TELECILA FREITAS FONTES /RN;932126;1111;Material;932126-6/2026;Máquinas, equipamentos, ferramentas e assessórios para manutenção;Catálogo do Compras.gov.br;Material;5945;RELÉS E SOLENÓIDES;13630;RELÉ FOTELÉTRICO;615337;FREQUÊNCIA NOMINAL: 50/60, POTÊNCIA NOMINAL: 1000, TENSÃO NOMINAL: BIVOLT 127/220, TIPO CONTATO: NF2;UN;20,0000;34,9000;698,0000;0,0000;31/12/2026
HOSPITAL ESTADUAL TELECILA FREITAS FONTES /RN;932126;1112;Material;932126-6/2026;Máquinas, equipamentos, ferramentas e assessórios para manutenção;Catálogo do Compras.gov.br;Material;4510;DISPOSITIVOS E ACESSÓRIOS PARA INSTALAÇÕES HIDRÁULICAS;15305;CONJUNTO OBTURADOR CAIXA DESCARGA;483893;APLICAÇÃO: CAIXA DE DESCARGA ACOPLADA PADRAO UNIVERSAL, COMPONENTES: BOTÃO DE ACIONAMENTO, TORRES: DE SAÍDA E DE ENTRAD, OUTROS COMPONENTES: BOLSA DE VEDAÇÃO E CONJUNTO DE FIXAÇÃO;UN;100,0000;21,3000;2130,0000;0,0000;31/12/2026
HOSPITAL ESTADUAL TELECILA FREITAS FONTES /RN;932126;1113;Material;932126-6/2026;Máquinas, equipamentos, ferramentas e assessórios para manutenção;Catálogo do Compras.gov.br;Material;4730;ACESSÓRIOS E FERRAGENS ESPECIAIS PARA  MANGUEIRAS, CANOS  E TUBOS;14482;CONJUNTO REPARO REGISTRO;313568;BITOLA: 2, CARACTERÍSTICAS ADICIONAIS: MATERIAL BRONZE/FIXAÇÃO ROSCÁVEL, COMPONENTES: FUSO E HASTE, REFERÊNCIA: 1502-B, TIPO REGISTRO: GAVETA;UN;2,0000;70,0000;140,0000;0,0000;31/12/2026
HOSPITAL ESTADUAL TELECILA FREITAS FONTES /RN;932126;1114;Material;932126-6/2026;Máquinas, equipamentos, ferramentas e assessórios para manutenção;Catálogo do Compras.gov.br;Material;4730;ACESSÓRIOS E FERRAGENS ESPECIAIS PARA  MANGUEIRAS, CANOS  E TUBOS;14482;CONJUNTO REPARO REGISTRO;391089;BITOLA: 3, COMPONENTES: REPARO CUNHA EM BROZE, MODELO REGISTRO: DECA MODELO 150B, REFERÊNCIA: 4076372, TIPO REGISTRO: GAVETA;UN;3,0000;65,4800;196,4400;0,0000;31/12/2026
HOSPITAL ESTADUAL TELECILA FREITAS FONTES /RN;932126;1115;Material;932126-6/2026;Máquinas, equipamentos, ferramentas e assessórios para manutenção;Catálogo do Compras.gov.br;Material;3750;IMPLEMENTOS E FERRAMENTAS DE JARDINAGEM;1461;ROÇADEIRA MANUAL;606342;APLICAÇÃO: CORTE GRAMA, CAPIM, PASTO, ARBUSTO, CAPOEIRAS E PE, CARACTERÍSTICAS ADICIONAIS: TANQUE CAPACIDADE: 0,5L A 0,9L / USO INTENSIVO /, POTÊNCIA MOTOR: 40 CC, ROTAÇÃO: 12.000, TIPO CORTADOR: LÂMINA AÇO/FIO NYLON, TIPO MOTOR: GASOLINA;UN;3,0000;710,5200;2131,5600;0,0000;31/12/2026
HOSPITAL ESTADUAL TELECILA FREITAS FONTES /RN;932126;1116;Material;932126-6/2026;Máquinas, equipamentos, ferramentas e assessórios para manutenção;Catálogo do Compras.gov.br;Material;3920;EQUIPAMENTOS NÃO AUTOPROPULSIONADO PARA MOVIMENTAÇÃO  DE  MATERIAIS;14719;RODÍZIO FIXO;443627;APLICAÇÃO: CARRINHO TRANSPORTE MATERIAIS, CAPACIDADE CARGA: 350, DIÂMETRO EXTERNO: 8, LARGURA: 50, MATERIAL RODAS: POLIURETANO MOLDADO, QUANTIDADE RODAS: 1;UN;20,0000;162,9000;3258,0000;0,0000;31/12/2026
HOSPITAL ESTADUAL TELECILA FREITAS FONTES /RN;932126;1117;Material;932126-6/2026;Máquinas, equipamentos, ferramentas e assessórios para manutenção;Catálogo do Compras.gov.br;Material;3920;EQUIPAMENTOS NÃO AUTOPROPULSIONADO PARA MOVIMENTAÇÃO  DE  MATERIAIS;14719;RODÍZIO FIXO;442016;DIÂMETRO EXTERNO: 6, MATERIAL RODAS: POLIURETANO MOLDADO;UN;6,0000;162,6600;975,9600;0,0000;31/12/2026
HOSPITAL ESTADUAL TELECILA FREITAS FONTES /RN;932126;1118;Material;932126-6/2026;Máquinas, equipamentos, ferramentas e assessórios para manutenção;Catálogo do Compras.gov.br;Material;3920;EQUIPAMENTOS NÃO AUTOPROPULSIONADO PARA MOVIMENTAÇÃO  DE  MATERIAIS;16077;RODÍZIO GIRATÓRIO;621844;CAPACIDADE CARGA: 30, CARACTERÍSTICAS ADICIONAIS: SEM TRAVA, DIÂMETRO EXTERNO: 50, LARGURA: 20, MATERIAL BANDA RODAGEM: POLIURETANO, MATERIAL ESTRUTURA: AÇO ZINCADO;UN;10,0000;32,4000;324,0000;0,0000;31/12/2026
HOSPITAL ESTADUAL TELECILA FREITAS FONTES /RN;932126;1119;Material;932126-6/2026;Máquinas, equipamentos, ferramentas e assessórios para manutenção;Catálogo do Compras.gov.br;Material;8020;PINCEL PARA ARTISTAS E PINTORES;1572;ROLO PINTURA PREDIAL;616921;ALTURA: 10, CARACTERÍSTICAS ADICIONAIS: COM CABO, COMPRIMENTO: 23, MATERIAL: ESPUMA POLIÉSTER;UN;10,0000;21,6400;216,4000;0,0000;31/12/2026
HOSPITAL ESTADUAL TELECILA FREITAS FONTES /RN;932126;1120;Material;932126-6/2026;Máquinas, equipamentos, ferramentas e assessórios para manutenção;Catálogo do Compras.gov.br;Material;8020;PINCEL PARA ARTISTAS E PINTORES;1572;ROLO PINTURA PREDIAL;373904;CARACTERÍSTICAS ADICIONAIS: COM CABO, COMPRIMENTO: 15, MATERIAL: ESPUMA POLIÉSTER;UN;10,0000;10,4100;104,1000;0,0000;31/12/2026
HOSPITAL ESTADUAL TELECILA FREITAS FONTES /RN;932126;1121;Material;932126-6/2026;Máquinas, equipamentos, ferramentas e assessórios para manutenção;Catálogo do Compras.gov.br;Material;8020;PINCEL PARA ARTISTAS E PINTORES;1572;ROLO PINTURA PREDIAL;397728;CARACTERÍSTICAS ADICIONAIS: COM CABO, COMPRIMENTO: 9, MATERIAL: ESPUMA;UN;5,0000;5,2900;26,4500;0,0000;31/12/2026
HOSPITAL ESTADUAL TELECILA FREITAS FONTES /RN;932126;1122;Material;932126-6/2026;Máquinas, equipamentos, ferramentas e assessórios para manutenção;Catálogo do Compras.gov.br;Material;8010;TINTAS, VERNIZES E PRODUTOS CORRELATOS;1509;SELADOR;393223;ASPECTO FÍSICO: LÍQUIDO, TIPO: ACRÍLICO;LT;10,0000;103,0000;1030,0000;0,0000;31/12/2026
HOSPITAL ESTADUAL TELECILA FREITAS FONTES /RN;932126;1123;Material;932126-6/2026;Máquinas, equipamentos, ferramentas e assessórios para manutenção;Catálogo do Compras.gov.br;Material;5110;FERRAMENTAS MANUAIS DE CORTE, NÃO ACIONADAS POR FORÇA MOTRIZ;12044;SERRA TICO-TICO MANUAL;484425;APLICAÇÃO: OFICINA, CAPACIDADE CORTE AÇO: 10, CAPACIDADE CORTE MADEIRA: 135, CARACTERÍSTICAS ADICIONAIS: VELOCIDADE VARIÁVEL E AÇÃO PENDULAR., POTÊNCIA: 720, ROTAÇÃO: 2.800, TENSÃO: 220, TIPO: INDUSTRIAL, TIPO EMPUNHADEIRA: ALÇA;UN;2,0000;1686,2000;3372,4000;0,0000;31/12/2026
HOSPITAL ESTADUAL TELECILA FREITAS FONTES /RN;932126;1124;Material;932126-6/2026;Máquinas, equipamentos, ferramentas e assessórios para manutenção;Catálogo do Compras.gov.br;Material;5110;FERRAMENTAS MANUAIS DE CORTE, NÃO ACIONADAS POR FORÇA MOTRIZ;627;SERROTE CARPINTEIRO;378138;CARACTERÍSTICAS ADICIONAIS: 7 DENTES POR POLEGADA, COMPRIMENTO: 20, LARGURA: 150, MATERIAL CABO: MADEIRA, MATERIAL LÂMINA: AÇO CARBONO, TIPO: TRAVADO;UN;5,0000;29,8900;149,4500;0,0000;31/12/2026
HOSPITAL ESTADUAL TELECILA FREITAS FONTES /RN;932126;1125;Material;932126-6/2026;Máquinas, equipamentos, ferramentas e assessórios para manutenção;Catálogo do Compras.gov.br;Material;4510;DISPOSITIVOS E ACESSÓRIOS PARA INSTALAÇÕES HIDRÁULICAS;12056;SIFÃO;611858;APLICAÇÃO: PIA, BITOLA: 7/8, 1.1/4 E 1.1/2., CARACTERÍSTICAS ADICIONAIS: MÍNIMO DE 30CM, MÁXIMO DE 66CM  TIPO DE FIXAÇÃO: E, MATERIAL: POLIPROPILENO, TIPO CORPO: SANFONADO / FLEXÍVEL;UN;100,0000;11,9900;1199,0000;0,0000;31/12/2026
HOSPITAL ESTADUAL TELECILA FREITAS FONTES /RN;932126;1126;Material;932126-6/2026;Máquinas, equipamentos, ferramentas e assessórios para manutenção;Catálogo do Compras.gov.br;Material;8010;TINTAS, VERNIZES E PRODUTOS CORRELATOS;1299;SOLVENTE;451514;APLICAÇÃO: DILUIÇÃO TINTA, ASPECTO FÍSICO: LÍQUIDO, COMPOSIÇÃO QUÍMICA: ETIL BENZENO 10-25, XILENO 50, PONTO EBULIÇÃO: 140, PONTO FULGOR: 32;GL;5,0000;83,9200;419,6000;0,0000;31/12/2026
HOSPITAL ESTADUAL TELECILA FREITAS FONTES /RN;932126;1127;Material;932126-6/2026;Máquinas, equipamentos, ferramentas e assessórios para manutenção;Catálogo do Compras.gov.br;Material;4410;CALDEIRAS INDUSTRIAIS;1241;SOPRADOR FULIGEM;404569;ACIONAMENTO: 110/220 VOLTS, POTÊNCIA MOTOR ACIONAMENTO: 160, TIPO: TÉRMICO PORTÁTIL;UN;2,0000;176,3800;352,7600;0,0000;31/12/2026
HOSPITAL ESTADUAL TELECILA FREITAS FONTES /RN;932126;1128;Material;932126-6/2026;Máquinas, equipamentos, ferramentas e assessórios para manutenção;Catálogo do Compras.gov.br;Material;5110;FERRAMENTAS MANUAIS DE CORTE, NÃO ACIONADAS POR FORÇA MOTRIZ;628;TALHADEIRA;612462;APLICAÇÃO: PEDREIRO, CARACTERÍSTICAS ADICIONAIS: COM APUNHADURA, COMPRIMENTO TOTAL: 14°, MATERIAL: AÇO, PESO: 0,90, TIPO: CHATO;UN;3,0000;64,5100;193,5300;0,0000;31/12/2026
HOSPITAL ESTADUAL TELECILA FREITAS FONTES /RN;932126;1129;Material;932126-6/2026;Máquinas, equipamentos, ferramentas e assessórios para manutenção;Catálogo do Compras.gov.br;Material;4730;ACESSÓRIOS E FERRAGENS ESPECIAIS PARA  MANGUEIRAS, CANOS  E TUBOS;13546;CONEXÃO HIDRÁULICA;613854;APLICAÇÃO: VASO SANITÁRIO, BITOLA I: 50 X 50, MATERIAL: PVC, TIPO I: TÊ;UN;30,0000;5,4300;162,9000;0,0000;31/12/2026
HOSPITAL ESTADUAL TELECILA FREITAS FONTES /RN;932126;1130;Material;932126-6/2026;Máquinas, equipamentos, ferramentas e assessórios para manutenção;Catálogo do Compras.gov.br;Material;4730;ACESSÓRIOS E FERRAGENS ESPECIAIS PARA  MANGUEIRAS, CANOS  E TUBOS;13546;CONEXÃO HIDRÁULICA;613073;APLICAÇÃO: INSTALAÇÃO HIDRÁULICA, DIÂMETRO EXTERNO: 100, MATERIAL: PVC - CLORETO DE POLIVINILA, TIPO FIXAÇÃO: SOLDÁVEL, TIPO I: TÊ;UN;5,0000;134,0000;670,0000;0,0000;31/12/2026
HOSPITAL ESTADUAL TELECILA FREITAS FONTES /RN;932126;1131;Material;932126-6/2026;Máquinas, equipamentos, ferramentas e assessórios para manutenção;Catálogo do Compras.gov.br;Material;5650;MATERIAIS PARA TELHADOS E REVESTIMENTO DE PAREDES;813;TELHA;603798;ACABAMENTO SUPERFICIAL: SEM AMIANTO, COM TECNOLOGIA CRFS (CIMENTO REFORÇAD, COMPRIMENTO: 4,60, ESPESSURA: 8, LARGURA: 1, MATERIAL: FIBROCIMENTO, TIPO: CALHETÃO 90;UN;200,0000;59,9900;11998,0000;0,0000;31/12/2026
HOSPITAL ESTADUAL TELECILA FREITAS FONTES /RN;932126;1132;Material;932126-6/2026;Máquinas, equipamentos, ferramentas e assessórios para manutenção;Catálogo do Compras.gov.br;Material;4030;ACESSÓRIOS PARA CORDAS, CABOS E CORRENTES;12648;TERMINAL CABO;329749;APLICAÇÃO: INSTALAÇÕES ELÉTRICAS, BITOLA: 10, COR: BEGE, MATERIAL: COBRE ESTANHADO, NORMAS TÉCNICAS: IEC 800 V, TENSÃO ISOLAMENTO: 660, TIPO: PRESSÃO, TIPO USO: CABO FLEXÍVEL/RÍGIDO;UN;50,0000;2,0000;100,0000;0,0000;31/12/2026
HOSPITAL ESTADUAL TELECILA FREITAS FONTES /RN;932126;1133;Material;932126-6/2026;Máquinas, equipamentos, ferramentas e assessórios para manutenção;Catálogo do Compras.gov.br;Material;4030;ACESSÓRIOS PARA CORDAS, CABOS E CORRENTES;12648;TERMINAL CABO;482554;APLICAÇÃO: INSTALAÇÕES ELÉTRICAS, BITOLA: 16, CARACTERÍSTICAS ADICIONAIS: PARA CABO FLEXÍVEL, RÍGIDO, COR: CROMO, MATERIAL: COBRE BANHADO, TIPO: PRESSÃO;UN;50,0000;2,0000;100,0000;0,0000;31/12/2026
HOSPITAL ESTADUAL TELECILA FREITAS FONTES /RN;932126;1134;Material;932126-6/2026;Máquinas, equipamentos, ferramentas e assessórios para manutenção;Catálogo do Compras.gov.br;Material;4030;ACESSÓRIOS PARA CORDAS, CABOS E CORRENTES;12648;TERMINAL CABO;274883;BITOLA: 2,5, CARACTERÍSTICAS ADICIONAIS: PRÉ-ISOLADO, COR: AZUL, MATERIAL: COBRE ESTANHADO, TIPO: PINO CURTO;UN;200,0000;0,3700;74,0000;0,0000;31/12/2026
HOSPITAL ESTADUAL TELECILA FREITAS FONTES /RN;932126;1135;Material;932126-6/2026;Máquinas, equipamentos, ferramentas e assessórios para manutenção;Catálogo do Compras.gov.br;Material;4030;ACESSÓRIOS PARA CORDAS, CABOS E CORRENTES;12648;TERMINAL CABO;269153;BITOLA: 4, COR: AZUL, MATERIAL: COBRE, TIPO: PRÉ-ISOLADO TIPO GARFO;UN;100,0000;0,4500;45,0000;0,0000;31/12/2026
HOSPITAL ESTADUAL TELECILA FREITAS FONTES /RN;932126;1136;Material;932126-6/2026;Máquinas, equipamentos, ferramentas e assessórios para manutenção;Catálogo do Compras.gov.br;Material;4030;ACESSÓRIOS PARA CORDAS, CABOS E CORRENTES;12648;TERMINAL CABO;269151;BITOLA: 6, COR: AZUL, MATERIAL: COBRE, TIPO: PRÉ-ISOLADO TIPO GARFO;UN;50,0000;0,4500;22,5000;0,0000;31/12/2026
HOSPITAL ESTADUAL TELECILA FREITAS FONTES /RN;932126;1137;Material;932126-6/2026;Máquinas, equipamentos, ferramentas e assessórios para manutenção;Catálogo do Compras.gov.br;Material;3750;IMPLEMENTOS E FERRAMENTAS DE JARDINAGEM;1374;TESOURA PODA;247784;APLICAÇÃO: JARDINAGEM, COMPRIMENTO CABO: 21,50, MATERIAL CABO: MADEIRA, MATERIAL LÂMINA: AÇO SAE 1.060, PESO: 730, TIPO USO: PARA CERCA VIVA;UN;5,0000;38,8200;194,1000;0,0000;31/12/2026
HOSPITAL ESTADUAL TELECILA FREITAS FONTES /RN;932126;1138;Material;932126-6/2026;Máquinas, equipamentos, ferramentas e assessórios para manutenção;Catálogo do Compras.gov.br;Material;6625;INSTRUMENTO DE TESTE E DE MEDIÇÃO DE PROPRIEDADES ELÉTRICAS E ELETRÔNICAS;4897;CHAVE DE TESTE ELÉTRICO;311978;CARACTERÍSTICAS ADICIONAIS: ELETRÔNICA COM HASTE ISOLADA, COMPRIMENTO: 150, MATERIAL CABO: POLIPROPILENO, MATERIAL HASTE: AÇO CARBONO TEMPERADO, TIPO PONTA: CHATA;UN;5,0000;6,4500;32,2500;0,0000;31/12/2026
HOSPITAL ESTADUAL TELECILA FREITAS FONTES /RN;932126;1139;Material;932126-6/2026;Máquinas, equipamentos, ferramentas e assessórios para manutenção;Catálogo do Compras.gov.br;Material;5620;VIDROS, TELHAS, TIJOLOS E BLOCOS PARA CONSTRUÇÃO;811;TIJOLO;382067;APLICAÇÃO: CONSTRUÇÃO CIVIL, COMPRIMENTO: 19, ESPESSURA: 9, LARGURA: 19, MATERIAL: BARRO COZIDO, QUANTIDADE FUROS: 8, TIPO: FURADO;UN;8000,0000;1,3600;10880,0000;0,0000;31/12/2026
HOSPITAL ESTADUAL TELECILA FREITAS FONTES /RN;932126;1140;Material;932126-6/2026;Máquinas, equipamentos, ferramentas e assessórios para manutenção;Catálogo do Compras.gov.br;Material;8010;TINTAS, VERNIZES E PRODUTOS CORRELATOS;1501;TINTA ACRÍLICA;626247;CARACTERÍSTICAS ADICIONAIS: PINTURA E DEMARCAÇÃO DE PISOS CIMENTÍCIOS, COMPONENTES: RESINA A BASE DE DISPERSÃO AQUOSA DE COPOLÍMERO,, COR: VARIADA;BD;5,0000;194,7400;973,7000;0,0000;31/12/2026
HOSPITAL ESTADUAL TELECILA FREITAS FONTES /RN;932126;1141;Material;932126-6/2026;Máquinas, equipamentos, ferramentas e assessórios para manutenção;Catálogo do Compras.gov.br;Material;8010;TINTAS, VERNIZES E PRODUTOS CORRELATOS;1501;TINTA ACRÍLICA;620908;ASPECTO FÍSICO: PASTOSO, CARACTERÍSTICAS ADICIONAIS: A PROVA D AGUA, COMPONENTES: 100 % RESINA ACRILICA, COR: VARIADA;BD;2,0000;324,8000;649,6000;0,0000;31/12/2026
HOSPITAL ESTADUAL TELECILA FREITAS FONTES /RN;932126;1142;Material;932126-6/2026;Máquinas, equipamentos, ferramentas e assessórios para manutenção;Catálogo do Compras.gov.br;Material;8010;TINTAS, VERNIZES E PRODUTOS CORRELATOS;12746;TINTA ESMALTE;625958;APLICAÇÃO: INTERNA E EXTERNA, ASPECTO FÍSICO: LÍQUIDO E VISCOSO, COR: VARIADA, NORMAS TÉCNICAS: ABNT NBR 11.702, RENDIMENTO: 75M² POR GALÃO DE 3,6L POR DEMÃO, TIPO ACABAMENTO: BRILHANTE;GL;20,0000;120,0000;2400,0000;0,0000;31/12/2026
HOSPITAL ESTADUAL TELECILA FREITAS FONTES /RN;932126;1143;Material;932126-6/2026;Máquinas, equipamentos, ferramentas e assessórios para manutenção;Catálogo do Compras.gov.br;Material;8010;TINTAS, VERNIZES E PRODUTOS CORRELATOS;12746;TINTA ESMALTE;624857;APLICAÇÃO: INTERNA E EXTERNA, ASPECTO FÍSICO: LÍQUIDO E VISCOSO, COR: BURLAP, MATERIAL: ESMALTE SINTÉTICO/POLIESMALTE A BASE D'ÁGUA, RENDIMENTO: 40 A 50 M2/GL/DEMÃO, TIPO ACABAMENTO: ACETINADO;GL;20,0000;140,9100;2818,2000;0,0000;31/12/2026
HOSPITAL ESTADUAL TELECILA FREITAS FONTES /RN;932126;1144;Material;932126-6/2026;Máquinas, equipamentos, ferramentas e assessórios para manutenção;Catálogo do Compras.gov.br;Material;8010;TINTAS, VERNIZES E PRODUTOS CORRELATOS;12749;TINTA INDUSTRIAL;340776;APRESENTAÇÃO: BASE DE POLIURETANO, COR: BRANCO NEVE;LT;10,0000;299,9000;2999,0000;0,0000;31/12/2026
HOSPITAL ESTADUAL TELECILA FREITAS FONTES /RN;932126;1145;Material;932126-6/2026;Máquinas, equipamentos, ferramentas e assessórios para manutenção;Catálogo do Compras.gov.br;Material;8010;TINTAS, VERNIZES E PRODUTOS CORRELATOS;12735;TINTA ARTÍSTICA;326440;APLICAÇÃO: METAL, APRESENTAÇÃO: SPRAY, CARACTERÍSTICAS ADICIONAIS: ACETONA COM PIGMENTOS METÁLICOS, JATO DIRETO, COMPOSIÇÃO: A BASE DE RESINA ACRÍLICA, COR: BRANCA, TIPO: SECAGEM RÁPIDA;FR;50,0000;14,4800;724,0000;0,0000;31/12/2026
HOSPITAL ESTADUAL TELECILA FREITAS FONTES /RN;932126;1146;Material;932126-6/2026;Máquinas, equipamentos, ferramentas e assessórios para manutenção;Catálogo do Compras.gov.br;Material;8010;TINTAS, VERNIZES E PRODUTOS CORRELATOS;12735;TINTA ARTÍSTICA;326450;APLICAÇÃO: METAL, APRESENTAÇÃO: SPRAY, CARACTERÍSTICAS ADICIONAIS: ACETONA COM PIGMENTOS METÁLICOS, JATO DIRETO, COMPOSIÇÃO: A BASE DE RESINA ACRÍLICA, COR: CINZA, TIPO: SECAGEM RÁPIDA;FR;20,0000;14,4800;289,6000;0,0000;31/12/2026
HOSPITAL ESTADUAL TELECILA FREITAS FONTES /RN;932126;1147;Material;932126-6/2026;Máquinas, equipamentos, ferramentas e assessórios para manutenção;Catálogo do Compras.gov.br;Material;8010;TINTAS, VERNIZES E PRODUTOS CORRELATOS;12735;TINTA ARTÍSTICA;326470;APLICAÇÃO: METAL, APRESENTAÇÃO: SPRAY, CARACTERÍSTICAS ADICIONAIS: ACETONA, PIGMENTOS ORGÂNICO, INORGÂNICO, ADITIVOS, COMPOSIÇÃO: BASE RESINA ALQUÍDICA, COR: PRETA, TIPO: SECAGEM RÁPIDA;FR;50,0000;14,4800;724,0000;0,0000;31/12/2026
HOSPITAL ESTADUAL TELECILA FREITAS FONTES /RN;932126;1148;Material;932126-6/2026;Máquinas, equipamentos, ferramentas e assessórios para manutenção;Catálogo do Compras.gov.br;Material;5935;CONECTORES ELÉTRICOS;484;TOMADA;457066;APLICAÇÃO: REDE ELÉTRICA, CARACTERÍSTICAS ADICIONAIS: SEM ESPELHO, COR CORPO: BRANCA, CORRENTE NOMINAL: 10, FORMATO CONTATO: 2P + T, MODELO: PADRÃO BRASILEIRO, NORMAS TÉCNICAS: NBR 14136, TENSÃO NOMINAL: 250, TIPO FIXAÇÃO: ENCAIXE;UN;50,0000;8,4600;423,0000;0,0000;31/12/2026
HOSPITAL ESTADUAL TELECILA FREITAS FONTES /RN;932126;1149;Material;932126-6/2026;Máquinas, equipamentos, ferramentas e assessórios para manutenção;Catálogo do Compras.gov.br;Material;5935;CONECTORES ELÉTRICOS;484;TOMADA;622452;CORRENTE NOMINAL: 10, MODELO: DUPLA (2P+T) 10A, TENSÃO NOMINAL: 250, TIPO: PLACA 4X2";UN;50,0000;11,7100;585,5000;0,0000;31/12/2026
HOSPITAL ESTADUAL TELECILA FREITAS FONTES /RN;932126;1150;Material;932126-6/2026;Máquinas, equipamentos, ferramentas e assessórios para manutenção;Catálogo do Compras.gov.br;Material;5935;CONECTORES ELÉTRICOS;484;TOMADA;460971;APLICAÇÃO: INSTALAÇÃO ELÉTRICA, CARACTERÍSTICAS ADICIONAIS: SISTEMA X, 2 PINOS + TERRA, COR CORPO: BRANCA, CORRENTE NOMINAL: 10, MATERIAL: TERMOPLÁSTICO, MODELO: SIMPLES, NORMAS TÉCNICAS: NBR 14136, TENSÃO NOMINAL: 250, TIPO: EXTERNA;UN;30,0000;21,7900;653,7000;0,0000;31/12/2026
HOSPITAL ESTADUAL TELECILA FREITAS FONTES /RN;932126;1151;Material;932126-6/2026;Máquinas, equipamentos, ferramentas e assessórios para manutenção;Catálogo do Compras.gov.br;Material;5935;CONECTORES ELÉTRICOS;484;TOMADA;460970;APLICAÇÃO: INSTALAÇÃO ELÉTRICA, CARACTERÍSTICAS ADICIONAIS: SISTEMA X, 2 PINOS + TERRA, COR CORPO: BRANCA, CORRENTE NOMINAL: 20, MATERIAL: TERMOPLÁSTICO, MODELO: SIMPLES, NORMAS TÉCNICAS: NBR 14136, TENSÃO NOMINAL: 250, TIPO: EXTERNA;UN;20,0000;12,9000;258,0000;0,0000;31/12/2026
HOSPITAL ESTADUAL TELECILA FREITAS FONTES /RN;932126;1152;Material;932126-6/2026;Máquinas, equipamentos, ferramentas e assessórios para manutenção;Catálogo do Compras.gov.br;Material;5935;CONECTORES ELÉTRICOS;484;TOMADA;473418;APLICAÇÃO: REDE ELÉTRICA, CARACTERÍSTICAS ADICIONAIS: SEM ESPELHO  DE POLOS 2P +T, COR CORPO: PRETA, CORRENTE NOMINAL: 10, FORMATO CONTATO: REDONDO, MATERIAL: PVC, MODELO: TRIPLA, TENSÃO NOMINAL: 250, TIPO: INTERNA;UN;30,0000;5,4700;164,1000;0,0000;31/12/2026
HOSPITAL ESTADUAL TELECILA FREITAS FONTES /RN;932126;1153;Material;932126-6/2026;Máquinas, equipamentos, ferramentas e assessórios para manutenção;Catálogo do Compras.gov.br;Material;4510;DISPOSITIVOS E ACESSÓRIOS PARA INSTALAÇÕES HIDRÁULICAS;12820;TORNEIRA;349662;APLICAÇÃO: USO GERAL, CARACTERISTICAS ADICIONAIS: LONGA COM ADAPTADOR PARA MANGUEIRA, 1/4 VOLTA, DIÂMETRO: 1/2, MATERIAL CORPO: METAL, TIPO: ESFERA;UN;50,0000;25,8900;1294,5000;0,0000;31/12/2026
HOSPITAL ESTADUAL TELECILA FREITAS FONTES /RN;932126;1154;Material;932126-6/2026;Máquinas, equipamentos, ferramentas e assessórios para manutenção;Catálogo do Compras.gov.br;Material;4510;DISPOSITIVOS E ACESSÓRIOS PARA INSTALAÇÕES HIDRÁULICAS;12820;TORNEIRA;429870;ACABAMENTO SUPERFICIAL: CROMADO, APLICAÇÃO: LAVATÓRIO E PIA, CARACTERISTICAS ADICIONAIS: ACIONAMENTO HIDROMECÂNICO COM LEVE PRESSÃO MANUAL, DIÂMETRO: 1/2, MATERIAL CORPO: METAL, TIPO: AUTOMÁTICA;UN;50,0000;151,5400;7577,0000;0,0000;31/12/2026
HOSPITAL ESTADUAL TELECILA FREITAS FONTES /RN;932126;1155;Material;932126-6/2026;Máquinas, equipamentos, ferramentas e assessórios para manutenção;Catálogo do Compras.gov.br;Material;4510;DISPOSITIVOS E ACESSÓRIOS PARA INSTALAÇÕES HIDRÁULICAS;12820;TORNEIRA;240666;DIÂMETRO: 1/2, MATERIAL CORPO: PVC, TIPO: BÓIA CAIXA-D'ÁGUA;UN;10,0000;14,3100;143,1000;0,0000;31/12/2026
HOSPITAL ESTADUAL TELECILA FREITAS FONTES /RN;932126;1156;Material;932126-6/2026;Máquinas, equipamentos, ferramentas e assessórios para manutenção;Catálogo do Compras.gov.br;Material;4510;DISPOSITIVOS E ACESSÓRIOS PARA INSTALAÇÕES HIDRÁULICAS;12820;TORNEIRA;394824;ACABAMENTO SUPERFICIAL: CROMADO, APLICAÇÃO: INSTALAÇÃO HIDRÁULICA, CARACTERISTICAS ADICIONAIS: COM SISTEMA MISTURADOR E BICO AREJADOR, DIÂMETRO: 1/2, MATERIAL CORPO: AÇO INOXIDÁVEL, TIPO: BICA MÓVEL;UN;10,0000;78,9900;789,9000;0,0000;31/12/2026
HOSPITAL ESTADUAL TELECILA FREITAS FONTES /RN;932126;1157;Material;932126-6/2026;Máquinas, equipamentos, ferramentas e assessórios para manutenção;Catálogo do Compras.gov.br;Material;4510;DISPOSITIVOS E ACESSÓRIOS PARA INSTALAÇÕES HIDRÁULICAS;12820;TORNEIRA;434674;ACABAMENTO SUPERFICIAL: CROMADO, APLICAÇÃO: COZINHA, CARACTERISTICAS ADICIONAIS: COM BICA MÓVEL LONGA E BICO AREJADOR, COR: PRATEADA, DIÂMETRO: 1 1/2, MATERIAL CORPO: METAL, TIPO: FILTRO;UN;10,0000;52,1900;521,9000;0,0000;31/12/2026
HOSPITAL ESTADUAL TELECILA FREITAS FONTES /RN;932126;1158;Material;932126-6/2026;Máquinas, equipamentos, ferramentas e assessórios para manutenção;Catálogo do Compras.gov.br;Material;4510;DISPOSITIVOS E ACESSÓRIOS PARA INSTALAÇÕES HIDRÁULICAS;12820;TORNEIRA;452783;CARACTERISTICAS ADICIONAIS: COM 22CM DE COMPRIMENTO, DIÂMETRO: 1/2, MATERIAL CORPO: AÇO INOXIDÁVEL, TIPO: DE PAREDE;UN;10,0000;46,4600;464,6000;0,0000;31/12/2026
HOSPITAL ESTADUAL TELECILA FREITAS FONTES /RN;932126;1159;Material;932126-6/2026;Máquinas, equipamentos, ferramentas e assessórios para manutenção;Catálogo do Compras.gov.br;Material;5210;INSTRUMENTOS DE MEDIÇÃO PARA ARTÍFICES;16203;TRENA ELETRÔNICA;614571;ALCANCE: 100, CARACTERISTICAS ADICIONAIS: ARMAZENAMENTO 20 RESULTADOS, 3 PILHAS AAA INCLUSAS, MÉTODO DE MEDIÇÃO: A LASER, TIPO: DIGITAL, TIPO VISOR: CRISTAL LÍQUIDO COM ILUMINAÇÃO;UN;2,0000;119,9900;239,9800;0,0000;31/12/2026
HOSPITAL ESTADUAL TELECILA FREITAS FONTES /RN;932126;1160;Material;932126-6/2026;Máquinas, equipamentos, ferramentas e assessórios para manutenção;Catálogo do Compras.gov.br;Material;5210;INSTRUMENTOS DE MEDIÇÃO PARA ARTÍFICES;968;TRENA;393217;COMPRIMENTO: 10, LARGURA LÂMINA: 25, MATERIAL: AÇO, REVESTIMENTO: BORRACHA;UN;5,0000;27,9000;139,5000;0,0000;31/12/2026
HOSPITAL ESTADUAL TELECILA FREITAS FONTES /RN;932126;1161;Material;932126-6/2026;Máquinas, equipamentos, ferramentas e assessórios para manutenção;Catálogo do Compras.gov.br;Material;8020;PINCEL PARA ARTISTAS E PINTORES;1573;TRINCHA;466611;CARACTERÍSTICAS ADICIONAIS: BASE CERDAS EM METAL, MATERIAL CABO: PLÁSTICO, MATERIAL CERDAS: PÊLO CRINA DE CAVALO, TAMANHO: 2, TIPO CABO: CURTO;UN;5,0000;4,5000;22,5000;0,0000;31/12/2026
HOSPITAL ESTADUAL TELECILA FREITAS FONTES /RN;932126;1162;Material;932126-6/2026;Máquinas, equipamentos, ferramentas e assessórios para manutenção;Catálogo do Compras.gov.br;Material;8020;PINCEL PARA ARTISTAS E PINTORES;1573;TRINCHA;441521;MATERIAL CABO: MADEIRA, MATERIAL CERDAS: PELO ORELHA DE BOI, TAMANHO: 4, TIPO CABO: CURTO;UN;5,0000;19,5000;97,5000;0,0000;31/12/2026
HOSPITAL ESTADUAL TELECILA FREITAS FONTES /RN;932126;1163;Material;932126-6/2026;Máquinas, equipamentos, ferramentas e assessórios para manutenção;Catálogo do Compras.gov.br;Material;8020;PINCEL PARA ARTISTAS E PINTORES;1573;TRINCHA;247080;MATERIAL CABO: MADEIRA, MATERIAL CERDAS: PELO ORELHA DE BOI, TAMANHO: 3/4, TIPO CABO: CURTO;UN;10,0000;3,6000;36,0000;0,0000;31/12/2026
HOSPITAL ESTADUAL TELECILA FREITAS FONTES /RN;932126;1164;Material;932126-6/2026;Máquinas, equipamentos, ferramentas e assessórios para manutenção;Catálogo do Compras.gov.br;Material;4710;CANOS E TUBOS;13115;TUBO HIDRÁULICO;323203;APLICAÇÃO: ESGOTO, COR: BRANCA, DIÂMETRO: 150, MATERIAL: PVC RÍGIDO, NORMAS TÉCNICAS: ABNT EB-608, TIPO: PONTA E BOLSA COM VIROLA;TBO;10,0000;189,0500;1890,5000;0,0000;31/12/2026
HOSPITAL ESTADUAL TELECILA FREITAS FONTES /RN;932126;1165;Material;932126-6/2026;Máquinas, equipamentos, ferramentas e assessórios para manutenção;Catálogo do Compras.gov.br;Material;4710;CANOS E TUBOS;13115;TUBO HIDRÁULICO;265266;APLICAÇÃO: ESGOTO, DIÂMETRO: 40, MATERIAL: PVC RÍGIDO, TIPO: CLASSE A;TBO;10,0000;37,1600;371,6000;0,0000;31/12/2026
HOSPITAL ESTADUAL TELECILA FREITAS FONTES /RN;932126;1166;Material;932126-6/2026;Máquinas, equipamentos, ferramentas e assessórios para manutenção;Catálogo do Compras.gov.br;Material;4710;CANOS E TUBOS;13115;TUBO HIDRÁULICO;333570;APLICAÇÃO: TUBULAÇÃO DE ÁGUA, DIÂMETRO: 25, MATERIAL: PVC RÍGIDO;TBO;15,0000;33,9000;508,5000;0,0000;31/12/2026
HOSPITAL ESTADUAL TELECILA FREITAS FONTES /RN;932126;1167;Material;932126-6/2026;Máquinas, equipamentos, ferramentas e assessórios para manutenção;Catálogo do Compras.gov.br;Material;4710;CANOS E TUBOS;13115;TUBO HIDRÁULICO;333574;APLICAÇÃO: TUBULAÇÃO DE ÁGUA, DIÂMETRO: 32, MATERIAL: PVC RÍGIDO;TBO;15,0000;23,8900;358,3500;0,0000;31/12/2026
HOSPITAL ESTADUAL TELECILA FREITAS FONTES /RN;932126;1168;Material;932126-6/2026;Máquinas, equipamentos, ferramentas e assessórios para manutenção;Catálogo do Compras.gov.br;Material;4710;CANOS E TUBOS;13115;TUBO HIDRÁULICO;333572;APLICAÇÃO: TUBULAÇÃO DE ÁGUA, DIÂMETRO: 40, MATERIAL: PVC RÍGIDO;TBO;10,0000;66,2700;662,7000;0,0000;31/12/2026
HOSPITAL ESTADUAL TELECILA FREITAS FONTES /RN;932126;1169;Material;932126-6/2026;Máquinas, equipamentos, ferramentas e assessórios para manutenção;Catálogo do Compras.gov.br;Material;4730;ACESSÓRIOS E FERRAGENS ESPECIAIS PARA  MANGUEIRAS, CANOS  E TUBOS;13546;CONEXÃO HIDRÁULICA;462556;APLICAÇÃO: INSTALAÇÃO HIDRÁULICA, BITOLA: 20, MATERIAL: PVC - CLORETO DE POLIVINILA, TIPO FIXAÇÃO: SOLDÁVEL, TIPO I: LUVA UNIÃO;UN;10,0000;7,0200;70,2000;0,0000;31/12/2026
HOSPITAL ESTADUAL TELECILA FREITAS FONTES /RN;932126;1170;Material;932126-6/2026;Máquinas, equipamentos, ferramentas e assessórios para manutenção;Catálogo do Compras.gov.br;Material;4730;ACESSÓRIOS E FERRAGENS ESPECIAIS PARA  MANGUEIRAS, CANOS  E TUBOS;13546;CONEXÃO HIDRÁULICA;462558;APLICAÇÃO: INSTALAÇÃO HIDRÁULICA, BITOLA: 25, MATERIAL: PVC - CLORETO DE POLIVINILA, TIPO FIXAÇÃO: SOLDÁVEL, TIPO I: LUVA UNIÃO;UN;10,0000;11,2500;112,5000;0,0000;31/12/2026
HOSPITAL ESTADUAL TELECILA FREITAS FONTES /RN;932126;1171;Material;932126-6/2026;Máquinas, equipamentos, ferramentas e assessórios para manutenção;Catálogo do Compras.gov.br;Material;4730;ACESSÓRIOS E FERRAGENS ESPECIAIS PARA  MANGUEIRAS, CANOS  E TUBOS;13546;CONEXÃO HIDRÁULICA;462553;APLICAÇÃO: INSTALAÇÃO HIDRÁULICA, BITOLA: 32, MATERIAL: PVC - CLORETO DE POLIVINILA, TIPO FIXAÇÃO: ROSCÁVEL, TIPO I: LUVA UNIÃO;UN;5,0000;20,6100;103,0500;0,0000;31/12/2026
HOSPITAL ESTADUAL TELECILA FREITAS FONTES /RN;932126;1172;Material;932126-6/2026;Máquinas, equipamentos, ferramentas e assessórios para manutenção;Catálogo do Compras.gov.br;Material;4820;VÁLVULAS NÃO ACIONADAS POR FORÇA MOTRIZ;14030;VÁLVULA DE ESFERA;270179;APLICAÇÃO: SISTEMA AUTOMAÇÃO PNEUMÁTICA, BITOLA VÁLVULA: 1, MATERIAL ANEL VEDAÇÃO VÁLVULA: VITON, MATERIAL CORPO ATUADOR: POLICARBONATO, MATERIAL CORPO VÁLVULA: POLIPROPILENO ALTO IMPACTO, MATERIAL SEDE VÁLVULA: TEFLON, NORMA TÉCNICA: ISO 5211, PRESSÃO ADMITIDA ATUADOR: 10, TIPO ACIONAMENTO: PNEUMÁTICO, TIPO ATUADOR: DUPLA AÇÃO;UN;10,0000;62,0000;620,0000;0,0000;31/12/2026
HOSPITAL ESTADUAL TELECILA FREITAS FONTES /RN;932126;1173;Material;932126-6/2026;Máquinas, equipamentos, ferramentas e assessórios para manutenção;Catálogo do Compras.gov.br;Material;4510;DISPOSITIVOS E ACESSÓRIOS PARA INSTALAÇÕES HIDRÁULICAS;14144;VÁLVULA ESCOAMENTO;482837;ALTURA ROSCA: 3, APLICAÇÃO: LAVATÓRIO, CARACTERÍSTICAS ADICIONAIS: SEM LADRÃO, LONGO, COMPONENTES: ANEL DE VEDAÇÃO DE BORRACHA, COR: BRANCA, DIÂMETRO: 1 1/4, MATERIAL: PVC;UN;10,0000;6,5300;65,3000;0,0000;31/12/2026
HOSPITAL ESTADUAL TELECILA FREITAS FONTES /RN;932126;1174;Material;932126-6/2026;Máquinas, equipamentos, ferramentas e assessórios para manutenção;Catálogo do Compras.gov.br;Material;4510;DISPOSITIVOS E ACESSÓRIOS PARA INSTALAÇÕES HIDRÁULICAS;14144;VÁLVULA ESCOAMENTO;389857;CARACTERÍSTICAS ADICIONAIS: TIPO AMERICANA, DIÂMETRO: 3 1/2, MATERIAL: AÇO INOXIDÁVEL;UN;5,0000;21,0700;105,3500;0,0000;31/12/2026
HOSPITAL ESTADUAL TELECILA FREITAS FONTES /RN;932126;1175;Material;932126-6/2026;Máquinas, equipamentos, ferramentas e assessórios para manutenção;Catálogo do Compras.gov.br;Material;4510;DISPOSITIVOS E ACESSÓRIOS PARA INSTALAÇÕES HIDRÁULICAS;14144;VÁLVULA ESCOAMENTO;319963;APLICAÇÃO: LAVATÓRIO, CARACTERÍSTICAS ADICIONAIS: TAMPÃO, ANEL VEDAÇÃO BORRACHA, FLANGE FIXAÇÃO PVC, COMPONENTES: COM LADRÃO PARA LAVATÓRIO, COR: BRANCA, DIÂMETRO: 1, MATERIAL: PVC;UN;80,0000;7,4700;597,6000;0,0000;31/12/2026
HOSPITAL ESTADUAL TELECILA FREITAS FONTES /RN;932126;1176;Material;932126-6/2026;Máquinas, equipamentos, ferramentas e assessórios para manutenção;Catálogo do Compras.gov.br;Material;4510;DISPOSITIVOS E ACESSÓRIOS PARA INSTALAÇÕES HIDRÁULICAS;13322;VASO SANITÁRIO;274654;COR: BRANCA, MATERIAL: LOUÇA, TIPO: CONVENCIONAL;UN;80,0000;160,5500;12844,0000;0,0000;31/12/2026
HOSPITAL ESTADUAL TELECILA FREITAS FONTES /RN;932126;1177;Material;932126-6/2026;Máquinas, equipamentos, ferramentas e assessórios para manutenção;Catálogo do Compras.gov.br;Material;8040;ADESIVOS;17252;ADESIVO VEDA-CALHA;266502;APLICAÇÃO: CALHAS, TELHAS, RUFOS, PINGADEIRA, ASPECTO FÍSICO: PASTOSO, VALIDADE: 12;BIS;30,0000;19,8900;596,7000;0,0000;31/12/2026
HOSPITAL ESTADUAL TELECILA FREITAS FONTES /RN;932126;1178;Material;932126-5/2026;Gêneros alimentícios;Catálogo do Compras.gov.br;Material;8940;ALIMENTOS ESPECIAIS DIETÉTICOS E PREPARADOS ALIMENTÍCIOS;17301;DIETA ENTERAL;484105;APRESENTAÇÃO: EM SACHÊ, ASPECTO FÍSICO: PÓ, CARACTERÍSTICAS ADICIONAIS: ISENTO DE GLÚTEN, COMPONENTES ADICIONAIS: PROBIÓTICOS, USO: ENTERAL OU ORAL;G;25,0000;10,0000;250,0000;0,0000;31/12/2026
HOSPITAL ESTADUAL TELECILA FREITAS FONTES /RN;932126;1179;Material;932126-5/2026;Gêneros alimentícios;Catálogo do Compras.gov.br;Material;8940;ALIMENTOS ESPECIAIS DIETÉTICOS E PREPARADOS ALIMENTÍCIOS;17301;DIETA ENTERAL;455670;ASPECTO FÍSICO: LÍQUIDO, CARACTERÍSTICAS: NORMOCALÓRICA,HIPERPROTEICA, CARACTERÍSTICAS ADICIONAIS: ISENTO GLÚTEN,LACT.,SACAROSE, COMPONENTES ADICIONAIS: VITAMINAS E MINERAIS, FONTE DE CARBOIDRATO: MALTODEXTRINA, FONTE DE LIPÍDIOS: ÓLEOS VEGETAIS E/OU TCM, FONTE DE PROTEÍNA: CASEINATO E/OU PTN SOJA E/OU SORO LEITE, SABOR: C/SABOR, USO: ENTERAL OU ORAL;KCAL/L;10,0000;60,0000;600,0000;0,0000;31/12/2026
HOSPITAL ESTADUAL TELECILA FREITAS FONTES /RN;932126;1180;Material;932126-5/2026;Gêneros alimentícios;Catálogo do Compras.gov.br;Material;8940;ALIMENTOS ESPECIAIS DIETÉTICOS E PREPARADOS ALIMENTÍCIOS;17301;DIETA ENTERAL;438837;ASPECTO FÍSICO: LÍQUIDO, CARACTERÍSTICAS: NORMOCALÓRICA,NORMOPROTEÍCA, CARACTERÍSTICAS ADICIONAIS: ISENTO GLÚTEN,LACT.,SACAROSE, COMPONENTES ADICIONAIS: VIT.,MIN. E FIBRAS, FONTE DE CARBOIDRATO: MALTODEXTRINA, FONTE DE LIPÍDIOS: ÓLEOS VEGETAIS E/OU TCM, FONTE DE PROTEÍNA: CASEINATO E/OU PTN ISOLADA SOJA, SABOR: C/ OU S/ SABOR, USO: ENTERAL OU ORAL;KCAL/L;10,0000;40,0000;400,0000;0,0000;31/12/2026
HOSPITAL ESTADUAL TELECILA FREITAS FONTES /RN;932126;1181;Material;932126-5/2026;Gêneros alimentícios;Catálogo do Compras.gov.br;Material;8940;ALIMENTOS ESPECIAIS DIETÉTICOS E PREPARADOS ALIMENTÍCIOS;17301;DIETA ENTERAL;469052;APLICAÇÃO: SISTEMA FECHADO, ASPECTO FÍSICO: LÍQUIDO, CARACTERÍSTICAS: HIPERCALÓRICA,NORMOPROTEICA, CARACTERÍSTICAS ADICIONAIS: ISENTO DE GLÚTEN, COMPONENTES ADICIONAIS: VITAMINAS E MINERAIS, FONTE DE CARBOIDRATO: AMIDO E/OU MALTODEXTRINA, FONTE DE LIPÍDIOS: ÓLEOS VEG.E/OU TCM E/OU LEC.SOJA, FONTE DE PROTEÍNA: SORO LEITE HIDROLISADA, SABOR: C/ OU S/ SABOR, USO: ENTERAL;KCAL/L;10,0000;80,0000;800,0000;0,0000;31/12/2026
HOSPITAL ESTADUAL TELECILA FREITAS FONTES /RN;932126;1182;Material;932126-5/2026;Gêneros alimentícios;Catálogo do Compras.gov.br;Material;8940;ALIMENTOS ESPECIAIS DIETÉTICOS E PREPARADOS ALIMENTÍCIOS;17301;DIETA ENTERAL;456302;ASPECTO FÍSICO: LÍQUIDO, CARACTERÍSTICAS: HIPERCALÓRICA,HIPERPROTEICA, CARACTERÍSTICAS ADICIONAIS: ISENTO DE GLÚTEN, COMPONENTES ADICIONAIS: AA'S,VIT.,MINERAIS,FIBRAS, FONTE DE CARBOIDRATO: MALTODEXTRINA E/OU AMIDO E/OU XAROPE DE GLICOSE, FONTE DE LIPÍDIOS: ÓLEOS VEGETAIS E/OU LEC.SOJA, FONTE DE PROTEÍNA: CASEINATO E/OU PTN SOJA E/OU SORO LEITE, SABOR: C/SABOR, USO: ENTERAL OU ORAL;KCAL/L;10,0000;50,0000;500,0000;0,0000;31/12/2026
HOSPITAL ESTADUAL TELECILA FREITAS FONTES /RN;932126;1183;Material;932126-5/2026;Gêneros alimentícios;Catálogo do Compras.gov.br;Material;8940;ALIMENTOS ESPECIAIS DIETÉTICOS E PREPARADOS ALIMENTÍCIOS;17301;DIETA ENTERAL;439027;ASPECTO FÍSICO: LÍQUIDO, CARACTERÍSTICAS: HIPERCALÓRICA,NORMOPROTEICA, CARACTERÍSTICAS ADICIONAIS: ISENTO GLÚTEN,LACTOSE E GORDURA, COMPONENTES ADICIONAIS: VITAMINAS E MINERAIS, FONTE DE CARBOIDRATO: MALTODEXTRINA E/OU SACAROSE, FONTE DE PROTEÍNA: PTN SORO LEITE, SABOR: C/SABOR, USO: ENTERAL OU ORAL;KCAL/L;10,0000;40,0000;400,0000;0,0000;31/12/2026
HOSPITAL ESTADUAL TELECILA FREITAS FONTES /RN;932126;1184;Material;932126-5/2026;Gêneros alimentícios;Catálogo do Compras.gov.br;Material;8940;ALIMENTOS ESPECIAIS DIETÉTICOS E PREPARADOS ALIMENTÍCIOS;17301;DIETA ENTERAL;473701;APLICAÇÃO: SISTEMA FECHADO, ASPECTO FÍSICO: LÍQUIDO, CARACTERÍSTICAS: NORMOCALÓRICA,NORMOPROTEÍCA, CARACTERÍSTICAS ADICIONAIS: ISENTO GLÚTEN E/OU LACTOSE E/OU SACAROSE, COMPONENTES ADICIONAIS: VIT.,MIN. E FIBRAS, FONTE DE CARBOIDRATO: MALTODEXTRINA E/OU FRUTOSE E/OU AMIDO, FONTE DE LIPÍDIOS: ÓLEOS VEG. E/OU DE PEIXE E/OU TCM E/OU LEC. SOJA, FONTE DE PROTEÍNA: CASEIN.E/OU PTN ISOL.SOJA E/OU SOJA E/OU SR LEITE, SABOR: S/ SABOR, USO: ENTERAL;KCAL/L;50,0000;18,0000;900,0000;0,0000;31/12/2026
HOSPITAL ESTADUAL TELECILA FREITAS FONTES /RN;932126;1185;Material;932126-5/2026;Gêneros alimentícios;Catálogo do Compras.gov.br;Material;8940;ALIMENTOS ESPECIAIS DIETÉTICOS E PREPARADOS ALIMENTÍCIOS;926;ADOÇANTE;236197;ASPECTO FÍSICO: LÍQUIDO, INGREDIENTES: ESTÉVIA, TIPO: DIETÉTICO;FR;370,0000;18,3100;6774,7000;0,0000;31/12/2026
HOSPITAL ESTADUAL TELECILA FREITAS FONTES /RN;932126;1186;Material;932126-5/2026;Gêneros alimentícios;Catálogo do Compras.gov.br;Material;8940;ALIMENTOS ESPECIAIS DIETÉTICOS E PREPARADOS ALIMENTÍCIOS;17301;DIETA ENTERAL;442647;ASPECTO FÍSICO: LÍQUIDO, CARACTERÍSTICAS: HIPERCALÓRICA,HIPERPROTEICA, CARACTERÍSTICAS ADICIONAIS: ISENTA LACTOSE E GLÚTEN, COMPONENTES ADICIONAIS: VITAMINAS E MINERAIS, FONTE DE CARBOIDRATO: MALTO.E/OU SACAROSE E/OU XAROPE GLICOSE, FONTE DE LIPÍDIOS: ÓLEOS VEGETAIS, FONTE DE PROTEÍNA: CASEINATO E/OU PTN SR. LEITE, SABOR: C/SABOR, USO: ENTERAL OU ORAL;KCAL/L;10,0000;60,0000;600,0000;0,0000;31/12/2026
HOSPITAL ESTADUAL TELECILA FREITAS FONTES /RN;932126;1187;Material;932126-5/2026;Gêneros alimentícios;Catálogo do Compras.gov.br;Material;8940;ALIMENTOS ESPECIAIS DIETÉTICOS E PREPARADOS ALIMENTÍCIOS;17301;DIETA ENTERAL;452337;ASPECTO FÍSICO: PÓ, CARACTERÍSTICAS: NORMOCALÓRICA,HIPERPROTEICA, CARACTERÍSTICAS ADICIONAIS: ISENTO DE GLÚTEN, COMPONENTES ADICIONAIS: VIT.,MIN. E FIBRAS, FONTE DE CARBOIDRATO: MALTODEXTRINA, FONTE DE LIPÍDIOS: LECITINA DE SOJA, COM OU SEM GORDURA LÁCTEA, FONTE DE PROTEÍNA: LEITE DESNAT., CASEINATO E PTN SORO LEITE., SABOR: C/ OU S/ SABOR, USO: ENTERAL OU ORAL;G;10,0000;50,0000;500,0000;0,0000;31/12/2026
HOSPITAL ESTADUAL TELECILA FREITAS FONTES /RN;932126;1188;Material;932126-5/2026;Gêneros alimentícios;Catálogo do Compras.gov.br;Material;8940;ALIMENTOS ESPECIAIS DIETÉTICOS E PREPARADOS ALIMENTÍCIOS;17301;DIETA ENTERAL;613729;ASPECTO FÍSICO: LÍQUIDO, CARACTERÍSTICAS: HIPERCALÓRICA,NORMOPROTEICA, CARACTERÍSTICAS ADICIONAIS: ISENTA LACTOSE E GLÚTEN, COMPONENTES ADICIONAIS: VITAMINAS E MINERAIS, FONTE DE CARBOIDRATO: MALTODEXTRINA, FONTE DE LIPÍDIOS: ÓLEOS VEGETAIS, FONTE DE PROTEÍNA: PTN ISOLADA SOJA, SABOR: C/SABOR, USO: ENTERAL E/OU ORAL;KCAL/L;25,0000;20,0000;500,0000;0,0000;31/12/2026
HOSPITAL ESTADUAL TELECILA FREITAS FONTES /RN;932126;1189;Material;932126-5/2026;Gêneros alimentícios;Catálogo do Compras.gov.br;Material;8940;ALIMENTOS ESPECIAIS DIETÉTICOS E PREPARADOS ALIMENTÍCIOS;17301;DIETA ENTERAL;440996;APRESENTAÇÃO: EM SACHÊ, ASPECTO FÍSICO: PÓ, CARACTERÍSTICAS ADICIONAIS: ISENTA LACTOSE E GLÚTEN, COMPONENTES ADICIONAIS: PREBIÓTICOS E PROBIÓTICOS, INDICAÇÃO: SIMBIÓTICO, SABOR: C/ OU S/ SABOR, USO: ENTERAL OU ORAL;G;10,0000;70,0000;700,0000;0,0000;31/12/2026
HOSPITAL ESTADUAL TELECILA FREITAS FONTES /RN;932126;1190;Material;932126-5/2026;Gêneros alimentícios;Catálogo do Compras.gov.br;Material;8940;ALIMENTOS ESPECIAIS DIETÉTICOS E PREPARADOS ALIMENTÍCIOS;17301;DIETA ENTERAL;613941;ASPECTO FÍSICO: LÍQUIDO, CARACTERÍSTICAS ADICIONAIS: ISENTO GLÚTEN E/OU LACTOSE, COMPONENTES ADICIONAIS: VITAMINAS E MINERAIS, FONTE DE CARBOIDRATO: MALTODEXTRINA E/OU XAROPE DE GLICOSE, FONTE DE PROTEÍNA: PROTEÍNA ISOL. SORO LEITE, SABOR: C/SABOR, USO: ORAL;KCAL/ML;50,0000;15,0000;750,0000;0,0000;31/12/2026
HOSPITAL ESTADUAL TELECILA FREITAS FONTES /RN;932126;1191;Material;932126-5/2026;Gêneros alimentícios;Catálogo do Compras.gov.br;Material;8940;ALIMENTOS ESPECIAIS DIETÉTICOS E PREPARADOS ALIMENTÍCIOS;926;ADOÇANTE;625668;ASPECTO FÍSICO: LÍQUIDO TRANSPARENTE, CARACTERÍSTICAS ADICIONAIS: BICO DOSADOR, INGREDIENTES: SUCRALOSE, PRAZO VALIDADE: 2, TIPO: DIETÉTICO;FR;240,0000;6,1900;1485,6000;0,0000;31/12/2026
HOSPITAL ESTADUAL TELECILA FREITAS FONTES /RN;932126;1192;Material;932126-5/2026;Gêneros alimentícios;Catálogo do Compras.gov.br;Material;8940;ALIMENTOS ESPECIAIS DIETÉTICOS E PREPARADOS ALIMENTÍCIOS;17301;DIETA ENTERAL;603463;ASPECTO FÍSICO: LÍQUIDO, CARACTERÍSTICAS: NORMOCALÓRICA, NORMOPROTEICA, CARACTERÍSTICAS ADICIONAIS: ISENTO DE GLÚTEN, COMPONENTES ADICIONAIS: VITAMINAS E MINERAIS, FONTE DE CARBOIDRATO: MALTODEXTRINA E/OU SACAROSE, FONTE DE LIPÍDIOS: ÓLEOS VEGETAIS E TCM, FONTE DE PROTEÍNA: SORO LEITE HIDROLISADA, SABOR: C/SABOR, USO: ORAL;KCAL/L;25,0000;20,0000;500,0000;0,0000;31/12/2026
HOSPITAL ESTADUAL TELECILA FREITAS FONTES /RN;932126;1193;Material;932126-5/2026;Gêneros alimentícios;Catálogo do Compras.gov.br;Material;8940;ALIMENTOS ESPECIAIS DIETÉTICOS E PREPARADOS ALIMENTÍCIOS;19690;ARROZ BENEFICIADO;458910;CLASSE: LONGO FINO, QUALIDADE: TIPO 1, SUBGRUPO: INTEGRAL, TIPO: PARBOILIZADO;EMB;240,0000;5,0000;1200,0000;0,0000;31/12/2026
HOSPITAL ESTADUAL TELECILA FREITAS FONTES /RN;932126;1194;Material;932126-5/2026;Gêneros alimentícios;Catálogo do Compras.gov.br;Material;8940;ALIMENTOS ESPECIAIS DIETÉTICOS E PREPARADOS ALIMENTÍCIOS;17301;DIETA ENTERAL;479046;ASPECTO FÍSICO: LÍQUIDO, CARACTERÍSTICAS: NORMOCALÓRICA,HIPERPROTEICA, CARACTERÍSTICAS ADICIONAIS: ISENTO GLÚTEN E/OU LACTOSE E/OU SACAROSE, COMPONENTES ADICIONAIS: VIT.,MIN. E FIBRAS, FONTE DE CARBOIDRATO: MALTODEXTRINA, FONTE DE LIPÍDIOS: ÓLEOS VEGETAIS E/OU TCM, FONTE DE PROTEÍNA: CASEINATO, SABOR: C/ OU S/ SABOR, USO: ENTERAL OU ORAL;KCAL/L;25,0000;30,0000;750,0000;0,0000;31/12/2026
HOSPITAL ESTADUAL TELECILA FREITAS FONTES /RN;932126;1195;Material;932126-5/2026;Gêneros alimentícios;Catálogo do Compras.gov.br;Material;8940;ALIMENTOS ESPECIAIS DIETÉTICOS E PREPARADOS ALIMENTÍCIOS;17301;DIETA ENTERAL;443370;ASPECTO FÍSICO: PÓ, CARACTERÍSTICAS: NORMOCALÓRICA,HIPERPROTEICA, CARACTERÍSTICAS ADICIONAIS: ISENTO GLÚTEN,LACT.,SACAROSE, COMPONENTES ADICIONAIS: VIT.,MIN. E FIBRAS, FONTE DE CARBOIDRATO: MALTODEXTRINA E FRUTOSE, FONTE DE LIPÍDIOS: ÓLEOS VEGETAIS E/OU TCM, FONTE DE PROTEÍNA: CASEINATO, SABOR: C/SABOR, USO: ENTERAL OU ORAL;G;10,0000;40,0000;400,0000;0,0000;31/12/2026
HOSPITAL ESTADUAL TELECILA FREITAS FONTES /RN;932126;1196;Material;932126-5/2026;Gêneros alimentícios;Catálogo do Compras.gov.br;Material;8940;ALIMENTOS ESPECIAIS DIETÉTICOS E PREPARADOS ALIMENTÍCIOS;17301;DIETA ENTERAL;453027;ASPECTO FÍSICO: LÍQUIDO, CARACTERÍSTICAS: HIPERPROTEICO, CARACTERÍSTICAS ADICIONAIS: ISENTO DE GLÚTEN, COMPONENTES ADICIONAIS: VITAMINAS E MINERAIS, FONTE DE CARBOIDRATO: MALTODEXTRINA,LACTOSE,SACAROSE, FONTE DE LIPÍDIOS: ÓLEOS VEGETAIS, FONTE DE PROTEÍNA: CONCENTRADO PROTEICO LEITE, SABOR: C/SABOR, USO: ENTERAL OU ORAL;KCAL/L;10,0000;60,0000;600,0000;0,0000;31/12/2026
HOSPITAL ESTADUAL TELECILA FREITAS FONTES /RN;932126;1197;Material;932126-5/2026;Gêneros alimentícios;Catálogo do Compras.gov.br;Material;8940;ALIMENTOS ESPECIAIS DIETÉTICOS E PREPARADOS ALIMENTÍCIOS;17301;DIETA ENTERAL;404908;APLICAÇÃO: SISTEMA FECHADO, ASPECTO FÍSICO: LÍQUIDO, CARACTERÍSTICAS: HIPERCALÓRICA,HIPERPROTEICA,HIPERLIPÍDICA, CARACTERÍSTICAS ADICIONAIS: ISENTA LACTOSE E GLÚTEN, COMPONENTES ADICIONAIS: AA'S,VIT.,MINERAIS,FIBRAS, FONTE DE CARBOIDRATO: MALTODEXTRINA E SACAROSE, FONTE DE LIPÍDIOS: ÓLEOS VEG. E/OU DE PEIXE E/OU TCM, FONTE DE PROTEÍNA: CASEINATO E/OU PTN LEITE, SABOR: C/ OU S/ SABOR;KCAL/L;50,0000;30,0000;1500,0000;0,0000;31/12/2026
HOSPITAL ESTADUAL TELECILA FREITAS FONTES /RN;932126;1198;Material;932126-5/2026;Gêneros alimentícios;Catálogo do Compras.gov.br;Material;8940;ALIMENTOS ESPECIAIS DIETÉTICOS E PREPARADOS ALIMENTÍCIOS;17301;DIETA ENTERAL;618449;ASPECTO FÍSICO: PÓ, CARACTERÍSTICAS ADICIONAIS: ISENTO DE GLÚTEN, COMPONENTES ADICIONAIS: COLESTEROL, FAIXA: PARA LACTENTES, CRIANÇAS E ADULTOS, FONTE DE CARBOIDRATO: XAROPE DE GLICOSE, INDICAÇÃO: MÓDULO DE COLESTEROL, USO: ENTERAL E/OU ORAL;G;30,0000;80,0000;2400,0000;0,0000;31/12/2026
HOSPITAL ESTADUAL TELECILA FREITAS FONTES /RN;932126;1199;Material;932126-5/2026;Gêneros alimentícios;Catálogo do Compras.gov.br;Material;8940;ALIMENTOS ESPECIAIS DIETÉTICOS E PREPARADOS ALIMENTÍCIOS;17301;DIETA ENTERAL;446098;ASPECTO FÍSICO: PÓ, CARACTERÍSTICAS: NORMOCALÓRICA,NORMOPROTEÍCA, CARACTERÍSTICAS ADICIONAIS: ISENTA LACTOSE E GLÚTEN, COMPONENTES ADICIONAIS: VITAMINAS E MINERAIS, FONTE DE CARBOIDRATO: MALTODEXTRINA, SACAROSE E/OU AMIDO, FONTE DE LIPÍDIOS: ÓLEOS VEGETAIS E/OU TCM, FONTE DE PROTEÍNA: SORO LEITE HIDROLISADA, SABOR: C/SABOR, USO: ENTERAL OU ORAL;G;10,0000;60,0000;600,0000;0,0000;31/12/2026
HOSPITAL ESTADUAL TELECILA FREITAS FONTES /RN;932126;1200;Material;932126-5/2026;Gêneros alimentícios;Catálogo do Compras.gov.br;Material;8940;ALIMENTOS ESPECIAIS DIETÉTICOS E PREPARADOS ALIMENTÍCIOS;17301;DIETA ENTERAL;445958;ASPECTO FÍSICO: LÍQUIDO, CARACTERÍSTICAS: NORMOCALÓRICA,NORMOPROTEÍCA, CARACTERÍSTICAS ADICIONAIS: ISENTO DE GLÚTEN, COMPONENTES ADICIONAIS: VITAMINAS E MINERAIS, FONTE DE CARBOIDRATO: MALTODEXTRINA E/OU SACAROSE, FONTE DE LIPÍDIOS: ÓLEO DE PEIXE, FONTE DE PROTEÍNA: CASEINATO E CONCENTRADO PROTEICO SORO LEITE, SABOR: C/SABOR, USO: ENTERAL OU ORAL;G;10,0000;50,0000;500,0000;0,0000;31/12/2026
HOSPITAL ESTADUAL TELECILA FREITAS FONTES /RN;932126;1201;Material;932126-5/2026;Gêneros alimentícios;Catálogo do Compras.gov.br;Material;8940;ALIMENTOS ESPECIAIS DIETÉTICOS E PREPARADOS ALIMENTÍCIOS;17301;DIETA ENTERAL;461709;ASPECTO FÍSICO: LÍQUIDO, CARACTERÍSTICAS: HIPERCALÓRICA, CARACTERÍSTICAS ADICIONAIS: ISENTO DE GLÚTEN, FONTE DE CARBOIDRATO: COM OU SEM SACAROSE, FONTE DE LIPÍDIOS: TCL E/OU TCM, SABOR: C/ OU S/ SABOR, USO: ENTERAL OU ORAL;KCAL/L;10,0000;80,0000;800,0000;0,0000;31/12/2026
HOSPITAL ESTADUAL TELECILA FREITAS FONTES /RN;932126;1202;Material;932126-5/2026;Gêneros alimentícios;Catálogo do Compras.gov.br;Material;8940;ALIMENTOS ESPECIAIS DIETÉTICOS E PREPARADOS ALIMENTÍCIOS;926;ADOÇANTE;427796;ASPECTO FÍSICO: PÓ FINO BRANCO, INGREDIENTES: SUCRALOSE E ACESSULFAME-K, TIPO: DIETÉTICO;CX;60,0000;39,9000;2394,0000;0,0000;31/12/2026
HOSPITAL ESTADUAL TELECILA FREITAS FONTES /RN;932126;1236;Material;932126-5/2026;Gêneros alimentícios;Catálogo do Compras.gov.br;Material;8920;PRODUTOS DE PANIFICAÇÃO E CEREAIS;19722;AVEIA BENEFICIADA;608909;APRESENTAÇÃO: FARELO, CLASSE: BRANCA, PRESENÇA DE GLÚTEN: NÃO CONTÉM GLÚTEN;EMB;240,0000;4,9900;1197,6000;0,0000;31/12/2026
HOSPITAL ESTADUAL TELECILA FREITAS FONTES /RN;932126;1203;Material;932126-5/2026;Gêneros alimentícios;Catálogo do Compras.gov.br;Material;8940;ALIMENTOS ESPECIAIS DIETÉTICOS E PREPARADOS ALIMENTÍCIOS;17301;DIETA ENTERAL;466567;ASPECTO FÍSICO: PÓ, CARACTERÍSTICAS ADICIONAIS: ISENTO DE GLÚTEN, COMPONENTES ADICIONAIS: VITAMINAS, MINERAIS E/OU FIBRAS, FONTE DE CARBOIDRATO: MALTODEXTRINA E/OU SACAROSE, FONTE DE LIPÍDIOS: GORDURA LÁCTEA, FONTE DE PROTEÍNA: LEITE INTEGRAL E/OU LEITE DESNATADO, INDICAÇÃO: COMPLEMENTO ALIMENTAR, SABOR: C/SABOR, USO: ORAL;G;10,0000;50,0000;500,0000;0,0000;31/12/2026
HOSPITAL ESTADUAL TELECILA FREITAS FONTES /RN;932126;1204;Material;932126-5/2026;Gêneros alimentícios;Catálogo do Compras.gov.br;Material;8940;ALIMENTOS ESPECIAIS DIETÉTICOS E PREPARADOS ALIMENTÍCIOS;17301;DIETA ENTERAL;613743;ASPECTO FÍSICO: PÓ, CARACTERÍSTICAS ADICIONAIS: ISENTO DE GLÚTEN, FONTE DE PROTEÍNA: PROTEÍNA ISOL. SORO LEITE, INDICAÇÃO: MÓDULO DE PTN, USO: ENTERAL E/OU ORAL;G;25,0000;80,0000;2000,0000;0,0000;31/12/2026
HOSPITAL ESTADUAL TELECILA FREITAS FONTES /RN;932126;1205;Material;932126-5/2026;Gêneros alimentícios;Catálogo do Compras.gov.br;Material;8940;ALIMENTOS ESPECIAIS DIETÉTICOS E PREPARADOS ALIMENTÍCIOS;17301;DIETA ENTERAL;442837;ASPECTO FÍSICO: PÓ, CARACTERÍSTICAS ADICIONAIS: ISENTA LACTOSE E GLÚTEN, FONTE DE PROTEÍNA: PTN SORO LEITE, INDICAÇÃO: MÓDULO DE PTN, USO: ENTERAL OU ORAL;G;10,0000;80,0000;800,0000;0,0000;31/12/2026
HOSPITAL ESTADUAL TELECILA FREITAS FONTES /RN;932126;1206;Material;932126-5/2026;Gêneros alimentícios;Catálogo do Compras.gov.br;Material;8940;ALIMENTOS ESPECIAIS DIETÉTICOS E PREPARADOS ALIMENTÍCIOS;17301;DIETA ENTERAL;486358;ASPECTO FÍSICO: PÓ, CARACTERÍSTICAS: NORMOCALÓRICA, NORMOPROTEICA, CARACTERÍSTICAS ADICIONAIS: ISENTO GLÚTEN, C/ OU S/ LACTOSE, COMPONENTES ADICIONAIS: VIT.,MIN. E FIBRAS, FONTE DE CARBOIDRATO: MALTO.E/OU SACAROSE E/OU XAROPE GLICOSE, FONTE DE LIPÍDIOS: ÓLEOS VEG.E/OU TCM E/OU LEC.SOJA, FONTE DE PROTEÍNA: PTN ISOL.SJ.E/OU CASEI.E/OU SR.LTE E/OU ISOL.SR.LT, SABOR: C/SABOR, USO: ENTERAL E/OU ORAL;G;25,0000;80,0000;2000,0000;0,0000;31/12/2026
HOSPITAL ESTADUAL TELECILA FREITAS FONTES /RN;932126;1207;Material;932126-5/2026;Gêneros alimentícios;Catálogo do Compras.gov.br;Material;8940;ALIMENTOS ESPECIAIS DIETÉTICOS E PREPARADOS ALIMENTÍCIOS;17301;DIETA ENTERAL;404908;APLICAÇÃO: SISTEMA FECHADO, ASPECTO FÍSICO: LÍQUIDO, CARACTERÍSTICAS: HIPERCALÓRICA,HIPERPROTEICA,HIPERLIPÍDICA, CARACTERÍSTICAS ADICIONAIS: ISENTA LACTOSE E GLÚTEN, COMPONENTES ADICIONAIS: AA'S,VIT.,MINERAIS,FIBRAS, FONTE DE CARBOIDRATO: MALTODEXTRINA E SACAROSE, FONTE DE LIPÍDIOS: ÓLEOS VEG. E/OU DE PEIXE E/OU TCM, FONTE DE PROTEÍNA: CASEINATO E/OU PTN LEITE, SABOR: C/ OU S/ SABOR;KCAL/L;50,0000;30,0000;1500,0000;0,0000;31/12/2026
HOSPITAL ESTADUAL TELECILA FREITAS FONTES /RN;932126;1208;Material;932126-5/2026;Gêneros alimentícios;Catálogo do Compras.gov.br;Material;8940;ALIMENTOS ESPECIAIS DIETÉTICOS E PREPARADOS ALIMENTÍCIOS;17301;DIETA ENTERAL;404807;APLICAÇÃO: SISTEMA FECHADO, ASPECTO FÍSICO: LÍQUIDO, CARACTERÍSTICAS: NORMOCALÓRICA,HIPERPROTEICA, CARACTERÍSTICAS ADICIONAIS: ISENTO GLÚTEN,LACT.,SACAROSE, COMPONENTES ADICIONAIS: AA'S,VIT.,MINERAIS,FIBRAS, FONTE DE CARBOIDRATO: MALTODEXTRINA, FONTE DE LIPÍDIOS: ÓLEOS VEGETAIS E/OU TCM, FONTE DE PROTEÍNA: CASEINATO E/OU PTN SOJA E/OU SORO LEITE, SABOR: C/ OU S/ SABOR;KCAL/L;50,0000;30,0000;1500,0000;0,0000;31/12/2026
HOSPITAL ESTADUAL TELECILA FREITAS FONTES /RN;932126;1209;Material;932126-5/2026;Gêneros alimentícios;Catálogo do Compras.gov.br;Material;8940;ALIMENTOS ESPECIAIS DIETÉTICOS E PREPARADOS ALIMENTÍCIOS;17301;DIETA ENTERAL;602684;ASPECTO FÍSICO: PÓ, CARACTERÍSTICAS: HIPERCALÓRICA,HIPERPROTEICA, CARACTERÍSTICAS ADICIONAIS: ISENTA LACTOSE E GLÚTEN, COMPONENTES ADICIONAIS: VITAMINAS E MINERAIS, FONTE DE CARBOIDRATO: MALTODEXTRINA, FONTE DE LIPÍDIOS: ÓLEOS VEGETAIS, FONTE DE PROTEÍNA: CASEINATO E/OU PTN SOJA E/OU SORO LEITE, SABOR: C/ OU S/ SABOR, USO: ORAL;G;25,0000;80,0000;2000,0000;0,0000;31/12/2026
HOSPITAL ESTADUAL TELECILA FREITAS FONTES /RN;932126;1210;Material;932126-5/2026;Gêneros alimentícios;Catálogo do Compras.gov.br;Material;8940;ALIMENTOS ESPECIAIS DIETÉTICOS E PREPARADOS ALIMENTÍCIOS;17301;DIETA ENTERAL;615183;ASPECTO FÍSICO: PÓ, CARACTERÍSTICAS: NORMOCALÓRICA,HIPERPROTEICA, CARACTERÍSTICAS ADICIONAIS: ISENTO DE GLÚTEN, COMPONENTES ADICIONAIS: VIT.,MIN. E FIBRAS, FONTE DE CARBOIDRATO: XAROPE MILHO E/OU SACAROSE E/OU MALTODEXTRINA, FONTE DE LIPÍDIOS: ÓLEOS VEGETAIS E/OU TCM, FONTE DE PROTEÍNA: PTN SORO LEITE, SABOR: C/SABOR, USO: ENTERAL E/OU ORAL;G;50,0000;60,7100;3035,5000;0,0000;31/12/2026
HOSPITAL ESTADUAL TELECILA FREITAS FONTES /RN;932126;1211;Material;932126-5/2026;Gêneros alimentícios;Catálogo do Compras.gov.br;Material;8940;ALIMENTOS ESPECIAIS DIETÉTICOS E PREPARADOS ALIMENTÍCIOS;5648;DIETA INFANTIL;617809;ADICIONAIS: C/ LECITINA SOJA, ASPECTO FÍSICO: PÓ, CARACTERÍSTICAS ADICIONAIS: ISENTO GLÚTEN,LACTOSE, COMPONENTES ADICIONAIS: VITAMINAS E MINERAIS, FONTE DE CARBOIDRATO: MALTODEXTRINA, FONTE DE PROTEÍNA: LEITE INTEGRAL E/OU SR. LEITE, INDICAÇÃO: COMPOSTO LÁCTEO, USO: ENTERAL E/OU ORAL;G;25,0000;100,0000;2500,0000;0,0000;31/12/2026
HOSPITAL ESTADUAL TELECILA FREITAS FONTES /RN;932126;1212;Material;932126-5/2026;Gêneros alimentícios;Catálogo do Compras.gov.br;Material;8940;ALIMENTOS ESPECIAIS DIETÉTICOS E PREPARADOS ALIMENTÍCIOS;17301;DIETA ENTERAL;485998;ASPECTO FÍSICO: PÓ, CARACTERÍSTICAS: NORMOCALÓRICA, NORMOPROTEICA, CARACTERÍSTICAS ADICIONAIS: ISENTO DE LACTOSE E CONTÉM GLÚTEN, COMPONENTES ADICIONAIS: VIT.,MIN. E FIBRAS, FONTE DE CARBOIDRATO: MALTODEXTRINA, FONTE DE LIPÍDIOS: ÓLEOS VEG.E/OU TCM E/OU LEC.SOJA, FONTE DE PROTEÍNA: PTN HIDROLIS. TRIGO, CASEINATO, PTN ISOLADA SOJA, SABOR: C/SABOR, USO: ENTERAL E/OU ORAL;G;25,0000;80,0000;2000,0000;0,0000;31/12/2026
HOSPITAL ESTADUAL TELECILA FREITAS FONTES /RN;932126;1213;Material;932126-5/2026;Gêneros alimentícios;Catálogo do Compras.gov.br;Material;8940;ALIMENTOS ESPECIAIS DIETÉTICOS E PREPARADOS ALIMENTÍCIOS;17301;DIETA ENTERAL;437972;APLICAÇÃO: SISTEMA FECHADO, ASPECTO FÍSICO: LÍQUIDO, CARACTERÍSTICAS: HIPERCALÓRICA,HIPERPROTEICA, CARACTERÍSTICAS ADICIONAIS: ISENTO GLÚTEN,LACT.,SACAROSE, COMPONENTES ADICIONAIS: VITAMINAS E MINERAIS, FONTE DE CARBOIDRATO: MALTODEXTRINA E/OU XAROPE DE GLICOSE, FONTE DE LIPÍDIOS: ÓLEOS VEGETAIS E TCM, FONTE DE PROTEÍNA: CASEINATO E PTN SORO LEITE, SABOR: C/ OU S/ SABOR, USO: ENTERAL;KCAL/L;50,0000;18,0000;900,0000;0,0000;31/12/2026
HOSPITAL ESTADUAL TELECILA FREITAS FONTES /RN;932126;1214;Material;932126-5/2026;Gêneros alimentícios;Catálogo do Compras.gov.br;Material;8940;ALIMENTOS ESPECIAIS DIETÉTICOS E PREPARADOS ALIMENTÍCIOS;5648;DIETA INFANTIL;602630;ADICIONAIS: C/ ÁCIDOS GRAXOS ESSENCIAIS, ASPECTO FÍSICO: PÓ, CARACTERÍSTICAS ADICIONAIS: ISENTO GLÚTEN E PROTEÍNAS LÁCTEAS, COMPONENTES ADICIONAIS: VITAMINAS E MINERAIS, FONTE DE CARBOIDRATO: MALTODEXTRINA, FONTE DE LIPÍDIOS: ÓLEOS VEGETAIS, FONTE DE PROTEÍNA: PTN ISOLADA SOJA, INDICAÇÃO: 0 A 6 MESES, SABOR: S/SABOR, USO: ENTERAL E/OU ORAL;G;25,0000;100,0000;2500,0000;0,0000;31/12/2026
HOSPITAL ESTADUAL TELECILA FREITAS FONTES /RN;932126;1215;Material;932126-5/2026;Gêneros alimentícios;Catálogo do Compras.gov.br;Material;8940;ALIMENTOS ESPECIAIS DIETÉTICOS E PREPARADOS ALIMENTÍCIOS;5648;DIETA INFANTIL;450885;ASPECTO FÍSICO: PÓ, CARACTERÍSTICAS ADICIONAIS: ISENTO GLÚTEN, COMPONENTES ADICIONAIS: VITAMINAS E MINERAIS, FONTE DE CARBOIDRATO: LACTOSE E/OU MALTODEX., FONTE DE LIPÍDIOS: ÓLEOS VEGETAIS, FONTE DE PROTEÍNA: PTN HIDROLISADA SORO LEITE, INDICAÇÃO: 0 A 12 MESES, USO: ENTERAL OU ORAL;G;25,0000;100,0000;2500,0000;0,0000;31/12/2026
HOSPITAL ESTADUAL TELECILA FREITAS FONTES /RN;932126;1311;Material;932126-5/2026;Gêneros alimentícios;Catálogo do Compras.gov.br;Material;8915;FRUTAS, VERDURAS E LEGUMES;19789;FRUTA;464381;APRESENTAÇÃO: NATURAL, TIPO: BANANA PRATA / BANANA BRANCA;KG;480,0000;4,2500;2040,0000;0,0000;31/12/2026
HOSPITAL ESTADUAL TELECILA FREITAS FONTES /RN;932126;1216;Material;932126-5/2026;Gêneros alimentícios;Catálogo do Compras.gov.br;Material;8940;ALIMENTOS ESPECIAIS DIETÉTICOS E PREPARADOS ALIMENTÍCIOS;17301;DIETA ENTERAL;475598;APLICAÇÃO: SISTEMA FECHADO, ASPECTO FÍSICO: LÍQUIDO, CARACTERÍSTICAS: NORMOCALÓRICA,NORMOPROTEÍCA, CARACTERÍSTICAS ADICIONAIS: ISENTO GLÚTEN E/OU LACTOSE, COMPONENTES ADICIONAIS: VITAMINAS E MINERAIS, FONTE DE CARBOIDRATO: MALTODEXTRINA, FONTE DE LIPÍDIOS: ÓLEOS VEG. E/OU DE PEIXE E/OU TCM, FONTE DE PROTEÍNA: SORO LEITE HIDROLISADA, SABOR: C/ OU S/ SABOR, USO: ENTERAL;KCAL/L;50,0000;30,0000;1500,0000;0,0000;31/12/2026
HOSPITAL ESTADUAL TELECILA FREITAS FONTES /RN;932126;1217;Material;932126-5/2026;Gêneros alimentícios;Catálogo do Compras.gov.br;Material;8940;ALIMENTOS ESPECIAIS DIETÉTICOS E PREPARADOS ALIMENTÍCIOS;17301;DIETA ENTERAL;445205;ASPECTO FÍSICO: PÓ, CARACTERÍSTICAS ADICIONAIS: ISENTO DE GLÚTEN, COMPONENTES ADICIONAIS: AA'S,VIT.,MINERAIS, FAIXA: ACIMA 8 ANOS, FONTE DE CARBOIDRATO: MALTODEXTRINA, FONTE DE PROTEÍNA: À BASE DE AA'S, INDICAÇÃO: P/ HOMOCISTINÚRIA, USO: ENTERAL OU ORAL;G;10,0000;50,0000;500,0000;0,0000;31/12/2026
HOSPITAL ESTADUAL TELECILA FREITAS FONTES /RN;932126;1218;Material;932126-5/2026;Gêneros alimentícios;Catálogo do Compras.gov.br;Material;8940;ALIMENTOS ESPECIAIS DIETÉTICOS E PREPARADOS ALIMENTÍCIOS;17301;DIETA ENTERAL;439022;ASPECTO FÍSICO: PASTOSO, CARACTERÍSTICAS: HIPERCALÓRICA,HIPERPROTEICA, CARACTERÍSTICAS ADICIONAIS: ISENTA LACTOSE E GLÚTEN, COMPONENTES ADICIONAIS: VITAMINAS E MINERAIS, FONTE DE CARBOIDRATO: SACAROSE E XAROPE GLICOSE E MALTODEXT. E AMIDO, FONTE DE LIPÍDIOS: ÓLEOS VEGETAIS, FONTE DE PROTEÍNA: CASEINATO E PTN SORO LEITE, SABOR: C/SABOR, USO: ORAL;G;10,0000;50,0000;500,0000;0,0000;31/12/2026
HOSPITAL ESTADUAL TELECILA FREITAS FONTES /RN;932126;1219;Material;932126-5/2026;Gêneros alimentícios;Catálogo do Compras.gov.br;Material;8940;ALIMENTOS ESPECIAIS DIETÉTICOS E PREPARADOS ALIMENTÍCIOS;19690;ARROZ BENEFICIADO;458904;CLASSE: LONGO FINO, QUALIDADE: TIPO 1, SUBGRUPO: POLIDO, TIPO: AGULHINHA/BRANCO;EMB;420,0000;4,6000;1932,0000;0,0000;31/12/2026
HOSPITAL ESTADUAL TELECILA FREITAS FONTES /RN;932126;1220;Material;932126-5/2026;Gêneros alimentícios;Catálogo do Compras.gov.br;Material;8940;ALIMENTOS ESPECIAIS DIETÉTICOS E PREPARADOS ALIMENTÍCIOS;17301;DIETA ENTERAL;404427;APLICAÇÃO: SISTEMA FECHADO, ASPECTO FÍSICO: LÍQUIDO, CARACTERÍSTICAS: NORMOCALÓRICA,NORMOPROTEICA,NORMOLIPÍDICA, CARACTERÍSTICAS ADICIONAIS: ISENTO GLÚTEN,LACT.,SACAROSE, COMPONENTES ADICIONAIS: AA'S,VIT.,MINERAIS, FONTE DE CARBOIDRATO: MALTODEXTRINA, FONTE DE LIPÍDIOS: ÓLEOS VEG. E/OU DE PEIXE E/OU TCM E/OU LEC. SOJA, FONTE DE PROTEÍNA: CASEINATO E PTN ISOLADA SOJA, SABOR: C/ OU S/ SABOR;KCAL/L;50,0000;30,0000;1500,0000;0,0000;31/12/2026
HOSPITAL ESTADUAL TELECILA FREITAS FONTES /RN;932126;1221;Material;932126-5/2026;Gêneros alimentícios;Catálogo do Compras.gov.br;Material;8940;ALIMENTOS ESPECIAIS DIETÉTICOS E PREPARADOS ALIMENTÍCIOS;17301;DIETA ENTERAL;404812;APLICAÇÃO: SISTEMA FECHADO, ASPECTO FÍSICO: LÍQUIDO, CARACTERÍSTICAS: HIPERCALÓRICA,HIPERPROTEICA, CARACTERÍSTICAS ADICIONAIS: ISENTO SACAROSE,LACTOSE,GLÚTEN,FIBRAS, COMPONENTES ADICIONAIS: AA'S,VIT.,MINERAIS, FONTE DE CARBOIDRATO: MALTODEXTRINA, FONTE DE LIPÍDIOS: ÓLEOS VEG,TCM E/OU ÓLEO PEIXE E/OU LEC.SOJA, FONTE DE PROTEÍNA: PTN LEITE E/OU CASEINATO E/OU PTN SOJA, SABOR: S/ SABOR;KCAL/L;50,0000;55,0000;2750,0000;0,0000;31/12/2026
HOSPITAL ESTADUAL TELECILA FREITAS FONTES /RN;932126;1222;Material;932126-5/2026;Gêneros alimentícios;Catálogo do Compras.gov.br;Material;8940;ALIMENTOS ESPECIAIS DIETÉTICOS E PREPARADOS ALIMENTÍCIOS;17301;DIETA ENTERAL;484229;ASPECTO FÍSICO: LÍQUIDO, CARACTERÍSTICAS: NORMOCALÓRICA,HIPERPROTEICA, CARACTERÍSTICAS ADICIONAIS: ISENTO GLÚTEN E/OU LACTOSE, COMPONENTES ADICIONAIS: VIT.,MIN. E FIBRAS, FONTE DE CARBOIDRATO: MALTODEXTRINA E/OU FRUTOSE, FONTE DE LIPÍDIOS: ÓLEOS VEGETAIS E/OU LEC.SOJA, FONTE DE PROTEÍNA: CASEINATO, SABOR: C/SABOR, USO: ENTERAL OU ORAL;KCAL/ML;25,0000;20,0000;500,0000;0,0000;31/12/2026
HOSPITAL ESTADUAL TELECILA FREITAS FONTES /RN;932126;1223;Material;932126-5/2026;Gêneros alimentícios;Catálogo do Compras.gov.br;Material;8925;AÇÚCAR, CONFEITOS, CASTANHAS, NOZES E SIMILARES;19777;AÇÚCAR;603269;COLORAÇÃO: BRANCA, TIPO: CRISTAL;EMB;744,0000;4,0000;2976,0000;0,0000;31/12/2026
HOSPITAL ESTADUAL TELECILA FREITAS FONTES /RN;932126;1224;Material;932126-5/2026;Gêneros alimentícios;Catálogo do Compras.gov.br;Material;8920;PRODUTOS DE PANIFICAÇÃO E CEREAIS;19690;ARROZ BENEFICIADO;458908;CLASSE: LONGO FINO, QUALIDADE: TIPO 1, SUBGRUPO: POLIDO, TIPO: PARBOILIZADO;EMB;1920,0000;5,0000;9600,0000;0,0000;31/12/2026
HOSPITAL ESTADUAL TELECILA FREITAS FONTES /RN;932126;1225;Material;932126-5/2026;Gêneros alimentícios;Catálogo do Compras.gov.br;Material;8950;CONDIMENTOS E PRODUTOS CORRELATOS;19774;CONDIMENTO;463857;APRESENTAÇÃO: PÓ, TIPO: AÇAFRÃO;EMB;360,0000;3,5000;1260,0000;0,0000;31/12/2026
HOSPITAL ESTADUAL TELECILA FREITAS FONTES /RN;932126;1226;Material;932126-5/2026;Gêneros alimentícios;Catálogo do Compras.gov.br;Material;8950;CONDIMENTOS E PRODUTOS CORRELATOS;19774;CONDIMENTO;463904;APRESENTAÇÃO: FOLHA, TIPO: LOURO;EMB;60,0000;5,7600;345,6000;0,0000;31/12/2026
HOSPITAL ESTADUAL TELECILA FREITAS FONTES /RN;932126;1227;Material;932126-5/2026;Gêneros alimentícios;Catálogo do Compras.gov.br;Material;8950;CONDIMENTOS E PRODUTOS CORRELATOS;19774;CONDIMENTO;463908;APRESENTAÇÃO: DESIDRATADO, TIPO: MANJERICÃO;EMB;96,0000;4,9000;470,4000;0,0000;31/12/2026
HOSPITAL ESTADUAL TELECILA FREITAS FONTES /RN;932126;1228;Material;932126-5/2026;Gêneros alimentícios;Catálogo do Compras.gov.br;Material;8950;CONDIMENTOS E PRODUTOS CORRELATOS;19774;CONDIMENTO;463916;APRESENTAÇÃO: DESIDRATADO, TIPO: ORÉGANO;EMB;96,0000;4,9000;470,4000;0,0000;31/12/2026
HOSPITAL ESTADUAL TELECILA FREITAS FONTES /RN;932126;1229;Material;932126-5/2026;Gêneros alimentícios;Catálogo do Compras.gov.br;Material;8950;CONDIMENTOS E PRODUTOS CORRELATOS;19774;CONDIMENTO;463917;APRESENTAÇÃO: PÓ, TIPO: PÁPRICA;EMB;96,0000;4,9000;470,4000;0,0000;31/12/2026
HOSPITAL ESTADUAL TELECILA FREITAS FONTES /RN;932126;1230;Material;932126-5/2026;Gêneros alimentícios;Catálogo do Compras.gov.br;Material;8950;CONDIMENTOS E PRODUTOS CORRELATOS;19774;CONDIMENTO;463919;APRESENTAÇÃO: PÓ, TIPO: PIMENTA DO REINO;EMB;96,0000;4,9000;470,4000;0,0000;31/12/2026
HOSPITAL ESTADUAL TELECILA FREITAS FONTES /RN;932126;1231;Material;932126-5/2026;Gêneros alimentícios;Catálogo do Compras.gov.br;Material;8915;FRUTAS, VERDURAS E LEGUMES;19789;FRUTA;464415;APRESENTAÇÃO: NATURAL, TIPO: MARACUJÁ AZEDO / MARACUJÁ AMARELO;KG;300,0000;3,4800;1044,0000;0,0000;31/12/2026
HOSPITAL ESTADUAL TELECILA FREITAS FONTES /RN;932126;1232;Material;932126-5/2026;Gêneros alimentícios;Catálogo do Compras.gov.br;Material;8950;CONDIMENTOS E PRODUTOS CORRELATOS;19774;CONDIMENTO;463856;APRESENTAÇÃO: DESIDRATADO, TIPO: ALECRIM;EMB;48,0000;3,5900;172,3200;0,0000;31/12/2026
HOSPITAL ESTADUAL TELECILA FREITAS FONTES /RN;932126;1233;Material;932126-5/2026;Gêneros alimentícios;Catálogo do Compras.gov.br;Material;8950;CONDIMENTOS E PRODUTOS CORRELATOS;19774;CONDIMENTO;463872;APRESENTAÇÃO: PÓ, TIPO: CANELA;EMB;48,0000;1,1600;55,6800;0,0000;31/12/2026
HOSPITAL ESTADUAL TELECILA FREITAS FONTES /RN;932126;1234;Material;932126-5/2026;Gêneros alimentícios;Catálogo do Compras.gov.br;Material;8950;CONDIMENTOS E PRODUTOS CORRELATOS;19774;CONDIMENTO;601228;APRESENTAÇÃO: CREME, TIPO: CEBOLA;EMB;120,0000;13,0000;1560,0000;0,0000;31/12/2026
HOSPITAL ESTADUAL TELECILA FREITAS FONTES /RN;932126;1235;Material;932126-5/2026;Gêneros alimentícios;Catálogo do Compras.gov.br;Material;8960;BEBIDAS NÃO ALCOÓLICAS;19555;ÁGUA MINERAL NATURAL;445485;MATERIAL EMBALAGEM: PLÁSTICO, TIPO: SEM GÁS, TIPO EMBALAGEM: RETORNÁVEL;GRR;2700,0000;5,9400;16038,0000;0,0000;31/12/2026
HOSPITAL ESTADUAL TELECILA FREITAS FONTES /RN;932126;1237;Material;932126-5/2026;Gêneros alimentícios;Catálogo do Compras.gov.br;Material;8920;PRODUTOS DE PANIFICAÇÃO E CEREAIS;19722;AVEIA BENEFICIADA;460502;APRESENTAÇÃO: EM FLOCOS GROSSOS, CLASSE: BRANCA, PRESENÇA DE GLÚTEN: CONTÉM GLÚTEN;EMB;360,0000;13,7500;4950,0000;0,0000;31/12/2026
HOSPITAL ESTADUAL TELECILA FREITAS FONTES /RN;932126;1238;Material;932126-5/2026;Gêneros alimentícios;Catálogo do Compras.gov.br;Material;8920;PRODUTOS DE PANIFICAÇÃO E CEREAIS;19722;AVEIA BENEFICIADA;460501;APRESENTAÇÃO: EM FLOCOS FINOS, CLASSE: BRANCA, PRESENÇA DE GLÚTEN: CONTÉM GLÚTEN;EMB;360,0000;6,4900;2336,4000;0,0000;31/12/2026
HOSPITAL ESTADUAL TELECILA FREITAS FONTES /RN;932126;1239;Material;932126-5/2026;Gêneros alimentícios;Catálogo do Compras.gov.br;Material;8945;ÓLEOS E GORDURAS COMESTÍVEIS;19768;AZEITE;463696;ESPÉCIE VEGETAL: DE OLIVA, TEOR DA ACIDEZ: EXTRAVIRGEM - MENOR QUE 0,8%, TIPO: PURO;EMB;180,0000;25,0000;4500,0000;0,0000;31/12/2026
HOSPITAL ESTADUAL TELECILA FREITAS FONTES /RN;932126;1240;Material;932126-5/2026;Gêneros alimentícios;Catálogo do Compras.gov.br;Material;8915;FRUTAS, VERDURAS E LEGUMES;19771;BATATA PROCESSADA;463707;APRESENTAÇÃO: PRONTO PARA CONSUMO, ESPÉCIE: INGLESA, TIPO: FRITA, TIPO FORMATO: PALHA;EMB;216,0000;16,5000;3564,0000;0,0000;31/12/2026
HOSPITAL ESTADUAL TELECILA FREITAS FONTES /RN;932126;1241;Material;932126-5/2026;Gêneros alimentícios;Catálogo do Compras.gov.br;Material;8920;PRODUTOS DE PANIFICAÇÃO E CEREAIS;883;BISCOITO;456468;CARACTERÍSTICAS ADICIONAIS: SEM LACTOSE, INGREDIENTES: SEM GORDURA TRANS, SABOR: SALGADO, TIPO: CREAM CRACKER;PCT;90,0000;5,4000;486,0000;0,0000;31/12/2026
HOSPITAL ESTADUAL TELECILA FREITAS FONTES /RN;932126;1242;Material;932126-5/2026;Gêneros alimentícios;Catálogo do Compras.gov.br;Material;8920;PRODUTOS DE PANIFICAÇÃO E CEREAIS;883;BISCOITO;456469;CARACTERÍSTICAS ADICIONAIS: SEM LACTOSE, INGREDIENTES: SEM GORDURA TRANS, SABOR: MAIZENA, TIPO: BOLACHA;PCT;90,0000;4,9900;449,1000;0,0000;31/12/2026
HOSPITAL ESTADUAL TELECILA FREITAS FONTES /RN;932126;1243;Material;932126-5/2026;Gêneros alimentícios;Catálogo do Compras.gov.br;Material;8920;PRODUTOS DE PANIFICAÇÃO E CEREAIS;883;BISCOITO;622355;INGREDIENTES: FARINHA DE TRIGO ENRIQUECIDA COM FERRO E ACIDO, SABOR: SALGADO, TIPO: CREAM CRACKER;PCT;360,0000;3,8000;1368,0000;0,0000;31/12/2026
HOSPITAL ESTADUAL TELECILA FREITAS FONTES /RN;932126;1244;Material;932126-5/2026;Gêneros alimentícios;Catálogo do Compras.gov.br;Material;8920;PRODUTOS DE PANIFICAÇÃO E CEREAIS;883;BISCOITO;460235;CARACTERÍSTICAS ADICIONAIS: INTEGRAL E SEM RECHEIO, SABOR: SALGADO, TIPO: CREAM CRACKER;PCT;200,0000;3,6000;720,0000;0,0000;31/12/2026
HOSPITAL ESTADUAL TELECILA FREITAS FONTES /RN;932126;1245;Material;932126-5/2026;Gêneros alimentícios;Catálogo do Compras.gov.br;Material;8920;PRODUTOS DE PANIFICAÇÃO E CEREAIS;883;BISCOITO;605938;SABOR: MAIZENA, TIPO: SEM RECHEIO;PCT;360,0000;3,5900;1292,4000;0,0000;31/12/2026
HOSPITAL ESTADUAL TELECILA FREITAS FONTES /RN;932126;1246;Material;932126-5/2026;Gêneros alimentícios;Catálogo do Compras.gov.br;Material;8955;CAFÉ, CHÁ E CHOCOLATE;19766;CAFÉ;463587;APRESENTAÇÃO: TORRADO MOÍDO, EMPACOTAMENTO: VÁCUO, INTENSIDADE: MÉDIA, TIPO: TRADICIONAL;PCT;930,0000;9,0800;8444,4000;0,0000;31/12/2026
HOSPITAL ESTADUAL TELECILA FREITAS FONTES /RN;932126;1247;Material;932126-5/2026;Gêneros alimentícios;Catálogo do Compras.gov.br;Material;8920;PRODUTOS DE PANIFICAÇÃO E CEREAIS;19694;FARINHA DE MILHO;459017;APRESENTAÇÃO: PRÉ-COZIDA, CARACTERÍSTICA ADICIONAL: TRANSGÊNICO, GRÃO: AMARELO, INGREDIENTE ADICIONAL: FORTIFICADA COM FERRO E ÁCIDO FÓLICO, TIPO: FLOCADA;EMB;1200,0000;1,5900;1908,0000;0,0000;31/12/2026
HOSPITAL ESTADUAL TELECILA FREITAS FONTES /RN;932126;1248;Material;932126-5/2026;Gêneros alimentícios;Catálogo do Compras.gov.br;Material;8920;PRODUTOS DE PANIFICAÇÃO E CEREAIS;14581;MILHO;279262;APLICAÇÃO: MUNGUNZÁ (CANJICA), TIPO: GRÃO;PCT;120,0000;2,0800;249,6000;0,0000;31/12/2026
HOSPITAL ESTADUAL TELECILA FREITAS FONTES /RN;932126;1249;Material;932126-5/2026;Gêneros alimentícios;Catálogo do Compras.gov.br;Material;8920;PRODUTOS DE PANIFICAÇÃO E CEREAIS;19748;MILHO DE PIPOCA;462122;CLASSE: AMARELA, FORMATO ESTOURADO: TIPO IRREGULAR/BUTTERFLY, GRUPO: DURO, QUALIDADE: TIPO 1;EMB;120,0000;2,9000;348,0000;0,0000;31/12/2026
HOSPITAL ESTADUAL TELECILA FREITAS FONTES /RN;932126;1250;Material;932126-5/2026;Gêneros alimentícios;Catálogo do Compras.gov.br;Material;8915;FRUTAS, VERDURAS E LEGUMES;19754;DOCE NÃO CONFEITADO;462662;SABOR: AMEIXA, TIPO: EM CALDA;EMB;360,0000;12,0000;4320,0000;0,0000;31/12/2026
HOSPITAL ESTADUAL TELECILA FREITAS FONTES /RN;932126;1251;Material;932126-5/2026;Gêneros alimentícios;Catálogo do Compras.gov.br;Material;8915;FRUTAS, VERDURAS E LEGUMES;19789;FRUTA;474374;ADICIONAL: PRETA, APRESENTAÇÃO: DESIDRATADA / SECA, TIPO 1: AMEIXA;G;360,0000;9,0000;3240,0000;0,0000;31/12/2026
HOSPITAL ESTADUAL TELECILA FREITAS FONTES /RN;932126;1252;Material;932126-5/2026;Gêneros alimentícios;Catálogo do Compras.gov.br;Material;8920;PRODUTOS DE PANIFICAÇÃO E CEREAIS;4792;CEREAL PREPARADO;465333;ASPECTO FÍSICO: FLOCOS, COMPONENTES: ARROZ, VITAMINAS, MINERAIS;EMB;160,0000;5,3800;860,8000;0,0000;31/12/2026
HOSPITAL ESTADUAL TELECILA FREITAS FONTES /RN;932126;1253;Material;932126-5/2026;Gêneros alimentícios;Catálogo do Compras.gov.br;Material;8920;PRODUTOS DE PANIFICAÇÃO E CEREAIS;19776;CEREAL MATINAL/LANCHES;463974;INGREDIENTES ADICIONAIS: FORTIFICADO COM VITAMINAS E MINERAIS, INGREDIENTES PRINCIPAIS: TRIGO E LEITE, TIPO: FARINHA LÁCTEA;EMB;180,0000;15,9200;2865,6000;0,0000;31/12/2026
HOSPITAL ESTADUAL TELECILA FREITAS FONTES /RN;932126;1254;Material;932126-5/2026;Gêneros alimentícios;Catálogo do Compras.gov.br;Material;8920;PRODUTOS DE PANIFICAÇÃO E CEREAIS;19776;CEREAL MATINAL/LANCHES;463972;INGREDIENTES ADICIONAIS: FORTIFICADO COM VITAMINAS E MINERAIS, INGREDIENTES PRINCIPAIS: 3 OU MAIS CEREAIS, TIPO: FLOCOS PRÉ-COZIDOS;EMB;90,0000;14,0000;1260,0000;0,0000;31/12/2026
HOSPITAL ESTADUAL TELECILA FREITAS FONTES /RN;932126;1255;Material;932126-5/2026;Gêneros alimentícios;Catálogo do Compras.gov.br;Material;8955;CAFÉ, CHÁ E CHOCOLATE;4805;CHÁ ALIMENTAÇÃO;305800;APRESENTAÇÃO: SACHÊ, TIPO: CHÁ DE BOLDO, USO: ALIMENTÍCIO;CX;90,0000;2,5000;225,0000;0,0000;31/12/2026
HOSPITAL ESTADUAL TELECILA FREITAS FONTES /RN;932126;1256;Material;932126-5/2026;Gêneros alimentícios;Catálogo do Compras.gov.br;Material;8955;CAFÉ, CHÁ E CHOCOLATE;4805;CHÁ ALIMENTAÇÃO;242775;TIPO: CHA DE CAMOMILA, USO: ALIMENTÍCIO;CX;180,0000;2,4600;442,8000;0,0000;31/12/2026
HOSPITAL ESTADUAL TELECILA FREITAS FONTES /RN;932126;1257;Material;932126-5/2026;Gêneros alimentícios;Catálogo do Compras.gov.br;Material;8955;CAFÉ, CHÁ E CHOCOLATE;4805;CHÁ ALIMENTAÇÃO;353666;APRESENTAÇÃO: SAQUINHO COM 1 GRAMA, TIPO: ERVA CIDREIRA;CX;90,0000;4,0500;364,5000;0,0000;31/12/2026
HOSPITAL ESTADUAL TELECILA FREITAS FONTES /RN;932126;1258;Material;932126-5/2026;Gêneros alimentícios;Catálogo do Compras.gov.br;Material;8955;CAFÉ, CHÁ E CHOCOLATE;4805;CHÁ ALIMENTAÇÃO;401735;APRESENTAÇÃO: SACHÊ COM 15 GRAMAS, TIPO: ERVA DOCE;CX;90,0000;3,7900;341,1000;0,0000;31/12/2026
HOSPITAL ESTADUAL TELECILA FREITAS FONTES /RN;932126;1259;Material;932126-5/2026;Gêneros alimentícios;Catálogo do Compras.gov.br;Material;8955;CAFÉ, CHÁ E CHOCOLATE;4805;CHÁ ALIMENTAÇÃO;353664;APRESENTAÇÃO: SAQUINHO COM 1 GRAMA, TIPO: HORTELÃ;CX;90,0000;3,0100;270,9000;0,0000;31/12/2026
HOSPITAL ESTADUAL TELECILA FREITAS FONTES /RN;932126;1260;Material;932126-5/2026;Gêneros alimentícios;Catálogo do Compras.gov.br;Material;8955;CAFÉ, CHÁ E CHOCOLATE;4805;CHÁ ALIMENTAÇÃO;482723;APRESENTAÇÃO: SACHÊ COM 1,6 G, SABOR: CAMOMILA, CIDREIRA E MARACUJÁ, TIPO: MISTO, USO: ALIMENTÍCIO;CX;120,0000;5,0000;600,0000;0,0000;31/12/2026
HOSPITAL ESTADUAL TELECILA FREITAS FONTES /RN;932126;1261;Material;932126-5/2026;Gêneros alimentícios;Catálogo do Compras.gov.br;Material;8955;CAFÉ, CHÁ E CHOCOLATE;4805;CHÁ ALIMENTAÇÃO;258194;APRESENTAÇÃO: SACHÊ, SABOR: MAÇÃ, TIPO: FRUTAS, APLICAÇÃO: ALIMENTAÇÃO DE PESSOAL;CX;120,0000;5,0000;600,0000;0,0000;31/12/2026
HOSPITAL ESTADUAL TELECILA FREITAS FONTES /RN;932126;1262;Material;932126-5/2026;Gêneros alimentícios;Catálogo do Compras.gov.br;Material;8955;CAFÉ, CHÁ E CHOCOLATE;19764;CHOCOLATE;463547;APRESENTAÇÃO: PÓ, CARACTERÍSTICA ADICIONAL: 50 % CACAU, SABOR: TRADICIONAL, TIPO: PRETO;EMB;36,0000;21,0000;756,0000;0,0000;31/12/2026
HOSPITAL ESTADUAL TELECILA FREITAS FONTES /RN;932126;1263;Material;932126-5/2026;Gêneros alimentícios;Catálogo do Compras.gov.br;Material;8910;OVOS E LATICÍNIOS;17295;CREME DE LEITE;446533;PROCESSAMENTO: UHT, TEOR GORDURA: ATÉ 20% DE GORDURA, TRATAMENTO: HOMOGENEIZADO;EMB;1200,0000;3,1100;3732,0000;0,0000;31/12/2026
HOSPITAL ESTADUAL TELECILA FREITAS FONTES /RN;932126;1264;Material;932126-5/2026;Gêneros alimentícios;Catálogo do Compras.gov.br;Material;8910;OVOS E LATICÍNIOS;17295;CREME DE LEITE;446538;PROCESSAMENTO: UHT, TEOR GORDURA: ATÉ 20% DE GORDURA, TIPO RESTRIÇÃO: ZERO LACTOSE, TRATAMENTO: HOMOGENEIZADO;EMB;240,0000;3,1100;746,4000;0,0000;31/12/2026
HOSPITAL ESTADUAL TELECILA FREITAS FONTES /RN;932126;1265;Material;932126-5/2026;Gêneros alimentícios;Catálogo do Compras.gov.br;Material;8945;ÓLEOS E GORDURAS COMESTÍVEIS;19769;GORDURA VEGETAL;463706;COMPOSIÇÃO BÁSICA: ABAIXO DE 40% DE GORDURA, SABOR: SEM SAL, TIPO: CREME VEGETAL;EMB;240,0000;6,5000;1560,0000;0,0000;31/12/2026
HOSPITAL ESTADUAL TELECILA FREITAS FONTES /RN;932126;1266;Material;932126-5/2026;Gêneros alimentícios;Catálogo do Compras.gov.br;Material;8925;AÇÚCAR, CONFEITOS, CASTANHAS, NOZES E SIMILARES;19754;DOCE NÃO CONFEITADO;465681;CARACTERÍSTICA ADICIONAL: PINGO DE LEITE, FORMA APRESENTAÇÃO: PALITO, SABOR: DOCE DE LEITE, TIPO: MASSA;EMB;1440,0000;6,0000;8640,0000;0,0000;31/12/2026
HOSPITAL ESTADUAL TELECILA FREITAS FONTES /RN;932126;1267;Material;932126-5/2026;Gêneros alimentícios;Catálogo do Compras.gov.br;Material;8925;AÇÚCAR, CONFEITOS, CASTANHAS, NOZES E SIMILARES;19754;DOCE NÃO CONFEITADO;462666;SABOR: BANANA, TIPO: MASSA;EMB;720,0000;4,7500;3420,0000;0,0000;31/12/2026
HOSPITAL ESTADUAL TELECILA FREITAS FONTES /RN;932126;1268;Material;932126-5/2026;Gêneros alimentícios;Catálogo do Compras.gov.br;Material;8925;AÇÚCAR, CONFEITOS, CASTANHAS, NOZES E SIMILARES;19754;DOCE NÃO CONFEITADO;462679;SABOR: GOIABA, TIPO: MASSA;EMB;1440,0000;4,7500;6840,0000;0,0000;31/12/2026
HOSPITAL ESTADUAL TELECILA FREITAS FONTES /RN;932126;1269;Material;932126-5/2026;Gêneros alimentícios;Catálogo do Compras.gov.br;Material;8950;CONDIMENTOS E PRODUTOS CORRELATOS;19716;MASSA DE TOMATE;620460;APRESENTAÇÃO: LÍQUIDO, COMPOSIÇÃO: POLPA DE TOMATE, SAL, TEMPEROS NATURAIS, TIPO: MOLHO PRONTO;EMB;600,0000;3,5200;2112,0000;0,0000;31/12/2026
HOSPITAL ESTADUAL TELECILA FREITAS FONTES /RN;932126;1270;Material;932126-5/2026;Gêneros alimentícios;Catálogo do Compras.gov.br;Material;8920;PRODUTOS DE PANIFICAÇÃO E CEREAIS;19692;FARINHA DE MANDIOCA;458918;ACIDEZ: BAIXA ACIDEZ, ASPECTO FÍSICO: TIPO 1, CLASSE: FINA, GRUPO: SECA, SUBGRUPO: BRANCA;EMB;600,0000;4,9800;2988,0000;0,0000;31/12/2026
HOSPITAL ESTADUAL TELECILA FREITAS FONTES /RN;932126;1271;Material;932126-5/2026;Gêneros alimentícios;Catálogo do Compras.gov.br;Material;8920;PRODUTOS DE PANIFICAÇÃO E CEREAIS;19720;FARINHA DE TRIGO;460265;GRUPO: DOMÉSTICO, INGREDIENTE ADICIONAL: COM FERMENTO, FORTIFICADA COM FERRO E ÁCIDO FÓLICO, TIPO: TIPO 1, ESPECIAL;EMB;300,0000;4,9900;1497,0000;0,0000;31/12/2026
HOSPITAL ESTADUAL TELECILA FREITAS FONTES /RN;932126;1272;Material;932126-5/2026;Gêneros alimentícios;Catálogo do Compras.gov.br;Material;8920;PRODUTOS DE PANIFICAÇÃO E CEREAIS;19720;FARINHA DE TRIGO;465332;GRUPO: INDUSTRIAL, INGREDIENTE ADICIONAL: SEM FERMENTO, TIPO: TIPO 1, ESPECIAL;EMB;240,0000;4,9900;1197,6000;0,0000;31/12/2026
HOSPITAL ESTADUAL TELECILA FREITAS FONTES /RN;932126;1273;Material;932126-5/2026;Gêneros alimentícios;Catálogo do Compras.gov.br;Material;8915;FRUTAS, VERDURAS E LEGUMES;19792;LEGUMINOSA;464567;TIPO: TIPO 1, VARIEDADE: FEIJÃO MACASSAR;EMB;360,0000;5,8500;2106,0000;0,0000;31/12/2026
HOSPITAL ESTADUAL TELECILA FREITAS FONTES /RN;932126;1274;Material;932126-5/2026;Gêneros alimentícios;Catálogo do Compras.gov.br;Material;8915;FRUTAS, VERDURAS E LEGUMES;19792;LEGUMINOSA;464552;TIPO: TIPO 1, VARIEDADE: FEIJÃO PRETO;EMB;360,0000;7,0000;2520,0000;0,0000;31/12/2026
HOSPITAL ESTADUAL TELECILA FREITAS FONTES /RN;932126;1275;Material;932126-5/2026;Gêneros alimentícios;Catálogo do Compras.gov.br;Material;8915;FRUTAS, VERDURAS E LEGUMES;19792;LEGUMINOSA;464553;TIPO: TIPO 1, VARIEDADE: FEIJÃO CARIOCA;EMB;400,0000;6,1300;2452,0000;0,0000;31/12/2026
HOSPITAL ESTADUAL TELECILA FREITAS FONTES /RN;932126;1276;Material;932126-5/2026;Gêneros alimentícios;Catálogo do Compras.gov.br;Material;8925;AÇÚCAR, CONFEITOS, CASTANHAS, NOZES E SIMILARES;19756;GELATINA ALIMENTÍCIA;462727;APRESENTAÇÃO: PÓ, ORIGEM: ANIMAL, SABOR: UVA;PCT;360,0000;4,2000;1512,0000;0,0000;31/12/2026
HOSPITAL ESTADUAL TELECILA FREITAS FONTES /RN;932126;1277;Material;932126-5/2026;Gêneros alimentícios;Catálogo do Compras.gov.br;Material;8925;AÇÚCAR, CONFEITOS, CASTANHAS, NOZES E SIMILARES;19756;GELATINA ALIMENTÍCIA;462713;APRESENTAÇÃO: PÓ, ORIGEM: ANIMAL, SABOR: LIMÃO;PCT;360,0000;4,2000;1512,0000;0,0000;31/12/2026
HOSPITAL ESTADUAL TELECILA FREITAS FONTES /RN;932126;1278;Material;932126-5/2026;Gêneros alimentícios;Catálogo do Compras.gov.br;Material;8925;AÇÚCAR, CONFEITOS, CASTANHAS, NOZES E SIMILARES;19756;GELATINA ALIMENTÍCIA;462705;APRESENTAÇÃO: PÓ, ORIGEM: ANIMAL, SABOR: ABACAXI;PCT;360,0000;4,2000;1512,0000;0,0000;31/12/2026
HOSPITAL ESTADUAL TELECILA FREITAS FONTES /RN;932126;1279;Material;932126-5/2026;Gêneros alimentícios;Catálogo do Compras.gov.br;Material;8915;FRUTAS, VERDURAS E LEGUMES;19792;LEGUMINOSA;464569;VARIEDADE: GRÃO DE BICO;EMB;180,0000;9,0000;1620,0000;0,0000;31/12/2026
HOSPITAL ESTADUAL TELECILA FREITAS FONTES /RN;932126;1280;Material;932126-5/2026;Gêneros alimentícios;Catálogo do Compras.gov.br;Material;8915;FRUTAS, VERDURAS E LEGUMES;19714;LEGUME EM CONSERVA;462823;TIPO: ERVILHA;EMB;420,0000;2,7800;1167,6000;0,0000;31/12/2026
HOSPITAL ESTADUAL TELECILA FREITAS FONTES /RN;932126;1281;Material;932126-5/2026;Gêneros alimentícios;Catálogo do Compras.gov.br;Material;8915;FRUTAS, VERDURAS E LEGUMES;19714;LEGUME EM CONSERVA;462824;TIPO: MILHO VERDE;EMB;420,0000;3,5400;1486,8000;0,0000;31/12/2026
HOSPITAL ESTADUAL TELECILA FREITAS FONTES /RN;932126;1282;Material;932126-5/2026;Gêneros alimentícios;Catálogo do Compras.gov.br;Material;8910;OVOS E LATICÍNIOS;19780;LEITE CONDENSADO;625631;INGREDIENTE BÁSICO: LEITE IN NATURA, TIPO: SEMIDESNATADO;CX;480,0000;6,5000;3120,0000;0,0000;31/12/2026
HOSPITAL ESTADUAL TELECILA FREITAS FONTES /RN;932126;1283;Material;932126-5/2026;Gêneros alimentícios;Catálogo do Compras.gov.br;Material;8910;OVOS E LATICÍNIOS;8755;LEITE EM PÓ;459637;ORIGEM: DE VACA, SOLUBILIDADE: NÃO INSTANTÂNEO, TEOR GORDURA: INTEGRAL;EMB;540,0000;6,6600;3596,4000;0,0000;31/12/2026
HOSPITAL ESTADUAL TELECILA FREITAS FONTES /RN;932126;1284;Material;932126-5/2026;Gêneros alimentícios;Catálogo do Compras.gov.br;Material;8910;OVOS E LATICÍNIOS;8755;LEITE EM PÓ;446021;ORIGEM: DE VACA, SOLUBILIDADE: INSTANTÂNEO, TEOR GORDURA: DESNATADO;EMB;216,0000;7,2400;1563,8400;0,0000;31/12/2026
HOSPITAL ESTADUAL TELECILA FREITAS FONTES /RN;932126;1285;Material;932126-5/2026;Gêneros alimentícios;Catálogo do Compras.gov.br;Material;8910;OVOS E LATICÍNIOS;8755;LEITE EM PÓ;447375;ORIGEM: DE VACA, SOLUBILIDADE: INSTANTÂNEO, TEOR GORDURA: INTEGRAL, TIPO RESTRIÇÃO: ZERO LACTOSE;EMB;216,0000;25,0000;5400,0000;0,0000;31/12/2026
HOSPITAL ESTADUAL TELECILA FREITAS FONTES /RN;932126;1286;Material;932126-5/2026;Gêneros alimentícios;Catálogo do Compras.gov.br;Material;8920;PRODUTOS DE PANIFICAÇÃO E CEREAIS;19691;MACARRÃO;458997;APRESENTAÇÃO: LASANHA, BASE DA MASSA: DE FARINHA DE TRIGO, TEOR DE UMIDADE: MASSA SECA;EMB;100,0000;4,5000;450,0000;0,0000;31/12/2026
HOSPITAL ESTADUAL TELECILA FREITAS FONTES /RN;932126;1287;Material;932126-5/2026;Gêneros alimentícios;Catálogo do Compras.gov.br;Material;8920;PRODUTOS DE PANIFICAÇÃO E CEREAIS;19691;MACARRÃO;458988;APRESENTAÇÃO: PARAFUSO, BASE DA MASSA: DE FARINHA DE TRIGO, TEOR DE UMIDADE: MASSA SECA, TIPO: INTEGRAL;EMB;240,0000;4,1700;1000,8000;0,0000;31/12/2026
HOSPITAL ESTADUAL TELECILA FREITAS FONTES /RN;932126;1288;Material;932126-5/2026;Gêneros alimentícios;Catálogo do Compras.gov.br;Material;8920;PRODUTOS DE PANIFICAÇÃO E CEREAIS;19691;MACARRÃO;458981;APRESENTAÇÃO: PENNE, BASE DA MASSA: DE FARINHA DE TRIGO, INGREDIENTES ADICIONAIS: COM OVOS, TEOR DE UMIDADE: MASSA SECA;EMB;240,0000;5,2300;1255,2000;0,0000;31/12/2026
HOSPITAL ESTADUAL TELECILA FREITAS FONTES /RN;932126;1289;Material;932126-5/2026;Gêneros alimentícios;Catálogo do Compras.gov.br;Material;8920;PRODUTOS DE PANIFICAÇÃO E CEREAIS;19691;MACARRÃO;458952;APRESENTAÇÃO: ESPAGUETE, BASE DA MASSA: DE FARINHA DE TRIGO, TEOR DE UMIDADE: MASSA SECA, TIPO: INTEGRAL;EMB;180,0000;2,7900;502,2000;0,0000;31/12/2026
HOSPITAL ESTADUAL TELECILA FREITAS FONTES /RN;932126;1290;Material;932126-5/2026;Gêneros alimentícios;Catálogo do Compras.gov.br;Material;8920;PRODUTOS DE PANIFICAÇÃO E CEREAIS;19691;MACARRÃO;458951;APRESENTAÇÃO: ESPAGUETE, BASE DA MASSA: DE FARINHA DE TRIGO, TEOR DE UMIDADE: MASSA SECA;EMB;600,0000;3,5200;2112,0000;0,0000;31/12/2026
HOSPITAL ESTADUAL TELECILA FREITAS FONTES /RN;932126;1291;Material;932126-5/2026;Gêneros alimentícios;Catálogo do Compras.gov.br;Material;8950;CONDIMENTOS E PRODUTOS CORRELATOS;19715;MOLHO DE MESA;476902;APRESENTAÇÃO: LÍQUIDO, COMPOSIÇÃO: COM SABOR, TIPO: MADEIRA;EMB;36,0000;21,9000;788,4000;0,0000;31/12/2026
HOSPITAL ESTADUAL TELECILA FREITAS FONTES /RN;932126;1292;Material;932126-5/2026;Gêneros alimentícios;Catálogo do Compras.gov.br;Material;8950;CONDIMENTOS E PRODUTOS CORRELATOS;19715;MOLHO DE MESA;459667;APRESENTAÇÃO: CREME, COMPOSIÇÃO: TRADICIONAL, TIPO: MOSTARDA;EMB;240,0000;10,9000;2616,0000;0,0000;31/12/2026
HOSPITAL ESTADUAL TELECILA FREITAS FONTES /RN;932126;1293;Material;932126-5/2026;Gêneros alimentícios;Catálogo do Compras.gov.br;Material;8950;CONDIMENTOS E PRODUTOS CORRELATOS;19715;MOLHO DE MESA;459658;APRESENTAÇÃO: CREME, COMPOSIÇÃO: TRADICIONAL, TIPO: MAIONESE;EMB;90,0000;7,8000;702,0000;0,0000;31/12/2026
HOSPITAL ESTADUAL TELECILA FREITAS FONTES /RN;932126;1294;Material;932126-5/2026;Gêneros alimentícios;Catálogo do Compras.gov.br;Material;8950;CONDIMENTOS E PRODUTOS CORRELATOS;19715;MOLHO DE MESA;459663;APRESENTAÇÃO: CREME, COMPOSIÇÃO: TRADICIONAL, TIPO: CATCHUP;EMB;120,0000;9,9000;1188,0000;0,0000;31/12/2026
HOSPITAL ESTADUAL TELECILA FREITAS FONTES /RN;932126;1295;Material;932126-5/2026;Gêneros alimentícios;Catálogo do Compras.gov.br;Material;8950;CONDIMENTOS E PRODUTOS CORRELATOS;19715;MOLHO DE MESA;459653;APRESENTAÇÃO: LÍQUIDO, COMPOSIÇÃO: TRADICIONAL, TIPO: SHOYU;EMB;24,0000;18,7000;448,8000;0,0000;31/12/2026
HOSPITAL ESTADUAL TELECILA FREITAS FONTES /RN;932126;1296;Material;932126-5/2026;Gêneros alimentícios;Catálogo do Compras.gov.br;Material;8945;ÓLEOS E GORDURAS COMESTÍVEIS;19769;GORDURA VEGETAL;463699;COMPOSIÇÃO BÁSICA: MÍNIMO DE 80% DE GORDURA, SABOR: COM SAL, SUBTIPO: CREMOSA, TIPO: MARGARINA;EMB;20,0000;35,6100;712,2000;0,0000;31/12/2026
HOSPITAL ESTADUAL TELECILA FREITAS FONTES /RN;932126;1297;Material;932126-5/2026;Gêneros alimentícios;Catálogo do Compras.gov.br;Material;8945;ÓLEOS E GORDURAS COMESTÍVEIS;19767;ÓLEO VEGETAL COMESTÍVEL;463692;ESPÉCIE VEGETAL: SOJA, TIPO: PURO, TIPO QUALIDADE: TIPO 1;EMB;450,0000;5,9700;2686,5000;0,0000;31/12/2026
HOSPITAL ESTADUAL TELECILA FREITAS FONTES /RN;932126;1298;Material;932126-5/2026;Gêneros alimentícios;Catálogo do Compras.gov.br;Material;8905;CARNES, AVES E PEIXES;4560;PROTEÍNA TEXTURIZADA SOJA;297483;APRESENTAÇÃO: FLOCOS, ASPECTO FÍSICO: DESIDRATADA;EMB;450,0000;5,0700;2281,5000;0,0000;31/12/2026
HOSPITAL ESTADUAL TELECILA FREITAS FONTES /RN;932126;1299;Material;932126-5/2026;Gêneros alimentícios;Catálogo do Compras.gov.br;Material;8925;AÇÚCAR, CONFEITOS, CASTANHAS, NOZES E SIMILARES;19754;DOCE NÃO CONFEITADO;609082;FORMA APRESENTAÇÃO: TABLETE, SABOR: RAPADURA, TIPO: SECO;EMB;600,0000;10,0000;6000,0000;0,0000;31/12/2026
HOSPITAL ESTADUAL TELECILA FREITAS FONTES /RN;932126;1300;Material;932126-5/2026;Gêneros alimentícios;Catálogo do Compras.gov.br;Material;8950;CONDIMENTOS E PRODUTOS CORRELATOS;852;SAL;454017;ACIDEZ: 7,0, APLICAÇÃO: ALIMENTÍCIA, TEOR MÁXIMO SÓDIO: 390, TIPO: REFINADO;PCT;240,0000;1,0500;252,0000;0,0000;31/12/2026
HOSPITAL ESTADUAL TELECILA FREITAS FONTES /RN;932126;1301;Material;932126-5/2026;Gêneros alimentícios;Catálogo do Compras.gov.br;Material;8950;CONDIMENTOS E PRODUTOS CORRELATOS;852;SAL;454017;ACIDEZ: 7,0, APLICAÇÃO: ALIMENTÍCIA, TEOR MÁXIMO SÓDIO: 390, TIPO: REFINADO;CX;20,0000;29,9900;599,8000;0,0000;31/12/2026
HOSPITAL ESTADUAL TELECILA FREITAS FONTES /RN;932126;1302;Material;932126-5/2026;Gêneros alimentícios;Catálogo do Compras.gov.br;Material;8950;CONDIMENTOS E PRODUTOS CORRELATOS;12619;TEMPERO;243203;APLICAÇÃO: USO CULINÁRIO, APRESENTAÇÃO: LÍQUIDO, TIPO: COMPLETO SEM PIMENTA, CONDIMENTADO E CONCENTRADO;GRF;240,0000;1,4400;345,6000;0,0000;31/12/2026
HOSPITAL ESTADUAL TELECILA FREITAS FONTES /RN;932126;1303;Material;932126-5/2026;Gêneros alimentícios;Catálogo do Compras.gov.br;Material;8950;CONDIMENTOS E PRODUTOS CORRELATOS;853;VINAGRE;217096;ACIDEZ: 4,20, ASPECTO FÍSICO: LÍQUIDO, ASPECTO VISUAL: LÍMPIDO E SEM DEPÓSITOS, MATÉRIA-PRIMA: ÁLCOOL CANA DE AÇÚCAR, TIPO: NEUTRO;FR;240,0000;3,1400;753,6000;0,0000;31/12/2026
HOSPITAL ESTADUAL TELECILA FREITAS FONTES /RN;932126;1304;Material;932126-5/2026;Gêneros alimentícios;Catálogo do Compras.gov.br;Material;8915;FRUTAS, VERDURAS E LEGUMES;19789;FRUTA;464373;APRESENTAÇÃO: NATURAL, TIPO: ABACATE FORTUNA;KG;480,0000;7,1800;3446,4000;0,0000;31/12/2026
HOSPITAL ESTADUAL TELECILA FREITAS FONTES /RN;932126;1305;Material;932126-5/2026;Gêneros alimentícios;Catálogo do Compras.gov.br;Material;8915;FRUTAS, VERDURAS E LEGUMES;19772;LEGUME IN NATURA;463746;TIPO: ABÓBORA MORANGA;KG;480,0000;1,4000;672,0000;0,0000;31/12/2026
HOSPITAL ESTADUAL TELECILA FREITAS FONTES /RN;932126;1306;Material;932126-5/2026;Gêneros alimentícios;Catálogo do Compras.gov.br;Material;8915;FRUTAS, VERDURAS E LEGUMES;19789;FRUTA;464374;APRESENTAÇÃO: NATURAL, TIPO: ABACAXI PÉROLA;KG;480,0000;0,9400;451,2000;0,0000;31/12/2026
HOSPITAL ESTADUAL TELECILA FREITAS FONTES /RN;932126;1307;Material;932126-5/2026;Gêneros alimentícios;Catálogo do Compras.gov.br;Material;8915;FRUTAS, VERDURAS E LEGUMES;19773;VERDURA IN NATURA;463818;TIPO: ACELGA;KG;400,0000;2,8000;1120,0000;0,0000;31/12/2026
HOSPITAL ESTADUAL TELECILA FREITAS FONTES /RN;932126;1308;Material;932126-5/2026;Gêneros alimentícios;Catálogo do Compras.gov.br;Material;8915;FRUTAS, VERDURAS E LEGUMES;19773;VERDURA IN NATURA;463822;TIPO: COUVE;KG;300,0000;8,0000;2400,0000;0,0000;31/12/2026
HOSPITAL ESTADUAL TELECILA FREITAS FONTES /RN;932126;1309;Material;932126-5/2026;Gêneros alimentícios;Catálogo do Compras.gov.br;Material;8915;FRUTAS, VERDURAS E LEGUMES;19773;VERDURA IN NATURA;463845;APRESENTAÇÃO: ORGÂNICA, TIPO: ALFACE AMERICANA;KG;360,0000;5,0000;1800,0000;0,0000;31/12/2026
HOSPITAL ESTADUAL TELECILA FREITAS FONTES /RN;932126;1310;Material;932126-5/2026;Gêneros alimentícios;Catálogo do Compras.gov.br;Material;8950;CONDIMENTOS E PRODUTOS CORRELATOS;19774;CONDIMENTO;463938;ADICIONAL: CABEÇA, APRESENTAÇÃO: NATURAL, TIPO: ALHO;KG;140,0000;13,0000;1820,0000;0,0000;31/12/2026
HOSPITAL ESTADUAL TELECILA FREITAS FONTES /RN;932126;1320;Material;932126-5/2026;Gêneros alimentícios;Catálogo do Compras.gov.br;Material;8915;FRUTAS, VERDURAS E LEGUMES;19772;LEGUME IN NATURA;463781;TIPO: CEBOLA BRANCA;KG;945,0000;2,7000;2551,5000;0,0000;31/12/2026
HOSPITAL ESTADUAL TELECILA FREITAS FONTES /RN;932126;1321;Material;932126-5/2026;Gêneros alimentícios;Catálogo do Compras.gov.br;Material;8915;FRUTAS, VERDURAS E LEGUMES;19789;FRUTA;464390;APRESENTAÇÃO: NATURAL, TIPO: COCO VERDE;KG;300,0000;1,7600;528,0000;0,0000;31/12/2026
HOSPITAL ESTADUAL TELECILA FREITAS FONTES /RN;932126;1322;Material;932126-5/2026;Gêneros alimentícios;Catálogo do Compras.gov.br;Material;8915;FRUTAS, VERDURAS E LEGUMES;19789;FRUTA;464446;APRESENTAÇÃO: DESIDRATADA / SECA, TIPO: COCO VERDE;KG;40,0000;4,5900;183,6000;0,0000;31/12/2026
HOSPITAL ESTADUAL TELECILA FREITAS FONTES /RN;932126;1323;Material;932126-5/2026;Gêneros alimentícios;Catálogo do Compras.gov.br;Material;8930;GELEIAS, CONSERVAS E GELATINAS;19789;FRUTA;474374;ADICIONAL: PRETA, APRESENTAÇÃO: DESIDRATADA / SECA, TIPO 1: AMEIXA;KG;1750,0000;12,0000;21000,0000;0,0000;31/12/2026
HOSPITAL ESTADUAL TELECILA FREITAS FONTES /RN;932126;1324;Material;932126-5/2026;Gêneros alimentícios;Catálogo do Compras.gov.br;Material;8915;FRUTAS, VERDURAS E LEGUMES;19789;FRUTA;464392;APRESENTAÇÃO: NATURAL, TIPO: GOIABA VERMELHA;KG;140,0000;4,2000;588,0000;0,0000;31/12/2026
HOSPITAL ESTADUAL TELECILA FREITAS FONTES /RN;932126;1325;Material;932126-5/2026;Gêneros alimentícios;Catálogo do Compras.gov.br;Material;8920;PRODUTOS DE PANIFICAÇÃO E CEREAIS;19696;AMIDO;465693;BASE: DE MANDIOCA, CARACTERÍSTICAS ADICIONAIS: MASSA HIDRATADA PARA TAPIOCA, SEM SABOR, GRUPO: TAPIOCA, SUBGRUPO: GOMA;EMB;420,0000;3,1800;1335,6000;0,0000;31/12/2026
HOSPITAL ESTADUAL TELECILA FREITAS FONTES /RN;932126;1326;Material;932126-5/2026;Gêneros alimentícios;Catálogo do Compras.gov.br;Material;8915;FRUTAS, VERDURAS E LEGUMES;19772;LEGUME IN NATURA;463789;TIPO: INHAME;KG;420,0000;4,0000;1680,0000;0,0000;31/12/2026
HOSPITAL ESTADUAL TELECILA FREITAS FONTES /RN;932126;1327;Material;932126-5/2026;Gêneros alimentícios;Catálogo do Compras.gov.br;Material;8915;FRUTAS, VERDURAS E LEGUMES;19789;FRUTA;464393;APRESENTAÇÃO: NATURAL, TIPO: LARANJA PERA;KG;540,0000;3,4900;1884,6000;0,0000;31/12/2026
HOSPITAL ESTADUAL TELECILA FREITAS FONTES /RN;932126;1328;Material;932126-5/2026;Gêneros alimentícios;Catálogo do Compras.gov.br;Material;8915;FRUTAS, VERDURAS E LEGUMES;19789;FRUTA;464398;APRESENTAÇÃO: NATURAL, TIPO: LIMÃO TAITI;KG;150,0000;4,9800;747,0000;0,0000;31/12/2026
HOSPITAL ESTADUAL TELECILA FREITAS FONTES /RN;932126;1329;Material;932126-5/2026;Gêneros alimentícios;Catálogo do Compras.gov.br;Material;8915;FRUTAS, VERDURAS E LEGUMES;19789;FRUTA;464401;APRESENTAÇÃO: NATURAL, TIPO: MAÇÃ FUJI;KG;150,0000;10,2000;1530,0000;0,0000;31/12/2026
HOSPITAL ESTADUAL TELECILA FREITAS FONTES /RN;932126;1330;Material;932126-5/2026;Gêneros alimentícios;Catálogo do Compras.gov.br;Material;8915;FRUTAS, VERDURAS E LEGUMES;19772;LEGUME IN NATURA;463795;TIPO: MANDIOCA / AIPIM;KG;540,0000;3,4400;1857,6000;0,0000;31/12/2026
HOSPITAL ESTADUAL TELECILA FREITAS FONTES /RN;932126;1331;Material;932126-5/2026;Gêneros alimentícios;Catálogo do Compras.gov.br;Material;8915;FRUTAS, VERDURAS E LEGUMES;19789;FRUTA;464405;APRESENTAÇÃO: NATURAL, TIPO: MAMÃO FORMOSA;KG;600,0000;1,9900;1194,0000;0,0000;31/12/2026
HOSPITAL ESTADUAL TELECILA FREITAS FONTES /RN;932126;1332;Material;932126-5/2026;Gêneros alimentícios;Catálogo do Compras.gov.br;Material;8915;FRUTAS, VERDURAS E LEGUMES;19789;FRUTA;464418;APRESENTAÇÃO: NATURAL, TIPO: MELANCIA VERMELHA;KG;1350,0000;1,7600;2376,0000;0,0000;31/12/2026
HOSPITAL ESTADUAL TELECILA FREITAS FONTES /RN;932126;1333;Material;932126-5/2026;Gêneros alimentícios;Catálogo do Compras.gov.br;Material;8915;FRUTAS, VERDURAS E LEGUMES;19789;FRUTA;464421;APRESENTAÇÃO: NATURAL, TIPO: MELÃO CANTALOUPE;KG;540,0000;1,2400;669,6000;0,0000;31/12/2026
HOSPITAL ESTADUAL TELECILA FREITAS FONTES /RN;932126;1334;Material;932126-5/2026;Gêneros alimentícios;Catálogo do Compras.gov.br;Material;8915;FRUTAS, VERDURAS E LEGUMES;19772;LEGUME IN NATURA;463796;TIPO: PEPINO;KG;210,0000;3,5000;735,0000;0,0000;31/12/2026
HOSPITAL ESTADUAL TELECILA FREITAS FONTES /RN;932126;1335;Material;932126-5/2026;Gêneros alimentícios;Catálogo do Compras.gov.br;Material;8915;FRUTAS, VERDURAS E LEGUMES;19789;FRUTA;464426;APRESENTAÇÃO: NATURAL, TIPO: PERA D'ÁGUA;KG;240,0000;11,0000;2640,0000;0,0000;31/12/2026
HOSPITAL ESTADUAL TELECILA FREITAS FONTES /RN;932126;1336;Material;932126-5/2026;Gêneros alimentícios;Catálogo do Compras.gov.br;Material;8730;SEMENTES E MUDAS DE PLANTAS;19772;LEGUME IN NATURA;463809;TIPO: PIMENTÃO VERDE;KG;120,0000;2,7000;324,0000;0,0000;31/12/2026
HOSPITAL ESTADUAL TELECILA FREITAS FONTES /RN;932126;1337;Material;932126-5/2026;Gêneros alimentícios;Catálogo do Compras.gov.br;Material;8730;SEMENTES E MUDAS DE PLANTAS;19772;LEGUME IN NATURA;463792;TIPO: QUIABO;KG;150,0000;5,5000;825,0000;0,0000;31/12/2026
HOSPITAL ESTADUAL TELECILA FREITAS FONTES /RN;932126;1338;Material;932126-5/2026;Gêneros alimentícios;Catálogo do Compras.gov.br;Material;8730;SEMENTES E MUDAS DE PLANTAS;19772;LEGUME IN NATURA;463805;TIPO: TOMATE ITALIANO;KG;1080,0000;2,2000;2376,0000;0,0000;31/12/2026
HOSPITAL ESTADUAL TELECILA FREITAS FONTES /RN;932126;1339;Material;932126-5/2026;Gêneros alimentícios;Catálogo do Compras.gov.br;Material;8915;FRUTAS, VERDURAS E LEGUMES;13388;VERDURA IN NATURA*;481121;APLICAÇÃO: CULINÁRIA EM GERAL, CARACTERÍSTICAS ADICIONAIS: 1ª QUALIDADE/FOLHA VERDE VIVO/SEM FUNGOS., ESPÉCIE: COMUM, TIPO: REPOLHO VERDE;KG;400,0000;2,3500;940,0000;0,0000;31/12/2026
HOSPITAL ESTADUAL TELECILA FREITAS FONTES /RN;932126;1340;Material;932126-5/2026;Gêneros alimentícios;Catálogo do Compras.gov.br;Material;8915;FRUTAS, VERDURAS E LEGUMES;19789;FRUTA;464435;APRESENTAÇÃO: NATURAL, TIPO: TANGERINA / BERGAMOTA;KG;150,0000;3,2500;487,5000;0,0000;31/12/2026
HOSPITAL ESTADUAL TELECILA FREITAS FONTES /RN;932126;1341;Material;932126-5/2026;Gêneros alimentícios;Catálogo do Compras.gov.br;Material;8915;FRUTAS, VERDURAS E LEGUMES;19789;FRUTA;464883;ADICIONAL: PRETA, APRESENTAÇÃO: DESIDRATADA / SECA, TIPO 1: UVA PASSA;KG;12,0000;18,0000;216,0000;0,0000;31/12/2026
HOSPITAL ESTADUAL TELECILA FREITAS FONTES /RN;932126;1342;Material;932126-5/2026;Gêneros alimentícios;Catálogo do Compras.gov.br;Material;8915;FRUTAS, VERDURAS E LEGUMES;19789;FRUTA;625864;ADICIONAL: COM SEMENTE, APRESENTAÇÃO: NATURAL, TIPO 1: UVA SANTA ISABEL. (PRETA);KG;90,0000;9,2000;828,0000;0,0000;31/12/2026
HOSPITAL ESTADUAL TELECILA FREITAS FONTES /RN;932126;1343;Material;932126-5/2026;Gêneros alimentícios;Catálogo do Compras.gov.br;Material;8915;FRUTAS, VERDURAS E LEGUMES;19789;FRUTA;464455;APRESENTAÇÃO: NATURAL, TIPO: UVA VERDE;KG;90,0000;9,2000;828,0000;0,0000;31/12/2026
HOSPITAL ESTADUAL TELECILA FREITAS FONTES /RN;932126;1344;Material;932126-5/2026;Gêneros alimentícios;Catálogo do Compras.gov.br;Material;8905;CARNES, AVES E PEIXES;4548;CARNE BOVINA IN NATURA;451066;APRESENTAÇÃO: CORTADA EM TIRAS, ESTADO DE CONSERVAÇÃO: CONGELADO(A), TIPO CORTE: PATINHO;KG;600,0000;32,2900;19374,0000;0,0000;31/12/2026
HOSPITAL ESTADUAL TELECILA FREITAS FONTES /RN;932126;1345;Material;932126-5/2026;Gêneros alimentícios;Catálogo do Compras.gov.br;Material;8905;CARNES, AVES E PEIXES;4548;CARNE BOVINA IN NATURA;454336;APRESENTAÇÃO: PEÇA INTEIRA, ESTADO DE CONSERVAÇÃO: CONGELADO(A), PROCESSAMENTO: SEM OSSO, TIPO CORTE: MÚSCULO TRASEIRO;KG;960,0000;23,7300;22780,8000;0,0000;31/12/2026
HOSPITAL ESTADUAL TELECILA FREITAS FONTES /RN;932126;1346;Material;932126-5/2026;Gêneros alimentícios;Catálogo do Compras.gov.br;Material;8905;CARNES, AVES E PEIXES;4548;CARNE BOVINA IN NATURA;447498;APRESENTAÇÃO: MOIDA, ESTADO DE CONSERVAÇÃO: CONGELADO(A), TIPO CORTE: MÚSCULO TRASEIRO;EMB;720,0000;24,0000;17280,0000;0,0000;31/12/2026
HOSPITAL ESTADUAL TELECILA FREITAS FONTES /RN;932126;1347;Material;932126-5/2026;Gêneros alimentícios;Catálogo do Compras.gov.br;Material;8905;CARNES, AVES E PEIXES;4548;CARNE BOVINA IN NATURA;447449;APRESENTAÇÃO: FATIADA EM BIFE, ESTADO DE CONSERVAÇÃO: CONGELADO(A), TIPO CORTE: PATINHO;KG;1086,0000;30,2200;32818,9200;0,0000;31/12/2026
HOSPITAL ESTADUAL TELECILA FREITAS FONTES /RN;932126;1348;Material;932126-5/2026;Gêneros alimentícios;Catálogo do Compras.gov.br;Material;8905;CARNES, AVES E PEIXES;4548;CARNE BOVINA IN NATURA;447443;APRESENTAÇÃO: CORTADA, ESTADO DE CONSERVAÇÃO: CONGELADO(A), TIPO CORTE: LAGARTO;KG;945,0000;25,7500;24333,7500;0,0000;31/12/2026
HOSPITAL ESTADUAL TELECILA FREITAS FONTES /RN;932126;1349;Material;932126-5/2026;Gêneros alimentícios;Catálogo do Compras.gov.br;Material;8905;CARNES, AVES E PEIXES;4548;CARNE BOVINA IN NATURA;447431;APRESENTAÇÃO: PEÇA INTEIRA, ESTADO DE CONSERVAÇÃO: CONGELADO(A), TIPO CORTE: COXÃO MOLE;KG;540,0000;31,9400;17247,6000;0,0000;31/12/2026
HOSPITAL ESTADUAL TELECILA FREITAS FONTES /RN;932126;1350;Material;932126-5/2026;Gêneros alimentícios;Catálogo do Compras.gov.br;Material;8905;CARNES, AVES E PEIXES;4548;CARNE BOVINA IN NATURA;447412;APRESENTAÇÃO: CORTADA, ESTADO DE CONSERVAÇÃO: CONGELADO(A), TIPO CORTE: COSTELA;KG;675,0000;19,0000;12825,0000;0,0000;31/12/2026
HOSPITAL ESTADUAL TELECILA FREITAS FONTES /RN;932126;1351;Material;932126-5/2026;Gêneros alimentícios;Catálogo do Compras.gov.br;Material;8905;CARNES, AVES E PEIXES;4548;CARNE BOVINA IN NATURA;447448;APRESENTAÇÃO: PEÇA INTEIRA, ESTADO DE CONSERVAÇÃO: CONGELADO(A), TIPO CORTE: PATINHO;KG;840,0000;23,9600;20126,4000;0,0000;31/12/2026
HOSPITAL ESTADUAL TELECILA FREITAS FONTES /RN;932126;1352;Material;932126-5/2026;Gêneros alimentícios;Catálogo do Compras.gov.br;Material;8905;CARNES, AVES E PEIXES;3267;CARNE SALGADA;447734;APRESENTAÇÃO: EM MANTAS, ESTADO DE CONSERVAÇÃO: SECO(A), ORIGEM: BOVINA, TIPO CORTE: PONTA DE AGULHA - CHARQUE;EMB;260,0000;23,1400;6016,4000;0,0000;31/12/2026
HOSPITAL ESTADUAL TELECILA FREITAS FONTES /RN;932126;1353;Material;932126-5/2026;Gêneros alimentícios;Catálogo do Compras.gov.br;Material;8905;CARNES, AVES E PEIXES;3267;CARNE SALGADA;447744;APRESENTAÇÃO: CORTADA, ESTADO DE CONSERVAÇÃO: RESFRIADO(A), ORIGEM: SUÍNA, TIPO CORTE: LOMBO;EMB;540,0000;26,3000;14202,0000;0,0000;31/12/2026
HOSPITAL ESTADUAL TELECILA FREITAS FONTES /RN;932126;1354;Material;932126-5/2026;Gêneros alimentícios;Catálogo do Compras.gov.br;Material;8910;OVOS E LATICÍNIOS;11534;QUEIJO;446636;APRESENTAÇÃO: FATIADO, ORIGEM: DE VACA, VARIEDADE: MUÇARELA;KG;300,0000;32,8000;9840,0000;0,0000;31/12/2026
HOSPITAL ESTADUAL TELECILA FREITAS FONTES /RN;932126;1355;Material;932126-5/2026;Gêneros alimentícios;Catálogo do Compras.gov.br;Material;8910;OVOS E LATICÍNIOS;11534;QUEIJO;446638;APRESENTAÇÃO: FATIADO, ORIGEM: DE VACA, TEOR GORDURA: BAIXO TEOR DE GORDURA, TIPO RESTRIÇÃO: ZERO LACTOSE, VARIEDADE: MUÇARELA;KG;120,0000;32,8000;3936,0000;0,0000;31/12/2026
HOSPITAL ESTADUAL TELECILA FREITAS FONTES /RN;932126;1356;Material;932126-5/2026;Gêneros alimentícios;Catálogo do Compras.gov.br;Material;8910;OVOS E LATICÍNIOS;11534;QUEIJO;446654;APRESENTAÇÃO: PEÇA, ORIGEM: DE VACA, TIPO: FRESCO, VARIEDADE: RICOTA;KG;90,0000;26,0000;2340,0000;0,0000;31/12/2026
HOSPITAL ESTADUAL TELECILA FREITAS FONTES /RN;932126;1357;Material;932126-5/2026;Gêneros alimentícios;Catálogo do Compras.gov.br;Material;8910;OVOS E LATICÍNIOS;11534;QUEIJO;447072;APRESENTAÇÃO: PEÇA, ORIGEM: DE VACA, TIPO: FRESCO, VARIEDADE: COALHO;KG;360,0000;34,9900;12596,4000;0,0000;31/12/2026
HOSPITAL ESTADUAL TELECILA FREITAS FONTES /RN;932126;1358;Material;932126-5/2026;Gêneros alimentícios;Catálogo do Compras.gov.br;Material;8905;CARNES, AVES E PEIXES;2156;FRIOS;447773;APRESENTAÇÃO: FATIADO, ESTADO DE CONSERVAÇÃO: RESFRIADO(A), TIPO PREPARAÇÃO: COZIDO, VARIEDADE: PRESUNTO DE PERU;KG;195,0000;19,1400;3732,3000;0,0000;31/12/2026
HOSPITAL ESTADUAL TELECILA FREITAS FONTES /RN;932126;1359;Material;932126-5/2026;Gêneros alimentícios;Catálogo do Compras.gov.br;Material;8910;OVOS E LATICÍNIOS;19586;OVO;446618;CLASSE: A, GRUPO: BRANCO, ORIGEM: GALINHA, TIPO: GRANDE;UN;8400,0000;0,5700;4788,0000;0,0000;31/12/2026
HOSPITAL ESTADUAL TELECILA FREITAS FONTES /RN;932126;1360;Material;932126-5/2026;Gêneros alimentícios;Catálogo do Compras.gov.br;Material;8905;CARNES, AVES E PEIXES;4550;CARNE DE AVE IN NATURA;447636;APRESENTAÇÃO: INTEIRO, ESTADO DE CONSERVAÇÃO: CONGELADO(A), PROCESSAMENTO: COM PELE, COM OSSO, TIPO ANIMAL: FRANGO, TIPO CORTE: COXA E SOBRECOXA;KG;3600,0000;8,3000;29880,0000;0,0000;31/12/2026
HOSPITAL ESTADUAL TELECILA FREITAS FONTES /RN;932126;1361;Material;932126-5/2026;Gêneros alimentícios;Catálogo do Compras.gov.br;Material;8905;CARNES, AVES E PEIXES;4550;CARNE DE AVE IN NATURA;447581;APRESENTAÇÃO: FATIADO, ESTADO DE CONSERVAÇÃO: CONGELADO(A), PROCESSAMENTO: SEM PELE, SEM OSSO, TIPO ANIMAL: FRANGO, TIPO CORTE: FILÉ DE PEITO;KG;1440,0000;16,2300;23371,2000;0,0000;31/12/2026
HOSPITAL ESTADUAL TELECILA FREITAS FONTES /RN;932126;1362;Material;932126-5/2026;Gêneros alimentícios;Catálogo do Compras.gov.br;Material;8905;CARNES, AVES E PEIXES;4550;CARNE DE AVE IN NATURA;447596;APRESENTAÇÃO: INTEIRO, ESTADO DE CONSERVAÇÃO: CONGELADO(A), PROCESSAMENTO: COM PELE, COM OSSO, TIPO ANIMAL: FRANGO, TIPO CORTE: PEITO;KG;1800,0000;15,4000;27720,0000;0,0000;31/12/2026
HOSPITAL ESTADUAL TELECILA FREITAS FONTES /RN;932126;1363;Material;932126-5/2026;Gêneros alimentícios;Catálogo do Compras.gov.br;Material;8910;OVOS E LATICÍNIOS;8753;LEITE FLUIDO;446003;ORIGEM: DE VACA, PROCESSAMENTO: PASTEURIZADO, TEOR GORDURA: INTEGRAL, TIPO: B;SC;2400,0000;1,9900;4776,0000;0,0000;31/12/2026
HOSPITAL ESTADUAL TELECILA FREITAS FONTES /RN;932126;1364;Material;932126-5/2026;Gêneros alimentícios;Catálogo do Compras.gov.br;Material;8910;OVOS E LATICÍNIOS;8753;LEITE FLUIDO;445997;ORIGEM: DE VACA, PROCESSAMENTO: UHT, TEOR GORDURA: DESNATADO, TIPO: A;SC;1200,0000;1,9900;2388,0000;0,0000;31/12/2026
HOSPITAL ESTADUAL TELECILA FREITAS FONTES /RN;932126;1365;Material;932126-5/2026;Gêneros alimentícios;Catálogo do Compras.gov.br;Material;8910;OVOS E LATICÍNIOS;836;COALHADA;278946;CARACTERÍSTICAS ADICIONAIS: LIGHT, SEMI-DESNATADO, CULTURA LÁCTEA, ASPARTAME C, INGREDIENTES: LEITE PASTEURIZADO, PESO: 120, TIPO EMBALAGEM: COPO PLÁSTICO;COPO;840,0000;2,7000;2268,0000;0,0000;31/12/2026
HOSPITAL ESTADUAL TELECILA FREITAS FONTES /RN;932126;1366;Material;932126-5/2026;Gêneros alimentícios;Catálogo do Compras.gov.br;Material;8910;OVOS E LATICÍNIOS;18653;BEBIDA LÁCTEA;620881;CARACTERÍSTICA ADICIONAIS: SEM AÇÚCAR, SEM GORDURA, SEM LACTOSE E DESNATADO, SABOR: VARIADO;EMB;480,0000;2,9900;1435,2000;0,0000;31/12/2026
HOSPITAL ESTADUAL TELECILA FREITAS FONTES /RN;932126;1367;Material;932126-5/2026;Gêneros alimentícios;Catálogo do Compras.gov.br;Material;8910;OVOS E LATICÍNIOS;18653;BEBIDA LÁCTEA;339482;APRESENTAÇÃO: SACO POLIETILENO, CARACTERÍSTICA ADICIONAIS: COM POLPA DE FRUTAS, SABOR: MORANGO;L;480,0000;2,9900;1435,2000;0,0000;31/12/2026
HOSPITAL ESTADUAL TELECILA FREITAS FONTES /RN;932126;1368;Material;932126-5/2026;Gêneros alimentícios;Catálogo do Compras.gov.br;Material;8910;OVOS E LATICÍNIOS;19588;IOGURTE NATURAL;446710;COMPONENTES: COM POLPA OU PEDAÇOS DE FRUTA, SABOR: SORTIDOS, TEOR GORDURA: PARCIALMENTE DESNATADO;EMB;960,0000;2,7000;2592,0000;0,0000;31/12/2026
HOSPITAL ESTADUAL TELECILA FREITAS FONTES /RN;932126;1369;Material;932126-5/2026;Gêneros alimentícios;Catálogo do Compras.gov.br;Material;8905;CARNES, AVES E PEIXES;9382;PEIXE IN NATURA;448953;APRESENTAÇÃO: SEM PELE, ESTADO DE CONSERVAÇÃO: CONGELADO(A), TIPO CORTE: FILÉ, VARIEDADE: TILÁPIA;KG;420,0000;18,0000;7560,0000;0,0000;31/12/2026
HOSPITAL ESTADUAL TELECILA FREITAS FONTES /RN;932126;1370;Material;932126-5/2026;Gêneros alimentícios;Catálogo do Compras.gov.br;Material;8905;CARNES, AVES E PEIXES;9382;PEIXE IN NATURA;448897;APRESENTAÇÃO: SEM PELE, ESTADO DE CONSERVAÇÃO: CONGELADO(A), TIPO CORTE: FILÉ, VARIEDADE: MERLUZA;KG;420,0000;20,0000;8400,0000;0,0000;31/12/2026
HOSPITAL ESTADUAL TELECILA FREITAS FONTES /RN;932126;1371;Material;932126-5/2026;Gêneros alimentícios;Catálogo do Compras.gov.br;Material;8955;CAFÉ, CHÁ E CHOCOLATE;19765;ACHOCOLATADO;463556;APRESENTAÇÃO: PÓ, CARACTERÍSTICA ADICIONAL: ENRIQUECIDO COM VITAMINAS, SABOR: TRADICIONAL;POTE;20,0000;8,9900;179,8000;0,0000;31/12/2026
HOSPITAL ESTADUAL TELECILA FREITAS FONTES /RN;932126;1372;Material;932126-5/2026;Gêneros alimentícios;Catálogo do Compras.gov.br;Material;8920;PRODUTOS DE PANIFICAÇÃO E CEREAIS;19690;ARROZ BENEFICIADO;458908;CLASSE: LONGO FINO, QUALIDADE: TIPO 1, SUBGRUPO: POLIDO, TIPO: PARBOILIZADO;EMB;1860,0000;4,5500;8463,0000;0,0000;31/12/2026
HOSPITAL ESTADUAL TELECILA FREITAS FONTES /RN;932126;1373;Material;932126-5/2026;Gêneros alimentícios;Catálogo do Compras.gov.br;Material;8920;PRODUTOS DE PANIFICAÇÃO E CEREAIS;19696;AMIDO;459077;BASE: DE MILHO;EMB;120,0000;8,4600;1015,2000;0,0000;31/12/2026
HOSPITAL ESTADUAL TELECILA FREITAS FONTES /RN;932126;1374;Material;932126-5/2026;Gêneros alimentícios;Catálogo do Compras.gov.br;Material;8920;PRODUTOS DE PANIFICAÇÃO E CEREAIS;4792;CEREAL PREPARADO;444323;ASPECTO FÍSICO: GRÂOS, CARACTERÍSTICAS ADICIONAIS: GRANOLA, COMPONENTES: AVEIA, BANANA, MAÇÃ E CANELA;LT;60,0000;11,0000;660,0000;0,0000;31/12/2026
HOSPITAL ESTADUAL TELECILA FREITAS FONTES /RN;932126;1375;Material;932126-5/2026;Gêneros alimentícios;Catálogo do Compras.gov.br;Material;8950;CONDIMENTOS E PRODUTOS CORRELATOS;19774;CONDIMENTO;463937;APRESENTAÇÃO: PÓ, TIPO: URUCUM;EMB;560,0000;1,0000;560,0000;0,0000;31/12/2026
HOSPITAL ESTADUAL TELECILA FREITAS FONTES /RN;932126;1376;Material;932126-5/2026;Gêneros alimentícios;Catálogo do Compras.gov.br;Material;8920;PRODUTOS DE PANIFICAÇÃO E CEREAIS;19721;PÃO;470690;BASE: DE FARINHA DE TRIGO REFINADA, TIPO: CASEIRO;KG;558,0000;9,6600;5390,2800;0,0000;31/12/2026
HOSPITAL ESTADUAL TELECILA FREITAS FONTES /RN;932126;1377;Material;932126-5/2026;Gêneros alimentícios;Catálogo do Compras.gov.br;Material;8920;PRODUTOS DE PANIFICAÇÃO E CEREAIS;19721;PÃO;460380;BASE: DE FARINHA DE TRIGO REFINADA, TIPO: TIPO FRANÇÊS/BRANCO/DE SAL;KG;370,0000;8,0000;2960,0000;0,0000;31/12/2026
HOSPITAL ESTADUAL TELECILA FREITAS FONTES /RN;932126;1378;Material;932126-5/2026;Gêneros alimentícios;Catálogo do Compras.gov.br;Material;8920;PRODUTOS DE PANIFICAÇÃO E CEREAIS;19721;PÃO;460381;BASE: DE FARINHA DE TRIGO SEMI-INTEGRAL, TIPO: TIPO FRANÇÊS/DE SAL;KG;370,0000;9,0000;3330,0000;0,0000;31/12/2026
HOSPITAL ESTADUAL TELECILA FREITAS FONTES /RN;932126;1379;Material;932126-5/2026;Gêneros alimentícios;Catálogo do Compras.gov.br;Material;8920;PRODUTOS DE PANIFICAÇÃO E CEREAIS;19721;PÃO;460394;BASE: DE FARINHA DE TRIGO REFINADA, INGREDIENTES ADICIONAIS: DE COCO, TIPO: DOCE, TIPO ADICIONAL: BISNAGA;KG;280,0000;4,9100;1374,8000;0,0000;31/12/2026
HOSPITAL ESTADUAL TELECILA FREITAS FONTES /RN;932126;1380;Material;932126-5/2026;Gêneros alimentícios;Catálogo do Compras.gov.br;Material;8920;PRODUTOS DE PANIFICAÇÃO E CEREAIS;19721;PÃO;620868;APRESENTAÇÃO: FATIADO, BASE: FARINHA DE ARROZ, AMIDO DE MILHO, CARACTERÍSTICA ADICIONAL: SEM GLÚTEN, INGREDIENTES ADICIONAIS: MULTIGRÃOS, TIPO: DE FORMA;EMB;720,0000;7,4900;5392,8000;0,0000;31/12/2026
HOSPITAL ESTADUAL TELECILA FREITAS FONTES /RN;932126;1381;Material;932126-5/2026;Gêneros alimentícios;Catálogo do Compras.gov.br;Material;8915;FRUTAS, VERDURAS E LEGUMES;19790;POLPA DE FRUTA;464511;APRESENTAÇÃO: CONGELADA, TIPO: CAJU;KG;300,0000;3,8000;1140,0000;0,0000;31/12/2026
HOSPITAL ESTADUAL TELECILA FREITAS FONTES /RN;932126;1382;Material;932126-5/2026;Gêneros alimentícios;Catálogo do Compras.gov.br;Material;8915;FRUTAS, VERDURAS E LEGUMES;19790;POLPA DE FRUTA;464514;APRESENTAÇÃO: CONGELADA, TIPO: GOIABA VERMELHA;KG;300,0000;3,8000;1140,0000;0,0000;31/12/2026
HOSPITAL ESTADUAL TELECILA FREITAS FONTES /RN;932126;1383;Material;932126-5/2026;Gêneros alimentícios;Catálogo do Compras.gov.br;Material;8915;FRUTAS, VERDURAS E LEGUMES;19790;POLPA DE FRUTA;464484;APRESENTAÇÃO: CONGELADA, TIPO: ACEROLA;KG;300,0000;4,9000;1470,0000;0,0000;31/12/2026
HOSPITAL ESTADUAL TELECILA FREITAS FONTES /RN;932126;1384;Material;932126-5/2026;Gêneros alimentícios;Catálogo do Compras.gov.br;Material;8915;FRUTAS, VERDURAS E LEGUMES;19790;POLPA DE FRUTA;464485;APRESENTAÇÃO: CONGELADA, TIPO: CAJÁ;KG;300,0000;5,3300;1599,0000;0,0000;31/12/2026
HOSPITAL ESTADUAL TELECILA FREITAS FONTES /RN;932126;1385;Material;932126-5/2026;Gêneros alimentícios;Catálogo do Compras.gov.br;Material;8915;FRUTAS, VERDURAS E LEGUMES;19790;POLPA DE FRUTA;464465;APRESENTAÇÃO: CONGELADA, TIPO: UVA;KG;300,0000;4,1000;1230,0000;0,0000;31/12/2026
HOSPITAL ESTADUAL TELECILA FREITAS FONTES /RN;932126;1386;Material;932126-5/2026;Gêneros alimentícios;Catálogo do Compras.gov.br;Material;8915;FRUTAS, VERDURAS E LEGUMES;19790;POLPA DE FRUTA;476406;APRESENTAÇÃO: CONGELADA, TIPO: AMEIXA;KG;480,0000;9,4000;4512,0000;0,0000;31/12/2026
HOSPITAL ESTADUAL TELECILA FREITAS FONTES /RN;932126;1387;Material;932126-4/2026;Gás GLP;Catálogo do Compras.gov.br;Material;6830;GASES COMPRIMIDOS E LIQUEFEITOS;19744;GÁS REFINO DE PETRÓLEO;461652;TIPO: GÁS LIQUEFEITO DE PETRÓLEO - GLP, USO: DOMÉSTICO;BTJ;15,0000;132,0000;1980,0000;0,0000;31/12/2026
HOSPITAL ESTADUAL TELECILA FREITAS FONTES /RN;932126;1388;Material;932126-4/2026;Gás GLP;Catálogo do Compras.gov.br;Material;6830;GASES COMPRIMIDOS E LIQUEFEITOS;19738;BOTIJÃO PARA GÁS;461517;ACESSÓRIOS: COM VÁLVULA E MECANISMO DE SEGURANÇA, CAPACIDADE: CERCA DE 13, USO: DOMÉSTICO;UN;8,0000;40,0000;320,0000;0,0000;31/12/2026
HOSPITAL ESTADUAL TELECILA FREITAS FONTES /RN;932126;1389;Material;932126-4/2026;Gás GLP;Catálogo do Compras.gov.br;Material;6830;GASES COMPRIMIDOS E LIQUEFEITOS;19738;BOTIJÃO PARA GÁS;625662;ACESSÓRIOS: COM VÁLVULA E MECANISMO DE SEGURANÇA, CAPACIDADE: CERCA DE 45, USO: INDUSTRIAL;UN;10,0000;80,0000;800,0000;0,0000;31/12/2026
HOSPITAL ESTADUAL TELECILA FREITAS FONTES /RN;932126;1390;Material;932126-4/2026;Gás GLP;Catálogo do Compras.gov.br;Material;6830;GASES COMPRIMIDOS E LIQUEFEITOS;19744;GÁS REFINO DE PETRÓLEO;461651;TIPO: GÁS LIQUEFEITO DE PETRÓLEO - GLP, USO: INDUSTRIAL;BTJ;54,0000;458,0000;24732,0000;0,0000;31/12/2026
HOSPITAL ESTADUAL TELECILA FREITAS FONTES /RN;932126;1391;Material;932126-3/2026;Materiais e equipamentos médico-hospitalares;Catálogo do Compras.gov.br;Material;6530;MOBILIÁRIO, EQUIPAMENTOS, UTENSÍLIOS E  SUPRIMENTOS  HOSPITALARES;4627;CARRO TRANSPORTE MEDICAMENTOS;288154;ALTURA: 700, ALTURA CAIXA: 97, LARGURA: 1200, LARGURA CAIXA: 132, MATERIAL ESTRUTURA: AUTOPORTANTE, NÃO FERROSO,PERFIS DE ALUMÍNIO, PROFUNDIDADE: 590, PROFUNDIDADE DE CAIXA: 320, QUANTIDADE BANDEJAS: 6 BANDEJAS TIPO PRATELEIRA, TIPO BANDEJA: PRATELEIRAS COM 4 CAIXAS EM NYLON/PRATELEIRA, TIPO CAIXA: COM DIVISÓRIAS EM ACRÍLICO TRANSPARENTE E PORTA-, TIPO PUXADOR: ALÇA EM MATERIAL TUBULAR, TIPO RODÍZIO: DESLIZANTES-2 LIVRES E 2 C/TRAVA DE ESTACIONAMENTO;UN;5,0000;4404,3700;22021,8500;0,0000;31/12/2026
HOSPITAL ESTADUAL TELECILA FREITAS FONTES /RN;932126;1392;Material;932126-3/2026;Materiais e equipamentos médico-hospitalares;Catálogo do Compras.gov.br;Material;6530;MOBILIÁRIO, EQUIPAMENTOS, UTENSÍLIOS E  SUPRIMENTOS  HOSPITALARES;17467;ARMÁRIO VITRINE;365063;ALTURA: 1,65, APLICAÇÃO: USO HOSPITALAR, CARACTERÍSTICAS ADICIONAIS: FUNDO E TETO EM CHAPA AÇO ESMALTADO, LARGURA: 0,65, MATERIAL PORTA: VIDRO 3MM, MATERIAL PRATELEIRAS: 4 PRATELEIRAS VIDRO C/ 4MM ESPESSURA, PROFUNDIDADE: 0,40, QUANTIDADE PORTAS: 2 PORTAS, TIPO FECHADURA: FECHADURA CILÍNDRICA;UN;10,0000;1579,1400;15791,4000;0,0000;31/12/2026
HOSPITAL ESTADUAL TELECILA FREITAS FONTES /RN;932126;1393;Material;932126-3/2026;Materiais e equipamentos médico-hospitalares;Catálogo do Compras.gov.br;Material;6530;MOBILIÁRIO, EQUIPAMENTOS, UTENSÍLIOS E  SUPRIMENTOS  HOSPITALARES;312;BANQUETA;481483;ACABAMENTO ESTRUTURA: CROMADO, ALTURA: 70, CARACTERÍSTICAS ADICIONAIS: SEM ENCOSTO, DIÂMETRO ASSENTO: 30, MATERIAL BASE ASSENTO: AÇO, MATERIAL ESTRUTURA: AÇO, TIPO ASSENTO: GIRATÓRIO;UN;8,0000;1585,4400;12683,5200;0,0000;31/12/2026
HOSPITAL ESTADUAL TELECILA FREITAS FONTES /RN;932126;1394;Material;932126-3/2026;Materiais e equipamentos médico-hospitalares;Catálogo do Compras.gov.br;Material;6530;MOBILIÁRIO, EQUIPAMENTOS, UTENSÍLIOS E  SUPRIMENTOS  HOSPITALARES;2653;BIOMBO HOSPITALAR;405842;ACABAMENTO DA ESTRUTURA: PINTURA EM EPÓXI, ACABAMENTO DO RODÍZIO: TERMOPLÁSTICA, ALTURA: 2,00, CARACTERÍSTICAS ADICIONAIS: TECIDO BRIM, COMPRIMENTO: COMPRIMENTO 2,00 APROXIMADAMENTE, ABERTO, MATERIAL: AÇO INOXIDÁVEL, TIPO: TRIPLO DOBRÁVEL, TIPO DE RODÍZIO: PONTEIRAS GIRATÓRIAS;UN;30,0000;477,0000;14310,0000;0,0000;31/12/2026
HOSPITAL ESTADUAL TELECILA FREITAS FONTES /RN;932126;1395;Material;932126-3/2026;Materiais e equipamentos médico-hospitalares;Catálogo do Compras.gov.br;Material;6530;MOBILIÁRIO, EQUIPAMENTOS, UTENSÍLIOS E  SUPRIMENTOS  HOSPITALARES;2728;CADEIRA CLÍNICA;436702;ACABAMENTO DA ESTRUTURA: PINTURA ELETROSTÁTICA, ACABAMENTO DO ASSENTO: ESTOFADO, REVESTIDO EM COURVIM, APLICAÇÃO: PARA COLETA DE SANGUE, CAPACIDADE: ATÉ 150 KG, CARACTERÍSTICAS ADICIONAIS: BRAÇO FRONTAL MÓVEL, MATERIAL: METAL, TIPO DE ASSENTO: ASSENTO FIXO, TIPO DE PÉS: PÉS FIXOS;UN;10,0000;489,9800;4899,8000;0,0000;31/12/2026
HOSPITAL ESTADUAL TELECILA FREITAS FONTES /RN;932126;1396;Material;932126-3/2026;Materiais e equipamentos médico-hospitalares;Catálogo do Compras.gov.br;Material;6530;MOBILIÁRIO, EQUIPAMENTOS, UTENSÍLIOS E  SUPRIMENTOS  HOSPITALARES;4076;CADEIRA DE RODAS;415890;ACABAMENTO DO ENCOSTO E ASSENTO: ENCOSTO E ASSENTO EM NYLON, ACABAMENTO ESTRUTURA: PINTURA EPÓXI, APOIO BRAÇO: APOIO BRAÇOS FIXOS, APOIO PERNAS: ELEVAÇÃO DE PERNAS, APOIO PANTURRILHA, APOIO PÉS: APOIO PÉS REMOVÍVEL, CAPACIDADE MÁXIMA: ATÉ 50, MATERIAL ESTRUTURA: ALUMÍNIO, TAMANHO: INFANTIL, TIPO CONSTRUTIVO: ESTRUTURA RÍGIDA, TIPO DE PNEU: PNEUS DIANTEIROS MACIÇOS, TIPO FREIO: FREIO BILATERAL, TIPO FUNCIONAMENTO: MANUAL, TIPO PNEU TRASEIRO: TRASEIRO MACIÇO, TIPO USO: LOCOMOÇÃO;UN;10,0000;1442,4300;14424,3000;0,0000;31/12/2026
HOSPITAL ESTADUAL TELECILA FREITAS FONTES /RN;932126;1397;Material;932126-3/2026;Materiais e equipamentos médico-hospitalares;Catálogo do Compras.gov.br;Material;6530;MOBILIÁRIO, EQUIPAMENTOS, UTENSÍLIOS E  SUPRIMENTOS  HOSPITALARES;4076;CADEIRA DE RODAS;416621;ACABAMENTO DO ENCOSTO E ASSENTO: ENCOSTO E ASSENTO EM NYLON, ACABAMENTO ESTRUTURA: PINTURA EPÓXI, APOIO BRAÇO: APOIO BRAÇOS FIXOS, APOIO PERNAS: ELEVAÇÃO DE PERNAS, APOIO PANTURRILHA, APOIO PÉS: APOIO PÉS REMOVÍVEL, CAPACIDADE MÁXIMA: ATÉ 250, MATERIAL ESTRUTURA: ALUMÍNIO, TAMANHO: ADULTO, TIPO CONSTRUTIVO: DOBRÁVEL, TIPO DE PNEU: PNEUS DIANTEIROS MACIÇOS, TIPO FREIO: FREIO BILATERAL, TIPO FUNCIONAMENTO: MANUAL, TIPO PNEU TRASEIRO: TRASEIRO MACIÇO, TIPO USO: LOCOMOÇÃO;UN;10,0000;1429,0000;14290,0000;0,0000;31/12/2026
HOSPITAL ESTADUAL TELECILA FREITAS FONTES /RN;932126;1398;Material;932126-3/2026;Materiais e equipamentos médico-hospitalares;Catálogo do Compras.gov.br;Material;6530;MOBILIÁRIO, EQUIPAMENTOS, UTENSÍLIOS E  SUPRIMENTOS  HOSPITALARES;4076;CADEIRA DE RODAS;403392;ACABAMENTO ESTRUTURA: PINTURA EPÓXI, APOIO BRAÇO: APOIO BRAÇOS ESCAMOTEÁVEIS, APOIO PÉS: APOIO PÉS REMOVÍVEL, CAPACIDADE MÁXIMA: ATÉ 120, LARGURA DO ASSENTO: ASSENTO DE ATÉ 40, MATERIAL ESTRUTURA: ALUMÍNIO, TIPO CONSTRUTIVO: DOBRÁVEL, TIPO DE PNEU: PNEUS DIANTEIROS GIRATÓRIOS MACIÇOS 6", TIPO FUNCIONAMENTO: MANUAL, TIPO PNEU TRASEIRO: TRASEIRO FIXO 24";UN;30,0000;1225,5000;36765,0000;0,0000;31/12/2026
HOSPITAL ESTADUAL TELECILA FREITAS FONTES /RN;932126;1399;Material;932126-3/2026;Materiais e equipamentos médico-hospitalares;Catálogo do Compras.gov.br;Material;6530;MOBILIÁRIO, EQUIPAMENTOS, UTENSÍLIOS E  SUPRIMENTOS  HOSPITALARES;9639;CAMA HOSPITALAR;467637;CAPACIDADE DE CARGA: ATÉ 300, CARACTERÍSTICAS ADICIONAIS: TRENDELEMBURG, FOWLER E REVERSO, CARACTERÍSTICAS ADICIONAIS 01: GRADES ESCAMOTEÁVEIS, COMPONENTES: CABEÇEIRA E PESEIRA REMOVÍVEIS PLÁSTICO, COMPONENTES 01: ALTURA REGULÁVEL, BATERIA RECARREGÁVEL, DIMENSÃO: CERCA DE 2,00 X 0,90, MATERIAL: AÇO INOXIDÁVEL, RODAS: RODÍZIOS C/ FREIOS, TIPO: ELÉTRICA, TIPOS DE ACIONAMENTO: CONTROLE REMOTO;UN;50,0000;12775,9900;638799,5000;0,0000;31/12/2026
HOSPITAL ESTADUAL TELECILA FREITAS FONTES /RN;932126;1400;Material;932126-3/2026;Materiais e equipamentos médico-hospitalares;Catálogo do Compras.gov.br;Material;6530;MOBILIÁRIO, EQUIPAMENTOS, UTENSÍLIOS E  SUPRIMENTOS  HOSPITALARES;9639;CAMA HOSPITALAR;402648;ALTURA: CERCA DE 0,80, CARACTERÍSTICAS ADICIONAIS: POSIÇOES DE TRENDELEMBURG, FOWLER E REVERSO, COMPONENTES: SUPORTE DE SORO, COMPRIMENTO: ATÉ 2,10, LARGURA: CERCA DE 0,80, MATERIAL: AÇO CARBONO, RODAS: SEM RODÍZIOS, PÉS FIXO, TIPO: MANIVELAS ESCAMOTEÁVEIS;UN;50,0000;3742,2000;187110,0000;0,0000;31/12/2026
HOSPITAL ESTADUAL TELECILA FREITAS FONTES /RN;932126;1401;Material;932126-3/2026;Materiais e equipamentos médico-hospitalares;Catálogo do Compras.gov.br;Material;3920;EQUIPAMENTOS NÃO AUTOPROPULSIONADO PARA MOVIMENTAÇÃO  DE  MATERIAIS;4584;CARRINHO TRANSPORTE;614186;ALTURA: 80, APLICAÇÃO: TRANSPORTE DE MATERIAIS, CAPACIDADE: 400, CARACTERÍSTICAS ADICIONAIS: ASSOALHO DE CHAPA,ABA FRONTAL FIXA E RODA 6 POL, COMPRIMENTO: 120, COR: AZUL, LARGURA: 60, MATERIAL: AÇO CARBONO, QUANTIDADE RODAS: 4, TIPO: PLATAFORMA, TRATAMENTO SUPERFICIAL: PINTURA EPÓXI;UN;2,0000;1188,0000;2376,0000;0,0000;31/12/2026
HOSPITAL ESTADUAL TELECILA FREITAS FONTES /RN;932126;1402;Material;932126-3/2026;Materiais e equipamentos médico-hospitalares;Catálogo do Compras.gov.br;Material;3920;EQUIPAMENTOS NÃO AUTOPROPULSIONADO PARA MOVIMENTAÇÃO  DE  MATERIAIS;4584;CARRINHO TRANSPORTE;483907;CAPACIDADE: 200, COMPRIMENTO: 26, LARGURA: 34, MATERIAL: METAL, MATERIAL RODAS: PNEU COM CÂMARA, QUANTIDADE RODAS: 2, TIPO: ARMAZÉM;UN;4,0000;440,9000;1763,6000;0,0000;31/12/2026
HOSPITAL ESTADUAL TELECILA FREITAS FONTES /RN;932126;1403;Material;932126-3/2026;Materiais e equipamentos médico-hospitalares;Catálogo do Compras.gov.br;Material;3920;EQUIPAMENTOS NÃO AUTOPROPULSIONADO PARA MOVIMENTAÇÃO  DE  MATERIAIS;4584;CARRINHO TRANSPORTE;401819;APLICAÇÃO: TRANSPORTE DE ALIMENTOS, CARACTERÍSTICAS ADICIONAIS: 2 PORTAS VERTICAIS, TRINCO, 110V, BANDEJA 24X32CM, MATERIAL: AÇO INOXIDÁVEL, QUANTIDADE RODAS: 2 RODÍZIOS FIXOS E 2 GIRATÓRIOS, TIPO: FECHADO, TÉRMICO, 24 BANDEJAS;UN;3,0000;3190,0000;9570,0000;0,0000;31/12/2026
HOSPITAL ESTADUAL TELECILA FREITAS FONTES /RN;932126;1404;Material;932126-3/2026;Materiais e equipamentos médico-hospitalares;Catálogo do Compras.gov.br;Material;3920;EQUIPAMENTOS NÃO AUTOPROPULSIONADO PARA MOVIMENTAÇÃO  DE  MATERIAIS;4584;CARRINHO TRANSPORTE;434047;ALTURA: 80, APLICAÇÃO: TRANSPORTE DE ALIMENTOS, CARACTERÍSTICAS ADICIONAIS: ALÇA DE APOIO, COMPRIMENTO: 90, LARGURA: 40, MATERIAL: AÇO INOXIDÁVEL, QUANTIDADE RODAS: 4 GIRATÓRIAS, TIPO: 3 BANDEJAS;UN;4,0000;899,0000;3596,0000;0,0000;31/12/2026
HOSPITAL ESTADUAL TELECILA FREITAS FONTES /RN;932126;1405;Material;932126-3/2026;Materiais e equipamentos médico-hospitalares;Catálogo do Compras.gov.br;Material;6530;MOBILIÁRIO, EQUIPAMENTOS, UTENSÍLIOS E  SUPRIMENTOS  HOSPITALARES;4593;CARRO AÇO INOX PARA CURATIVO;415893;ACESSÓRIOS: SUPORTE PARA BALDE E BACIA, OUTROS COMPONENTES: BALDE AÇO INOX 5L, BACIA AÇO INOX, TIPO ESTRUTURA: ESTRUTURA TUBULAR 1", TAMPO, PRATELEIRA C/ VARANDA, TIPO RODÍZIO: RODÍZIOS DE 2", 2 COM FREIOS, 2 GIRATÓRIOS;UN;2,0000;850,0000;1700,0000;0,0000;31/12/2026
HOSPITAL ESTADUAL TELECILA FREITAS FONTES /RN;932126;1406;Material;932126-3/2026;Materiais e equipamentos médico-hospitalares;Catálogo do Compras.gov.br;Material;6530;MOBILIÁRIO, EQUIPAMENTOS, UTENSÍLIOS E  SUPRIMENTOS  HOSPITALARES;14733;COLCHONETE;601399;APLICAÇÃO: P/ MACA HOSPITALAR, COMPRIMENTO: CERCA 190, COR: C/ COR, DENSIDADE: MÍNIMA D-33, ESPESSURA: MÍNIMA 5, LARGURA: CERCA 50, MATERIAL: ESPUMA FLEXÍVEL POLIURETANO, REVESTIMENTO: CAPA TOTALMENTE IMPERMEÁVEL E NÃO REMOVÍVEL;UN;30,0000;279,9900;8399,7000;0,0000;31/12/2026
HOSPITAL ESTADUAL TELECILA FREITAS FONTES /RN;932126;1407;Material;932126-3/2026;Materiais e equipamentos médico-hospitalares;Catálogo do Compras.gov.br;Material;6530;MOBILIÁRIO, EQUIPAMENTOS, UTENSÍLIOS E  SUPRIMENTOS  HOSPITALARES;19945;LAVADORA ULTRASSÔNICA;480952;ADICIONAL 1: CESTO C/ SAÍDAS P/ CERCA DE 12 CANULADOS, AJUSTE: PAINEL DIGITAL, CAPACIDADE: CERCA DE 20, CARACTERÍSTICA: ABASTECIMENTO E ESCOAMENTO MANUAL, MATERIAL: GABINETE E TAMPA EM AÇO INOXIDÁVEL, MODELO: HORIZONTAL, DE BANCADA, TEMPERATURA: TEMPERATURA ATÉ 60;UN;2,0000;17955,0000;35910,0000;0,0000;31/12/2026
HOSPITAL ESTADUAL TELECILA FREITAS FONTES /RN;932126;1408;Material;932126-3/2026;Materiais e equipamentos médico-hospitalares;Catálogo do Compras.gov.br;Material;6530;MOBILIÁRIO, EQUIPAMENTOS, UTENSÍLIOS E  SUPRIMENTOS  HOSPITALARES;4609;MACA PARA TRANSPORTE CADÁVER;422646;CARACTERÍSTICA ADICIONAIS: REBAIXO, DECLIVE, DRENO ESCOAMENTO, COMPONENTES: BALDE MÍNIMO 5L, MATERIAL: AÇO INOXIDÁVEL, RODAS: 4 RODÍZIOS DE 8", SENDO 2 COM FREIOS;UN;2,0000;3523,7700;7047,5400;0,0000;31/12/2026
HOSPITAL ESTADUAL TELECILA FREITAS FONTES /RN;932126;1409;Material;932126-3/2026;Materiais e equipamentos médico-hospitalares;Catálogo do Compras.gov.br;Material;6530;MOBILIÁRIO, EQUIPAMENTOS, UTENSÍLIOS E  SUPRIMENTOS  HOSPITALARES;17143;MACA CLÍNICA;428265;ACABAMENTO DA SUPERFÍCIE: PINTURA ELETROSTÁTICA, ACESSÓRIOS: LEITO FIXO C/ COLCHÃO, COURVIN, ALTURA: CERCA DE 0,80, CAPACIDADE DE CARCA: ATÉ 300, CARACTERÍSTICAS ADICIONAIS: CABECEIRA REGULÁVEL POR CREMALHEIRA, CARACTERÍSTICAS ADICIONAIS 01: GRADES ESCAMOTEÁVEIS, COMPONENTES: SUPORTE SORO REMOVÍVEL, COMPONENTES 01: PÁRA CHOQUE EMBORRACHADO, COMPRIMENTO: ATÉ 1,90, LARGURA: CERCA DE 0,80, MATERIAL: AÇO INOXIDÁVEL, RODAS: 4 RODÍZIOS 8", SENDO 2 COM FREIO, TIPO: OBESO;UN;5,0000;2555,6400;12778,2000;0,0000;31/12/2026
HOSPITAL ESTADUAL TELECILA FREITAS FONTES /RN;932126;1410;Material;932126-3/2026;Materiais e equipamentos médico-hospitalares;Catálogo do Compras.gov.br;Material;6530;MOBILIÁRIO, EQUIPAMENTOS, UTENSÍLIOS E  SUPRIMENTOS  HOSPITALARES;17143;MACA CLÍNICA;421265;ACESSÓRIOS: COLCHONETE, CAPACIDADE DE CARCA: ATÉ 150, CARACTERÍSTICAS ADICIONAIS: CABECEIRA REGULÁVEL POR CREMALHEIRA, CARACTERÍSTICAS ADICIONAIS 01: GRADES LATERAIS REBATÍVEIS, COMPONENTES: SUPORTE SORO REMOVÍVEL, COMPRIMENTO: ATÉ 2,00, LARGURA: CERCA DE 0,80, MATERIAL: AÇO INOXIDÁVEL, RODAS: 4 RODÍZIOS DE 8", FREIO NOS 2 RODÍZIOS;UN;15,0000;2214,3300;33214,9500;0,0000;31/12/2026
HOSPITAL ESTADUAL TELECILA FREITAS FONTES /RN;932126;1411;Material;932126-3/2026;Materiais e equipamentos médico-hospitalares;Catálogo do Compras.gov.br;Material;6530;MOBILIÁRIO, EQUIPAMENTOS, UTENSÍLIOS E  SUPRIMENTOS  HOSPITALARES;17143;MACA CLÍNICA;621550;ALTURA: CERCA DE 0,80, CAPACIDADE DE CARCA: ATÉ 200, CARACTERÍSTICAS ADICIONAIS: CABECEIRA REGULÁVEL POR CREMALHEIRA, COMPRIMENTO: ATÉ 2,00, LARGURA: CERCA DE 0,60, MATERIAL: AÇO INOXIDÁVEL, RODAS: SEM RODÍZIOS, PÉS FIXO;UN;5,0000;1188,5400;5942,7000;0,0000;31/12/2026
HOSPITAL ESTADUAL TELECILA FREITAS FONTES /RN;932126;1412;Material;932126-3/2026;Materiais e equipamentos médico-hospitalares;Catálogo do Compras.gov.br;Material;6530;MOBILIÁRIO, EQUIPAMENTOS, UTENSÍLIOS E  SUPRIMENTOS  HOSPITALARES;9637;MESA AUXILIAR HOSPITALAR;399728;ALTURA: 80, CARACTERÍSTICAS ADICIONAIS: PÉS FIXOS COM PONTEIRA DE BORRACHA OU PLÁSTICO, COMPRIMENTO TAMPO: 100, LARGURA TAMPO: 45, MATERIAL ESTRUTURA: ESTRUTURA PINTADA EM EPÓXI, MATERIAL TAMPO: TAMPO EM AÇO INOXIDÁVEL;UN;5,0000;432,2500;2161,2500;0,0000;31/12/2026
HOSPITAL ESTADUAL TELECILA FREITAS FONTES /RN;932126;1413;Material;932126-3/2026;Materiais e equipamentos médico-hospitalares;Catálogo do Compras.gov.br;Material;6530;MOBILIÁRIO, EQUIPAMENTOS, UTENSÍLIOS E  SUPRIMENTOS  HOSPITALARES;9637;MESA AUXILIAR HOSPITALAR;366848;ALTURA: 90, CARACTERÍSTICAS ADICIONAIS: PÉS COM RODÍZIOS, COMPRIMENTO TAMPO: 110, LARGURA TAMPO: 45, MATERIAL ESTRUTURA: AÇO INOXIDÁVEL, MATERIAL TAMPO: TAMPO E PRATELEIRA AÇO INOXIDÁVEL;UN;5,0000;784,0000;3920,0000;0,0000;31/12/2026
HOSPITAL ESTADUAL TELECILA FREITAS FONTES /RN;932126;1414;Material;932126-3/2026;Materiais e equipamentos médico-hospitalares;Catálogo do Compras.gov.br;Material;6530;MOBILIÁRIO, EQUIPAMENTOS, UTENSÍLIOS E  SUPRIMENTOS  HOSPITALARES;9637;MESA AUXILIAR HOSPITALAR;422562;ALTURA: 80, CARACTERÍSTICAS ADICIONAIS: PÉS C/ 4 RODÍZIOS DE 2", COMPRIMENTO TAMPO: 60, FORMATO: RETANGULAR, LARGURA TAMPO: 40, MATERIAL ESTRUTURA: ESTRUTURA TUBULAR, MATERIAL TAMPO: TAMPO E PRATELEIRA AÇO INOXIDÁVEL;UN;4,0000;408,1400;1632,5600;0,0000;31/12/2026
HOSPITAL ESTADUAL TELECILA FREITAS FONTES /RN;932126;1415;Material;932126-3/2026;Materiais e equipamentos médico-hospitalares;Catálogo do Compras.gov.br;Material;6530;MOBILIÁRIO, EQUIPAMENTOS, UTENSÍLIOS E  SUPRIMENTOS  HOSPITALARES;498;MESA CIRÚRGICA;399847;ACABAMENTO TAMPO LEITO: COLCHÃO ALTA DENSIDADE FORRADO COURVIN PRETO, COMANDO MOVIMENTO: MECÂNICO/PEDAL, COMPRIMENTO: CERCA DE 2,00, LARGURA: 80, TIPO ESTRUTURA: AÇO INOXIDÁVEL, TIPO MOVIMENTO ELEVAÇÃO: TRENDELEMBURG,REVERSO,LATERAL ESQUERDO E DIREITO;UN;1,0000;53000,0000;53000,0000;0,0000;31/12/2026
HOSPITAL ESTADUAL TELECILA FREITAS FONTES /RN;932126;1416;Material;932126-3/2026;Materiais e equipamentos médico-hospitalares;Catálogo do Compras.gov.br;Material;6530;MOBILIÁRIO, EQUIPAMENTOS, UTENSÍLIOS E  SUPRIMENTOS  HOSPITALARES;498;MESA CIRÚRGICA;328269;ACABAMENTO TAMPO LEITO: TAMPO RADIOTRANSPARENTE C/SUPORTE E GAVETA P/RX, CARACTERÍSTICAS ADICIONAIS: BALANÇA DIGITAL,COLCHONETE POLIURETANO INJETADO, COMANDO MOVIMENTO: ELÉTRICO, OMBREIRA: PAR DE OMBREIRAS, SUPORTE LATERAL: COM SUPORTE LATERAL, TIPO ESTRUTURA: AÇO INOXIDÁVEL, TIPO MOVIMENTO ELEVAÇÃO: DESLIZANTE,DIVIDIDA EM 5 SEÇÕES,ELEVAÇÃO RENAL, TIPO FIXAÇÃO: ARCO NARCOSE,DISPOSITIVO COLETA LÍQUIDOS, CAPACIDADE: 300;UN;1,0000;49900,0000;49900,0000;0,0000;31/12/2026
HOSPITAL ESTADUAL TELECILA FREITAS FONTES /RN;932126;1417;Material;932126-3/2026;Materiais e equipamentos médico-hospitalares;Catálogo do Compras.gov.br;Material;6530;MOBILIÁRIO, EQUIPAMENTOS, UTENSÍLIOS E  SUPRIMENTOS  HOSPITALARES;9649;MESA DE MAYO;415922;ALTURA: ALTURA REGULÁVEL, COMPONENTES: BANDEJA AÇO INOX MÍNIMO DE 46 X 30CM, MATERIAL: ESTRUTURA TUBULAR EM AÇO INOX, OUTROS COMPONENTES: 3 RODÍZIOS;UN;15,0000;293,8800;4408,2000;0,0000;31/12/2026
HOSPITAL ESTADUAL TELECILA FREITAS FONTES /RN;932126;1418;Material;932126-3/2026;Materiais e equipamentos médico-hospitalares;Catálogo do Compras.gov.br;Material;6530;MOBILIÁRIO, EQUIPAMENTOS, UTENSÍLIOS E  SUPRIMENTOS  HOSPITALARES;535;MESA GINECOLÓGICA;415928;CARACTERÍSTICAS ADICIONAIS: BALDE AÇO INOX, COMPONENTES ADICIONAIS: GAVETA EM AÇO INOX, ESTRUTURA: TUBO AÇO, MATERIAL LEITO: CHAPA AÇO INOX, ESTOFADO EM COURVIN, MATERIAL PORTA-COXA: PORTA-COXAS ESTOFADO, TIPO MOVIMENTO: LEITO COM TRÊS SEÇÕES MÓVEIS COM REGULAGEM;UN;3,0000;1508,8000;4526,4000;0,0000;31/12/2026
HOSPITAL ESTADUAL TELECILA FREITAS FONTES /RN;932126;1419;Material;932126-3/2026;Materiais e equipamentos médico-hospitalares;Catálogo do Compras.gov.br;Material;6530;MOBILIÁRIO, EQUIPAMENTOS, UTENSÍLIOS E  SUPRIMENTOS  HOSPITALARES;9615;MESA REFEIÇÃO;607435;ALTURA: CERCA DE 0,90 M MÍNIMA E 1,30 M  MÁXIMA, APLICAÇÃO: HOSPITALAR, CARACTERÍSTICAS ADICIONAIS: 2 PÉS FIXOS, 2 C/RODÍZIOS DE 2", REGULAGEM ALTURA, COMPRIMENTO TAMPO: CERCA DE 0,70, LARGURA TAMPO: CERCA DE 0,40, MATERIAL ESTRUTURA: AÇO INOXIDÁVEL COM PINTURA ANTI CORROSIVA, MATERIAL TAMPO: MDF, REVESTIMENTO TAMPO: LAMINADO MELAMÍNICO;UN;30,0000;240,0000;7200,0000;0,0000;31/12/2026
HOSPITAL ESTADUAL TELECILA FREITAS FONTES /RN;932126;1492;Material;932126-1/2026;Medicamentos;Catálogo do Compras.gov.br;Material;6505;DROGAS E MEDICAMENTOS;6223;ISOSSORBIDA;273402;PRINCÍPIO ATIVO: SAL MONONITRATO, DOSAGEM: 5, TIPO MEDICAMENTO: SUBLINGUAL;COMPR;360,0000;0,3800;136,8000;0,0000;31/12/2026
HOSPITAL ESTADUAL TELECILA FREITAS FONTES /RN;932126;1420;Material;932126-3/2026;Materiais e equipamentos médico-hospitalares;Catálogo do Compras.gov.br;Material;6530;MOBILIÁRIO, EQUIPAMENTOS, UTENSÍLIOS E  SUPRIMENTOS  HOSPITALARES;3282;BANCO GIRATÓRIO;465346;ACABAMENTO DA ESTRUTURA: PINTURA EM EPÓXI, DIÂMETRO: CERCA DE 35 CM DE DIÂMETRO, MATERIAL: AÇO INOXIDÁVEL, TIPO DE ASSENTO: ASSENTO GIRATÓRIO E ALTURA REGULÁVEL, TIPO DE PÉS: PÉS FIXO COM PONTEIRA DE BORRACHA;UN;10,0000;302,9100;3029,1000;0,0000;31/12/2026
HOSPITAL ESTADUAL TELECILA FREITAS FONTES /RN;932126;1421;Material;932126-3/2026;Materiais e equipamentos médico-hospitalares;Catálogo do Compras.gov.br;Material;6530;MOBILIÁRIO, EQUIPAMENTOS, UTENSÍLIOS E  SUPRIMENTOS  HOSPITALARES;2455;SUPORTE PARA SORO;482542;GANCHOS: 2 GANCHOS, MATERIAL: AÇO INOXIDÁVEL, RODÍZIOS: COM RODÍZIOS, TIPO: PORTÁTIL E ALTURA REGULÁVEL;UN;20,0000;260,3100;5206,2000;0,0000;31/12/2026
HOSPITAL ESTADUAL TELECILA FREITAS FONTES /RN;932126;1422;Material;932126-3/2026;Materiais e equipamentos médico-hospitalares;Catálogo do Compras.gov.br;Material;6530;MOBILIÁRIO, EQUIPAMENTOS, UTENSÍLIOS E  SUPRIMENTOS  HOSPITALARES;2455;SUPORTE PARA SORO;415940;GANCHOS: 4 GANCHOS, MATERIAL: AÇO INOXIDÁVEL OU ALUMÍNIO, REGULAGEM: REGULAGEM DE ALTURA, RODÍZIOS: COM RODÍZIOS DE 2";UN;20,0000;195,2100;3904,2000;0,0000;31/12/2026
HOSPITAL ESTADUAL TELECILA FREITAS FONTES /RN;932126;1423;Material;932126-3/2026;Materiais e equipamentos médico-hospitalares;Catálogo do Compras.gov.br;Material;6695;INSTRUMENTOS COMBINADOS DIVERSOS;7676;FLUXÔMETRO;451856;APLICAÇÃO: CONTROLE FLUXO OXIGÊNIO MEDICINAL, CAPACIDADE FLUXO: 0,1 A 3,5, COMPONENTES: FLUTUADOR ESFÉRICO, EM ALUMÍNIO ANODIZADO E TERMOP, CONEXÃO SAÍDA: CONEXÃO SAÍDA C/RESCA EM LATÃO CROMADO, MATERIAL FILTRO: AÇO INOXIDÁVEL, PRESSÃO: PRESSÃO CALIBRAÇÃO ATÉ 3,5, TIPO CONEXÃO: CONEXÕES CONFORME ABNT, TIPO ESCALA: ESCALA NUMÉRICA;UN;100,0000;109,9800;10998,0000;0,0000;31/12/2026
HOSPITAL ESTADUAL TELECILA FREITAS FONTES /RN;932126;1424;Material;932126-3/2026;Materiais e equipamentos médico-hospitalares;Catálogo do Compras.gov.br;Material;3920;EQUIPAMENTOS NÃO AUTOPROPULSIONADO PARA MOVIMENTAÇÃO  DE  MATERIAIS;6960;ESFIGMOMANÔMETRO;485445;AJUSTE: ANALÓGICO, ANERÓIDE, FAIXA DE OPERAÇÃO: ATÉ 300, MATERIAL BRAÇADEIRA: BRAÇADEIRA EM NYLON, TAMANHO: ADULTO OBESO, TIPO FECHO: FECHO EM VELCRO, TIPO*: DE BRAÇO, USO: PEDESTAL C/ RODÍZIOS;UN;80,0000;377,0000;30160,0000;0,0000;31/12/2026
HOSPITAL ESTADUAL TELECILA FREITAS FONTES /RN;932126;1425;Material;932126-3/2026;Materiais e equipamentos médico-hospitalares;Catálogo do Compras.gov.br;Material;6530;MOBILIÁRIO, EQUIPAMENTOS, UTENSÍLIOS E  SUPRIMENTOS  HOSPITALARES;447;CARRO TRANSPORTE ROUPAS;404188;ACABAMENTO SUPERFICIAL: ACABAMENTO LISO, CAPACIDADE: 600 A 800, CARACTERÍSTICAS ADICIONAIS: DRENO PARA ESCOAMENTO DE LÍQUIDOS, COMPRIMENTO: 160, LARGURA: 87, MATERIAL ESTRUTURA: POLIETILENO, QUANTIDADE RODAS GIRATÓRIAS: 2 RODAS GIRATÓRIAS E 2 RODAS FIXAS, QUANTIDADE TAMPAS: BIPARTIDA;UN;4,0000;2837,0400;11348,1600;0,0000;31/12/2026
HOSPITAL ESTADUAL TELECILA FREITAS FONTES /RN;932126;1426;Material;932126-3/2026;Materiais e equipamentos médico-hospitalares;Catálogo do Compras.gov.br;Material;6530;MOBILIÁRIO, EQUIPAMENTOS, UTENSÍLIOS E  SUPRIMENTOS  HOSPITALARES;447;CARRO TRANSPORTE ROUPAS;404182;ACABAMENTO SUPERFICIAL: PINTURA EM EPÓXI, CAPACIDADE: CERCA DE 200, MATERIAL ESTRUTURA: ESTRUTURA TUBULAR, QUANTIDADE RODAS GIRATÓRIAS: 4 RODAS GIRATÓRIAS, TIPO: TIPO HAMPER;UN;4,0000;1790,0000;7160,0000;0,0000;31/12/2026
HOSPITAL ESTADUAL TELECILA FREITAS FONTES /RN;932126;1427;Material;932126-3/2026;Materiais e equipamentos médico-hospitalares;Catálogo do Compras.gov.br;Material;6515;INSTRUMENTOS, EQUIPAMENTOS E SUPRIMENTOS MÉDICOS  E  CIRÚRGICOS;13552;MONITOR MULTIPARÂMETRO;456628;ACESSÓRIOS: COMPLETO COM CABOS E SENSORES, CARACTERÍSTICAS ADICIONAIS: CONECTIVIDADE DE REDE, COMPONENTES: ALARMES, PARÂMETROS: ECG, PNI, PI, SPO2, TEMP, RESP, DC, REGISTROS: MÍNIMO 8 CURVAS SIMULTÂNEAS, TIPO: PRÉ CONFIGURADO/MODULAR, TIPO DE TELA: TELA LCD CERCA 15", ALTA RESOLUÇÃO, USO: DE NEONATAL A ADULTO;UN;5,0000;4061,6200;20308,1000;0,0000;31/12/2026
HOSPITAL ESTADUAL TELECILA FREITAS FONTES /RN;932126;1428;Material;932126-3/2026;Materiais e equipamentos médico-hospitalares;Catálogo do Compras.gov.br;Material;6530;MOBILIÁRIO, EQUIPAMENTOS, UTENSÍLIOS E  SUPRIMENTOS  HOSPITALARES;4496;SUPORTE USO HOSPITALAR;481769;APLICAÇÃO: P/ MONITOR MULTIPARÂMETRO, CARACTERÍSTICA ADICIONAL: BRAÇO METÁLICO ARTICULADO, MATERIAL: PLÁSTICO, MODELO: TIPO PRATELEIRA, DE PAREDE;UN;80,0000;689,9000;55192,0000;0,0000;31/12/2026
HOSPITAL ESTADUAL TELECILA FREITAS FONTES /RN;932126;1429;Material;932126-3/2026;Materiais e equipamentos médico-hospitalares;Catálogo do Compras.gov.br;Material;6530;MOBILIÁRIO, EQUIPAMENTOS, UTENSÍLIOS E  SUPRIMENTOS  HOSPITALARES;18026;CABO;474381;APLICAÇÃO: COMPATÍVEL COM EQUIPAMENTO, TIPO: OXIMETRIA;UN;20,0000;137,3000;2746,0000;0,0000;31/12/2026
HOSPITAL ESTADUAL TELECILA FREITAS FONTES /RN;932126;1430;Material;932126-3/2026;Materiais e equipamentos médico-hospitalares;Catálogo do Compras.gov.br;Material;6685;INSTRUMENTOS PARA MEDIÇÃO E CONTROLE DE PRESSÃO,TEMPERATURA E UMIDADE;18015;PEÇA EQUIPAMENTO MÉDICO;626200;COMPATÍVEL: COMPATÍVEL C/ VENTILADOR PULMONAR, FUNÇÃO: P/ CASSETE EXPIRATÓRIO, TIPO 1: DIAFRAGMA / MEMBRANA;UN;20,0000;328,0000;6560,0000;0,0000;31/12/2026
HOSPITAL ESTADUAL TELECILA FREITAS FONTES /RN;932126;1431;Material;932126-3/2026;Materiais e equipamentos médico-hospitalares;Catálogo do Compras.gov.br;Material;6530;MOBILIÁRIO, EQUIPAMENTOS, UTENSÍLIOS E  SUPRIMENTOS  HOSPITALARES;30198;EQUIPAMENTO CARDIOVERSOR EXTERNO;616831;ALIMENTAÇÃO: BIVOLT AUTOMÁTICO, BATERIA RECARREGÁVEL, CARACTERÍSTICAS TÉCNICAS: ONDA BIFÁSICA, COMANDO NAS PÁS, ALARMES E MEMÓRIA, IMPRESSORA: COM IMPRESSORA INTEGRADA, PARÂMETROS MÍNIMOS: MP EXTERNO E SPO2, RECURSOS ADICIONAIS MÍNIMOS: PNI, ETCO2, TEMPERATURA, FR, AUXÍLIO RCP, SINCRONISMO: C/ MONITOR DE ECG E DESFIBRILADOR EXTERNO, TIPO GABINETE: TELA C/ VISOR GRÁFICO E PÁS EXTERNAS;UN;2,0000;13990,0000;27980,0000;0,0000;31/12/2026
HOSPITAL ESTADUAL TELECILA FREITAS FONTES /RN;932126;1432;Material;932126-3/2026;Materiais e equipamentos médico-hospitalares;Catálogo do Compras.gov.br;Material;6530;MOBILIÁRIO, EQUIPAMENTOS, UTENSÍLIOS E  SUPRIMENTOS  HOSPITALARES;30172;ELETROCARDIÓGRAFO;615390;ALIMENTAÇÃO: BIVOLT AUTOMÁTICO E BATERIA RECARREGÁVEL, APLICAÇÃO: ADULTO E PEDIÁTRICO, IMPRESSORA: COM IMPRESSORA INTEGRADA, MODELO CONSOLE: OPERAÇÃO NO CONSOLE, NÚMERO DE CANAIS: 12, TIPO TELA DO CONSOLE: TELA CERCA DE 15 A 17´" COM VISOR GRÁFICO, TRANSFERÊNCIA DE DADOS: COM FIO;UN;2,0000;5900,0000;11800,0000;0,0000;31/12/2026
HOSPITAL ESTADUAL TELECILA FREITAS FONTES /RN;932126;1433;Material;932126-3/2026;Materiais e equipamentos médico-hospitalares;Catálogo do Compras.gov.br;Material;6515;INSTRUMENTOS, EQUIPAMENTOS E SUPRIMENTOS MÉDICOS  E  CIRÚRGICOS;11696;VENTILADOR ARTIFICIAL ELETRÔNICO;614168;ALARMES: ALARMES AUDIOVISUAIS, CARACTERÍSTICAS ADICIONAIS 01: BATERIA INTERNA, C/ CINTA TORÁCICA, CARACTERÍSTICAS ADICIONAIS 02: TELA MONITORIZAÇÃO GRÁFICA, CARACTERÍSTICAS ADICIONAIS 3: TOMOGRAFIA DE IMPEDÂNCIA ELÉTRICA TORÁCICA TIE, CIRCUITOS: COM CIRCUITOS E FILTROS, MODELO: NEONATAL/PEDIÁTRICO/ADULTO, MODOS VENTILAÇÃO: VCV, SIMV, CPAP, A/C, VNI, BILEVEL, PARÂMETROS VENTILATÓRIOS: PARÂMETROS VC, FR, FIO2, PEEP;UN;5,0000;62000,0000;310000,0000;0,0000;31/12/2026
HOSPITAL ESTADUAL TELECILA FREITAS FONTES /RN;932126;1434;Material;932126-3/2026;Materiais e equipamentos médico-hospitalares;Catálogo do Compras.gov.br;Material;6515;INSTRUMENTOS, EQUIPAMENTOS E SUPRIMENTOS MÉDICOS  E  CIRÚRGICOS;30265;CABO P/ MONITORIZAÇÃO DE ECG;621966;CONECTOR: COMPATÍVEL COM EQUIPAMENTO, ESTERILIDADE: REUSÁVEL, MATERIAL: BORRACHA SINTÉTICA, MODELO: TRONCO, NÚMERO VIAS: 10 VIAS;UN;20,0000;397,0000;7940,0000;0,0000;31/12/2026
HOSPITAL ESTADUAL TELECILA FREITAS FONTES /RN;932126;1435;Material;932126-3/2026;Materiais e equipamentos médico-hospitalares;Catálogo do Compras.gov.br;Material;6515;INSTRUMENTOS, EQUIPAMENTOS E SUPRIMENTOS MÉDICOS  E  CIRÚRGICOS;30164;CIRCUITO RESPIRATÓRIO;614943;COMPRIMENTO TRAQUEIA: CERCA DE 300, 300, CONECTOR: C/ CONECTOR "Y", DIÂMETRO TRAQUEIA: CERCA DE 22, DRENO COLETOR DE ÁGUA: SEM DRENO, ESTERILIDADE: ESTERILIZÁVEL, LINHA ADICIONAL: SEM LINHA, MATERIAL: SILICONE, MODELO: C/ 2 TRAQUEIAS;UN;7,0000;390,0000;2730,0000;0,0000;31/12/2026
HOSPITAL ESTADUAL TELECILA FREITAS FONTES /RN;932126;1436;Material;932126-3/2026;Materiais e equipamentos médico-hospitalares;Catálogo do Compras.gov.br;Material;6515;INSTRUMENTOS, EQUIPAMENTOS E SUPRIMENTOS MÉDICOS  E  CIRÚRGICOS;8724;LARINGOSCÓPIO;470352;COMPONENTES: C/ 8 LÂMINAS, COMPONENTES ADICIONAIS: C/CABO, MATERIAL 2: EM AÇO INOXIDÁVEL, TAMANHO CABO: ADULTO, TIPO LÂMPADA: DE FIBRA ÓTICA;CJ;2,0000;1979,0000;3958,0000;0,0000;31/12/2026
HOSPITAL ESTADUAL TELECILA FREITAS FONTES /RN;932126;1437;Material;932126-3/2026;Materiais e equipamentos médico-hospitalares;Catálogo do Compras.gov.br;Material;6515;INSTRUMENTOS, EQUIPAMENTOS E SUPRIMENTOS MÉDICOS  E  CIRÚRGICOS;13424;VIDEOENDOSCÓPIO;397862;ACESSÓRIOS: MONITOR 22", FONTE XENON, CABO ILUMINAÇÃO 3,5MM, CARACTERÍSTICAS ADICIONAIS: 4 ENDOSCÓPIOS RÍGIDOS, 4 CAMISAS ENDOSCÓPICAS, COMPONENTES: MICROCÂMERA, PROCESSADORA, NTSC, RESOL.450 LINHAS, COMPOSIÇÃO: UROLOGIA, USO NEONATAL, PEDIÁTRICO E ADULTO, OUTROS COMPONENTES: 1 URETERORENOSCÓPIO 7FR X 43CM, TIPO: AUTOCLAVÁVEL;UN;2,0000;2821,0000;5642,0000;0,0000;31/12/2026
HOSPITAL ESTADUAL TELECILA FREITAS FONTES /RN;932126;1438;Material;932126-3/2026;Materiais e equipamentos médico-hospitalares;Catálogo do Compras.gov.br;Material;6530;MOBILIÁRIO, EQUIPAMENTOS, UTENSÍLIOS E  SUPRIMENTOS  HOSPITALARES;15180;MÓDULO MONITOR MULTIPARÂMETRO;435547;COMPATIBILIDADE EQUIPAMENTO: COMPATÍVEL COM EQUIPAMENTO, TIPO DE ANÁLISE: P/ PRESSÃO INVASIVA;UN;7,0000;2850,0000;19950,0000;0,0000;31/12/2026
HOSPITAL ESTADUAL TELECILA FREITAS FONTES /RN;932126;1439;Material;932126-3/2026;Materiais e equipamentos médico-hospitalares;Catálogo do Compras.gov.br;Material;6530;MOBILIÁRIO, EQUIPAMENTOS, UTENSÍLIOS E  SUPRIMENTOS  HOSPITALARES;9639;CAMA HOSPITALAR;467637;CAPACIDADE DE CARGA: ATÉ 300, CARACTERÍSTICAS ADICIONAIS: TRENDELEMBURG, FOWLER E REVERSO, CARACTERÍSTICAS ADICIONAIS 01: GRADES ESCAMOTEÁVEIS, COMPONENTES: CABEÇEIRA E PESEIRA REMOVÍVEIS PLÁSTICO, COMPONENTES 01: ALTURA REGULÁVEL, BATERIA RECARREGÁVEL, DIMENSÃO: CERCA DE 2,00 X 0,90, MATERIAL: AÇO INOXIDÁVEL, RODAS: RODÍZIOS C/ FREIOS, TIPO: ELÉTRICA, TIPOS DE ACIONAMENTO: CONTROLE REMOTO;UN;60,0000;6290,0000;377400,0000;0,0000;31/12/2026
HOSPITAL ESTADUAL TELECILA FREITAS FONTES /RN;932126;1440;Material;932126-3/2026;Materiais e equipamentos médico-hospitalares;Catálogo do Compras.gov.br;Material;6530;MOBILIÁRIO, EQUIPAMENTOS, UTENSÍLIOS E  SUPRIMENTOS  HOSPITALARES;4594;CARRO DE EMERGÊNCIA HOSPITALAR;410764;ACESSÓRIOS: TÁBUA DE MASSAGEM CARDÍACA, ACESSÓRIOS 02: TRAVA DE GAVETAS COM LACRE, CARACTERÍSTICAS ADICIONAIS: SUPORTE PARA PERFURO CORTANTE, CARACTERÍSTICAS ADICIONAIS 01: SUPORTE SORO E CILINDRO DE O2, ESTRUTURA: CHAPAS DE AÇO INOXIDÁVEL, RODÍZIOS: COM RODÍZIOS, SUPORTE: SUPORTE PARA MONITOR, BASE GIRATÓRIA;UN;5,0000;2573,0000;12865,0000;0,0000;31/12/2026
HOSPITAL ESTADUAL TELECILA FREITAS FONTES /RN;932126;1441;Material;932126-3/2026;Materiais e equipamentos médico-hospitalares;Catálogo do Compras.gov.br;Material;6530;MOBILIÁRIO, EQUIPAMENTOS, UTENSÍLIOS E  SUPRIMENTOS  HOSPITALARES;30304;AUTOCLAVE PARA ESTERILIZAÇÃO;625469;ABASTECIMENTO DE ÁGUA: AUTOMÁTICO, C/ SISTEMA DE OSMOSE REVERSA INTEGRADO, AGENTE: VAPOR SATURADO SOB PRESSÃO, CAPACIDADE: DE 551 A 750, CICLOS MÍNIMOS: TESTE E BÁSICOS, COMPONENTE: C/ DISPOSITIVOS DE SEGURANÇA, FUNCIONAMENTO: PRÉ VÁCUO, NÚMERO DE PORTAS: 2 PORTAS, PAINEL CONTROLE: C/ VISOR E AJUSTE DIGITAL, REGISTRO DO CICLO: C/ IMPRESSORA INTEGRADA E MEMÓRIA DE DADOS, TIPO: HORIZONTAL DE SOLO;UN;1,0000;335798,2900;335798,2900;0,0000;31/12/2026
HOSPITAL ESTADUAL TELECILA FREITAS FONTES /RN;932126;1442;Material;932126-3/2026;Materiais e equipamentos médico-hospitalares;Catálogo do Compras.gov.br;Material;6530;MOBILIÁRIO, EQUIPAMENTOS, UTENSÍLIOS E  SUPRIMENTOS  HOSPITALARES;30304;AUTOCLAVE PARA ESTERILIZAÇÃO;625454;ABASTECIMENTO DE ÁGUA: MANUAL, AGENTE: VAPOR SATURADO SOB PRESSÃO, CAPACIDADE: DE 51 A 100, CICLOS MÍNIMOS: BÁSICO, COMPONENTE: C/ DISPOSITIVOS DE SEGURANÇA, FUNCIONAMENTO: GRAVITACIONAL, NÚMERO DE PORTAS: 1 PORTA, PAINEL CONTROLE: AJUSTE MANUAL, REGISTRO DO CICLO: S/ MEMÓRIA DE DADOS, TIPO: VERTICAL;UN;1,0000;6980,0000;6980,0000;0,0000;31/12/2026
HOSPITAL ESTADUAL TELECILA FREITAS FONTES /RN;932126;1443;Material;932126-3/2026;Materiais e equipamentos médico-hospitalares;Catálogo do Compras.gov.br;Material;6515;INSTRUMENTOS, EQUIPAMENTOS E SUPRIMENTOS MÉDICOS  E  CIRÚRGICOS;30193;UNIDADE MÓVEL DE ANESTESIA;616523;APLICAÇÃO: NEONATAL A OBESO, CAPACIDADE DE ARMAZENAMENTO: MÍNIMO 140 EVENTOS, COMPATIBILIDADE: CONDICIONADO A RNM DE 1,5 A 3T, RECURSOS ADICIONAIS MÍNIMOS: LIMPEZA DO ANESTÉSICO DO CIRCUITO ATIVO E PASSIVO, RECURSOS DE SEGURANÇA: CHECAGEM MANUAL, BATERIA E ALARMES, ROTÂMETRO: C/ CONTROLE DE FLUXO MECÂNICO, TRANSFERÊNCIA DE DADOS: C/ FIO, VAPORIZADOR: MULTIAGENTE P/ MÍNIMO 4, CONTROLE ELETRÔNICO, VENTILADOR PULMONAR: SENSOR FLUXO DE FIO AQUECIDO, TELA MÍNIMO 15'';UN;1,0000;122000,0000;122000,0000;0,0000;31/12/2026
HOSPITAL ESTADUAL TELECILA FREITAS FONTES /RN;932126;1444;Material;932126-3/2026;Materiais e equipamentos médico-hospitalares;Catálogo do Compras.gov.br;Material;6515;INSTRUMENTOS, EQUIPAMENTOS E SUPRIMENTOS MÉDICOS  E  CIRÚRGICOS;2758;BOMBA DE INFUSÃO;425255;ACESSÓRIOS: INDICADOR DE ENERGIA / CARGA, ALARME: VISUAL / SONORO, CARACTERÍSTICAS ADICIONAIS: TELA LCD 2,7 POL, CARACTERÍSTICAS ADICIONAIS 01: SENSOR AR / PRESSÃO, MATERIAL: PLÁSTICO ABS, TIPO: VOLUMÉTRICA PERISTÁLTICA, VAZÃO: 1 A 600ML/H, TOTAL DE 1 A 9999ML;UN;75,0000;3000,0000;225000,0000;0,0000;31/12/2026
HOSPITAL ESTADUAL TELECILA FREITAS FONTES /RN;932126;1445;Material;932126-3/2026;Materiais e equipamentos médico-hospitalares;Catálogo do Compras.gov.br;Material;6530;MOBILIÁRIO, EQUIPAMENTOS, UTENSÍLIOS E  SUPRIMENTOS  HOSPITALARES;7093;BISTURI ELÉTRICO;459788;COMPATIBILIDADE: COMPATÍVEL C/ COAGULADOR ARGÔNIO, MODELO: RADIOFREQUÊNCIA, MODO DE OPERAÇÃO: BIPOLAR, MICRO E MACRO, MODO DE OPERAÇÃO MONOPOLAR: MONOPOLAR, OUTROS COMPONENTES: ALARME, MEMÓRIA, POTÊNCIA MÁXIMA CORTE MONOPOLAR: DE 301 A 400, TIPO DE COAGULAÇÃO: COAGULAÇÃO, SPRAY E FULGURAÇÃO, TIPO DE CORTE: CORTE PURO E NO MÍNIMO 3 MISTOS;UN;2,0000;4800,0000;9600,0000;0,0000;31/12/2026
HOSPITAL ESTADUAL TELECILA FREITAS FONTES /RN;932126;1446;Material;932126-3/2026;Materiais e equipamentos médico-hospitalares;Catálogo do Compras.gov.br;Material;6515;INSTRUMENTOS, EQUIPAMENTOS E SUPRIMENTOS MÉDICOS  E  CIRÚRGICOS;11696;VENTILADOR ARTIFICIAL ELETRÔNICO;413274;ALARMES: ALARMES AUDIOVISUAIS, CARACTERÍSTICAS ADICIONAIS 01: BATERIA INTERNA, CIRCUITOS: CIRCUITOS COMPLETOS, COMPONENTES: VÁLVULAS REGULADORAS DE PRESSÃO, MODELO: PEDIÁTRICO/ADULTO, MODOS VENTILAÇÃO: VCV, PARÂMETROS VENTILATÓRIOS: FR, VC, TIPO 01: TRANSPORTE;UN;5,0000;27500,0000;137500,0000;0,0000;31/12/2026
HOSPITAL ESTADUAL TELECILA FREITAS FONTES /RN;932126;1447;Material;932126-3/2026;Materiais e equipamentos médico-hospitalares;Catálogo do Compras.gov.br;Material;6530;MOBILIÁRIO, EQUIPAMENTOS, UTENSÍLIOS E  SUPRIMENTOS  HOSPITALARES;498;MESA CIRÚRGICA;417574;ACABAMENTO TAMPO LEITO: TAMPO RADIOTRANSPARENTE C/SUPORTE E GAVETA P/RX, CARACTERÍSTICAS ADICIONAIS: ARCO DE NARCOSE, PORTA-COXAS, COMANDO MOVIMENTO: ELÉTRICO/PNEUMÁTICO, OMBREIRA: COM OMBREIRA, PERNEIRA: COM PERNEIRA, SUPORTE LATERAL: COM SUPORTE LATERAL, TIPO ESTRUTURA: AÇO INOXIDÁVEL, TIPO MOVIMENTO ELEVAÇÃO: TRENDELEMBURG,REVERSO,LATERAL ESQUERDO E DIREITO;UN;1,0000;47350,0000;47350,0000;0,0000;31/12/2026
HOSPITAL ESTADUAL TELECILA FREITAS FONTES /RN;932126;1448;Material;932126-3/2026;Materiais e equipamentos médico-hospitalares;Catálogo do Compras.gov.br;Material;6515;INSTRUMENTOS, EQUIPAMENTOS E SUPRIMENTOS MÉDICOS  E  CIRÚRGICOS;7145;APARELHO ULTRASSONOGRAFIA;418944;APLICAÇÃO: USO INTRAOPERATÓRIO, CARACTERÍSTICAS ADICIONAIS: TELA 15" SENSÍVEL AO TOQUE, IMPRESSORA, COMPONENTES: DISQUETE, CD-ROM, ALTOFALANTE, MATERIAL GABINETE: UNIDADE C/ RODÍZIO, OUTROS COMPONENTES: SOFTWARE ARMAZENA DADOS, RELATÓRIO PERSONALIZADO, USO: FLUXO SANGUÍNEO, DÉBITO CARDÍACO, DOPPLER PULSADO;UN;1,0000;152788,6700;152788,6700;0,0000;31/12/2026
HOSPITAL ESTADUAL TELECILA FREITAS FONTES /RN;932126;1449;Material;932126-3/2026;Materiais e equipamentos médico-hospitalares;Catálogo do Compras.gov.br;Material;6515;INSTRUMENTOS, EQUIPAMENTOS E SUPRIMENTOS MÉDICOS  E  CIRÚRGICOS;19950;FOCO;482070;ADICIONAL 1: C/ AJUSTE DIÂMETRO LUZ E DIMMER, ADICIONAL 2: C/ CÂMERA VÍDEO, ARTICULAÇÃO: CÚPULAS, BRAÇOS E SUPORTE P/ MONITOR ARTICULÁVEIS, CÚPULA: 3 CÚPULAS, LUMINOSIDADE: CERCA DE 160.000 LUX, LÂMPADA / VIDA ÚTIL: LED MÍN 60.000 H, TIPO: CIRÚRGICO DE TETO;UN;1,0000;28080,0000;28080,0000;0,0000;31/12/2026
HOSPITAL ESTADUAL TELECILA FREITAS FONTES /RN;932126;1450;Material;932126-3/2026;Materiais e equipamentos médico-hospitalares;Catálogo do Compras.gov.br;Material;6515;INSTRUMENTOS, EQUIPAMENTOS E SUPRIMENTOS MÉDICOS  E  CIRÚRGICOS;19950;FOCO;482044;ALTURA: ALTURA AJUSTÁVEL, ESTRUTURA 1: BASE E HASTE RÍGIDA METÁLICA, C/ PINTURA EPÓXI, LUMINOSIDADE: CERCA DE 15.000 LUX, LÂMPADA / VIDA ÚTIL: LED MÍN 30.000 H, QUANTIDADE MOTORES: PARTE SUPERIOR CROMADA FLEXÍVEL, RODIZIOS: C/ RODÍZIOS, TIPO: CLÍNICO, PORTÁTIL;UN;2,0000;15200,0000;30400,0000;0,0000;31/12/2026
HOSPITAL ESTADUAL TELECILA FREITAS FONTES /RN;932126;1451;Material;932126-3/2026;Materiais e equipamentos médico-hospitalares;Catálogo do Compras.gov.br;Material;6515;INSTRUMENTOS, EQUIPAMENTOS E SUPRIMENTOS MÉDICOS  E  CIRÚRGICOS;17933;HEMOGASÔMETRO;275036;APLICAÇÃO: P/ ANÁLISE AUTOMÁTICA DE PH, PCO2 E PO2, CARACTERÍSTICAS ADICIONAIS: P/ IMPRESSORA,COMANDO NAS TECLAS DO VISOR, FUNÇÃO: P/ ANÁLISE 50ML SANGUE TOTAL/60 SEG, TIPO / PADRÃO: ROTINAS P/MANUTENÇÃO,CALIBRAÇÃO AUTOMÁTICA, TIPO PROGRAMAÇÃO: PROGRAMAÇÃO DADOS ENTRADA E PARÂMETROS DE SAÍDA, TIPO REGISTRO: DE 1 E 2 PONTOS DE GRAVAÇÃO RESULTADOS EM DISKETE;UN;1,0000;42000,0000;42000,0000;0,0000;31/12/2026
HOSPITAL ESTADUAL TELECILA FREITAS FONTES /RN;932126;1452;Material;932126-3/2026;Materiais e equipamentos médico-hospitalares;Catálogo do Compras.gov.br;Material;6515;INSTRUMENTOS, EQUIPAMENTOS E SUPRIMENTOS MÉDICOS  E  CIRÚRGICOS;30192;MÁQUINA DE HEMODIÁLISE;616232;FLUXO: DE 30 A 600, PARÂMETROS MÍNIMOS: PRESSÃO DE DIALISATO, PTM, TEMPO, PERFIL UF, SÓDIO, RECURSOS ADICIONAIS MÍNIMOS: AUTO TESTE E ARMAZENAMENTO DE DADOS EXTERNO, RECURSOS DE SEGURANÇA: ALARMES, SISTEMA DE DOSAGEM: VOLUMÉTRICA, TIPO TELA: MÍNIMO DE 15'' C/ AJUSTE SENSÍVEL AO TOQUE;UN;1,0000;95000,0000;95000,0000;0,0000;31/12/2026
HOSPITAL ESTADUAL TELECILA FREITAS FONTES /RN;932126;1453;Material;932126-3/2026;Materiais e equipamentos médico-hospitalares;Catálogo do Compras.gov.br;Material;6515;INSTRUMENTOS, EQUIPAMENTOS E SUPRIMENTOS MÉDICOS  E  CIRÚRGICOS;30168;ELETROENCEFALÓGRAFO;615514;ALIMENTAÇÃO: BIVOLT AUTOMÁTICO E BATERIA RECARREGÁVEL, COMPONENTE: SOFTWARE BÁSICO, MODELO: LAPTOP, HEADBOX, NÚMERO DE CANAIS: DE 25 A 256, PARÂMETROS MÍNIMOS: ECG, SPO2, FR, EEG LONGO PRAZO, POTENCIAL EVOCADO, RESOLUÇÃO DOS DADOS: MÍNIMO 24 BITS, TAXA DE AMOSTRAGEM: MÍNIMO 16.000 PONTOS/SEG, TIPO HARDWARE: SISTEMA OPERACIONAL COMPATÍVEL, TRANSFERÊNCIA DE DADOS: COM E SEM FIO;UN;1,0000;33859,0000;33859,0000;0,0000;31/12/2026
HOSPITAL ESTADUAL TELECILA FREITAS FONTES /RN;932126;1454;Material;932126-3/2026;Materiais e equipamentos médico-hospitalares;Catálogo do Compras.gov.br;Material;6515;INSTRUMENTOS, EQUIPAMENTOS E SUPRIMENTOS MÉDICOS  E  CIRÚRGICOS;13675;ACESSÓRIO PARA EQUIPAMENTO MÉDICO;436145;ACESSÓRIOS: CONECTORES COMPATÍVEIS C/ EQUIPAMENTO, APLICAÇÃO: P/ MONITORIZAÇÃO DE PRESSÃO NÃO INVASIVA, ESTERILIDADE: REUSÁVEL, TIPO: CABO;UN;20,0000;332,5000;6650,0000;0,0000;31/12/2026
HOSPITAL ESTADUAL TELECILA FREITAS FONTES /RN;932126;1455;Material;932126-3/2026;Materiais e equipamentos médico-hospitalares;Catálogo do Compras.gov.br;Material;6515;INSTRUMENTOS, EQUIPAMENTOS E SUPRIMENTOS MÉDICOS  E  CIRÚRGICOS;6960;ESFIGMOMANÔMETRO;434825;AJUSTE: ANALÓGICO, ANERÓIDE, FAIXA DE OPERAÇÃO: ATÉ 300, MATERIAL BRAÇADEIRA: BRAÇADEIRA EM NYLON, TAMANHO: ADULTO, TIPO FECHO: FECHO EM METAL, TIPO*: DE BRAÇO, USO: P/ FIXAÇÃO EM SUPERFÍCIES;UN;50,0000;58,0000;2900,0000;0,0000;31/12/2026
HOSPITAL ESTADUAL TELECILA FREITAS FONTES /RN;932126;1456;Material;932126-3/2026;Materiais e equipamentos médico-hospitalares;Catálogo do Compras.gov.br;Material;6515;INSTRUMENTOS, EQUIPAMENTOS E SUPRIMENTOS MÉDICOS  E  CIRÚRGICOS;2866;APARELHO RAIOS X;450494;ADICIONAL: FORMATO DICOM, APLICAÇÃO: FIXO, CAPACIDADE 1: MÍNIMO DE 130, COMPONENTE: MESA DE COMANDO, ESTATIVA DE CHÃO, CORRENTE: MÁXIMO DE 800, OUTROS COMPONENTES: COLIMADOR, BUCKY E MESA, TENSÃO: MÁXIMO DE 125, TIPO: DIGITAL;UN;1,0000;495000,0000;495000,0000;0,0000;31/12/2026
HOSPITAL ESTADUAL TELECILA FREITAS FONTES /RN;932126;1457;Material;932126-3/2026;Materiais e equipamentos médico-hospitalares;Catálogo do Compras.gov.br;Material;6515;INSTRUMENTOS, EQUIPAMENTOS E SUPRIMENTOS MÉDICOS  E  CIRÚRGICOS;19702;ASPIRADOR CIRÚRGICO;459190;ADICIONAIS: ACIONAMENTO POR PEDAL, COMPONENTES: SISTEMA ANTITRANSBORDAMENTO, FILTRO BACTERIOLÓGICO, FLUXO DE ASPIRAÇÃO: DE 31 A 49 LPM, MODELO: ELÉTRICO MÓVEL, PRESSÃO DE VÁCUO: CERCA DE 650 MMHG, TIPO FRASCO: 2 FRASCOS EM PLÁSTICO, VOLUME: CERCA DE 4 L X 4 L;UN;10,0000;1377,0000;13770,0000;0,0000;31/12/2026
HOSPITAL ESTADUAL TELECILA FREITAS FONTES /RN;932126;1458;Material;932126-3/2026;Materiais e equipamentos médico-hospitalares;Catálogo do Compras.gov.br;Material;6515;INSTRUMENTOS, EQUIPAMENTOS E SUPRIMENTOS MÉDICOS  E  CIRÚRGICOS;17964;APARELHO ILUMINADOR TRANSDÉRMICO;432446;APLICAÇÃO: VISUALIZAR VASOS SANGUÍNEOS, CARACTERÍSTICA ADICIONAL: PORTÁTIL, MATERIAL: DIODOS EMISSORES DE LUZ;UN;2,0000;288,8800;577,7600;0,0000;31/12/2026
HOSPITAL ESTADUAL TELECILA FREITAS FONTES /RN;932126;1459;Material;932126-3/2026;Materiais e equipamentos médico-hospitalares;Catálogo do Compras.gov.br;Material;6530;MOBILIÁRIO, EQUIPAMENTOS, UTENSÍLIOS E  SUPRIMENTOS  HOSPITALARES;8430;INTENSIFICADOR DE IMAGEM USO RADIOLOGICO;378081;ANGULAÇÃO: SUBTRAÇÃO DIGITAL, FREQUÊNCIA MÍNIMA 6 IMAGENS/SEG, COMPONENTES: ARCO CIRÚRGICO, FLUOROSCOPIA CONTÍNUA E PULSADA, MEDIDOR: VISUALIZAÇÃO POSITIVA/NEGATIVO, TIPO FOCO: RADIOGRAFIA DIGITAL, EXPOSIÇÃO DIRETA;UN;1,0000;204000,0000;204000,0000;0,0000;31/12/2026
HOSPITAL ESTADUAL TELECILA FREITAS FONTES /RN;932126;1460;Material;932126-3/2026;Materiais e equipamentos médico-hospitalares;Catálogo do Compras.gov.br;Material;3540;MÁQUINAS DE EMBALAR E EMPACOTAR;9221;SELADORA FILME;323996;ALTURA TAMPO: 90, APLICAÇÃO: SELAR BORDAS DE ACONDICIONADORES FILMES POLIÉSTER, CARACTERÍSTICAS ADICIONAIS: CONFECCIONADA SOBRE BASE/PINTURA ESPECIAL/COMPRIME, COMANDO MOVIMENTO: PEDAL, CONTROLE: ELETRÔNICO PARA SOLDA ATRAVÉS SIMPLES REGULAGEM, LARGURA: 125, MATERIAL TAMPO: MADEIRA COM SUPERFÍCIE REVESTIDA COM LAMINADO, MODELO: SL400, PROFUNDIDADE: 71, VOLTAGEM: 110/220;UN;2,0000;1289,0000;2578,0000;0,0000;31/12/2026
HOSPITAL ESTADUAL TELECILA FREITAS FONTES /RN;932126;1461;Material;932126-3/2026;Materiais e equipamentos médico-hospitalares;Catálogo do Compras.gov.br;Material;6525;EQUIPAMENTOS E SUPRIMENTOS DE RAIOS-X DE USO  MÉDICO,  DENTÁRIO E VETERINÁRIO;10071;NEGATOSCÓPIO;472671;ADICIONAL: FIXAÇÃO POR ÍMÃ, CARACTERÍSTICAS ADICIONAIS: ILUMINAÇÃO EM LED, DIMENSÕES: CERCA DE 400 X 500 X 7, MATERIAL ESTRUTURA: CHAPA AÇO, MATERIAL VISOR: VISOR ACRÍLICO;UN;3,0000;399,0000;1197,0000;0,0000;31/12/2026
HOSPITAL ESTADUAL TELECILA FREITAS FONTES /RN;932126;1462;Material;932126-3/2026;Materiais e equipamentos médico-hospitalares;Catálogo do Compras.gov.br;Material;6515;INSTRUMENTOS, EQUIPAMENTOS E SUPRIMENTOS MÉDICOS  E  CIRÚRGICOS;14498;CAPNÓGRAFO;233020;ACESSÓRIOS: GRÁFICO DE RESPIRAÇÕES POR MINUTO E ETC(END TIAL, APLICAÇÃO: MONITORIZAÇÃO CONTÍNUA DE CO2 EXPIRADO, AUTONOMIA BATERIA: 2, CARACTERÍSTICAS ADICIONAIS: MONITORIZAÇÃO DE PACIENTES INTUBADOS E NÃO INTUBA, FREQUÊNCIA: 60, TENSÃO: 220, TIPO BATERIA: EMBUTIDA/RECARREGÁVEL;UN;10,0000;3599,0000;35990,0000;0,0000;31/12/2026
HOSPITAL ESTADUAL TELECILA FREITAS FONTES /RN;932126;1463;Material;932126-3/2026;Materiais e equipamentos médico-hospitalares;Catálogo do Compras.gov.br;Material;8120;CILINDROS COMERCIAIS E INDUSTRIAIS PARA GASES;1178;CILINDRO GÁS;482803;CAPACIDADE ARMAZENAGEM: 10, CARACTERÍSTICAS ADICIONAIS: COM REGULADOR DE PRESSÃO 0-4 L/MIN, MATERIAL: ALUMÍNIO, TIPO GÁS: OXIGÊNIO;CIL;10,0000;1479,0000;14790,0000;0,0000;31/12/2026
HOSPITAL ESTADUAL TELECILA FREITAS FONTES /RN;932126;1464;Material;932126-3/2026;Materiais e equipamentos médico-hospitalares;Catálogo do Compras.gov.br;Material;8120;CILINDROS COMERCIAIS E INDUSTRIAIS PARA GASES;1178;CILINDRO GÁS;299427;CAPACIDADE ARMAZENAGEM: 75, MATERIAL: AÇO, TIPO GÁS: OXIGÊNIO, VOLUME: 10;CIL;10,0000;1165,0000;11650,0000;0,0000;31/12/2026
HOSPITAL ESTADUAL TELECILA FREITAS FONTES /RN;932126;1465;Material;932126-3/2026;Materiais e equipamentos médico-hospitalares;Catálogo do Compras.gov.br;Material;8120;CILINDROS COMERCIAIS E INDUSTRIAIS PARA GASES;1178;CILINDRO GÁS;410709;CARACTERÍSTICAS ADICIONAIS: TIPO: ALC, ALTURA: 310 MM, MATERIAL: ALUMÍNIO, PRESSÃO TESTE: 126, TIPO GÁS: MISTURAS, VOLUME: 0,8;UN;10,0000;900,0000;9000,0000;0,0000;31/12/2026
HOSPITAL ESTADUAL TELECILA FREITAS FONTES /RN;932126;1466;Material;932126-1/2026;Medicamentos;Catálogo do Compras.gov.br;Material;6505;DROGAS E MEDICAMENTOS;353;ÁCIDO ACETILSALICÍLICO;337678;CONCENTRAÇÃO: 100, FORMA FARMACEUTICA: LIBERAÇÃO ENTÉRICA;COMPR;1500,0000;0,0400;60,0000;0,0000;31/12/2026
HOSPITAL ESTADUAL TELECILA FREITAS FONTES /RN;932126;1467;Material;932126-1/2026;Medicamentos;Catálogo do Compras.gov.br;Material;6505;DROGAS E MEDICAMENTOS;363;ACICLOVIR;268370;DOSAGEM: 200;COMPR;150,0000;0,1800;27,0000;0,0000;31/12/2026
HOSPITAL ESTADUAL TELECILA FREITAS FONTES /RN;932126;1468;Material;932126-1/2026;Medicamentos;Catálogo do Compras.gov.br;Material;6505;DROGAS E MEDICAMENTOS;354;ÁCIDO FÓLICO;267503;DOSAGEM: 5;COMPR;90,0000;0,0400;3,6000;0,0000;31/12/2026
HOSPITAL ESTADUAL TELECILA FREITAS FONTES /RN;932126;1469;Material;932126-1/2026;Medicamentos;Catálogo do Compras.gov.br;Material;6505;DROGAS E MEDICAMENTOS;2420;AMIODARONA;267510;DOSAGEM: 200 MG;COMPR;360,0000;0,3700;133,2000;0,0000;31/12/2026
HOSPITAL ESTADUAL TELECILA FREITAS FONTES /RN;932126;1470;Material;932126-1/2026;Medicamentos;Catálogo do Compras.gov.br;Material;6505;DROGAS E MEDICAMENTOS;350;ALBENDAZOL;459822;CONCENTRAÇÃO: 400, FORMA FARMACEUTICA: COMPRIMIDO MASTIGÁVEL;COMPR;15,0000;0,6100;9,1500;0,0000;31/12/2026
HOSPITAL ESTADUAL TELECILA FREITAS FONTES /RN;932126;1471;Material;932126-1/2026;Medicamentos;Catálogo do Compras.gov.br;Material;6505;DROGAS E MEDICAMENTOS;2360;ALOPURINOL;267508;DOSAGEM: 100 MG;COMPR;90,0000;0,1600;14,4000;0,0000;31/12/2026
HOSPITAL ESTADUAL TELECILA FREITAS FONTES /RN;932126;1472;Material;932126-1/2026;Medicamentos;Catálogo do Compras.gov.br;Material;6505;DROGAS E MEDICAMENTOS;2411;ANLODIPINO BESILATO;268896;DOSAGEM: 10;COMPR;450,0000;0,0500;22,5000;0,0000;31/12/2026
HOSPITAL ESTADUAL TELECILA FREITAS FONTES /RN;932126;1473;Material;932126-1/2026;Medicamentos;Catálogo do Compras.gov.br;Material;6505;DROGAS E MEDICAMENTOS;2411;ANLODIPINO BESILATO;272434;DOSAGEM: 5;COMPR;450,0000;0,0300;13,5000;0,0000;31/12/2026
HOSPITAL ESTADUAL TELECILA FREITAS FONTES /RN;932126;1474;Material;932126-1/2026;Medicamentos;Catálogo do Compras.gov.br;Material;6505;DROGAS E MEDICAMENTOS;3106;ATENOLOL;267516;DOSAGEM: 25;COMPR;270,0000;0,0300;8,1000;0,0000;31/12/2026
HOSPITAL ESTADUAL TELECILA FREITAS FONTES /RN;932126;1475;Material;932126-1/2026;Medicamentos;Catálogo do Compras.gov.br;Material;6505;DROGAS E MEDICAMENTOS;3167;AZITROMICINA;267140;DOSAGEM: 500;COMPR;450,0000;0,8300;373,5000;0,0000;31/12/2026
HOSPITAL ESTADUAL TELECILA FREITAS FONTES /RN;932126;1476;Material;932126-1/2026;Medicamentos;Catálogo do Compras.gov.br;Material;6505;DROGAS E MEDICAMENTOS;3570;BISACODIL;269603;DOSAGEM: 5;COMPR;60,0000;0,1200;7,2000;0,0000;31/12/2026
HOSPITAL ESTADUAL TELECILA FREITAS FONTES /RN;932126;1477;Material;932126-1/2026;Medicamentos;Catálogo do Compras.gov.br;Material;6505;DROGAS E MEDICAMENTOS;4505;CAPTOPRIL;267613;CONCENTRAÇÃO: 25;COMPR;2400,0000;0,0400;96,0000;0,0000;31/12/2026
HOSPITAL ESTADUAL TELECILA FREITAS FONTES /RN;932126;1478;Material;932126-1/2026;Medicamentos;Catálogo do Compras.gov.br;Material;6505;DROGAS E MEDICAMENTOS;4677;CARVEDILOL;267566;DOSAGEM: 3,125;COMPR;600,0000;0,0800;48,0000;0,0000;31/12/2026
HOSPITAL ESTADUAL TELECILA FREITAS FONTES /RN;932126;1479;Material;932126-1/2026;Medicamentos;Catálogo do Compras.gov.br;Material;6505;DROGAS E MEDICAMENTOS;4677;CARVEDILOL;267565;DOSAGEM: 6,25;COMPR;600,0000;0,0800;48,0000;0,0000;31/12/2026
HOSPITAL ESTADUAL TELECILA FREITAS FONTES /RN;932126;1480;Material;932126-1/2026;Medicamentos;Catálogo do Compras.gov.br;Material;6505;DROGAS E MEDICAMENTOS;17993;CILOSTAZOL;276378;CONCENTRAÇÃO: 100;COMPR;120,0000;0,5600;67,2000;0,0000;31/12/2026
HOSPITAL ESTADUAL TELECILA FREITAS FONTES /RN;932126;1481;Material;932126-1/2026;Medicamentos;Catálogo do Compras.gov.br;Material;6505;DROGAS E MEDICAMENTOS;5040;CIPROFLOXACINO CLORIDRATO;267632;DOSAGEM: 500;COMPR;180,0000;0,1800;32,4000;0,0000;31/12/2026
HOSPITAL ESTADUAL TELECILA FREITAS FONTES /RN;932126;1482;Material;932126-1/2026;Medicamentos;Catálogo do Compras.gov.br;Material;6505;DROGAS E MEDICAMENTOS;5090;CLOPIDOGREL;272045;DOSAGEM: 75;COMPR;900,0000;0,2360;212,4000;0,0000;31/12/2026
HOSPITAL ESTADUAL TELECILA FREITAS FONTES /RN;932126;1483;Material;932126-1/2026;Medicamentos;Catálogo do Compras.gov.br;Material;6505;DROGAS E MEDICAMENTOS;6171;DICLOFENACO;270992;APRESENTAÇÃO: SAL POTÁSSICO, DOSAGEM: 50 MG;COMPR;90,0000;0,0700;6,3000;0,0000;31/12/2026
HOSPITAL ESTADUAL TELECILA FREITAS FONTES /RN;932126;1484;Material;932126-1/2026;Medicamentos;Catálogo do Compras.gov.br;Material;6505;DROGAS E MEDICAMENTOS;6200;DIGOXINA;267647;DOSAGEM: 0,25;COMPR;180,0000;0,2200;39,6000;0,0000;31/12/2026
HOSPITAL ESTADUAL TELECILA FREITAS FONTES /RN;932126;1485;Material;932126-1/2026;Medicamentos;Catálogo do Compras.gov.br;Material;6505;DROGAS E MEDICAMENTOS;9038;ENALAPRIL MALEATO;267651;DOSAGEM: 10;COMPR;1200,0000;0,0400;48,0000;0,0000;31/12/2026
HOSPITAL ESTADUAL TELECILA FREITAS FONTES /RN;932126;1486;Material;932126-1/2026;Medicamentos;Catálogo do Compras.gov.br;Material;6505;DROGAS E MEDICAMENTOS;7024;ESPIRONOLACTONA;267653;DOSAGEM: 25;COMPR;750,0000;0,2000;150,0000;0,0000;31/12/2026
HOSPITAL ESTADUAL TELECILA FREITAS FONTES /RN;932126;1487;Material;932126-1/2026;Medicamentos;Catálogo do Compras.gov.br;Material;6505;DROGAS E MEDICAMENTOS;7644;FLUCONAZOL;267662;DOSAGEM: 150;CAPS;36,0000;0,4800;17,2800;0,0000;31/12/2026
HOSPITAL ESTADUAL TELECILA FREITAS FONTES /RN;932126;1488;Material;932126-1/2026;Medicamentos;Catálogo do Compras.gov.br;Material;6505;DROGAS E MEDICAMENTOS;7878;FUROSEMIDA;267663;DOSAGEM: 40;COMPR;600,0000;0,0600;36,0000;0,0000;31/12/2026
HOSPITAL ESTADUAL TELECILA FREITAS FONTES /RN;932126;1489;Material;932126-1/2026;Medicamentos;Catálogo do Compras.gov.br;Material;6505;DROGAS E MEDICAMENTOS;8000;GLIBENCLAMIDA;267671;DOSAGEM: 5 MG;COMPR;60,0000;0,0400;2,4000;0,0000;31/12/2026
HOSPITAL ESTADUAL TELECILA FREITAS FONTES /RN;932126;1490;Material;932126-1/2026;Medicamentos;Catálogo do Compras.gov.br;Material;6505;DROGAS E MEDICAMENTOS;8211;HIDRALAZINA;268111;DOSAGEM: 25;COMPR;600,0000;0,3200;192,0000;0,0000;31/12/2026
HOSPITAL ESTADUAL TELECILA FREITAS FONTES /RN;932126;1493;Material;932126-1/2026;Medicamentos;Catálogo do Compras.gov.br;Material;6505;DROGAS E MEDICAMENTOS;6223;ISOSSORBIDA;273400;PRINCÍPIO ATIVO: SAL MONONITRATO, DOSAGEM: 20;COMPR;540,0000;0,1500;81,0000;0,0000;31/12/2026
HOSPITAL ESTADUAL TELECILA FREITAS FONTES /RN;932126;1494;Material;932126-1/2026;Medicamentos;Catálogo do Compras.gov.br;Material;6505;DROGAS E MEDICAMENTOS;8514;ITRACONAZOL;268861;DOSAGEM: 100;CAPS;60,0000;1,0100;60,6000;0,0000;31/12/2026
HOSPITAL ESTADUAL TELECILA FREITAS FONTES /RN;932126;1495;Material;932126-1/2026;Medicamentos;Catálogo do Compras.gov.br;Material;6505;DROGAS E MEDICAMENTOS;1795;IVERMECTINA;376767;CONCENTRAÇÃO: 6;COMPR;30,0000;0,6400;19,2000;0,0000;31/12/2026
HOSPITAL ESTADUAL TELECILA FREITAS FONTES /RN;932126;1496;Material;932126-1/2026;Medicamentos;Catálogo do Compras.gov.br;Material;6505;DROGAS E MEDICAMENTOS;8807;LEVOFLOXACINO;305270;DOSAGEM: 500;COMPR;60,0000;0,6600;39,6000;0,0000;31/12/2026
HOSPITAL ESTADUAL TELECILA FREITAS FONTES /RN;932126;1497;Material;932126-1/2026;Medicamentos;Catálogo do Compras.gov.br;Material;6505;DROGAS E MEDICAMENTOS;8922;LOSARTANA POTÁSSICA;268856;DOSAGEM: 50;COMPR;1800,0000;0,0600;108,0000;0,0000;31/12/2026
HOSPITAL ESTADUAL TELECILA FREITAS FONTES /RN;932126;1498;Material;932126-1/2026;Medicamentos;Catálogo do Compras.gov.br;Material;6505;DROGAS E MEDICAMENTOS;5206;METFORMINA CLORIDRATO;267690;DOSAGEM: 500;COMPR;30,0000;0,1700;5,1000;0,0000;31/12/2026
HOSPITAL ESTADUAL TELECILA FREITAS FONTES /RN;932126;1499;Material;932126-1/2026;Medicamentos;Catálogo do Compras.gov.br;Material;6505;DROGAS E MEDICAMENTOS;5206;METFORMINA CLORIDRATO;267691;DOSAGEM: 850;COMPR;180,0000;0,1700;30,6000;0,0000;31/12/2026
HOSPITAL ESTADUAL TELECILA FREITAS FONTES /RN;932126;1500;Material;932126-1/2026;Medicamentos;Catálogo do Compras.gov.br;Material;6505;DROGAS E MEDICAMENTOS;9697;METILDOPA;267689;DOSAGEM: 250 MG;COMPR;30,0000;0,4600;13,8000;0,0000;31/12/2026
HOSPITAL ESTADUAL TELECILA FREITAS FONTES /RN;932126;1501;Material;932126-1/2026;Medicamentos;Catálogo do Compras.gov.br;Material;6505;DROGAS E MEDICAMENTOS;10082;NIFEDIPINO;267729;DOSAGEM: 20;COMPR;90,0000;0,1400;12,6000;0,0000;31/12/2026
HOSPITAL ESTADUAL TELECILA FREITAS FONTES /RN;932126;1502;Material;932126-1/2026;Medicamentos;Catálogo do Compras.gov.br;Material;6505;DROGAS E MEDICAMENTOS;10216;OMEPRAZOL;267712;CONCENTRAÇÃO: 20;CAPS;5400,0000;0,0820;442,8000;0,0000;31/12/2026
HOSPITAL ESTADUAL TELECILA FREITAS FONTES /RN;932126;1503;Material;932126-1/2026;Medicamentos;Catálogo do Compras.gov.br;Material;6505;DROGAS E MEDICAMENTOS;10422;PARACETAMOL;267779;DOSAGEM COMPRIMIDO: 750;COMPR;300,0000;0,1350;40,5000;0,0000;31/12/2026
HOSPITAL ESTADUAL TELECILA FREITAS FONTES /RN;932126;1504;Material;932126-1/2026;Medicamentos;Catálogo do Compras.gov.br;Material;6505;DROGAS E MEDICAMENTOS;11154;PREDNISONA;267743;DOSAGEM: 20 MG;COMPR;240,0000;0,2096;50,3040;0,0000;31/12/2026
HOSPITAL ESTADUAL TELECILA FREITAS FONTES /RN;932126;1505;Material;932126-1/2026;Medicamentos;Catálogo do Compras.gov.br;Material;6505;DROGAS E MEDICAMENTOS;11262;PROMETAZINA CLORIDRATO;267768;DOSAGEM: 25;COMPR;180,0000;0,1500;27,0000;0,0000;31/12/2026
HOSPITAL ESTADUAL TELECILA FREITAS FONTES /RN;932126;1506;Material;932126-1/2026;Medicamentos;Catálogo do Compras.gov.br;Material;6505;DROGAS E MEDICAMENTOS;11265;PROPATILNITRATO;273135;DOSAGEM: 10;COMPR;300,0000;0,5541;166,2300;0,0000;31/12/2026
HOSPITAL ESTADUAL TELECILA FREITAS FONTES /RN;932126;1507;Material;932126-1/2026;Medicamentos;Catálogo do Compras.gov.br;Material;6505;DROGAS E MEDICAMENTOS;5235;PROPRANOLOL CLORIDRATO;267772;DOSAGEM: 40;COMPR;180,0000;0,0300;5,4000;0,0000;31/12/2026
HOSPITAL ESTADUAL TELECILA FREITAS FONTES /RN;932126;1508;Material;932126-1/2026;Medicamentos;Catálogo do Compras.gov.br;Material;6505;DROGAS E MEDICAMENTOS;12096;SINVASTATINA;267747;DOSAGEM: 20 MG;COMPR;900,0000;0,0700;63,0000;0,0000;31/12/2026
HOSPITAL ESTADUAL TELECILA FREITAS FONTES /RN;932126;1509;Material;932126-1/2026;Medicamentos;Catálogo do Compras.gov.br;Material;6505;DROGAS E MEDICAMENTOS;12315;SULFAMETOXAZOL;308882;COMPOSIÇÃO: ASSOCIADO À TRIMETOPRIMA, CONCENTRAÇÃO: 400MG + 80MG;COMPR;300,0000;0,1600;48,0000;0,0000;31/12/2026
HOSPITAL ESTADUAL TELECILA FREITAS FONTES /RN;932126;1510;Material;932126-1/2026;Medicamentos;Catálogo do Compras.gov.br;Material;6505;DROGAS E MEDICAMENTOS;12315;SULFAMETOXAZOL;308883;COMPOSIÇÃO: ASSOCIADO À TRIMETOPRIMA, CONCENTRAÇÃO: 800MG + 160MG;COMPR;300,0000;0,1600;48,0000;0,0000;31/12/2026
HOSPITAL ESTADUAL TELECILA FREITAS FONTES /RN;932126;1511;Material;932126-1/2026;Medicamentos;Catálogo do Compras.gov.br;Material;6505;DROGAS E MEDICAMENTOS;12357;SULFATO FERROSO;292344;DOSAGEM FERRO: 40MG DE FERRO II;COMPR;180,0000;0,0400;7,2000;0,0000;31/12/2026
HOSPITAL ESTADUAL TELECILA FREITAS FONTES /RN;932126;1512;Material;932126-1/2026;Medicamentos;Catálogo do Compras.gov.br;Material;6505;DROGAS E MEDICAMENTOS;12715;TIAMINA;272341;DOSAGEM: 300;COMPR;180,0000;0,2415;43,4700;0,0000;31/12/2026
HOSPITAL ESTADUAL TELECILA FREITAS FONTES /RN;932126;1513;Material;932126-1/2026;Medicamentos;Catálogo do Compras.gov.br;Material;6505;DROGAS E MEDICAMENTOS;13483;VARFARINA SÓDICA;279269;DOSAGEM: 5;COMPR;180,0000;0,1100;19,8000;0,0000;31/12/2026
HOSPITAL ESTADUAL TELECILA FREITAS FONTES /RN;932126;1514;Material;932126-1/2026;Medicamentos;Catálogo do Compras.gov.br;Material;6505;DROGAS E MEDICAMENTOS;13470;VITAMINAS DO COMPLEXO B;437109;COMPOSIÇÃO BÁSICA: B1, B2, B3, B5, B6, B12;DRAG;450,0000;0,0500;22,5000;0,0000;31/12/2026
HOSPITAL ESTADUAL TELECILA FREITAS FONTES /RN;932126;1515;Material;932126-1/2026;Medicamentos;Catálogo do Compras.gov.br;Material;6505;DROGAS E MEDICAMENTOS;1824;ACETILCISTEÍNA;434110;CONCENTRAÇAO: 600, FORMA FARMACEUTICA: GRANULADO PARA SOLUÇÃO ORAL;ENV;150,0000;1,0485;157,2750;0,0000;31/12/2026
HOSPITAL ESTADUAL TELECILA FREITAS FONTES /RN;932126;1516;Material;932126-1/2026;Medicamentos;Catálogo do Compras.gov.br;Material;6505;DROGAS E MEDICAMENTOS;1872;ÁCIDO ASCÓRBICO;271689;DOSAGEM: 200, TIPO USO: SOLUÇÃO ORAL;FR;3,0000;1,4000;4,2000;0,0000;31/12/2026
HOSPITAL ESTADUAL TELECILA FREITAS FONTES /RN;932126;1517;Material;932126-1/2026;Medicamentos;Catálogo do Compras.gov.br;Material;6505;DROGAS E MEDICAMENTOS;354;ÁCIDO FÓLICO;278489;DOSAGEM: 0,2, USO: SOLUÇÃO ORAL - GOTAS;FR;3,0000;5,6900;17,0700;0,0000;31/12/2026
HOSPITAL ESTADUAL TELECILA FREITAS FONTES /RN;932126;1518;Material;932126-1/2026;Medicamentos;Catálogo do Compras.gov.br;Material;6505;DROGAS E MEDICAMENTOS;2436;AMOXICILINA;271111;CONCENTRAÇÃO: 50MG/ML, APRESENTAÇÃO: PÓ PARA SUSPENSÃO ORAL;FR;9,0000;6,2500;56,2500;0,0000;31/12/2026
HOSPITAL ESTADUAL TELECILA FREITAS FONTES /RN;932126;1519;Material;932126-1/2026;Medicamentos;Catálogo do Compras.gov.br;Material;6505;DROGAS E MEDICAMENTOS;3167;AZITROMICINA;268949;DOSAGEM: 40, APRESENTAÇÃO: SUSPENSÃO ORAL;FR;9,0000;8,9900;80,9100;0,0000;31/12/2026
HOSPITAL ESTADUAL TELECILA FREITAS FONTES /RN;932126;1520;Material;932126-1/2026;Medicamentos;Catálogo do Compras.gov.br;Material;6505;DROGAS E MEDICAMENTOS;3929;BROMOPRIDA;269956;DOSAGEM: 4, APRESENTAÇÃO: GOTAS;FR;9,0000;2,4500;22,0500;0,0000;31/12/2026
HOSPITAL ESTADUAL TELECILA FREITAS FONTES /RN;932126;1521;Material;932126-1/2026;Medicamentos;Catálogo do Compras.gov.br;Material;6505;DROGAS E MEDICAMENTOS;350;ALBENDAZOL;267507;DOSAGEM: 40, USO: SUSPENSÃO ORAL;FR;9,0000;0,9630;8,6670;0,0000;31/12/2026
HOSPITAL ESTADUAL TELECILA FREITAS FONTES /RN;932126;1522;Material;932126-1/2026;Medicamentos;Catálogo do Compras.gov.br;Material;6505;DROGAS E MEDICAMENTOS;5130;AMBROXOL;446264;COMPOSIÇÃO: SAL CLORIDRATO, CONCENTRAÇÃO: 3, FORMA FARMACÊUTICA: XAROPE;FR;9,0000;4,0000;36,0000;0,0000;31/12/2026
HOSPITAL ESTADUAL TELECILA FREITAS FONTES /RN;932126;1576;Material;932126-1/2026;Medicamentos;Catálogo do Compras.gov.br;Material;6505;DROGAS E MEDICAMENTOS;5040;CIPROFLOXACINO CLORIDRATO;292418;DOSAGEM: 2, APRESENTAÇÃO: SOLUÇÃO INJETÁVEL;BOL;480,0000;10,8000;5184,0000;0,0000;31/12/2026
HOSPITAL ESTADUAL TELECILA FREITAS FONTES /RN;932126;1523;Material;932126-1/2026;Medicamentos;Catálogo do Compras.gov.br;Material;6505;DROGAS E MEDICAMENTOS;5130;AMBROXOL;446263;COMPOSIÇÃO: SAL CLORIDRATO, CONCENTRAÇÃO: 6, FORMA FARMACÊUTICA: XAROPE;FR;9,0000;3,2000;28,8000;0,0000;31/12/2026
HOSPITAL ESTADUAL TELECILA FREITAS FONTES /RN;932126;1524;Material;932126-1/2026;Medicamentos;Catálogo do Compras.gov.br;Material;6505;DROGAS E MEDICAMENTOS;2436;AMOXICILINA;448841;CONCENTRAÇÃO: 50 MG/ML + 12,5, FORMA FARMACÊUTICA: SUSPENSÃO ORAL, PRINCÍPIO ATIVO: ASSOCIADA COM CLAVULANATO DE POTÁSSIO;FR;3,0000;53,7200;161,1600;0,0000;31/12/2026
HOSPITAL ESTADUAL TELECILA FREITAS FONTES /RN;932126;1525;Material;932126-1/2026;Medicamentos;Catálogo do Compras.gov.br;Material;6505;DROGAS E MEDICAMENTOS;4720;CEFALEXINA;331555;DOSAGEM: 50, FORMA FARMACÊUTICA: PÓ P/ SUSPENSÃO ORAL;FR;9,0000;5,6000;50,4000;0,0000;31/12/2026
HOSPITAL ESTADUAL TELECILA FREITAS FONTES /RN;932126;1526;Material;932126-1/2026;Medicamentos;Catálogo do Compras.gov.br;Material;6505;DROGAS E MEDICAMENTOS;5116;CLORETO DE POTÁSSIO;393328;CONCENTRAÇÃO: 60, FORMA FARMACEUTICA: XAROPE;FR;12,0000;2,4200;29,0400;0,0000;31/12/2026
HOSPITAL ESTADUAL TELECILA FREITAS FONTES /RN;932126;1527;Material;932126-1/2026;Medicamentos;Catálogo do Compras.gov.br;Material;6505;DROGAS E MEDICAMENTOS;6143;DEXAMETASONA;268243;DOSAGEM: 0,1, APRESENTAÇÃO: ELIXIR;FR;6,0000;2,6100;15,6600;0,0000;31/12/2026
HOSPITAL ESTADUAL TELECILA FREITAS FONTES /RN;932126;1528;Material;932126-1/2026;Medicamentos;Catálogo do Compras.gov.br;Material;6505;DROGAS E MEDICAMENTOS;17708;DIPIRONA SÓDICA;267205;APRESENTAÇÃO: SOLUÇÃO ORAL (GOTAS), DOSAGEM: 500;FR;300,0000;2,0850;625,5000;0,0000;31/12/2026
HOSPITAL ESTADUAL TELECILA FREITAS FONTES /RN;932126;1529;Material;932126-1/2026;Medicamentos;Catálogo do Compras.gov.br;Material;6505;DROGAS E MEDICAMENTOS;8254;ESCOPOLAMINA BUTILBROMETO;270622;APRESENTAÇÃO: ASSOCIADA COM DIPIRONA SÓDICA, DOSAGEM: 6,67MG + 333MG/ML, INDICAÇÃO: SOLUÇÃO ORAL;FR;9,0000;6,0000;54,0000;0,0000;31/12/2026
HOSPITAL ESTADUAL TELECILA FREITAS FONTES /RN;932126;1530;Material;932126-1/2026;Medicamentos;Catálogo do Compras.gov.br;Material;6505;DROGAS E MEDICAMENTOS;3924;FENOTEROL BROMIDRATO;396471;CONCENTRAÇÃO: 5, FORMA FARMACEUTICA: SOLUÇÃO ORAL;FR;90,0000;5,1790;466,1100;0,0000;31/12/2026
HOSPITAL ESTADUAL TELECILA FREITAS FONTES /RN;932126;1531;Material;932126-1/2026;Medicamentos;Catálogo do Compras.gov.br;Material;6505;DROGAS E MEDICAMENTOS;8249;HIDROXIZINA CLORIDRATO;394263;CONCENTRAÇÃO: 2, FORMA FARMACEUTICA: SOLUÇÃO ORAL;FR;9,0000;11,1100;99,9900;0,0000;31/12/2026
HOSPITAL ESTADUAL TELECILA FREITAS FONTES /RN;932126;1532;Material;932126-1/2026;Medicamentos;Catálogo do Compras.gov.br;Material;6505;DROGAS E MEDICAMENTOS;8275;IBUPROFENO;294643;DOSAGEM: 50, FORMA FARMACÊUTICA: SUSPENSÃO ORAL;FR;9,0000;2,6800;24,1200;0,0000;31/12/2026
HOSPITAL ESTADUAL TELECILA FREITAS FONTES /RN;932126;1533;Material;932126-1/2026;Medicamentos;Catálogo do Compras.gov.br;Material;6505;DROGAS E MEDICAMENTOS;8482;IPRATRÓPIO BROMETO;268331;DOSAGEM: 0,25, USO: SOLUÇÃO PARA INALAÇÃO;FR;150,0000;0,9700;145,5000;0,0000;31/12/2026
HOSPITAL ESTADUAL TELECILA FREITAS FONTES /RN;932126;1534;Material;932126-1/2026;Medicamentos;Catálogo do Compras.gov.br;Material;6505;DROGAS E MEDICAMENTOS;8605;LACTULOSE;383750;CONCENTRAÇÃO: 667, FORMA FARMACEUTICA: XAROPE;FR;150,0000;5,9600;894,0000;0,0000;31/12/2026
HOSPITAL ESTADUAL TELECILA FREITAS FONTES /RN;932126;1535;Material;932126-1/2026;Medicamentos;Catálogo do Compras.gov.br;Material;6505;DROGAS E MEDICAMENTOS;10094;NISTATINA;267378;DOSAGEM: 100.000 UI/ML, APRESENTAÇÃO: SUSPENSÃO ORAL;FR;15,0000;3,6900;55,3500;0,0000;31/12/2026
HOSPITAL ESTADUAL TELECILA FREITAS FONTES /RN;932126;1536;Material;932126-1/2026;Medicamentos;Catálogo do Compras.gov.br;Material;6505;DROGAS E MEDICAMENTOS;10422;PARACETAMOL;267777;DOSAGEM SOLUÇÃO ORAL: 200, APRESENTAÇÃO: SOLUÇÃO ORAL;FR;120,0000;1,5900;190,8000;0,0000;31/12/2026
HOSPITAL ESTADUAL TELECILA FREITAS FONTES /RN;932126;1537;Material;932126-1/2026;Medicamentos;Catálogo do Compras.gov.br;Material;6505;DROGAS E MEDICAMENTOS;11153;PREDNISOLONA;448595;COMPOSIÇÃO: FOSFATO SÓDICO, CONCENTRAÇÃO: 3, FORMA FARMACEUTICA: SOLUÇÃO ORAL;FR;9,0000;5,0300;45,2700;0,0000;31/12/2026
HOSPITAL ESTADUAL TELECILA FREITAS FONTES /RN;932126;1538;Material;932126-1/2026;Medicamentos;Catálogo do Compras.gov.br;Material;6505;DROGAS E MEDICAMENTOS;11912;SAIS PARA REIDRATAÇÃO ORAL;446105;COMPOSIÇÃO: SÓDIO, POTÁSSIO, CLORETO, CITRATO E GLICOSE, CONCENTRAÇÃO: 90 MEQ/L + 20 MEQ/L + 80 MEQ/L + 30 MEQ/L + 111, FORMA FARMACÊUTICA: PÓ P/ SOLUÇÃO ORAL;ENV;75,0000;1,0400;78,0000;0,0000;31/12/2026
HOSPITAL ESTADUAL TELECILA FREITAS FONTES /RN;932126;1539;Material;932126-1/2026;Medicamentos;Catálogo do Compras.gov.br;Material;6505;DROGAS E MEDICAMENTOS;14559;SIMETICONA;412965;CONCENTRAÇÃO: 75, FORMA FARMACÊUTICA: SOLUÇÃO ORAL - GOTAS;FR;600,0000;1,4377;862,6200;0,0000;31/12/2026
HOSPITAL ESTADUAL TELECILA FREITAS FONTES /RN;932126;1540;Material;932126-1/2026;Medicamentos;Catálogo do Compras.gov.br;Material;6505;DROGAS E MEDICAMENTOS;5331;COLAGENASE;268958;CONCENTRAÇÃO: 0,6UI/G, USO: POMADA;BIS;60,0000;11,0700;664,2000;0,0000;31/12/2026
HOSPITAL ESTADUAL TELECILA FREITAS FONTES /RN;932126;1541;Material;932126-1/2026;Medicamentos;Catálogo do Compras.gov.br;Material;6505;DROGAS E MEDICAMENTOS;363;ACICLOVIR;268375;DOSAGEM: 50, USO: CREME;BIS;9,0000;2,1000;18,9000;0,0000;31/12/2026
HOSPITAL ESTADUAL TELECILA FREITAS FONTES /RN;932126;1542;Material;932126-1/2026;Medicamentos;Catálogo do Compras.gov.br;Material;6505;DROGAS E MEDICAMENTOS;4803;CETOCONAZOL;308736;DOSAGEM: 20, FORMA FARMACÊUTICA: CREME TÓPICO;BIS;9,0000;2,6000;23,4000;0,0000;31/12/2026
HOSPITAL ESTADUAL TELECILA FREITAS FONTES /RN;932126;1543;Material;932126-1/2026;Medicamentos;Catálogo do Compras.gov.br;Material;6505;DROGAS E MEDICAMENTOS;6143;DEXAMETASONA;267643;DOSAGEM: 0,1%, APRESENTAÇÃO: CREME;BIS;90,0000;1,4400;129,6000;0,0000;31/12/2026
HOSPITAL ESTADUAL TELECILA FREITAS FONTES /RN;932126;1544;Material;932126-1/2026;Medicamentos;Catálogo do Compras.gov.br;Material;6505;DROGAS E MEDICAMENTOS;14158;ESCINA;270889;COMPOSIÇÃO: SALICILATO DE DIETILAMINA, APRESENTAÇÃO: AMORFA, ASSOCIADA COM ESCINA POLISSULFONADA SÓDICA, CONCENTRAÇÃO: 10MG + 10MG + 50MG/G, APLICAÇÃO: GEL TÓPICO;BIS;9,0000;15,7100;141,3900;0,0000;31/12/2026
HOSPITAL ESTADUAL TELECILA FREITAS FONTES /RN;932126;1545;Material;932126-1/2026;Medicamentos;Catálogo do Compras.gov.br;Material;6505;DROGAS E MEDICAMENTOS;17807;LIDOCAÍNA CLORIDRATO;269846;DOSAGEM: 2%, APRESENTAÇÃO: GELÉIA;BIS;150,0000;8,5300;1279,5000;0,0000;31/12/2026
HOSPITAL ESTADUAL TELECILA FREITAS FONTES /RN;932126;1546;Material;932126-1/2026;Medicamentos;Catálogo do Compras.gov.br;Material;6505;DROGAS E MEDICAMENTOS;10073;NEOMICINA;273167;COMPOSIÇÃO: ASSOCIADA COM BACITRACINA, CONCENTRAÇÃO: 5MG + 250UI/G, TIPO MEDICAMENTO: POMADA;BIS;120,0000;1,9600;235,2000;0,0000;31/12/2026
HOSPITAL ESTADUAL TELECILA FREITAS FONTES /RN;932126;1547;Material;932126-1/2026;Medicamentos;Catálogo do Compras.gov.br;Material;6505;DROGAS E MEDICAMENTOS;10094;NISTATINA;266788;DOSAGEM: 25.000 UI/G, APRESENTAÇÃO: CREME VAGINAL;BIS;9,0000;4,0600;36,5400;0,0000;31/12/2026
HOSPITAL ESTADUAL TELECILA FREITAS FONTES /RN;932126;1548;Material;932126-1/2026;Medicamentos;Catálogo do Compras.gov.br;Material;6505;DROGAS E MEDICAMENTOS;12314;SULFADIAZINA;379986;COMPOSIÇÃO: DE PRATA, ASSOCIADA AO NITRATO DE CÉRIO, CONCENTRAÇÃO: 10 MG + 4, FORMA FARMACEUTICA: GEL;BIS;45,0000;17,2000;774,0000;0,0000;31/12/2026
HOSPITAL ESTADUAL TELECILA FREITAS FONTES /RN;932126;1577;Material;932126-1/2026;Medicamentos;Catálogo do Compras.gov.br;Material;6505;DROGAS E MEDICAMENTOS;5077;CLINDAMICINA;292419;DOSAGEM: 150, APRESENTAÇÃO: SOLUÇÃO INJETÁVEL;AM;2100,0000;2,8400;5964,0000;0,0000;31/12/2026
HOSPITAL ESTADUAL TELECILA FREITAS FONTES /RN;932126;1549;Material;932126-1/2026;Medicamentos;Catálogo do Compras.gov.br;Material;6505;DROGAS E MEDICAMENTOS;16344;ÓXIDO DE ZINCO;279493;PRINCÍPIO ATIVO: ASSOCIADO COM VITAMINA A + VITAMINA D, DOSAGEM: 150MG + 5.000UI + 900UI /G, APRESENTAÇÃO: POMADA;BIS;9,0000;3,8700;34,8300;0,0000;31/12/2026
HOSPITAL ESTADUAL TELECILA FREITAS FONTES /RN;932126;1550;Material;932126-1/2026;Medicamentos;Catálogo do Compras.gov.br;Material;6505;DROGAS E MEDICAMENTOS;1824;ACETILCISTEÍNA;335091;DOSAGEM: 100, FORMA FARMACÊUTICA: SOLUÇÃO INJETÁVEL;AM;60,0000;3,5000;210,0000;0,0000;31/12/2026
HOSPITAL ESTADUAL TELECILA FREITAS FONTES /RN;932126;1551;Material;932126-1/2026;Medicamentos;Catálogo do Compras.gov.br;Material;6505;DROGAS E MEDICAMENTOS;363;ACICLOVIR;268374;DOSAGEM: 250, USO: INJETÁVEL;FR-AM;150,0000;5,5000;825,0000;0,0000;31/12/2026
HOSPITAL ESTADUAL TELECILA FREITAS FONTES /RN;932126;1552;Material;932126-1/2026;Medicamentos;Catálogo do Compras.gov.br;Material;6505;DROGAS E MEDICAMENTOS;1869;ÁCIDO AMINOCAPRÓICO;309045;DOSAGEM: 200, FORMA FARMACÊUTICA: SOLUÇÃO INJETÁVEL;FR;180,0000;21,4600;3862,8000;0,0000;31/12/2026
HOSPITAL ESTADUAL TELECILA FREITAS FONTES /RN;932126;1553;Material;932126-1/2026;Medicamentos;Catálogo do Compras.gov.br;Material;6505;DROGAS E MEDICAMENTOS;1872;ÁCIDO ASCÓRBICO;271687;DOSAGEM: 100, TIPO USO: INJETÁVEL;AM;1200,0000;1,1200;1344,0000;0,0000;31/12/2026
HOSPITAL ESTADUAL TELECILA FREITAS FONTES /RN;932126;1554;Material;932126-1/2026;Medicamentos;Catálogo do Compras.gov.br;Material;6505;DROGAS E MEDICAMENTOS;2032;ÁCIDO TRANEXÂMICO;327566;DOSAGEM: 50, FORMA FARMACÊUTICA: SOLUÇÃO INJETÁVEL;AM;1200,0000;4,0300;4836,0000;0,0000;31/12/2026
HOSPITAL ESTADUAL TELECILA FREITAS FONTES /RN;932126;1555;Material;932126-1/2026;Medicamentos;Catálogo do Compras.gov.br;Material;6505;DROGAS E MEDICAMENTOS;2100;ADENOSINA;278281;DOSAGEM: 3, INDICAÇÃO: SOLUÇÃO INJETÁVEL;AM;60,0000;9,8300;589,8000;0,0000;31/12/2026
HOSPITAL ESTADUAL TELECILA FREITAS FONTES /RN;932126;1556;Material;932126-1/2026;Medicamentos;Catálogo do Compras.gov.br;Material;6505;DROGAS E MEDICAMENTOS;2365;ALTEPLASE;436418;CONCENTRAÇÃO: 50, FORMA FARMACÊUTICA: PÓ LIÓFILO P/ INJETÁVEL + DILUENTE;FR-AM;60,0000;2611,4800;156688,8000;0,0000;31/12/2026
HOSPITAL ESTADUAL TELECILA FREITAS FONTES /RN;932126;1557;Material;932126-1/2026;Medicamentos;Catálogo do Compras.gov.br;Material;6505;DROGAS E MEDICAMENTOS;12320;AMICACINA SULFATO;268381;DOSAGEM: 250, INDICAÇÃO: SOLUÇÃO INJETÁVEL;AM;300,0000;8,5600;2568,0000;0,0000;31/12/2026
HOSPITAL ESTADUAL TELECILA FREITAS FONTES /RN;932126;1558;Material;932126-1/2026;Medicamentos;Catálogo do Compras.gov.br;Material;6505;DROGAS E MEDICAMENTOS;2420;AMIODARONA;271710;DOSAGEM: 50MG/ML, INDICAÇÃO: INJETÁVEL;AM;600,0000;3,5600;2136,0000;0,0000;31/12/2026
HOSPITAL ESTADUAL TELECILA FREITAS FONTES /RN;932126;1559;Material;932126-1/2026;Medicamentos;Catálogo do Compras.gov.br;Material;6505;DROGAS E MEDICAMENTOS;349;AMPICILINA;442689;COMPOSIÇÃO: ASSOCIADA AO SULBACTAM, CONCENTRAÇÃO: 2 G + 1, FORMA FARMACEUTICA: PÓ P/ SOLUÇÃO INJETÁVEL;FR-AM;120,0000;10,7800;1293,6000;0,0000;31/12/2026
HOSPITAL ESTADUAL TELECILA FREITAS FONTES /RN;932126;1560;Material;932126-1/2026;Medicamentos;Catálogo do Compras.gov.br;Material;6505;DROGAS E MEDICAMENTOS;355;ATROPINA SULFATO;277934;DOSAGEM: 0,50, USO: SOLUÇÃO INJETÁVEL;AM;200,0000;1,0900;218,0000;0,0000;31/12/2026
HOSPITAL ESTADUAL TELECILA FREITAS FONTES /RN;932126;1561;Material;932126-1/2026;Medicamentos;Catálogo do Compras.gov.br;Material;6505;DROGAS E MEDICAMENTOS;355;ATROPINA SULFATO;268214;DOSAGEM: 0,25, USO: SOLUÇÃO INJETÁVEL;AM;300,0000;1,0900;327,0000;0,0000;31/12/2026
HOSPITAL ESTADUAL TELECILA FREITAS FONTES /RN;932126;1562;Material;932126-1/2026;Medicamentos;Catálogo do Compras.gov.br;Material;6505;DROGAS E MEDICAMENTOS;3167;AZITROMICINA;268952;DOSAGEM: 500, APRESENTAÇÃO: PÓ LIOFILIZADO PARA SOLUÇÃO INJETÁVEL;FR-AM;30,0000;17,2800;518,4000;0,0000;31/12/2026
HOSPITAL ESTADUAL TELECILA FREITAS FONTES /RN;932126;1563;Material;932126-1/2026;Medicamentos;Catálogo do Compras.gov.br;Material;6505;DROGAS E MEDICAMENTOS;365;BENZILPENICILINA;270612;APRESENTAÇÃO: BENZATINA, DOSAGEM: 1.200.000UI, USO: INJETÁVEL;FR-AM;1800,0000;5,9400;10692,0000;0,0000;31/12/2026
HOSPITAL ESTADUAL TELECILA FREITAS FONTES /RN;932126;1564;Material;932126-1/2026;Medicamentos;Catálogo do Compras.gov.br;Material;6505;DROGAS E MEDICAMENTOS;365;BENZILPENICILINA;270616;APRESENTAÇÃO: POTÁSSICA, DOSAGEM: 5.000.000UI, USO: INJETÁVEL;FR-AM;60,0000;7,5000;450,0000;0,0000;31/12/2026
HOSPITAL ESTADUAL TELECILA FREITAS FONTES /RN;932126;1565;Material;932126-1/2026;Medicamentos;Catálogo do Compras.gov.br;Material;6505;DROGAS E MEDICAMENTOS;1249;BICARBONATO DE SÓDIO;268222;DOSAGEM: 8,4%, USO: SOLUÇÃO INJETÁVEL;AM;600,0000;0,7400;444,0000;0,0000;31/12/2026
HOSPITAL ESTADUAL TELECILA FREITAS FONTES /RN;932126;1566;Material;932126-1/2026;Medicamentos;Catálogo do Compras.gov.br;Material;6505;DROGAS E MEDICAMENTOS;3929;BROMOPRIDA;269958;DOSAGEM: 5, APRESENTAÇÃO: INJETÁVEL;AM;6000,0000;1,4000;8400,0000;0,0000;31/12/2026
HOSPITAL ESTADUAL TELECILA FREITAS FONTES /RN;932126;1567;Material;932126-1/2026;Medicamentos;Catálogo do Compras.gov.br;Material;6505;DROGAS E MEDICAMENTOS;5144;BUPIVACAÍNA CLORIDRATO;269572;PUREZA: 0,5%, APLICAÇÃO: ISOBÁRICA, APRESENTAÇÃO: SOLUÇÃO INJETÁVEL;FR;30,0000;5,2800;158,4000;0,0000;31/12/2026
HOSPITAL ESTADUAL TELECILA FREITAS FONTES /RN;932126;1568;Material;932126-1/2026;Medicamentos;Catálogo do Compras.gov.br;Material;6505;DROGAS E MEDICAMENTOS;5144;BUPIVACAÍNA CLORIDRATO;270096;APRESENTAÇÃO: ASSOCIADA À EPINEFRINA, DOSAGEM: 0,5% + 1/200.000UI, TIPO: SOLUÇÃO INJETÁVEL;FR;60,0000;20,2700;1216,2000;0,0000;31/12/2026
HOSPITAL ESTADUAL TELECILA FREITAS FONTES /RN;932126;1569;Material;932126-1/2026;Medicamentos;Catálogo do Compras.gov.br;Material;6505;DROGAS E MEDICAMENTOS;5144;BUPIVACAÍNA CLORIDRATO;270095;APRESENTAÇÃO: ASSOCIADA À GLICOSE, DOSAGEM: 0,5% + 8%, TIPO: SOLUÇÃO INJETÁVEL;AM;300,0000;3,0400;912,0000;0,0000;31/12/2026
HOSPITAL ESTADUAL TELECILA FREITAS FONTES /RN;932126;1570;Material;932126-1/2026;Medicamentos;Catálogo do Compras.gov.br;Material;6505;DROGAS E MEDICAMENTOS;4722;CEFALOTINA SÓDICA;445915;CONCENTRAÇÃO: 1, FORMA FARMACEUTICA: PÓ LIÓFILO P/ INJETÁVEL + DILUENTE;FR-AM;3000,0000;3,0000;9000,0000;0,0000;31/12/2026
HOSPITAL ESTADUAL TELECILA FREITAS FONTES /RN;932126;1571;Material;932126-1/2026;Medicamentos;Catálogo do Compras.gov.br;Material;6505;DROGAS E MEDICAMENTOS;4723;CEFAZOLINA SÓDICA;442693;CONCENTRAÇÃO: 1, FORMA FARMACEUTICA: PÓ P/ SOLUÇÃO INJETÁVEL;FR-AM;900,0000;3,5000;3150,0000;0,0000;31/12/2026
HOSPITAL ESTADUAL TELECILA FREITAS FONTES /RN;932126;1572;Material;932126-1/2026;Medicamentos;Catálogo do Compras.gov.br;Material;6505;DROGAS E MEDICAMENTOS;4724;CEFEPIMA CLORIDRATO;339846;CONCENTRAÇÃO: 1, FORMA FARMACEUTICA: PÓ LIÓFILO P/ INJETÁVEL;FR-AM;300,0000;14,0000;4200,0000;0,0000;31/12/2026
HOSPITAL ESTADUAL TELECILA FREITAS FONTES /RN;932126;1573;Material;932126-1/2026;Medicamentos;Catálogo do Compras.gov.br;Material;6505;DROGAS E MEDICAMENTOS;4724;CEFEPIMA CLORIDRATO;339847;CONCENTRAÇÃO: 2, FORMA FARMACEUTICA: PÓ LIÓFILO P/ INJETÁVEL;FR-AM;300,0000;18,0000;5400,0000;0,0000;31/12/2026
HOSPITAL ESTADUAL TELECILA FREITAS FONTES /RN;932126;1574;Material;932126-1/2026;Medicamentos;Catálogo do Compras.gov.br;Material;6505;DROGAS E MEDICAMENTOS;4730;CEFTAZIDIMA;442694;CONCENTRAÇÃO: 1, FORMA FARMACEUTICA: PÓ P/ SOLUÇÃO INJETÁVEL;FR-AM;300,0000;17,3043;5191,2900;0,0000;31/12/2026
HOSPITAL ESTADUAL TELECILA FREITAS FONTES /RN;932126;1575;Material;932126-1/2026;Medicamentos;Catálogo do Compras.gov.br;Material;6505;DROGAS E MEDICAMENTOS;4731;CEFTRIAXONA SÓDICA;442701;CONCENTRAÇÃO: 1, FORMA FARMACEUTICA: PÓ P/ SOLUÇÃO INJETÁVEL;FR-AM;7500,0000;3,0000;22500,0000;0,0000;31/12/2026
HOSPITAL ESTADUAL TELECILA FREITAS FONTES /RN;932126;1578;Material;932126-1/2026;Medicamentos;Catálogo do Compras.gov.br;Material;6505;DROGAS E MEDICAMENTOS;5156;CLONIDINA CLORIDRATO;340206;CONCENTRAÇAO: 0,15, FORMA FARMACEUTICA: SOLUÇÃO INJETÁVEL;AM;15,0000;8,5900;128,8500;0,0000;31/12/2026
HOSPITAL ESTADUAL TELECILA FREITAS FONTES /RN;932126;1579;Material;932126-1/2026;Medicamentos;Catálogo do Compras.gov.br;Material;6505;DROGAS E MEDICAMENTOS;5116;CLORETO DE POTÁSSIO;267162;DOSAGEM: 19,1%, APRESENTAÇÃO: SOLUÇÃO INJETÁVEL;AM;1200,0000;0,4000;480,0000;0,0000;31/12/2026
HOSPITAL ESTADUAL TELECILA FREITAS FONTES /RN;932126;1580;Material;932126-1/2026;Medicamentos;Catálogo do Compras.gov.br;Material;6505;DROGAS E MEDICAMENTOS;5118;CLORETO DE SÓDIO;267574;DOSAGEM: 20%, USO: SOLUÇÃO INJETÁVEL;AM;300,0000;0,4000;120,0000;0,0000;31/12/2026
HOSPITAL ESTADUAL TELECILA FREITAS FONTES /RN;932126;1581;Material;932126-1/2026;Medicamentos;Catálogo do Compras.gov.br;Material;6505;DROGAS E MEDICAMENTOS;5804;CONTRASTE RADIOLÓGICO;268466;APRESENTAÇÃO: NÃO IÔNICO DE BAIXA OSMOLARIDADE, DOSAGEM: MÍNIMO DE 300MG/ML DE IODO, CARACTERISTICAS ADICIONAIS: INJETÁVEL;FR;60,0000;140,0000;8400,0000;0,0000;31/12/2026
HOSPITAL ESTADUAL TELECILA FREITAS FONTES /RN;932126;1582;Material;932126-1/2026;Medicamentos;Catálogo do Compras.gov.br;Material;6505;DROGAS E MEDICAMENTOS;6102;DESLANÓSIDO;276283;DOSAGEM: 0,2 MG/ML, APRESENTAÇÃO: SOLUÇÃO INJETÁVEL;AM;150,0000;1,9500;292,5000;0,0000;31/12/2026
HOSPITAL ESTADUAL TELECILA FREITAS FONTES /RN;932126;1583;Material;932126-1/2026;Medicamentos;Catálogo do Compras.gov.br;Material;6505;DROGAS E MEDICAMENTOS;6143;DEXAMETASONA;292427;DOSAGEM: 4, FORMA FARMACÊUTICA: SOLUÇÃO INJETÁVEL;AM;9000,0000;1,4800;13320,0000;0,0000;31/12/2026
HOSPITAL ESTADUAL TELECILA FREITAS FONTES /RN;932126;1584;Material;932126-1/2026;Medicamentos;Catálogo do Compras.gov.br;Material;6505;DROGAS E MEDICAMENTOS;6171;DICLOFENACO;271003;APRESENTAÇÃO: SAL SÓDICO, DOSAGEM: 25MG/ML, USO: SOLUÇÃO INJETÁVEL;AM;7500,0000;1,0900;8175,0000;0,0000;31/12/2026
HOSPITAL ESTADUAL TELECILA FREITAS FONTES /RN;932126;1585;Material;932126-1/2026;Medicamentos;Catálogo do Compras.gov.br;Material;6505;DROGAS E MEDICAMENTOS;17708;DIPIRONA SÓDICA;268252;APRESENTAÇÃO: SOLUÇÃO INJETÁVEL, DOSAGEM: 500;AM;21000,0000;1,2072;25351,2000;0,0000;31/12/2026
HOSPITAL ESTADUAL TELECILA FREITAS FONTES /RN;932126;1586;Material;932126-1/2026;Medicamentos;Catálogo do Compras.gov.br;Material;6505;DROGAS E MEDICAMENTOS;5166;DOBUTAMINA CLORIDRATO;268446;DOSAGEM: 12,5, INDICAÇÃO: INJETÁVEL;AM;600,0000;6,2000;3720,0000;0,0000;31/12/2026
HOSPITAL ESTADUAL TELECILA FREITAS FONTES /RN;932126;1587;Material;932126-1/2026;Medicamentos;Catálogo do Compras.gov.br;Material;6505;DROGAS E MEDICAMENTOS;6382;DOPAMINA;268960;DOSAGEM: 5 MG/ML, APRESENTAÇÃO: SOLUÇÃO INJETÁVEL;AM;300,0000;3,5000;1050,0000;0,0000;31/12/2026
HOSPITAL ESTADUAL TELECILA FREITAS FONTES /RN;932126;1588;Material;932126-1/2026;Medicamentos;Catálogo do Compras.gov.br;Material;6505;DROGAS E MEDICAMENTOS;6577;ENOXAPARINA;448982;CARACTERÍSTICAS ADICIONAIS 1: SERINGA PREENCHIDA, CONCENTRAÇÃO: 100, FORMA FARMACEUTICA: SOLUÇÃO INJETÁVEL;SER;180,0000;17,1800;3092,4000;0,0000;31/12/2026
HOSPITAL ESTADUAL TELECILA FREITAS FONTES /RN;932126;1589;Material;932126-1/2026;Medicamentos;Catálogo do Compras.gov.br;Material;6505;DROGAS E MEDICAMENTOS;6577;ENOXAPARINA;448982;CARACTERÍSTICAS ADICIONAIS 1: SERINGA PREENCHIDA, CONCENTRAÇÃO: 100, FORMA FARMACEUTICA: SOLUÇÃO INJETÁVEL;SER;2100,0000;15,4500;32445,0000;0,0000;31/12/2026
HOSPITAL ESTADUAL TELECILA FREITAS FONTES /RN;932126;1590;Material;932126-1/2026;Medicamentos;Catálogo do Compras.gov.br;Material;6505;DROGAS E MEDICAMENTOS;6577;ENOXAPARINA;448982;CARACTERÍSTICAS ADICIONAIS 1: SERINGA PREENCHIDA, CONCENTRAÇÃO: 100, FORMA FARMACEUTICA: SOLUÇÃO INJETÁVEL;SER;1200,0000;19,8900;23868,0000;0,0000;31/12/2026
HOSPITAL ESTADUAL TELECILA FREITAS FONTES /RN;932126;1591;Material;932126-1/2026;Medicamentos;Catálogo do Compras.gov.br;Material;6505;DROGAS E MEDICAMENTOS;6614;EPINEFRINA;268255;DOSAGEM: 1MG/ML, USO: SOLUÇÃO INJETÁVEL;AM;1800,0000;1,1100;1998,0000;0,0000;31/12/2026
HOSPITAL ESTADUAL TELECILA FREITAS FONTES /RN;932126;1592;Material;932126-1/2026;Medicamentos;Catálogo do Compras.gov.br;Material;6505;DROGAS E MEDICAMENTOS;8254;ESCOPOLAMINA BUTILBROMETO;270621;APRESENTAÇÃO: ASSOCIADA COM DIPIRONA SÓDICA, DOSAGEM: 4MG + 500MG/ML, INDICAÇÃO: SOLUÇÃO INJETÁVEL;AM;4500,0000;1,9400;8730,0000;0,0000;31/12/2026
HOSPITAL ESTADUAL TELECILA FREITAS FONTES /RN;932126;1593;Material;932126-1/2026;Medicamentos;Catálogo do Compras.gov.br;Material;6505;DROGAS E MEDICAMENTOS;8254;ESCOPOLAMINA BUTILBROMETO;267282;DOSAGEM: 20, INDICAÇÃO: SOLUÇÃO INJETÁVEL;AM;600,0000;1,0000;600,0000;0,0000;31/12/2026
HOSPITAL ESTADUAL TELECILA FREITAS FONTES /RN;932126;1594;Material;932126-1/2026;Medicamentos;Catálogo do Compras.gov.br;Material;6505;DROGAS E MEDICAMENTOS;5174;ETILEFRINA CLORIDRATO;272198;COMPOSIÇÃO: 10MG/ML, APRESENTAÇÃO: INJETÁVEL;AM;180,0000;1,3800;248,4000;0,0000;31/12/2026
HOSPITAL ESTADUAL TELECILA FREITAS FONTES /RN;932126;1595;Material;932126-1/2026;Medicamentos;Catálogo do Compras.gov.br;Material;6505;DROGAS E MEDICAMENTOS;17767;FITOMENADIONA;292399;DOSAGEM: 10, APRESENTAÇÃO: SOLUÇÃO INJETÁVEL;AM;300,0000;1,9200;576,0000;0,0000;31/12/2026
HOSPITAL ESTADUAL TELECILA FREITAS FONTES /RN;932126;1596;Material;932126-1/2026;Medicamentos;Catálogo do Compras.gov.br;Material;6505;DROGAS E MEDICAMENTOS;7644;FLUCONAZOL;271116;DOSAGEM: 2, USO: INJETÁVEL;BOL;150,0000;11,2500;1687,5000;0,0000;31/12/2026
HOSPITAL ESTADUAL TELECILA FREITAS FONTES /RN;932126;1597;Material;932126-1/2026;Medicamentos;Catálogo do Compras.gov.br;Material;6505;DROGAS E MEDICAMENTOS;7878;FUROSEMIDA;267666;COMPOSIÇÃO: 10 MG/ML, APRESENTAÇÃO: SOLUÇÃO INJETÁVEL;AM;6000,0000;1,1700;7020,0000;0,0000;31/12/2026
HOSPITAL ESTADUAL TELECILA FREITAS FONTES /RN;932126;1598;Material;932126-1/2026;Medicamentos;Catálogo do Compras.gov.br;Material;6505;DROGAS E MEDICAMENTOS;14707;GENTAMICINA;268256;DOSAGEM: 40, APLICAÇÃO: SOLUÇÃO INJETÁVEL;AM;600,0000;0,9500;570,0000;0,0000;31/12/2026
HOSPITAL ESTADUAL TELECILA FREITAS FONTES /RN;932126;1599;Material;932126-1/2026;Medicamentos;Catálogo do Compras.gov.br;Material;6505;DROGAS E MEDICAMENTOS;8019;GLICONATO DE CÁLCIO;270019;DOSAGEM: 10%, APRESENTAÇÃO: SOLUÇÃO INJETÁVEL;AM;300,0000;1,7900;537,0000;0,0000;31/12/2026
HOSPITAL ESTADUAL TELECILA FREITAS FONTES /RN;932126;1600;Material;932126-1/2026;Medicamentos;Catálogo do Compras.gov.br;Material;6505;DROGAS E MEDICAMENTOS;8007;GLICOSE;267541;CONCENTRAÇÃO: 50%, INDICAÇÃO: SOLUÇÃO INJETÁVEL;AM;4200,0000;0,4500;1890,0000;0,0000;31/12/2026
HOSPITAL ESTADUAL TELECILA FREITAS FONTES /RN;932126;1601;Material;932126-1/2026;Medicamentos;Catálogo do Compras.gov.br;Material;6505;DROGAS E MEDICAMENTOS;8200;HEPARINA SÓDICA;272796;DOSAGEM: 5.000UI/ML, INDICAÇÃO: INJETÁVEL;AM;1800,0000;5,6000;10080,0000;0,0000;31/12/2026
HOSPITAL ESTADUAL TELECILA FREITAS FONTES /RN;932126;1602;Material;932126-1/2026;Medicamentos;Catálogo do Compras.gov.br;Material;6505;DROGAS E MEDICAMENTOS;8200;HEPARINA SÓDICA;272796;DOSAGEM: 5.000UI/ML, INDICAÇÃO: INJETÁVEL;AM;150,0000;15,8000;2370,0000;0,0000;31/12/2026
HOSPITAL ESTADUAL TELECILA FREITAS FONTES /RN;932126;1603;Material;932126-1/2026;Medicamentos;Catálogo do Compras.gov.br;Material;6505;DROGAS E MEDICAMENTOS;8211;HIDRALAZINA;268115;DOSAGEM: 20, INDICAÇÃO: SOLUÇÃO INJETÁVEL;AM;90,0000;5,7000;513,0000;0,0000;31/12/2026
HOSPITAL ESTADUAL TELECILA FREITAS FONTES /RN;932126;1604;Material;932126-1/2026;Medicamentos;Catálogo do Compras.gov.br;Material;6505;DROGAS E MEDICAMENTOS;8222;HIDROCORTISONA;270220;PRINCÍPIO ATIVO: 100MG, APRESENTAÇÃO: INJETÁVEL;FR-AM;2100,0000;3,1200;6552,0000;0,0000;31/12/2026
HOSPITAL ESTADUAL TELECILA FREITAS FONTES /RN;932126;1605;Material;932126-1/2026;Medicamentos;Catálogo do Compras.gov.br;Material;6505;DROGAS E MEDICAMENTOS;8222;HIDROCORTISONA;270219;PRINCÍPIO ATIVO: 500MG, APRESENTAÇÃO: INJETÁVEL;FR-AM;1500,0000;5,1000;7650,0000;0,0000;31/12/2026
HOSPITAL ESTADUAL TELECILA FREITAS FONTES /RN;932126;1606;Material;932126-1/2026;Medicamentos;Catálogo do Compras.gov.br;Material;6505;DROGAS E MEDICAMENTOS;8287;IMIPENEM;342258;COMPOSIÇÃO: ASSOCIADO À CILASTATINA SÓDICA, CONCENTRAÇÃO: 500, FORMA FARMACEUTICA: PÓ LIÓFILO P/ INJETÁVEL;FR-AM;150,0000;16,0000;2400,0000;0,0000;31/12/2026
HOSPITAL ESTADUAL TELECILA FREITAS FONTES /RN;932126;1607;Material;932126-1/2026;Medicamentos;Catálogo do Compras.gov.br;Material;6505;DROGAS E MEDICAMENTOS;8807;LEVOFLOXACINO;332985;DOSAGEM: 5, FORMA FARMACÊUTICA: SOLUÇÃO INJETÁVEL;BOL;360,0000;13,6200;4903,2000;0,0000;31/12/2026
HOSPITAL ESTADUAL TELECILA FREITAS FONTES /RN;932126;1608;Material;932126-1/2026;Medicamentos;Catálogo do Compras.gov.br;Material;6505;DROGAS E MEDICAMENTOS;17807;LIDOCAÍNA CLORIDRATO;275402;COMPOSIÇÃO: ASSOCIADA COM EPINEFRINA, DOSAGEM: 1% + 1:200.000, APRESENTAÇÃO: INJETÁVEL;FR;30,0000;14,9900;449,7000;0,0000;31/12/2026
HOSPITAL ESTADUAL TELECILA FREITAS FONTES /RN;932126;1609;Material;932126-1/2026;Medicamentos;Catálogo do Compras.gov.br;Material;6505;DROGAS E MEDICAMENTOS;17807;LIDOCAÍNA CLORIDRATO;269843;DOSAGEM: 2%, APRESENTAÇÃO: INJETÁVEL;AM;1500,0000;1,7900;2685,0000;0,0000;31/12/2026
HOSPITAL ESTADUAL TELECILA FREITAS FONTES /RN;932126;1610;Material;932126-1/2026;Medicamentos;Catálogo do Compras.gov.br;Material;6505;DROGAS E MEDICAMENTOS;12335;SULFATO DE MAGNÉSIO;268076;CONCENTRAÇÃO: 10%, USO: SOLUÇÃO INJETÁVEL;AM;120,0000;1,0900;130,8000;0,0000;31/12/2026
HOSPITAL ESTADUAL TELECILA FREITAS FONTES /RN;932126;1611;Material;932126-1/2026;Medicamentos;Catálogo do Compras.gov.br;Material;6505;DROGAS E MEDICAMENTOS;12335;SULFATO DE MAGNÉSIO;268075;CONCENTRAÇÃO: 50%, USO: SOLUÇÃO INJETÁVEL;AM;180,0000;6,3000;1134,0000;0,0000;31/12/2026
HOSPITAL ESTADUAL TELECILA FREITAS FONTES /RN;932126;1612;Material;932126-1/2026;Medicamentos;Catálogo do Compras.gov.br;Material;6505;DROGAS E MEDICAMENTOS;9604;MEROPENEM;268488;DOSAGEM: 1 G, APRESENTAÇÃO: INJETÁVEL;FR-AM;2100,0000;17,8100;37401,0000;0,0000;31/12/2026
HOSPITAL ESTADUAL TELECILA FREITAS FONTES /RN;932126;1613;Material;932126-1/2026;Medicamentos;Catálogo do Compras.gov.br;Material;6505;DROGAS E MEDICAMENTOS;9604;MEROPENEM;268487;DOSAGEM: 500 MG, APRESENTAÇÃO: INJETÁVEL;FR-AM;900,0000;11,9700;10773,0000;0,0000;31/12/2026
HOSPITAL ESTADUAL TELECILA FREITAS FONTES /RN;932126;1614;Material;932126-1/2026;Medicamentos;Catálogo do Compras.gov.br;Material;6505;DROGAS E MEDICAMENTOS;9699;METILPREDNISOLONA;271600;PRINCÍPIO ATIVO: SAL SUCCINATO, DOSAGEM: 125, APRESENTAÇÃO: PÓ LIOFILIZADO + DILUENTE, INJETÁVEL;FR-AM;75,0000;6,8400;513,0000;0,0000;31/12/2026
HOSPITAL ESTADUAL TELECILA FREITAS FONTES /RN;932126;1615;Material;932126-1/2026;Medicamentos;Catálogo do Compras.gov.br;Material;6505;DROGAS E MEDICAMENTOS;9699;METILPREDNISOLONA;271599;PRINCÍPIO ATIVO: SAL SUCCINATO, DOSAGEM: 500, APRESENTAÇÃO: PÓ LIOFILIZADO + DILUENTE, INJETÁVEL;FR-AM;15,0000;18,0000;270,0000;0,0000;31/12/2026
HOSPITAL ESTADUAL TELECILA FREITAS FONTES /RN;932126;1616;Material;932126-1/2026;Medicamentos;Catálogo do Compras.gov.br;Material;6505;DROGAS E MEDICAMENTOS;9702;METOCLOPRAMIDA CLORIDRATO;267310;DOSAGEM: 5 MG/ML, APRESENTAÇÃO: SOLUÇÃO INJETÁVEL;AM;2400,0000;0,9300;2232,0000;0,0000;31/12/2026
HOSPITAL ESTADUAL TELECILA FREITAS FONTES /RN;932126;1617;Material;932126-1/2026;Medicamentos;Catálogo do Compras.gov.br;Material;6505;DROGAS E MEDICAMENTOS;9703;METOPROLOL;345259;CONCENTRAÇÃO: 1, FORMA FARMACEUTICA: SOLUÇÃO INJETÁVEL;AM;15,0000;18,0000;270,0000;0,0000;31/12/2026
HOSPITAL ESTADUAL TELECILA FREITAS FONTES /RN;932126;1618;Material;932126-1/2026;Medicamentos;Catálogo do Compras.gov.br;Material;6505;DROGAS E MEDICAMENTOS;9712;METRONIDAZOL;268498;DOSAGEM: 5MG/ML, APRESENTAÇÃO: SOLUÇÃO INJETÁVEL;BOL;2100,0000;4,5900;9639,0000;0,0000;31/12/2026
HOSPITAL ESTADUAL TELECILA FREITAS FONTES /RN;932126;1619;Material;932126-1/2026;Medicamentos;Catálogo do Compras.gov.br;Material;6505;DROGAS E MEDICAMENTOS;10076;NEOSTIGMINA METILSULFATO;273457;DOSAGEM: 0,5, APRESENTAÇÃO: SOLUÇÃO INJETÁVEL;AM;450,0000;1,2074;543,3300;0,0000;31/12/2026
HOSPITAL ESTADUAL TELECILA FREITAS FONTES /RN;932126;1620;Material;932126-1/2026;Medicamentos;Catálogo do Compras.gov.br;Material;6505;DROGAS E MEDICAMENTOS;10112;NITROGLICERINA;268970;DOSAGEM: 5, APLICAÇÃO: INJETÁVEL;AM;300,0000;36,0000;10800,0000;0,0000;31/12/2026
HOSPITAL ESTADUAL TELECILA FREITAS FONTES /RN;932126;1621;Material;932126-1/2026;Medicamentos;Catálogo do Compras.gov.br;Material;6505;DROGAS E MEDICAMENTOS;10113;NITROPRUSSETO DE SÓDIO;453501;CONCENTRAÇÃO: 25, FORMA FARMACEUTICA: SOLUÇÃO INJETÁVEL;AM;90,0000;23,1900;2087,1000;0,0000;31/12/2026
HOSPITAL ESTADUAL TELECILA FREITAS FONTES /RN;932126;1622;Material;932126-1/2026;Medicamentos;Catálogo do Compras.gov.br;Material;6505;DROGAS E MEDICAMENTOS;18672;NOREPINEFRINA;442584;CONCENTRAÇÃO: 2, FORMA FARMACÊUTICA: SOLUÇÃO INJETÁVEL;AM;3600,0000;2,4000;8640,0000;0,0000;31/12/2026
HOSPITAL ESTADUAL TELECILA FREITAS FONTES /RN;932126;1623;Material;932126-1/2026;Medicamentos;Catálogo do Compras.gov.br;Material;6505;DROGAS E MEDICAMENTOS;10216;OMEPRAZOL;268160;CONCENTRAÇÃO: 40, USO: INJETÁVEL;FR-AM;3900,0000;6,9000;26910,0000;0,0000;31/12/2026
HOSPITAL ESTADUAL TELECILA FREITAS FONTES /RN;932126;1624;Material;932126-1/2026;Medicamentos;Catálogo do Compras.gov.br;Material;6505;DROGAS E MEDICAMENTOS;10217;ONDANSETRONA CLORIDRATO;268504;DOSAGEM: 2, INDICAÇÃO: INJETÁVEL;AM;3600,0000;1,5500;5580,0000;0,0000;31/12/2026
HOSPITAL ESTADUAL TELECILA FREITAS FONTES /RN;932126;1625;Material;932126-1/2026;Medicamentos;Catálogo do Compras.gov.br;Material;6505;DROGAS E MEDICAMENTOS;360;OXACILINA;268513;COMPOSIÇÃO: INJETÁVEL, DOSAGEM: 500;FR-AM;4500,0000;3,9760;17892,0000;0,0000;31/12/2026
HOSPITAL ESTADUAL TELECILA FREITAS FONTES /RN;932126;1626;Material;932126-1/2026;Medicamentos;Catálogo do Compras.gov.br;Material;6505;DROGAS E MEDICAMENTOS;10753;PIPERACILINA;271725;COMPOSIÇÃO: ASSOCIADA COM TAZOBACTAMA, CONCENTRAÇÃO: 4G + 500MG, APLICAÇÃO: INJETÁVEL;FR-AM;3000,0000;13,7000;41100,0000;0,0000;31/12/2026
HOSPITAL ESTADUAL TELECILA FREITAS FONTES /RN;932126;1627;Material;932126-1/2026;Medicamentos;Catálogo do Compras.gov.br;Material;6505;DROGAS E MEDICAMENTOS;12343;POLIMIXINA B;268971;DOSAGEM: 500.000UI, APRESENTAÇÃO: INJETÁVEL;FR-AM;300,0000;9,7000;2910,0000;0,0000;31/12/2026
HOSPITAL ESTADUAL TELECILA FREITAS FONTES /RN;932126;1628;Material;932126-1/2026;Medicamentos;Catálogo do Compras.gov.br;Material;6505;DROGAS E MEDICAMENTOS;11262;PROMETAZINA CLORIDRATO;267769;DOSAGEM: 25, APRESENTAÇÃO: SOLUÇÃO INJETÁVEL;AM;1200,0000;3,5500;4260,0000;0,0000;31/12/2026
HOSPITAL ESTADUAL TELECILA FREITAS FONTES /RN;932126;1629;Material;932126-1/2026;Medicamentos;Catálogo do Compras.gov.br;Material;6505;DROGAS E MEDICAMENTOS;5237;PROTAMINA CLORIDRATO;272362;CONCENTRAÇÃO: 1%, APRESENTAÇÃO: SOLUÇÃO INJETÁVEL;AM;3,0000;3,5800;10,7400;0,0000;31/12/2026
HOSPITAL ESTADUAL TELECILA FREITAS FONTES /RN;932126;1630;Material;932126-1/2026;Medicamentos;Catálogo do Compras.gov.br;Material;6505;DROGAS E MEDICAMENTOS;12450;SUXAMETÔNIO CLORETO;268442;DOSAGEM: 100, INDICAÇÃO: INJETÁVEL;FR-AM;120,0000;10,9000;1308,0000;0,0000;31/12/2026
HOSPITAL ESTADUAL TELECILA FREITAS FONTES /RN;932126;1631;Material;932126-1/2026;Medicamentos;Catálogo do Compras.gov.br;Material;6505;DROGAS E MEDICAMENTOS;12587;TEICOPLANINA;268528;DOSAGEM: 400, INDICAÇÃO: INJETÁVEL;FR-AM;240,0000;39,0000;9360,0000;0,0000;31/12/2026
HOSPITAL ESTADUAL TELECILA FREITAS FONTES /RN;932126;1632;Material;932126-1/2026;Medicamentos;Catálogo do Compras.gov.br;Material;6505;DROGAS E MEDICAMENTOS;12639;TERBUTALINA SULFATO;269818;DOSAGEM: 0,5, APRESENTAÇÃO: INJETÁVEL;AM;300,0000;1,0000;300,0000;0,0000;31/12/2026
HOSPITAL ESTADUAL TELECILA FREITAS FONTES /RN;932126;1633;Material;932126-1/2026;Medicamentos;Catálogo do Compras.gov.br;Material;6505;DROGAS E MEDICAMENTOS;13297;VANCOMICINA CLORIDRATO;268540;DOSAGEM: 500, APRESENTAÇÃO: INJETÁVEL;FR-AM;2100,0000;4,5900;9639,0000;0,0000;31/12/2026
HOSPITAL ESTADUAL TELECILA FREITAS FONTES /RN;932126;1634;Material;932126-1/2026;Medicamentos;Catálogo do Compras.gov.br;Material;6505;DROGAS E MEDICAMENTOS;13470;VITAMINAS DO COMPLEXO B;272091;COMPOSIÇÃO BÁSICA: VITAMINAS: B1,B2,B6,B12 E PP, USO: SOLUÇÃO INJETÁVEL;AM;1200,0000;0,9300;1116,0000;0,0000;31/12/2026
HOSPITAL ESTADUAL TELECILA FREITAS FONTES /RN;932126;1635;Material;932126-1/2026;Medicamentos;Catálogo do Compras.gov.br;Material;6505;DROGAS E MEDICAMENTOS;12632;TENOXICAM;268533;DOSAGEM: 40, INDICAÇÃO: INJETÁVEL;FR-AM;2100,0000;10,0800;21168,0000;0,0000;31/12/2026
HOSPITAL ESTADUAL TELECILA FREITAS FONTES /RN;932126;1636;Material;932126-1/2026;Medicamentos;Catálogo do Compras.gov.br;Material;6505;DROGAS E MEDICAMENTOS;5118;CLORETO DE SÓDIO;448699;CONCENTRAÇAO: 0,9 %, FORMA FARMACEUTICA: SOLUÇÃO INJETÁVEL;AM;90,0000;0,1000;9,0000;0,0000;31/12/2026
HOSPITAL ESTADUAL TELECILA FREITAS FONTES /RN;932126;1637;Material;932126-1/2026;Medicamentos;Catálogo do Compras.gov.br;Material;6505;DROGAS E MEDICAMENTOS;2036;ÁCIDO VALPRÓICO;308732;DOSAGEM: 50, FORMA FARMACÊUTICA: XAROPE;FR;3,0000;4,9990;14,9970;0,0000;31/12/2026
HOSPITAL ESTADUAL TELECILA FREITAS FONTES /RN;932126;1638;Material;932126-1/2026;Medicamentos;Catálogo do Compras.gov.br;Material;6505;DROGAS E MEDICAMENTOS;5134;AMITRIPTILINA CLORIDRATO;267512;DOSAGEM: 25;COMPR;180,0000;0,0400;7,2000;0,0000;31/12/2026
HOSPITAL ESTADUAL TELECILA FREITAS FONTES /RN;932126;1639;Material;932126-1/2026;Medicamentos;Catálogo do Compras.gov.br;Material;6505;DROGAS E MEDICAMENTOS;3567;BIPERIDENO;270138;APRESENTAÇÃO: LACTATO, DOSAGEM: 5, INDICAÇÃO: SOLUÇÃO INJETÁVEL;AM;30,0000;2,2000;66,0000;0,0000;31/12/2026
HOSPITAL ESTADUAL TELECILA FREITAS FONTES /RN;932126;1640;Material;932126-1/2026;Medicamentos;Catálogo do Compras.gov.br;Material;6505;DROGAS E MEDICAMENTOS;3567;BIPERIDENO;270140;DOSAGEM: 2;COMPR;90,0000;0,2400;21,6000;0,0000;31/12/2026
HOSPITAL ESTADUAL TELECILA FREITAS FONTES /RN;932126;1641;Material;932126-1/2026;Medicamentos;Catálogo do Compras.gov.br;Material;6505;DROGAS E MEDICAMENTOS;3910;BROMAZEPAM;271773;DOSAGEM: 3 MG;COMPR;90,0000;0,1000;9,0000;0,0000;31/12/2026
HOSPITAL ESTADUAL TELECILA FREITAS FONTES /RN;932126;1642;Material;932126-1/2026;Medicamentos;Catálogo do Compras.gov.br;Material;6505;DROGAS E MEDICAMENTOS;4509;CARBAMAZEPINA;267618;DOSAGEM: 200;COMPR;90,0000;0,1800;16,2000;0,0000;31/12/2026
HOSPITAL ESTADUAL TELECILA FREITAS FONTES /RN;932126;1643;Material;932126-1/2026;Medicamentos;Catálogo do Compras.gov.br;Material;6505;DROGAS E MEDICAMENTOS;4509;CARBAMAZEPINA;272454;DOSAGEM: 20, APRESENTAÇÃO: SUSPENSÃO ORAL;FR;3,0000;8,5000;25,5000;0,0000;31/12/2026
HOSPITAL ESTADUAL TELECILA FREITAS FONTES /RN;932126;1644;Material;932126-1/2026;Medicamentos;Catálogo do Compras.gov.br;Material;6505;DROGAS E MEDICAMENTOS;4517;CARBONATO DE LÍTIO;267621;DOSAGEM: 300;COMPR;90,0000;0,1970;17,7300;0,0000;31/12/2026
HOSPITAL ESTADUAL TELECILA FREITAS FONTES /RN;932126;1645;Material;932126-1/2026;Medicamentos;Catálogo do Compras.gov.br;Material;6505;DROGAS E MEDICAMENTOS;30073;ESCETAMINA;602763;CONCENTRAÇÃO: 50, FORMA FARMACÊUTICA: SOLUÇÃO INJETÁVEL;FR;150,0000;78,0000;11700,0000;0,0000;31/12/2026
HOSPITAL ESTADUAL TELECILA FREITAS FONTES /RN;932126;1646;Material;932126-1/2026;Medicamentos;Catálogo do Compras.gov.br;Material;6505;DROGAS E MEDICAMENTOS;5087;CLONAZEPAM;270120;DOSAGEM: 2,5, APRESENTAÇÃO: SOLUÇÃO ORAL- GOTAS;FR;3,0000;2,7400;8,2200;0,0000;31/12/2026
HOSPITAL ESTADUAL TELECILA FREITAS FONTES /RN;932126;1647;Material;932126-1/2026;Medicamentos;Catálogo do Compras.gov.br;Material;6505;DROGAS E MEDICAMENTOS;5087;CLONAZEPAM;270119;DOSAGEM: 2;COMPR;180,0000;0,0500;9,0000;0,0000;31/12/2026
HOSPITAL ESTADUAL TELECILA FREITAS FONTES /RN;932126;1648;Material;932126-1/2026;Medicamentos;Catálogo do Compras.gov.br;Material;6505;DROGAS E MEDICAMENTOS;5275;CLORPROMAZINA;267635;DOSAGEM: 25 MG;COMPR;30,0000;0,2700;8,1000;0,0000;31/12/2026
HOSPITAL ESTADUAL TELECILA FREITAS FONTES /RN;932126;1649;Material;932126-1/2026;Medicamentos;Catálogo do Compras.gov.br;Material;6505;DROGAS E MEDICAMENTOS;5275;CLORPROMAZINA;267638;DOSAGEM: 100;COMPR;30,0000;0,2500;7,5000;0,0000;31/12/2026
HOSPITAL ESTADUAL TELECILA FREITAS FONTES /RN;932126;1650;Material;932126-1/2026;Medicamentos;Catálogo do Compras.gov.br;Material;6505;DROGAS E MEDICAMENTOS;5275;CLORPROMAZINA;340207;CONCENTRAÇÃO: 40, FORMA FARMACEUTICA: SOLUÇÃO ORAL - GOTAS;FR;3,0000;6,9900;20,9700;0,0000;31/12/2026
HOSPITAL ESTADUAL TELECILA FREITAS FONTES /RN;932126;1651;Material;932126-1/2026;Medicamentos;Catálogo do Compras.gov.br;Material;6505;DROGAS E MEDICAMENTOS;5275;CLORPROMAZINA;268069;DOSAGEM: 5, APRESENTAÇÃO: SOLUÇÃO INJETÁVEL;AM;210,0000;2,1500;451,5000;0,0000;31/12/2026
HOSPITAL ESTADUAL TELECILA FREITAS FONTES /RN;932126;1652;Material;932126-1/2026;Medicamentos;Catálogo do Compras.gov.br;Material;6505;DROGAS E MEDICAMENTOS;5160;DEXMEDETOMIDINA CLORIDRATO;352204;CONCENTRAÇAO: 100, FORMA FARMACEUTICA: SOLUÇÃO INJETÁVEL;AM;90,0000;14,1415;1272,7350;0,0000;31/12/2026
HOSPITAL ESTADUAL TELECILA FREITAS FONTES /RN;932126;1653;Material;932126-1/2026;Medicamentos;Catálogo do Compras.gov.br;Material;6505;DROGAS E MEDICAMENTOS;6168;DIAZEPAM;267194;DOSAGEM: 5, APRESENTAÇÃO: SOLUÇÃO INJETÁVEL;AM;900,0000;0,9400;846,0000;0,0000;31/12/2026
HOSPITAL ESTADUAL TELECILA FREITAS FONTES /RN;932126;1654;Material;932126-1/2026;Medicamentos;Catálogo do Compras.gov.br;Material;6505;DROGAS E MEDICAMENTOS;6168;DIAZEPAM;267197;DOSAGEM: 10;COMPR;900,0000;0,0700;63,0000;0,0000;31/12/2026
HOSPITAL ESTADUAL TELECILA FREITAS FONTES /RN;932126;1655;Material;932126-1/2026;Medicamentos;Catálogo do Compras.gov.br;Material;6505;DROGAS E MEDICAMENTOS;6168;DIAZEPAM;267195;DOSAGEM: 5;COMPR;360,0000;0,0800;28,8000;0,0000;31/12/2026
HOSPITAL ESTADUAL TELECILA FREITAS FONTES /RN;932126;1656;Material;932126-1/2026;Medicamentos;Catálogo do Compras.gov.br;Material;6505;DROGAS E MEDICAMENTOS;7232;ETOMIDATO;270116;DOSAGEM: 2, APRESENTAÇÃO: SOLUÇÃO INJETÁVEL;AM;150,0000;12,9000;1935,0000;0,0000;31/12/2026
HOSPITAL ESTADUAL TELECILA FREITAS FONTES /RN;932126;1657;Material;932126-1/2026;Medicamentos;Catálogo do Compras.gov.br;Material;6505;DROGAS E MEDICAMENTOS;7351;FENITOÍNA SÓDICA;267657;DOSAGEM: 100;COMPR;90,0000;0,1080;9,7200;0,0000;31/12/2026
HOSPITAL ESTADUAL TELECILA FREITAS FONTES /RN;932126;1658;Material;932126-1/2026;Medicamentos;Catálogo do Compras.gov.br;Material;6505;DROGAS E MEDICAMENTOS;7351;FENITOÍNA SÓDICA;267107;DOSAGEM: 50, APRESENTAÇÃO: SOLUÇÃO INJETÁVEL;AM;300,0000;1,6900;507,0000;0,0000;31/12/2026
HOSPITAL ESTADUAL TELECILA FREITAS FONTES /RN;932126;1659;Material;932126-1/2026;Medicamentos;Catálogo do Compras.gov.br;Material;6505;DROGAS E MEDICAMENTOS;7355;FENOBARBITAL SÓDICO;300725;DOSAGEM: 100, FORMA FARMACÊUTICA: SOLUÇÃO INJETÁVEL;AM;90,0000;2,3000;207,0000;0,0000;31/12/2026
HOSPITAL ESTADUAL TELECILA FREITAS FONTES /RN;932126;1660;Material;932126-1/2026;Medicamentos;Catálogo do Compras.gov.br;Material;6505;DROGAS E MEDICAMENTOS;7355;FENOBARBITAL SÓDICO;267660;DOSAGEM: 100;COMPR;90,0000;0,1300;11,7000;0,0000;31/12/2026
HOSPITAL ESTADUAL TELECILA FREITAS FONTES /RN;932126;1661;Material;932126-1/2026;Medicamentos;Catálogo do Compras.gov.br;Material;6505;DROGAS E MEDICAMENTOS;7355;FENOBARBITAL SÓDICO;300723;DOSAGEM: 40, FORMA FARMACÊUTICA: SOLUÇÃO ORAL - GOTAS;FR;3,0000;4,7300;14,1900;0,0000;31/12/2026
HOSPITAL ESTADUAL TELECILA FREITAS FONTES /RN;932126;1662;Material;932126-1/2026;Medicamentos;Catálogo do Compras.gov.br;Material;6505;DROGAS E MEDICAMENTOS;7364;FENTANILA;271950;APRESENTAÇÃO: SAL CITRATO, DOSAGEM: 0,05, INDICAÇÃO: SOLUÇÃO INJETÁVEL;AM;3000,0000;2,2100;6630,0000;0,0000;31/12/2026
HOSPITAL ESTADUAL TELECILA FREITAS FONTES /RN;932126;1663;Material;932126-1/2026;Medicamentos;Catálogo do Compras.gov.br;Material;6505;DROGAS E MEDICAMENTOS;7364;FENTANILA;271950;APRESENTAÇÃO: SAL CITRATO, DOSAGEM: 0,05, INDICAÇÃO: SOLUÇÃO INJETÁVEL;AM;150,0000;1,4900;223,5000;0,0000;31/12/2026
HOSPITAL ESTADUAL TELECILA FREITAS FONTES /RN;932126;1664;Material;932126-1/2026;Medicamentos;Catálogo do Compras.gov.br;Material;6505;DROGAS E MEDICAMENTOS;7653;FLUMAZENIL;268510;DOSAGEM: 0,1, INDICAÇÃO: SOLUÇÃO INJETÁVEL;AM;60,0000;9,1400;548,4000;0,0000;31/12/2026
HOSPITAL ESTADUAL TELECILA FREITAS FONTES /RN;932126;1665;Material;932126-1/2026;Medicamentos;Catálogo do Compras.gov.br;Material;6505;DROGAS E MEDICAMENTOS;8164;HALOPERIDOL;292195;CONCENTRAÇÃO: 2, TIPO USO: SOLUÇÃO ORAL-GOTAS;FR;9,0000;3,3000;29,7000;0,0000;31/12/2026
HOSPITAL ESTADUAL TELECILA FREITAS FONTES /RN;932126;1666;Material;932126-1/2026;Medicamentos;Catálogo do Compras.gov.br;Material;6505;DROGAS E MEDICAMENTOS;8164;HALOPERIDOL;292196;CONCENTRAÇÃO: 5, TIPO USO: SOLUÇÃO INJETÁVEL;AM;600,0000;1,4000;840,0000;0,0000;31/12/2026
HOSPITAL ESTADUAL TELECILA FREITAS FONTES /RN;932126;1667;Material;932126-1/2026;Medicamentos;Catálogo do Compras.gov.br;Material;6505;DROGAS E MEDICAMENTOS;8164;HALOPERIDOL;267669;DOSAGEM: 5;COMPR;180,0000;0,1100;19,8000;0,0000;31/12/2026
HOSPITAL ESTADUAL TELECILA FREITAS FONTES /RN;932126;1668;Material;932126-1/2026;Medicamentos;Catálogo do Compras.gov.br;Material;6505;DROGAS E MEDICAMENTOS;5200;LEVOMEPROMAZINA;268130;DOSAGEM: 40, APRESENTAÇÃO: SOLUÇÃO ORAL;FR;3,0000;8,4690;25,4070;0,0000;31/12/2026
HOSPITAL ESTADUAL TELECILA FREITAS FONTES /RN;932126;1669;Material;932126-1/2026;Medicamentos;Catálogo do Compras.gov.br;Material;6505;DROGAS E MEDICAMENTOS;5200;LEVOMEPROMAZINA;268129;DOSAGEM: 100;COMPR;180,0000;0,6200;111,6000;0,0000;31/12/2026
HOSPITAL ESTADUAL TELECILA FREITAS FONTES /RN;932126;1670;Material;932126-1/2026;Medicamentos;Catálogo do Compras.gov.br;Material;6505;DROGAS E MEDICAMENTOS;5200;LEVOMEPROMAZINA;268128;DOSAGEM: 25;COMPR;30,0000;0,3700;11,1000;0,0000;31/12/2026
HOSPITAL ESTADUAL TELECILA FREITAS FONTES /RN;932126;1671;Material;932126-1/2026;Medicamentos;Catálogo do Compras.gov.br;Material;6505;DROGAS E MEDICAMENTOS;9762;MIDAZOLAM;268481;DOSAGEM: 5, APLICAÇÃO: INJETÁVEL;AM;2700,0000;2,9300;7911,0000;0,0000;31/12/2026
HOSPITAL ESTADUAL TELECILA FREITAS FONTES /RN;932126;1672;Material;932126-1/2026;Medicamentos;Catálogo do Compras.gov.br;Material;6505;DROGAS E MEDICAMENTOS;9762;MIDAZOLAM;268481;DOSAGEM: 5, APLICAÇÃO: INJETÁVEL;AM;90,0000;1,7000;153,0000;0,0000;31/12/2026
HOSPITAL ESTADUAL TELECILA FREITAS FONTES /RN;932126;1673;Material;932126-1/2026;Medicamentos;Catálogo do Compras.gov.br;Material;6505;DROGAS E MEDICAMENTOS;9907;MORFINA;304872;APRESENTAÇÃO: SULFATO, CONCENTRAÇÃO: 0,2MG/ML, FORMA FARMACÊUTICA: SOLUÇÃO INJETÁVEL;AM;300,0000;5,9000;1770,0000;0,0000;31/12/2026
HOSPITAL ESTADUAL TELECILA FREITAS FONTES /RN;932126;1674;Material;932126-1/2026;Medicamentos;Catálogo do Compras.gov.br;Material;6505;DROGAS E MEDICAMENTOS;9907;MORFINA;304871;APRESENTAÇÃO: SULFATO, CONCENTRAÇÃO: 10MG/ML, FORMA FARMACÊUTICA: SOLUÇÃO INJETÁVEL;AM;1200,0000;2,4400;2928,0000;0,0000;31/12/2026
HOSPITAL ESTADUAL TELECILA FREITAS FONTES /RN;932126;1675;Material;932126-1/2026;Medicamentos;Catálogo do Compras.gov.br;Material;6505;DROGAS E MEDICAMENTOS;9907;MORFINA;304870;APRESENTAÇÃO: SULFATO, CONCENTRAÇÃO: 1MG/ML, FORMA FARMACÊUTICA: SOLUÇÃO INJETÁVEL;AM;45,0000;6,2500;281,2500;0,0000;31/12/2026
HOSPITAL ESTADUAL TELECILA FREITAS FONTES /RN;932126;1676;Material;932126-1/2026;Medicamentos;Catálogo do Compras.gov.br;Material;6505;DROGAS E MEDICAMENTOS;5218;NALOXONA CLORIDRATO;272326;DOSAGEM: 0,4, APRESENTAÇÃO: SOLUÇÃO INJETÁVEL;AM;30,0000;5,6000;168,0000;0,0000;31/12/2026
HOSPITAL ESTADUAL TELECILA FREITAS FONTES /RN;932126;1677;Material;932126-1/2026;Medicamentos;Catálogo do Compras.gov.br;Material;6505;DROGAS E MEDICAMENTOS;11276;PROPOFOL;305935;DOSAGEM: 10, FORMA FARMACÊUTICA: EMULSÃO INJETÁVEL;AM;450,0000;9,0525;4073,6250;0,0000;31/12/2026
HOSPITAL ESTADUAL TELECILA FREITAS FONTES /RN;932126;1678;Material;932126-1/2026;Medicamentos;Catálogo do Compras.gov.br;Material;6505;DROGAS E MEDICAMENTOS;11759;RISPERIDONA;272839;DOSAGEM: 1;COMPR;30,0000;0,1300;3,9000;0,0000;31/12/2026
HOSPITAL ESTADUAL TELECILA FREITAS FONTES /RN;932126;1679;Material;932126-1/2026;Medicamentos;Catálogo do Compras.gov.br;Material;6505;DROGAS E MEDICAMENTOS;12053;SEVOFLURANO;308877;FORMA FARMACÊUTICA: LÍQUIDO INALANTE;FR;9,0000;412,5000;3712,5000;0,0000;31/12/2026
HOSPITAL ESTADUAL TELECILA FREITAS FONTES /RN;932126;1680;Material;932126-1/2026;Medicamentos;Catálogo do Compras.gov.br;Material;6505;DROGAS E MEDICAMENTOS;5254;TRAMADOL CLORIDRATO;268534;DOSAGEM: 50;CAPS;90,0000;0,2000;18,0000;0,0000;31/12/2026
HOSPITAL ESTADUAL TELECILA FREITAS FONTES /RN;932126;1681;Material;932126-1/2026;Medicamentos;Catálogo do Compras.gov.br;Material;6505;DROGAS E MEDICAMENTOS;5254;TRAMADOL CLORIDRATO;292382;DOSAGEM: 50, FORMA FARMACÊUTICA: SOLUÇÃO INJETÁVEL;AM;2100,0000;1,7900;3759,0000;0,0000;31/12/2026
HOSPITAL ESTADUAL TELECILA FREITAS FONTES /RN;932126;1682;Material;932126-1/2026;Medicamentos;Catálogo do Compras.gov.br;Material;6505;DROGAS E MEDICAMENTOS;2239;ALBUMINA HUMANA;268376;CONCENTRAÇÃO: 20%, USO: INJETÁVEL;BOL;150,0000;159,9300;23989,5000;0,0000;31/12/2026
HOSPITAL ESTADUAL TELECILA FREITAS FONTES /RN;932126;1683;Material;932126-1/2026;Medicamentos;Catálogo do Compras.gov.br;Material;6505;DROGAS E MEDICAMENTOS;14231;CISATRACÚRIO BESILATO;340178;CONCENTRAÇÃO: 2, FORMA FARMACEUTICA: SOLUÇÃO INJETÁVEL;AM;30,0000;10,9600;328,8000;0,0000;31/12/2026
HOSPITAL ESTADUAL TELECILA FREITAS FONTES /RN;932126;1684;Material;932126-1/2026;Medicamentos;Catálogo do Compras.gov.br;Material;6505;DROGAS E MEDICAMENTOS;3920;ROCURÔNIO BROMETO;268521;DOSAGEM: 10, INDICAÇÃO: SOLUÇÃO INJETÁVEL;AM;300,0000;9,7500;2925,0000;0,0000;31/12/2026
HOSPITAL ESTADUAL TELECILA FREITAS FONTES /RN;932126;1685;Material;932126-1/2026;Medicamentos;Catálogo do Compras.gov.br;Material;6505;DROGAS E MEDICAMENTOS;1249;BICARBONATO DE SÓDIO;268222;DOSAGEM: 8,4%, USO: SOLUÇÃO INJETÁVEL;BOL;30,0000;17,0000;510,0000;0,0000;31/12/2026
HOSPITAL ESTADUAL TELECILA FREITAS FONTES /RN;932126;1686;Material;932126-1/2026;Medicamentos;Catálogo do Compras.gov.br;Material;6505;DROGAS E MEDICAMENTOS;5118;CLORETO DE SÓDIO;268236;PRINCÍPIO ATIVO: 0,9%_ SOLUÇÃO INJETÁVEL, APLICAÇÃO: SISTEMA FECHADO;BOL;18000,0000;4,0000;72000,0000;0,0000;31/12/2026
HOSPITAL ESTADUAL TELECILA FREITAS FONTES /RN;932126;1687;Material;932126-1/2026;Medicamentos;Catálogo do Compras.gov.br;Material;6505;DROGAS E MEDICAMENTOS;5118;CLORETO DE SÓDIO;268236;PRINCÍPIO ATIVO: 0,9%_ SOLUÇÃO INJETÁVEL, APLICAÇÃO: SISTEMA FECHADO;BOL;6000,0000;4,2000;25200,0000;0,0000;31/12/2026
HOSPITAL ESTADUAL TELECILA FREITAS FONTES /RN;932126;1688;Material;932126-1/2026;Medicamentos;Catálogo do Compras.gov.br;Material;6505;DROGAS E MEDICAMENTOS;5118;CLORETO DE SÓDIO;268236;PRINCÍPIO ATIVO: 0,9%_ SOLUÇÃO INJETÁVEL, APLICAÇÃO: SISTEMA FECHADO;BOL;15000,0000;5,5000;82500,0000;0,0000;31/12/2026
HOSPITAL ESTADUAL TELECILA FREITAS FONTES /RN;932126;1689;Material;932126-1/2026;Medicamentos;Catálogo do Compras.gov.br;Material;6505;DROGAS E MEDICAMENTOS;14671;GLICEROL;269622;DOSAGEM: 12%, APRESENTAÇÃO: CLISTER;FR;90,0000;8,5800;772,2000;0,0000;31/12/2026
HOSPITAL ESTADUAL TELECILA FREITAS FONTES /RN;932126;1690;Material;932126-1/2026;Medicamentos;Catálogo do Compras.gov.br;Material;6505;DROGAS E MEDICAMENTOS;8007;GLICOSE;270092;CONCENTRAÇÃO: 5%, INDICAÇÃO: SOLUÇÃO INJETÁVEL, CARACTERÍSTICAS ADICIONAIS: SISTEMA FECHADO;BOL;600,0000;6,1800;3708,0000;0,0000;31/12/2026
HOSPITAL ESTADUAL TELECILA FREITAS FONTES /RN;932126;1691;Material;932126-1/2026;Medicamentos;Catálogo do Compras.gov.br;Material;6505;DROGAS E MEDICAMENTOS;8007;GLICOSE;270092;CONCENTRAÇÃO: 5%, INDICAÇÃO: SOLUÇÃO INJETÁVEL, CARACTERÍSTICAS ADICIONAIS: SISTEMA FECHADO;BOL;2700,0000;6,7400;18198,0000;0,0000;31/12/2026
HOSPITAL ESTADUAL TELECILA FREITAS FONTES /RN;932126;1692;Material;932126-1/2026;Medicamentos;Catálogo do Compras.gov.br;Material;6505;DROGAS E MEDICAMENTOS;17412;MANITOL;299675;DOSAGEM: 20%, FORMA FARMACÊUTICA: SOLUÇÃO INJETÁVEL, CARACTERÍSTICAS ADICIONAIS: SISTEMA FECHADO;BOL;30,0000;8,5700;257,1000;0,0000;31/12/2026
HOSPITAL ESTADUAL TELECILA FREITAS FONTES /RN;932126;1693;Material;932126-1/2026;Medicamentos;Catálogo do Compras.gov.br;Material;6505;DROGAS E MEDICAMENTOS;11750;RINGER;303292;CARACTERÍSTICA ADICIONAL: SISTEMA FECHADO, COMPOSIÇÃO: ASSOCIADO COM LACTATO DE SÓDIO, FORMA FARMACÊUTICA: SOLUÇÃO INJETÁVEL;BOL;3300,0000;5,7900;19107,0000;0,0000;31/12/2026
HOSPITAL ESTADUAL TELECILA FREITAS FONTES /RN;932126;1694;Material;932126-1/2026;Medicamentos;Catálogo do Compras.gov.br;Material;6505;DROGAS E MEDICAMENTOS;11750;RINGER;352192;CARACTERÍSTICA ADICIONAL: SISTEMA FECHADO, COMPOSIÇÃO: SIMPLES, FORMA FARMACÊUTICA: SOLUÇÃO INJETÁVEL;BOL;6000,0000;6,9900;41940,0000;0,0000;31/12/2026
HOSPITAL ESTADUAL TELECILA FREITAS FONTES /RN;932126;1695;Material;932126-1/2026;Medicamentos;Catálogo do Compras.gov.br;Material;6505;DROGAS E MEDICAMENTOS;2259;ÁLCOOL ETÍLICO;269941;TEOR ALCOÓLICO: 70%_(70°GL), TIPO: HIDRATADO, APRESENTAÇÃO: LÍQUIDO;FR;1650,0000;5,1400;8481,0000;0,0000;31/12/2026
HOSPITAL ESTADUAL TELECILA FREITAS FONTES /RN;932126;1696;Material;932126-1/2026;Medicamentos;Catálogo do Compras.gov.br;Material;6505;DROGAS E MEDICAMENTOS;17357;CLOREXIDINA DIGLUCONATO;341174;CONCENTRAÇÃO: 0,12%, FORMA FARMACÊUTICA: COLUTÓRIO;FR;36,0000;4,8200;173,5200;0,0000;31/12/2026
HOSPITAL ESTADUAL TELECILA FREITAS FONTES /RN;932126;1697;Material;932126-1/2026;Medicamentos;Catálogo do Compras.gov.br;Material;6505;DROGAS E MEDICAMENTOS;17357;CLOREXIDINA DIGLUCONATO;269876;DOSAGEM: 2%, APLICAÇÃO: DEGERMANTE;FR;216,0000;16,9300;3656,8800;0,0000;31/12/2026
HOSPITAL ESTADUAL TELECILA FREITAS FONTES /RN;932126;1698;Material;932126-1/2026;Medicamentos;Catálogo do Compras.gov.br;Material;6505;DROGAS E MEDICAMENTOS;17357;CLOREXIDINA DIGLUCONATO;269878;DOSAGEM: 0,5%, APLICAÇÃO: SOLUÇÃO ALCOÓLICA;FR;108,0000;17,5800;1898,6400;0,0000;31/12/2026
HOSPITAL ESTADUAL TELECILA FREITAS FONTES /RN;932126;1699;Material;932126-1/2026;Medicamentos;Catálogo do Compras.gov.br;Material;6505;DROGAS E MEDICAMENTOS;17357;CLOREXIDINA DIGLUCONATO;269881;DOSAGEM: 0,2%, APLICAÇÃO: SOLUÇÃO TÓPICA;FR;36,0000;17,7000;637,2000;0,0000;31/12/2026
HOSPITAL ESTADUAL TELECILA FREITAS FONTES /RN;932126;1700;Material;932126-1/2026;Medicamentos;Catálogo do Compras.gov.br;Material;6505;DROGAS E MEDICAMENTOS;17821;IODOPOVIDONA (PVPI);398704;CONCENTRAÇÃO: A 10% ( TEOR DE IODO 1% ), FORMA FARMACEUTICA: SOLUÇÃO ALCOÓLICA;FR;3,0000;39,0700;117,2100;0,0000;31/12/2026
HOSPITAL ESTADUAL TELECILA FREITAS FONTES /RN;932126;1701;Material;932126-1/2026;Medicamentos;Catálogo do Compras.gov.br;Material;6505;DROGAS E MEDICAMENTOS;17821;IODOPOVIDONA (PVPI);398705;CONCENTRAÇÃO: A 10% ( TEOR DE IODO 1% ), FORMA FARMACEUTICA: SOLUÇÃO DEGERMANTE;FR;9,0000;37,9800;341,8200;0,0000;31/12/2026
HOSPITAL ESTADUAL TELECILA FREITAS FONTES /RN;932126;1702;Material;932126-1/2026;Medicamentos;Catálogo do Compras.gov.br;Material;6505;DROGAS E MEDICAMENTOS;17821;IODOPOVIDONA (PVPI);398706;CONCENTRAÇÃO: A 10% ( TEOR DE IODO 1% ), FORMA FARMACEUTICA: SOLUÇÃO TÓPICA AQUOSA;FR;21,0000;37,2700;782,6700;0,0000;31/12/2026
HOSPITAL ESTADUAL TELECILA FREITAS FONTES /RN;932126;1703;Material;932126-1/2026;Medicamentos;Catálogo do Compras.gov.br;Material;6505;DROGAS E MEDICAMENTOS;18179;ÁCIDOS GRAXOS ESSENCIAIS;470124;COMPONENTES: ALOE VERA, LANILONA E BISABOLOL, COMPOSIÇÃO: ÓLEO DE GIRASSOL E ALANTOÍNA, FORMA FARMACÊUTICA: LOÇÃO HIDRATANTE;FR;45,0000;2,7600;124,2000;0,0000;31/12/2026
HOSPITAL ESTADUAL TELECILA FREITAS FONTES /RN;932126;1704;Material;932126-1/2026;Medicamentos;Catálogo do Compras.gov.br;Material;6505;DROGAS E MEDICAMENTOS;14597;PETROLATO;233632;ASPECTO FÍSICO: LÍQUIDO, TIPO: LAXATIVO, USO: ORAL;FR;30,0000;3,2500;97,5000;0,0000;31/12/2026
HOSPITAL ESTADUAL TELECILA FREITAS FONTES /RN;932126;1705;Serviço;932126-21/2026;Serviços de consultas em especialidades médicas;Catálogo do Compras.gov.br;Serviço;931;SERVIÇOS DE SAÚDE HUMANA;;;5916;CONSULTA MÉDICA - CLÍNICA GERAL;-;744,0000;1030,0000;766320,0000;0,0000;31/12/2026
HOSPITAL ESTADUAL TELECILA FREITAS FONTES /RN;932126;1706;Serviço;932126-21/2026;Serviços de consultas em especialidades médicas;Catálogo do Compras.gov.br;Serviço;931;SERVIÇOS DE SAÚDE HUMANA;;;6149;CONSULTA MÉDICA - PEDIATRIA;-;1488,0000;1030,0000;1532640,0000;0,0000;31/12/2026
HOSPITAL ESTADUAL TELECILA FREITAS FONTES /RN;932126;1707;Serviço;932126-21/2026;Serviços de consultas em especialidades médicas;Catálogo do Compras.gov.br;Serviço;931;SERVIÇOS DE SAÚDE HUMANA;;;24430;CONSULTA MÉDICA CIRURGIÃO GERAL;-;1488,0000;2500,0000;3720000,0000;0,0000;31/12/2026
HOSPITAL ESTADUAL TELECILA FREITAS FONTES /RN;932126;1708;Serviço;932126-21/2026;Serviços de consultas em especialidades médicas;Catálogo do Compras.gov.br;Serviço;931;SERVIÇOS DE SAÚDE HUMANA;;;6122;CONSULTA MÉDICA - INFECTOLOGIA;-;372,0000;1030,0000;383160,0000;0,0000;31/12/2026
HOSPITAL ESTADUAL TELECILA FREITAS FONTES /RN;932126;1709;Serviço;932126-21/2026;Serviços de consultas em especialidades médicas;Catálogo do Compras.gov.br;Serviço;931;SERVIÇOS DE SAÚDE HUMANA;;;6335;ANESTESIOLOGIA - ANESTESIA PARA BLOQUEIOS NÃO CONVENCIONAIS;-;744,0000;1850,0000;1376400,0000;0,0000;31/12/2026
HOSPITAL ESTADUAL TELECILA FREITAS FONTES /RN;932126;1710;Serviço;932126-21/2026;Serviços de consultas em especialidades médicas;Catálogo do Compras.gov.br;Serviço;931;SERVIÇOS DE SAÚDE HUMANA;;;24422;CONSULTA MÉDICA UROLOGIA;-;372,0000;1030,0000;383160,0000;0,0000;31/12/2026
