Unidade Responsável;UASG;Id do item no PCA;Categoria do Item;Identificador da Futura Contratação;Nome da Futura Contratação;Catálogo Utilizado;Classificação do Catálogo;Código da Classificação Superior (Classe/Grupo);Nome da Classificação Superior (Classe/Grupo);Código do PDM do Item;Nome do PDM do Item;Código do Item;Descrição do Item;Unidade de Fornecimento;Quantidade Estimada;Valor Unitário Estimado (R$);Valor Total Estimado (R$);Valor orçamentário estimado para o exercício (R$);Data Desejada
ERN-HOSPITAL REG.TARCÍSIO DE VASCONCELOS MAIA;927052;1;Serviço;927052-12/2026;Prestação de Serviços e Manutenção;Catálogo do Compras.gov.br;Serviço;732;SERVIÇOS DE LEASING OU ALUGUEL RELACIONADOS A OUTROS BENS;;;14206;LOCAÇÃO DE EQUIPAMENTO DE LABORATÓRIO;-;12,0000;12103,0000;145236,0000;0,0000;30/10/2026
ERN-HOSPITAL REG.TARCÍSIO DE VASCONCELOS MAIA;927052;2;Serviço;927052-12/2026;Prestação de Serviços e Manutenção;Catálogo do Compras.gov.br;Serviço;112;SERVIÇOS DE MANUTENÇÃO E SUSTENTAÇÃO DE SOFTWARE;;;25992;MANUTENÇÃO DE SOFTWARE (CORRETIVA, PREVENTIVA, ADAPTATIVA);-;12,0000;20300,0000;243600,0000;0,0000;30/10/2026
ERN-HOSPITAL REG.TARCÍSIO DE VASCONCELOS MAIA;927052;3;Serviço;927052-12/2026;Prestação de Serviços e Manutenção;Catálogo do Compras.gov.br;Serviço;871;SERVIÇOS DE MANUTENÇÃO E REPARO DE PRODUTOS FABRICADOS DE METAL,MAQUINARIA E EQUIPAMENTOS;;;4405;LOCAÇÃO / MANUTENÇÃO DE EQUIPAMENTOS PERMANENTES;-;4,0000;5000,0000;20000,0000;0,0000;30/10/2026
ERN-HOSPITAL REG.TARCÍSIO DE VASCONCELOS MAIA;927052;4;Serviço;927052-12/2026;Prestação de Serviços e Manutenção;Catálogo do Compras.gov.br;Serviço;152;OUTSOURCING DE IMPRESSÃO - MODALIDADE LOCAÇÃO DE EQUIPAMENTOMAIS PÁGINAS IMPRESSAS;;;26816;OUTSOURCING DE IMPRESSÃO - LOCAÇÃO PÁGINAS IMPRESSAS A4  SEMPAPEL;-;1440000,0000;0,0100;14400,0000;0,0000;30/10/2026
ERN-HOSPITAL REG.TARCÍSIO DE VASCONCELOS MAIA;927052;5;Serviço;927052-12/2026;Prestação de Serviços e Manutenção;Catálogo do Compras.gov.br;Serviço;732;SERVIÇOS DE LEASING OU ALUGUEL RELACIONADOS A OUTROS BENS;;;14206;LOCAÇÃO DE EQUIPAMENTO DE LABORATÓRIO;-;12,0000;50000,0000;600000,0000;0,0000;30/10/2026
ERN-HOSPITAL REG.TARCÍSIO DE VASCONCELOS MAIA;927052;6;Serviço;927052-12/2026;Prestação de Serviços e Manutenção;Catálogo do Compras.gov.br;Serviço;839;OUTROS SERVIÇOS DE NEGÓCIOS, TÉCNICOS E PROFISSIONAIS;;;24597;MANUTENÇÃO - PLANEJAMENTO DE SERVIÇOS;-;12,0000;5656,4800;67877,7600;0,0000;30/10/2026
ERN-HOSPITAL REG.TARCÍSIO DE VASCONCELOS MAIA;927052;7;Serviço;927052-12/2026;Prestação de Serviços e Manutenção;Catálogo do Compras.gov.br;Serviço;181;SERVICOS DE ARRENDAMENTO MERCANTIL, FINANCEIRO E OPERACIONAL;;;27405;LOCAÇÃO DE ESTAÇÃO DE  TRABALHO - ARRENDAMENTO MERCANTIL OPERACIONAL DE MÁQUINAS E EQUIPAMENTOS, SEM OPERADOR;-;12,0000;3850,0000;46200,0000;0,0000;30/10/2026
ERN-HOSPITAL REG.TARCÍSIO DE VASCONCELOS MAIA;927052;8;Serviço;927052-12/2026;Prestação de Serviços e Manutenção;Catálogo do Compras.gov.br;Serviço;732;SERVIÇOS DE LEASING OU ALUGUEL RELACIONADOS A OUTROS BENS;;;14206;LOCAÇÃO DE EQUIPAMENTO DE LABORATÓRIO;-;12,0000;6800,0000;81600,0000;0,0000;30/10/2026
ERN-HOSPITAL REG.TARCÍSIO DE VASCONCELOS MAIA;927052;9;Serviço;927052-12/2026;Prestação de Serviços e Manutenção;Catálogo do Compras.gov.br;Serviço;152;OUTSOURCING DE IMPRESSÃO - MODALIDADE LOCAÇÃO DE EQUIPAMENTOMAIS PÁGINAS IMPRESSAS;;;26735;OUTSOURCING DE  IMPRESSÃO - LOCAÇÃO DE EQUIPAMENTO - MONOCROMÁTICO A4 ATÉ 30 PPM;-;40,0000;3000,0000;120000,0000;0,0000;30/10/2026
ERN-HOSPITAL REG.TARCÍSIO DE VASCONCELOS MAIA;927052;10;Serviço;927052-12/2026;Prestação de Serviços e Manutenção;Catálogo do Compras.gov.br;Serviço;181;SERVICOS DE ARRENDAMENTO MERCANTIL, FINANCEIRO E OPERACIONAL;;;27405;LOCAÇÃO DE ESTAÇÃO DE  TRABALHO - ARRENDAMENTO MERCANTIL OPERACIONAL DE MÁQUINAS E EQUIPAMENTOS, SEM OPERADOR;-;12,0000;28350,0000;340200,0000;0,0000;30/10/2026
ERN-HOSPITAL REG.TARCÍSIO DE VASCONCELOS MAIA;927052;11;Serviço;927052-12/2026;Prestação de Serviços e Manutenção;Catálogo do Compras.gov.br;Serviço;181;SERVICOS DE ARRENDAMENTO MERCANTIL, FINANCEIRO E OPERACIONAL;;;27405;LOCAÇÃO DE ESTAÇÃO DE  TRABALHO - ARRENDAMENTO MERCANTIL OPERACIONAL DE MÁQUINAS E EQUIPAMENTOS, SEM OPERADOR;-;12,0000;13800,0000;165600,0000;0,0000;30/10/2026
ERN-HOSPITAL REG.TARCÍSIO DE VASCONCELOS MAIA;927052;12;Serviço;927052-12/2026;Prestação de Serviços e Manutenção;Catálogo do Compras.gov.br;Serviço;182;SERVIÇOS DE  LICENCIAMENTO E  CONTRATOS DE TRANSFERÊNCIA DE TECNOLOGIA;;;27502;CESSÃO TEMPORÁRIA DE DIREITOS SOBRE PROGRAMAS DE COMPUTADOR LOCAÇÃO DE SOFTWARE;-;12,0000;2525,0000;30300,0000;0,0000;30/10/2026
ERN-HOSPITAL REG.TARCÍSIO DE VASCONCELOS MAIA;927052;13;Serviço;927052-12/2026;Prestação de Serviços e Manutenção;Catálogo do Compras.gov.br;Serviço;182;SERVIÇOS DE  LICENCIAMENTO E  CONTRATOS DE TRANSFERÊNCIA DE TECNOLOGIA;;;27502;CESSÃO TEMPORÁRIA DE DIREITOS SOBRE PROGRAMAS DE COMPUTADOR LOCAÇÃO DE SOFTWARE;-;12,0000;840,0000;10080,0000;0,0000;30/10/2026
ERN-HOSPITAL REG.TARCÍSIO DE VASCONCELOS MAIA;927052;14;Serviço;927052-12/2026;Prestação de Serviços e Manutenção;Catálogo do Compras.gov.br;Serviço;732;SERVIÇOS DE LEASING OU ALUGUEL RELACIONADOS A OUTROS BENS;;;14206;LOCAÇÃO DE EQUIPAMENTO DE LABORATÓRIO;-;12,0000;141460,0000;1697520,0000;0,0000;30/10/2026
ERN-HOSPITAL REG.TARCÍSIO DE VASCONCELOS MAIA;927052;15;Serviço;927052-12/2026;Prestação de Serviços e Manutenção;Catálogo do Compras.gov.br;Serviço;732;SERVIÇOS DE LEASING OU ALUGUEL RELACIONADOS A OUTROS BENS;;;14206;LOCAÇÃO DE EQUIPAMENTO DE LABORATÓRIO;-;12,0000;11700,0000;140400,0000;0,0000;30/10/2026
ERN-HOSPITAL REG.TARCÍSIO DE VASCONCELOS MAIA;927052;16;Serviço;927052-12/2026;Prestação de Serviços e Manutenção;Catálogo do Compras.gov.br;Serviço;182;SERVIÇOS DE  LICENCIAMENTO E  CONTRATOS DE TRANSFERÊNCIA DE TECNOLOGIA;;;27502;CESSÃO TEMPORÁRIA DE DIREITOS SOBRE PROGRAMAS DE COMPUTADOR LOCAÇÃO DE SOFTWARE;-;12,0000;2525,0000;30300,0000;0,0000;30/10/2026
ERN-HOSPITAL REG.TARCÍSIO DE VASCONCELOS MAIA;927052;17;Serviço;927052-12/2026;Prestação de Serviços e Manutenção;Catálogo do Compras.gov.br;Serviço;931;SERVIÇOS DE SAÚDE HUMANA;;;30091;EXAME BHCG QUANTITATIVO;-;5000,0000;2,0000;10000,0000;0,0000;30/10/2026
ERN-HOSPITAL REG.TARCÍSIO DE VASCONCELOS MAIA;927052;18;Material;927052-11/2026;Aquisição de Bens de Consumo;Catálogo do Compras.gov.br;Material;6532;VESTUÁRIO HOSPITALAR E CIRÚRGICO E ITENS CORRELATOS DE  FINALIDADES ESPECIAIS;30095;VESTIMENTA HOSPITALAR;605110;CARACTERÍSTICA: C/ COR, UNISSEX, ESTERILIDADE: REUTILIZÁVEL, GRAMATURA: MÍNIMO DE 120, MATERIAL: 100% ALGODÃO, MODELO CAMISOLA: AJUSTÁVEL C/ ABERTURA NA FRENTE OU COSTAS, TAMANHO: ADULTO MÉDIO (M), TIPO: AVENTAL / CAMISOLA / BATA, TIPO MANGA: CURTA;UN;1200,0000;44,1000;52920,0000;0,0000;30/10/2026
ERN-HOSPITAL REG.TARCÍSIO DE VASCONCELOS MAIA;927052;19;Material;927052-11/2026;Aquisição de Bens de Consumo;Catálogo do Compras.gov.br;Material;6532;VESTUÁRIO HOSPITALAR E CIRÚRGICO E ITENS CORRELATOS DE  FINALIDADES ESPECIAIS;30248;LUVA CIRÚRGICA;620083;APRESENTAÇÃO: EM PAR, COR: C/ COR, EMBALAGEM: EMBALAGEM INDIVIDUAL, ESTERILIDADE: ESTÉRIL, USO ÚNICO, FORMATO: ANATÔMICO, MATERIAL: BORRACHA NATURAL - LÁTEX, PÓ: COM PÓ BIOABSORVÍVEL, SUPERFÍCIE: SUPERFÍCIE TEXTURIZADA, TAMANHO: Nº 7,5;UN;48000,0000;1,2700;60960,0000;0,0000;30/10/2026
ERN-HOSPITAL REG.TARCÍSIO DE VASCONCELOS MAIA;927052;20;Material;927052-11/2026;Aquisição de Bens de Consumo;Catálogo do Compras.gov.br;Material;6532;VESTUÁRIO HOSPITALAR E CIRÚRGICO E ITENS CORRELATOS DE  FINALIDADES ESPECIAIS;30032;MÁSCARA PROTEÇÃO RESP. C/ ANVISA;485529;ADICIONAL 2: S/ VÁLVULA, CLASSE: PFF2, N95 OU EQUIVALENTE, COMPONENTE: CLIPE NASAL, COR: C/ COR, ESTERILIDADE: DESCARTÁVEL, FILTRO: EFICIÊNCIA FILTRAÇÃO MÍN. 94% S, MATERIAL: CAMADAS FIBRAS SINTÉTICAS, MODELO: RESPIRADOR TIPO CONCHA, TAMANHO: ADULTO, TIPO FIXAÇÃO: TIRAS VEDAÇÃO ANATÔMICA;UN;4200,0000;1,3000;5460,0000;0,0000;30/10/2026
ERN-HOSPITAL REG.TARCÍSIO DE VASCONCELOS MAIA;927052;21;Material;927052-11/2026;Aquisição de Bens de Consumo;Catálogo do Compras.gov.br;Material;6532;VESTUÁRIO HOSPITALAR E CIRÚRGICO E ITENS CORRELATOS DE  FINALIDADES ESPECIAIS;30095;VESTIMENTA HOSPITALAR;605055;BOLSO: S/ BOLSO, CARACTERÍSTICA: C/ COR, UNISSEX, CARACTERÍSTICA BERMUDA / CALÇA: AJUSTÁVEL, ESTERILIDADE: REUTILIZÁVEL, GRAMATURA: MÍNIMO DE 120, MATERIAL: ALGODÃO E POLIÉSTER - TECIDO MISTO, TAMANHO: ADULTO MÉDIO (M), TIPO: BERMUDA E BLUSA, TIPO MANGA: CURTA;UN;1000,0000;35,0000;35000,0000;0,0000;30/10/2026
ERN-HOSPITAL REG.TARCÍSIO DE VASCONCELOS MAIA;927052;22;Material;927052-11/2026;Aquisição de Bens de Consumo;Catálogo do Compras.gov.br;Material;6532;VESTUÁRIO HOSPITALAR E CIRÚRGICO E ITENS CORRELATOS DE  FINALIDADES ESPECIAIS;30095;VESTIMENTA HOSPITALAR;605054;BOLSO: S/ BOLSO, CARACTERÍSTICA: C/ COR, UNISSEX, CARACTERÍSTICA BERMUDA / CALÇA: AJUSTÁVEL, ESTERILIDADE: REUTILIZÁVEL, GRAMATURA: MÍNIMO DE 120, MATERIAL: ALGODÃO E POLIÉSTER - TECIDO MISTO, TAMANHO: ADULTO PEQUENO (P), TIPO: BERMUDA E BLUSA, TIPO MANGA: CURTA;UN;1000,0000;35,0000;35000,0000;0,0000;30/10/2026
ERN-HOSPITAL REG.TARCÍSIO DE VASCONCELOS MAIA;927052;23;Material;927052-11/2026;Aquisição de Bens de Consumo;Catálogo do Compras.gov.br;Material;6532;VESTUÁRIO HOSPITALAR E CIRÚRGICO E ITENS CORRELATOS DE  FINALIDADES ESPECIAIS;30095;VESTIMENTA HOSPITALAR;605083;BOLSO: NA BLUSA E NA CALÇA, CARACTERÍSTICA: C/ COR, UNISSEX, CARACTERÍSTICA BERMUDA / CALÇA: AJUSTÁVEL, ESTERILIDADE: REUTILIZÁVEL, GRAMATURA: MÍNIMO DE 200, MATERIAL: ALGODÃO E POLIÉSTER - TECIDO MISTO, TAMANHO: ADULTO EXTRA GRANDE (XG), TIPO: CALÇA E BLUSA, TIPO MANGA: CURTA;UN;900,0000;55,0000;49500,0000;0,0000;30/10/2026
ERN-HOSPITAL REG.TARCÍSIO DE VASCONCELOS MAIA;927052;24;Material;927052-11/2026;Aquisição de Bens de Consumo;Catálogo do Compras.gov.br;Material;6532;VESTUÁRIO HOSPITALAR E CIRÚRGICO E ITENS CORRELATOS DE  FINALIDADES ESPECIAIS;1203;AVENTAL;473405;APLICAÇÃO: PROTEÇÃO E SEGURANÇA, CARACTERÍSTICAS ADICIONAIS: MANGA LONGA, PUNHO COM ELÁSTICO, TIRA NA CINTURA, GRAMATURA: 40, MATERIAL: PLÁSTICO POLIETILENO, TAMANHO: ÚNICO, TIPO: IMPERMEÁVEL;UN;24000,0000;2,3200;55680,0000;0,0000;30/10/2026
ERN-HOSPITAL REG.TARCÍSIO DE VASCONCELOS MAIA;927052;25;Material;927052-11/2026;Aquisição de Bens de Consumo;Catálogo do Compras.gov.br;Material;6532;VESTUÁRIO HOSPITALAR E CIRÚRGICO E ITENS CORRELATOS DE  FINALIDADES ESPECIAIS;19713;LENÇOL CAMA;459558;CARACTERÍSTICAS ADICIONAIS: LENÇOL DUPLO, COR: BRANCO, GRAMATURA MÍNIMA: 200, IMPRESSÃO: PERSONALIZADA E RESISTENTE A LAVAGEM INDUSTRIAL, MATERIAL: 100% ALGODÃO, MEDIDAS MÍNIMAS ( C X L ): 1,32 X 0,62;UN;1500,0000;39,1000;58650,0000;0,0000;30/10/2026
ERN-HOSPITAL REG.TARCÍSIO DE VASCONCELOS MAIA;927052;26;Material;927052-11/2026;Aquisição de Bens de Consumo;Catálogo do Compras.gov.br;Material;6532;VESTUÁRIO HOSPITALAR E CIRÚRGICO E ITENS CORRELATOS DE  FINALIDADES ESPECIAIS;30248;LUVA CIRÚRGICA;620082;APRESENTAÇÃO: EM PAR, COR: C/ COR, EMBALAGEM: EMBALAGEM INDIVIDUAL, ESTERILIDADE: ESTÉRIL, USO ÚNICO, FORMATO: ANATÔMICO, MATERIAL: BORRACHA NATURAL - LÁTEX, PÓ: COM PÓ BIOABSORVÍVEL, SUPERFÍCIE: SUPERFÍCIE TEXTURIZADA, TAMANHO: Nº 7,0;UN;30000,0000;1,1500;34500,0000;0,0000;30/10/2026
ERN-HOSPITAL REG.TARCÍSIO DE VASCONCELOS MAIA;927052;27;Material;927052-11/2026;Aquisição de Bens de Consumo;Catálogo do Compras.gov.br;Material;6532;VESTUÁRIO HOSPITALAR E CIRÚRGICO E ITENS CORRELATOS DE  FINALIDADES ESPECIAIS;30095;VESTIMENTA HOSPITALAR;605085;BOLSO: NA BLUSA E NA CALÇA, CARACTERÍSTICA: C/ COR, UNISSEX, CARACTERÍSTICA BERMUDA / CALÇA: AJUSTÁVEL, ESTERILIDADE: REUTILIZÁVEL, GRAMATURA: MÍNIMO DE 260, MATERIAL: ALGODÃO E POLIÉSTER - TECIDO MISTO, TAMANHO: ADULTO MÉDIO (M), TIPO: CALÇA E BLUSA, TIPO MANGA: CURTA;UN;1500,0000;57,0000;85500,0000;0,0000;30/10/2026
ERN-HOSPITAL REG.TARCÍSIO DE VASCONCELOS MAIA;927052;28;Material;927052-11/2026;Aquisição de Bens de Consumo;Catálogo do Compras.gov.br;Material;6532;VESTUÁRIO HOSPITALAR E CIRÚRGICO E ITENS CORRELATOS DE  FINALIDADES ESPECIAIS;30095;VESTIMENTA HOSPITALAR;605111;CARACTERÍSTICA: C/ COR, UNISSEX, ESTERILIDADE: REUTILIZÁVEL, GRAMATURA: MÍNIMO DE 120, MATERIAL: 100% ALGODÃO, MODELO CAMISOLA: AJUSTÁVEL C/ ABERTURA NA FRENTE OU COSTAS, TAMANHO: ADULTO GRANDE (G), TIPO: AVENTAL / CAMISOLA / BATA, TIPO MANGA: CURTA;UN;800,0000;44,5000;35600,0000;0,0000;30/10/2026
ERN-HOSPITAL REG.TARCÍSIO DE VASCONCELOS MAIA;927052;29;Material;927052-11/2026;Aquisição de Bens de Consumo;Catálogo do Compras.gov.br;Material;6532;VESTUÁRIO HOSPITALAR E CIRÚRGICO E ITENS CORRELATOS DE  FINALIDADES ESPECIAIS;30183;FRALDA DESCARTÁVEL;616022;CARACTERÍSTICA ADICIONAL: BARREIRA ANTIVAZAMENTO, MATERIAL: TELA POLÍMERICA E NÚCLEO ABSORVENTE, REVESTIMENTO EXTERNO: IMPERMEÁVEL, TAMANHO: INFANTIL MÉDIO, TIPO FIXAÇÃO: CINTURA ELÁSTICA AJUSTÁVEL, TIPO CALCINHA;UN;600,0000;0,4700;282,0000;0,0000;30/10/2026
ERN-HOSPITAL REG.TARCÍSIO DE VASCONCELOS MAIA;927052;30;Material;927052-11/2026;Aquisição de Bens de Consumo;Catálogo do Compras.gov.br;Material;6532;VESTUÁRIO HOSPITALAR E CIRÚRGICO E ITENS CORRELATOS DE  FINALIDADES ESPECIAIS;30247;LUVA P/ PROCEDIMENTO DE SAÚDE NÃO CIRÚRGICO C/ ANVISA;619859;COR: C/ COR, EMBALAGEM: PAR EM EMBALAGEM INDIVIDUAL, ESTERILIDADE: ESTÉRIL, USO ÚNICO, FORMATO: AMBIDESTRA, MATERIAL: BORRACHA NATURAL - LÁTEX, PÓ: COM PÓ BIOABSORVÍVEL, SUPERFÍCIE: SUPERFÍCIE LISA, TAMANHO: GRANDE - G;UN;120000,0000;0,5900;70800,0000;0,0000;30/10/2026
ERN-HOSPITAL REG.TARCÍSIO DE VASCONCELOS MAIA;927052;31;Material;927052-11/2026;Aquisição de Bens de Consumo;Catálogo do Compras.gov.br;Material;6532;VESTUÁRIO HOSPITALAR E CIRÚRGICO E ITENS CORRELATOS DE  FINALIDADES ESPECIAIS;30095;VESTIMENTA HOSPITALAR;605082;BOLSO: NA BLUSA E NA CALÇA, CARACTERÍSTICA: C/ COR, UNISSEX, CARACTERÍSTICA BERMUDA / CALÇA: AJUSTÁVEL, ESTERILIDADE: REUTILIZÁVEL, GRAMATURA: MÍNIMO DE 200, MATERIAL: ALGODÃO E POLIÉSTER - TECIDO MISTO, TAMANHO: ADULTO GRANDE (G), TIPO: CALÇA E BLUSA, TIPO MANGA: CURTA;UN;1400,0000;54,0000;75600,0000;0,0000;30/10/2026
ERN-HOSPITAL REG.TARCÍSIO DE VASCONCELOS MAIA;927052;32;Material;927052-11/2026;Aquisição de Bens de Consumo;Catálogo do Compras.gov.br;Material;6532;VESTUÁRIO HOSPITALAR E CIRÚRGICO E ITENS CORRELATOS DE  FINALIDADES ESPECIAIS;30248;LUVA CIRÚRGICA;620084;APRESENTAÇÃO: EM PAR, COR: C/ COR, EMBALAGEM: EMBALAGEM INDIVIDUAL, ESTERILIDADE: ESTÉRIL, USO ÚNICO, FORMATO: ANATÔMICO, MATERIAL: BORRACHA NATURAL - LÁTEX, PÓ: COM PÓ BIOABSORVÍVEL, SUPERFÍCIE: SUPERFÍCIE TEXTURIZADA, TAMANHO: Nº 8,0;UN;12000,0000;1,2700;15240,0000;0,0000;30/10/2026
ERN-HOSPITAL REG.TARCÍSIO DE VASCONCELOS MAIA;927052;33;Material;927052-11/2026;Aquisição de Bens de Consumo;Catálogo do Compras.gov.br;Material;6532;VESTUÁRIO HOSPITALAR E CIRÚRGICO E ITENS CORRELATOS DE  FINALIDADES ESPECIAIS;11939;SAPATILHA HOSPITALAR;436857;COR*: C/ COR, GRAMATURA*: CERCA DE 50, MATERIAL*: NÃO TECIDO 100% POLIPROPILENO, MODELO: C/ ELÁSTICO, TAMANHO*: ÚNICO, TIPO USO*: DESCARTÁVEL;UN;48000,0000;0,3500;16800,0000;0,0000;30/10/2026
ERN-HOSPITAL REG.TARCÍSIO DE VASCONCELOS MAIA;927052;34;Material;927052-11/2026;Aquisição de Bens de Consumo;Catálogo do Compras.gov.br;Material;6532;VESTUÁRIO HOSPITALAR E CIRÚRGICO E ITENS CORRELATOS DE  FINALIDADES ESPECIAIS;30095;VESTIMENTA HOSPITALAR;605069;BOLSO: NA BLUSA E NA CALÇA, CARACTERÍSTICA: C/ COR, UNISSEX, CARACTERÍSTICA BERMUDA / CALÇA: AJUSTÁVEL, ESTERILIDADE: REUTILIZÁVEL, GRAMATURA: MÍNIMO DE 260, MATERIAL: 100% ALGODÃO, TAMANHO: ADULTO PEQUENO (P), TIPO: CALÇA E BLUSA, TIPO MANGA: CURTA;UN;2000,0000;55,0000;110000,0000;0,0000;30/10/2026
ERN-HOSPITAL REG.TARCÍSIO DE VASCONCELOS MAIA;927052;35;Material;927052-11/2026;Aquisição de Bens de Consumo;Catálogo do Compras.gov.br;Material;6532;VESTUÁRIO HOSPITALAR E CIRÚRGICO E ITENS CORRELATOS DE  FINALIDADES ESPECIAIS;30029;MÁSCARA CIRÚRGICA;485312;COR: C/ COR, EFICIÊNCIA: EFP MAIOR QUE 98% E BFE MAIOR QUE 95%, ESTERILIDADE: DESCARTÁVEL, FILTRO: ELEMENTO FILTRANTE INTERNO, FORMATO: RETANGULAR, C/ PREGAS HORIZONTAIS, MATERIAL: NÃO TECIDO 100% POLIPROPILENO, MODELO: AJUSTÁVEL, CLIPE NASAL, QUANTIDADE CAMADAS: MÍNIMO 3 CAMADAS, TAMANHO: ADULTO;UN;132000,0000;0,1200;15840,0000;0,0000;30/10/2026
ERN-HOSPITAL REG.TARCÍSIO DE VASCONCELOS MAIA;927052;36;Material;927052-11/2026;Aquisição de Bens de Consumo;Catálogo do Compras.gov.br;Material;6532;VESTUÁRIO HOSPITALAR E CIRÚRGICO E ITENS CORRELATOS DE  FINALIDADES ESPECIAIS;30093;AVENTAL CIRÚRGICO - PARAMENTAÇÃO;604937;ESTERILIDADE: ESTERILIZÁVEL, GRAMATURA: MÍNIMO DE 260, MATERIAL: 100% ALGODÃO, MODELO MANGA: LONGA C/ PUNHO EM MALHA, TAMANHO: PEQUENO (P), TIPO FECHAMENTO: POSTERIOR P/ PESCOÇO E CINTURA;UN;1200,0000;70,9000;85080,0000;0,0000;30/10/2026
ERN-HOSPITAL REG.TARCÍSIO DE VASCONCELOS MAIA;927052;37;Material;927052-11/2026;Aquisição de Bens de Consumo;Catálogo do Compras.gov.br;Material;6532;VESTUÁRIO HOSPITALAR E CIRÚRGICO E ITENS CORRELATOS DE  FINALIDADES ESPECIAIS;19713;LENÇOL CAMA;467125;CARACTERÍSTICAS ADICIONAIS: USO HOSPITALAR COM COSTURA DUPLA, COR: BRANCO, GRAMATURA MÍNIMA: 150, MATERIAL: CRETONE 100% ALGODÃO, MEDIDAS MÍNIMAS ( C X L ): 2,50 X 1,40, TIPO FIXAÇÃO: SEM ELÁSTICO;UN;2000,0000;26,6000;53200,0000;0,0000;30/10/2026
ERN-HOSPITAL REG.TARCÍSIO DE VASCONCELOS MAIA;927052;38;Material;927052-11/2026;Aquisição de Bens de Consumo;Catálogo do Compras.gov.br;Material;6532;VESTUÁRIO HOSPITALAR E CIRÚRGICO E ITENS CORRELATOS DE  FINALIDADES ESPECIAIS;30107;CAMPO CIRÚRGICO;607054;COR: C/ COR, DIMENSÕES: CERCA DE 75 X 75, ESTERILIDADE: ESTERILIZÁVEL, GRAMATURA: MÍNIMO DE 260, MATERIAL: 100% ALGODÃO, MODELO: FENESTRADO;UN;300,0000;16,0000;4800,0000;0,0000;30/10/2026
ERN-HOSPITAL REG.TARCÍSIO DE VASCONCELOS MAIA;927052;39;Material;927052-11/2026;Aquisição de Bens de Consumo;Catálogo do Compras.gov.br;Material;6532;VESTUÁRIO HOSPITALAR E CIRÚRGICO E ITENS CORRELATOS DE  FINALIDADES ESPECIAIS;30093;AVENTAL CIRÚRGICO - PARAMENTAÇÃO;604938;ESTERILIDADE: ESTERILIZÁVEL, GRAMATURA: MÍNIMO DE 260, MATERIAL: 100% ALGODÃO, MODELO MANGA: LONGA C/ PUNHO EM MALHA, TAMANHO: MÉDIO (M), TIPO FECHAMENTO: POSTERIOR P/ PESCOÇO E CINTURA;UN;1200,0000;70,9000;85080,0000;0,0000;30/10/2026
ERN-HOSPITAL REG.TARCÍSIO DE VASCONCELOS MAIA;927052;40;Material;927052-11/2026;Aquisição de Bens de Consumo;Catálogo do Compras.gov.br;Material;6532;VESTUÁRIO HOSPITALAR E CIRÚRGICO E ITENS CORRELATOS DE  FINALIDADES ESPECIAIS;30107;CAMPO CIRÚRGICO;607024;COR: C/ COR, DIMENSÕES: CERCA DE 60 X 60, ESTERILIDADE: ESTERILIZÁVEL, GRAMATURA: MÍNIMO DE 260, MATERIAL: 100% ALGODÃO, MODELO: DUPLO;UN;300,0000;21,0000;6300,0000;0,0000;30/10/2026
ERN-HOSPITAL REG.TARCÍSIO DE VASCONCELOS MAIA;927052;41;Material;927052-11/2026;Aquisição de Bens de Consumo;Catálogo do Compras.gov.br;Material;6532;VESTUÁRIO HOSPITALAR E CIRÚRGICO E ITENS CORRELATOS DE  FINALIDADES ESPECIAIS;30095;VESTIMENTA HOSPITALAR;605112;CARACTERÍSTICA: C/ COR, UNISSEX, ESTERILIDADE: REUTILIZÁVEL, GRAMATURA: MÍNIMO DE 120, MATERIAL: 100% ALGODÃO, MODELO CAMISOLA: AJUSTÁVEL C/ ABERTURA NA FRENTE OU COSTAS, TAMANHO: ADULTO EXTRA GRANDE (XG), TIPO: AVENTAL / CAMISOLA / BATA, TIPO MANGA: CURTA;UN;800,0000;45,0000;36000,0000;0,0000;30/10/2026
ERN-HOSPITAL REG.TARCÍSIO DE VASCONCELOS MAIA;927052;42;Material;927052-11/2026;Aquisição de Bens de Consumo;Catálogo do Compras.gov.br;Material;6532;VESTUÁRIO HOSPITALAR E CIRÚRGICO E ITENS CORRELATOS DE  FINALIDADES ESPECIAIS;30093;AVENTAL CIRÚRGICO - PARAMENTAÇÃO;604940;ESTERILIDADE: ESTERILIZÁVEL, GRAMATURA: MÍNIMO DE 260, MATERIAL: 100% ALGODÃO, MODELO MANGA: LONGA C/ PUNHO EM MALHA, TAMANHO: EXTRA GRANDE (XG), TIPO FECHAMENTO: POSTERIOR P/ PESCOÇO E CINTURA;UN;1200,0000;70,9000;85080,0000;0,0000;30/10/2026
ERN-HOSPITAL REG.TARCÍSIO DE VASCONCELOS MAIA;927052;43;Material;927052-11/2026;Aquisição de Bens de Consumo;Catálogo do Compras.gov.br;Material;6532;VESTUÁRIO HOSPITALAR E CIRÚRGICO E ITENS CORRELATOS DE  FINALIDADES ESPECIAIS;30247;LUVA P/ PROCEDIMENTO DE SAÚDE NÃO CIRÚRGICO C/ ANVISA;619857;COR: C/ COR, EMBALAGEM: PAR EM EMBALAGEM INDIVIDUAL, ESTERILIDADE: ESTÉRIL, USO ÚNICO, FORMATO: AMBIDESTRA, MATERIAL: BORRACHA NATURAL - LÁTEX, PÓ: COM PÓ BIOABSORVÍVEL, SUPERFÍCIE: SUPERFÍCIE LISA, TAMANHO: PEQUENO - P;UN;300000,0000;0,7300;219000,0000;0,0000;30/10/2026
ERN-HOSPITAL REG.TARCÍSIO DE VASCONCELOS MAIA;927052;44;Material;927052-11/2026;Aquisição de Bens de Consumo;Catálogo do Compras.gov.br;Material;6532;VESTUÁRIO HOSPITALAR E CIRÚRGICO E ITENS CORRELATOS DE  FINALIDADES ESPECIAIS;30107;CAMPO CIRÚRGICO;606980;COR: C/ COR, DIMENSÕES: CERCA DE 60 X 60, ESTERILIDADE: ESTERILIZÁVEL, GRAMATURA: MÍNIMO DE 260, MATERIAL: 100% ALGODÃO, MODELO: SIMPLES;UN;300,0000;10,5000;3150,0000;0,0000;30/10/2026
ERN-HOSPITAL REG.TARCÍSIO DE VASCONCELOS MAIA;927052;45;Material;927052-11/2026;Aquisição de Bens de Consumo;Catálogo do Compras.gov.br;Material;6532;VESTUÁRIO HOSPITALAR E CIRÚRGICO E ITENS CORRELATOS DE  FINALIDADES ESPECIAIS;30095;VESTIMENTA HOSPITALAR;605070;BOLSO: NA BLUSA E NA CALÇA, CARACTERÍSTICA: C/ COR, UNISSEX, CARACTERÍSTICA BERMUDA / CALÇA: AJUSTÁVEL, ESTERILIDADE: REUTILIZÁVEL, GRAMATURA: MÍNIMO DE 260, MATERIAL: 100% ALGODÃO, TAMANHO: ADULTO MÉDIO (M), TIPO: CALÇA E BLUSA, TIPO MANGA: CURTA;UN;2200,0000;76,0000;167200,0000;0,0000;30/10/2026
ERN-HOSPITAL REG.TARCÍSIO DE VASCONCELOS MAIA;927052;46;Material;927052-11/2026;Aquisição de Bens de Consumo;Catálogo do Compras.gov.br;Material;6532;VESTUÁRIO HOSPITALAR E CIRÚRGICO E ITENS CORRELATOS DE  FINALIDADES ESPECIAIS;30095;VESTIMENTA HOSPITALAR;605071;BOLSO: NA BLUSA E NA CALÇA, CARACTERÍSTICA: C/ COR, UNISSEX, CARACTERÍSTICA BERMUDA / CALÇA: AJUSTÁVEL, ESTERILIDADE: REUTILIZÁVEL, GRAMATURA: MÍNIMO DE 260, MATERIAL: 100% ALGODÃO, TAMANHO: ADULTO GRANDE (G), TIPO: CALÇA E BLUSA, TIPO MANGA: CURTA;UN;2200,0000;78,0000;171600,0000;0,0000;30/10/2026
ERN-HOSPITAL REG.TARCÍSIO DE VASCONCELOS MAIA;927052;47;Material;927052-11/2026;Aquisição de Bens de Consumo;Catálogo do Compras.gov.br;Material;6532;VESTUÁRIO HOSPITALAR E CIRÚRGICO E ITENS CORRELATOS DE  FINALIDADES ESPECIAIS;30095;VESTIMENTA HOSPITALAR;605072;BOLSO: NA BLUSA E NA CALÇA, CARACTERÍSTICA: C/ COR, UNISSEX, CARACTERÍSTICA BERMUDA / CALÇA: AJUSTÁVEL, ESTERILIDADE: REUTILIZÁVEL, GRAMATURA: MÍNIMO DE 260, MATERIAL: 100% ALGODÃO, TAMANHO: ADULTO EXTRA GRANDE (XG), TIPO: CALÇA E BLUSA, TIPO MANGA: CURTA;UN;1400,0000;78,0000;109200,0000;0,0000;30/10/2026
ERN-HOSPITAL REG.TARCÍSIO DE VASCONCELOS MAIA;927052;48;Material;927052-11/2026;Aquisição de Bens de Consumo;Catálogo do Compras.gov.br;Material;6532;VESTUÁRIO HOSPITALAR E CIRÚRGICO E ITENS CORRELATOS DE  FINALIDADES ESPECIAIS;30183;FRALDA DESCARTÁVEL;616013;CARACTERÍSTICA ADICIONAL: BARREIRA ANTIVAZAMENTO, MATERIAL: TELA POLÍMERICA E NÚCLEO ABSORVENTE, REVESTIMENTO EXTERNO: IMPERMEÁVEL, TAMANHO: ADULTO GRANDE, TIPO FIXAÇÃO: TIRAS AJUSTÁVEIS E REPOSICIONÁVEIS;UN;3000,0000;1,2400;3720,0000;0,0000;30/10/2026
ERN-HOSPITAL REG.TARCÍSIO DE VASCONCELOS MAIA;927052;49;Material;927052-11/2026;Aquisição de Bens de Consumo;Catálogo do Compras.gov.br;Material;6532;VESTUÁRIO HOSPITALAR E CIRÚRGICO E ITENS CORRELATOS DE  FINALIDADES ESPECIAIS;30107;CAMPO CIRÚRGICO;607026;COR: C/ COR, DIMENSÕES: CERCA DE 100 X 100, ESTERILIDADE: ESTERILIZÁVEL, GRAMATURA: MÍNIMO DE 260, MATERIAL: 100% ALGODÃO, MODELO: DUPLO;UN;300,0000;20,5000;6150,0000;0,0000;30/10/2026
ERN-HOSPITAL REG.TARCÍSIO DE VASCONCELOS MAIA;927052;50;Material;927052-11/2026;Aquisição de Bens de Consumo;Catálogo do Compras.gov.br;Material;6532;VESTUÁRIO HOSPITALAR E CIRÚRGICO E ITENS CORRELATOS DE  FINALIDADES ESPECIAIS;30095;VESTIMENTA HOSPITALAR;605084;BOLSO: NA BLUSA E NA CALÇA, CARACTERÍSTICA: C/ COR, UNISSEX, CARACTERÍSTICA BERMUDA / CALÇA: AJUSTÁVEL, ESTERILIDADE: REUTILIZÁVEL, GRAMATURA: MÍNIMO DE 260, MATERIAL: ALGODÃO E POLIÉSTER - TECIDO MISTO, TAMANHO: ADULTO PEQUENO (P), TIPO: CALÇA E BLUSA, TIPO MANGA: CURTA;UN;1000,0000;56,0000;56000,0000;0,0000;30/10/2026
ERN-HOSPITAL REG.TARCÍSIO DE VASCONCELOS MAIA;927052;51;Material;927052-11/2026;Aquisição de Bens de Consumo;Catálogo do Compras.gov.br;Material;6532;VESTUÁRIO HOSPITALAR E CIRÚRGICO E ITENS CORRELATOS DE  FINALIDADES ESPECIAIS;30183;FRALDA DESCARTÁVEL;616011;CARACTERÍSTICA ADICIONAL: BARREIRA ANTIVAZAMENTO, MATERIAL: TELA POLÍMERICA E NÚCLEO ABSORVENTE, REVESTIMENTO EXTERNO: IMPERMEÁVEL, TAMANHO: ADULTO PEQUENO, TIPO FIXAÇÃO: TIRAS AJUSTÁVEIS E REPOSICIONÁVEIS;UN;1200,0000;1,2200;1464,0000;0,0000;30/10/2026
ERN-HOSPITAL REG.TARCÍSIO DE VASCONCELOS MAIA;927052;52;Material;927052-11/2026;Aquisição de Bens de Consumo;Catálogo do Compras.gov.br;Material;6532;VESTUÁRIO HOSPITALAR E CIRÚRGICO E ITENS CORRELATOS DE  FINALIDADES ESPECIAIS;30183;FRALDA DESCARTÁVEL;616003;CARACTERÍSTICA ADICIONAL: BARREIRA ANTIVAZAMENTO, MATERIAL: TELA POLÍMERICA E NÚCLEO ABSORVENTE, REVESTIMENTO EXTERNO: IMPERMEÁVEL, TAMANHO: INFANTIL GRANDE, TIPO FIXAÇÃO: TIRAS AJUSTÁVEIS E REPOSICIONÁVEIS;UN;600,0000;0,5300;318,0000;0,0000;30/10/2026
ERN-HOSPITAL REG.TARCÍSIO DE VASCONCELOS MAIA;927052;53;Material;927052-11/2026;Aquisição de Bens de Consumo;Catálogo do Compras.gov.br;Material;6532;VESTUÁRIO HOSPITALAR E CIRÚRGICO E ITENS CORRELATOS DE  FINALIDADES ESPECIAIS;437;TOUCA HOSPITALAR;428620;CARACTERÍSTICA ADICIONAL 01: HIPOALERGÊNICA, ATÓXICA, INODORA, UNISSEX, COR*: SEM COR, GRAMATURA*: CERCA DE 30, MATERIAL*: NÃO TECIDO 100% POLIPROPILENO, MODELO: COM ELÁSTICO EM TODA VOLTA, TAMANHO*: ÚNICO, TIPO USO*: DESCARTÁVEL;UN;66000,0000;0,2100;13860,0000;0,0000;30/10/2026
ERN-HOSPITAL REG.TARCÍSIO DE VASCONCELOS MAIA;927052;54;Material;927052-11/2026;Aquisição de Bens de Consumo;Catálogo do Compras.gov.br;Material;6532;VESTUÁRIO HOSPITALAR E CIRÚRGICO E ITENS CORRELATOS DE  FINALIDADES ESPECIAIS;30095;VESTIMENTA HOSPITALAR;605057;BOLSO: S/ BOLSO, CARACTERÍSTICA: C/ COR, UNISSEX, CARACTERÍSTICA BERMUDA / CALÇA: AJUSTÁVEL, ESTERILIDADE: REUTILIZÁVEL, GRAMATURA: MÍNIMO DE 120, MATERIAL: ALGODÃO E POLIÉSTER - TECIDO MISTO, TAMANHO: ADULTO EXTRA GRANDE (XG), TIPO: BERMUDA E BLUSA, TIPO MANGA: CURTA;UN;900,0000;35,0000;31500,0000;0,0000;30/10/2026
ERN-HOSPITAL REG.TARCÍSIO DE VASCONCELOS MAIA;927052;55;Material;927052-11/2026;Aquisição de Bens de Consumo;Catálogo do Compras.gov.br;Material;6532;VESTUÁRIO HOSPITALAR E CIRÚRGICO E ITENS CORRELATOS DE  FINALIDADES ESPECIAIS;30095;VESTIMENTA HOSPITALAR;605056;BOLSO: S/ BOLSO, CARACTERÍSTICA: C/ COR, UNISSEX, CARACTERÍSTICA BERMUDA / CALÇA: AJUSTÁVEL, ESTERILIDADE: REUTILIZÁVEL, GRAMATURA: MÍNIMO DE 120, MATERIAL: ALGODÃO E POLIÉSTER - TECIDO MISTO, TAMANHO: ADULTO GRANDE (G), TIPO: BERMUDA E BLUSA, TIPO MANGA: CURTA;UN;1000,0000;35,0000;35000,0000;0,0000;30/10/2026
ERN-HOSPITAL REG.TARCÍSIO DE VASCONCELOS MAIA;927052;56;Material;927052-11/2026;Aquisição de Bens de Consumo;Catálogo do Compras.gov.br;Material;6532;VESTUÁRIO HOSPITALAR E CIRÚRGICO E ITENS CORRELATOS DE  FINALIDADES ESPECIAIS;30183;FRALDA DESCARTÁVEL;616012;CARACTERÍSTICA ADICIONAL: BARREIRA ANTIVAZAMENTO, MATERIAL: TELA POLÍMERICA E NÚCLEO ABSORVENTE, REVESTIMENTO EXTERNO: IMPERMEÁVEL, TAMANHO: ADULTO MÉDIO, TIPO FIXAÇÃO: TIRAS AJUSTÁVEIS E REPOSICIONÁVEIS;UN;2400,0000;1,1700;2808,0000;0,0000;30/10/2026
ERN-HOSPITAL REG.TARCÍSIO DE VASCONCELOS MAIA;927052;57;Material;927052-11/2026;Aquisição de Bens de Consumo;Catálogo do Compras.gov.br;Material;6532;VESTUÁRIO HOSPITALAR E CIRÚRGICO E ITENS CORRELATOS DE  FINALIDADES ESPECIAIS;30201;CAPA USO MÉDICO;617194;APLICAÇÃO: P/ PARAMENTAÇÃO DO EQUIPAMENTO, COMPATIBILIDADE: C/ MICROCÂMERA E CABO ? VIDEOCIRURGIA, EMBALAGEM: EMBALAGEM INDIVIDUAL, ESTERILIDADE: ESTÉRIL, USO ÚNICO, FIXAÇÃO: C/ FIXAÇÃO AJUSTÁVEL, MATERIAL: PLÁSTICO TRANSPARENTE;UN;220,0000;5,5000;1210,0000;0,0000;30/10/2026
ERN-HOSPITAL REG.TARCÍSIO DE VASCONCELOS MAIA;927052;58;Material;927052-11/2026;Aquisição de Bens de Consumo;Catálogo do Compras.gov.br;Material;6532;VESTUÁRIO HOSPITALAR E CIRÚRGICO E ITENS CORRELATOS DE  FINALIDADES ESPECIAIS;30095;VESTIMENTA HOSPITALAR;605109;CARACTERÍSTICA: C/ COR, UNISSEX, ESTERILIDADE: REUTILIZÁVEL, GRAMATURA: MÍNIMO DE 120, MATERIAL: 100% ALGODÃO, MODELO CAMISOLA: AJUSTÁVEL C/ ABERTURA NA FRENTE OU COSTAS, TAMANHO: ADULTO PEQUENO (P), TIPO: AVENTAL / CAMISOLA / BATA, TIPO MANGA: CURTA;UN;500,0000;44,1000;22050,0000;0,0000;30/10/2026
ERN-HOSPITAL REG.TARCÍSIO DE VASCONCELOS MAIA;927052;59;Material;927052-11/2026;Aquisição de Bens de Consumo;Catálogo do Compras.gov.br;Material;6532;VESTUÁRIO HOSPITALAR E CIRÚRGICO E ITENS CORRELATOS DE  FINALIDADES ESPECIAIS;30247;LUVA P/ PROCEDIMENTO DE SAÚDE NÃO CIRÚRGICO C/ ANVISA;619858;COR: C/ COR, EMBALAGEM: PAR EM EMBALAGEM INDIVIDUAL, ESTERILIDADE: ESTÉRIL, USO ÚNICO, FORMATO: AMBIDESTRA, MATERIAL: BORRACHA NATURAL - LÁTEX, PÓ: COM PÓ BIOABSORVÍVEL, SUPERFÍCIE: SUPERFÍCIE LISA, TAMANHO: MÉDIO - M;UN;360000,0000;1,6800;604800,0000;0,0000;30/10/2026
ERN-HOSPITAL REG.TARCÍSIO DE VASCONCELOS MAIA;927052;80;Material;927052-11/2026;Aquisição de Bens de Consumo;Catálogo do Compras.gov.br;Material;7510;ARTIGOS PARA ESCRITÓRIO;11;CLIPE;432336;FORMATO: TRANÇADO, MATERIAL: METAL, TAMANHO: 4/0, TRATAMENTO SUPERFICIAL: GALVANIZADO;CX;500,0000;25,6800;12840,0000;0,0000;30/10/2026
ERN-HOSPITAL REG.TARCÍSIO DE VASCONCELOS MAIA;927052;60;Material;927052-11/2026;Aquisição de Bens de Consumo;Catálogo do Compras.gov.br;Material;6532;VESTUÁRIO HOSPITALAR E CIRÚRGICO E ITENS CORRELATOS DE  FINALIDADES ESPECIAIS;30093;AVENTAL CIRÚRGICO - PARAMENTAÇÃO;604939;ESTERILIDADE: ESTERILIZÁVEL, GRAMATURA: MÍNIMO DE 260, MATERIAL: 100% ALGODÃO, MODELO MANGA: LONGA C/ PUNHO EM MALHA, TAMANHO: GRANDE (G), TIPO FECHAMENTO: POSTERIOR P/ PESCOÇO E CINTURA;UN;1200,0000;70,9000;85080,0000;0,0000;30/10/2026
ERN-HOSPITAL REG.TARCÍSIO DE VASCONCELOS MAIA;927052;61;Material;927052-11/2026;Aquisição de Bens de Consumo;Catálogo do Compras.gov.br;Material;6532;VESTUÁRIO HOSPITALAR E CIRÚRGICO E ITENS CORRELATOS DE  FINALIDADES ESPECIAIS;30107;CAMPO CIRÚRGICO;606994;COR: C/ COR, DIMENSÕES: CERCA DE 150 X 175, ESTERILIDADE: ESTERILIZÁVEL, GRAMATURA: MÍNIMO DE 260, MATERIAL: 100% ALGODÃO, MODELO: SIMPLES;UN;600,0000;49,9000;29940,0000;0,0000;30/10/2026
ERN-HOSPITAL REG.TARCÍSIO DE VASCONCELOS MAIA;927052;62;Material;927052-11/2026;Aquisição de Bens de Consumo;Catálogo do Compras.gov.br;Material;7510;ARTIGOS PARA ESCRITÓRIO;1347;PAPEL FILME;626871;APLICAÇÃO: EMBALAR E ACONDICIONAR ALIMENTOS, APRESENTAÇÃO: ROLO, CARACTERÍSTICAS ADICIONAIS: PVC ESTICÁVEL, COMPRIMENTO: 1000, ESPESSURA: 9, LARGURA: 38, MATERIAL: PVC - CLORETO DE POLIVINILA;BOB;200,0000;32,3000;6460,0000;0,0000;30/10/2026
ERN-HOSPITAL REG.TARCÍSIO DE VASCONCELOS MAIA;927052;63;Material;927052-11/2026;Aquisição de Bens de Consumo;Catálogo do Compras.gov.br;Material;7510;ARTIGOS PARA ESCRITÓRIO;20;PASTA ARQUIVO;625931;ALTURA: 335, APLICAÇÃO: ARMAZENAR DOCUMENTOS E IMPRESSOS, CARACTERÍSTICAS ADICIONAIS: ABA E ELÁSTICO, COR: VARIADA, LARGURA: 245, LOMBADA: 55, MATERIAL: PLÁSTICO CORRUGADO;CX;500,0000;87,8000;43900,0000;0,0000;30/10/2026
ERN-HOSPITAL REG.TARCÍSIO DE VASCONCELOS MAIA;927052;64;Material;927052-11/2026;Aquisição de Bens de Consumo;Catálogo do Compras.gov.br;Material;7510;ARTIGOS PARA ESCRITÓRIO;18;CORRETIVO LÍQUIDO;394475;CARACTERÍSTICAS ADICIONAIS: ATÓXICO, LAVÁVEL, INODORO, MATERIAL: BASE D'ÁGUA - SECAGEM RÁPIDA;CX;300,0000;17,7700;5331,0000;0,0000;30/10/2026
ERN-HOSPITAL REG.TARCÍSIO DE VASCONCELOS MAIA;927052;65;Material;927052-11/2026;Aquisição de Bens de Consumo;Catálogo do Compras.gov.br;Material;7510;ARTIGOS PARA ESCRITÓRIO;20;PASTA ARQUIVO;462579;ALTURA: 297, APLICAÇÃO: ARQUIVO DE DOCUMENTO, CARACTERÍSTICAS ADICIONAIS: ÍNDICE ALFABÉTICO AZ E 31 DIVISÓRIAS, LARGURA: 210, MATERIAL: PLÁSTICO, TIPO: SANFONADA;CX;150,0000;56,8000;8520,0000;0,0000;30/10/2026
ERN-HOSPITAL REG.TARCÍSIO DE VASCONCELOS MAIA;927052;66;Material;927052-11/2026;Aquisição de Bens de Consumo;Catálogo do Compras.gov.br;Material;7510;ARTIGOS PARA ESCRITÓRIO;16;LÁPIS DE COR;609202;CARACTERÍSTICAS ADICIONAIS: 24 CORES, COR: DIVERSAS, MATERIAL: MADEIRA;CX;30,0000;28,3500;850,5000;0,0000;30/10/2026
ERN-HOSPITAL REG.TARCÍSIO DE VASCONCELOS MAIA;927052;67;Material;927052-11/2026;Aquisição de Bens de Consumo;Catálogo do Compras.gov.br;Material;7510;ARTIGOS PARA ESCRITÓRIO;99;CANETA ESFEROGRÁFICA;432229;CARACTERÍSTICAS ADICIONAIS: 1,0MM,TINTA ÓLEO,GRIP EMBORRACHADO, RETRÁTIL, COR TINTA: VERMELHA, MATERIAL: PLÁSTICO RECICLADO, MATERIAL PONTA: AÇO INOXIDÁVEL COM ESFERA DE TUNGSTÊNIO, QUANTIDADE CARGAS: 1, TIPO ESCRITA: MÉDIA;CX;100,0000;43,4000;4340,0000;0,0000;30/10/2026
ERN-HOSPITAL REG.TARCÍSIO DE VASCONCELOS MAIA;927052;68;Material;927052-11/2026;Aquisição de Bens de Consumo;Catálogo do Compras.gov.br;Material;7510;ARTIGOS PARA ESCRITÓRIO;10736;PINCEL QUADRO BRANCO / MAGNÉTICO;447945;CARACTERÍSTICAS ADICIONAIS: PONTA DE 2,5MM DE DIÂMETRO/TAMPA ANTI-ASFIXIANTE, COR: VERMELHA, MATERIAL: PLÁSTICO, MATERIAL PONTA: FELTRO, TIPO CARGA: DESCARTÁVEL;CX;80,0000;29,9000;2392,0000;0,0000;30/10/2026
ERN-HOSPITAL REG.TARCÍSIO DE VASCONCELOS MAIA;927052;69;Material;927052-11/2026;Aquisição de Bens de Consumo;Catálogo do Compras.gov.br;Material;7510;ARTIGOS PARA ESCRITÓRIO;18071;FITA ADESIVA;483743;COMPRIMENTO: 30, COR: BRANCA, LARGURA: 48, MATERIAL: PAPEL, TIPO: DUPLA FACE;CX;150,0000;25,9500;3892,5000;0,0000;30/10/2026
ERN-HOSPITAL REG.TARCÍSIO DE VASCONCELOS MAIA;927052;70;Material;927052-11/2026;Aquisição de Bens de Consumo;Catálogo do Compras.gov.br;Material;7510;ARTIGOS PARA ESCRITÓRIO;10736;PINCEL QUADRO BRANCO / MAGNÉTICO;447944;CARACTERÍSTICAS ADICIONAIS: PONTA DE 2,5MM DE DIÂMETRO/TAMPA ANTI-ASFIXIANTE, COR: PRETA, MATERIAL: PLÁSTICO, MATERIAL PONTA: FELTRO, TIPO CARGA: DESCARTÁVEL;CX;80,0000;29,9000;2392,0000;0,0000;30/10/2026
ERN-HOSPITAL REG.TARCÍSIO DE VASCONCELOS MAIA;927052;71;Material;927052-11/2026;Aquisição de Bens de Consumo;Catálogo do Compras.gov.br;Material;7510;ARTIGOS PARA ESCRITÓRIO;11;CLIPE;483431;APLICAÇÃO: MATERIAL DE EXPEDIENTE, FORMATO: PARALELO, MATERIAL: ARAME DE AÇO, TAMANHO: 3/0, TRATAMENTO SUPERFICIAL: GALVANIZADO;CX;600,0000;13,8000;8280,0000;0,0000;30/10/2026
ERN-HOSPITAL REG.TARCÍSIO DE VASCONCELOS MAIA;927052;72;Material;927052-11/2026;Aquisição de Bens de Consumo;Catálogo do Compras.gov.br;Material;7510;ARTIGOS PARA ESCRITÓRIO;19705;ENVELOPE;483838;ACABAMENTO: FACE DE CORTE, DOBRA, VINCO E COLA, CARACTERÍSTICAS ADICIONAIS: IMPRESSÃO PERSONALIZADA, COR: BRANCO, GRAMATURA: 150, MATERIAL: SULFITE, MODELO: SACO COMUM, TAMANHO (C X L): 229 X 324;C;1000,0000;82,9600;82960,0000;0,0000;30/10/2026
ERN-HOSPITAL REG.TARCÍSIO DE VASCONCELOS MAIA;927052;73;Material;927052-11/2026;Aquisição de Bens de Consumo;Catálogo do Compras.gov.br;Material;7510;ARTIGOS PARA ESCRITÓRIO;28;GRAMPO GRAMPEADOR;609330;MATERIAL: METAL, TAMANHO: 106/8, TRATAMENTO SUPERFICIAL: GALVANIZADO, USO: GRAMPEADOR;CX;50,0000;68,2600;3413,0000;0,0000;30/10/2026
ERN-HOSPITAL REG.TARCÍSIO DE VASCONCELOS MAIA;927052;74;Material;927052-11/2026;Aquisição de Bens de Consumo;Catálogo do Compras.gov.br;Material;7510;ARTIGOS PARA ESCRITÓRIO;28;GRAMPO GRAMPEADOR;332121;MATERIAL: METAL, TAMANHO: 23/13, TRATAMENTO SUPERFICIAL: GALVANIZADO;CX;50,0000;36,9700;1848,5000;0,0000;30/10/2026
ERN-HOSPITAL REG.TARCÍSIO DE VASCONCELOS MAIA;927052;75;Material;927052-11/2026;Aquisição de Bens de Consumo;Catálogo do Compras.gov.br;Material;7510;ARTIGOS PARA ESCRITÓRIO;18258;TINTA PARA CARIMBO;416510;ASPECTO FÍSICO: LÍQUIDO, COMPONENTES: BASE D'ÁGUA, COR: AZUL;CX;80,0000;22,3000;1784,0000;0,0000;30/10/2026
ERN-HOSPITAL REG.TARCÍSIO DE VASCONCELOS MAIA;927052;76;Material;927052-11/2026;Aquisição de Bens de Consumo;Catálogo do Compras.gov.br;Material;7510;ARTIGOS PARA ESCRITÓRIO;18071;FITA ADESIVA;474047;APLICAÇÃO: MULTIUSO, COMPRIMENTO: 30, COR: VERMELHA, LARGURA: 19, MATERIAL: POLIPROPILENO COM ADESIVO ACRÍLICO;DZ;200,0000;35,7500;7150,0000;0,0000;30/10/2026
ERN-HOSPITAL REG.TARCÍSIO DE VASCONCELOS MAIA;927052;77;Material;927052-11/2026;Aquisição de Bens de Consumo;Catálogo do Compras.gov.br;Material;7510;ARTIGOS PARA ESCRITÓRIO;4416;CANETA PERMANENTE;448774;CARACTERÍSTICAS ADICIONAIS: TINTA PERMANENTE E RESISTENTE A AUTOCLAVE,ÁGUA,ÁL-, COR TINTA: VERMELHA, MATERIAL CORPO: PLÁSTICO, MATERIAL PONTA: PLÁSTICO, TIPO ESCRITA: EXTRAFINA;UN;1200,0000;19,8000;23760,0000;0,0000;30/10/2026
ERN-HOSPITAL REG.TARCÍSIO DE VASCONCELOS MAIA;927052;78;Material;927052-11/2026;Aquisição de Bens de Consumo;Catálogo do Compras.gov.br;Material;7510;ARTIGOS PARA ESCRITÓRIO;18071;FITA ADESIVA;438783;APLICAÇÃO: MULTIUSO, COMPRIMENTO: 50, COR: BRANCA, LARGURA: 32, MATERIAL: CREPE, TIPO: MONOFACE;DZ;400,0000;22,3900;8956,0000;0,0000;30/10/2026
ERN-HOSPITAL REG.TARCÍSIO DE VASCONCELOS MAIA;927052;79;Material;927052-11/2026;Aquisição de Bens de Consumo;Catálogo do Compras.gov.br;Material;7510;ARTIGOS PARA ESCRITÓRIO;32;CINTA ELÁSTICA;471416;APLICAÇÃO: ORGANIZAÇÃO MATERIAL EXPEDIENTE, COR: BEGE, MATERIAL: BORRACHA, TAMANHO: 18;CX;600,0000;28,8900;17334,0000;0,0000;30/10/2026
ERN-HOSPITAL REG.TARCÍSIO DE VASCONCELOS MAIA;927052;81;Material;927052-11/2026;Aquisição de Bens de Consumo;Catálogo do Compras.gov.br;Material;7510;ARTIGOS PARA ESCRITÓRIO;26;PAPEL CARBONO;389545;APLICAÇÃO: ESCRITA MANUAL, COMPRIMENTO: 210, COR: PRETA, LARGURA: 148, MATERIAL: PAPEL, TIPO: MONOFACE;CX;80,0000;40,5000;3240,0000;0,0000;30/10/2026
ERN-HOSPITAL REG.TARCÍSIO DE VASCONCELOS MAIA;927052;82;Material;927052-11/2026;Aquisição de Bens de Consumo;Catálogo do Compras.gov.br;Material;7510;ARTIGOS PARA ESCRITÓRIO;99;CANETA ESFEROGRÁFICA;615588;CARACTERÍSTICAS ADICIONAIS: CORPO SEXTAVADO COM RESPIRO, TAMPA REMOVÍVEL VENTI, COR TINTA: AZUL, MATERIAL: TERMOPLÁSTICO, MATERIAL PONTA: LATÃO COM ESFERA DE TUNGSTÊNIO, QUANTIDADE CARGAS: 1, TIPO ESCRITA: FINA;CX;100,0000;43,4000;4340,0000;0,0000;30/10/2026
ERN-HOSPITAL REG.TARCÍSIO DE VASCONCELOS MAIA;927052;83;Material;927052-11/2026;Aquisição de Bens de Consumo;Catálogo do Compras.gov.br;Material;7510;ARTIGOS PARA ESCRITÓRIO;18075;CANETA MARCA-TEXTO;486374;CARACTERÍSTICAS ADICIONAIS: TRAÇO 4 MM, COR: AMARELA, MATERIAL: PLÁSTICO, TIPO PONTA: CHANFRADA;CX;250,0000;13,2000;3300,0000;0,0000;30/10/2026
ERN-HOSPITAL REG.TARCÍSIO DE VASCONCELOS MAIA;927052;84;Material;927052-11/2026;Aquisição de Bens de Consumo;Catálogo do Compras.gov.br;Material;7510;ARTIGOS PARA ESCRITÓRIO;4416;CANETA PERMANENTE;352904;CARACTERÍSTICAS ADICIONAIS: TINTA PERMANENTE E RESISTENTE A AUTOCLAVE,ÁGUA,ÁL-, COR TINTA: PRETA, MATERIAL CORPO: PLÁSTICO, MATERIAL PONTA: PLÁSTICO, TIPO ESCRITA: EXTRAFINA;UN;1200,0000;19,8000;23760,0000;0,0000;30/10/2026
ERN-HOSPITAL REG.TARCÍSIO DE VASCONCELOS MAIA;927052;85;Material;927052-11/2026;Aquisição de Bens de Consumo;Catálogo do Compras.gov.br;Material;7510;ARTIGOS PARA ESCRITÓRIO;11;CLIPE;483432;APLICAÇÃO: MATERIAL DE EXPEDIENTE, FORMATO: PARALELO, MATERIAL: ARAME DE AÇO, TAMANHO: 6/0, TRATAMENTO SUPERFICIAL: GALVANIZADO;CX;600,0000;44,1300;26478,0000;0,0000;30/10/2026
ERN-HOSPITAL REG.TARCÍSIO DE VASCONCELOS MAIA;927052;86;Material;927052-11/2026;Aquisição de Bens de Consumo;Catálogo do Compras.gov.br;Material;7510;ARTIGOS PARA ESCRITÓRIO;26;PAPEL CARBONO;467193;APLICAÇÃO: ESCRITA MANUAL, COMPRIMENTO: 356, COR: AZUL, LARGURA: 216, MATERIAL: PELÍCULA POLIÉSTER, TIPO: MONOFACE;PCT;250,0000;25,3600;6340,0000;0,0000;30/10/2026
ERN-HOSPITAL REG.TARCÍSIO DE VASCONCELOS MAIA;927052;87;Material;927052-11/2026;Aquisição de Bens de Consumo;Catálogo do Compras.gov.br;Material;7510;ARTIGOS PARA ESCRITÓRIO;20;PASTA ARQUIVO;625931;ALTURA: 335, APLICAÇÃO: ARMAZENAR DOCUMENTOS E IMPRESSOS, CARACTERÍSTICAS ADICIONAIS: ABA E ELÁSTICO, COR: VARIADA, LARGURA: 245, LOMBADA: 55, MATERIAL: PLÁSTICO CORRUGADO;CX;200,0000;29,3000;5860,0000;0,0000;30/10/2026
ERN-HOSPITAL REG.TARCÍSIO DE VASCONCELOS MAIA;927052;88;Material;927052-11/2026;Aquisição de Bens de Consumo;Catálogo do Compras.gov.br;Material;7510;ARTIGOS PARA ESCRITÓRIO;11;CLIPE;458597;FORMATO: PARALELO, MATERIAL: ARAME DE AÇO, TAMANHO: 8/0, TRATAMENTO SUPERFICIAL: GALVANIZADO;CX;500,0000;57,0000;28500,0000;0,0000;30/10/2026
ERN-HOSPITAL REG.TARCÍSIO DE VASCONCELOS MAIA;927052;89;Material;927052-11/2026;Aquisição de Bens de Consumo;Catálogo do Compras.gov.br;Material;7510;ARTIGOS PARA ESCRITÓRIO;24;RÉGUA ESCRITÓRIO;607725;CARACTERÍSTICAS ADICIONAIS: P/ PORTADOR DE DEFICIÊNCIA VISUAL, BRAILLE, COMPRIMENTO: 30, COR: INCOLOR, GRADUAÇÃO: CENTÍMETRO, MATERIAL: PLÁSTICO;UN;150,0000;5,2000;780,0000;0,0000;30/10/2026
ERN-HOSPITAL REG.TARCÍSIO DE VASCONCELOS MAIA;927052;90;Material;927052-11/2026;Aquisição de Bens de Consumo;Catálogo do Compras.gov.br;Material;7510;ARTIGOS PARA ESCRITÓRIO;18071;FITA ADESIVA;449828;APLICAÇÃO: MULTIUSO, COMPRIMENTO: 50, COR: CINZA, LARGURA: 48, MATERIAL: POLIETILENO E TECIDO LAMINADO DE ALGODÃO, TIPO: SILVER TAPE;DZ;100,0000;119,3200;11932,0000;0,0000;30/10/2026
ERN-HOSPITAL REG.TARCÍSIO DE VASCONCELOS MAIA;927052;91;Material;927052-11/2026;Aquisição de Bens de Consumo;Catálogo do Compras.gov.br;Material;7510;ARTIGOS PARA ESCRITÓRIO;18071;FITA ADESIVA;626170;APLICAÇÃO: ESTERILIZAÇÃO, CARACTERÍSTICAS ADICIONAIS: COM CAMADA IMPERMEABILIZANTE DE RESINA ACRÍLICA, COMPRIMENTO: 30, LARGURA: 19, MATERIAL: PAPEL CREPADO, TIPO: FITA ADESIVA AUTOCLAVE;UN;1500,0000;4,4500;6675,0000;0,0000;30/10/2026
ERN-HOSPITAL REG.TARCÍSIO DE VASCONCELOS MAIA;927052;92;Material;927052-11/2026;Aquisição de Bens de Consumo;Catálogo do Compras.gov.br;Material;7510;ARTIGOS PARA ESCRITÓRIO;18071;FITA ADESIVA;461963;COMPRIMENTO: 50, LARGURA: 18, MATERIAL: CREPE, TIPO: MONOFACE;UN;600,0000;3,7600;2256,0000;0,0000;30/10/2026
ERN-HOSPITAL REG.TARCÍSIO DE VASCONCELOS MAIA;927052;93;Material;927052-11/2026;Aquisição de Bens de Consumo;Catálogo do Compras.gov.br;Material;7510;ARTIGOS PARA ESCRITÓRIO;18071;FITA ADESIVA;474046;APLICAÇÃO: MULTIUSO, COMPRIMENTO: 30, COR: AZUL, LARGURA: 19, MATERIAL: POLIPROPILENO COM ADESIVO ACRÍLICO;DZ;200,0000;38,7500;7750,0000;0,0000;30/10/2026
ERN-HOSPITAL REG.TARCÍSIO DE VASCONCELOS MAIA;927052;94;Material;927052-11/2026;Aquisição de Bens de Consumo;Catálogo do Compras.gov.br;Material;7510;ARTIGOS PARA ESCRITÓRIO;26;PAPEL CARBONO;389545;APLICAÇÃO: ESCRITA MANUAL, COMPRIMENTO: 210, COR: PRETA, LARGURA: 148, MATERIAL: PAPEL, TIPO: MONOFACE;PCT;250,0000;26,3600;6590,0000;0,0000;30/10/2026
ERN-HOSPITAL REG.TARCÍSIO DE VASCONCELOS MAIA;927052;95;Material;927052-11/2026;Aquisição de Bens de Consumo;Catálogo do Compras.gov.br;Material;7510;ARTIGOS PARA ESCRITÓRIO;148;GRAMPO PASTA;371956;APRESENTAÇÃO: TRILHO, CARACTERÍSTICAS ADICIONAIS: CAPACIDADE 200 FOLHAS, COMPRIMENTO: 80, COR: BRANCA, MATERIAL: PLÁSTICO POLIPROPILENO;CX;500,0000;25,8000;12900,0000;0,0000;30/10/2026
ERN-HOSPITAL REG.TARCÍSIO DE VASCONCELOS MAIA;927052;96;Material;927052-11/2026;Aquisição de Bens de Consumo;Catálogo do Compras.gov.br;Material;7510;ARTIGOS PARA ESCRITÓRIO;18071;FITA ADESIVA;626117;COMPRIMENTO: 50, COR: TRANSPARENTE, LARGURA: 48, MATERIAL: POLIPROPILENO;UN;600,0000;15,0000;9000,0000;0,0000;30/10/2026
ERN-HOSPITAL REG.TARCÍSIO DE VASCONCELOS MAIA;927052;97;Material;927052-11/2026;Aquisição de Bens de Consumo;Catálogo do Compras.gov.br;Material;7510;ARTIGOS PARA ESCRITÓRIO;75;PAPEL CARTOLINA;624250;CARACTERÍSTICAS ADICIONAIS: PACOTE C/ 100 FOLHAS, COMPRIMENTO: 50, COR: VÁRIAS CORES, GRAMATURA: 140, LARGURA: 60, MATERIAL: CELULOSE VEGETAL;PCT;800,0000;42,2500;33800,0000;0,0000;30/10/2026
ERN-HOSPITAL REG.TARCÍSIO DE VASCONCELOS MAIA;927052;98;Material;927052-11/2026;Aquisição de Bens de Consumo;Catálogo do Compras.gov.br;Material;7510;ARTIGOS PARA ESCRITÓRIO;14281;MARCADOR PÁGINA;439013;CARACTERÍSTICAS ADICIONAIS: FOLHAS C/TARJA ADESIVA / REMOVÍVEL / REUTILIZÁVEL, COMPRIMENTO: 45, COR: DIVERSAS, LARGURA: 25, MATERIAL: PAPEL CARTÃO;BL;200,0000;18,5600;3712,0000;0,0000;30/10/2026
ERN-HOSPITAL REG.TARCÍSIO DE VASCONCELOS MAIA;927052;99;Material;927052-11/2026;Aquisição de Bens de Consumo;Catálogo do Compras.gov.br;Material;7510;ARTIGOS PARA ESCRITÓRIO;74;PAPEL AUTO-ADESIVO;622715;CARACTERÍSTICAS ADICIONAIS: TIPO/CONTACT, COMPRIMENTO: 25, COR: TRANSPARENTE, LARGURA: 40, MATERIAL: PLÁSTICO;RO;180,0000;56,5000;10170,0000;0,0000;30/10/2026
ERN-HOSPITAL REG.TARCÍSIO DE VASCONCELOS MAIA;927052;100;Material;927052-11/2026;Aquisição de Bens de Consumo;Catálogo do Compras.gov.br;Material;7510;ARTIGOS PARA ESCRITÓRIO;18258;TINTA PARA CARIMBO;411718;ASPECTO FÍSICO: LÍQUIDO, COMPONENTES: BASE D'ÁGUA, CORANTE, SOLVENTES E ADITIVOS, COR: PRETA;CX;80,0000;22,3000;1784,0000;0,0000;30/10/2026
ERN-HOSPITAL REG.TARCÍSIO DE VASCONCELOS MAIA;927052;101;Material;927052-11/2026;Aquisição de Bens de Consumo;Catálogo do Compras.gov.br;Material;7510;ARTIGOS PARA ESCRITÓRIO;12;LÁPIS PRETO;428204;DUREZA CARGA: B, FORMATO CORPO: SEXTAVADO, MATERIAL CARGA: GRAFITE PRETO Nº2, MATERIAL CORPO: MADEIRA DE MANEJO SUSTENTÁVEL;CX;30,0000;35,6500;1069,5000;0,0000;30/10/2026
ERN-HOSPITAL REG.TARCÍSIO DE VASCONCELOS MAIA;927052;102;Material;927052-11/2026;Aquisição de Bens de Consumo;Catálogo do Compras.gov.br;Material;7510;ARTIGOS PARA ESCRITÓRIO;15014;CORRETIVO FITA;624178;APLICAÇÃO: APAGAR CANETA ESFEROGRÁFICA, CARACTERÍSTICAS ADICIONAIS: NÃO TÓXICO E CERTIFICADO PELO INMETRO, COMPRIMENTO: 6, LARGURA: 5, MATERIAL: POLIETILENO;CX;300,0000;119,8900;35967,0000;0,0000;30/10/2026
ERN-HOSPITAL REG.TARCÍSIO DE VASCONCELOS MAIA;927052;103;Material;927052-11/2026;Aquisição de Bens de Consumo;Catálogo do Compras.gov.br;Material;7510;ARTIGOS PARA ESCRITÓRIO;20;PASTA ARQUIVO;486144;ALTURA: 360, CARACTERÍSTICAS ADICIONAIS: COM MOLA E VISOR, COR: PALHA, GRAMATURA: 300, LARGURA: 240, MATERIAL: PAPEL KRAFT, TIPO: SUSPENSA;CX;100,0000;28,6000;2860,0000;0,0000;30/10/2026
ERN-HOSPITAL REG.TARCÍSIO DE VASCONCELOS MAIA;927052;104;Material;927052-11/2026;Aquisição de Bens de Consumo;Catálogo do Compras.gov.br;Material;7510;ARTIGOS PARA ESCRITÓRIO;20;PASTA ARQUIVO;625646;ALTURA: 340, APLICAÇÃO: ARMAZENAR DOCUMENTOS E IMPRESSOS, CARACTERÍSTICAS ADICIONAIS: BOLSA PLÁSTICA TRANSPARENTE NA LOMBADA C/ETIQUETA, LARGURA: 280, LOMBADA: 60, MATERIAL: PAPELÃO PRENSADO C/ REVESTIMENTO POLIPROPILENO, TIPO: A Z;CX;200,0000;45,4000;9080,0000;0,0000;30/10/2026
ERN-HOSPITAL REG.TARCÍSIO DE VASCONCELOS MAIA;927052;105;Material;927052-11/2026;Aquisição de Bens de Consumo;Catálogo do Compras.gov.br;Material;7510;ARTIGOS PARA ESCRITÓRIO;19708;CAIXA ARQUIVO;622149;CARACTERÍSTICAS ADICIONAIS: ESPESSURA 2,6 MM, COR: VARIADA, DIMENSÃO (C X L X A): 360 X 135 X 248, IMPRESSÃO: CONFORME MODELO, MATERIAL: PLASTICO POLIONDA;UN;600,0000;78,8600;47316,0000;0,0000;30/10/2026
ERN-HOSPITAL REG.TARCÍSIO DE VASCONCELOS MAIA;927052;106;Material;927052-11/2026;Aquisição de Bens de Consumo;Catálogo do Compras.gov.br;Material;7510;ARTIGOS PARA ESCRITÓRIO;18071;FITA ADESIVA;601347;APLICAÇÃO: MULTIUSO, COMPRIMENTO: 50, COR: PRETA, LARGURA: 48, MATERIAL: CREPE, TIPO: MONOFACE;DZ;400,0000;4036,0000;1614400,0000;0,0000;30/10/2026
ERN-HOSPITAL REG.TARCÍSIO DE VASCONCELOS MAIA;927052;107;Material;927052-11/2026;Aquisição de Bens de Consumo;Catálogo do Compras.gov.br;Material;7510;ARTIGOS PARA ESCRITÓRIO;4416;CANETA PERMANENTE;352903;CARACTERÍSTICAS ADICIONAIS: TINTA PERMANENTE E RESISTENTE A AUTOCLAVE,ÁGUA,ÁL-, COR TINTA: AZUL, MATERIAL CORPO: PLÁSTICO, MATERIAL PONTA: PLÁSTICO, TIPO ESCRITA: EXTRAFINA;UN;1200,0000;19,8000;23760,0000;0,0000;30/10/2026
ERN-HOSPITAL REG.TARCÍSIO DE VASCONCELOS MAIA;927052;108;Material;927052-11/2026;Aquisição de Bens de Consumo;Catálogo do Compras.gov.br;Material;7510;ARTIGOS PARA ESCRITÓRIO;18071;FITA ADESIVA;289017;APLICAÇÃO: MULTIUSO, COMPRIMENTO: 40, COR: INCOLOR, LARGURA: 12, MATERIAL: POLIPROPILENO TRANSPARENTE, TIPO: MONOFACE;DZ;400,0000;16,8000;6720,0000;0,0000;30/10/2026
ERN-HOSPITAL REG.TARCÍSIO DE VASCONCELOS MAIA;927052;109;Material;927052-11/2026;Aquisição de Bens de Consumo;Catálogo do Compras.gov.br;Material;7510;ARTIGOS PARA ESCRITÓRIO;99;CANETA ESFEROGRÁFICA;620742;CARACTERÍSTICAS ADICIONAIS: COM CLIPE, ACIONAMENTO POR ROTAÇÃO, MATERIAL: METAL, MATERIAL PONTA: ESFERA EM AÇO;UN;300,0000;64,7600;19428,0000;0,0000;30/10/2026
ERN-HOSPITAL REG.TARCÍSIO DE VASCONCELOS MAIA;927052;110;Material;927052-11/2026;Aquisição de Bens de Consumo;Catálogo do Compras.gov.br;Material;7510;ARTIGOS PARA ESCRITÓRIO;18071;FITA ADESIVA;621186;COMPRIMENTO: 50, COR: TRANSPARENTE, LARGURA: 19, MATERIAL: CELOFANE, TIPO: AUTO-ADESIVA;UN;600,0000;19,8000;11880,0000;0,0000;30/10/2026
ERN-HOSPITAL REG.TARCÍSIO DE VASCONCELOS MAIA;927052;111;Material;927052-11/2026;Aquisição de Bens de Consumo;Catálogo do Compras.gov.br;Material;7510;ARTIGOS PARA ESCRITÓRIO;20;PASTA ARQUIVO;288652;ALTURA: 330, CARACTERÍSTICAS ADICIONAIS: 0,30 MM DE ESPESSURA, COR: INCOLOR, LARGURA: 216, MATERIAL: PLÁSTICO TRANSPARENTE, TIPO: PORTA FOLHA "L";CX;500,0000;38,9000;19450,0000;0,0000;30/10/2026
ERN-HOSPITAL REG.TARCÍSIO DE VASCONCELOS MAIA;927052;112;Material;927052-11/2026;Aquisição de Bens de Consumo;Catálogo do Compras.gov.br;Material;7510;ARTIGOS PARA ESCRITÓRIO;10736;PINCEL QUADRO BRANCO / MAGNÉTICO;447943;CARACTERÍSTICAS ADICIONAIS: PONTA DE 2,5MM DE DIÂMETRO/TAMPA ANTI-ASFIXIANTE, COR: AZUL, MATERIAL: PLÁSTICO, MATERIAL PONTA: FELTRO, TIPO CARGA: DESCARTÁVEL;CX;80,0000;29,9000;2392,0000;0,0000;30/10/2026
ERN-HOSPITAL REG.TARCÍSIO DE VASCONCELOS MAIA;927052;113;Material;927052-11/2026;Aquisição de Bens de Consumo;Catálogo do Compras.gov.br;Material;7510;ARTIGOS PARA ESCRITÓRIO;14281;MARCADOR PÁGINA;231171;APLICAÇÃO: CODIFICAÇÃO / MARCAÇÃO FOLHAS PROCESSO, CARACTERÍSTICAS ADICIONAIS: FOLHAS C/TARJA ADESIVA / REMOVÍVEL / REUTILIZÁVEL, COMPRIMENTO: 05, COR: VERMELHA, LARGURA: 01, MATERIAL: PAPEL SULFITE;BL;200,0000;15,2000;3040,0000;0,0000;30/10/2026
ERN-HOSPITAL REG.TARCÍSIO DE VASCONCELOS MAIA;927052;114;Material;927052-11/2026;Aquisição de Bens de Consumo;Catálogo do Compras.gov.br;Material;7510;ARTIGOS PARA ESCRITÓRIO;20;PASTA ARQUIVO;312698;ALTURA: 335, CARACTERÍSTICAS ADICIONAIS: COM ELÁSTICO, COR: INCOLOR, LARGURA: 245, LOMBADA: 20, MATERIAL: POLIPROPILENO, TIPO: SIMPLES;CX;300,0000;36,3000;10890,0000;0,0000;30/10/2026
ERN-HOSPITAL REG.TARCÍSIO DE VASCONCELOS MAIA;927052;115;Material;927052-11/2026;Aquisição de Bens de Consumo;Catálogo do Compras.gov.br;Material;7510;ARTIGOS PARA ESCRITÓRIO;20;PASTA ARQUIVO;622232;ALTURA: 300, CAPACIDADE: 100 SACOS PLÁSTICOS, COR: PRETA, LARGURA: 255, MATERIAL: PAPELÃO REVESTIDO DE PVC, TIPO: CATÁLOGO, TAMANHO: A4;CX;200,0000;56,3000;11260,0000;0,0000;30/10/2026
ERN-HOSPITAL REG.TARCÍSIO DE VASCONCELOS MAIA;927052;116;Material;927052-11/2026;Aquisição de Bens de Consumo;Catálogo do Compras.gov.br;Material;7510;ARTIGOS PARA ESCRITÓRIO;18258;TINTA PARA CARIMBO;410329;APLICAÇÃO: AUTOMÁTICO, ASPECTO FÍSICO: LÍQUIDO, COMPONENTES: BASE D'ÁGUA, COR: VERMELHA;CX;50,0000;22,3000;1115,0000;0,0000;30/10/2026
ERN-HOSPITAL REG.TARCÍSIO DE VASCONCELOS MAIA;927052;117;Material;927052-11/2026;Aquisição de Bens de Consumo;Catálogo do Compras.gov.br;Material;7510;ARTIGOS PARA ESCRITÓRIO;18071;FITA ADESIVA;429667;APLICAÇÃO: MULTIUSO, COMPRIMENTO: 30, COR: AMARELA, LARGURA: 12, MATERIAL: POLIPROPILENO, TIPO: MONOFACE;DZ;200,0000;35,4500;7090,0000;0,0000;30/10/2026
ERN-HOSPITAL REG.TARCÍSIO DE VASCONCELOS MAIA;927052;118;Material;927052-11/2026;Aquisição de Bens de Consumo;Catálogo do Compras.gov.br;Material;7510;ARTIGOS PARA ESCRITÓRIO;18071;FITA ADESIVA;289936;APLICAÇÃO: ROTULADOR ELETRÔNICO MARCA BROTHER, FITA TZ 421,, COMPRIMENTO: 8, COR: PRETA E VERMELHA, LARGURA: 9, MATERIAL: PLÁSTICO, TIPO: ROTULADORA;DZ;200,0000;35,9000;7180,0000;0,0000;30/10/2026
ERN-HOSPITAL REG.TARCÍSIO DE VASCONCELOS MAIA;927052;119;Material;927052-11/2026;Aquisição de Bens de Consumo;Catálogo do Compras.gov.br;Material;7510;ARTIGOS PARA ESCRITÓRIO;16;LÁPIS DE COR;609202;CARACTERÍSTICAS ADICIONAIS: 24 CORES, COR: DIVERSAS, MATERIAL: MADEIRA;CX;30,0000;24,8500;745,5000;0,0000;30/10/2026
ERN-HOSPITAL REG.TARCÍSIO DE VASCONCELOS MAIA;927052;120;Material;927052-11/2026;Aquisição de Bens de Consumo;Catálogo do Compras.gov.br;Material;7510;ARTIGOS PARA ESCRITÓRIO;28;GRAMPO GRAMPEADOR;425226;MATERIAL: METAL, TAMANHO: 26/6, TRATAMENTO SUPERFICIAL: GALVANIZADO/COBREADO, USO: GRAMPEADOR DE MESA;CX;300,0000;32,9600;9888,0000;0,0000;30/10/2026
ERN-HOSPITAL REG.TARCÍSIO DE VASCONCELOS MAIA;927052;121;Material;927052-11/2026;Aquisição de Bens de Consumo;Catálogo do Compras.gov.br;Material;7510;ARTIGOS PARA ESCRITÓRIO;99;CANETA ESFEROGRÁFICA;432816;CARACTERÍSTICAS ADICIONAIS: CORPO SEXTAVADO E TAMPA VENTIDADA, COR TINTA: PRETA, MATERIAL: ACRÍLICO TRANSPARENTE, MATERIAL PONTA: ESFERA DE TUNGSTÊNIO, QUANTIDADE CARGAS: 1, TIPO ESCRITA: FINA;CX;100,0000;39,9900;3999,0000;0,0000;30/10/2026
ERN-HOSPITAL REG.TARCÍSIO DE VASCONCELOS MAIA;927052;122;Material;927052-11/2026;Aquisição de Bens de Consumo;Catálogo do Compras.gov.br;Material;7510;ARTIGOS PARA ESCRITÓRIO;246;CARGA LÁPIS BORRACHA;204589;COR: BICOLOR, MATERIAL: BORRACHA, TIPO: RÍGIDO;CX;300,0000;28,9000;8670,0000;0,0000;30/10/2026
ERN-HOSPITAL REG.TARCÍSIO DE VASCONCELOS MAIA;927052;123;Material;927052-11/2026;Aquisição de Bens de Consumo;Catálogo do Compras.gov.br;Material;8135;MATERIAIS A GRANEL PARA ACONDICIONAMENTO E EMBALAGEM;13731;MARMITA DESCARTÁVEL;458051;CAPACIDADE: 1.200, CARACTERÍSTICAS ADICIONAIS: COM TAMPA E 3 DIVISÕES, MATERIAL: ISOPOR;CX;2520,0000;165,3800;416757,6000;0,0000;30/10/2026
ERN-HOSPITAL REG.TARCÍSIO DE VASCONCELOS MAIA;927052;124;Material;927052-11/2026;Aquisição de Bens de Consumo;Catálogo do Compras.gov.br;Material;8305;TECIDOS;17262;TECIDO;471834;CARACTERÍSTICAS ADICIONAIS: JEANS CAMISARIA 4,6OZ, COR: AZUL ÍNDIGO, LARGURA: 1,60, MATERIAL: 100% ALGODÃO, TIPO: SARJA;M;100,0000;31,9000;3190,0000;0,0000;30/10/2026
ERN-HOSPITAL REG.TARCÍSIO DE VASCONCELOS MAIA;927052;125;Material;927052-11/2026;Aquisição de Bens de Consumo;Catálogo do Compras.gov.br;Material;8010;TINTAS, VERNIZES E PRODUTOS CORRELATOS;1598;TINTA / PASTA SERIGRÁFICA;411689;APLICAÇÃO: TECIDO, ASPECTO FÍSICO: LÍQUIDO, COMPONENTES: BASE DE ÁGUA, FORMULADA COM RESINAS TERMOPLÁSTICAS, COR: VERMELHO VIVO;EMB;1,0000;35,0000;35,0000;0,0000;30/10/2026
ERN-HOSPITAL REG.TARCÍSIO DE VASCONCELOS MAIA;927052;126;Material;927052-11/2026;Aquisição de Bens de Consumo;Catálogo do Compras.gov.br;Material;8105;SACOS E BOLSAS;11902;SACO;304141;ALTURA: 50, APLICAÇÃO: ACONDICIONAMENTO DE ALIMENTOS, CAPACIDADE: 5, CARACTERÍSTICAS ADICIONAIS: BOBINA PICOTADA, ESPESSURA: 0,04, LARGURA: 35, MATERIAL: PLÁSTICO;BOB;250,0000;29,9000;7475,0000;0,0000;30/10/2026
ERN-HOSPITAL REG.TARCÍSIO DE VASCONCELOS MAIA;927052;127;Material;927052-11/2026;Aquisição de Bens de Consumo;Catálogo do Compras.gov.br;Material;8105;SACOS E BOLSAS;11903;SACO PLÁSTICO LIXO;364083;APLICAÇÃO: COLETA SELETIVA, CAPACIDADE: 50, COR: PRETA, MATERIAL: POLIETILENO ALTA DENSIDADE;EMB;800,0000;60,9500;48760,0000;0,0000;30/10/2026
ERN-HOSPITAL REG.TARCÍSIO DE VASCONCELOS MAIA;927052;128;Material;927052-11/2026;Aquisição de Bens de Consumo;Catálogo do Compras.gov.br;Material;8305;TECIDOS;17262;TECIDO;267924;APLICAÇÃO: CONFECÇÃO CAPA PARA COLCHÃO, COR: VERDE-OLIVA, LARGURA: 1,60, MATERIAL: 100% ALGODÃO;M;500,0000;26,0000;13000,0000;0,0000;30/10/2026
ERN-HOSPITAL REG.TARCÍSIO DE VASCONCELOS MAIA;927052;129;Material;927052-11/2026;Aquisição de Bens de Consumo;Catálogo do Compras.gov.br;Material;8105;SACOS E BOLSAS;11902;SACO;474252;APLICAÇÃO: LABORATORIAL, CAPACIDADE: 20, CARACTERÍSTICAS ADICIONAIS 1: P/ AUTOCLAVE, RESISTENTE Á TEMPERATURA DE 121°C, MATERIAL: POLIETILENO ALTA DENSIDADE, TRANSMITÂNCIA: FOSCO TRANSPARENTE;UN;1000,0000;3,3000;3300,0000;0,0000;30/10/2026
ERN-HOSPITAL REG.TARCÍSIO DE VASCONCELOS MAIA;927052;130;Material;927052-11/2026;Aquisição de Bens de Consumo;Catálogo do Compras.gov.br;Material;8105;SACOS E BOLSAS;11902;SACO;309529;ALTURA: 35, CARACTERÍSTICAS ADICIONAIS: BOBINA PICOTADA, COR: INCOLOR, ESPESSURA: 0,04, LARGURA: 20, MATERIAL: PLÁSTICO, TRANSMITÂNCIA: TRANSPARENTE;BOB;280,0000;17,9700;5031,6000;0,0000;30/10/2026
ERN-HOSPITAL REG.TARCÍSIO DE VASCONCELOS MAIA;927052;131;Material;927052-11/2026;Aquisição de Bens de Consumo;Catálogo do Compras.gov.br;Material;8105;SACOS E BOLSAS;11903;SACO PLÁSTICO LIXO;626245;APLICAÇÃO: RESÍDUOS COMUNS DIVERSOS, CAPACIDADE: 60, CARACTERÍSTICAS ADICIONAIS: REFORÇADO, COR: PRETA, ESPESSURA: 4 MICRA, MATERIAL: POLIETILENO;EMB;1080,0000;69,9500;75546,0000;0,0000;30/10/2026
ERN-HOSPITAL REG.TARCÍSIO DE VASCONCELOS MAIA;927052;132;Material;927052-11/2026;Aquisição de Bens de Consumo;Catálogo do Compras.gov.br;Material;8010;TINTAS, VERNIZES E PRODUTOS CORRELATOS;1598;TINTA / PASTA SERIGRÁFICA;411676;APLICAÇÃO: TECIDO, ASPECTO FÍSICO: LÍQUIDO, CARACTERÍSTICAS ADICIONAIS: SOLVENTES E PIGMENTOS ORGÃMICOS ATÓXICOS, COMPONENTES: RESINA ALQUÍDICA E POLICLORETO DE VINILICA, COR: BRANCO SUPER;EMB;1,0000;35,0000;35,0000;0,0000;30/10/2026
ERN-HOSPITAL REG.TARCÍSIO DE VASCONCELOS MAIA;927052;133;Material;927052-11/2026;Aquisição de Bens de Consumo;Catálogo do Compras.gov.br;Material;8135;MATERIAIS A GRANEL PARA ACONDICIONAMENTO E EMBALAGEM;14831;LACRE SEGURANÇA;601917;CARACTERÍSTICAS ADICIONAIS: NUMERADO SEQÜENCIALMENTE, COMPRIMENTO: 36, COR: AMARELO, MATERIAL: POLIPROPILENO, TIPO: ESCADA;PCT;200,0000;30,2500;6050,0000;0,0000;30/10/2026
ERN-HOSPITAL REG.TARCÍSIO DE VASCONCELOS MAIA;927052;134;Material;927052-11/2026;Aquisição de Bens de Consumo;Catálogo do Compras.gov.br;Material;8135;MATERIAIS A GRANEL PARA ACONDICIONAMENTO E EMBALAGEM;7556;FITA ADESIVA EMBALAGEM;432360;APLICAÇÃO: EMPACOTAMENTO GERAL E REFORÇO PACOTES, CARACTERÍSTICAS ADICIONAIS: LAMINADA COM FILAMENTOS DE FIBRA DE VIDRO, COMPRIMENTO: 50, LARGURA: 25, MATERIAL: POLIPROPILENO TRANSPARENTE, TIPO: FILAMENTOSA;BOB;400,0000;32,5800;13032,0000;0,0000;30/10/2026
ERN-HOSPITAL REG.TARCÍSIO DE VASCONCELOS MAIA;927052;135;Material;927052-11/2026;Aquisição de Bens de Consumo;Catálogo do Compras.gov.br;Material;8305;TECIDOS;17262;TECIDO;365724;APLICAÇÃO: CONFECÇÃO DE ROUPAS, CARACTERÍSTICAS ADICIONAIS: LOGOTIPO "UFMA-HOSPITAL UNIVERSITÁRIO", 30X30CM, COR: VERDE BANDEIRA, LARGURA: 1,60, MATERIAL: 100% ALGODÃO, TIPO: BRIM;M;100,0000;28,7000;2870,0000;0,0000;30/10/2026
ERN-HOSPITAL REG.TARCÍSIO DE VASCONCELOS MAIA;927052;136;Material;927052-11/2026;Aquisição de Bens de Consumo;Catálogo do Compras.gov.br;Material;8305;TECIDOS;17262;TECIDO;291553;APLICAÇÃO: CONFECÇÃO DE TOALHA, CARACTERÍSTICAS ADICIONAIS: LOGOMARCA EM SERIGRAFIA, COR: BRANCA, LARGURA: 1,40, MATERIAL: ALGODÃO, TIPO: ATOALHADO;M;500,0000;28,0000;14000,0000;0,0000;30/10/2026
ERN-HOSPITAL REG.TARCÍSIO DE VASCONCELOS MAIA;927052;137;Material;927052-11/2026;Aquisição de Bens de Consumo;Catálogo do Compras.gov.br;Material;8010;TINTAS, VERNIZES E PRODUTOS CORRELATOS;1598;TINTA / PASTA SERIGRÁFICA;411627;APLICAÇÃO: TECIDO, ASPECTO FÍSICO: LÍQUIDO, CARACTERÍSTICAS ADICIONAIS: SOLVENTES E PIGMENTOS ORGÃMICOS ATÓXICOS, COMPONENTES: RESINA ALQUÍDICA E POLICLORETO DE VINILICA, COR: AZUL MÉDIO;EMB;1,0000;35,0000;35,0000;0,0000;30/10/2026
ERN-HOSPITAL REG.TARCÍSIO DE VASCONCELOS MAIA;927052;138;Material;927052-11/2026;Aquisição de Bens de Consumo;Catálogo do Compras.gov.br;Material;8105;SACOS E BOLSAS;11903;SACO PLÁSTICO LIXO;375948;CAPACIDADE: 200, CARACTERÍSTICAS ADICIONAIS: COM SIMBOLOGIA DE SUBSTÂNCIA INFECTANTE, COR: BRANCO LEITOSO, MATERIAL: POLIETILENO, NORMAS TÉCNICAS: NBR 7500, NBR 9191;EMB;1800,0000;119,5800;215244,0000;0,0000;30/10/2026
ERN-HOSPITAL REG.TARCÍSIO DE VASCONCELOS MAIA;927052;139;Material;927052-11/2026;Aquisição de Bens de Consumo;Catálogo do Compras.gov.br;Material;8305;TECIDOS;17262;TECIDO;272137;APLICAÇÃO: CONFECÇÃO DE ROUPAS, COR: BRANCO, LARGURA: 1,00, MATERIAL: ALGODÃO, TIPO: MALHA;M;100,0000;29,0000;2900,0000;0,0000;30/10/2026
ERN-HOSPITAL REG.TARCÍSIO DE VASCONCELOS MAIA;927052;140;Material;927052-11/2026;Aquisição de Bens de Consumo;Catálogo do Compras.gov.br;Material;8105;SACOS E BOLSAS;11903;SACO PLÁSTICO LIXO;355857;ALTURA: 102, APLICAÇÃO: COLETA DE RESÍDUOS INFECTANTES SÓLIDOS, CAPACIDADE: 100, COR: BRANCO LEITOSO, ESPESSURA: 0,12 MM, LARGURA: 92, MATERIAL: POLIETILENO, NORMAS TÉCNICAS: NBR 9195, NBR 9191, NBR 7500;EMB;1440,0000;109,9000;158256,0000;0,0000;30/10/2026
ERN-HOSPITAL REG.TARCÍSIO DE VASCONCELOS MAIA;927052;141;Material;927052-11/2026;Aquisição de Bens de Consumo;Catálogo do Compras.gov.br;Material;8145;RECIPIENTES ESPECIALIZADOS PARA TRANSPORTE E ARMAZENAGEM;10891;FILME PLÁSTICO;430565;COMPRIMENTO: 300, LARGURA: 28;UN;1200,0000;23,2300;27876,0000;0,0000;30/10/2026
ERN-HOSPITAL REG.TARCÍSIO DE VASCONCELOS MAIA;927052;142;Material;927052-11/2026;Aquisição de Bens de Consumo;Catálogo do Compras.gov.br;Material;8105;SACOS E BOLSAS;11902;SACO;460056;ALTURA: 50, CAPACIDADE: 10, CARACTERÍSTICAS ADICIONAIS: BOBINA PICOTADA, LARGURA: 40, MATERIAL: PLÁSTICO;BOB;250,0000;47,5500;11887,5000;0,0000;30/10/2026
ERN-HOSPITAL REG.TARCÍSIO DE VASCONCELOS MAIA;927052;143;Material;927052-11/2026;Aquisição de Bens de Consumo;Catálogo do Compras.gov.br;Material;8135;MATERIAIS A GRANEL PARA ACONDICIONAMENTO E EMBALAGEM;14647;ESTRADO MODULAR;451531;ALTURA: 5, CAPACIDADE CARGA: 20, CARACTERÍSTICAS ADICIONAIS: COM ENCAIXE, COMPRIMENTO: 50, LARGURA: 50, MATERIAL: POLIETILENO ALTA DENSIDADE;UN;10,0000;55,9000;559,0000;0,0000;30/10/2026
ERN-HOSPITAL REG.TARCÍSIO DE VASCONCELOS MAIA;927052;144;Material;927052-11/2026;Aquisição de Bens de Consumo;Catálogo do Compras.gov.br;Material;8310;FIOS E LINHAS;3639;BOBINA MÁQUINA DE COSTURA;621059;APLICAÇÃO: MÁQUINA DE COSTURA CASEIRA, MATERIAL: METAL, TIPO: ALTA;UN;25,0000;2,0000;50,0000;0,0000;30/10/2026
ERN-HOSPITAL REG.TARCÍSIO DE VASCONCELOS MAIA;927052;145;Material;927052-11/2026;Aquisição de Bens de Consumo;Catálogo do Compras.gov.br;Material;8305;TECIDOS;17262;TECIDO;616501;APLICAÇÃO: PARA ACABAMENTO EM CAMISETAS, CARACTERÍSTICAS ADICIONAIS: BOBINA COM 50M, COR: AZUL ROYAL, GRAMATURA: 290, LARGURA: 0,70M TUBULAR, MATERIAL: 63% POLIÉSTER, 34% VISCOSE E 3% ELASTANO, TIPO: RIBANA;UN;4,0000;40,0000;160,0000;0,0000;30/10/2026
ERN-HOSPITAL REG.TARCÍSIO DE VASCONCELOS MAIA;927052;146;Material;927052-11/2026;Aquisição de Bens de Consumo;Catálogo do Compras.gov.br;Material;8135;MATERIAIS A GRANEL PARA ACONDICIONAMENTO E EMBALAGEM;1389;PAPEL ALUMÍNIO;258123;APLICAÇÃO: ALIMENTAÇÃO DE PESSOAL, APRESENTAÇÃO: ROLO, COMPRIMENTO: 7,50, LARGURA: 45, MATERIAL: ALUMÍNIO;UN;1400,0000;11,2000;15680,0000;0,0000;30/10/2026
ERN-HOSPITAL REG.TARCÍSIO DE VASCONCELOS MAIA;927052;147;Material;927052-11/2026;Aquisição de Bens de Consumo;Catálogo do Compras.gov.br;Material;8040;ADESIVOS;13894;COLA;280791;APLICAÇÃO: VIDRO, ALUMÍNIO, COMPOSIÇÃO: ACÉTICO E SILICONE, COR: INCOLOR, TIPO: LÍQUIDO;BIS;30,0000;13,0000;390,0000;0,0000;30/10/2026
ERN-HOSPITAL REG.TARCÍSIO DE VASCONCELOS MAIA;927052;148;Material;927052-11/2026;Aquisição de Bens de Consumo;Catálogo do Compras.gov.br;Material;8105;SACOS E BOLSAS;11903;SACO PLÁSTICO LIXO;226095;ALTURA: 100, CAPACIDADE: 200, COR: PRETA, LARGURA: 115, APRESENTAÇÃO: PEÇA ÚNICA;EMB;1800,0000;119,5800;215244,0000;0,0000;30/10/2026
ERN-HOSPITAL REG.TARCÍSIO DE VASCONCELOS MAIA;927052;149;Material;927052-11/2026;Aquisição de Bens de Consumo;Catálogo do Compras.gov.br;Material;8105;SACOS E BOLSAS;11903;SACO PLÁSTICO LIXO;626243;ALTURA: 75, APLICAÇÃO: COLETA DE LIXO, CAPACIDADE: 100, CARACTERÍSTICAS ADICIONAIS: REFORÇADO, ESPESSURA: 0,03, LARGURA: 105, MATERIAL: POLIETILENO;EMB;1440,0000;88,6300;127627,2000;0,0000;30/10/2026
ERN-HOSPITAL REG.TARCÍSIO DE VASCONCELOS MAIA;927052;150;Material;927052-11/2026;Aquisição de Bens de Consumo;Catálogo do Compras.gov.br;Material;8105;SACOS E BOLSAS;11903;SACO PLÁSTICO LIXO;434394;ALTURA: 80, CAPACIDADE: 60, COR: BRANCO LEITOSO, ESPESSURA: 0,05, LARGURA: 63;EMB;1250,0000;59,6000;74500,0000;0,0000;30/10/2026
ERN-HOSPITAL REG.TARCÍSIO DE VASCONCELOS MAIA;927052;151;Material;927052-11/2026;Aquisição de Bens de Consumo;Catálogo do Compras.gov.br;Material;8135;MATERIAIS A GRANEL PARA ACONDICIONAMENTO E EMBALAGEM;7556;FITA ADESIVA EMBALAGEM;453106;COMPRIMENTO: 100, COR: MARROM, LARGURA: 50, MATERIAL: POLIPROPILENO;BOB;400,0000;56,3200;22528,0000;0,0000;30/10/2026
ERN-HOSPITAL REG.TARCÍSIO DE VASCONCELOS MAIA;927052;152;Material;927052-11/2026;Aquisição de Bens de Consumo;Catálogo do Compras.gov.br;Material;8305;TECIDOS;10039;NAPA;276730;APLICAÇÃO: CONFECÇÃO CAPA PARA COLCHÃO, COR: AZUL MARINHO, LARGURA: 1,40, MATERIAL: 100% PVC(FRENTE), 50%POLIÉSTER E 50%ALGODÃO(VERSO);M;150,0000;20,0000;3000,0000;0,0000;30/10/2026
ERN-HOSPITAL REG.TARCÍSIO DE VASCONCELOS MAIA;927052;153;Material;927052-11/2026;Aquisição de Bens de Consumo;Catálogo do Compras.gov.br;Material;8105;SACOS E BOLSAS;11902;SACO;304144;APLICAÇÃO: ACONDICIONAMENTO DE ALIMENTOS, CARACTERÍSTICAS ADICIONAIS: BOBINA PICOTADA, ESPESSURA: 0,04, LARGURA: 50, MATERIAL: PLÁSTICO TRANSPARENTE;PCT;27,0000;14,9000;402,3000;0,0000;30/10/2026
ERN-HOSPITAL REG.TARCÍSIO DE VASCONCELOS MAIA;927052;154;Material;927052-11/2026;Aquisição de Bens de Consumo;Catálogo do Compras.gov.br;Material;8305;TECIDOS;17262;TECIDO;449946;COMPRIMENTO: 100, COR: AZUL MARINHO, LARGURA: 1,40, MATERIAL: COURVIN;RO;10,0000;101,2000;1012,0000;0,0000;30/10/2026
ERN-HOSPITAL REG.TARCÍSIO DE VASCONCELOS MAIA;927052;155;Material;927052-11/2026;Aquisição de Bens de Consumo;Catálogo do Compras.gov.br;Material;8105;SACOS E BOLSAS;11902;SACO;460033;ALTURA: 30, CAPACIDADE: 2, CARACTERÍSTICAS ADICIONAIS: BOBINA PICOTADA, LARGURA: 20, MATERIAL: PLÁSTICO;BOB;150,0000;46,9000;7035,0000;0,0000;30/10/2026
ERN-HOSPITAL REG.TARCÍSIO DE VASCONCELOS MAIA;927052;156;Material;927052-11/2026;Aquisição de Bens de Consumo;Catálogo do Compras.gov.br;Material;8310;FIOS E LINHAS;3639;BOBINA MÁQUINA DE COSTURA;621058;APLICAÇÃO: MÁQUINA DE COSTURA INDUSTRIAL RETA, MATERIAL: ALUMÍNIO, TIPO: BAIXA;UN;25,0000;2,0000;50,0000;0,0000;30/10/2026
ERN-HOSPITAL REG.TARCÍSIO DE VASCONCELOS MAIA;927052;157;Material;927052-11/2026;Aquisição de Bens de Consumo;Catálogo do Compras.gov.br;Material;8105;SACOS E BOLSAS;11902;SACO;460049;ALTURA: 35, CAPACIDADE: 3, CARACTERÍSTICAS ADICIONAIS: BOBINA PICOTADA, LARGURA: 25, MATERIAL: PLÁSTICO;BOB;200,0000;32,9000;6580,0000;0,0000;30/10/2026
ERN-HOSPITAL REG.TARCÍSIO DE VASCONCELOS MAIA;927052;158;Material;927052-11/2026;Aquisição de Bens de Consumo;Catálogo do Compras.gov.br;Material;8135;MATERIAIS A GRANEL PARA ACONDICIONAMENTO E EMBALAGEM;7556;FITA ADESIVA EMBALAGEM;419260;APLICAÇÃO: ACONDICIONAMENTO E EMBALAGEM, COMPRIMENTO: 45, LARGURA: 45, MATERIAL: PAPEL KRAFT, TIPO: GOMADA;BOB;200,0000;23,2500;4650,0000;0,0000;30/10/2026
ERN-HOSPITAL REG.TARCÍSIO DE VASCONCELOS MAIA;927052;159;Material;927052-11/2026;Aquisição de Bens de Consumo;Catálogo do Compras.gov.br;Material;8420;ROUPAS ÍNTIMAS E PARA DORMIR, MASCULINAS;1406;PIJAMA;424950;ACABAMENTO PERNA: CALÇA COMPRIDA, CARACTERÍSTICAS ADICIONAIS: PERSONALIZADO CONFORME MODELO, MATERIAL: 100% ALGODÃO CRETONE, TAMANHO: EXTRA GRANDE, TIPO GOLA: SEM GOLA E DECOTE E "V", TIPO MANGA CAMISA: LONGA;UN;500,0000;45,0000;22500,0000;0,0000;30/10/2026
ERN-HOSPITAL REG.TARCÍSIO DE VASCONCELOS MAIA;927052;160;Material;927052-11/2026;Aquisição de Bens de Consumo;Catálogo do Compras.gov.br;Material;8315;MIUDEZAS E AVIAMENTOS PARA COSTURA;767;MÁQUINA COSTURA TECIDO;485488;APLICAÇÃO: USO INDUSTRIAL, CARACTERÍSTICAS ADICIONAIS: ALTURA CALCADOR: 800MM, COMPRIMENTO DO PONTO: 8MM, FUNÇÃO: COSTURA RETA, TENSÃO ALIMENTAÇÃO: 110/220, TIPO:  LOOPER: CEGO, AGULHAS: DBX1 E CPX12, TIPO GABINETE: MESA FÓRMICA, PÉ DE FERRO E MOTOR ACOPLADO AO CABE, TIPO PONTO: PICADO;UN;2,0000;5000,0000;10000,0000;0,0000;30/10/2026
ERN-HOSPITAL REG.TARCÍSIO DE VASCONCELOS MAIA;927052;161;Material;927052-11/2026;Aquisição de Bens de Consumo;Catálogo do Compras.gov.br;Material;8415;VESTUÁRIO PARA FINS ESPECIAIS;18113;PROTETOR RADIOLÓGICO;475724;ADICIONAL 1: AJUSTÁVEL, IMPERMEÁVEL, MATERIAL: BORRACHA PLUMBÍFERA, MODELO: P/ TIREÓIDE, PROTEÇÃO TECIDO: EQUIVALÊNCIA DE 0,50, TAMANHOS: ADULTO;UN;8,0000;249,0000;1992,0000;0,0000;30/10/2026
ERN-HOSPITAL REG.TARCÍSIO DE VASCONCELOS MAIA;927052;162;Material;927052-11/2026;Aquisição de Bens de Consumo;Catálogo do Compras.gov.br;Material;8450;VESTUÁRIO INFANTO-JUVENIL E COMPLEMENTOS;1457;PIJAMA INFANTIL;399011;CARACTERÍSTICAS ADICIONAIS: 100% ALGODÃO,2 BOLSOS LATERAIS NA PARTE INFERIOR, COR FUNDO: VERDE, MATERIAL: FLANELA, MODELO: COMPRIDO, TAMANHO: 14 A 16, TIPO ABERTURA: FRONTAL COM TRANSPASSE E FECHAMENTO POR 3 TIRAS, TIPO CALÇA: COM CÓS 3CM,CADARÇO PRESO ATRÁS,FECHAMENTO FRONTAL;UN;300,0000;40,0000;12000,0000;0,0000;30/10/2026
ERN-HOSPITAL REG.TARCÍSIO DE VASCONCELOS MAIA;927052;163;Material;927052-11/2026;Aquisição de Bens de Consumo;Catálogo do Compras.gov.br;Material;7920;VASSOURAS, ESCOVAS, RODOS, ESPONJAS E ESFREGÕES;13989;MOP ÚMIDO;229703;APLICAÇÃO: LIMPEZA, COR: AMARELO, MATERIAL: FIBRA SINTÉTICA, PESO: 340, TIPO PONTA: DOBRADA;UN;400,0000;31,1200;12448,0000;0,0000;30/10/2026
ERN-HOSPITAL REG.TARCÍSIO DE VASCONCELOS MAIA;927052;164;Material;927052-11/2026;Aquisição de Bens de Consumo;Catálogo do Compras.gov.br;Material;7920;VASSOURAS, ESCOVAS, RODOS, ESPONJAS E ESFREGÕES;13989;MOP ÚMIDO;229700;APLICAÇÃO: LIMPEZA, COR: AZUL, MATERIAL: FIBRA SINTÉTICA, PESO: 340, TIPO PONTA: DOBRADA;UN;400,0000;31,1200;12448,0000;0,0000;30/10/2026
ERN-HOSPITAL REG.TARCÍSIO DE VASCONCELOS MAIA;927052;165;Material;927052-11/2026;Aquisição de Bens de Consumo;Catálogo do Compras.gov.br;Material;7540;FORMULÁRIOS PADRONIZADOS;;;;;-;0,0000;0,0000;30000,0000;0,0000;30/10/2026
ERN-HOSPITAL REG.TARCÍSIO DE VASCONCELOS MAIA;927052;166;Material;927052-11/2026;Aquisição de Bens de Consumo;Catálogo do Compras.gov.br;Material;7920;VASSOURAS, ESCOVAS, RODOS, ESPONJAS E ESFREGÕES;13989;MOP ÚMIDO;449784;APLICAÇÃO: LIMPEZA, COR: BRANCA, GRAMATURA: 340, MATERIAL: ALGODÃO E POLIÉSTER, TIPO PONTA: DOBRADA;UN;400,0000;31,1200;12448,0000;0,0000;30/10/2026
ERN-HOSPITAL REG.TARCÍSIO DE VASCONCELOS MAIA;927052;167;Material;927052-11/2026;Aquisição de Bens de Consumo;Catálogo do Compras.gov.br;Material;7930;COMPOSTOS E PREPARADOS PARA LIMPEZA E POLIMENTO;8847;LIMPA-VIDRO;601034;ASPECTO FÍSICO: LÍQUIDO, COMPOSIÇÃO: ALQUIL BENZENO SULFONATO E ÁGUA;EMB;120,0000;14,0500;1686,0000;0,0000;30/10/2026
ERN-HOSPITAL REG.TARCÍSIO DE VASCONCELOS MAIA;927052;168;Material;927052-11/2026;Aquisição de Bens de Consumo;Catálogo do Compras.gov.br;Material;8315;MIUDEZAS E AVIAMENTOS PARA COSTURA;1541;FITA MÉTRICA COSTURA;223918;COMPRIMENTO: 150, COR: AMARELA, MATERIAL: POLIÉSTER E FIBRA VIDRO;UN;5,0000;5,6000;28,0000;0,0000;30/10/2026
ERN-HOSPITAL REG.TARCÍSIO DE VASCONCELOS MAIA;927052;169;Material;927052-11/2026;Aquisição de Bens de Consumo;Catálogo do Compras.gov.br;Material;7540;FORMULÁRIOS PADRONIZADOS;200;LIVRO ATA;463253;CARACTERÍSTICAS ADICIONAIS: ATA COM FOLHAS NUMERADAS, COMPRIMENTO: 330, LARGURA: 220, MATERIAL: PAPEL CARTÃO, QUANTIDADE FOLHAS: 200;UN;250,0000;32,2500;8062,5000;0,0000;30/10/2026
ERN-HOSPITAL REG.TARCÍSIO DE VASCONCELOS MAIA;927052;170;Material;927052-11/2026;Aquisição de Bens de Consumo;Catálogo do Compras.gov.br;Material;7920;VASSOURAS, ESCOVAS, RODOS, ESPONJAS E ESFREGÕES;11781;RODO;481029;CARACTERÍSTICAS ADICIONAIS: CABO 1,40 M, COMPRIMENTO SUPORTE: 40, MATERIAL CABO: MADEIRA COM CAPA PLÁSTICA, MATERIAL SUPORTE: MADEIRA, QUANTIDADE BORRACHAS: 2;UN;250,0000;12,0800;3020,0000;0,0000;30/10/2026
ERN-HOSPITAL REG.TARCÍSIO DE VASCONCELOS MAIA;927052;171;Material;927052-11/2026;Aquisição de Bens de Consumo;Catálogo do Compras.gov.br;Material;7920;VASSOURAS, ESCOVAS, RODOS, ESPONJAS E ESFREGÕES;7042;ESPONJA LIMPEZA;620662;APLICAÇÃO: LIMPEZA GERAL, CARACTERÍSTICAS ADICIONAIS: DUPLA FACE, COMPRIMENTO MÍNIMO: 102, ESPESSURA MÍNIMA: 28, FORMATO: RETANGULAR, LARGURA MÍNIMA: 69, MATERIAL: ESPUMA / FIBRA;UN;1800,0000;0,5800;1044,0000;0,0000;30/10/2026
ERN-HOSPITAL REG.TARCÍSIO DE VASCONCELOS MAIA;927052;172;Material;927052-11/2026;Aquisição de Bens de Consumo;Catálogo do Compras.gov.br;Material;7930;COMPOSTOS E PREPARADOS PARA LIMPEZA E POLIMENTO;6136;DETERGENTE;624159;APLICAÇÃO: LAVAGEM MANUAL DE LOUÇAS, UTENSÍLIOS E LIMPEZA GER, ASPECTO FÍSICO: LÍQUIDO, CARACTERÍSTICAS ADICIONAIS: PH 6,5 A 7,5, COMPOSIÇÃO: A BASE DE ÁCIDO LINEAR ALQUIBENZENO SULFÔNICO, EM;CX;3600,0000;15,9600;57456,0000;0,0000;30/10/2026
ERN-HOSPITAL REG.TARCÍSIO DE VASCONCELOS MAIA;927052;173;Material;927052-11/2026;Aquisição de Bens de Consumo;Catálogo do Compras.gov.br;Material;8415;VESTUÁRIO PARA FINS ESPECIAIS;18113;PROTETOR RADIOLÓGICO;475731;ADICIONAL 1: AJUSTÁVEL, IMPERMEÁVEL, MATERIAL: BORRACHA PLUMBÍFERA, MODELO: LUVA TIPO ESCUDO, PROTEÇÃO TECIDO: EQUIVALÊNCIA DE 0,50, TAMANHOS: ADULTO;UN;2,0000;830,0000;1660,0000;0,0000;30/10/2026
ERN-HOSPITAL REG.TARCÍSIO DE VASCONCELOS MAIA;927052;174;Material;927052-11/2026;Aquisição de Bens de Consumo;Catálogo do Compras.gov.br;Material;7920;VASSOURAS, ESCOVAS, RODOS, ESPONJAS E ESFREGÕES;14031;MOP PÓ;329527;ACABAMENTO: FECHAMENTO POR LAÇOS COSTURADOS, APLICAÇÃO: LIMPEZA, CARACTERÍSTICAS ADICIONAIS: SUPORTE METÁLICO E CABO DE ALUMÍNIO, COMPRIMENTO: 140, COR: BRANCA, GRAMATURA: 180, LARGURA: 10, MATERIAL: FIBRAS DE ALGODÃO;UN;240,0000;126,7200;30412,8000;0,0000;30/10/2026
ERN-HOSPITAL REG.TARCÍSIO DE VASCONCELOS MAIA;927052;175;Material;927052-11/2026;Aquisição de Bens de Consumo;Catálogo do Compras.gov.br;Material;8315;MIUDEZAS E AVIAMENTOS PARA COSTURA;1513;LINHA COSTURA;610865;CARACTERÍSTICAS ADICIONAIS: ENCERADA, TEXTURIZADA, COR: BRANCA, MATERIAL: 100% POLIÉSTER, NÚMERO: 01;UN;30,0000;10,0000;300,0000;0,0000;30/10/2026
ERN-HOSPITAL REG.TARCÍSIO DE VASCONCELOS MAIA;927052;176;Material;927052-11/2026;Aquisição de Bens de Consumo;Catálogo do Compras.gov.br;Material;7930;COMPOSTOS E PREPARADOS PARA LIMPEZA E POLIMENTO;11200;SOLUÇÃO LIMPEZA MULTIUSO;310902;ASPECTO FÍSICO: LÍQUIDO, CARACTERÍSTICAS ADICIONAIS: ANTIBACTERIANO, DILUÍVEL E COM TAMPA ROSQUEÁVEL, COMPOSIÇÃO BÁSICA: CLORETO DE ALQUIL DIMETIL BENZIL AMÔNIO, APLICAÇÃO: LIMPEZA GERAL;GL;900,0000;223,2800;200952,0000;0,0000;30/10/2026
ERN-HOSPITAL REG.TARCÍSIO DE VASCONCELOS MAIA;927052;177;Material;927052-11/2026;Aquisição de Bens de Consumo;Catálogo do Compras.gov.br;Material;8315;MIUDEZAS E AVIAMENTOS PARA COSTURA;1525;ELÁSTICO VESTUÁRIO;603752;CARACTERÍSTICAS ADICIONAIS: ROLO, COMPRIMENTO: 25, COR: BRANCA OU CRU, LARGURA: 40, MATERIAL: POLIÉSTER(73%) E ELASTODIENO(27%);UN;50,0000;11,0000;550,0000;0,0000;30/10/2026
ERN-HOSPITAL REG.TARCÍSIO DE VASCONCELOS MAIA;927052;178;Material;927052-11/2026;Aquisição de Bens de Consumo;Catálogo do Compras.gov.br;Material;7920;VASSOURAS, ESCOVAS, RODOS, ESPONJAS E ESFREGÕES;14031;MOP PÓ;229930;APLICAÇÃO: LIMPEZA, COMPRIMENTO: 80, ESPESSURA: 2, LARGURA: 30, MATERIAL: FIO ALGODÃO;UN;800,0000;34,1000;27280,0000;0,0000;30/10/2026
ERN-HOSPITAL REG.TARCÍSIO DE VASCONCELOS MAIA;927052;179;Material;927052-11/2026;Aquisição de Bens de Consumo;Catálogo do Compras.gov.br;Material;7920;VASSOURAS, ESCOVAS, RODOS, ESPONJAS E ESFREGÕES;13989;MOP ÚMIDO;229701;APLICAÇÃO: LIMPEZA, COR: VERDE, MATERIAL: FIBRA SINTÉTICA, PESO: 340, TIPO PONTA: DOBRADA;UN;400,0000;31,1200;12448,0000;0,0000;30/10/2026
ERN-HOSPITAL REG.TARCÍSIO DE VASCONCELOS MAIA;927052;180;Material;927052-11/2026;Aquisição de Bens de Consumo;Catálogo do Compras.gov.br;Material;7540;FORMULÁRIOS PADRONIZADOS;200;LIVRO ATA;483474;CARACTERÍSTICAS ADICIONAIS: FOLHAS PAUTADAS SEM MARGEM, CAPA DURA, COMPRIMENTO: 300, GRAMATURA: 63, LARGURA: 210, MATERIAL: PAPEL OFSETE, QUANTIDADE FOLHAS: 100;UN;500,0000;22,3000;11150,0000;0,0000;30/10/2026
ERN-HOSPITAL REG.TARCÍSIO DE VASCONCELOS MAIA;927052;181;Material;927052-11/2026;Aquisição de Bens de Consumo;Catálogo do Compras.gov.br;Material;8415;VESTUÁRIO PARA FINS ESPECIAIS;18113;PROTETOR RADIOLÓGICO;475734;ADICIONAL 1: AJUSTÁVEL, IMPERMEÁVEL, MATERIAL: BORRACHA PLUMBÍFERA, MODELO: P/ GÔNADAS, PROTEÇÃO TECIDO: EQUIVALÊNCIA DE 0,50, TAMANHOS: CERCA 60 X 45 CM;UN;4,0000;594,0000;2376,0000;0,0000;30/10/2026
ERN-HOSPITAL REG.TARCÍSIO DE VASCONCELOS MAIA;927052;182;Material;927052-11/2026;Aquisição de Bens de Consumo;Catálogo do Compras.gov.br;Material;7930;COMPOSTOS E PREPARADOS PARA LIMPEZA E POLIMENTO;6136;DETERGENTE;624159;APLICAÇÃO: LAVAGEM MANUAL DE LOUÇAS, UTENSÍLIOS E LIMPEZA GER, ASPECTO FÍSICO: LÍQUIDO, CARACTERÍSTICAS ADICIONAIS: PH 6,5 A 7,5, COMPOSIÇÃO: A BASE DE ÁCIDO LINEAR ALQUIBENZENO SULFÔNICO, EM;EMB;720,0000;22,1000;15912,0000;0,0000;30/10/2026
ERN-HOSPITAL REG.TARCÍSIO DE VASCONCELOS MAIA;927052;183;Material;927052-11/2026;Aquisição de Bens de Consumo;Catálogo do Compras.gov.br;Material;7540;FORMULÁRIOS PADRONIZADOS;201;LIVRO PROTOCOLO;616483;CARACTERÍSTICAS ADICIONAIS: IMPRESSO CONFORME MODELO, COMPRIMENTO: 335, GRAMATURA FOLHAS: 75, LARGURA: 345, MATERIAL FOLHAS: PAPEL OFSETE, QUANTIDADE FOLHAS: 100, TIPO CAPA: DURA;UN;300,0000;25,3000;7590,0000;0,0000;30/10/2026
ERN-HOSPITAL REG.TARCÍSIO DE VASCONCELOS MAIA;927052;184;Material;927052-11/2026;Aquisição de Bens de Consumo;Catálogo do Compras.gov.br;Material;7920;VASSOURAS, ESCOVAS, RODOS, ESPONJAS E ESFREGÕES;13989;MOP ÚMIDO;229702;APLICAÇÃO: LIMPEZA, COR: VERMELHO, MATERIAL: FIBRA SINTÉTICA, PESO: 340, TIPO PONTA: DOBRADA;UN;400,0000;31,1200;12448,0000;0,0000;30/10/2026
ERN-HOSPITAL REG.TARCÍSIO DE VASCONCELOS MAIA;927052;185;Material;927052-11/2026;Aquisição de Bens de Consumo;Catálogo do Compras.gov.br;Material;7920;VASSOURAS, ESCOVAS, RODOS, ESPONJAS E ESFREGÕES;10344;PANO LIMPEZA;416696;APLICAÇÃO: USO GERAL, CARACTERÍSTICAS ADICIONAIS: MICROPERFURADO/GRAMATURA 41G/M2/MULTIUSO, COMPRIMENTO: 300, COR: VERDE, LARGURA: 33, MATERIAL: 100% EM FIBRA DE VISCOSE, LÁTEX SINTÉTICO, TIPO: BOBIMA;UN;50,0000;83,1300;4156,5000;0,0000;30/10/2026
ERN-HOSPITAL REG.TARCÍSIO DE VASCONCELOS MAIA;927052;186;Material;927052-11/2026;Aquisição de Bens de Consumo;Catálogo do Compras.gov.br;Material;8315;MIUDEZAS E AVIAMENTOS PARA COSTURA;1485;TESOURA COSTURA;603865;CARACTERÍSTICAS ADICIONAIS: BORRACHA, COMPRIMENTO: 24, MATERIAL: LÃMINA TITÃNIO, TAMANHO: 9;UN;10,0000;38,0000;380,0000;0,0000;30/10/2026
ERN-HOSPITAL REG.TARCÍSIO DE VASCONCELOS MAIA;927052;187;Material;927052-11/2026;Aquisição de Bens de Consumo;Catálogo do Compras.gov.br;Material;7530;FORMULÁRIOS OFICIAIS;126;PAPEL CÓPIA;200017;COMPRIMENTO: 297, COR: BRANCA, GRAMATURA: 30, LARGURA: 210, MATERIAL: PAPEL APERGAMINHADO;CX;3000,0000;32,3000;96900,0000;0,0000;30/10/2026
ERN-HOSPITAL REG.TARCÍSIO DE VASCONCELOS MAIA;927052;188;Material;927052-11/2026;Aquisição de Bens de Consumo;Catálogo do Compras.gov.br;Material;7930;COMPOSTOS E PREPARADOS PARA LIMPEZA E POLIMENTO;11865;SABÃO PÓ;600612;ASPECTO FÍSICO: PÓ, CARACTERÍSTICAS ADICIONAIS: AMARELO, UTIIZADO EM LIMPEZA EM GERAL, COMPOSIÇÃO: ÁCIDOS GRAXOS VEGETAIS, ÁLCALIS, SULFATO, CARBONA;CX;720,0000;48,9900;35272,8000;0,0000;30/10/2026
ERN-HOSPITAL REG.TARCÍSIO DE VASCONCELOS MAIA;927052;189;Material;927052-11/2026;Aquisição de Bens de Consumo;Catálogo do Compras.gov.br;Material;7930;COMPOSTOS E PREPARADOS PARA LIMPEZA E POLIMENTO;3255;DISPENSER HIGIENIZADOR;449572;APLICAÇÃO: MÃOS, CAPACIDADE: 800, CARACTERÍSTICAS ADICIONAIS: FORMATO PIRAMIDAL 100MM X 100MM X 70 MM X 90MM, COR: TRANSPARENTE, MATERIAL: ACRÍLICO, TIPO FIXAÇÃO: PAREDE;UN;300,0000;37,3500;11205,0000;0,0000;30/10/2026
ERN-HOSPITAL REG.TARCÍSIO DE VASCONCELOS MAIA;927052;190;Material;927052-11/2026;Aquisição de Bens de Consumo;Catálogo do Compras.gov.br;Material;7930;COMPOSTOS E PREPARADOS PARA LIMPEZA E POLIMENTO;11863;SABÃO BARRA;298406;CARACTERÍSTICAS ADICIONAIS: 1ª QUALIDADE, COMPOSIÇÃO BÁSICA: SABÃO GLICERINADO, TIPO: NEUTRO;BR;150,0000;32,0000;4800,0000;0,0000;30/10/2026
ERN-HOSPITAL REG.TARCÍSIO DE VASCONCELOS MAIA;927052;191;Material;927052-11/2026;Aquisição de Bens de Consumo;Catálogo do Compras.gov.br;Material;7920;VASSOURAS, ESCOVAS, RODOS, ESPONJAS E ESFREGÕES;7630;FLANELA;240448;COMPRIMENTO: 40, COR: AMARELA, LARGURA: 60, MATERIAL: ALGODÃO;UN;250,0000;9,2900;2322,5000;0,0000;30/10/2026
ERN-HOSPITAL REG.TARCÍSIO DE VASCONCELOS MAIA;927052;192;Material;927052-11/2026;Aquisição de Bens de Consumo;Catálogo do Compras.gov.br;Material;7920;VASSOURAS, ESCOVAS, RODOS, ESPONJAS E ESFREGÕES;14017;PÁ COLETORA LIXO;307398;APLICAÇÃO: LIMPEZA, COMPRIMENTO: 30, COMPRIMENTO CABO: 87, LARGURA: 14, MATERIAL CABO: ALUMÍNIO, MATERIAL COLETOR: PLÁSTICO RESISTENTE, MODELO: COM TAMPA;UN;60,0000;63,0000;3780,0000;0,0000;30/10/2026
ERN-HOSPITAL REG.TARCÍSIO DE VASCONCELOS MAIA;927052;193;Material;927052-11/2026;Aquisição de Bens de Consumo;Catálogo do Compras.gov.br;Material;7920;VASSOURAS, ESCOVAS, RODOS, ESPONJAS E ESFREGÕES;7042;ESPONJA LIMPEZA;624516;APLICAÇÃO: SERVIÇO PESADO, FORMATO: CIRCULAR, MATERIAL: FILAMENTO DE AÇO INOX;EMB;600,0000;1,4800;888,0000;0,0000;30/10/2026
ERN-HOSPITAL REG.TARCÍSIO DE VASCONCELOS MAIA;927052;194;Material;927052-11/2026;Aquisição de Bens de Consumo;Catálogo do Compras.gov.br;Material;8450;VESTUÁRIO INFANTO-JUVENIL E COMPLEMENTOS;1457;PIJAMA INFANTIL;485757;CARACTERÍSTICAS ADICIONAIS: COM DESENHOS, COR FUNDO: AZUL, MATERIAL: ALGODÃO, MODELO: COMPRIDO, TAMANHO: 6 A 7, TIPO: MASCULINO, TIPO ABERTURA: BLUSA C/ ABERTURA FRONTAL E FECHO C/ CADARÇO, TIPO CALÇA: CALÇA C/ ELÁSTICO NO CÓS DE 2CM;UN;100,0000;40,0000;4000,0000;0,0000;30/10/2026
ERN-HOSPITAL REG.TARCÍSIO DE VASCONCELOS MAIA;927052;195;Material;927052-11/2026;Aquisição de Bens de Consumo;Catálogo do Compras.gov.br;Material;7540;FORMULÁRIOS PADRONIZADOS;8305;IMPRESSO PADRONIZADO;626366;CARACTERÍSTICAS ADICIONAIS: CONFORME MODELO DO ÓRGÃO, COMPRIMENTO: 250, GRAMATURA: 75, LARGURA: 190, MATERIAL: PAPEL SULFITE, QUANTIDADE PÁGINAS:  100, TIPO: BLOCO;UN;300,0000;27,8900;8367,0000;0,0000;30/10/2026
ERN-HOSPITAL REG.TARCÍSIO DE VASCONCELOS MAIA;927052;196;Material;927052-11/2026;Aquisição de Bens de Consumo;Catálogo do Compras.gov.br;Material;7920;VASSOURAS, ESCOVAS, RODOS, ESPONJAS E ESFREGÕES;14028;CABO MOP;443425;APLICAÇÃO: MOP ÚMIDO, CARACTERÍSTICAS ADICIONAIS: TRAVA PARA REFIS, COMPONENTES: GARRA EM POLIPROPILENO, COMPRIMENTO: 1,40, COR: AZUL, MATERIAL: ALUMÍNIO;CX;100,0000;62,6000;6260,0000;0,0000;30/10/2026
ERN-HOSPITAL REG.TARCÍSIO DE VASCONCELOS MAIA;927052;197;Material;927052-11/2026;Aquisição de Bens de Consumo;Catálogo do Compras.gov.br;Material;7930;COMPOSTOS E PREPARADOS PARA LIMPEZA E POLIMENTO;15221;DETERGENTE ÁCIDO;279944;APLICAÇÃO: LIMPEZA GERAL, ASPECTO FÍSICO: LÍQUIDO, CARACTERÍSTICAS ADICIONAIS: COMPATÍVEL C/ MÁQUINA LAVADORA TERMO-DESINFETADORA;EMB;14,0000;104,1600;1458,2400;0,0000;30/10/2026
ERN-HOSPITAL REG.TARCÍSIO DE VASCONCELOS MAIA;927052;198;Material;927052-11/2026;Aquisição de Bens de Consumo;Catálogo do Compras.gov.br;Material;8420;ROUPAS ÍNTIMAS E PARA DORMIR, MASCULINAS;1406;PIJAMA;424951;ACABAMENTO PERNA: CALÇA COMPRIDA, CARACTERÍSTICAS ADICIONAIS: PERSONALIZADO CONFORME MODELO, MATERIAL: 100% ALGODÃO CRETONE, TAMANHO: GRANDE, TIPO GOLA: SEM GOLA E DECOTE E "V", TIPO MANGA CAMISA: LONGA;UN;1500,0000;44,0000;66000,0000;0,0000;30/10/2026
ERN-HOSPITAL REG.TARCÍSIO DE VASCONCELOS MAIA;927052;199;Material;927052-11/2026;Aquisição de Bens de Consumo;Catálogo do Compras.gov.br;Material;7520;ACESSÓRIOS E DISPOSITIVOS PARA ESCRITÓRIO;18065;PRANCHETA PORTÁTIL;622665;COMPRIMENTO: 340, COR: VARIADA, ESPESSURA: 3, LARGURA: 450, MATERIAL: ACRÍLICO;UN;600,0000;42,3000;25380,0000;0,0000;30/10/2026
ERN-HOSPITAL REG.TARCÍSIO DE VASCONCELOS MAIA;927052;200;Material;927052-11/2026;Aquisição de Bens de Consumo;Catálogo do Compras.gov.br;Material;7520;ACESSÓRIOS E DISPOSITIVOS PARA ESCRITÓRIO;56;PERFURADOR PAPEL;434774;CAPACIDADE PERFURAÇÃO: 30, CARACTERÍSTICAS ADICIONAIS: COM MARGINADOR E APARADOR, FUNCIONAMENTO: MANUAL, MATERIAL: METAL, QUANTIDADE FUROS: 2, TIPO: MESA;UN;30,0000;25,6000;768,0000;0,0000;30/10/2026
ERN-HOSPITAL REG.TARCÍSIO DE VASCONCELOS MAIA;927052;201;Material;927052-11/2026;Aquisição de Bens de Consumo;Catálogo do Compras.gov.br;Material;7520;ACESSÓRIOS E DISPOSITIVOS PARA ESCRITÓRIO;27;GRAMPEADOR;422424;CAPACIDADE: ATÉ 100, MATERIAL: METAL, TAMANHO GRAMPO: 23/8, 23/10, 23/13, 24/8, 24/10, TIPO: MESA;UN;100,0000;85,3200;8532,0000;0,0000;30/10/2026
ERN-HOSPITAL REG.TARCÍSIO DE VASCONCELOS MAIA;927052;202;Material;927052-11/2026;Aquisição de Bens de Consumo;Catálogo do Compras.gov.br;Material;8540;ARTIGOS DE PAPEL PARA HIGIENE;1210;ABSORVENTE HIGIÊNICO;358051;CARACTERÍSTICAS ADICIONAIS: CAMADA INTERNA TRIPLA EM ALGODÃO E FLOCOS DE GEL, COMPONENTE ADICIONAL: CAMADA EXTERNA FILME PLÁSTICO RESISTE IMPERMEÁVEL, COMPRIMENTO: 40, LARGURA: LARGURA MÍNIMA 10CM, TIPO: TIPO HOSPITALAR;UN;240,0000;0,5400;129,6000;0,0000;30/10/2026
ERN-HOSPITAL REG.TARCÍSIO DE VASCONCELOS MAIA;927052;281;Material;927052-11/2026;Aquisição de Bens de Consumo;Catálogo do Compras.gov.br;Material;9330;ARTIGOS DE PLÁSTICO;4149;CAIXA PLÁSTICA;338808;APLICAÇÃO: ALIMENTOS, CAPACIDADE: 40, CARACTERÍSTICAS ADICIONAIS: COM TAMPA, MATERIAL: POLIPROPILENO;UN;50,0000;79,9000;3995,0000;0,0000;30/10/2026
ERN-HOSPITAL REG.TARCÍSIO DE VASCONCELOS MAIA;927052;203;Material;927052-11/2026;Aquisição de Bens de Consumo;Catálogo do Compras.gov.br;Material;7520;ACESSÓRIOS E DISPOSITIVOS PARA ESCRITÓRIO;4416;CANETA PERMANENTE;354898;CARACTERÍSTICAS ADICIONAIS: ESPESSURA PONTA 2MM, COR TINTA: AZUL, MATERIAL CORPO: PLÁSTICO, MATERIAL PONTA: METAL, TIPO ESCRITA: GROSSA;UN;960,0000;13,8000;13248,0000;0,0000;30/10/2026
ERN-HOSPITAL REG.TARCÍSIO DE VASCONCELOS MAIA;927052;204;Material;927052-11/2026;Aquisição de Bens de Consumo;Catálogo do Compras.gov.br;Material;7520;ACESSÓRIOS E DISPOSITIVOS PARA ESCRITÓRIO;279;APAGADOR QUADRO BRANCO;427366;ALTURA: 10, CARACTERÍSTICAS ADICIONAIS: ESTOJO COM COMPARTIMENTO PARA 2 PINCÉIS, COMPRIMENTO: 17, LARGURA: 5, MATERIAL BASE: FELTRO, MATERIAL CORPO: ACRÍLICO;CX;100,0000;24,9000;2490,0000;0,0000;30/10/2026
ERN-HOSPITAL REG.TARCÍSIO DE VASCONCELOS MAIA;927052;205;Material;927052-11/2026;Aquisição de Bens de Consumo;Catálogo do Compras.gov.br;Material;8540;ARTIGOS DE PAPEL PARA HIGIENE;12792;TOALHA DE PAPEL;417287;APLICAÇÃO: AMBIENTE HOSPITALAR, CARACTERÍSTICAS ADICIONAIS: RESISTENTE A TRAÇÃO, SEM FRAGÂNCIA, COMPRIMENTO: 23, COR: BRANCA, LARGURA: 21, MATERIAL: 100% FIBRAS CELULÓSICAS, TIPO FOLHA: 2 DOBRAS;CX;3000,0000;56,9400;170820,0000;0,0000;30/10/2026
ERN-HOSPITAL REG.TARCÍSIO DE VASCONCELOS MAIA;927052;206;Material;927052-11/2026;Aquisição de Bens de Consumo;Catálogo do Compras.gov.br;Material;7520;ACESSÓRIOS E DISPOSITIVOS PARA ESCRITÓRIO;13824;CARIMBO;320581;CARACTERÍSTICAS ADICIONAIS: DATADOR ALFANUMÉRICO, COMPRIMENTO: 50, COR: PRETA, FORMATO: RETANGULAR, LARGURA: 30, MATERIAL BASE: BORRACHA, MATERIAL CORPO: PLÁSTICO, TIPO: AUTO-ENTINTADO E AUTOMÁTICO, SISTEMA GRAVAÇÃO: FOTOPOLÍMERO;UN;100,0000;25,6000;2560,0000;0,0000;30/10/2026
ERN-HOSPITAL REG.TARCÍSIO DE VASCONCELOS MAIA;927052;207;Material;927052-11/2026;Aquisição de Bens de Consumo;Catálogo do Compras.gov.br;Material;7520;ACESSÓRIOS E DISPOSITIVOS PARA ESCRITÓRIO;18066;EXTRATOR GRAMPO;429829;COMPRIMENTO: 150, LARGURA: 15, MATERIAL: AÇO GALVANIZADO, TIPO: ESPÁTULA;UN;100,0000;20,0000;2000,0000;0,0000;30/10/2026
ERN-HOSPITAL REG.TARCÍSIO DE VASCONCELOS MAIA;927052;208;Material;927052-11/2026;Aquisição de Bens de Consumo;Catálogo do Compras.gov.br;Material;7520;ACESSÓRIOS E DISPOSITIVOS PARA ESCRITÓRIO;27;GRAMPEADOR;359941;CAPACIDADE: 50, MATERIAL: METAL, TAMANHO GRAMPO: 26/6, TIPO: PROFISSIONAL, TRATAMENTO SUPERFICIAL: PINTADO/CROMADO;UN;300,0000;32,3300;9699,0000;0,0000;30/10/2026
ERN-HOSPITAL REG.TARCÍSIO DE VASCONCELOS MAIA;927052;209;Material;927052-11/2026;Aquisição de Bens de Consumo;Catálogo do Compras.gov.br;Material;7360;JOGOS, CONJUNTOS  E  EQUIPAMENTOS PARA PREPARAR E SERVIR ALIMENTOS;1133;BANDEJA;405443;ALTURA: 12, CARACTERÍSTICAS ADICIONAIS: REFORÇADA, CAPACIDADE 26 LITROS, COMPRIMENTO: 62,30, COR: BRANCA, FINALIDADE: ARMAZENAMENTO DE ALIMENTOS, LARGURA: 42,50, MATERIAL: POLIPROPILENO;UN;20,0000;28,4100;568,2000;0,0000;30/10/2026
ERN-HOSPITAL REG.TARCÍSIO DE VASCONCELOS MAIA;927052;210;Material;927052-11/2026;Aquisição de Bens de Consumo;Catálogo do Compras.gov.br;Material;7360;JOGOS, CONJUNTOS  E  EQUIPAMENTOS PARA PREPARAR E SERVIR ALIMENTOS;5362;COLHER;443901;APLICAÇÃO: PREPARO DE ALIMENTOS, CARACTERÍSTICAS ADICIONAIS: ATÓXICO, INODORO, ANTI-ADERENTE, COMPRIMENTO: 100, MATERIAL CABO: AÇO INOXIDÁVEL, MATERIAL CORPO: POLIETILENO;UN;10,0000;98,3800;983,8000;0,0000;30/10/2026
ERN-HOSPITAL REG.TARCÍSIO DE VASCONCELOS MAIA;927052;211;Material;927052-11/2026;Aquisição de Bens de Consumo;Catálogo do Compras.gov.br;Material;7520;ACESSÓRIOS E DISPOSITIVOS PARA ESCRITÓRIO;249;TESOURA;477123;COMPRIMENTO: 21, MATERIAL: AÇO INOXIDÁVEL, MATERIAL CABO: POLIETILENO;UN;150,0000;22,3000;3345,0000;0,0000;30/10/2026
ERN-HOSPITAL REG.TARCÍSIO DE VASCONCELOS MAIA;927052;212;Material;927052-11/2026;Aquisição de Bens de Consumo;Catálogo do Compras.gov.br;Material;7360;JOGOS, CONJUNTOS  E  EQUIPAMENTOS PARA PREPARAR E SERVIR ALIMENTOS;1105;FAQUEIRO;623136;MATERIAL CABO: AÇO INOXIDÁVEL, MATERIAL TALHERES: AÇO INOXIDÁVEL, QUANTIDADE COLHERES: 6, QUANTIDADE COLHERES SOBREMESA: 6, QUANTIDADE FACAS: 6, QUANTIDADE FACAS SOBREMESA: 6, QUANTIDADE GARFOS: 6, QUANTIDADE GARFOS SOBREMESA: 6;UN;1,0000;71,0900;71,0900;0,0000;30/10/2026
ERN-HOSPITAL REG.TARCÍSIO DE VASCONCELOS MAIA;927052;213;Material;927052-11/2026;Aquisição de Bens de Consumo;Catálogo do Compras.gov.br;Material;7520;ACESSÓRIOS E DISPOSITIVOS PARA ESCRITÓRIO;249;TESOURA;317713;CARACTERÍSTICAS ADICIONAIS: COR PRETA/EXTRA CORTE/USO ESCOLAR, COMPRIMENTO: 5, MATERIAL: AÇO INOXIDÁVEL, MATERIAL CABO: PROPILENO;UN;280,0000;12,3000;3444,0000;0,0000;30/10/2026
ERN-HOSPITAL REG.TARCÍSIO DE VASCONCELOS MAIA;927052;214;Material;927052-11/2026;Aquisição de Bens de Consumo;Catálogo do Compras.gov.br;Material;7520;ACESSÓRIOS E DISPOSITIVOS PARA ESCRITÓRIO;4416;CANETA PERMANENTE;438835;CARACTERÍSTICAS ADICIONAIS: PONTA CHANFRADA, COR TINTA: PRETA, MATERIAL CORPO: PLÁSTICO, MATERIAL PONTA: PLÁSTICO, TIPO ESCRITA: GROSSA;UN;960,0000;13,1200;12595,2000;0,0000;30/10/2026
ERN-HOSPITAL REG.TARCÍSIO DE VASCONCELOS MAIA;927052;215;Material;927052-11/2026;Aquisição de Bens de Consumo;Catálogo do Compras.gov.br;Material;7360;JOGOS, CONJUNTOS  E  EQUIPAMENTOS PARA PREPARAR E SERVIR ALIMENTOS;5362;COLHER;455638;COMPRIMENTO: 45, MATERIAL CABO: POLIETILENO, MATERIAL CORPO: POLIETILENO;UN;20,0000;64,5500;1291,0000;0,0000;30/10/2026
ERN-HOSPITAL REG.TARCÍSIO DE VASCONCELOS MAIA;927052;216;Material;927052-11/2026;Aquisição de Bens de Consumo;Catálogo do Compras.gov.br;Material;8530;ARTIGOS PARA HIGIENE PESSOAL;5729;CONJUNTO DE BANHO;606421;COMPOSIÇÃO: 2 TOALHAS BANHO, 2 TOALHAS ROSTO, 1 TOALHA PISO, MATERIAL: 100 % ALGODÃO;UN;1000,0000;70,0000;70000,0000;0,0000;30/10/2026
ERN-HOSPITAL REG.TARCÍSIO DE VASCONCELOS MAIA;927052;217;Material;927052-11/2026;Aquisição de Bens de Consumo;Catálogo do Compras.gov.br;Material;8540;ARTIGOS DE PAPEL PARA HIGIENE;10383;PAPEL HIGIÊNICO;246677;COMPRIMENTO: 30, COR: BRANCA, LARGURA: 10, MATERIAL: FIBRAS CELULÓSICAS, QUANTIDADE FOLHAS: SIMPLES, TIPO: PICOTADO;FD;1200,0000;69,8000;83760,0000;0,0000;30/10/2026
ERN-HOSPITAL REG.TARCÍSIO DE VASCONCELOS MAIA;927052;218;Material;927052-11/2026;Aquisição de Bens de Consumo;Catálogo do Compras.gov.br;Material;9150;ÓLEOS E GRAXAS PARA CORTE, LUBRIFICAÇÃO E SISTEMAS  HIDRÁULICOS;10198;ÓLEO LUBRIFICANTE.;617736;APRESENTAÇÃO: LÍQUIDO, ORIGEM: SINTÉTICO, REFERÊNCIA FABRIL: CAS NUMBER 2455-71-2, USO: BOMBA DIFUSORA DE ALTO VÁCUO, VISCOSIDADE: 370 CST;EMB;2,0000;27,0000;54,0000;0,0000;30/10/2026
ERN-HOSPITAL REG.TARCÍSIO DE VASCONCELOS MAIA;927052;219;Material;927052-11/2026;Aquisição de Bens de Consumo;Catálogo do Compras.gov.br;Material;7520;ACESSÓRIOS E DISPOSITIVOS PARA ESCRITÓRIO;13824;CARIMBO;262321;CARACTERÍSTICAS ADICIONAIS: JANELA IDENTIFICADORA DE TEXTO/MECANISMO GIRATÓRIO, COMPRIMENTO: 30, FORMATO: REDONDO, LARGURA: 30, MATERIAL BASE: POLIPROPILENO, MATERIAL CORPO: POLIPROPILENO, TIPO: AUTO-ENTINTADO;UN;200,0000;20,0000;4000,0000;0,0000;30/10/2026
ERN-HOSPITAL REG.TARCÍSIO DE VASCONCELOS MAIA;927052;220;Material;927052-11/2026;Aquisição de Bens de Consumo;Catálogo do Compras.gov.br;Material;8540;ARTIGOS DE PAPEL PARA HIGIENE;10383;PAPEL HIGIÊNICO;443004;CARACTERÍSTICAS ADICIONAIS: PICOTADO, FOLHA DUPLA, COR: BRANCA, LARGURA: 10, MATERIAL: CELULOSE VIRGEM;FD;1600,0000;76,8000;122880,0000;0,0000;30/10/2026
ERN-HOSPITAL REG.TARCÍSIO DE VASCONCELOS MAIA;927052;221;Material;927052-11/2026;Aquisição de Bens de Consumo;Catálogo do Compras.gov.br;Material;7360;JOGOS, CONJUNTOS  E  EQUIPAMENTOS PARA PREPARAR E SERVIR ALIMENTOS;5362;COLHER;355113;APLICAÇÃO: CALDEIRÃO, CARACTERÍSTICAS ADICIONAIS: DIMENSÕES 0,8 X 5 X 34 CM, PLANA, COR: BRANCA, MATERIAL CORPO: POLIETILENO;UN;12,0000;47,7700;573,2400;0,0000;30/10/2026
ERN-HOSPITAL REG.TARCÍSIO DE VASCONCELOS MAIA;927052;222;Material;927052-11/2026;Aquisição de Bens de Consumo;Catálogo do Compras.gov.br;Material;8540;ARTIGOS DE PAPEL PARA HIGIENE;12792;TOALHA DE PAPEL;417287;APLICAÇÃO: AMBIENTE HOSPITALAR, CARACTERÍSTICAS ADICIONAIS: RESISTENTE A TRAÇÃO, SEM FRAGÂNCIA, COMPRIMENTO: 23, COR: BRANCA, LARGURA: 21, MATERIAL: 100% FIBRAS CELULÓSICAS, TIPO FOLHA: 2 DOBRAS;RO;1080,0000;24,9800;26978,4000;0,0000;30/10/2026
ERN-HOSPITAL REG.TARCÍSIO DE VASCONCELOS MAIA;927052;223;Material;927052-11/2026;Aquisição de Bens de Consumo;Catálogo do Compras.gov.br;Material;7520;ACESSÓRIOS E DISPOSITIVOS PARA ESCRITÓRIO;46;APONTADOR LÁPIS;468205;MATERIAL: METAL, QUANTIDADE FUROS: 1, TAMANHO: PEQUENO, TIPO: ESCOLAR;CX;100,0000;28,7900;2879,0000;0,0000;30/10/2026
ERN-HOSPITAL REG.TARCÍSIO DE VASCONCELOS MAIA;927052;224;Material;927052-11/2026;Aquisição de Bens de Consumo;Catálogo do Compras.gov.br;Material;7520;ACESSÓRIOS E DISPOSITIVOS PARA ESCRITÓRIO;27;GRAMPEADOR;287212;CAPACIDADE: ATÉ 150, CARACTERÍSTICAS ADICIONAIS: PINTURA EPÓXI, MATERIAL: METAL, TAMANHO GRAMPO: 9/8, 9/10, 9/12 E 9/14, TIPO: MESA, TRATAMENTO SUPERFICIAL: CROMADO;UN;50,0000;101,3800;5069,0000;0,0000;30/10/2026
ERN-HOSPITAL REG.TARCÍSIO DE VASCONCELOS MAIA;927052;225;Material;927052-11/2026;Aquisição de Bens de Consumo;Catálogo do Compras.gov.br;Material;7360;JOGOS, CONJUNTOS  E  EQUIPAMENTOS PARA PREPARAR E SERVIR ALIMENTOS;5362;COLHER;315150;CARACTERÍSTICAS ADICIONAIS: MEDINDO 25 CM DE DIÂMETRO E 10 CM PARTE CÔNCAVA, MATERIAL CABO: AÇO INOXIDÁVEL, MATERIAL CORPO: AÇO INOXIDÁVEL, TAMANHO: GRANDE, TIPO: ARROZ;UN;30,0000;8,9900;269,7000;0,0000;30/10/2026
ERN-HOSPITAL REG.TARCÍSIO DE VASCONCELOS MAIA;927052;226;Material;927052-11/2026;Aquisição de Bens de Consumo;Catálogo do Compras.gov.br;Material;7360;JOGOS, CONJUNTOS  E  EQUIPAMENTOS PARA PREPARAR E SERVIR ALIMENTOS;15930;CAIXA TALHERES;259375;ALTURA: 20, APLICAÇÃO: ACONDICIONAMENTO DE TALHERES, CARACTERÍSTICAS ADICIONAIS: COM 3 GAVETAS, COMPRIMENTO: 30, LARGURA: 20, MATERIAL: PLÁSTICO TRANSPARENTE;UN;5,0000;59,9000;299,5000;0,0000;30/10/2026
ERN-HOSPITAL REG.TARCÍSIO DE VASCONCELOS MAIA;927052;227;Material;927052-11/2026;Aquisição de Bens de Consumo;Catálogo do Compras.gov.br;Material;8530;ARTIGOS PARA HIGIENE PESSOAL;2676;APARELHO BARBEAR;283964;MATERIAL CABO: CABO PLÁSTICO, MATERIAL LÂMINA: LÂMINA AÇO INOX, QUANTIDADE LÂMINAS: 2 LÂMINAS, TIPO: DESCARTÁVEL;UN;2400,0000;0,7900;1896,0000;0,0000;30/10/2026
ERN-HOSPITAL REG.TARCÍSIO DE VASCONCELOS MAIA;927052;228;Material;927052-11/2026;Aquisição de Bens de Consumo;Catálogo do Compras.gov.br;Material;7520;ACESSÓRIOS E DISPOSITIVOS PARA ESCRITÓRIO;1499;ESTILETE;445224;CARACTERÍSTICAS ADICIONAIS: COM TRAVA DE SEGURANÇA, COMPRIMENTO: 152, MATERIAL CORPO: EMBORRACHADO, TIPO: LARGO;CX;150,0000;90,0000;13500,0000;0,0000;30/10/2026
ERN-HOSPITAL REG.TARCÍSIO DE VASCONCELOS MAIA;927052;229;Material;927052-11/2026;Aquisição de Bens de Consumo;Catálogo do Compras.gov.br;Material;7360;JOGOS, CONJUNTOS  E  EQUIPAMENTOS PARA PREPARAR E SERVIR ALIMENTOS;5362;COLHER;340653;APLICAÇÃO: CALDEIRÃO, CARACTERÍSTICAS ADICIONAIS: DIMENSÕES: 2 X 10 X 60 CM, COMPRIMENTO: 60, MATERIAL CABO: AÇO INOXIDÁVEL, MATERIAL CORPO: POLIPROPILENO;UN;10,0000;49,9000;499,0000;0,0000;30/10/2026
ERN-HOSPITAL REG.TARCÍSIO DE VASCONCELOS MAIA;927052;230;Material;927052-11/2026;Aquisição de Bens de Consumo;Catálogo do Compras.gov.br;Material;7520;ACESSÓRIOS E DISPOSITIVOS PARA ESCRITÓRIO;27;GRAMPEADOR;406605;CAPACIDADE: 30, MATERIAL: METAL, TAMANHO GRAMPO: 23/6 E 26/6, TIPO: MESA;UN;300,0000;25,2600;7578,0000;0,0000;30/10/2026
ERN-HOSPITAL REG.TARCÍSIO DE VASCONCELOS MAIA;927052;231;Material;927052-11/2026;Aquisição de Bens de Consumo;Catálogo do Compras.gov.br;Material;8540;ARTIGOS DE PAPEL PARA HIGIENE;10383;PAPEL HIGIÊNICO;620626;CARACTERÍSTICAS ADICIONAIS: FRAGRANCIA NEUTRA, COMPRIMENTO: 30, COR: BRANCA, LARGURA: 10, MATERIAL: FIBRAS CELULÓSICAS, QUANTIDADE FOLHAS: SIMPLES, TIPO: GOFRADO E PICOTADO;FD;1600,0000;69,0800;110528,0000;0,0000;30/10/2026
ERN-HOSPITAL REG.TARCÍSIO DE VASCONCELOS MAIA;927052;232;Material;927052-11/2026;Aquisição de Bens de Consumo;Catálogo do Compras.gov.br;Material;7520;ACESSÓRIOS E DISPOSITIVOS PARA ESCRITÓRIO;1499;ESTILETE;622133;CARACTERÍSTICAS ADICIONAIS: LÂMINA DE AÇO CARBONO, ESPESSURA: 18, MATERIAL CORPO: POLIPROPILENO, TIPO: COM TRAVA;CX;150,0000;25,3600;3804,0000;0,0000;30/10/2026
ERN-HOSPITAL REG.TARCÍSIO DE VASCONCELOS MAIA;927052;233;Material;927052-11/2026;Aquisição de Bens de Consumo;Catálogo do Compras.gov.br;Material;7520;ACESSÓRIOS E DISPOSITIVOS PARA ESCRITÓRIO;56;PERFURADOR PAPEL;413723;CAPACIDADE PERFURAÇÃO: 100, CARACTERÍSTICAS ADICIONAIS: FURO REDONDO, MARGEADOR, REGULAGEM DE PROFUNDIDADE, FUNCIONAMENTO: MANUAL, MATERIAL: FERRO FUNDIDO, QUANTIDADE FUROS: 2, TIPO: MESA;UN;20,0000;45,6000;912,0000;0,0000;30/10/2026
ERN-HOSPITAL REG.TARCÍSIO DE VASCONCELOS MAIA;927052;234;Material;927052-11/2026;Aquisição de Bens de Consumo;Catálogo do Compras.gov.br;Material;8540;ARTIGOS DE PAPEL PARA HIGIENE;8122;GUARDANAPO DE PAPEL;231464;COMPRIMENTO: 30, COR: BRANCA, LARGURA: 33, MATERIAL: CELULOSE, TIPO FOLHAS: SIMPLES;UN;1224,0000;3,9500;4834,8000;0,0000;30/10/2026
ERN-HOSPITAL REG.TARCÍSIO DE VASCONCELOS MAIA;927052;235;Material;927052-11/2026;Aquisição de Bens de Consumo;Catálogo do Compras.gov.br;Material;7520;ACESSÓRIOS E DISPOSITIVOS PARA ESCRITÓRIO;4416;CANETA PERMANENTE;354793;CARACTERÍSTICAS ADICIONAIS: ESPESSURA PONTA 2MM, COR TINTA: VERMELHA, MATERIAL CORPO: PLÁSTICO, MATERIAL PONTA: METAL, TIPO ESCRITA: GROSSA;UN;960,0000;13,8000;13248,0000;0,0000;30/10/2026
ERN-HOSPITAL REG.TARCÍSIO DE VASCONCELOS MAIA;927052;236;Material;927052-11/2026;Aquisição de Bens de Consumo;Catálogo do Compras.gov.br;Material;6840;PESTICIDAS E DESINFETANTES;14487;DESINFETANTE;458768;COMPOSIÇÃO: À BASE DE PHMB, DIDECILDIMETILAMÔNIO, FORMA FÍSICA: EM LENÇO UMIDECIDO, PRINCÍPIO ATIVO: CLORETO ALQUIL DIMETIL BENZIL AMÔNIO;LEN;1100,0000;50,5500;55605,0000;0,0000;30/10/2026
ERN-HOSPITAL REG.TARCÍSIO DE VASCONCELOS MAIA;927052;237;Material;927052-11/2026;Aquisição de Bens de Consumo;Catálogo do Compras.gov.br;Material;7240;RECEPIENTES PARA USO DOMÉSTICO E COMERCIAL;11495;LIXEIRA;319509;CAPACIDADE: 30, COR: BRANCA, MATERIAL: AÇO INOXIDÁVEL, TIPO: COM TAMPA E PEDAL, ALTURA: 45, LARGURA: 35;UN;250,0000;78,9900;19747,5000;0,0000;30/10/2026
ERN-HOSPITAL REG.TARCÍSIO DE VASCONCELOS MAIA;927052;238;Material;927052-11/2026;Aquisição de Bens de Consumo;Catálogo do Compras.gov.br;Material;7290;UTENSÍLIOS COMERCIAIS E DOMÉSTICOS DIVERSOS;10344;PANO LIMPEZA;626317;APLICAÇÃO: LIMPEZA, CARACTERÍSTICAS ADICIONAIS: ALTO GRAU ABSORÇÃO, COMPRIMENTO: 40, LARGURA: 40, MATERIAL: MICROFIBRA., TIPO: TOALHA;UN;1000,0000;6,0000;6000,0000;0,0000;30/10/2026
ERN-HOSPITAL REG.TARCÍSIO DE VASCONCELOS MAIA;927052;239;Material;927052-11/2026;Aquisição de Bens de Consumo;Catálogo do Compras.gov.br;Material;7210;UTENSÍLIOS DOMÉSTICOS;19711;COLCHA CAMA;459542;CARACTERÍSTICAS ADICIONAIS: DUPLA FACE, COR: COM COR, MATERIAL: 100% POLIÉSTER, MEDIDAS MÍNIMAS (C X L): 2,40 M X 1,60, TIPO: LENÇOL DE CIMA / COBERTOR;UN;1500,0000;44,0000;66000,0000;0,0000;30/10/2026
ERN-HOSPITAL REG.TARCÍSIO DE VASCONCELOS MAIA;927052;240;Material;927052-11/2026;Aquisição de Bens de Consumo;Catálogo do Compras.gov.br;Material;7210;UTENSÍLIOS DOMÉSTICOS;19713;LENÇOL CAMA;459597;COR: BRANCO, MATERIAL: 100% ALGODÃO, MEDIDAS MÍNIMAS ( C X L ): 2,05 X 1,95, TIPO FIXAÇÃO: SEM ELÁSTICO;UN;2000,0000;16,0000;32000,0000;0,0000;30/10/2026
ERN-HOSPITAL REG.TARCÍSIO DE VASCONCELOS MAIA;927052;241;Material;927052-11/2026;Aquisição de Bens de Consumo;Catálogo do Compras.gov.br;Material;6840;PESTICIDAS E DESINFETANTES;2017;ÁCIDO PERACÉTICO;337144;DOSAGEM: 3%, FORMA FÍSICA: SOLUÇÃO AQUOSA;L;160,0000;251,9200;40307,2000;0,0000;30/10/2026
ERN-HOSPITAL REG.TARCÍSIO DE VASCONCELOS MAIA;927052;242;Material;927052-11/2026;Aquisição de Bens de Consumo;Catálogo do Compras.gov.br;Material;7210;UTENSÍLIOS DOMÉSTICOS;19711;COLCHA CAMA;459556;COR: BRANCO, GRAMATURA MÍNIMA: 300, MATERIAL: PIQUET 100% ALGODÃO, MEDIDAS MÍNIMAS (C X L): 2,40 M X 1,80, TIPO: MANTA;UN;1500,0000;55,0000;82500,0000;0,0000;30/10/2026
ERN-HOSPITAL REG.TARCÍSIO DE VASCONCELOS MAIA;927052;243;Material;927052-11/2026;Aquisição de Bens de Consumo;Catálogo do Compras.gov.br;Material;7240;RECEPIENTES PARA USO DOMÉSTICO E COMERCIAL;11495;LIXEIRA;439211;CAPACIDADE: 60, CARACTERÍSTICAS ADICIONAIS: FORMATO RETANGULAR, COR: BRANCA, MATERIAL: POLIETILENO ALTA DENSIDADE, TIPO: COM TAMPA PLÁSTICA ACIONADA POR PEDAL;UN;200,0000;130,3700;26074,0000;0,0000;30/10/2026
ERN-HOSPITAL REG.TARCÍSIO DE VASCONCELOS MAIA;927052;244;Material;927052-11/2026;Aquisição de Bens de Consumo;Catálogo do Compras.gov.br;Material;7210;UTENSÍLIOS DOMÉSTICOS;19709;COLCHÃO;459462;CARACTERÍSTICAS ADICIONAIS: TECIDO IMPERMEÁVEL E LAVÁVEL, DENSIDADE: D-28, MATERIAL: ESPUMA EXTRAFIRME / ALTA RESISTÊNCIA, TAMANHO ALTURA: 0,15, TAMANHO LARGURA X COMPRIMENTO: 0,88 X 1,88, TECIDO DE REVESTIMENTO: SINTÉTICO NAPA / COURINO, TIPO: ESPUMA;UN;600,0000;400,0000;240000,0000;0,0000;30/10/2026
ERN-HOSPITAL REG.TARCÍSIO DE VASCONCELOS MAIA;927052;245;Material;927052-11/2026;Aquisição de Bens de Consumo;Catálogo do Compras.gov.br;Material;7240;RECEPIENTES PARA USO DOMÉSTICO E COMERCIAL;16554;DISPENSER PAPEL HIGIÊNICO;607814;ALTURA: 29, CARACTERÍSTICAS ADICIONAIS: CAPACIDADE PARA ROLO DE ATÉ 400 METROS, COR: BRANCO, LARGURA: 27, MATERIAL BASE: AÇO CARBONO 1020, MATERIAL TAMPA: AÇO CARBONO 1020, PROFUNDIDADE: 13, TIPO: DE PAREDE;UN;120,0000;26,4700;3176,4000;0,0000;30/10/2026
ERN-HOSPITAL REG.TARCÍSIO DE VASCONCELOS MAIA;927052;246;Material;927052-11/2026;Aquisição de Bens de Consumo;Catálogo do Compras.gov.br;Material;7240;RECEPIENTES PARA USO DOMÉSTICO E COMERCIAL;764;BALDE;622092;CAPACIDADE: 10, COR: VARIADA, FORMATO: OVAL, MATERIAL: PLÁSTICO, MATERIAL ALÇA: FERRO;UN;60,0000;11,0000;660,0000;0,0000;30/10/2026
ERN-HOSPITAL REG.TARCÍSIO DE VASCONCELOS MAIA;927052;247;Material;927052-11/2026;Aquisição de Bens de Consumo;Catálogo do Compras.gov.br;Material;7210;UTENSÍLIOS DOMÉSTICOS;756;TRAVESSEIRO;323665;ALTURA: 10, COMPRIMENTO: 65, COR: AZUL, LARGURA: 45, MATERIAL: ESPUMA, REVESTIMENTO: NAPA IMPERMEÁVEL;UN;400,0000;66,0000;26400,0000;0,0000;30/10/2026
ERN-HOSPITAL REG.TARCÍSIO DE VASCONCELOS MAIA;927052;248;Material;927052-11/2026;Aquisição de Bens de Consumo;Catálogo do Compras.gov.br;Material;7240;RECEPIENTES PARA USO DOMÉSTICO E COMERCIAL;3255;DISPENSER HIGIENIZADOR;449572;APLICAÇÃO: MÃOS, CAPACIDADE: 800, CARACTERÍSTICAS ADICIONAIS: FORMATO PIRAMIDAL 100MM X 100MM X 70 MM X 90MM, COR: TRANSPARENTE, MATERIAL: ACRÍLICO, TIPO FIXAÇÃO: PAREDE;UN;120,0000;27,0600;3247,2000;0,0000;30/10/2026
ERN-HOSPITAL REG.TARCÍSIO DE VASCONCELOS MAIA;927052;249;Material;927052-11/2026;Aquisição de Bens de Consumo;Catálogo do Compras.gov.br;Material;7210;UTENSÍLIOS DOMÉSTICOS;750;FRONHA;356088;CARACTERÍSTICAS ADICIONAIS: COM LOGOMARCA, COMPRIMENTO: 70, COR: BRANCA, LARGURA: 50, MATERIAL: 50% ALGODÃO E 50% POLIÉSTER;UN;100,0000;7,9000;790,0000;0,0000;30/10/2026
ERN-HOSPITAL REG.TARCÍSIO DE VASCONCELOS MAIA;927052;250;Material;927052-11/2026;Aquisição de Bens de Consumo;Catálogo do Compras.gov.br;Material;7240;RECEPIENTES PARA USO DOMÉSTICO E COMERCIAL;2826;DISPENSER PAPEL TOALHA;457087;CARACTERÍSTICAS ADICIONAIS: CAPACIDADE ROLOS DE 200M E 20 CM LARGURA, MATERIAL: PLÁSTICO ABS, TIPO: LIBERAÇÃO DE PAPEL POR ALAVANCA;UN;50,0000;28,3200;1416,0000;0,0000;30/10/2026
ERN-HOSPITAL REG.TARCÍSIO DE VASCONCELOS MAIA;927052;251;Material;927052-11/2026;Aquisição de Bens de Consumo;Catálogo do Compras.gov.br;Material;7210;UTENSÍLIOS DOMÉSTICOS;1118;PRATO PORCELANA;304000;APLICAÇÃO: REFEIÇÃO, FORMATO: REDONDO, CARACTERÍSTICAS ADICIONAIS: BORDA ESPESSURA 3,5 CM, COR: BRANCA, TIPO: FUNDO, DIÂMETRO: 24;UN;500,0000;21,0000;10500,0000;0,0000;30/10/2026
ERN-HOSPITAL REG.TARCÍSIO DE VASCONCELOS MAIA;927052;252;Material;927052-11/2026;Aquisição de Bens de Consumo;Catálogo do Compras.gov.br;Material;6840;PESTICIDAS E DESINFETANTES;14487;DESINFETANTE;616691;COMPOSIÇÃO: À BASE DE QUATERNÁRIOS DE AMÔNIO, FORMA FÍSICA: SOLUÇÃO AQUOSA CONCENTRADA, PRINCÍPIO ATIVO: ASSOCIADO À BIGUANIDA (PHMB), TEOR ATIVO: 20,57% P/P + 0,9% P/P;KG;1000,0000;69,9800;69980,0000;0,0000;30/10/2026
ERN-HOSPITAL REG.TARCÍSIO DE VASCONCELOS MAIA;927052;253;Material;927052-11/2026;Aquisição de Bens de Consumo;Catálogo do Compras.gov.br;Material;6840;PESTICIDAS E DESINFETANTES;14487;DESINFETANTE;410279;CARACTERÍSTICA ADICIONAL: SEM AROMA, FORMA FÍSICA: SOLUÇÃO AQUOSA CONCENTRADA, PRINCÍPIO ATIVO: À BASE DE PERÓXIDO DE HIDROGÊNIO E ÁCIDO FOSFÓRICO, TEOR ATIVO: TEOR ATIVO 4,25%;L;1800,0000;95,9000;172620,0000;0,0000;30/10/2026
ERN-HOSPITAL REG.TARCÍSIO DE VASCONCELOS MAIA;927052;254;Material;927052-11/2026;Aquisição de Bens de Consumo;Catálogo do Compras.gov.br;Material;7210;UTENSÍLIOS DOMÉSTICOS;10341;PANO PRATO;418506;CARACTERÍSTICAS ADICIONAIS: ABSORVENTE/LAVÁVEL E DURÁVEL, COMPRIMENTO: 71, COR: BRANCA, LARGURA: 48, MATERIAL: ALGODÃO ALVEJADO;UN;300,0000;107,9000;32370,0000;0,0000;30/10/2026
ERN-HOSPITAL REG.TARCÍSIO DE VASCONCELOS MAIA;927052;255;Material;927052-11/2026;Aquisição de Bens de Consumo;Catálogo do Compras.gov.br;Material;7210;UTENSÍLIOS DOMÉSTICOS;10341;PANO PRATO;225712;CARACTERÍSTICAS ADICIONAIS: ABSORVENTE/LAVÁVEL E DURÁVEL, COMPRIMENTO: 60, COR: BRANCA, LARGURA: 40, MATERIAL: ALGODÃO CRÚ;UN;600,0000;107,9000;64740,0000;0,0000;30/10/2026
ERN-HOSPITAL REG.TARCÍSIO DE VASCONCELOS MAIA;927052;256;Material;927052-11/2026;Aquisição de Bens de Consumo;Catálogo do Compras.gov.br;Material;7240;RECEPIENTES PARA USO DOMÉSTICO E COMERCIAL;11495;LIXEIRA;420576;CAPACIDADE: 240, CARACTERÍSTICAS ADICIONAIS: COM 2 RODÍZIOS, TAMPA COM DOBRADIÇA, MATERIAL: POLIETILENO ALTA DENSIDADE, REVESTIMENTO: TRATAMENTO EM UV, TIPO: CONTAINER;UN;60,0000;397,3000;23838,0000;0,0000;30/10/2026
ERN-HOSPITAL REG.TARCÍSIO DE VASCONCELOS MAIA;927052;257;Material;927052-11/2026;Aquisição de Bens de Consumo;Catálogo do Compras.gov.br;Material;6840;PESTICIDAS E DESINFETANTES;14487;DESINFETANTE;457797;COMPOSIÇÃO: À BASE DE HIPOCLORITO DE SÓDIO, FORMA FÍSICA: SOLUÇÃO AQUOSA, TEOR ATIVO: TEOR MÍNIMO DE 1%;L;3000,0000;3,8000;11400,0000;0,0000;30/10/2026
ERN-HOSPITAL REG.TARCÍSIO DE VASCONCELOS MAIA;927052;258;Material;927052-11/2026;Aquisição de Bens de Consumo;Catálogo do Compras.gov.br;Material;7210;UTENSÍLIOS DOMÉSTICOS;10344;PANO LIMPEZA;618578;CARACTERÍSTICAS ADICIONAIS: PICOTADO, TIPO BOBINA, ANTIBACTÉRIA, COMPRIMENTO: 300, COR: VERDE, LARGURA: 33, MATERIAL: 100% VISCOSE E RESINA ACRÍLICA;RO;900,0000;99,0000;89100,0000;0,0000;30/10/2026
ERN-HOSPITAL REG.TARCÍSIO DE VASCONCELOS MAIA;927052;259;Material;927052-11/2026;Aquisição de Bens de Consumo;Catálogo do Compras.gov.br;Material;7210;UTENSÍLIOS DOMÉSTICOS;14733;COLCHONETE;601398;APLICAÇÃO: P/ MACA HOSPITALAR, COMPRIMENTO: CERCA 185, COR: C/ COR, DENSIDADE: MÍNIMA D-28, ESPESSURA: MÍNIMA 5, LARGURA: CERCA 65, MATERIAL: ESPUMA FLEXÍVEL POLIURETANO, REVESTIMENTO: CAPA TOTALMENTE IMPERMEÁVEL E NÃO REMOVÍVEL;UN;300,0000;350,0000;105000,0000;0,0000;30/10/2026
ERN-HOSPITAL REG.TARCÍSIO DE VASCONCELOS MAIA;927052;260;Material;927052-11/2026;Aquisição de Bens de Consumo;Catálogo do Compras.gov.br;Material;6840;PESTICIDAS E DESINFETANTES;14235;DETERGENTE ENZIMÁTICO;476022;ADICIONAL: PARA AUTOMAÇÃO, COMPOSIÇÃO: A BASE DE AMILASE, PROTEASE, LIPASE E CARBOIDRASE;L;216,0000;14,4800;3127,6800;0,0000;30/10/2026
ERN-HOSPITAL REG.TARCÍSIO DE VASCONCELOS MAIA;927052;282;Material;927052-11/2026;Aquisição de Bens de Consumo;Catálogo do Compras.gov.br;Material;9999;ITENS DIVERSOS;5849;COPO DESCARTÁVEL;618311;CAPACIDADE: 50, CARACTERÍSTICAS ADICIONAIS: PACOTE 100 UNIDADES, MATERIAL: PLÁSTICO;PCT;850,0000;5,8900;5006,5000;0,0000;30/10/2026
ERN-HOSPITAL REG.TARCÍSIO DE VASCONCELOS MAIA;927052;261;Material;927052-11/2026;Aquisição de Bens de Consumo;Catálogo do Compras.gov.br;Material;7240;RECEPIENTES PARA USO DOMÉSTICO E COMERCIAL;2826;DISPENSER PAPEL TOALHA;372651;CARACTERÍSTICAS ADICIONAIS: INTERFOLHA 3 DOBRAS: 23X27 CM E 2 DOBRAS: 23X23 CM, COR: BRANCA E CINZA, DIMENSÕES: 32 X 26,70 X 12,80, MATERIAL: PLÁSTICO ABS, TIPO: INTERFOLHA;UN;60,0000;26,4800;1588,8000;0,0000;30/10/2026
ERN-HOSPITAL REG.TARCÍSIO DE VASCONCELOS MAIA;927052;262;Material;927052-11/2026;Aquisição de Bens de Consumo;Catálogo do Compras.gov.br;Material;7210;UTENSÍLIOS DOMÉSTICOS;1118;PRATO PORCELANA;303999;APLICAÇÃO: REFEIÇÃO, FORMATO: REDONDO, CARACTERÍSTICAS ADICIONAIS: BORDA ESPESSURA 3,9 CM, COR: BRANCA, TIPO: RASO, DIÂMETRO: 24,5;UN;500,0000;16,5000;8250,0000;0,0000;30/10/2026
ERN-HOSPITAL REG.TARCÍSIO DE VASCONCELOS MAIA;927052;263;Material;927052-11/2026;Aquisição de Bens de Consumo;Catálogo do Compras.gov.br;Material;7210;UTENSÍLIOS DOMÉSTICOS;19713;LENÇOL CAMA;467125;CARACTERÍSTICAS ADICIONAIS: USO HOSPITALAR COM COSTURA DUPLA, COR: BRANCO, GRAMATURA MÍNIMA: 150, MATERIAL: CRETONE 100% ALGODÃO, MEDIDAS MÍNIMAS ( C X L ): 2,50 X 1,40, TIPO FIXAÇÃO: SEM ELÁSTICO;UN;2000,0000;23,2000;46400,0000;0,0000;30/10/2026
ERN-HOSPITAL REG.TARCÍSIO DE VASCONCELOS MAIA;927052;264;Material;927052-11/2026;Aquisição de Bens de Consumo;Catálogo do Compras.gov.br;Material;7240;RECEPIENTES PARA USO DOMÉSTICO E COMERCIAL;14011;BALDE COM ESPREMEDOR;450518;CAPACIDADE BALDE: 33, MATERIAL BALDE: PLÁSTICO, MATERIAL BASE: PLÁSTICO, MATERIAL ESPREMEDOR: PLÁSTICO, TIPO ESPREMEDOR: PRESSÃO HORIZONTAL;CJ;100,0000;132,8900;13289,0000;0,0000;30/10/2026
ERN-HOSPITAL REG.TARCÍSIO DE VASCONCELOS MAIA;927052;265;Material;927052-11/2026;Aquisição de Bens de Consumo;Catálogo do Compras.gov.br;Material;7240;RECEPIENTES PARA USO DOMÉSTICO E COMERCIAL;14011;BALDE COM ESPREMEDOR;450518;CAPACIDADE BALDE: 33, MATERIAL BALDE: PLÁSTICO, MATERIAL BASE: PLÁSTICO, MATERIAL ESPREMEDOR: PLÁSTICO, TIPO ESPREMEDOR: PRESSÃO HORIZONTAL;UN;40,0000;396,8200;15872,8000;0,0000;30/10/2026
ERN-HOSPITAL REG.TARCÍSIO DE VASCONCELOS MAIA;927052;266;Material;927052-11/2026;Aquisição de Bens de Consumo;Catálogo do Compras.gov.br;Material;6840;PESTICIDAS E DESINFETANTES;2017;ÁCIDO PERACÉTICO;348040;DOSAGEM: MÍNIMO DE 0,2%, FORMA FÍSICA: SOLUÇÃO AQUOSA;L;44,0000;176,8800;7782,7200;0,0000;30/10/2026
ERN-HOSPITAL REG.TARCÍSIO DE VASCONCELOS MAIA;927052;267;Material;927052-11/2026;Aquisição de Bens de Consumo;Catálogo do Compras.gov.br;Material;6840;PESTICIDAS E DESINFETANTES;14487;DESINFETANTE;607280;COMPOSIÇÃO: À BASE DE QUATERNÁRIO DE AMÔNIO, FORMA FÍSICA: SOLUÇÃO AQUOSA, PRINCÍPIO ATIVO: PERÓXIDO DE HIDROGÊNIO, TEOR ATIVO: CERCA DE 5,5% + 4,3%;L;1800,0000;95,0000;171000,0000;0,0000;30/10/2026
ERN-HOSPITAL REG.TARCÍSIO DE VASCONCELOS MAIA;927052;268;Material;927052-11/2026;Aquisição de Bens de Consumo;Catálogo do Compras.gov.br;Material;9999;ITENS DIVERSOS;5849;COPO DESCARTÁVEL;618310;CAPACIDADE: 200, CARACTERÍSTICAS ADICIONAIS: PACOTE 100 UNIDADES, MATERIAL: PLÁSTICO;PCT;8500,0000;6,6700;56695,0000;0,0000;30/10/2026
ERN-HOSPITAL REG.TARCÍSIO DE VASCONCELOS MAIA;927052;269;Material;927052-11/2026;Aquisição de Bens de Consumo;Catálogo do Compras.gov.br;Material;9920;ARTIGOS PARA FUMANTES;7795;FÓSFORO;241343;COR CABEÇA: VERMELHA, MATERIAL CORPO: MADEIRA, TIPO: LONGO;PCT;180,0000;4,6900;844,2000;0,0000;30/10/2026
ERN-HOSPITAL REG.TARCÍSIO DE VASCONCELOS MAIA;927052;270;Material;927052-11/2026;Aquisição de Bens de Consumo;Catálogo do Compras.gov.br;Material;9999;ITENS DIVERSOS;13530;REFIL;626487;APLICAÇÃO: ESFREGÃO, MATERIAL: MICROFIBRA DE POLIPROPILENO, TIPO: REFIL PARA MOP;UN;800,0000;31,1200;24896,0000;0,0000;30/10/2026
ERN-HOSPITAL REG.TARCÍSIO DE VASCONCELOS MAIA;927052;271;Material;927052-11/2026;Aquisição de Bens de Consumo;Catálogo do Compras.gov.br;Material;9330;ARTIGOS DE PLÁSTICO;4149;CAIXA PLÁSTICA;440737;ALTURA: 20, CAPACIDADE: 28, CARACTERÍSTICAS ADICIONAIS: TAMPA E TRAVAS, COMPRIMENTO: 56,50, LARGURA: 38,50, MATERIAL: PLÁSTICO RESISTENTE, TIPO: CAIXA ORGANIZADORA, TRANSMITÂNCIA: TRANSPARENTE;UN;10,0000;49,9000;499,0000;0,0000;30/10/2026
ERN-HOSPITAL REG.TARCÍSIO DE VASCONCELOS MAIA;927052;272;Material;927052-11/2026;Aquisição de Bens de Consumo;Catálogo do Compras.gov.br;Material;9905;CARTAZES, MOSTRUÁRIOS E PLACAS DE IDENTIFICAÇÃO;58;PLACA ACRÍLICA;627349;ALTURA: 53, APLICAÇÃO: IDENTIFICAÇÃO/INFORMATIVA, CARACTERÍSTICAS ADICIONAIS: CONFORME MODELO DO ÓRGÃO, COR: INCOLOR, ESPESSURA: 3, LARGURA: 0,43, MATERIAL: ACRÍLICO;M2;60,0000;50,2000;3012,0000;0,0000;30/10/2026
ERN-HOSPITAL REG.TARCÍSIO DE VASCONCELOS MAIA;927052;273;Material;927052-11/2026;Aquisição de Bens de Consumo;Catálogo do Compras.gov.br;Material;9905;CARTAZES, MOSTRUÁRIOS E PLACAS DE IDENTIFICAÇÃO;58;PLACA ACRÍLICA;627349;ALTURA: 53, APLICAÇÃO: IDENTIFICAÇÃO/INFORMATIVA, CARACTERÍSTICAS ADICIONAIS: CONFORME MODELO DO ÓRGÃO, COR: INCOLOR, ESPESSURA: 3, LARGURA: 0,43, MATERIAL: ACRÍLICO;UN;400,0000;21,9800;8792,0000;0,0000;30/10/2026
ERN-HOSPITAL REG.TARCÍSIO DE VASCONCELOS MAIA;927052;274;Material;927052-11/2026;Aquisição de Bens de Consumo;Catálogo do Compras.gov.br;Material;9330;ARTIGOS DE PLÁSTICO;4149;CAIXA PLÁSTICA;438009;ALTURA: 196, CAPACIDADE: 20, COMPRIMENTO: 487, COR: BRANCA, LARGURA: 331, MATERIAL: PLÁSTICO, TIPO: ORGANIZADOR COM TAMPA;UN;20,0000;39,9000;798,0000;0,0000;30/10/2026
ERN-HOSPITAL REG.TARCÍSIO DE VASCONCELOS MAIA;927052;275;Material;927052-11/2026;Aquisição de Bens de Consumo;Catálogo do Compras.gov.br;Material;9999;ITENS DIVERSOS;5849;COPO DESCARTÁVEL;341373;APLICAÇÃO: ÁGUA/SUCO E REFRIGERENTE, CAPACIDADE: 200, CARACTERÍSTICAS ADICIONAIS: COM TAMPA, MATERIAL: POLIETILENO;PCT;1500,0000;29,8300;44745,0000;0,0000;30/10/2026
ERN-HOSPITAL REG.TARCÍSIO DE VASCONCELOS MAIA;927052;276;Material;927052-11/2026;Aquisição de Bens de Consumo;Catálogo do Compras.gov.br;Material;9330;ARTIGOS DE PLÁSTICO;4149;CAIXA PLÁSTICA;397198;ALTURA: 19, CAPACIDADE: 24,50, CARACTERÍSTICAS ADICIONAIS: COM TAMPA, COMPRIMENTO: 54, COR: BRANCA, LARGURA: 33, MATERIAL: POLIPROPILENO, TIPO: MONOBLOCO;UN;20,0000;39,9000;798,0000;0,0000;30/10/2026
ERN-HOSPITAL REG.TARCÍSIO DE VASCONCELOS MAIA;927052;277;Material;927052-11/2026;Aquisição de Bens de Consumo;Catálogo do Compras.gov.br;Material;9330;ARTIGOS DE PLÁSTICO;4149;CAIXA PLÁSTICA;444897;ALTURA: 12, APLICAÇÃO: ACONDICIONAMENTO ALIMENTOS, CAPACIDADE: 16, CARACTERÍSTICAS ADICIONAIS: TAMPA E TRAVAS, COMPRIMENTO: 53, COR: INCOLOR, LARGURA: 32, TRANSMITÂNCIA: TRANSPARENTE;UN;10,0000;37,9900;379,9000;0,0000;30/10/2026
ERN-HOSPITAL REG.TARCÍSIO DE VASCONCELOS MAIA;927052;278;Material;927052-11/2026;Aquisição de Bens de Consumo;Catálogo do Compras.gov.br;Material;9390;PRODUTOS DIVERSOS NÃO METÁLICOS;4175;CAIXA TÉRMICA;373309;CAPACIDADE: 141, CARACTERÍSTICAS ADICIONAIS: TAMPA ARTICULADA/TRINCO EMBUTIDO/ALÇA DUPLA/DREN0, DENSIDADE: 35, MATERIAL: POLIURETANO EXPANDIDO;UN;10,0000;1514,1100;15141,1000;0,0000;30/10/2026
ERN-HOSPITAL REG.TARCÍSIO DE VASCONCELOS MAIA;927052;279;Material;927052-11/2026;Aquisição de Bens de Consumo;Catálogo do Compras.gov.br;Material;9330;ARTIGOS DE PLÁSTICO;4149;CAIXA PLÁSTICA;383257;ALTURA: 31, CAPACIDADE: 50, CARACTERÍSTICAS ADICIONAIS: VAZADA/MONOBLOCO/SEM TAMPA, COMPRIMENTO: 55, COR: PRETA, LARGURA: 35,50, MATERIAL: POLIPROPILENO, TIPO: EMPILHÁVEL;UN;15,0000;100,6000;1509,0000;0,0000;30/10/2026
ERN-HOSPITAL REG.TARCÍSIO DE VASCONCELOS MAIA;927052;280;Material;927052-11/2026;Aquisição de Bens de Consumo;Catálogo do Compras.gov.br;Material;9999;ITENS DIVERSOS;5849;COPO DESCARTÁVEL;255611;CAPACIDADE: 300, MATERIAL: PLÁSTICO;PCT;3000,0000;12,9400;38820,0000;0,0000;30/10/2026
ERN-HOSPITAL REG.TARCÍSIO DE VASCONCELOS MAIA;927052;518;Material;927052-9/2026;Materiais de Consumo - Medicamentos e Materiais Médicos;Catálogo do Compras.gov.br;Material;6505;DROGAS E MEDICAMENTOS;12715;TIAMINA;272341;DOSAGEM: 300;COMPR;1500,0000;8,0600;12090,0000;0,0000;30/10/2026
ERN-HOSPITAL REG.TARCÍSIO DE VASCONCELOS MAIA;927052;283;Material;927052-11/2026;Aquisição de Bens de Consumo;Catálogo do Compras.gov.br;Material;9390;PRODUTOS DIVERSOS NÃO METÁLICOS;58;PLACA ACRÍLICA;627349;ALTURA: 53, APLICAÇÃO: IDENTIFICAÇÃO/INFORMATIVA, CARACTERÍSTICAS ADICIONAIS: CONFORME MODELO DO ÓRGÃO, COR: INCOLOR, ESPESSURA: 3, LARGURA: 0,43, MATERIAL: ACRÍLICO;UN;100,0000;41,2000;4120,0000;0,0000;30/10/2026
ERN-HOSPITAL REG.TARCÍSIO DE VASCONCELOS MAIA;927052;284;Material;927052-11/2026;Aquisição de Bens de Consumo;Catálogo do Compras.gov.br;Material;9999;ITENS DIVERSOS;30233;RESERVATÓRIO P/ COLETA DE AMOSTRA BIOLÓGICA;619183;APLICAÇÃO: UNIVERSAL, ESTERILIDADE: ESTÉRIL, USO ÚNICO, FECHAMENTO: C/ FECHO DE VEDAÇÃO, MATERIAL: POLÍMERO MALEÁVEL TRANSPARENTE, MODELO: SACO, VOLUME: CERCA DE 1000 ML;UN;180,0000;0,4400;79,2000;0,0000;30/10/2026
ERN-HOSPITAL REG.TARCÍSIO DE VASCONCELOS MAIA;927052;285;Material;927052-11/2026;Aquisição de Bens de Consumo;Catálogo do Compras.gov.br;Material;9999;ITENS DIVERSOS;30233;RESERVATÓRIO P/ COLETA DE AMOSTRA BIOLÓGICA;619186;APLICAÇÃO: UNIVERSAL, ESTERILIDADE: ESTÉRIL, USO ÚNICO, FECHAMENTO: C/ FECHO DE VEDAÇÃO, MATERIAL: POLÍMERO MALEÁVEL TRANSPARENTE, MODELO: SACO, VOLUME: CERCA DE 2000 ML;UN;48000,0000;0,3200;15360,0000;0,0000;30/10/2026
ERN-HOSPITAL REG.TARCÍSIO DE VASCONCELOS MAIA;927052;286;Material;927052-10/2026;Equipamentos Permanente;Catálogo do Compras.gov.br;Material;4110;EQUIPAMENTO PARA REFRIGERAÇÃO;12405;CÂMARA FRIGORÍFICA;611540;CAPACIDADE ARMAZENAGEM: 2.300, DIMENSÕES: 2,28 X 2,42 X 2,54, MATERIAL: AÇO, MATERIAL ISOLAMENTO TÉRMICO: POLIESTIRENO EXPANDIDO, QUANTIDADE DE PORTAS: 01, SISTEMA REFRIGERAÇÃO: A GÁS, TIPO: CÂMARA RESFRIAMENTO, VOLTAGEM: 220;UN;1,0000;25412,0000;25412,0000;0,0000;30/10/2026
ERN-HOSPITAL REG.TARCÍSIO DE VASCONCELOS MAIA;927052;287;Material;927052-10/2026;Equipamentos Permanente;Catálogo do Compras.gov.br;Material;4110;EQUIPAMENTO PARA REFRIGERAÇÃO;13629;REFRIGERADOR DOMÉSTICO;481682;CAPACIDADE: 410, CARACTERÍSTICAS ADICIONAIS: DUPLEX, FROST FREE E DEGELO AUTOMÁTICO, TIPO: VERTICAL, VOLTAGEM: 110/220;UN;2,0000;3155,4000;6310,8000;0,0000;30/10/2026
ERN-HOSPITAL REG.TARCÍSIO DE VASCONCELOS MAIA;927052;288;Material;927052-10/2026;Equipamentos Permanente;Catálogo do Compras.gov.br;Material;4110;EQUIPAMENTO PARA REFRIGERAÇÃO;270;REFRIGERADOR ALIMENTOS;483276;CAPACIDADE: 1.044, CARACTERÍSTICAS ADICIONAIS: REVESTIMENTO EXTERNO EM AÇO INOX 430, QUANTIDADE PORTAS: 4, TEMPERATURA: 1° A + 7°, TENSÃO ALIMENTAÇÃO: 127;UN;2,0000;9345,5600;18691,1200;0,0000;30/10/2026
ERN-HOSPITAL REG.TARCÍSIO DE VASCONCELOS MAIA;927052;289;Material;927052-10/2026;Equipamentos Permanente;Catálogo do Compras.gov.br;Material;3590;EQUIPAMENTOS DIVERSOS PARA SERVIÇOS PROFISSIONAIS E  COMERCIAIS;30233;RESERVATÓRIO P/ COLETA DE AMOSTRA BIOLÓGICA;619191;APLICAÇÃO: P/ URINA, ESTERILIDADE: ESTÉRIL, USO ÚNICO, FECHAMENTO: TAMPA PLÁSTICA, COMPATÍVEL C/ TUBO A VÁCUO, MATERIAL: POLÍMERO RÍGIDO TRANSPARENTE, GRADUADO, MODELO: FRASCO, VOLUME: CERCA DE 100 ML;UN;20000,0000;1,0000;20000,0000;0,0000;30/10/2026
ERN-HOSPITAL REG.TARCÍSIO DE VASCONCELOS MAIA;927052;290;Material;927052-10/2026;Equipamentos Permanente;Catálogo do Compras.gov.br;Material;3590;EQUIPAMENTOS DIVERSOS PARA SERVIÇOS PROFISSIONAIS E  COMERCIAIS;1106;MULTIPROCESSADOR ALIMENTOS;473222;ALTURA: 840, COMPRIMENTO: 460, FUNÇÃO: PULSAR (PROCESSAR, MOER, CORTAR, MISTURAR, TRITURA, LARGURA: 390, MATERIAL: AÇO INOX/ALUMÍNIO, PESO: 28, POTÊNCIA: 3.000, TENSÃO: 220;UN;2,0000;3534,4200;7068,8400;0,0000;30/10/2026
ERN-HOSPITAL REG.TARCÍSIO DE VASCONCELOS MAIA;927052;291;Material;927052-10/2026;Equipamentos Permanente;Catálogo do Compras.gov.br;Material;4110;EQUIPAMENTO PARA REFRIGERAÇÃO;3492;BEBEDOURO ÁGUA GARRAFÃO;402920;CAPACIDADE: 20, CARACTERÍSTICAS ADICIONAIS: BAIXO CONSUMO ENERGIA,TERMOSTATO REGULÁVEL,INMETRO, MATERIAL: PLÁSTICO ABS E CHAPA AÇO INOXIDÁVEL, TIPO: ELÉTRICO DE COLUNA, VOLTAGEM: 220;UN;1,0000;670,0000;670,0000;0,0000;30/10/2026
ERN-HOSPITAL REG.TARCÍSIO DE VASCONCELOS MAIA;927052;292;Material;927052-10/2026;Equipamentos Permanente;Catálogo do Compras.gov.br;Material;4110;EQUIPAMENTO PARA REFRIGERAÇÃO;783;FREEZER;438025;CAPACIDADE: 400, CARACTERÍSTICAS ADICIONAIS: TRIPLAFUNÇÃO, EFICIÊNCIA ENERGÉTICA ETIQUETA "A", QUANTIDADE PORTAS: 1, TENSÃO ALIMENTAÇÃO: 220, TIPO: VERTICAL;UN;2,0000;3971,0100;7942,0200;0,0000;30/10/2026
ERN-HOSPITAL REG.TARCÍSIO DE VASCONCELOS MAIA;927052;293;Material;927052-10/2026;Equipamentos Permanente;Catálogo do Compras.gov.br;Material;3920;EQUIPAMENTOS NÃO AUTOPROPULSIONADO PARA MOVIMENTAÇÃO  DE  MATERIAIS;4584;CARRINHO TRANSPORTE;627690;ALTURA: 850, APLICAÇÃO: ARMAZENAMENTO E TRANSPORTE DE FERRAMENTAS, CAPACIDADE: 120, COMPRIMENTO: 650, LARGURA: 410, MATERIAL: AÇO, QUANTIDADE RODAS: 2 RODÍZIOS FIXOS E 2 GIRATÓRIOS (1 COM FREIO), TIPO: ORGANIZADOR, TRATAMENTO SUPERFICIAL: PINTURA ELETROSTÁTICA;UN;4,0000;1546,0000;6184,0000;0,0000;30/10/2026
ERN-HOSPITAL REG.TARCÍSIO DE VASCONCELOS MAIA;927052;294;Material;927052-10/2026;Equipamentos Permanente;Catálogo do Compras.gov.br;Material;4110;EQUIPAMENTO PARA REFRIGERAÇÃO;783;FREEZER;376977;CAPACIDADE: 400, CARACTERÍSTICAS ADICIONAIS: DUPLA AÇÃO, DRENO FRONTAL E 4 RODÍZIOS, COR: BRANCA, SISTEMA DEGELO: AUTOMÁTICO, TENSÃO ALIMENTAÇÃO: 220, TIPO: HORIZONTAL;UN;5,0000;3963,5000;19817,5000;0,0000;30/10/2026
ERN-HOSPITAL REG.TARCÍSIO DE VASCONCELOS MAIA;927052;295;Material;927052-10/2026;Equipamentos Permanente;Catálogo do Compras.gov.br;Material;4110;EQUIPAMENTO PARA REFRIGERAÇÃO;12405;CÂMARA FRIGORÍFICA;611541;CAPACIDADE ARMAZENAGEM: 2.300, DIMENSÕES: 2,28 X 2,52 X 2,64, MATERIAL: AÇO, MATERIAL ISOLAMENTO TÉRMICO: POLIESTIRENO EXPANDIDO, QUANTIDADE DE PORTAS: 01, SISTEMA REFRIGERAÇÃO: A GÁS, TIPO: CÂMARA CONGELAMENTO, VOLTAGEM: 220;UN;1,0000;26850,0000;26850,0000;0,0000;30/10/2026
ERN-HOSPITAL REG.TARCÍSIO DE VASCONCELOS MAIA;927052;296;Material;927052-10/2026;Equipamentos Permanente;Catálogo do Compras.gov.br;Material;3605;MÁQUINAS E EQUIPAMENTOS PARA PRODUTOS ALIMENTÍCIOS;10617;PENEIRA COZINHA;329351;CARACTERÍSTICAS ADICIONAIS: TELA FINA, DIÂMETRO: 20, MATERIAL: AÇO INOXIDÁVEL;UN;5,0000;28,6900;143,4500;0,0000;30/10/2026
ERN-HOSPITAL REG.TARCÍSIO DE VASCONCELOS MAIA;927052;297;Material;927052-10/2026;Equipamentos Permanente;Catálogo do Compras.gov.br;Material;3720;EQUIPAMENTO DE COLHEITA;14092;DESCASCADOR ALHO;273946;CAPACIDADE: 50, CARACTERÍSTICAS ADICIONAIS: COM SEPARADOR DE CASCA POR CENTRIFUGAÇÃO E PRESSÃO, MATERIAL: AÇO INOXIDÁVEL, TENSÃO: 110/220;UN;2,0000;3253,8200;6507,6400;0,0000;30/10/2026
ERN-HOSPITAL REG.TARCÍSIO DE VASCONCELOS MAIA;927052;298;Material;927052-10/2026;Equipamentos Permanente;Catálogo do Compras.gov.br;Material;3605;MÁQUINAS E EQUIPAMENTOS PARA PRODUTOS ALIMENTÍCIOS;1161;BATEDEIRA INDUSTRIAL;445664;ACESSÓRIOS: 3 BATEDORES TIPO ESPIRAL, RAQUETE E GLOBO, CAPACIDADE: 20, CARACTERÍSTICAS ADICIONAIS: PLANETÁRIA, C/ REGULADOR DE VELOCIDADE, MATERIAL CORPO: AÇO, POTÊNCIA MOTOR: 1, QUANTIDADE VELOCIDADE: 6, TENSÃO ALIMENTAÇÃO: 220;UN;3,0000;5954,6400;17863,9200;0,0000;30/10/2026
ERN-HOSPITAL REG.TARCÍSIO DE VASCONCELOS MAIA;927052;299;Material;927052-10/2026;Equipamentos Permanente;Catálogo do Compras.gov.br;Material;4230;EQUIPAMENTO  PARA DESCONTAMINAÇÃO E IMPREGNAÇÃO;3133;AUTOCLAVE DESCONTAMINAÇÃO;450454;CAPACIDADE: 80, TIPO ESTRUTURA: CALDEIRA VERTICAL EM AÇO INÓXIDAVEL AISI 304;UN;1,0000;22758,0000;22758,0000;0,0000;30/10/2026
ERN-HOSPITAL REG.TARCÍSIO DE VASCONCELOS MAIA;927052;300;Material;927052-10/2026;Equipamentos Permanente;Catálogo do Compras.gov.br;Material;4430;FORNALHAS, FORNOS E ESTUFAS INDUSTRIAIS;7765;FORNO INDUSTRIAL;290951;ALTURA: 1.970, APLICAÇÃO: COZINHA, CARACTERÍSTICAS ADICIONAIS: COM PLACAS REFRATÁRIAS, VISOR EM VIDRO, TERMÔMETRO, COMPRIMENTO: 1130, LARGURA: 1.080, MATERIAL: CHAPA AÇO INOXIDÁVEL, TIPO: A GÁS, TIPO CÂMERA: DUPLA;UN;2,0000;2037,2200;4074,4400;0,0000;30/10/2026
ERN-HOSPITAL REG.TARCÍSIO DE VASCONCELOS MAIA;927052;301;Material;927052-10/2026;Equipamentos Permanente;Catálogo do Compras.gov.br;Material;4610;EQUIPAMENTOS PARA PURIFICAÇÃO DE ÁGUA;3492;BEBEDOURO ÁGUA GARRAFÃO;463069;CAPACIDADE: 20, CARACTERÍSTICAS ADICIONAIS: 2 TORNEIRAS DESMONTÁVEIS ÁGUA NATURAL/GELADA, COR: BRANCA, MATERIAL: PLÁSTICO, TIPO: ELÉTRICO DE MESA, VOLTAGEM: 110/220;UN;2,0000;773,8100;1547,6200;0,0000;30/10/2026
ERN-HOSPITAL REG.TARCÍSIO DE VASCONCELOS MAIA;927052;302;Material;927052-10/2026;Equipamentos Permanente;Catálogo do Compras.gov.br;Material;4120;EQUIPAMENTO DE AR CONDICIONADO;13768;APARELHO AR CONDICIONADO;621104;CAPACIDADE REFRIGERAÇÃO: 60.000, CARACTERÍSTICAS ADICIONAIS 1: CONTROLE REMOTO SEM FIO / CICLO SÓ FRIO / INVERTER, FREQÜÊNCIA: 60, GARANTIA: 1, MODELO: TETO/PISO, TENSÃO: 220, TIPO: SPLIT;UN;2,0000;25000,0000;50000,0000;0,0000;30/10/2026
ERN-HOSPITAL REG.TARCÍSIO DE VASCONCELOS MAIA;927052;303;Material;927052-10/2026;Equipamentos Permanente;Catálogo do Compras.gov.br;Material;4140;VENTILADORES, CIRCULADORES DE AR E VENTOINHAS;703;COIFA;215388;APLICAÇÃO: COZINHA, CARACTERÍSTICAS ADICIONAIS: COM EXAUSTOR, MATERIAL: AÇO INOXIDÁVEL, TIPO: SUSPENSA;UN;2,0000;6083,2500;12166,5000;0,0000;30/10/2026
ERN-HOSPITAL REG.TARCÍSIO DE VASCONCELOS MAIA;927052;304;Material;927052-10/2026;Equipamentos Permanente;Catálogo do Compras.gov.br;Material;4120;EQUIPAMENTO DE AR CONDICIONADO;13768;APARELHO AR CONDICIONADO;618527;CAPACIDADE REFRIGERAÇÃO: 18.000, CARACTERÍSTICAS ADICIONAIS: COM CONTROLE REMOTO SEM FIO, CARACTERÍSTICAS ADICIONAIS 1: CONTROLE REMOTO S/FIO, QUENTE/FRIO, SELO PROCEL, FREQÜÊNCIA: 60, GARANTIA: 1, MODELO: SPLIT INVERTER, TENSÃO: 220, TIPO: SPLIT HI WALL;UN;1,0000;3070,0000;3070,0000;0,0000;30/10/2026
ERN-HOSPITAL REG.TARCÍSIO DE VASCONCELOS MAIA;927052;305;Material;927052-10/2026;Equipamentos Permanente;Catálogo do Compras.gov.br;Material;4430;FORNALHAS, FORNOS E ESTUFAS INDUSTRIAIS;7765;FORNO INDUSTRIAL;615725;ALTURA: 1872, CAPACIDADE: 90, CAPACIDADE PRODUÇÃO: 20 GNS 1/1 TROLLEY -  20 GNS INSERÇÃO LONGITUDINAL, CARACTERÍSTICAS ADICIONAIS: ESPAÇAMENTO ENTRE TRILHOS: 62 MM, COMPRIMENTO: 877, LARGURA: 913, MATERIAL: CHAPA AÇO INOXIDÁVEL, POTÊNCIA MOTOR: 34,1, TENSÃO ALIMENTAÇÃO: 220/380, TIPO: ELÉTRICO COMBINADO, TIPO CÂMERA: INSERÇÃO LONGITUDINAL 1/1, 1/2, 2/3, 1/3, 2/8 GN;UN;1,0000;26297,1400;26297,1400;0,0000;30/10/2026
ERN-HOSPITAL REG.TARCÍSIO DE VASCONCELOS MAIA;927052;306;Material;927052-10/2026;Equipamentos Permanente;Catálogo do Compras.gov.br;Material;4610;EQUIPAMENTOS PARA PURIFICAÇÃO DE ÁGUA;15695;APARELHO PURIFICADOR DE ÁGUA;614139;ACESSÓRIOS: KIT INSTALAÇÃO, FILTRO, CAPACIDADE: 0,7, CAPACIDADE REFRIGERAÇÃO: 0,24, CARACTERÍSTICAS ADICIONAIS: ÁGUA NATURAL, FRIA E GELADA, TIPO: ELETRÔNICO, TIPO FIXAÇÃO: PAREDE/BANCADA, VOLTAGEM: BIVOLT;UN;5,0000;1008,9600;5044,8000;0,0000;30/10/2026
ERN-HOSPITAL REG.TARCÍSIO DE VASCONCELOS MAIA;927052;307;Material;927052-10/2026;Equipamentos Permanente;Catálogo do Compras.gov.br;Material;4140;VENTILADORES, CIRCULADORES DE AR E VENTOINHAS;710;VENTILADOR;612241;CARACTERÍSTICAS ADICIONAIS: GRADE REMOVÍVEL, DIÂMETRO: 50 A 60, MATERIAL: AÇO, POTÊNCIA MOTOR: 1/4, QUANTIDADE VELOCIDADE: 3, TENSÃO ALIMENTAÇÃO: 127/220, TIPO: PAREDE;UN;30,0000;220,0000;6600,0000;0,0000;30/10/2026
ERN-HOSPITAL REG.TARCÍSIO DE VASCONCELOS MAIA;927052;308;Material;927052-10/2026;Equipamentos Permanente;Catálogo do Compras.gov.br;Material;4140;VENTILADORES, CIRCULADORES DE AR E VENTOINHAS;710;VENTILADOR;607073;CARACTERÍSTICAS ADICIONAIS: GRADE METÁLICA, DIÂMETRO: 100, MATERIAL: AÇO, POTÊNCIA MOTOR: 1/2, TENSÃO ALIMENTAÇÃO: 127/220, TIPO: PAREDE;UN;4,0000;1250,0000;5000,0000;0,0000;30/10/2026
ERN-HOSPITAL REG.TARCÍSIO DE VASCONCELOS MAIA;927052;309;Material;927052-10/2026;Equipamentos Permanente;Catálogo do Compras.gov.br;Material;6525;EQUIPAMENTOS E SUPRIMENTOS DE RAIOS-X DE USO  MÉDICO,  DENTÁRIO E VETERINÁRIO;30161;TOMÓGRAFO COMPUTADORIZADO DE USO MÉDICO;614499;ABERTURA DO GANTRY: MÍNIMO 100, CAMPO DE VISÃO: FOV MÍNIMO 50, ESPESSURA DO DETECTOR: A PARTIR DE 30, MODELO: MÓVEL, PARA CIRURGIA, NÚMERO DE CANAIS: A PARTIR DE 32 CANAIS, NÚMERO DE CORTES: A PARTIR DE 32 CORTES, POTÊNCIA DO GERADOR DE RAIOS-X: MÍNIMO DE 30 KW, PROCESSADOR DE IMAGEM: C/ SOFTWARE BÁSICO, TAXA DISSIPAÇÃO DE CALOR DO TUBO: MÍNIMO 200 KMHU/MIN, WORKSTATION: ESTAÇÃO DE TRABALHO COMPATÍVEL;UN;1,0000;1141000,0000;1141000,0000;0,0000;30/10/2026
ERN-HOSPITAL REG.TARCÍSIO DE VASCONCELOS MAIA;927052;310;Material;927052-10/2026;Equipamentos Permanente;Catálogo do Compras.gov.br;Material;6530;MOBILIÁRIO, EQUIPAMENTOS, UTENSÍLIOS E  SUPRIMENTOS  HOSPITALARES;4076;CADEIRA DE RODAS;404339;ACABAMENTO DO ENCOSTO E ASSENTO: PLÁSTICO RESISTENTE, ACABAMENTO ESTRUTURA: ESMALTADO, APOIO PÉS: APOIO PÉS FIXO, CAPACIDADE MÁXIMA: ATÉ 250, CARACTERÍSTICAS ADICIONAIS: ENCAIXE PARA VASO SANITÁRIO, MATERIAL ESTRUTURA: AÇO INOXIDÁVEL, TAMANHO: ADULTO, TIPO CONSTRUTIVO: FIXA, TIPO DE PNEU: PNEUS DIANTEIROS MACIÇOS, TIPO ENCOSTO: ENCOSTO FIXO, TIPO FUNCIONAMENTO: MANUAL, TIPO PNEU TRASEIRO: TRASEIRO MACIÇO, TIPO USO: BANHO;UN;15,0000;380,0000;5700,0000;0,0000;30/10/2026
ERN-HOSPITAL REG.TARCÍSIO DE VASCONCELOS MAIA;927052;311;Material;927052-10/2026;Equipamentos Permanente;Catálogo do Compras.gov.br;Material;6530;MOBILIÁRIO, EQUIPAMENTOS, UTENSÍLIOS E  SUPRIMENTOS  HOSPITALARES;1377;ÓCULOS PROTEÇÃO;375953;APLICAÇÃO: PROTEÇÃO PLUMBÍFERA, COR LENTE: INCOLOR, MATERIAL ARMAÇÃO: ACRÍLICO, MATERIAL LENTE: VIDRO PLUMBÍFERO, TIPO LENTE: PLUMBÍFERA, TIPO PROTEÇÃO: LATERAL/FRONTAL;UN;6,0000;1222,0000;7332,0000;0,0000;30/10/2026
ERN-HOSPITAL REG.TARCÍSIO DE VASCONCELOS MAIA;927052;312;Material;927052-10/2026;Equipamentos Permanente;Catálogo do Compras.gov.br;Material;6530;MOBILIÁRIO, EQUIPAMENTOS, UTENSÍLIOS E  SUPRIMENTOS  HOSPITALARES;16898;PEÇAS / ACESSÓRIOS EQUIPAMENTOS ESPECIALIZADOS;418204;APLICAÇÃO: SENSOR TEMPERATURA, REFERÊNCIA: 52300009, TIPO: CABO INLAB/1.2M/BNC/CINCH;UN;40,0000;220,0000;8800,0000;0,0000;30/10/2026
ERN-HOSPITAL REG.TARCÍSIO DE VASCONCELOS MAIA;927052;313;Material;927052-10/2026;Equipamentos Permanente;Catálogo do Compras.gov.br;Material;6525;EQUIPAMENTOS E SUPRIMENTOS DE RAIOS-X DE USO  MÉDICO,  DENTÁRIO E VETERINÁRIO;2866;APARELHO RAIOS X;450494;ADICIONAL: FORMATO DICOM, APLICAÇÃO: FIXO, CAPACIDADE 1: MÍNIMO DE 130, COMPONENTE: MESA DE COMANDO, ESTATIVA DE CHÃO, CORRENTE: MÁXIMO DE 800, OUTROS COMPONENTES: COLIMADOR, BUCKY E MESA, TENSÃO: MÁXIMO DE 125, TIPO: DIGITAL;UN;1,0000;385400,0000;385400,0000;0,0000;30/10/2026
ERN-HOSPITAL REG.TARCÍSIO DE VASCONCELOS MAIA;927052;314;Material;927052-10/2026;Equipamentos Permanente;Catálogo do Compras.gov.br;Material;6530;MOBILIÁRIO, EQUIPAMENTOS, UTENSÍLIOS E  SUPRIMENTOS  HOSPITALARES;4076;CADEIRA DE RODAS;400778;ACABAMENTO DO ENCOSTO E ASSENTO: PLÁSTICO RESISTENTE, ACABAMENTO ESTRUTURA: ESMALTADO, APOIO PÉS: APOIO PÉS FIXO, CAPACIDADE MÁXIMA: ATÉ 120, CARACTERÍSTICAS ADICIONAIS: ENCAIXE PARA VASO SANITÁRIO, MATERIAL ESTRUTURA: AÇO INOXIDÁVEL, TAMANHO: ADULTO, TIPO CONSTRUTIVO: FIXA, TIPO DE PNEU: PNEUS DIANTEIROS MACIÇOS, TIPO ENCOSTO: ENCOSTO FIXO, TIPO FUNCIONAMENTO: MANUAL, TIPO PNEU TRASEIRO: MACIÇO, TIPO USO: BANHO;UN;40,0000;300,0000;12000,0000;0,0000;30/10/2026
ERN-HOSPITAL REG.TARCÍSIO DE VASCONCELOS MAIA;927052;315;Material;927052-10/2026;Equipamentos Permanente;Catálogo do Compras.gov.br;Material;5805;EQUIPAMENTO TELEFÔNICO E TELEGRÁFICO;1243;APARELHO TELEFÔNICO CELULAR;626069;ACESSÓRIOS: CARREGADOR DE BATERIA, CAPACIDADE BATERIA: 5.000, CARACTERÍSTICAS ADICIONAIS: 256 GB, 5G TELA 6.6, 8GB RAM, COR: PRETO, MODELO: SAMSUNG/ SMARTPHONE DUAL CHIP, QUANTIDADE LINHAS TELEFÔNICAS: 2;UN;1,0000;1300,0000;1300,0000;0,0000;30/10/2026
ERN-HOSPITAL REG.TARCÍSIO DE VASCONCELOS MAIA;927052;316;Material;927052-10/2026;Equipamentos Permanente;Catálogo do Compras.gov.br;Material;6530;MOBILIÁRIO, EQUIPAMENTOS, UTENSÍLIOS E  SUPRIMENTOS  HOSPITALARES;9827;MOBILIÁRIO RADIOLÓGICO;420316;DIMENSÃO: 0,80 X 2,10, DIMENSÃO VISOR: CERCA DE 10 X 15, MATERIAL: AÇO, OUTROS COMPONENTES: COM VISOR PLUMBÍFERO, REVESTIMENTO: BLINDADO COM CHUMBO 1 MM, TIPO: BIOMBO RETO;UN;2,0000;4571,0000;9142,0000;0,0000;30/10/2026
ERN-HOSPITAL REG.TARCÍSIO DE VASCONCELOS MAIA;927052;317;Material;927052-10/2026;Equipamentos Permanente;Catálogo do Compras.gov.br;Material;6525;EQUIPAMENTOS E SUPRIMENTOS DE RAIOS-X DE USO  MÉDICO,  DENTÁRIO E VETERINÁRIO;1662;PEÇA/ACESSÓRIO PROCESSAMENTO IMAGEM RADIOLÓGICA;391761;APLICAÇÃO: DIGITALIZADOR AGFA HEALTHCARE, TIPO: CASSETE CR MD4.0 GENERAL HR 24X30CM;UN;4,0000;7200,0000;28800,0000;0,0000;30/10/2026
ERN-HOSPITAL REG.TARCÍSIO DE VASCONCELOS MAIA;927052;318;Material;927052-10/2026;Equipamentos Permanente;Catálogo do Compras.gov.br;Material;6525;EQUIPAMENTOS E SUPRIMENTOS DE RAIOS-X DE USO  MÉDICO,  DENTÁRIO E VETERINÁRIO;1662;PEÇA/ACESSÓRIO PROCESSAMENTO IMAGEM RADIOLÓGICA;391793;APLICAÇÃO: DIGITALIZADOR AGFA HEALTHCARE, TIPO: CASSETE CR MD4.0 GENERAL SET HR 18X24 CM, EJZC6;UN;4,0000;6900,0000;27600,0000;0,0000;30/10/2026
ERN-HOSPITAL REG.TARCÍSIO DE VASCONCELOS MAIA;927052;319;Material;927052-10/2026;Equipamentos Permanente;Catálogo do Compras.gov.br;Material;6525;EQUIPAMENTOS E SUPRIMENTOS DE RAIOS-X DE USO  MÉDICO,  DENTÁRIO E VETERINÁRIO;14302;FONTE ALIMENTAÇÃO ININTERRUPTA;358835;AUTONOMIA BATERIA: 45 MIN A MEIA CARGA, CAPACIDADE NOMINAL: 1,5, CARACTERÍSTICAS ADICIONAIS: COM RODAS, DIMENSÕES: (LXAXP)230X450X450, PESO: 20, REFERÊNCIA: NOBREAK LINHA SION, TENSÃO BATERIA: 24, TENSÃO ENTRADA: BIVOLTS, TENSÃO SAÍDA: 11, TIPO: MICROPROCESSADO, TIPO ONDA: SENOIDAL;UN;2,0000;1900,0000;3800,0000;0,0000;30/10/2026
ERN-HOSPITAL REG.TARCÍSIO DE VASCONCELOS MAIA;927052;320;Material;927052-10/2026;Equipamentos Permanente;Catálogo do Compras.gov.br;Material;6525;EQUIPAMENTOS E SUPRIMENTOS DE RAIOS-X DE USO  MÉDICO,  DENTÁRIO E VETERINÁRIO;14302;FONTE ALIMENTAÇÃO ININTERRUPTA;483856;AUTONOMIA BATERIA: 10 MINUTOS, BATERIA: SELADAS, REGULADAS P/ VÁLVULAS (VRLA), CAPACIDADE NOMINAL: 3 KVA, FREQUÊNCIA: 60, NÚMERO DE FASES: MONOFÁSICO, TENSÃO ENTRADA: 220, TENSÃO SAÍDA: 127/220, TIPO: NO-BREAK, TIPO ALARME: SONORO,ÁUDIO-VISUAL E LED INDICADOR PAINEL FRONTAL, TIPO ESTABILIZADOR INTERNO: DUPLA CONVERSÃO,TRAFO ISOLADOR, PROTEÇÃO ELETRÔNIC, TIPO ONDA: SENOIDAL;UN;1,0000;5200,0000;5200,0000;0,0000;30/10/2026
ERN-HOSPITAL REG.TARCÍSIO DE VASCONCELOS MAIA;927052;321;Material;927052-10/2026;Equipamentos Permanente;Catálogo do Compras.gov.br;Material;6525;EQUIPAMENTOS E SUPRIMENTOS DE RAIOS-X DE USO  MÉDICO,  DENTÁRIO E VETERINÁRIO;18113;PROTETOR RADIOLÓGICO;475757;ADICIONAL 1: AJUSTÁVEL, IMPERMEÁVEL, MATERIAL: BORRACHA C/ TUNGSTÊNIO, MODELO: AVENTAL FRENTE LONGO, OMBRO E COSTA LONGO, PROTEÇÃO TECIDO: EQUIVALÊNCIA FRENTE 0,50, OMBRO E COSTA 0,25, TAMANHOS: ADULTO;UN;10,0000;1834,0000;18340,0000;0,0000;30/10/2026
ERN-HOSPITAL REG.TARCÍSIO DE VASCONCELOS MAIA;927052;322;Material;927052-10/2026;Equipamentos Permanente;Catálogo do Compras.gov.br;Material;5895;EQUIPAMENTOS DIVERSOS PARA COMUNICAÇÕES;1172;RÁDIO TRANSCEPTOR;220112;ALCANCE MÁXIMO: 500, FONTE ALIMENTAÇÃO: BATERIA, FREQÜÊNCIA MODULAÇÃO: 5, POTÊNCIA: 5, QUANTIDADE CANAIS: 1, TIPO: PORTÁTIL;UN;3,0000;150,0000;450,0000;0,0000;30/10/2026
ERN-HOSPITAL REG.TARCÍSIO DE VASCONCELOS MAIA;927052;323;Material;927052-10/2026;Equipamentos Permanente;Catálogo do Compras.gov.br;Material;6530;MOBILIÁRIO, EQUIPAMENTOS, UTENSÍLIOS E  SUPRIMENTOS  HOSPITALARES;17143;MACA CLÍNICA;621550;ALTURA: CERCA DE 0,80, CAPACIDADE DE CARCA: ATÉ 200, CARACTERÍSTICAS ADICIONAIS: CABECEIRA REGULÁVEL POR CREMALHEIRA, COMPRIMENTO: ATÉ 2,00, LARGURA: CERCA DE 0,60, MATERIAL: AÇO INOXIDÁVEL, RODAS: SEM RODÍZIOS, PÉS FIXO;UN;10,0000;900,0000;9000,0000;0,0000;30/10/2026
ERN-HOSPITAL REG.TARCÍSIO DE VASCONCELOS MAIA;927052;324;Material;927052-10/2026;Equipamentos Permanente;Catálogo do Compras.gov.br;Material;6530;MOBILIÁRIO, EQUIPAMENTOS, UTENSÍLIOS E  SUPRIMENTOS  HOSPITALARES;30265;CABO P/ MONITORIZAÇÃO DE ECG;621966;CONECTOR: COMPATÍVEL COM EQUIPAMENTO, ESTERILIDADE: REUSÁVEL, MATERIAL: BORRACHA SINTÉTICA, MODELO: TRONCO, NÚMERO VIAS: 10 VIAS;UN;30,0000;900,0000;27000,0000;0,0000;30/10/2026
ERN-HOSPITAL REG.TARCÍSIO DE VASCONCELOS MAIA;927052;325;Material;927052-10/2026;Equipamentos Permanente;Catálogo do Compras.gov.br;Material;6530;MOBILIÁRIO, EQUIPAMENTOS, UTENSÍLIOS E  SUPRIMENTOS  HOSPITALARES;4076;CADEIRA DE RODAS;400788;ACABAMENTO DO ENCOSTO E ASSENTO: COURVIN OU NAPA, ACABAMENTO ESTRUTURA: PINTURA POLIURETANA, APOIO BRAÇO: APOIO BRAÇOS FIXOS, APOIO PÉS: APOIO PÉS REGULÁVEL, MATERIAL ESTRUTURA: FERRO, TAMANHO: INFANTIL, TIPO CONSTRUTIVO: DOBRÁVEL EM X, TIPO DE PNEU: PNEUS DIANTEIROS GIRATÓRIOS MACIÇOS 8", TIPO ENCOSTO: ENCOSTO REMOVÍVEL, TIPO FREIO: FREIO BILATERAIS, TIPO FUNCIONAMENTO: MANUAL, TIPO PNEU TRASEIRO: TRASEIRO FIXO 24", TIPO USO: LOCOMOÇÃO;UN;1,0000;996,0000;996,0000;0,0000;30/10/2026
ERN-HOSPITAL REG.TARCÍSIO DE VASCONCELOS MAIA;927052;326;Material;927052-10/2026;Equipamentos Permanente;Catálogo do Compras.gov.br;Material;6525;EQUIPAMENTOS E SUPRIMENTOS DE RAIOS-X DE USO  MÉDICO,  DENTÁRIO E VETERINÁRIO;1662;PEÇA/ACESSÓRIO PROCESSAMENTO IMAGEM RADIOLÓGICA;391763;APLICAÇÃO: DIGITALIZADOR AGFA HEALTHCARE, TIPO: CASSETE CR MD4.0 GENERAL SET HR 35X43CM, CR85/CR35;UN;4,0000;7817,0000;31268,0000;0,0000;30/10/2026
ERN-HOSPITAL REG.TARCÍSIO DE VASCONCELOS MAIA;927052;327;Material;927052-10/2026;Equipamentos Permanente;Catálogo do Compras.gov.br;Material;6525;EQUIPAMENTOS E SUPRIMENTOS DE RAIOS-X DE USO  MÉDICO,  DENTÁRIO E VETERINÁRIO;14302;FONTE ALIMENTAÇÃO ININTERRUPTA;438054;BATERIA: INTERNA E SELADA, CAPACIDADE NOMINAL: 1, TENSÃO ENTRADA: BIVOLT 110/220, TIPO ALARME: AUDIOVISUAL;UN;1,0000;1400,0000;1400,0000;0,0000;30/10/2026
ERN-HOSPITAL REG.TARCÍSIO DE VASCONCELOS MAIA;927052;328;Material;927052-10/2026;Equipamentos Permanente;Catálogo do Compras.gov.br;Material;6530;MOBILIÁRIO, EQUIPAMENTOS, UTENSÍLIOS E  SUPRIMENTOS  HOSPITALARES;30265;CABO P/ MONITORIZAÇÃO DE ECG;621963;CONECTOR: COMPATÍVEL COM EQUIPAMENTO, ESTERILIDADE: REUSÁVEL, MATERIAL: LÁTEX NATURAL, MODELO: PACIENTE, NÚMERO VIAS: 5 VIAS;UN;30,0000;860,0000;25800,0000;0,0000;30/10/2026
ERN-HOSPITAL REG.TARCÍSIO DE VASCONCELOS MAIA;927052;329;Material;927052-10/2026;Equipamentos Permanente;Catálogo do Compras.gov.br;Material;6530;MOBILIÁRIO, EQUIPAMENTOS, UTENSÍLIOS E  SUPRIMENTOS  HOSPITALARES;4076;CADEIRA DE RODAS;400785;ACABAMENTO DO ENCOSTO E ASSENTO: ESPUMA DE ALTA DENSIDADE, ACABAMENTO ESTRUTURA: ESMALTADO, APOIO PÉS: APOIO PÉS REBATÍVEL LATERALMENTE, MATERIAL ESTRUTURA: DURALUMÍNIO, TAMANHO: ADULTO, TIPO CONSTRUTIVO: DOBRÁVEL EM DUPLO X, TIPO DE PNEU: PNEUS DIANTEIROS GIRATÓRIOS MACIÇOS 6", TIPO ENCOSTO: ENCOSTO REMOVÍVEL, TIPO FREIO: FREIO BILATERAIS, TIPO FUNCIONAMENTO: MANUAL, TIPO PNEU TRASEIRO: TRASEIRO FIXO 24", TIPO USO: LOCOMOÇÃO;UN;10,0000;1000,0000;10000,0000;0,0000;30/10/2026
ERN-HOSPITAL REG.TARCÍSIO DE VASCONCELOS MAIA;927052;330;Material;927052-10/2026;Equipamentos Permanente;Catálogo do Compras.gov.br;Material;6530;MOBILIÁRIO, EQUIPAMENTOS, UTENSÍLIOS E  SUPRIMENTOS  HOSPITALARES;12670;TERMÔMETRO CLÍNICO;623736;AJUSTE: DIGITAL, COMPONENTES: C/ ALARMES, EMBALAGEM: EMBALAGEM INDIVIDUAL, ESCALA: ATÉ 43, MEMÓRIA: MEMÓRIA ÚLTIMA MEDIÇÃO, TIPO*: USO AXILAR E ORAL;UN;120,0000;8,9400;1072,8000;0,0000;30/10/2026
ERN-HOSPITAL REG.TARCÍSIO DE VASCONCELOS MAIA;927052;331;Material;927052-10/2026;Equipamentos Permanente;Catálogo do Compras.gov.br;Material;6670;ESCALAS E BALANÇAS;14489;BALANÇA ELETRÔNICA;454433;CAPACIDADE PESAGEM: 300, CARACTERÍSTICAS ADICIONAIS: PLATAFORMA EM AÇO CARBONO, PRATO REMOVÍVEL, DIMENSÕES: 60 X 60, NÚMERO DÍGITOS: 6, TIPO: DIGITAL, VOLTAGEM: 110/220;UN;1,0000;2145,3800;2145,3800;0,0000;30/10/2026
ERN-HOSPITAL REG.TARCÍSIO DE VASCONCELOS MAIA;927052;332;Material;927052-10/2026;Equipamentos Permanente;Catálogo do Compras.gov.br;Material;6685;INSTRUMENTOS PARA MEDIÇÃO E CONTROLE DE PRESSÃO,TEMPERATURA E UMIDADE;18590;MEDIDOR LABORATÓRIO;627348;APLICAÇÃO: ANÁLISES CONTROLADA À LUZ ULTRAVIOLETA, CARACTERÍSTICAS ADICIONAIS: COM DUAS LÂMPADAS UV 254/365NM, MATERIAL BÁSICO: AÇO 1020, TIPO: CÂMARA ESCURA, USO: EXPOSIÇÃO CONTROLADA À LUZ ULTRAVIOLETA;UN;12,0000;10000,0000;120000,0000;0,0000;30/10/2026
ERN-HOSPITAL REG.TARCÍSIO DE VASCONCELOS MAIA;927052;333;Material;927052-10/2026;Equipamentos Permanente;Catálogo do Compras.gov.br;Material;6670;ESCALAS E BALANÇAS;489;BALANÇA PRECISÃO;453684;CAPACIDADE MÁXIMA: 10, CARACTERÍSTICAS ADICIONAIS: DIMENSÔES APROX.: 5 X 25 X 19 CM, DUAS PILHAS, RESOLUÇÃO: 1, TIPO PAINEL: VISOR CRISTAL LÍQUIDO;UN;2,0000;36,2500;72,5000;0,0000;30/10/2026
ERN-HOSPITAL REG.TARCÍSIO DE VASCONCELOS MAIA;927052;334;Material;927052-10/2026;Equipamentos Permanente;Catálogo do Compras.gov.br;Material;7310;EQUIPAMENTOS PARA COZINHAR, ASSAR E SERVIR ALIMENTOS;1069;CAFETEIRA ELÉTRICA;255855;CAPACIDADE: 20, CARACTERÍSTICAS ADICIONAIS: AUTOMÁTICA, MATERIAL: AÇO INOXIDÁVEL, VOLTAGEM: 220, APLICAÇÃO: INDUSTRIAL;UN;2,0000;2513,3300;5026,6600;0,0000;30/10/2026
ERN-HOSPITAL REG.TARCÍSIO DE VASCONCELOS MAIA;927052;335;Material;927052-10/2026;Equipamentos Permanente;Catálogo do Compras.gov.br;Material;7105;MOBILIÁRIO DOMÉSTICO;9827;MOBILIÁRIO RADIOLÓGICO;439851;COMPONENTES: COM 10 CABIDES EM AÇO INOXIDÁVEL, MATERIAL: AÇO, TIPO: SUPORTE PARA AVENTAL PLUMBÍFERO MÓVEL;UN;2,0000;1436,0000;2872,0000;0,0000;30/10/2026
ERN-HOSPITAL REG.TARCÍSIO DE VASCONCELOS MAIA;927052;336;Material;927052-10/2026;Equipamentos Permanente;Catálogo do Compras.gov.br;Material;7110;MOBILIÁRIO PARA ESCRITÓRIO;1454;QUADRO BRANCO;620266;ACABAMENTO SUPERFICIAL MOLDURA: ALUMÍNIO, ALTURA: 180, CARACTERÍSTICAS ADICIONAIS: SUPORTE PARA APAGADOR E CANETAS, COMPRIMENTO: 120, COR MOLDURA: BRANCO, FINALIDADE: LANÇAMENTO INFORMAÇÕES, MATERIAL: LAMINADO MELAMÍNICO BRILHANTE, MATERIAL MOLDURA: ALUMÍNIO, TIPO FIXAÇÃO: ACESSÓRIOS PARA INSTALAÇÃO;UN;30,0000;70,0000;2100,0000;0,0000;30/10/2026
ERN-HOSPITAL REG.TARCÍSIO DE VASCONCELOS MAIA;927052;337;Material;927052-10/2026;Equipamentos Permanente;Catálogo do Compras.gov.br;Material;7330;UTENSÍLIOS E FERRAMENTAS MANUAIS DE COZINHA;10595;PEGADOR ALIMENTO;464896;CARACTERÍSTICAS ADICIONAIS: PEGADOR DE SALADA, COMPRIMENTO: 28, MATERIAL: AÇO INOXIDÁVEL;UN;10,0000;30,6300;306,3000;0,0000;30/10/2026
ERN-HOSPITAL REG.TARCÍSIO DE VASCONCELOS MAIA;927052;338;Material;927052-10/2026;Equipamentos Permanente;Catálogo do Compras.gov.br;Material;7320;EQUIPAMENTOS E APARELHOS DE COZINHA;16655;TRITURADOR;603706;CARACTERÍSTICAS ADICIONAIS: ABERTURA DE VÁLVULA DE 141MM, CÂMARA TRITURAÇÃO:, MATERIAL CORPO: ALUMINIO, POTÊNCIA: 5,0, QUANTIDADE LÂMINAS: DISCO DE CORTE: AÇO INOXIDÁVEL, ANEL DE CORTE, TIPO: 4 ESTÁGIOS DE TRITURAÇÃO, TIPO MOTOR: TRIFÁSICO, VOLTAGEM MOTOR: 220/ 380 /440;UN;4,0000;3299,1200;13196,4800;0,0000;30/10/2026
ERN-HOSPITAL REG.TARCÍSIO DE VASCONCELOS MAIA;927052;339;Material;927052-10/2026;Equipamentos Permanente;Catálogo do Compras.gov.br;Material;7330;UTENSÍLIOS E FERRAMENTAS MANUAIS DE COZINHA;7843;FRIGIDEIRA;442943;APLICAÇÃO: COPA E COZINHA, DIÂMETRO: 50, MATERIAL: ALUMÍNIO, REVESTIMENTO: ANTIADERENTE, TIPO: FUNDA;UN;10,0000;141,6300;1416,3000;0,0000;30/10/2026
ERN-HOSPITAL REG.TARCÍSIO DE VASCONCELOS MAIA;927052;340;Material;927052-10/2026;Equipamentos Permanente;Catálogo do Compras.gov.br;Material;7330;UTENSÍLIOS E FERRAMENTAS MANUAIS DE COZINHA;1055;ASSADEIRA;485588;CARACTERÍSTICAS ADICIONAIS: DIMENSÕES: 60X40 CM, MATERIAL: ALUMÍNIO;UN;15,0000;190,0000;2850,0000;0,0000;30/10/2026
ERN-HOSPITAL REG.TARCÍSIO DE VASCONCELOS MAIA;927052;341;Material;927052-10/2026;Equipamentos Permanente;Catálogo do Compras.gov.br;Material;7330;UTENSÍLIOS E FERRAMENTAS MANUAIS DE COZINHA;15550;ESCORREDOR LOUÇA;465672;CAPACIDADE: 60 PRATOS, CARACTERÍSTICAS ADICIONAIS: PEÇA ÚNICA, COM TRÊS PLANOS., DIMENSÕES: 52 X 30 X 74, MATERIAL: AÇO INOXIDÁVEL;UN;3,0000;156,9000;470,7000;0,0000;30/10/2026
ERN-HOSPITAL REG.TARCÍSIO DE VASCONCELOS MAIA;927052;342;Material;927052-10/2026;Equipamentos Permanente;Catálogo do Compras.gov.br;Material;7110;MOBILIÁRIO PARA ESCRITÓRIO;20;PASTA ARQUIVO;323960;ALTURA: 350, COR: AZUL CLARO, GRAMATURA: 600, LARGURA: 255, LOMBADA: 2, MATERIAL: CARTÃO PLASTIFICADO, TIPO: CLASSIFICADORA, PRENDEDOR INTERNO: GRAMPO TRILHO PLÁSTICO;CX;300,0000;40,9600;12288,0000;0,0000;30/10/2026
ERN-HOSPITAL REG.TARCÍSIO DE VASCONCELOS MAIA;927052;343;Material;927052-10/2026;Equipamentos Permanente;Catálogo do Compras.gov.br;Material;7310;EQUIPAMENTOS PARA COZINHAR, ASSAR E SERVIR ALIMENTOS;1075;PANELA PRESSÃO;300083;CAPACIDADE: 12, CARACTERÍSTICAS ADICIONAIS: REVESTIMENTO ANTIADERENTE, MATERIAL: AÇO INOXIDÁVEL, MATERIAL CABO: BAQUELITE, SISTEMA SEGURANÇA: VÁLVULA FUNCIONAMENTO;UN;5,0000;470,0000;2350,0000;0,0000;30/10/2026
ERN-HOSPITAL REG.TARCÍSIO DE VASCONCELOS MAIA;927052;344;Material;927052-10/2026;Equipamentos Permanente;Catálogo do Compras.gov.br;Material;7340;CUTELARIA E TALHERES;14036;ESPÁTULA;464900;APLICAÇÃO: COZINHA, CARACTERÍSTICAS ADICIONAIS: TIPO CURVA COM CABO LONGO, COMPRIMENTO: 9, COR: BRANCA, LARGURA: 3, MATERIAL: AÇO INOXIDÁVEL, MATERIAL CABO: POLIETILENO;UN;15,0000;30,0000;450,0000;0,0000;30/10/2026
ERN-HOSPITAL REG.TARCÍSIO DE VASCONCELOS MAIA;927052;345;Material;927052-10/2026;Equipamentos Permanente;Catálogo do Compras.gov.br;Material;7330;UTENSÍLIOS E FERRAMENTAS MANUAIS DE COZINHA;12461;PRANCHA ALIMENTOS;315411;COMPRIMENTO: 50, COR: VERMELHA, ESPESSURA: 2, LARGURA: 50, MATERIAL: POLIPROPILENO;UN;10,0000;130,0000;1300,0000;0,0000;30/10/2026
ERN-HOSPITAL REG.TARCÍSIO DE VASCONCELOS MAIA;927052;346;Material;927052-10/2026;Equipamentos Permanente;Catálogo do Compras.gov.br;Material;7330;UTENSÍLIOS E FERRAMENTAS MANUAIS DE COZINHA;1130;DESCASCADOR LEGUMES;327865;CARACTERÍSTICAS ADICIONAIS: MANUAL, MATERIAL: AÇO INOXIDÁVEL, ALTURA: ATÉ 150, LARGURA: 30;UN;15,0000;50,0000;750,0000;0,0000;30/10/2026
ERN-HOSPITAL REG.TARCÍSIO DE VASCONCELOS MAIA;927052;347;Material;927052-10/2026;Equipamentos Permanente;Catálogo do Compras.gov.br;Material;7340;CUTELARIA E TALHERES;14921;COLHER DESCARTÁVEL;339680;APLICAÇÃO: REFEIÇÃO, CARACTERÍSTICAS ADICIONAIS: RESISTENTE, TAMANHO ADULTO, COR: BRANCA, MATERIAL: PLÁSTICO;PCT;7500,0000;5,9700;44775,0000;0,0000;30/10/2026
ERN-HOSPITAL REG.TARCÍSIO DE VASCONCELOS MAIA;927052;348;Material;927052-10/2026;Equipamentos Permanente;Catálogo do Compras.gov.br;Material;7340;CUTELARIA E TALHERES;7276;FACA;387117;APLICAÇÃO: CORTAR PÃO, ESPESSURA: 2,25, MATERIAL CABO: POLIPROPILENO, MATERIAL LÂMINA: AÇO INOXIDÁVEL, TAMANHO: 30, TIPO: SERRILHADA;UN;5,0000;42,2300;211,1500;0,0000;30/10/2026
ERN-HOSPITAL REG.TARCÍSIO DE VASCONCELOS MAIA;927052;349;Material;927052-10/2026;Equipamentos Permanente;Catálogo do Compras.gov.br;Material;7340;CUTELARIA E TALHERES;17712;CUTELO;331212;CARACTERÍSTICAS ADICIONAIS: CABO ATÓXICO, COM AÇÃO ANTIMICROBIANA, COMPRIMENTO LÂMINA: 6, MATERIAL CABO: POLIPROPILENO, MATERIAL LÂMINA: AÇO INOXIDÁVEL;UN;3,0000;34,9000;104,7000;0,0000;30/10/2026
ERN-HOSPITAL REG.TARCÍSIO DE VASCONCELOS MAIA;927052;350;Material;927052-10/2026;Equipamentos Permanente;Catálogo do Compras.gov.br;Material;7310;EQUIPAMENTOS PARA COZINHAR, ASSAR E SERVIR ALIMENTOS;4586;CARRINHO DISTRIBUIÇÃO;281408;ALTURA: 104, APLICAÇÃO: TRANSPORTE DE MATERIAIS, CARACTERÍSTICAS ADICIONAIS: BANDEJAS COM BORDAS P/ AUMENTO DE RESISTÊNCIA, COMPRIMENTO: 80, LARGURA: 45, MATERIAL BANDEJA: AÇO INOXIDÁVEL, MATERIAL ESTRUTURA: 4 CANTONEIRAS AÇO 40X40X2 MM, TIPO: 3 BANDEJAS, TIPO RODÍZIO: 4 GIRATÓRIOS;UN;4,0000;2072,2700;8289,0800;0,0000;30/10/2026
ERN-HOSPITAL REG.TARCÍSIO DE VASCONCELOS MAIA;927052;351;Material;927052-10/2026;Equipamentos Permanente;Catálogo do Compras.gov.br;Material;7320;EQUIPAMENTOS E APARELHOS DE COZINHA;13581;LIQUIDIFICADOR;439372;CAPACIDADE: 2, CARACTERÍSTICAS ADICIONAIS: COM CONTROLE DE VELOCIDADE, COPO REFORÇADO, MATERIAL: PLÁSTICO INQUEBRÁVEL, POTÊNCIA: 700, USO: DOMÉSTICO, VOLTAGEM: 110 / 220;UN;4,0000;206,7100;826,8400;0,0000;30/10/2026
ERN-HOSPITAL REG.TARCÍSIO DE VASCONCELOS MAIA;927052;352;Material;927052-10/2026;Equipamentos Permanente;Catálogo do Compras.gov.br;Material;7340;CUTELARIA E TALHERES;1132;CONCHA;397338;CAPACIDADE: 120, COMPRIMENTO: 31,50, MATERIAL CABO: AÇO INOXIDÁVEL, MATERIAL CORPO: AÇO INOXIDÁVEL;UN;20,0000;19,2800;385,6000;0,0000;30/10/2026
ERN-HOSPITAL REG.TARCÍSIO DE VASCONCELOS MAIA;927052;353;Material;927052-10/2026;Equipamentos Permanente;Catálogo do Compras.gov.br;Material;7340;CUTELARIA E TALHERES;7276;FACA;465713;APLICAÇÃO: MESA, MATERIAL CABO: AÇO INOXIDÁVEL, MATERIAL LÂMINA: AÇO INOXIDÁVEL, TAMANHO: 257 X 26 X 3 MM, TIPO: SERRILHADA;UN;500,0000;3,3000;1650,0000;0,0000;30/10/2026
ERN-HOSPITAL REG.TARCÍSIO DE VASCONCELOS MAIA;927052;354;Material;927052-10/2026;Equipamentos Permanente;Catálogo do Compras.gov.br;Material;7310;EQUIPAMENTOS PARA COZINHAR, ASSAR E SERVIR ALIMENTOS;1075;PANELA PRESSÃO;397245;CAPACIDADE: 7, CARACTERÍSTICAS ADICIONAIS: COM ALÇA, MATERIAL: ALUMÍNIO POLIDO, MATERIAL CABO: BAQUELITE;UN;5,0000;158,2200;791,1000;0,0000;30/10/2026
ERN-HOSPITAL REG.TARCÍSIO DE VASCONCELOS MAIA;927052;355;Material;927052-10/2026;Equipamentos Permanente;Catálogo do Compras.gov.br;Material;7350;LOUÇA E ARTIGOS DE MESA;1155;PALITO;221317;APLICAÇÃO: HIGIENE DENTAL, COMPRIMENTO: 6, MATERIAL: MADEIRA, FORMATO: ROLIÇO;EMB;420,0000;1,6000;672,0000;0,0000;30/10/2026
ERN-HOSPITAL REG.TARCÍSIO DE VASCONCELOS MAIA;927052;356;Material;927052-10/2026;Equipamentos Permanente;Catálogo do Compras.gov.br;Material;7310;EQUIPAMENTOS PARA COZINHAR, ASSAR E SERVIR ALIMENTOS;7213;ESTUFA ELÉTRICA PARA COZINHA;615157;CAPACIDADE: ATÉ 34 GNS 1/1, DIMENSÕES: 750 X 850 X 2190, GÁS REFRIGERANTE: R134A, POTÊNCIA: 0,5, QUANTIDADE DE PORTA: 1, TEMPERATURA DE TRABALHO: 1 A 10, TIPO: PASS-THRU REFRIGERADO, VOLTAGEM: 220, VOLUME INTERNO: 475;UN;1,0000;7279,6700;7279,6700;0,0000;30/10/2026
ERN-HOSPITAL REG.TARCÍSIO DE VASCONCELOS MAIA;927052;357;Material;927052-10/2026;Equipamentos Permanente;Catálogo do Compras.gov.br;Material;7320;EQUIPAMENTOS E APARELHOS DE COZINHA;1093;LIQUIDIFICADOR INDUSTRIAL;620301;CAPACIDADE: 8, MATERIAL BASE: AÇO INOX, MATERIAL COPO: AÇO INOXIDÁVEL, TENSÃO NOMINAL: 127/220;UN;2,0000;1101,5000;2203,0000;0,0000;30/10/2026
ERN-HOSPITAL REG.TARCÍSIO DE VASCONCELOS MAIA;927052;358;Material;927052-10/2026;Equipamentos Permanente;Catálogo do Compras.gov.br;Material;7310;EQUIPAMENTOS PARA COZINHAR, ASSAR E SERVIR ALIMENTOS;4586;CARRINHO DISTRIBUIÇÃO;282446;ALTURA: 850, APLICAÇÃO: TRANSPORTE DE GN, CARACTERÍSTICAS ADICIONAIS: 2 COLUNAS CANTONEIRAS E CADA COLUNA C/ 10 PARES DE, COMPRIMENTO: 600, LARGURA: 820, MATERIAL ESTRUTURA: AÇO INOXIDÁVEL, TIPO RODÍZIO: DIÂMETRO DE 5", 4 SENDO 2 C/ TRAVA P/ ESTACIONAR;UN;2,0000;3025,6100;6051,2200;0,0000;30/10/2026
ERN-HOSPITAL REG.TARCÍSIO DE VASCONCELOS MAIA;927052;359;Material;927052-10/2026;Equipamentos Permanente;Catálogo do Compras.gov.br;Material;7310;EQUIPAMENTOS PARA COZINHAR, ASSAR E SERVIR ALIMENTOS;7213;ESTUFA ELÉTRICA PARA COZINHA;615156;CAPACIDADE: ATÉ 34 GNS 1/1, DIMENSÕES: 750 X 850 X 2190, POTÊNCIA: 1,16, QUANTIDADE DE PORTA: 1, TIPO: PASS-THRU AQUECIDO, VOLTAGEM: 220, VOLUME INTERNO: 475;UN;1,0000;6960,0400;6960,0400;0,0000;30/10/2026
ERN-HOSPITAL REG.TARCÍSIO DE VASCONCELOS MAIA;927052;360;Material;927052-10/2026;Equipamentos Permanente;Catálogo do Compras.gov.br;Material;7340;CUTELARIA E TALHERES;14036;ESPÁTULA;624890;APLICAÇÃO: COZINHA, CARACTERÍSTICAS ADICIONAIS: CABO LONGO, COMPRIMENTO: 38, COR: BRANCA, ESPESSURA: 1,6, LARGURA: 10, MATERIAL: AÇO INOXIDÁVEL, MATERIAL CABO: POLIPROPILENO;UN;15,0000;20,0000;300,0000;0,0000;30/10/2026
ERN-HOSPITAL REG.TARCÍSIO DE VASCONCELOS MAIA;927052;361;Material;927052-10/2026;Equipamentos Permanente;Catálogo do Compras.gov.br;Material;7330;UTENSÍLIOS E FERRAMENTAS MANUAIS DE COZINHA;1287;JARRA;464961;APLICAÇÃO: ÁGUA/SUCO, CAPACIDADE: 02, CARACTERÍSTICAS ADICIONAIS: COM BICO NO CORPO, MATERIAL: PLÁSTICO, MODELO: COM TAMPA E ALÇA;UN;20,0000;31,3000;626,0000;0,0000;30/10/2026
ERN-HOSPITAL REG.TARCÍSIO DE VASCONCELOS MAIA;927052;362;Material;927052-10/2026;Equipamentos Permanente;Catálogo do Compras.gov.br;Material;7330;UTENSÍLIOS E FERRAMENTAS MANUAIS DE COZINHA;3193;BACIA;292588;CAPACIDADE: 20, MATERIAL: PLÁSTICO;UN;10,0000;54,1700;541,7000;0,0000;30/10/2026
ERN-HOSPITAL REG.TARCÍSIO DE VASCONCELOS MAIA;927052;363;Material;927052-10/2026;Equipamentos Permanente;Catálogo do Compras.gov.br;Material;7340;CUTELARIA E TALHERES;1132;CONCHA;283165;CAPACIDADE: 500, MATERIAL CABO: ALUMÍNIO, MATERIAL CORPO: ALUMÍNIO;UN;20,0000;40,9000;818,0000;0,0000;30/10/2026
ERN-HOSPITAL REG.TARCÍSIO DE VASCONCELOS MAIA;927052;364;Material;927052-10/2026;Equipamentos Permanente;Catálogo do Compras.gov.br;Material;7340;CUTELARIA E TALHERES;1146;GARFO MESA;464854;COMPRIMENTO: 35, ESPESSURA: 1,8, MATERIAL CORPO: AÇO INOXIDÁVEL, TIPO: BIDENTE;UN;10,0000;33,2500;332,5000;0,0000;30/10/2026
ERN-HOSPITAL REG.TARCÍSIO DE VASCONCELOS MAIA;927052;365;Material;927052-10/2026;Equipamentos Permanente;Catálogo do Compras.gov.br;Material;7125;ARMÁRIOS E ESTANTES;14421;PRATELEIRA;458664;CARACTERÍSTICAS ADICIONAIS: FIXADA POR MÃO FRANCESA EM AÇO INOX, COMPRIMENTO: 1,80, LARGURA: 0,30, MATERIAL: AÇO INOXIDÁVEL, USO: GUARDA DE UTENSÍLIOS;UN;100,0000;156,3000;15630,0000;0,0000;30/10/2026
ERN-HOSPITAL REG.TARCÍSIO DE VASCONCELOS MAIA;927052;366;Material;927052-10/2026;Equipamentos Permanente;Catálogo do Compras.gov.br;Material;7340;CUTELARIA E TALHERES;1135;ESPUMADEIRA;355387;CARACTERÍSTICAS ADICIONAIS: CABO EM FORMA DE GANCHO, MATERIAL CABO: ALUMÍNIO, MATERIAL CORPO: ALUMÍNIO, TAMANHO: 50 CM X 14 CM;UN;15,0000;25,0000;375,0000;0,0000;30/10/2026
ERN-HOSPITAL REG.TARCÍSIO DE VASCONCELOS MAIA;927052;367;Material;927052-10/2026;Equipamentos Permanente;Catálogo do Compras.gov.br;Material;7310;EQUIPAMENTOS PARA COZINHAR, ASSAR E SERVIR ALIMENTOS;1075;PANELA PRESSÃO;324733;CAPACIDADE: 30, MATERIAL: ALUMÍNIO, SISTEMA SEGURANÇA: VÁLVULAS FUNCIONAM./SEGURANÇA E BORRACHA SEGURANÇA;UN;5,0000;1000,0000;5000,0000;0,0000;30/10/2026
ERN-HOSPITAL REG.TARCÍSIO DE VASCONCELOS MAIA;927052;368;Material;927052-10/2026;Equipamentos Permanente;Catálogo do Compras.gov.br;Material;7330;UTENSÍLIOS E FERRAMENTAS MANUAIS DE COZINHA;1287;JARRA;407597;CAPACIDADE: 3, CARACTERÍSTICAS ADICIONAIS: COM ALÇA E TAMPA REMOVÍVEL, MATERIAL: PLÁSTICO;UN;20,0000;32,3100;646,2000;0,0000;30/10/2026
ERN-HOSPITAL REG.TARCÍSIO DE VASCONCELOS MAIA;927052;369;Material;927052-10/2026;Equipamentos Permanente;Catálogo do Compras.gov.br;Material;7310;EQUIPAMENTOS PARA COZINHAR, ASSAR E SERVIR ALIMENTOS;4584;CARRINHO TRANSPORTE;401819;APLICAÇÃO: TRANSPORTE DE ALIMENTOS, CARACTERÍSTICAS ADICIONAIS: 2 PORTAS VERTICAIS, TRINCO, 110V, BANDEJA 24X32CM, MATERIAL: AÇO INOXIDÁVEL, QUANTIDADE RODAS: 2 RODÍZIOS FIXOS E 2 GIRATÓRIOS, TIPO: FECHADO, TÉRMICO, 24 BANDEJAS;UN;1,0000;28404,6700;28404,6700;0,0000;30/10/2026
ERN-HOSPITAL REG.TARCÍSIO DE VASCONCELOS MAIA;927052;370;Material;927052-10/2026;Equipamentos Permanente;Catálogo do Compras.gov.br;Material;7320;EQUIPAMENTOS E APARELHOS DE COZINHA;2424;AMOLADOR MANUAL;328784;COMPRIMENTO: 20,50, ESPESSURA: 2,50, LARGURA: 8, MATERIAL: PEDRA;UN;5,0000;12,4200;62,1000;0,0000;30/10/2026
ERN-HOSPITAL REG.TARCÍSIO DE VASCONCELOS MAIA;927052;371;Material;927052-10/2026;Equipamentos Permanente;Catálogo do Compras.gov.br;Material;7340;CUTELARIA E TALHERES;7276;FACA;297316;APLICAÇÃO: CORTAR CARNE, COMPRIMENTO CABO: 15, COMPRIMENTO LÂMINA: 12, LARGURA LÂMINA: 4,5, MATERIAL CABO: POLIPROPILENO, MATERIAL LÂMINA: AÇO INOXIDÁVEL;UN;10,0000;45,9000;459,0000;0,0000;30/10/2026
ERN-HOSPITAL REG.TARCÍSIO DE VASCONCELOS MAIA;927052;372;Material;927052-10/2026;Equipamentos Permanente;Catálogo do Compras.gov.br;Material;7310;EQUIPAMENTOS PARA COZINHAR, ASSAR E SERVIR ALIMENTOS;3249;BALCÃO TÉRMICO;446195;ALTURA: 157, CARACTERÍSTICAS ADICIONAIS: VITRINE PROTETORA DE SALIVA E ILUMINADA DE LED, COMPONENTES: BANHO MARIA E PLACA FRIA, COMPRIMENTO: 330, LARGURA: 110, MATERIAL: MDF E GRANITO, QUANTIDADE RECIPIENTE: 14, TIPO RECIPIENTES: COM ALÇAS MÓVEIS E TAMPA;UN;3,0000;22701,3500;68104,0500;0,0000;30/10/2026
ERN-HOSPITAL REG.TARCÍSIO DE VASCONCELOS MAIA;927052;373;Material;927052-10/2026;Equipamentos Permanente;Catálogo do Compras.gov.br;Material;7330;UTENSÍLIOS E FERRAMENTAS MANUAIS DE COZINHA;3193;BACIA;405453;CAPACIDADE: 13,50, CARACTERÍSTICAS ADICIONAIS: CANELADA, COR: BRANCA, DIÂMETRO: 16,50, MATERIAL: PLÁSTICO;UN;10,0000;28,5500;285,5000;0,0000;30/10/2026
ERN-HOSPITAL REG.TARCÍSIO DE VASCONCELOS MAIA;927052;374;Material;927052-10/2026;Equipamentos Permanente;Catálogo do Compras.gov.br;Material;7105;MOBILIÁRIO DOMÉSTICO;15333;MÓDULO PARA COZINHA;239735;ALTURA: 85, COMPRIMENTO: 150, LARGURA: 70, MATERIAL: ACO INOXIDAVEL;UN;1,0000;2713,5000;2713,5000;0,0000;30/10/2026
ERN-HOSPITAL REG.TARCÍSIO DE VASCONCELOS MAIA;927052;375;Material;927052-10/2026;Equipamentos Permanente;Catálogo do Compras.gov.br;Material;7330;UTENSÍLIOS E FERRAMENTAS MANUAIS DE COZINHA;1115;GARRAFA TÉRMICA;374465;CAPACIDADE: 3, CARACTERÍSTICAS ADICIONAIS: ALÇA, SISTEMA PRESSÃO(SERVE-JATO) E CORTA COTAS, MATERIAL: AÇO INOXIDÁVEL;UN;10,0000;267,6800;2676,8000;0,0000;30/10/2026
ERN-HOSPITAL REG.TARCÍSIO DE VASCONCELOS MAIA;927052;376;Material;927052-10/2026;Equipamentos Permanente;Catálogo do Compras.gov.br;Material;7320;EQUIPAMENTOS E APARELHOS DE COZINHA;1093;LIQUIDIFICADOR INDUSTRIAL;478094;CAPACIDADE: 10, MATERIAL BASE: AÇO INOX, MATERIAL COPO: AÇO INOXIDÁVEL, MATERIAL TAMPA: ALUMÍNIO, POTÊNCIA MOTOR: 0,75, TENSÃO NOMINAL: 110/220;UN;2,0000;1408,5000;2817,0000;0,0000;30/10/2026
ERN-HOSPITAL REG.TARCÍSIO DE VASCONCELOS MAIA;927052;377;Material;927052-10/2026;Equipamentos Permanente;Catálogo do Compras.gov.br;Material;7320;EQUIPAMENTOS E APARELHOS DE COZINHA;1097;SANDUICHEIRA;302917;AMPERAGEM: 29,5, CARACTERÍSTICAS ADICIONAIS: AQUECIMENTO POR RESISTÊNCIAS, CONSUMO: 1,6, COR: PRATA, MATERIAL: AÇO INOXIDÁVEL, POTÊNCIA: 3.250, TENSÃO: 110/220;UN;4,0000;967,6200;3870,4800;0,0000;30/10/2026
ERN-HOSPITAL REG.TARCÍSIO DE VASCONCELOS MAIA;927052;378;Material;927052-10/2026;Equipamentos Permanente;Catálogo do Compras.gov.br;Material;7330;UTENSÍLIOS E FERRAMENTAS MANUAIS DE COZINHA;10595;PEGADOR ALIMENTO;344681;MATERIAL: AÇO INOXIDÁVEL, TAMANHO: MÉDIO, APLICAÇÃO: SERVIR MASSAS;UN;5,0000;29,6500;148,2500;0,0000;30/10/2026
ERN-HOSPITAL REG.TARCÍSIO DE VASCONCELOS MAIA;927052;379;Material;927052-10/2026;Equipamentos Permanente;Catálogo do Compras.gov.br;Material;7320;EQUIPAMENTOS E APARELHOS DE COZINHA;1125;PROCESSADOR ALIMENTOS;405327;FUNÇÃO DISCO: RALADOR, FATIADOR, DESFIADOR, MATERIAL CORPO: AÇO INOXIDÁVEL, QUANTIDADE DISCO: 6, TENSÃO: 220;UN;1,0000;5832,1000;5832,1000;0,0000;30/10/2026
ERN-HOSPITAL REG.TARCÍSIO DE VASCONCELOS MAIA;927052;380;Material;927052-10/2026;Equipamentos Permanente;Catálogo do Compras.gov.br;Material;7320;EQUIPAMENTOS E APARELHOS DE COZINHA;1093;LIQUIDIFICADOR INDUSTRIAL;429383;CAPACIDADE: 4, MATERIAL BASE: AÇO INOX, MATERIAL COPO: AÇO INOXIDÁVEL, TENSÃO NOMINAL: 220;UN;4,0000;697,6500;2790,6000;0,0000;30/10/2026
ERN-HOSPITAL REG.TARCÍSIO DE VASCONCELOS MAIA;927052;381;Material;927052-10/2026;Equipamentos Permanente;Catálogo do Compras.gov.br;Material;7320;EQUIPAMENTOS E APARELHOS DE COZINHA;14491;DESCASCADOR BATATA;323349;CAPACIDADE: 200, MATERIAL: AÇO INOXIDÁVEL, POTÊNCIA: 1/3;UN;2,0000;9978,9600;19957,9200;0,0000;30/10/2026
ERN-HOSPITAL REG.TARCÍSIO DE VASCONCELOS MAIA;927052;382;Material;927052-10/2026;Equipamentos Permanente;Catálogo do Compras.gov.br;Material;7330;UTENSÍLIOS E FERRAMENTAS MANUAIS DE COZINHA;3448;BATEDOR MANUAL;473546;CARACTERÍSTICAS ADICIONAIS: CABO EM POLIPROPILENO, COMPRIMENTO: 40, MATERIAL: AÇO INOXIDÁVEL;UN;5,0000;31,2600;156,3000;0,0000;30/10/2026
ERN-HOSPITAL REG.TARCÍSIO DE VASCONCELOS MAIA;927052;383;Material;927052-10/2026;Equipamentos Permanente;Catálogo do Compras.gov.br;Material;7330;UTENSÍLIOS E FERRAMENTAS MANUAIS DE COZINHA;1225;ABRIDOR;437939;CARACTERÍSTICAS ADICIONAIS: USO LATA, COMPRIMENTO: 15 CM, MATERIAL: AÇO INOXIDÁVEL;UN;4,0000;17,5300;70,1200;0,0000;30/10/2026
ERN-HOSPITAL REG.TARCÍSIO DE VASCONCELOS MAIA;927052;384;Material;927052-10/2026;Equipamentos Permanente;Catálogo do Compras.gov.br;Material;7340;CUTELARIA E TALHERES;14921;COLHER DESCARTÁVEL;391002;APLICAÇÃO: SOBREMESA, MATERIAL: POLIESTIRENO;PCT;1200,0000;4,8300;5796,0000;0,0000;30/10/2026
ERN-HOSPITAL REG.TARCÍSIO DE VASCONCELOS MAIA;927052;385;Material;927052-10/2026;Equipamentos Permanente;Catálogo do Compras.gov.br;Material;7330;UTENSÍLIOS E FERRAMENTAS MANUAIS DE COZINHA;1115;GARRAFA TÉRMICA;468442;CAPACIDADE: 2, CARACTERÍSTICAS ADICIONAIS: TAMPA TIPO PRESSÃO, AMPOLA INQUEBRÁVEL, MATERIAL: AÇO INOXIDÁVEL;UN;10,0000;231,3000;2313,0000;0,0000;30/10/2026
ERN-HOSPITAL REG.TARCÍSIO DE VASCONCELOS MAIA;927052;386;Material;927052-10/2026;Equipamentos Permanente;Catálogo do Compras.gov.br;Material;7330;UTENSÍLIOS E FERRAMENTAS MANUAIS DE COZINHA;2385;AMACIADOR ELETRICO DE CARNE;486624;CAPACIDADE MÍNIMA: 300, MATERIAL: AÇO INOX, TENSÃO: 220;UN;2,0000;4601,0800;9202,1600;0,0000;30/10/2026
ERN-HOSPITAL REG.TARCÍSIO DE VASCONCELOS MAIA;927052;387;Material;927052-10/2026;Equipamentos Permanente;Catálogo do Compras.gov.br;Material;7330;UTENSÍLIOS E FERRAMENTAS MANUAIS DE COZINHA;1287;JARRA;426094;CAPACIDADE: 5, CARACTERÍSTICAS ADICIONAIS: GRADUADA, MATERIAL: PLÁSTICO;UN;20,0000;36,3800;727,6000;0,0000;30/10/2026
ERN-HOSPITAL REG.TARCÍSIO DE VASCONCELOS MAIA;927052;388;Material;927052-10/2026;Equipamentos Permanente;Catálogo do Compras.gov.br;Material;7340;CUTELARIA E TALHERES;7276;FACA;282595;APLICAÇÃO: DESOSSA DE CARNE, COMPRIMENTO LÂMINA: 6, MATERIAL CABO: POLIETILENO, MATERIAL LÂMINA: AÇO INOXIDÁVEL;UN;5,0000;11,6500;58,2500;0,0000;30/10/2026
ERN-HOSPITAL REG.TARCÍSIO DE VASCONCELOS MAIA;927052;389;Material;927052-10/2026;Equipamentos Permanente;Catálogo do Compras.gov.br;Material;7310;EQUIPAMENTOS PARA COZINHAR, ASSAR E SERVIR ALIMENTOS;1070;FOGÃO INDUSTRIAL;294225;CARACTERÍSTICAS ADICIONAIS: GRELHAS EM FERRO FUNDIDO 40 X 40 CM, COM FORNO, SE, FUNCIONAMENTO: GÁS, TIPO ACENDIMENTO: MANUAL, TIPO USO: COZINHAR ALIMENTOS;UN;3,0000;2210,0000;6630,0000;0,0000;30/10/2026
ERN-HOSPITAL REG.TARCÍSIO DE VASCONCELOS MAIA;927052;390;Material;927052-10/2026;Equipamentos Permanente;Catálogo do Compras.gov.br;Material;7105;MOBILIÁRIO DOMÉSTICO;9827;MOBILIÁRIO RADIOLÓGICO;439855;COMPONENTES: COM 3 CABIDES EM AÇO INOXIDÁVEL, MATERIAL: AÇO, TIPO: SUPORTE PARA AVENTAL PLUMBÍFERO DE PAREDE;UN;4,0000;433,0000;1732,0000;0,0000;30/10/2026
ERN-HOSPITAL REG.TARCÍSIO DE VASCONCELOS MAIA;927052;391;Material;927052-10/2026;Equipamentos Permanente;Catálogo do Compras.gov.br;Material;7330;UTENSÍLIOS E FERRAMENTAS MANUAIS DE COZINHA;12461;PRANCHA ALIMENTOS;461352;CARACTERÍSTICAS ADICIONAIS: COM BORDAS PARA RENTEÇÃO DE LÍQUIDOS, COMPRIMENTO: 45, COR: VARIADA, ESPESSURA: 1, LARGURA: 24, MATERIAL: POLIPROPILENO;UN;10,0000;130,0000;1300,0000;0,0000;30/10/2026
ERN-HOSPITAL REG.TARCÍSIO DE VASCONCELOS MAIA;927052;392;Material;927052-10/2026;Equipamentos Permanente;Catálogo do Compras.gov.br;Material;7330;UTENSÍLIOS E FERRAMENTAS MANUAIS DE COZINHA;1115;GARRAFA TÉRMICA;286991;CAPACIDADE: 6, CARACTERÍSTICAS ADICIONAIS: TRIPÉ RETRÁTIL, ABERTURA TODA PARTE SUPERIOR, COR: VERMELHA, MATERIAL: PLÁSTICO, TIPO: CAMPING;UN;10,0000;143,3300;1433,3000;0,0000;30/10/2026
ERN-HOSPITAL REG.TARCÍSIO DE VASCONCELOS MAIA;927052;538;Material;927052-9/2026;Materiais de Consumo - Medicamentos e Materiais Médicos;Catálogo do Compras.gov.br;Material;6505;DROGAS E MEDICAMENTOS;11759;RISPERIDONA;284106;DOSAGEM: 1, USO: SOLUÇÃO ORAL, COM PIPETA DOSADORA;FR;12,0000;30,8800;370,5600;0,0000;30/10/2026
ERN-HOSPITAL REG.TARCÍSIO DE VASCONCELOS MAIA;927052;393;Material;927052-10/2026;Equipamentos Permanente;Catálogo do Compras.gov.br;Material;7310;EQUIPAMENTOS PARA COZINHAR, ASSAR E SERVIR ALIMENTOS;1056;CHAPA ASSADEIRA/FRITADEIRA;442496;ALTURA: 90, CARACTERÍSTICAS ADICIONAIS: PÉS COM SAPATAS/GAVETA DE RESIDUOS/CHAMINÉ E GABIN, COMPRIMENTO: 90, FUNCIONAMENTO: GÁS, LARGURA: 96, MATERIAL: AÇO INOXIDÁVEL AISI 304, MATERIAL QUEIMADOR: AÇO INOXIDÁVEL;UN;2,0000;3935,0900;7870,1800;0,0000;30/10/2026
ERN-HOSPITAL REG.TARCÍSIO DE VASCONCELOS MAIA;927052;394;Material;927052-10/2026;Equipamentos Permanente;Catálogo do Compras.gov.br;Material;7340;CUTELARIA E TALHERES;7276;FACA;465736;APLICAÇÃO: CORTAR LEGUMES E VERDURAS, COMPRIMENTO LÂMINA: 18, COR CABO: BRANCA, ESPESSURA: 1,40, LARGURA LÂMINA: 2,50, MATERIAL CABO: POLIPROPILENO INJETADO, MATERIAL LÂMINA: AÇO INOXIDÁVEL, TIPO: FIO LISO;UN;15,0000;11,2000;168,0000;0,0000;30/10/2026
ERN-HOSPITAL REG.TARCÍSIO DE VASCONCELOS MAIA;927052;395;Material;927052-10/2026;Equipamentos Permanente;Catálogo do Compras.gov.br;Material;7330;UTENSÍLIOS E FERRAMENTAS MANUAIS DE COZINHA;14460;ESCORREDOR;406327;APLICAÇÃO: MACARRÃO, CAPACIDADE: 50, CARACTERÍSTICAS ADICIONAIS: ALÇAS REFORÇADAS E TIPO HOTEL, DIÂMETRO: 60, MATERIAL: ALUMÍNIO;UN;5,0000;280,0000;1400,0000;0,0000;30/10/2026
ERN-HOSPITAL REG.TARCÍSIO DE VASCONCELOS MAIA;927052;396;Material;927052-10/2026;Equipamentos Permanente;Catálogo do Compras.gov.br;Material;7330;UTENSÍLIOS E FERRAMENTAS MANUAIS DE COZINHA;13209;UTENSÍLIO DOMÉSTICO;450214;CARACTERÍSTICAS ADICIONAIS: COM REVESTIMENTO ANTIADERENTE, INVERTIDA, DIÂMETRO: 20, MATERIAL: ALUMÍNIO, TIPO: PANQUEQUEIRA;UN;5,0000;49,8700;249,3500;0,0000;30/10/2026
ERN-HOSPITAL REG.TARCÍSIO DE VASCONCELOS MAIA;927052;397;Material;927052-10/2026;Equipamentos Permanente;Catálogo do Compras.gov.br;Material;7330;UTENSÍLIOS E FERRAMENTAS MANUAIS DE COZINHA;1287;JARRA;397228;CAPACIDADE: 2, CARACTERÍSTICAS ADICIONAIS: COM TAMPA E ALÇA, MATERIAL: AÇO INOXIDÁVEL, MODELO: REDONDO;UN;50,0000;81,7900;4089,5000;0,0000;30/10/2026
ERN-HOSPITAL REG.TARCÍSIO DE VASCONCELOS MAIA;927052;398;Material;927052-10/2026;Equipamentos Permanente;Catálogo do Compras.gov.br;Material;7320;EQUIPAMENTOS E APARELHOS DE COZINHA;14491;DESCASCADOR BATATA;269919;CAPACIDADE: 10, CARACTERÍSTICAS ADICIONAIS: PAREDE INTERNA FRISADA, MATERIAL: AÇO INOXIDÁVEL, POTÊNCIA: 1/2, VOLTAGEM: 220;UN;2,0000;6631,6400;13263,2800;0,0000;30/10/2026
ERN-HOSPITAL REG.TARCÍSIO DE VASCONCELOS MAIA;927052;399;Material;927052-10/2026;Equipamentos Permanente;Catálogo do Compras.gov.br;Material;7330;UTENSÍLIOS E FERRAMENTAS MANUAIS DE COZINHA;15960;COMPONENTE CORTADOR LEGUMES;248855;APLICAÇÃO: PICAR O ALIMENTO, COMPRIMENTO: 10, MATERIAL: AÇO INOXIDÁVEL, TIPO: MANUAL, TIPO ACESSÓRIO: LÂMINA;UN;50,0000;29,5100;1475,5000;0,0000;30/10/2026
ERN-HOSPITAL REG.TARCÍSIO DE VASCONCELOS MAIA;927052;400;Material;927052-10/2026;Equipamentos Permanente;Catálogo do Compras.gov.br;Material;7195;MOBILIÁRIOS DIVERSOS E ACESSÓRIOS;17844;COLCHÃO INFLÁVEL;624337;APLICAÇÃO: PREVENÇÃO LESÕES POR PRESSÃO, CARACTERÍSTICAS ADICIONAIS: CAPACIDADE, ACIMA DE 150 KG - COMPRESSOR 220 V, COMPRIMENTO: 2, LARGURA: 0,90, MATERIAL: PVC, TIPO: INSUFLAÇÃO INTERMITENTE;UN;200,0000;250,0000;50000,0000;0,0000;30/10/2026
ERN-HOSPITAL REG.TARCÍSIO DE VASCONCELOS MAIA;927052;401;Material;927052-10/2026;Equipamentos Permanente;Catálogo do Compras.gov.br;Material;7340;CUTELARIA E TALHERES;1146;GARFO MESA;437873;CARACTERÍSTICAS ADICIONAIS: LISO E POLIDO, COMPRIMENTO: 20, MATERIAL CABO: AÇO INOXIDÁVEL, MATERIAL CORPO: AÇO INOXIDÁVEL, TIPO: MESA;UN;500,0000;3,0300;1515,0000;0,0000;30/10/2026
ERN-HOSPITAL REG.TARCÍSIO DE VASCONCELOS MAIA;927052;402;Material;927052-10/2026;Equipamentos Permanente;Catálogo do Compras.gov.br;Material;7330;UTENSÍLIOS E FERRAMENTAS MANUAIS DE COZINHA;3193;BACIA;326594;CAPACIDADE: 35, CARACTERÍSTICAS ADICIONAIS: REDONDA, MATERIAL: PLÁSTICO;UN;10,0000;39,9900;399,9000;0,0000;30/10/2026
ERN-HOSPITAL REG.TARCÍSIO DE VASCONCELOS MAIA;927052;403;Material;927052-10/2026;Equipamentos Permanente;Catálogo do Compras.gov.br;Material;7310;EQUIPAMENTOS PARA COZINHAR, ASSAR E SERVIR ALIMENTOS;1045;FORNO MICROONDAS;445383;CAPACIDADE: 30, CARACTERÍSTICAS ADICIONAIS: COM PRATO GIRATÓRIO E FUNÇÃO GRILL, FUNÇÕES: GRILL, DOURADOR E TOSTADOR, MATERIAL: AÇO INOXIDÁVEL, VOLTAGEM: 220;UN;1,0000;805,7200;805,7200;0,0000;30/10/2026
ERN-HOSPITAL REG.TARCÍSIO DE VASCONCELOS MAIA;927052;404;Material;927052-10/2026;Equipamentos Permanente;Catálogo do Compras.gov.br;Material;7330;UTENSÍLIOS E FERRAMENTAS MANUAIS DE COZINHA;5927;PICADOR LEGUMES;334043;CARACTERÍSTICAS ADICIONAIS: LÂMINA, ALAVANCA E TRIPÉ, CUBO DE PLACA DE 10MM E, MATERIAL: AÇO INOXIDÁVEL, TIPO: MANUAL;UN;10,0000;170,2400;1702,4000;0,0000;30/10/2026
ERN-HOSPITAL REG.TARCÍSIO DE VASCONCELOS MAIA;927052;405;Material;927052-10/2026;Equipamentos Permanente;Catálogo do Compras.gov.br;Material;7330;UTENSÍLIOS E FERRAMENTAS MANUAIS DE COZINHA;10334;PANELA;352910;CAPACIDADE: 70, CARACTERÍSTICAS ADICIONAIS: COM TAMPA, MATERIAL: ALUMÍNIO;UN;5,0000;917,0000;4585,0000;0,0000;30/10/2026
ERN-HOSPITAL REG.TARCÍSIO DE VASCONCELOS MAIA;927052;406;Material;927052-10/2026;Equipamentos Permanente;Catálogo do Compras.gov.br;Material;7340;CUTELARIA E TALHERES;5362;COLHER;337384;APLICAÇÃO: SOPA, CARACTERÍSTICAS ADICIONAIS: LISA E POLIDA COM 1,50 MM DE ESPESSURA, MATERIAL CABO: AÇO INOXIDÁVEL, MATERIAL CORPO: AÇO INOXIDÁVEL;UN;500,0000;2,9000;1450,0000;0,0000;30/10/2026
ERN-HOSPITAL REG.TARCÍSIO DE VASCONCELOS MAIA;927052;407;Material;927052-10/2026;Equipamentos Permanente;Catálogo do Compras.gov.br;Material;7330;UTENSÍLIOS E FERRAMENTAS MANUAIS DE COZINHA;2394;AMASSADOR ALIMENTO;628082;APLICAÇÃO: BIFE, MATERIAL: FERRO FUNDIDO, TIPO: MANUAL;UN;5,0000;53,4500;267,2500;0,0000;30/10/2026
ERN-HOSPITAL REG.TARCÍSIO DE VASCONCELOS MAIA;927052;408;Material;927052-10/2026;Equipamentos Permanente;Catálogo do Compras.gov.br;Material;7320;EQUIPAMENTOS E APARELHOS DE COZINHA;1106;MULTIPROCESSADOR ALIMENTOS;473222;ALTURA: 840, COMPRIMENTO: 460, FUNÇÃO: PULSAR (PROCESSAR, MOER, CORTAR, MISTURAR, TRITURA, LARGURA: 390, MATERIAL: AÇO INOX/ALUMÍNIO, PESO: 28, POTÊNCIA: 3.000, TENSÃO: 220;UN;2,0000;3004,6500;6009,3000;0,0000;30/10/2026
ERN-HOSPITAL REG.TARCÍSIO DE VASCONCELOS MAIA;927052;409;Material;927052-10/2026;Equipamentos Permanente;Catálogo do Compras.gov.br;Material;7320;EQUIPAMENTOS E APARELHOS DE COZINHA;9844;MOEDOR DE CARNE INDUSTRIAL;451433;CAPACIDADE MOAGEM: 200, CARACTERÍSTICAS ADICIONAIS: 220 VOLTS, SACADOR EM PLÁSTICO, MATERIAL BANDEJA: AÇO INOXIDÁVEL, MATERIAL CORPO: AÇO INOXIDÁVEL, POTÊNCIA MOTOR: 1/2;UN;1,0000;3948,2600;3948,2600;0,0000;30/10/2026
ERN-HOSPITAL REG.TARCÍSIO DE VASCONCELOS MAIA;927052;410;Material;927052-10/2026;Equipamentos Permanente;Catálogo do Compras.gov.br;Material;7320;EQUIPAMENTOS E APARELHOS DE COZINHA;1071;ESPREMEDOR FRUTA;483294;APLICAÇÃO: INDUSTRIAL, CARACTERÍSTICAS ADICIONAIS: COM TAMPA, MATERIAL JARRA: AÇO INOXIDÁVEL, POTÊNCIA: 600, VOLTAGEM: 127/220;UN;3,0000;403,5500;1210,6500;0,0000;30/10/2026
ERN-HOSPITAL REG.TARCÍSIO DE VASCONCELOS MAIA;927052;411;Material;927052-10/2026;Equipamentos Permanente;Catálogo do Compras.gov.br;Material;7330;UTENSÍLIOS E FERRAMENTAS MANUAIS DE COZINHA;10595;PEGADOR ALIMENTO;443919;CARACTERÍSTICAS ADICIONAIS: BOJO COM DENTES NOS DOIS LADOS, COMPRIMENTO: 28, MATERIAL: AÇO INOXIDÁVEL;UN;10,0000;31,0200;310,2000;0,0000;30/10/2026
ERN-HOSPITAL REG.TARCÍSIO DE VASCONCELOS MAIA;927052;412;Material;927052-10/2026;Equipamentos Permanente;Catálogo do Compras.gov.br;Material;7310;EQUIPAMENTOS PARA COZINHAR, ASSAR E SERVIR ALIMENTOS;1069;CAFETEIRA ELÉTRICA;238908;CAPACIDADE: 10, CARACTERÍSTICAS ADICIONAIS: COM ESTERILIZADOR E DOIS DEPÓSITOS, MATERIAL: AÇO INOXIDÁVEL, VOLTAGEM: 220, APLICAÇÃO: INDUSTRIAL;UN;2,0000;1459,4100;2918,8200;0,0000;30/10/2026
ERN-HOSPITAL REG.TARCÍSIO DE VASCONCELOS MAIA;927052;413;Material;927052-10/2026;Equipamentos Permanente;Catálogo do Compras.gov.br;Material;7330;UTENSÍLIOS E FERRAMENTAS MANUAIS DE COZINHA;15550;ESCORREDOR LOUÇA;389337;APLICAÇÃO: TALHERES, CARACTERÍSTICAS ADICIONAIS: BASE EM MATERIAL PLÁSTICO, DIMENSÕES: 19 X 11 X 11, MATERIAL: AÇO INOXIDÁVEL;UN;5,0000;29,8000;149,0000;0,0000;30/10/2026
ERN-HOSPITAL REG.TARCÍSIO DE VASCONCELOS MAIA;927052;414;Material;927052-9/2026;Materiais de Consumo - Medicamentos e Materiais Médicos;Catálogo do Compras.gov.br;Material;6505;DROGAS E MEDICAMENTOS;7660;FLUORESCEÍNA;272945;CONCENTRAÇÃO: 2%, APLICAÇÃO: SOLUÇÃO OFTÁLMICA;AM;12,0000;49,2500;591,0000;0,0000;30/10/2026
ERN-HOSPITAL REG.TARCÍSIO DE VASCONCELOS MAIA;927052;415;Material;927052-9/2026;Materiais de Consumo - Medicamentos e Materiais Médicos;Catálogo do Compras.gov.br;Material;6505;DROGAS E MEDICAMENTOS;11276;PROPOFOL;448761;CARACTERISTICA ADICIONAL: SERINGA PREENCHIDA, CONCENTRAÇAO: 10, FORMA FARMACEUTICA: EMULSÃO INJETÁVEL;AM;2100,0000;12,0500;25305,0000;0,0000;30/10/2026
ERN-HOSPITAL REG.TARCÍSIO DE VASCONCELOS MAIA;927052;416;Material;927052-9/2026;Materiais de Consumo - Medicamentos e Materiais Médicos;Catálogo do Compras.gov.br;Material;6505;DROGAS E MEDICAMENTOS;5237;PROTAMINA CLORIDRATO;272362;CONCENTRAÇÃO: 1%, APRESENTAÇÃO: SOLUÇÃO INJETÁVEL;AM;12,0000;3,5800;42,9600;0,0000;30/10/2026
ERN-HOSPITAL REG.TARCÍSIO DE VASCONCELOS MAIA;927052;417;Material;927052-9/2026;Materiais de Consumo - Medicamentos e Materiais Médicos;Catálogo do Compras.gov.br;Material;6515;INSTRUMENTOS, EQUIPAMENTOS E SUPRIMENTOS MÉDICOS  E  CIRÚRGICOS;12820;TORNEIRA;617293;ACABAMENTO SUPERFICIAL: CROMADO, APLICAÇÃO: PAREDE, CARACTERISTICAS ADICIONAIS: ACIONAMENTO MANUAL/FECHAMENTO AUTOMÁTICO E AREJADO, DIÂMETRO: 1/2, MATERIAL CORPO: LATÃO, TIPO: AUTOMÁTICA, TRATAMENTO SUPERFICIAL: CROMADO;UN;60,0000;29,0000;1740,0000;0,0000;30/10/2026
ERN-HOSPITAL REG.TARCÍSIO DE VASCONCELOS MAIA;927052;418;Material;927052-9/2026;Materiais de Consumo - Medicamentos e Materiais Médicos;Catálogo do Compras.gov.br;Material;6505;DROGAS E MEDICAMENTOS;10676;PERMETRINA;312388;DOSAGEM: 10, FORMA FARMACÊUTICA: SHAMPOO;FR;30,0000;11,9000;357,0000;0,0000;30/10/2026
ERN-HOSPITAL REG.TARCÍSIO DE VASCONCELOS MAIA;927052;419;Material;927052-9/2026;Materiais de Consumo - Medicamentos e Materiais Médicos;Catálogo do Compras.gov.br;Material;6515;INSTRUMENTOS, EQUIPAMENTOS E SUPRIMENTOS MÉDICOS  E  CIRÚRGICOS;2639;SONDA TRATO URINÁRIO;436006;CALIBRE: 24, COMPONENTES: C/ ORIFÍCIOS LATERAIS, CONECTOR: CONECTORES PADRÃO, EMBALAGEM: EMBALAGEM INDIVIDUAL, ESTERILIDADE: ESTÉRIL, DESCARTÁVEL, MATERIAL: BORRACHA, MODELO: FOLEY, TIPO PONTA: PONTA DISTAL CILÍNDRICA FECHADA, VIAS: 2 VIAS, VOLUME: C/ BALÃO CERCA 30;UN;60,0000;3,2000;192,0000;0,0000;30/10/2026
ERN-HOSPITAL REG.TARCÍSIO DE VASCONCELOS MAIA;927052;420;Material;927052-9/2026;Materiais de Consumo - Medicamentos e Materiais Médicos;Catálogo do Compras.gov.br;Material;6505;DROGAS E MEDICAMENTOS;17807;LIDOCAÍNA CLORIDRATO;269846;DOSAGEM: 2%, APRESENTAÇÃO: GELÉIA;BIS;1800,0000;7,9100;14238,0000;0,0000;30/10/2026
ERN-HOSPITAL REG.TARCÍSIO DE VASCONCELOS MAIA;927052;421;Material;927052-9/2026;Materiais de Consumo - Medicamentos e Materiais Médicos;Catálogo do Compras.gov.br;Material;6510;MATERIAIS CIRÚRGICOS PARA CURATIVOS;5961;CREME HIDRATANTE;479909;CARACTERÍSTICAS ADICIONAIS*: GRAU DE PROTEÇÃO 3, COMPOSIÇÃO: À BASE DE PETROLATO, GLICERINA E ASSOCIAÇÕES;BIS;30,0000;34,7900;1043,7000;0,0000;30/10/2026
ERN-HOSPITAL REG.TARCÍSIO DE VASCONCELOS MAIA;927052;422;Material;927052-9/2026;Materiais de Consumo - Medicamentos e Materiais Médicos;Catálogo do Compras.gov.br;Material;6505;DROGAS E MEDICAMENTOS;3567;BIPERIDENO;270140;DOSAGEM: 2;COMPR;180,0000;0,2300;41,4000;0,0000;30/10/2026
ERN-HOSPITAL REG.TARCÍSIO DE VASCONCELOS MAIA;927052;423;Material;927052-9/2026;Materiais de Consumo - Medicamentos e Materiais Médicos;Catálogo do Compras.gov.br;Material;6515;INSTRUMENTOS, EQUIPAMENTOS E SUPRIMENTOS MÉDICOS  E  CIRÚRGICOS;17428;SERINGA;617149;ADICIONAL: GRADUADA (ESCALA UI), NUMERADA, APRESENTAÇÃO: EMBALAGEM INDIVIDUAL, CAPACIDADE: 1, COMPONENTE ADICIONAL: C/ SISTEMA SEGURANÇA SEGUNDO NR/32, ESTERILIDADE: ESTÉRIL, USO ÚNICO, MATERIAL: POLIPROPILENO, TIPO AGULHA: C/ AGULHA FIXA CERCA 30 G X 13 MM, TIPO VEDAÇÃO: ÊMBOLO DE BORRACHA;UN;30000,0000;0,3500;10500,0000;0,0000;30/10/2026
ERN-HOSPITAL REG.TARCÍSIO DE VASCONCELOS MAIA;927052;424;Material;927052-9/2026;Materiais de Consumo - Medicamentos e Materiais Médicos;Catálogo do Compras.gov.br;Material;6515;INSTRUMENTOS, EQUIPAMENTOS E SUPRIMENTOS MÉDICOS  E  CIRÚRGICOS;8203;DRENO CIRÚRGICO;438498;CALIBRE: 20, COMPONENTE II: RADIOPACO, COMPRIMENTO: CERCA DE 50, CONECTOR UNIVERSAL: C/ CONECTOR, EMBALAGEM: EMBALAGEM INDIVIDUAL, MATERIAL: SILICONE, MODELO: TORÁCICO, TIPO USO: ESTÉRIL, DESCARTÁVEL;UN;16,0000;24,3900;390,2400;0,0000;30/10/2026
ERN-HOSPITAL REG.TARCÍSIO DE VASCONCELOS MAIA;927052;425;Material;927052-9/2026;Materiais de Consumo - Medicamentos e Materiais Médicos;Catálogo do Compras.gov.br;Material;6515;INSTRUMENTOS, EQUIPAMENTOS E SUPRIMENTOS MÉDICOS  E  CIRÚRGICOS;18229;SONDA TRATO DIGESTIVO;435901;ADICIONAIS: RADIOPACA, APLICAÇÃO: NASOENTERAL, CALIBRE: Nº 10, COMPONENTES: PONTA DISTAL FECHADA, C/ ORIFÍCIOS LATERAIS, COMPRIMENTO: CERCA 120, CONECTOR: CONECTOR EM Y C/ TAMPA, EMBALAGEM: EMBALAGEM INDIVIDUAL, ESTERILIDADE: ESTÉRIL, DESCARTÁVEL, GRADUAÇÃO: GRADUADA, MATERIAL: POLIURETANO, OUTROS COMPONENTES: C/ FIO GUIA, PESO METÁLICO;UN;120,0000;7,6900;922,8000;0,0000;30/10/2026
ERN-HOSPITAL REG.TARCÍSIO DE VASCONCELOS MAIA;927052;426;Material;927052-9/2026;Materiais de Consumo - Medicamentos e Materiais Médicos;Catálogo do Compras.gov.br;Material;6515;INSTRUMENTOS, EQUIPAMENTOS E SUPRIMENTOS MÉDICOS  E  CIRÚRGICOS;2224;TUBO ENDOTRAQUEAL;451397;ADICIONAL: C/ GUIA, CALIBRE: 7,5, COMPONENTE 1: BALÃO ALTO VOLUME E BAIXA PRESSÃO, COMPONENTE 2: RADIOPACO, GRADUADO, ESTERILIDADE: ESTÉRIL, USO ÚNICO, MATERIAL: SILICONE, MODELO: CURVA MAGILL, TIPO CONECTOR: CONECTOR PADRÃO, TIPO PONTA: C/ PONTA DISTAL ATRAUMÁTICA E ORIFÍCIO MURPHY;UN;300,0000;4,5800;1374,0000;0,0000;30/10/2026
ERN-HOSPITAL REG.TARCÍSIO DE VASCONCELOS MAIA;927052;427;Material;927052-9/2026;Materiais de Consumo - Medicamentos e Materiais Médicos;Catálogo do Compras.gov.br;Material;6515;INSTRUMENTOS, EQUIPAMENTOS E SUPRIMENTOS MÉDICOS  E  CIRÚRGICOS;19947;FIXADOR P/ DISPOSITIVO MÉDICO;481520;APLICAÇÃO: P/ TUBO ENDOTRAQUEAL, DIMENSÕES: CERCA DE 10, MATERIAL: CADARÇO ALGODÃO, TIPO USO: USO ÚNICO;UN;2500,0000;29,0500;72625,0000;0,0000;30/10/2026
ERN-HOSPITAL REG.TARCÍSIO DE VASCONCELOS MAIA;927052;428;Material;927052-9/2026;Materiais de Consumo - Medicamentos e Materiais Médicos;Catálogo do Compras.gov.br;Material;6505;DROGAS E MEDICAMENTOS;14559;SIMETICONA;412966;CONCENTRAÇÃO: 75, FORMA FARMACÊUTICA: EMULSÃO ORAL - GOTAS;FR;3000,0000;1,4700;4410,0000;0,0000;30/10/2026
ERN-HOSPITAL REG.TARCÍSIO DE VASCONCELOS MAIA;927052;429;Material;927052-9/2026;Materiais de Consumo - Medicamentos e Materiais Médicos;Catálogo do Compras.gov.br;Material;6505;DROGAS E MEDICAMENTOS;6168;DIAZEPAM;267194;DOSAGEM: 5, APRESENTAÇÃO: SOLUÇÃO INJETÁVEL;AM;3600,0000;0,9800;3528,0000;0,0000;30/10/2026
ERN-HOSPITAL REG.TARCÍSIO DE VASCONCELOS MAIA;927052;430;Material;927052-9/2026;Materiais de Consumo - Medicamentos e Materiais Médicos;Catálogo do Compras.gov.br;Material;6515;INSTRUMENTOS, EQUIPAMENTOS E SUPRIMENTOS MÉDICOS  E  CIRÚRGICOS;14736;CATETER ASPIRAÇÃO TRAQUEAL;279765;CARACTERÍSTICAS ADICIONAIS: PONTA ATRAUMÁTICA, ORIFÍCIOS DISTAIS LATERALIZADOS, ESPESSURA: Nº 10, MATERIAL: PVC ATÓXICO FLEXÍVEL, TIPO EMBALAGEM: ESTÉRIL, EMBALAGEM INDIVIDUAL, TIPO USO: DESCARTÁVEL;UN;300,0000;1,3900;417,0000;0,0000;30/10/2026
ERN-HOSPITAL REG.TARCÍSIO DE VASCONCELOS MAIA;927052;431;Material;927052-9/2026;Materiais de Consumo - Medicamentos e Materiais Médicos;Catálogo do Compras.gov.br;Material;6510;MATERIAIS CIRÚRGICOS PARA CURATIVOS;30022;CURATIVO / COBERTURA;600697;APLICAÇÃO: P/ FERIDA, ASPECTO FÍSICO: PLACA, COMPONENTE 4: C/ PRATA, COMPOSIÇÃO: À BASE DE CELULOSE, DIMENSÃO: CERCA DE 10 X 10, ESTERILIDADE: ESTÉRIL;UN;300,0000;25,2400;7572,0000;0,0000;30/10/2026
ERN-HOSPITAL REG.TARCÍSIO DE VASCONCELOS MAIA;927052;432;Material;927052-9/2026;Materiais de Consumo - Medicamentos e Materiais Médicos;Catálogo do Compras.gov.br;Material;6505;DROGAS E MEDICAMENTOS;13894;COLA;281629;APLICAÇÃO: VIDRO,BORRACHA,PLÁSTICO,PVC,METAL,ACRÍLICO,NÁILON, CARACTERÍSTICAS ADICIONAIS: GEL, COMPOSIÇÃO: CIANIACRILATO, COR: INCOLOR, TIPO: INSTANTÂNEA;BIS;10,0000;14,0000;140,0000;0,0000;30/10/2026
ERN-HOSPITAL REG.TARCÍSIO DE VASCONCELOS MAIA;927052;433;Material;927052-9/2026;Materiais de Consumo - Medicamentos e Materiais Médicos;Catálogo do Compras.gov.br;Material;6505;DROGAS E MEDICAMENTOS;10671;PERICIAZINA;300989;DOSAGEM: 40, FORMA FARMACÊUTICA: SOLUÇÃO ORAL - GOTAS;FR;6,0000;12,0800;72,4800;0,0000;30/10/2026
ERN-HOSPITAL REG.TARCÍSIO DE VASCONCELOS MAIA;927052;434;Material;927052-9/2026;Materiais de Consumo - Medicamentos e Materiais Médicos;Catálogo do Compras.gov.br;Material;6515;INSTRUMENTOS, EQUIPAMENTOS E SUPRIMENTOS MÉDICOS  E  CIRÚRGICOS;30040;FIO DE SUTURA AGULHADO;487233;APRESENTAÇÃO: EMBALAGEM INDIVIDUAL, COMPRIMENTO AGULHA: CERCA DE 20, COMPRIMENTO FIO: CERCA DE 45, DIÂMETRO FIO: 5-0, ESTERILIDADE: ESTÉRIL, MATERIAL FIO: POLIGLECAPRONE INCOLOR, MODELO AGULHA: CORTANTE REVERSA / INVERTIDA, MODELO FIO: MONOFILAMENTAR, TIPO AGULHA: AGULHA 3/8 CÍRCULO;UN;30,0000;9,0800;272,4000;0,0000;30/10/2026
ERN-HOSPITAL REG.TARCÍSIO DE VASCONCELOS MAIA;927052;435;Material;927052-9/2026;Materiais de Consumo - Medicamentos e Materiais Médicos;Catálogo do Compras.gov.br;Material;6515;INSTRUMENTOS, EQUIPAMENTOS E SUPRIMENTOS MÉDICOS  E  CIRÚRGICOS;2224;TUBO ENDOTRAQUEAL;451380;CALIBRE: 7,0, COMPONENTE 1: BALÃO ALTO VOLUME E BAIXA PRESSÃO, COMPONENTE 2: RADIOPACO, GRADUADO, ESTERILIDADE: ESTÉRIL, USO ÚNICO, MATERIAL: PVC SILICONIZADO ARAMADO, MODELO: CURVA MAGILL, TIPO CONECTOR: CONECTOR PADRÃO, TIPO PONTA: C/ PONTA DISTAL ATRAUMÁTICA;UN;60,0000;25,3500;1521,0000;0,0000;30/10/2026
ERN-HOSPITAL REG.TARCÍSIO DE VASCONCELOS MAIA;927052;436;Material;927052-9/2026;Materiais de Consumo - Medicamentos e Materiais Médicos;Catálogo do Compras.gov.br;Material;6515;INSTRUMENTOS, EQUIPAMENTOS E SUPRIMENTOS MÉDICOS  E  CIRÚRGICOS;2224;TUBO ENDOTRAQUEAL;451313;CALIBRE: 2,5, COMPONENTE 1: BALÃO ALTO VOLUME E BAIXA PRESSÃO, COMPONENTE 2: RADIOPACO, GRADUADO, ESTERILIDADE: ESTÉRIL, USO ÚNICO, MATERIAL: PVC SILICONIZADO, MODELO: CURVA MAGILL, TIPO CONECTOR: CONECTOR PADRÃO, TIPO PONTA: C/ PONTA DISTAL ATRAUMÁTICA E ORIFÍCIO MURPHY;UN;30,0000;7,7000;231,0000;0,0000;30/10/2026
ERN-HOSPITAL REG.TARCÍSIO DE VASCONCELOS MAIA;927052;437;Material;927052-9/2026;Materiais de Consumo - Medicamentos e Materiais Médicos;Catálogo do Compras.gov.br;Material;6505;DROGAS E MEDICAMENTOS;8222;HIDROCORTISONA;342132;COMPOSIÇÃO: SAL ACETATO, CONCENTRAÇÃO: 500, FORMA FARMACÊUTICA: PÓ LIÓFILO P/ INJETÁVEL;FR-AM;1200,0000;5,0500;6060,0000;0,0000;30/10/2026
ERN-HOSPITAL REG.TARCÍSIO DE VASCONCELOS MAIA;927052;438;Material;927052-9/2026;Materiais de Consumo - Medicamentos e Materiais Médicos;Catálogo do Compras.gov.br;Material;6505;DROGAS E MEDICAMENTOS;5040;CIPROFLOXACINO CLORIDRATO;292418;DOSAGEM: 2, APRESENTAÇÃO: SOLUÇÃO INJETÁVEL;-;1200,0000;25,4000;30480,0000;0,0000;30/10/2026
ERN-HOSPITAL REG.TARCÍSIO DE VASCONCELOS MAIA;927052;439;Material;927052-9/2026;Materiais de Consumo - Medicamentos e Materiais Médicos;Catálogo do Compras.gov.br;Material;6515;INSTRUMENTOS, EQUIPAMENTOS E SUPRIMENTOS MÉDICOS  E  CIRÚRGICOS;7127;SENSOR USO MÉDICO;604748;APLICAÇÃO: DE OXIMETRIA, COMPATIBILIDADE: C/ COMPATIBILIDADE ESPECÍFICA, COMPONENTES: C/ CABO, ESTERILIDADE: REUTILIZÁVEL, MODELO: DE LOBO DE ORELHA, TAMANHO: TAMANHO ADULTO;UN;65,0000;800,0000;52000,0000;0,0000;30/10/2026
ERN-HOSPITAL REG.TARCÍSIO DE VASCONCELOS MAIA;927052;440;Material;927052-9/2026;Materiais de Consumo - Medicamentos e Materiais Médicos;Catálogo do Compras.gov.br;Material;6505;DROGAS E MEDICAMENTOS;12315;SULFAMETOXAZOL;308884;COMPOSIÇÃO: ASSOCIADO À TRIMETOPRIMA, CONCENTRAÇÃO: 40MG + 8MG/ML, FORMA FARMACÊUTICA: SUSPENSÃO ORAL;FR;6,0000;7,8100;46,8600;0,0000;30/10/2026
ERN-HOSPITAL REG.TARCÍSIO DE VASCONCELOS MAIA;927052;441;Material;927052-9/2026;Materiais de Consumo - Medicamentos e Materiais Médicos;Catálogo do Compras.gov.br;Material;6515;INSTRUMENTOS, EQUIPAMENTOS E SUPRIMENTOS MÉDICOS  E  CIRÚRGICOS;13092;TUBO PARA COLETA DE AMOSTRA BIOLÓGICA;600690;CARACTERÍSTICA ADICIONAL: À VÁCUO, COMPONENTES: COM ATIVADOR DE COÁGULO, ESTERILIDADE: ESTÉRIL, DESCARTÁVEL, MATERIAL: PLÁSTICO, USO: COLETA DE SANGUE, VOLUME: 10;UN;45000,0000;0,8500;38250,0000;0,0000;30/10/2026
ERN-HOSPITAL REG.TARCÍSIO DE VASCONCELOS MAIA;927052;442;Material;927052-9/2026;Materiais de Consumo - Medicamentos e Materiais Médicos;Catálogo do Compras.gov.br;Material;6515;INSTRUMENTOS, EQUIPAMENTOS E SUPRIMENTOS MÉDICOS  E  CIRÚRGICOS;18229;SONDA TRATO DIGESTIVO;435899;ADICIONAIS: RADIOPACA, APLICAÇÃO: NASOENTERAL, CALIBRE: Nº 8, COMPONENTES: PONTA DISTAL FECHADA, C/ ORIFÍCIOS LATERAIS, COMPRIMENTO: CERCA 100, CONECTOR: CONECTOR EM Y C/ TAMPA, EMBALAGEM: EMBALAGEM INDIVIDUAL, ESTERILIDADE: ESTÉRIL, DESCARTÁVEL, GRADUAÇÃO: GRADUADA, MATERIAL: POLIURETANO, OUTROS COMPONENTES: C/ FIO GUIA, PESO METÁLICO;UN;12,0000;14,0300;168,3600;0,0000;30/10/2026
ERN-HOSPITAL REG.TARCÍSIO DE VASCONCELOS MAIA;927052;443;Material;927052-9/2026;Materiais de Consumo - Medicamentos e Materiais Médicos;Catálogo do Compras.gov.br;Material;6510;MATERIAIS CIRÚRGICOS PARA CURATIVOS;30022;CURATIVO / COBERTURA;618196;APLICAÇÃO: P/ FERIDA, ASPECTO FÍSICO: FRASCO C/ GEL, COMPOSIÇÃO: À BASE DE SILICONE, ESTERILIDADE: ESTÉRIL;UN;600,0000;15,2800;9168,0000;0,0000;30/10/2026
ERN-HOSPITAL REG.TARCÍSIO DE VASCONCELOS MAIA;927052;444;Material;927052-9/2026;Materiais de Consumo - Medicamentos e Materiais Médicos;Catálogo do Compras.gov.br;Material;6515;INSTRUMENTOS, EQUIPAMENTOS E SUPRIMENTOS MÉDICOS  E  CIRÚRGICOS;18229;SONDA TRATO DIGESTIVO;435904;APLICAÇÃO: ORO OU NASOGÁSTRICA, CALIBRE: Nº 8, COMPONENTES: PONTA DISTAL FECHADA, C/ ORIFÍCIOS LATERAIS, COMPRIMENTO: CERCA 50, CONECTOR: CONECTOR PADRÃO C/ TAMPA, EMBALAGEM: EMBALAGEM INDIVIDUAL, ESTERILIDADE: ESTÉRIL, DESCARTÁVEL, MATERIAL: PVC, MODELO: LEVINE, TAMANHO: CURTA;UN;12,0000;0,5700;6,8400;0,0000;30/10/2026
ERN-HOSPITAL REG.TARCÍSIO DE VASCONCELOS MAIA;927052;445;Material;927052-9/2026;Materiais de Consumo - Medicamentos e Materiais Médicos;Catálogo do Compras.gov.br;Material;6505;DROGAS E MEDICAMENTOS;10422;PARACETAMOL;267777;DOSAGEM SOLUÇÃO ORAL: 200, APRESENTAÇÃO: SOLUÇÃO ORAL;FR;1500,0000;1,6300;2445,0000;0,0000;30/10/2026
ERN-HOSPITAL REG.TARCÍSIO DE VASCONCELOS MAIA;927052;446;Material;927052-9/2026;Materiais de Consumo - Medicamentos e Materiais Médicos;Catálogo do Compras.gov.br;Material;6505;DROGAS E MEDICAMENTOS;18501;NUTRIÇÃO PARENTERAL;295269;COMPONENTES: PODENDO OU NÃO TER ADIÇÃO DE: ÍONS CA,NA,K,CL,P,MG, COMPOSIÇÃO: SOL. AMINOÁCIDOS S/ GLUTAMINA, C/EMULSÃO LIPÍDICA, CONCENTRAÇÃO: COMPONENTES EM CONCENTRAÇÕES E VOLUMES VARIADOS, FORMA FARMACÊUTICA: PREPARAÇÃO INJETÁVEL ESPECIALMENTE MANIPULADA, OUTROS COMPONENTES: OLIGOELEMENTOS, VITAMINAS, HEPARINA E INSULINA;BOL;70,0000;350,0000;24500,0000;0,0000;30/10/2026
ERN-HOSPITAL REG.TARCÍSIO DE VASCONCELOS MAIA;927052;447;Material;927052-9/2026;Materiais de Consumo - Medicamentos e Materiais Médicos;Catálogo do Compras.gov.br;Material;6505;DROGAS E MEDICAMENTOS;8222;HIDROCORTISONA;342135;COMPOSIÇÃO: SAL SUCCINATO SÓDICO, CONCENTRAÇÃO: 100, FORMA FARMACÊUTICA: PÓ LIÓFILO P/ INJETÁVEL;FR-AM;6000,0000;3,0900;18540,0000;0,0000;30/10/2026
ERN-HOSPITAL REG.TARCÍSIO DE VASCONCELOS MAIA;927052;448;Material;927052-9/2026;Materiais de Consumo - Medicamentos e Materiais Médicos;Catálogo do Compras.gov.br;Material;6515;INSTRUMENTOS, EQUIPAMENTOS E SUPRIMENTOS MÉDICOS  E  CIRÚRGICOS;19699;ASPIRADOR PARA REDE DE GASES;459173;ADICIONAIS: TAMPA DE ROSCA E SISTEMA ANTITRANSBORDAMENTO, APLICAÇÃO: AR COMPRIMIDO TIPO VENTURI, COMPONENTES: COM FLUXÔMETRO, CONEXÕES: COM CONECTORES, TIPO FRASCO: FRASCO DE POLÍMERO GRADUADO, TIPO USO: ESTERILIZÁVEL, VOLUME: CERCA DE 400 ML;UN;40,0000;12,4200;496,8000;0,0000;30/10/2026
ERN-HOSPITAL REG.TARCÍSIO DE VASCONCELOS MAIA;927052;449;Material;927052-9/2026;Materiais de Consumo - Medicamentos e Materiais Médicos;Catálogo do Compras.gov.br;Material;6515;INSTRUMENTOS, EQUIPAMENTOS E SUPRIMENTOS MÉDICOS  E  CIRÚRGICOS;3701;CATETER PERIFÉRICO;460347;APLICAÇÃO: VENOSO, COMPONENTE 1: CÂMARA REFLUXO C/ FILTRO, COMPONENTE 2: C/ SISTEMA SEGURANÇA SEGUNDO NR/32, COMPRIMENTO: CERCA 30, CONECTOR: CONECTOR PADRÃO, DIAMETRO: 16, MATERIAL AGULHA: AGULHA AÇO INOX, MATERIAL CATETER: POLÍMERO RADIOPACO, TIPO USO: ESTÉRIL, DESCARTÁVEL, EMBALAGEM INDIVIDUAL;UN;1200,0000;1,9100;2292,0000;0,0000;30/10/2026
ERN-HOSPITAL REG.TARCÍSIO DE VASCONCELOS MAIA;927052;450;Material;927052-9/2026;Materiais de Consumo - Medicamentos e Materiais Médicos;Catálogo do Compras.gov.br;Material;6505;DROGAS E MEDICAMENTOS;3920;ROCURÔNIO BROMETO;268521;DOSAGEM: 10, INDICAÇÃO: SOLUÇÃO INJETÁVEL;AM;1200,0000;9,7900;11748,0000;0,0000;30/10/2026
ERN-HOSPITAL REG.TARCÍSIO DE VASCONCELOS MAIA;927052;451;Material;927052-9/2026;Materiais de Consumo - Medicamentos e Materiais Médicos;Catálogo do Compras.gov.br;Material;6515;INSTRUMENTOS, EQUIPAMENTOS E SUPRIMENTOS MÉDICOS  E  CIRÚRGICOS;19949;ESCOVA LIMPEZA - CME;481873;APLICAÇÃO: P/ CANULADO, COMPRIMENTO TOTAL: CERCA DE 40, DIÂMETRO PONTA: CERCA DE 4, HASTE: HASTE LIGA METÁLICA, MATERIAL CERDAS: CERDAS DE NYLON, PONTA ATIVA: EM UMA DAS EXTREMIDADES, TIPO USO: REPROCESSÁVEL;UN;16,0000;75,4600;1207,3600;0,0000;30/10/2026
ERN-HOSPITAL REG.TARCÍSIO DE VASCONCELOS MAIA;927052;452;Material;927052-9/2026;Materiais de Consumo - Medicamentos e Materiais Médicos;Catálogo do Compras.gov.br;Material;6505;DROGAS E MEDICAMENTOS;8211;HIDRALAZINA;268111;DOSAGEM: 25;COMPR;2400,0000;0,3300;792,0000;0,0000;30/10/2026
ERN-HOSPITAL REG.TARCÍSIO DE VASCONCELOS MAIA;927052;453;Material;927052-9/2026;Materiais de Consumo - Medicamentos e Materiais Médicos;Catálogo do Compras.gov.br;Material;6505;DROGAS E MEDICAMENTOS;15247;RETINOL;274918;COMPOSIÇÃO: ASSOCIADO C/AMINOÁCIDOS+ METIONINA+ CLORANFENICOL, CONCENTRAÇÃO: 10.000UI + 25MG + 5MG + 5MG/G, APLICAÇÃO: POMADA OFTÁLMICA;BIS;60,0000;12,2000;732,0000;0,0000;30/10/2026
ERN-HOSPITAL REG.TARCÍSIO DE VASCONCELOS MAIA;927052;454;Material;927052-9/2026;Materiais de Consumo - Medicamentos e Materiais Médicos;Catálogo do Compras.gov.br;Material;6515;INSTRUMENTOS, EQUIPAMENTOS E SUPRIMENTOS MÉDICOS  E  CIRÚRGICOS;18229;SONDA TRATO DIGESTIVO;435910;APLICAÇÃO: ORO OU NASOGÁSTRICA, CALIBRE: Nº 18, COMPONENTES: PONTA DISTAL FECHADA, C/ ORIFÍCIOS LATERAIS, COMPRIMENTO: CERCA 120, CONECTOR: CONECTOR PADRÃO C/ TAMPA, EMBALAGEM: EMBALAGEM INDIVIDUAL, ESTERILIDADE: ESTÉRIL, DESCARTÁVEL, MATERIAL: PVC, MODELO: LEVINE, TAMANHO: LONGA;UN;120,0000;1,0600;127,2000;0,0000;30/10/2026
ERN-HOSPITAL REG.TARCÍSIO DE VASCONCELOS MAIA;927052;455;Material;927052-9/2026;Materiais de Consumo - Medicamentos e Materiais Médicos;Catálogo do Compras.gov.br;Material;6515;INSTRUMENTOS, EQUIPAMENTOS E SUPRIMENTOS MÉDICOS  E  CIRÚRGICOS;30040;FIO DE SUTURA AGULHADO;487384;APRESENTAÇÃO: EMBALAGEM INDIVIDUAL, COMPRIMENTO AGULHA: CERCA DE 20, COMPRIMENTO FIO: CERCA DE 45, DIÂMETRO FIO: 3-0, ESTERILIDADE: ESTÉRIL, MATERIAL FIO: NYLON / POLIAMIDA INCOLOR, MODELO AGULHA: CORTANTE REVERSA / INVERTIDA, MODELO FIO: MONOFILAMENTAR, TIPO AGULHA: AGULHA 3/8 CÍRCULO;UN;1296,0000;2,3400;3032,6400;0,0000;30/10/2026
ERN-HOSPITAL REG.TARCÍSIO DE VASCONCELOS MAIA;927052;456;Material;927052-9/2026;Materiais de Consumo - Medicamentos e Materiais Médicos;Catálogo do Compras.gov.br;Material;6505;DROGAS E MEDICAMENTOS;6171;DICLOFENACO;271003;APRESENTAÇÃO: SAL SÓDICO, DOSAGEM: 25MG/ML, USO: SOLUÇÃO INJETÁVEL;AM;3000,0000;1,0400;3120,0000;0,0000;30/10/2026
ERN-HOSPITAL REG.TARCÍSIO DE VASCONCELOS MAIA;927052;457;Material;927052-9/2026;Materiais de Consumo - Medicamentos e Materiais Médicos;Catálogo do Compras.gov.br;Material;6510;MATERIAIS CIRÚRGICOS PARA CURATIVOS;30022;CURATIVO / COBERTURA;484909;APLICAÇÃO: P/ FERIDA, ASPECTO FÍSICO: PLACA, COMPONENTE 1: C/ PELÍCULA E ESPUMA PU, COMPONENTE 2: C/ ALGINATO, COMPOSIÇÃO: À BASE DE HIDROFIBRA (CMC), DIMENSÃO: CERCA DE 15 X 15, ESTERILIDADE: ESTÉRIL;UN;600,0000;14,2300;8538,0000;0,0000;30/10/2026
ERN-HOSPITAL REG.TARCÍSIO DE VASCONCELOS MAIA;927052;458;Material;927052-9/2026;Materiais de Consumo - Medicamentos e Materiais Médicos;Catálogo do Compras.gov.br;Material;6515;INSTRUMENTOS, EQUIPAMENTOS E SUPRIMENTOS MÉDICOS  E  CIRÚRGICOS;30040;FIO DE SUTURA AGULHADO;486954;APRESENTAÇÃO: EMBALAGEM INDIVIDUAL, COMPRIMENTO AGULHA: CERCA DE 30, COMPRIMENTO FIO: CERCA DE 70, DIÂMETRO FIO: 3-0, ESTERILIDADE: ESTÉRIL, MATERIAL FIO: CATGUT SIMPLES, MODELO AGULHA: CILÍNDRICA, MODELO FIO: MULTIFILAMENTAR, TIPO AGULHA: AGULHA 1/2 CÍRCULO;UN;72,0000;3,0300;218,1600;0,0000;30/10/2026
ERN-HOSPITAL REG.TARCÍSIO DE VASCONCELOS MAIA;927052;459;Material;927052-9/2026;Materiais de Consumo - Medicamentos e Materiais Médicos;Catálogo do Compras.gov.br;Material;6505;DROGAS E MEDICAMENTOS;7355;FENOBARBITAL SÓDICO;267660;DOSAGEM: 100;COMPR;480,0000;0,1600;76,8000;0,0000;30/10/2026
ERN-HOSPITAL REG.TARCÍSIO DE VASCONCELOS MAIA;927052;460;Material;927052-9/2026;Materiais de Consumo - Medicamentos e Materiais Médicos;Catálogo do Compras.gov.br;Material;6505;DROGAS E MEDICAMENTOS;5144;BUPIVACAÍNA CLORIDRATO;270096;APRESENTAÇÃO: ASSOCIADA À EPINEFRINA, DOSAGEM: 0,5% + 1/200.000UI, TIPO: SOLUÇÃO INJETÁVEL;AM;90,0000;18,5700;1671,3000;0,0000;30/10/2026
ERN-HOSPITAL REG.TARCÍSIO DE VASCONCELOS MAIA;927052;461;Material;927052-9/2026;Materiais de Consumo - Medicamentos e Materiais Médicos;Catálogo do Compras.gov.br;Material;6515;INSTRUMENTOS, EQUIPAMENTOS E SUPRIMENTOS MÉDICOS  E  CIRÚRGICOS;6653;LINHA SANGUE;406715;APLICAÇÃO: P/ MÁQUINA DE PROPORÇÃO, COMPONENTE: INJETOR LATERAL AUTOCICATRIZANTE, DIÂMETRO: CERCA DE 8, ESTERILIDADE: ESTÉRIL, DESCARTÁVEL, MATERIAL: TUBO FLEXÍVEL EM PVC, MODELO: CATABOLHA C/ FILTRO, TIPO: VENOSO, TIPO CONECTOR: CONECTOR DIALISADOR ROSQUEADO, TIPO PINÇA: PINÇA CLAMP CORTA-FLUXO;UN;1000,0000;9,2500;9250,0000;0,0000;30/10/2026
ERN-HOSPITAL REG.TARCÍSIO DE VASCONCELOS MAIA;927052;462;Material;927052-9/2026;Materiais de Consumo - Medicamentos e Materiais Médicos;Catálogo do Compras.gov.br;Material;6505;DROGAS E MEDICAMENTOS;5200;LEVOMEPROMAZINA;268129;DOSAGEM: 100;COMPR;60,0000;0,6200;37,2000;0,0000;30/10/2026
ERN-HOSPITAL REG.TARCÍSIO DE VASCONCELOS MAIA;927052;463;Material;927052-9/2026;Materiais de Consumo - Medicamentos e Materiais Médicos;Catálogo do Compras.gov.br;Material;6515;INSTRUMENTOS, EQUIPAMENTOS E SUPRIMENTOS MÉDICOS  E  CIRÚRGICOS;30318;DISPOSITIVO P/ ANESTESIA REGIONAL;626629;COMPONENTE: C/ MANDRIL E GUIA INTRODUTOR, COMPRIMENTO AGULHA: CERCA DE 3 1/2" - 90 MM, DIÂMETRO AGULHA: 27 G, ESTERILIDADE: ESTÉRIL, USO ÚNICO, MATERIAL AGULHA: AÇO INOXIDÁVEL, MODELO AGULHA: AGULHA PONTA DE LÁPIS - WHITACRE / SPROTTE, TIPO ANESTESIA: RAQUIDIANA, TIPO CONECTOR: LUER TRANSPARENTE;UN;120,0000;4,8400;580,8000;0,0000;30/10/2026
ERN-HOSPITAL REG.TARCÍSIO DE VASCONCELOS MAIA;927052;464;Material;927052-9/2026;Materiais de Consumo - Medicamentos e Materiais Médicos;Catálogo do Compras.gov.br;Material;6505;DROGAS E MEDICAMENTOS;7644;FLUCONAZOL;267662;DOSAGEM: 150;CAPS;300,0000;0,4800;144,0000;0,0000;30/10/2026
ERN-HOSPITAL REG.TARCÍSIO DE VASCONCELOS MAIA;927052;465;Material;927052-9/2026;Materiais de Consumo - Medicamentos e Materiais Médicos;Catálogo do Compras.gov.br;Material;6515;INSTRUMENTOS, EQUIPAMENTOS E SUPRIMENTOS MÉDICOS  E  CIRÚRGICOS;2639;SONDA TRATO URINÁRIO;436009;CALIBRE: 12, COMPONENTES: C/ ORIFÍCIOS LATERAIS, CONECTOR: CONECTORES PADRÃO, EMBALAGEM: EMBALAGEM INDIVIDUAL, ESTERILIDADE: ESTÉRIL, DESCARTÁVEL, MATERIAL: BORRACHA, MODELO: FOLEY, TIPO PONTA: PONTA DISTAL CILÍNDRICA FECHADA, VIAS: 2 VIAS, VOLUME: C/ BALÃO CERCA 30;UN;60,0000;2,8400;170,4000;0,0000;30/10/2026
ERN-HOSPITAL REG.TARCÍSIO DE VASCONCELOS MAIA;927052;466;Material;927052-9/2026;Materiais de Consumo - Medicamentos e Materiais Médicos;Catálogo do Compras.gov.br;Material;6515;INSTRUMENTOS, EQUIPAMENTOS E SUPRIMENTOS MÉDICOS  E  CIRÚRGICOS;14736;CATETER ASPIRAÇÃO TRAQUEAL;279762;CARACTERÍSTICAS ADICIONAIS: PONTA ATRAUMÁTICA, ORIFÍCIOS DISTAIS LATERALIZADOS, ESPESSURA: Nº 16, MATERIAL: PVC ATÓXICO FLEXÍVEL, TIPO EMBALAGEM: ESTÉRIL, EMBALAGEM INDIVIDUAL, TIPO USO: DESCARTÁVEL;UN;600,0000;0,6400;384,0000;0,0000;30/10/2026
ERN-HOSPITAL REG.TARCÍSIO DE VASCONCELOS MAIA;927052;467;Material;927052-9/2026;Materiais de Consumo - Medicamentos e Materiais Médicos;Catálogo do Compras.gov.br;Material;6515;INSTRUMENTOS, EQUIPAMENTOS E SUPRIMENTOS MÉDICOS  E  CIRÚRGICOS;2182;EQUIPO DE INFUSÃO DE CONTRASTE;455795;APLICAÇÃO: P/ CONTRASTE RADIOLÓGICO, CARACTERÍSTICAS ADICIONAIS: BAIXA PRESSÃO, COMPATIBILIDADE: COMPATÍVEL C/ BOMBA INJETORA, COMPRIMENTO: CERCA DE 150, ESTERILIDADE: ESTÉRIL, USO ÚNICO, MATERIAL: PVC, NÚMERO VIAS: DUAS VIAS, TIPO CONECTOR: CONECTORES LUER LOCK;UN;1,0000;65000,0000;65000,0000;0,0000;30/10/2026
ERN-HOSPITAL REG.TARCÍSIO DE VASCONCELOS MAIA;927052;468;Material;927052-9/2026;Materiais de Consumo - Medicamentos e Materiais Médicos;Catálogo do Compras.gov.br;Material;6505;DROGAS E MEDICAMENTOS;4517;CARBONATO DE LÍTIO;267621;DOSAGEM: 300;COMPR;60,0000;0,3200;19,2000;0,0000;30/10/2026
ERN-HOSPITAL REG.TARCÍSIO DE VASCONCELOS MAIA;927052;469;Material;927052-9/2026;Materiais de Consumo - Medicamentos e Materiais Médicos;Catálogo do Compras.gov.br;Material;6505;DROGAS E MEDICAMENTOS;363;ACICLOVIR;268375;DOSAGEM: 50, USO: CREME;BIS;48,0000;3,7800;181,4400;0,0000;30/10/2026
ERN-HOSPITAL REG.TARCÍSIO DE VASCONCELOS MAIA;927052;470;Material;927052-9/2026;Materiais de Consumo - Medicamentos e Materiais Médicos;Catálogo do Compras.gov.br;Material;6515;INSTRUMENTOS, EQUIPAMENTOS E SUPRIMENTOS MÉDICOS  E  CIRÚRGICOS;2639;SONDA TRATO URINÁRIO;436008;CALIBRE: 10, COMPONENTES: C/ ORIFÍCIOS LATERAIS, CONECTOR: CONECTORES PADRÃO, EMBALAGEM: EMBALAGEM INDIVIDUAL, ESTERILIDADE: ESTÉRIL, DESCARTÁVEL, MATERIAL: BORRACHA, MODELO: FOLEY, TIPO PONTA: PONTA DISTAL CILÍNDRICA FECHADA, VIAS: 2 VIAS, VOLUME: C/ BALÃO CERCA 30;UN;30,0000;3,6200;108,6000;0,0000;30/10/2026
ERN-HOSPITAL REG.TARCÍSIO DE VASCONCELOS MAIA;927052;471;Material;927052-9/2026;Materiais de Consumo - Medicamentos e Materiais Médicos;Catálogo do Compras.gov.br;Material;6515;INSTRUMENTOS, EQUIPAMENTOS E SUPRIMENTOS MÉDICOS  E  CIRÚRGICOS;18351;EMBALAGEM P/ ESTERILIZAÇÃO;443438;APRESENTAÇÃO: ROLO, COMPONENTES: C/ INDICADOR QUÍMICO, COMPONENTES ADICIONAIS: TERMOSSELANTE, COMPOSIÇÃO: C/ FILME POLÍMERO MULTILAMINADO, GRAMATURA / ESPESSURA: CERCA DE 60, MATERIAL: PAPEL GRAU CIRÚRGICO, TAMANHO: CERCA DE 15, TIPO USO: USO ÚNICO;RO;240,0000;61,9000;14856,0000;0,0000;30/10/2026
ERN-HOSPITAL REG.TARCÍSIO DE VASCONCELOS MAIA;927052;472;Material;927052-9/2026;Materiais de Consumo - Medicamentos e Materiais Médicos;Catálogo do Compras.gov.br;Material;6505;DROGAS E MEDICAMENTOS;6143;DEXAMETASONA;292427;DOSAGEM: 4, FORMA FARMACÊUTICA: SOLUÇÃO INJETÁVEL;AM;13200,0000;1,8900;24948,0000;0,0000;30/10/2026
ERN-HOSPITAL REG.TARCÍSIO DE VASCONCELOS MAIA;927052;473;Material;927052-9/2026;Materiais de Consumo - Medicamentos e Materiais Médicos;Catálogo do Compras.gov.br;Material;6515;INSTRUMENTOS, EQUIPAMENTOS E SUPRIMENTOS MÉDICOS  E  CIRÚRGICOS;18229;SONDA TRATO DIGESTIVO;435911;APLICAÇÃO: ORO OU NASOGÁSTRICA, CALIBRE: Nº 20, COMPONENTES: PONTA DISTAL FECHADA, C/ ORIFÍCIOS LATERAIS, COMPRIMENTO: CERCA 120, CONECTOR: CONECTOR PADRÃO C/ TAMPA, EMBALAGEM: EMBALAGEM INDIVIDUAL, ESTERILIDADE: ESTÉRIL, DESCARTÁVEL, MATERIAL: PVC, MODELO: LEVINE, TAMANHO: LONGA;UN;120,0000;1,2400;148,8000;0,0000;30/10/2026
ERN-HOSPITAL REG.TARCÍSIO DE VASCONCELOS MAIA;927052;474;Material;927052-9/2026;Materiais de Consumo - Medicamentos e Materiais Médicos;Catálogo do Compras.gov.br;Material;6515;INSTRUMENTOS, EQUIPAMENTOS E SUPRIMENTOS MÉDICOS  E  CIRÚRGICOS;30273;COLETOR DE RESÍDUOS DE SERVIÇO DE SAÚDE;623121;CAPACIDADE: CERCA DE 13, FECHAMENTO: C/ VEDAÇÃO, MATERIAL: CAIXA DE PLÁSTICO RÍGIDA, TIPO DE RESÍDUO: GRUPO E - RESÍDUO PERFUROCORTANTE TÓXICO, TIPO RISCO: RISCO QUÍMICO, USO: USO ÚNICO;UN;1800,0000;5,8500;10530,0000;0,0000;30/10/2026
ERN-HOSPITAL REG.TARCÍSIO DE VASCONCELOS MAIA;927052;475;Material;927052-9/2026;Materiais de Consumo - Medicamentos e Materiais Médicos;Catálogo do Compras.gov.br;Material;6515;INSTRUMENTOS, EQUIPAMENTOS E SUPRIMENTOS MÉDICOS  E  CIRÚRGICOS;9413;TUBO SUPRAGLÓTICO;451113;COMPONENTE 1: C/ LINHA DE REFERÊNCIA, COMPONENTE ADICIONAL: C/ MANOPLA ELEVAÇÃO DE EPIGLOTE, CONECTOR: C/ CONECTOR PADRÃO, ESTERILIDADE*: REUTILIZÁVEL, FORMATO: EM "L", MATERIAL*: SILICONE, TAMANHO*: Nº 3, TIPO: MÁSCARA LARÍNGEA;UN;6,0000;64,2000;385,2000;0,0000;30/10/2026
ERN-HOSPITAL REG.TARCÍSIO DE VASCONCELOS MAIA;927052;476;Material;927052-9/2026;Materiais de Consumo - Medicamentos e Materiais Médicos;Catálogo do Compras.gov.br;Material;6505;DROGAS E MEDICAMENTOS;7878;FUROSEMIDA;267666;COMPOSIÇÃO: 10 MG/ML, APRESENTAÇÃO: SOLUÇÃO INJETÁVEL;AM;9000,0000;1,9900;17910,0000;0,0000;30/10/2026
ERN-HOSPITAL REG.TARCÍSIO DE VASCONCELOS MAIA;927052;477;Material;927052-9/2026;Materiais de Consumo - Medicamentos e Materiais Médicos;Catálogo do Compras.gov.br;Material;6515;INSTRUMENTOS, EQUIPAMENTOS E SUPRIMENTOS MÉDICOS  E  CIRÚRGICOS;18229;SONDA TRATO DIGESTIVO;438396;APLICAÇÃO: ORO OU NASOGÁSTRICA, CALIBRE: Nº 10, COMPONENTES: PONTA DISTAL FECHADA, C/ ORIFÍCIOS LATERAIS, COMPRIMENTO: CERCA 50, CONECTOR: CONECTOR PADRÃO C/ TAMPA, EMBALAGEM: EMBALAGEM INDIVIDUAL, ESTERILIDADE: ESTÉRIL, DESCARTÁVEL, MATERIAL: PVC, MODELO: LEVINE, TAMANHO: CURTA;UN;30,0000;0,6000;18,0000;0,0000;30/10/2026
ERN-HOSPITAL REG.TARCÍSIO DE VASCONCELOS MAIA;927052;478;Material;927052-9/2026;Materiais de Consumo - Medicamentos e Materiais Médicos;Catálogo do Compras.gov.br;Material;6515;INSTRUMENTOS, EQUIPAMENTOS E SUPRIMENTOS MÉDICOS  E  CIRÚRGICOS;30040;FIO DE SUTURA AGULHADO;487531;APRESENTAÇÃO: EMBALAGEM INDIVIDUAL, COMPRIMENTO AGULHA: CERCA DE 30, COMPRIMENTO FIO: CERCA DE 70, DIÂMETRO FIO: 2-0, ESTERILIDADE: ESTÉRIL, MATERIAL FIO: POLIPROPILENO AZUL, MODELO AGULHA: CILÍNDRICA, MODELO FIO: MONOFILAMENTAR, TIPO AGULHA: AGULHA 3/8 CÍRCULO;UN;72,0000;15,4200;1110,2400;0,0000;30/10/2026
ERN-HOSPITAL REG.TARCÍSIO DE VASCONCELOS MAIA;927052;479;Material;927052-9/2026;Materiais de Consumo - Medicamentos e Materiais Médicos;Catálogo do Compras.gov.br;Material;6515;INSTRUMENTOS, EQUIPAMENTOS E SUPRIMENTOS MÉDICOS  E  CIRÚRGICOS;7510;CATETER CENTRAL;461424;APLICAÇÃO: VENOSO, COMPONENTE: KIT INTRODUTOR COMPLETO, COMPRIMENTO: CERCA 15, CONECTOR: CONECTORES PADRÃO, CLAMP EM TODAS VIAS E TAMPAS, DIÂMETRO: CERCA 4 FR, LÚMEN: 20, MATÉRIA PRIMA: POLIURETANO RADIOPACO, TIPO FIXAÇÃO: FIXAÇÃO SUBCUTÂNEA, TIPO USO: ESTÉRIL, DESCARTÁVEL, EMBALAGEM INDIVIDUAL, VIAS: DUPLO LÚMEN;UN;12,0000;85,9900;1031,8800;0,0000;30/10/2026
ERN-HOSPITAL REG.TARCÍSIO DE VASCONCELOS MAIA;927052;480;Material;927052-9/2026;Materiais de Consumo - Medicamentos e Materiais Médicos;Catálogo do Compras.gov.br;Material;6505;DROGAS E MEDICAMENTOS;11870;SABONETE LÍQUIDO;604234;ACIDEZ: 5,5 A 6,0, APLICAÇÃO: ASSEPSIA DAS MÃOS, ASPECTO FÍSICO: LÍQUIDO VISCOSO, CARACTERÍSTICAS ADICIONAIS: PRONTO USO;BOL;2400,0000;8,4900;20376,0000;0,0000;30/10/2026
ERN-HOSPITAL REG.TARCÍSIO DE VASCONCELOS MAIA;927052;481;Material;927052-9/2026;Materiais de Consumo - Medicamentos e Materiais Médicos;Catálogo do Compras.gov.br;Material;6515;INSTRUMENTOS, EQUIPAMENTOS E SUPRIMENTOS MÉDICOS  E  CIRÚRGICOS;30040;FIO DE SUTURA AGULHADO;486975;APRESENTAÇÃO: EMBALAGEM INDIVIDUAL, COMPRIMENTO AGULHA: CERCA DE 30, COMPRIMENTO FIO: CERCA DE 70, DIÂMETRO FIO: 0 / 1-0, ESTERILIDADE: ESTÉRIL, MATERIAL FIO: CATGUT SIMPLES, MODELO AGULHA: CILÍNDRICA, MODELO FIO: MULTIFILAMENTAR, TIPO AGULHA: AGULHA 1/2 CÍRCULO;UN;72,0000;3,8500;277,2000;0,0000;30/10/2026
ERN-HOSPITAL REG.TARCÍSIO DE VASCONCELOS MAIA;927052;482;Material;927052-9/2026;Materiais de Consumo - Medicamentos e Materiais Médicos;Catálogo do Compras.gov.br;Material;6505;DROGAS E MEDICAMENTOS;12053;SEVOFLURANO;308877;FORMA FARMACÊUTICA: LÍQUIDO INALANTE;FR;120,0000;372,9000;44748,0000;0,0000;30/10/2026
ERN-HOSPITAL REG.TARCÍSIO DE VASCONCELOS MAIA;927052;483;Material;927052-9/2026;Materiais de Consumo - Medicamentos e Materiais Médicos;Catálogo do Compras.gov.br;Material;6515;INSTRUMENTOS, EQUIPAMENTOS E SUPRIMENTOS MÉDICOS  E  CIRÚRGICOS;14572;CÂNULA OROFARÍNGEA GUEDEL;450966;MATERIAL*: POLÍMERO, TAMANHO*: TAMANHO Nº 4;UN;12,0000;3,0700;36,8400;0,0000;30/10/2026
ERN-HOSPITAL REG.TARCÍSIO DE VASCONCELOS MAIA;927052;484;Material;927052-9/2026;Materiais de Consumo - Medicamentos e Materiais Médicos;Catálogo do Compras.gov.br;Material;6515;INSTRUMENTOS, EQUIPAMENTOS E SUPRIMENTOS MÉDICOS  E  CIRÚRGICOS;2224;TUBO ENDOTRAQUEAL;451426;CALIBRE: 2,5, COMPONENTE 2: RADIOPACO, GRADUADO, ESTERILIDADE: ESTÉRIL, USO ÚNICO, MATERIAL: SILICONE, MODELO: CURVA MAGILL, TIPO CONECTOR: CONECTOR PADRÃO, TIPO PONTA: C/ PONTA DISTAL ATRAUMÁTICA;UN;6,0000;4,1200;24,7200;0,0000;30/10/2026
ERN-HOSPITAL REG.TARCÍSIO DE VASCONCELOS MAIA;927052;485;Material;927052-9/2026;Materiais de Consumo - Medicamentos e Materiais Médicos;Catálogo do Compras.gov.br;Material;6515;INSTRUMENTOS, EQUIPAMENTOS E SUPRIMENTOS MÉDICOS  E  CIRÚRGICOS;30040;FIO DE SUTURA AGULHADO;487151;APRESENTAÇÃO: EMBALAGEM INDIVIDUAL, COMPRIMENTO AGULHA: CERCA DE 40, COMPRIMENTO FIO: CERCA DE 70, DIÂMETRO FIO: 0 / 1-0, ESTERILIDADE: ESTÉRIL, MATERIAL FIO: POLIGLACTINA VIOLETA, MODELO AGULHA: CILÍNDRICA, MODELO FIO: MULTIFILAMENTAR, TIPO AGULHA: AGULHA 1/2 CÍRCULO;UN;648,0000;5,7900;3751,9200;0,0000;30/10/2026
ERN-HOSPITAL REG.TARCÍSIO DE VASCONCELOS MAIA;927052;486;Material;927052-9/2026;Materiais de Consumo - Medicamentos e Materiais Médicos;Catálogo do Compras.gov.br;Material;6515;INSTRUMENTOS, EQUIPAMENTOS E SUPRIMENTOS MÉDICOS  E  CIRÚRGICOS;2639;SONDA TRATO URINÁRIO;438411;CALIBRE: 16, COMPONENTES: C/ ORIFÍCIOS LATERAIS, COMPRIMENTO: CERCA 40, CONECTOR: CONECTOR PADRÃO C/ TAMPA, EMBALAGEM: EMBALAGEM INDIVIDUAL, ESTERILIDADE: ESTÉRIL, DESCARTÁVEL, MATERIAL: SILICONE, MODELO: URETRAL, TIPO PONTA: PONTA DISTAL CILÍNDRICA FECHADA;UN;600,0000;0,5800;348,0000;0,0000;30/10/2026
ERN-HOSPITAL REG.TARCÍSIO DE VASCONCELOS MAIA;927052;487;Material;927052-9/2026;Materiais de Consumo - Medicamentos e Materiais Médicos;Catálogo do Compras.gov.br;Material;6515;INSTRUMENTOS, EQUIPAMENTOS E SUPRIMENTOS MÉDICOS  E  CIRÚRGICOS;14572;CÂNULA OROFARÍNGEA GUEDEL;450965;MATERIAL*: POLÍMERO, TAMANHO*: TAMANHO Nº 3;UN;12,0000;2,6300;31,5600;0,0000;30/10/2026
ERN-HOSPITAL REG.TARCÍSIO DE VASCONCELOS MAIA;927052;488;Material;927052-9/2026;Materiais de Consumo - Medicamentos e Materiais Médicos;Catálogo do Compras.gov.br;Material;6505;DROGAS E MEDICAMENTOS;18988;TIGECICLINA;331539;CONCENTRAÇÃO: 50, FORMA FARMACÊUTICA: PÓ LIÓFILO P/ INJETÁVEL;FR-AM;120,0000;77,4200;9290,4000;0,0000;30/10/2026
ERN-HOSPITAL REG.TARCÍSIO DE VASCONCELOS MAIA;927052;489;Material;927052-9/2026;Materiais de Consumo - Medicamentos e Materiais Médicos;Catálogo do Compras.gov.br;Material;6505;DROGAS E MEDICAMENTOS;5130;AMBROXOL;446264;COMPOSIÇÃO: SAL CLORIDRATO, CONCENTRAÇÃO: 3, FORMA FARMACÊUTICA: XAROPE;FR;180,0000;3,1600;568,8000;0,0000;30/10/2026
ERN-HOSPITAL REG.TARCÍSIO DE VASCONCELOS MAIA;927052;490;Material;927052-9/2026;Materiais de Consumo - Medicamentos e Materiais Médicos;Catálogo do Compras.gov.br;Material;6505;DROGAS E MEDICAMENTOS;8249;HIDROXIZINA CLORIDRATO;273310;DOSAGEM: 25;COMPR;600,0000;0,6300;378,0000;0,0000;30/10/2026
ERN-HOSPITAL REG.TARCÍSIO DE VASCONCELOS MAIA;927052;491;Material;927052-9/2026;Materiais de Consumo - Medicamentos e Materiais Médicos;Catálogo do Compras.gov.br;Material;6505;DROGAS E MEDICAMENTOS;4730;CEFTAZIDIMA;456376;COMPOSIÇÃO: ASSOCIADO AO AVIBACTAM, CONCENTRAÇÃO: 2000 MG + 500, FORMA FARMACEUTICA: INJETÁVEL;FR-AM;540,0000;490,7100;264983,4000;0,0000;30/10/2026
ERN-HOSPITAL REG.TARCÍSIO DE VASCONCELOS MAIA;927052;492;Material;927052-9/2026;Materiais de Consumo - Medicamentos e Materiais Médicos;Catálogo do Compras.gov.br;Material;6505;DROGAS E MEDICAMENTOS;355;ATROPINA SULFATO;268214;DOSAGEM: 0,25, USO: SOLUÇÃO INJETÁVEL;AM;2400,0000;1,0800;2592,0000;0,0000;30/10/2026
ERN-HOSPITAL REG.TARCÍSIO DE VASCONCELOS MAIA;927052;493;Material;927052-9/2026;Materiais de Consumo - Medicamentos e Materiais Médicos;Catálogo do Compras.gov.br;Material;6515;INSTRUMENTOS, EQUIPAMENTOS E SUPRIMENTOS MÉDICOS  E  CIRÚRGICOS;4169;BOLSA COLETORA DE HEMODERIVADOS;422497;APLICAÇÃO: PARA BIOPROCESSAMENTO, CAPACIDADE: 500, COMPOSIÇÃO: 3 VIAS, C/ CONECTORES, ESTERILIDADE: ESTÉRIL,ATÓXICA,APIROGÊNICA, MATERIAL: EVA, OUTROS COMPONENTES: FILTRO, SENSORES;UN;1245,0000;90,9000;113170,5000;0,0000;30/10/2026
ERN-HOSPITAL REG.TARCÍSIO DE VASCONCELOS MAIA;927052;494;Material;927052-9/2026;Materiais de Consumo - Medicamentos e Materiais Médicos;Catálogo do Compras.gov.br;Material;6505;DROGAS E MEDICAMENTOS;355;ATROPINA SULFATO;277934;DOSAGEM: 0,50, USO: SOLUÇÃO INJETÁVEL;AM;2400,0000;1,3600;3264,0000;0,0000;30/10/2026
ERN-HOSPITAL REG.TARCÍSIO DE VASCONCELOS MAIA;927052;495;Material;927052-9/2026;Materiais de Consumo - Medicamentos e Materiais Médicos;Catálogo do Compras.gov.br;Material;6515;INSTRUMENTOS, EQUIPAMENTOS E SUPRIMENTOS MÉDICOS  E  CIRÚRGICOS;30040;FIO DE SUTURA AGULHADO;487009;APRESENTAÇÃO: EMBALAGEM INDIVIDUAL, COMPRIMENTO AGULHA: CERCA DE 40, COMPRIMENTO FIO: CERCA DE 70, DIÂMETRO FIO: 2-0, ESTERILIDADE: ESTÉRIL, MATERIAL FIO: CATGUT CROMADO, MODELO AGULHA: CILÍNDRICA, MODELO FIO: MULTIFILAMENTAR, TIPO AGULHA: AGULHA 1/2 CÍRCULO;UN;72,0000;4,1700;300,2400;0,0000;30/10/2026
ERN-HOSPITAL REG.TARCÍSIO DE VASCONCELOS MAIA;927052;496;Material;927052-9/2026;Materiais de Consumo - Medicamentos e Materiais Médicos;Catálogo do Compras.gov.br;Material;6505;DROGAS E MEDICAMENTOS;12315;SULFAMETOXAZOL;308883;COMPOSIÇÃO: ASSOCIADO À TRIMETOPRIMA, CONCENTRAÇÃO: 800MG + 160MG;COMPR;900,0000;0,5900;531,0000;0,0000;30/10/2026
ERN-HOSPITAL REG.TARCÍSIO DE VASCONCELOS MAIA;927052;497;Material;927052-9/2026;Materiais de Consumo - Medicamentos e Materiais Médicos;Catálogo do Compras.gov.br;Material;6510;MATERIAIS CIRÚRGICOS PARA CURATIVOS;3104;ATADURA;444613;CARACTERÍSTICAS ADICIONAIS 1: SECAGEM ULTRA RÁPIDA, DIMENSÕES: 15, MATERIAL 1: 100% ALGODÃO, TIPO 1: GESSADA;RO;3000,0000;19,2800;57840,0000;0,0000;30/10/2026
ERN-HOSPITAL REG.TARCÍSIO DE VASCONCELOS MAIA;927052;498;Material;927052-9/2026;Materiais de Consumo - Medicamentos e Materiais Médicos;Catálogo do Compras.gov.br;Material;6515;INSTRUMENTOS, EQUIPAMENTOS E SUPRIMENTOS MÉDICOS  E  CIRÚRGICOS;13653;MONITOR PORTÁTIL;389559;FAIXA DE OPERAÇÃO: ATÉ 600 + 300, MEMÓRIA: ATÉ 150 TESTES, OPERAÇÃO: DIGITAL, TIPO AMOSTRA: SANGUE CAPILAR, VENOSO, ARTERIAL, TIPO DE ANÁLISE: QUANTITATIVO DE GLICOSE, COLESTEROL;UN;60,0000;15,2800;916,8000;0,0000;30/10/2026
ERN-HOSPITAL REG.TARCÍSIO DE VASCONCELOS MAIA;927052;610;Material;927052-9/2026;Materiais de Consumo - Medicamentos e Materiais Médicos;Catálogo do Compras.gov.br;Material;6505;DROGAS E MEDICAMENTOS;10082;NIFEDIPINO;267729;DOSAGEM: 20;COMPR;1200,0000;0,1100;132,0000;0,0000;30/10/2026
ERN-HOSPITAL REG.TARCÍSIO DE VASCONCELOS MAIA;927052;499;Material;927052-9/2026;Materiais de Consumo - Medicamentos e Materiais Médicos;Catálogo do Compras.gov.br;Material;6510;MATERIAIS CIRÚRGICOS PARA CURATIVOS;373;COMPRESSA GAZE;317779;CARACTERÍSTICAS ADICIONAIS: EMBALAGEM PLÁSTICA INDIVIDUAL, MATERIAL: TECIDO 100% ALGODÃO, TIPO: TIPO QUEIJO, CAMADAS: 8 CAMADAS, QUANTIDADE FIOS: 11 FIOS/CM², LARGURA: 91, COMPRIMENTO: 91, DOBRAS: 4 DOBRAS;RO;900,0000;21,5500;19395,0000;0,0000;30/10/2026
ERN-HOSPITAL REG.TARCÍSIO DE VASCONCELOS MAIA;927052;500;Material;927052-9/2026;Materiais de Consumo - Medicamentos e Materiais Médicos;Catálogo do Compras.gov.br;Material;6515;INSTRUMENTOS, EQUIPAMENTOS E SUPRIMENTOS MÉDICOS  E  CIRÚRGICOS;7936;GARROTE;445572;MATERIAL*: BORRACHA SINTÉTICA, ISENTO DE LÁTEX NATURAL, TAMANHO: TAMANHO ÚNICO, TIPO USO: REUTILIZÁVEL;UN;7500,0000;0,2800;2100,0000;0,0000;30/10/2026
ERN-HOSPITAL REG.TARCÍSIO DE VASCONCELOS MAIA;927052;501;Material;927052-9/2026;Materiais de Consumo - Medicamentos e Materiais Médicos;Catálogo do Compras.gov.br;Material;6505;DROGAS E MEDICAMENTOS;5087;CLONAZEPAM;270119;DOSAGEM: 2;COMPR;1800,0000;0,0500;90,0000;0,0000;30/10/2026
ERN-HOSPITAL REG.TARCÍSIO DE VASCONCELOS MAIA;927052;502;Material;927052-9/2026;Materiais de Consumo - Medicamentos e Materiais Médicos;Catálogo do Compras.gov.br;Material;6505;DROGAS E MEDICAMENTOS;9907;MORFINA;271392;APRESENTAÇÃO: SULFATO, CONCENTRAÇÃO: 10MG;COMPR;180,0000;0,6100;109,8000;0,0000;30/10/2026
ERN-HOSPITAL REG.TARCÍSIO DE VASCONCELOS MAIA;927052;503;Material;927052-9/2026;Materiais de Consumo - Medicamentos e Materiais Médicos;Catálogo do Compras.gov.br;Material;6505;DROGAS E MEDICAMENTOS;11154;PREDNISONA;267741;DOSAGEM: 5 MG;COMPR;600,0000;0,0700;42,0000;0,0000;30/10/2026
ERN-HOSPITAL REG.TARCÍSIO DE VASCONCELOS MAIA;927052;504;Material;927052-9/2026;Materiais de Consumo - Medicamentos e Materiais Médicos;Catálogo do Compras.gov.br;Material;6515;INSTRUMENTOS, EQUIPAMENTOS E SUPRIMENTOS MÉDICOS  E  CIRÚRGICOS;30040;FIO DE SUTURA AGULHADO;487197;APRESENTAÇÃO: EMBALAGEM INDIVIDUAL, COMPRIMENTO AGULHA: CERCA DE 18, COMPRIMENTO FIO: CERCA DE 70, DIÂMETRO FIO: 4-0, ESTERILIDADE: ESTÉRIL, MATERIAL FIO: POLIDIOXANONA VIOLETA, MODELO AGULHA: CILÍNDRICA, MODELO FIO: MONOFILAMENTAR, TIPO AGULHA: AGULHA 1/2 CÍRCULO;UN;720,0000;15,2900;11008,8000;0,0000;30/10/2026
ERN-HOSPITAL REG.TARCÍSIO DE VASCONCELOS MAIA;927052;505;Material;927052-9/2026;Materiais de Consumo - Medicamentos e Materiais Médicos;Catálogo do Compras.gov.br;Material;6515;INSTRUMENTOS, EQUIPAMENTOS E SUPRIMENTOS MÉDICOS  E  CIRÚRGICOS;3701;CATETER PERIFÉRICO;437169;APLICAÇÃO: VENOSO, COMPONENTE ADICIONAL: C/ ASA DE FIXAÇÃO, TUBO EXTENSOR, CONECTOR: CONECTOR PADRÃO C/ TAMPA, DIAMETRO: 25, MATERIAL AGULHA: AGULHA AÇO INOX, MODELO: TIPO ESCALPE, TIPO USO: ESTÉRIL, DESCARTÁVEL, EMBALAGEM INDIVIDUAL;UN;600,0000;0,2100;126,0000;0,0000;30/10/2026
ERN-HOSPITAL REG.TARCÍSIO DE VASCONCELOS MAIA;927052;506;Material;927052-9/2026;Materiais de Consumo - Medicamentos e Materiais Médicos;Catálogo do Compras.gov.br;Material;6505;DROGAS E MEDICAMENTOS;10753;PIPERACILINA;271725;COMPOSIÇÃO: ASSOCIADA COM TAZOBACTAMA, CONCENTRAÇÃO: 4G + 500MG, APLICAÇÃO: INJETÁVEL;FR-AM;9600,0000;15,2600;146496,0000;0,0000;30/10/2026
ERN-HOSPITAL REG.TARCÍSIO DE VASCONCELOS MAIA;927052;507;Material;927052-9/2026;Materiais de Consumo - Medicamentos e Materiais Médicos;Catálogo do Compras.gov.br;Material;6515;INSTRUMENTOS, EQUIPAMENTOS E SUPRIMENTOS MÉDICOS  E  CIRÚRGICOS;30123;SERRA CIRÚRGICA MANUAL;609100;COMPRIMENTO TOTAL: CERCA DE 60, ESTERILIDADE: ESTÉRIL, USO ÚNICO, MATERIAL: AÇO INOXIDÁVEL, MODELO: GIGLI;UN;300,0000;22,6800;6804,0000;0,0000;30/10/2026
ERN-HOSPITAL REG.TARCÍSIO DE VASCONCELOS MAIA;927052;508;Material;927052-9/2026;Materiais de Consumo - Medicamentos e Materiais Médicos;Catálogo do Compras.gov.br;Material;6515;INSTRUMENTOS, EQUIPAMENTOS E SUPRIMENTOS MÉDICOS  E  CIRÚRGICOS;30040;FIO DE SUTURA AGULHADO;487571;APRESENTAÇÃO: EMBALAGEM INDIVIDUAL, COMPRIMENTO AGULHA: CERCA DE 30, COMPRIMENTO FIO: CERCA DE 70, DIÂMETRO FIO: 2-0, ESTERILIDADE: ESTÉRIL, MATERIAL FIO: SEDA PRETO, MODELO AGULHA: CILÍNDRICA, MODELO FIO: MULTIFILAMENTAR, TIPO AGULHA: AGULHA 3/8 CÍRCULO;UN;72,0000;2,1900;157,6800;0,0000;30/10/2026
ERN-HOSPITAL REG.TARCÍSIO DE VASCONCELOS MAIA;927052;509;Material;927052-9/2026;Materiais de Consumo - Medicamentos e Materiais Médicos;Catálogo do Compras.gov.br;Material;6505;DROGAS E MEDICAMENTOS;5166;DOBUTAMINA CLORIDRATO;268446;DOSAGEM: 12,5, INDICAÇÃO: INJETÁVEL;AM;600,0000;6,0100;3606,0000;0,0000;30/10/2026
ERN-HOSPITAL REG.TARCÍSIO DE VASCONCELOS MAIA;927052;510;Material;927052-9/2026;Materiais de Consumo - Medicamentos e Materiais Médicos;Catálogo do Compras.gov.br;Material;6515;INSTRUMENTOS, EQUIPAMENTOS E SUPRIMENTOS MÉDICOS  E  CIRÚRGICOS;5359;BOLSA COLETORA DE URINA SISTEMA FECHADO;419371;CAPACIDADE*: CERCA DE 2000, COMPONENTES: ALÇA DE SUSTENTAÇÃO, ESTERILIDADE*: ESTÉRIL, DESCARTÁVEL, GRADUAÇÃO: GRADUAÇÃO DE 100 EM 100, MATERIAL*: PVC, OUTROS COMPONENTES: MEMBRANA AUTOCICATRIZANTE, PINÇA: CLAMP CORTA FLUXO, TIPO*: SISTEMA FECHADO, VÁLVULA: VÁLVULA ANTI-REFLUXO;UN;1500,0000;4,7400;7110,0000;0,0000;30/10/2026
ERN-HOSPITAL REG.TARCÍSIO DE VASCONCELOS MAIA;927052;511;Material;927052-9/2026;Materiais de Consumo - Medicamentos e Materiais Médicos;Catálogo do Compras.gov.br;Material;6505;DROGAS E MEDICAMENTOS;4677;CARVEDILOL;267566;DOSAGEM: 3,125;COMPR;6000,0000;0,0900;540,0000;0,0000;30/10/2026
ERN-HOSPITAL REG.TARCÍSIO DE VASCONCELOS MAIA;927052;512;Material;927052-9/2026;Materiais de Consumo - Medicamentos e Materiais Médicos;Catálogo do Compras.gov.br;Material;6505;DROGAS E MEDICAMENTOS;1872;ÁCIDO ASCÓRBICO;271689;DOSAGEM: 200, TIPO USO: SOLUÇÃO ORAL;FR;60,0000;1,2700;76,2000;0,0000;30/10/2026
ERN-HOSPITAL REG.TARCÍSIO DE VASCONCELOS MAIA;927052;513;Material;927052-9/2026;Materiais de Consumo - Medicamentos e Materiais Médicos;Catálogo do Compras.gov.br;Material;6505;DROGAS E MEDICAMENTOS;10076;NEOSTIGMINA METILSULFATO;273457;DOSAGEM: 0,5, APRESENTAÇÃO: SOLUÇÃO INJETÁVEL;AM;1800,0000;1,4100;2538,0000;0,0000;30/10/2026
ERN-HOSPITAL REG.TARCÍSIO DE VASCONCELOS MAIA;927052;514;Material;927052-9/2026;Materiais de Consumo - Medicamentos e Materiais Médicos;Catálogo do Compras.gov.br;Material;6515;INSTRUMENTOS, EQUIPAMENTOS E SUPRIMENTOS MÉDICOS  E  CIRÚRGICOS;3701;CATETER PERIFÉRICO;625221;APLICAÇÃO: VENOSO, COMPONENTE 1: CÂMARA REFLUXO C/ FILTRO, COMPONENTE 2: C/ SISTEMA SEGURANÇA SEGUNDO NR/32, COMPRIMENTO: CERCA 25, CONECTOR: CONECTOR PADRÃO, DIAMETRO: 20, MATERIAL AGULHA: AGULHA AÇO INOX, MATERIAL CATETER: POLÍMERO RADIOPACO, TIPO USO: ESTÉRIL, DESCARTÁVEL, EMBALAGEM INDIVIDUAL;UN;7200,0000;1,7400;12528,0000;0,0000;30/10/2026
ERN-HOSPITAL REG.TARCÍSIO DE VASCONCELOS MAIA;927052;515;Material;927052-9/2026;Materiais de Consumo - Medicamentos e Materiais Médicos;Catálogo do Compras.gov.br;Material;6515;INSTRUMENTOS, EQUIPAMENTOS E SUPRIMENTOS MÉDICOS  E  CIRÚRGICOS;30123;SERRA CIRÚRGICA MANUAL;609098;COMPRIMENTO TOTAL: CERCA DE 40, ESTERILIDADE: ESTÉRIL, USO ÚNICO, MATERIAL: AÇO INOXIDÁVEL, MODELO: GIGLI;UN;160,0000;21,1300;3380,8000;0,0000;30/10/2026
ERN-HOSPITAL REG.TARCÍSIO DE VASCONCELOS MAIA;927052;516;Material;927052-9/2026;Materiais de Consumo - Medicamentos e Materiais Médicos;Catálogo do Compras.gov.br;Material;6505;DROGAS E MEDICAMENTOS;5144;BUPIVACAÍNA CLORIDRATO;270095;APRESENTAÇÃO: ASSOCIADA À GLICOSE, DOSAGEM: 0,5% + 8%, TIPO: SOLUÇÃO INJETÁVEL;AM;900,0000;121,9200;109728,0000;0,0000;30/10/2026
ERN-HOSPITAL REG.TARCÍSIO DE VASCONCELOS MAIA;927052;517;Material;927052-9/2026;Materiais de Consumo - Medicamentos e Materiais Médicos;Catálogo do Compras.gov.br;Material;6515;INSTRUMENTOS, EQUIPAMENTOS E SUPRIMENTOS MÉDICOS  E  CIRÚRGICOS;458;ABAIXADOR LÍNGUA;348807;COMPRIMENTO: 14, ESPESSURA: 2, FORMATO: TIPO ESPÁTULA, LARGURA: 1,50, MATERIAL: MADEIRA, TIPO: DESCARTÁVEL;PCT;60,0000;139,8000;8388,0000;0,0000;30/10/2026
ERN-HOSPITAL REG.TARCÍSIO DE VASCONCELOS MAIA;927052;519;Material;927052-9/2026;Materiais de Consumo - Medicamentos e Materiais Médicos;Catálogo do Compras.gov.br;Material;6515;INSTRUMENTOS, EQUIPAMENTOS E SUPRIMENTOS MÉDICOS  E  CIRÚRGICOS;30202;SERINGA PARA BOMBA;617326;APLICAÇÃO: COMPATÍVEL C/ BOMBA INFUSORA, APRESENTAÇÃO: EMBALAGEM INDIVIDUAL, CAPACIDADE: CERCA 200, CARACTERÍSTICA ADICIONAL: GRADUADA, ESTERILIDADE: ESTÉRIL, MATERIAL: POLIPROPILENO;UN;400,0000;105,9500;42380,0000;0,0000;30/10/2026
ERN-HOSPITAL REG.TARCÍSIO DE VASCONCELOS MAIA;927052;520;Material;927052-9/2026;Materiais de Consumo - Medicamentos e Materiais Médicos;Catálogo do Compras.gov.br;Material;6505;DROGAS E MEDICAMENTOS;10216;OMEPRAZOL;268160;CONCENTRAÇÃO: 40, USO: INJETÁVEL;FR-AM;18000,0000;7,4400;133920,0000;0,0000;30/10/2026
ERN-HOSPITAL REG.TARCÍSIO DE VASCONCELOS MAIA;927052;521;Material;927052-9/2026;Materiais de Consumo - Medicamentos e Materiais Médicos;Catálogo do Compras.gov.br;Material;6505;DROGAS E MEDICAMENTOS;2436;AMOXICILINA;271217;CONCENTRAÇÃO: 500MG + 125MG, PRINCÍPIO ATIVO: ASSOCIADA COM CLAVULANATO DE POTÁSSIO;FR;120,0000;46,8700;5624,4000;0,0000;30/10/2026
ERN-HOSPITAL REG.TARCÍSIO DE VASCONCELOS MAIA;927052;522;Material;927052-9/2026;Materiais de Consumo - Medicamentos e Materiais Médicos;Catálogo do Compras.gov.br;Material;6505;DROGAS E MEDICAMENTOS;9762;MIDAZOLAM;268481;DOSAGEM: 5, APLICAÇÃO: INJETÁVEL;AM;3000,0000;2,2900;6870,0000;0,0000;30/10/2026
ERN-HOSPITAL REG.TARCÍSIO DE VASCONCELOS MAIA;927052;523;Material;927052-9/2026;Materiais de Consumo - Medicamentos e Materiais Médicos;Catálogo do Compras.gov.br;Material;6515;INSTRUMENTOS, EQUIPAMENTOS E SUPRIMENTOS MÉDICOS  E  CIRÚRGICOS;458;ABAIXADOR LÍNGUA;431744;COMPRIMENTO: CERCA DE 14, ESPESSURA: CERCA DE 2, FORMATO: TIPO ESPÁTULA, EMBALAGEM INDIVIDUAL, LARGURA: CERCA DE 1,50, MATERIAL: PLÁSTICO, TIPO: DESCARTÁVEL;UN;600,0000;1,3600;816,0000;0,0000;30/10/2026
ERN-HOSPITAL REG.TARCÍSIO DE VASCONCELOS MAIA;927052;524;Material;927052-9/2026;Materiais de Consumo - Medicamentos e Materiais Médicos;Catálogo do Compras.gov.br;Material;6505;DROGAS E MEDICAMENTOS;5134;AMITRIPTILINA CLORIDRATO;267512;DOSAGEM: 25;COMPR;360,0000;0,0400;14,4000;0,0000;30/10/2026
ERN-HOSPITAL REG.TARCÍSIO DE VASCONCELOS MAIA;927052;525;Material;927052-9/2026;Materiais de Consumo - Medicamentos e Materiais Médicos;Catálogo do Compras.gov.br;Material;6505;DROGAS E MEDICAMENTOS;5206;METFORMINA CLORIDRATO;267691;DOSAGEM: 850;COMPR;1500,0000;0,2200;330,0000;0,0000;30/10/2026
ERN-HOSPITAL REG.TARCÍSIO DE VASCONCELOS MAIA;927052;526;Material;927052-9/2026;Materiais de Consumo - Medicamentos e Materiais Médicos;Catálogo do Compras.gov.br;Material;6515;INSTRUMENTOS, EQUIPAMENTOS E SUPRIMENTOS MÉDICOS  E  CIRÚRGICOS;16281;ESCOVA DEGERMAÇÃO;620163;ANTISSÉPTICO DEGERMANTE: CLOREXIDINA 2%, EMBALAGEM: EMBALAGEM INDIVIDUAL, ESTERILIDADE: USO ÚNICO, MODELO: DUPLA FACE C/ CERDAS E ESPONJA;UN;7800,0000;2,1900;17082,0000;0,0000;30/10/2026
ERN-HOSPITAL REG.TARCÍSIO DE VASCONCELOS MAIA;927052;527;Material;927052-9/2026;Materiais de Consumo - Medicamentos e Materiais Médicos;Catálogo do Compras.gov.br;Material;6505;DROGAS E MEDICAMENTOS;10113;NITROPRUSSETO DE SÓDIO;453501;CONCENTRAÇÃO: 25, FORMA FARMACEUTICA: SOLUÇÃO INJETÁVEL;AM;240,0000;20,7100;4970,4000;0,0000;30/10/2026
ERN-HOSPITAL REG.TARCÍSIO DE VASCONCELOS MAIA;927052;528;Material;927052-9/2026;Materiais de Consumo - Medicamentos e Materiais Médicos;Catálogo do Compras.gov.br;Material;6515;INSTRUMENTOS, EQUIPAMENTOS E SUPRIMENTOS MÉDICOS  E  CIRÚRGICOS;2224;TUBO ENDOTRAQUEAL;451385;CALIBRE: 8,0, COMPONENTE 1: BALÃO ALTO VOLUME E BAIXA PRESSÃO, COMPONENTE 2: RADIOPACO, GRADUADO, ESTERILIDADE: ESTÉRIL, USO ÚNICO, MATERIAL: PVC SILICONIZADO ARAMADO, MODELO: CURVA MAGILL, TIPO CONECTOR: CONECTOR PADRÃO, TIPO PONTA: C/ PONTA DISTAL ATRAUMÁTICA;UN;60,0000;25,2000;1512,0000;0,0000;30/10/2026
ERN-HOSPITAL REG.TARCÍSIO DE VASCONCELOS MAIA;927052;529;Material;927052-9/2026;Materiais de Consumo - Medicamentos e Materiais Médicos;Catálogo do Compras.gov.br;Material;6515;INSTRUMENTOS, EQUIPAMENTOS E SUPRIMENTOS MÉDICOS  E  CIRÚRGICOS;30040;FIO DE SUTURA AGULHADO;487520;APRESENTAÇÃO: EMBALAGEM INDIVIDUAL, COMPRIMENTO AGULHA: CERCA DE 26, COMPRIMENTO FIO: CERCA DE 70, DIÂMETRO FIO: 3-0, ESTERILIDADE: ESTÉRIL, MATERIAL FIO: POLIPROPILENO AZUL, MODELO AGULHA: CILÍNDRICA, MODELO FIO: MONOFILAMENTAR, TIPO AGULHA: AGULHA 1/2 CÍRCULO;UN;144,0000;5,2300;753,1200;0,0000;30/10/2026
ERN-HOSPITAL REG.TARCÍSIO DE VASCONCELOS MAIA;927052;530;Material;927052-9/2026;Materiais de Consumo - Medicamentos e Materiais Médicos;Catálogo do Compras.gov.br;Material;6515;INSTRUMENTOS, EQUIPAMENTOS E SUPRIMENTOS MÉDICOS  E  CIRÚRGICOS;17428;SERINGA;439711;ADICIONAL: GRADUADA, NUMERADA, APRESENTAÇÃO: EMBALAGEM INDIVIDUAL, CAPACIDADE: 20, COMPONENTE ADICIONAL: C/ SISTEMA SEGURANÇA SEGUNDO NR/32, ESTERILIDADE: ESTÉRIL, DESCARTÁVEL, MATERIAL: POLIPROPILENO, TIPO AGULHA: C/ AGULHA 22 G X 1", TIPO BICO: BICO CENTRAL LUER LOCK OU SLIP, TIPO VEDAÇÃO: ÊMBOLO DE BORRACHA;UN;90000,0000;0,7400;66600,0000;0,0000;30/10/2026
ERN-HOSPITAL REG.TARCÍSIO DE VASCONCELOS MAIA;927052;531;Material;927052-9/2026;Materiais de Consumo - Medicamentos e Materiais Médicos;Catálogo do Compras.gov.br;Material;6505;DROGAS E MEDICAMENTOS;2411;ANLODIPINO BESILATO;272434;DOSAGEM: 5;COMPR;3000,0000;0,0500;150,0000;0,0000;30/10/2026
ERN-HOSPITAL REG.TARCÍSIO DE VASCONCELOS MAIA;927052;532;Material;927052-9/2026;Materiais de Consumo - Medicamentos e Materiais Médicos;Catálogo do Compras.gov.br;Material;6515;INSTRUMENTOS, EQUIPAMENTOS E SUPRIMENTOS MÉDICOS  E  CIRÚRGICOS;30040;FIO DE SUTURA AGULHADO;487388;APRESENTAÇÃO: EMBALAGEM INDIVIDUAL, COMPRIMENTO AGULHA: CERCA DE 30, COMPRIMENTO FIO: CERCA DE 70, DIÂMETRO FIO: 2-0, ESTERILIDADE: ESTÉRIL, MATERIAL FIO: NYLON / POLIAMIDA INCOLOR, MODELO AGULHA: CILÍNDRICA, MODELO FIO: MONOFILAMENTAR, TIPO AGULHA: AGULHA 3/8 CÍRCULO;UN;720,0000;1,8800;1353,6000;0,0000;30/10/2026
ERN-HOSPITAL REG.TARCÍSIO DE VASCONCELOS MAIA;927052;533;Material;927052-9/2026;Materiais de Consumo - Medicamentos e Materiais Médicos;Catálogo do Compras.gov.br;Material;6505;DROGAS E MEDICAMENTOS;5275;CLORPROMAZINA;268069;DOSAGEM: 5, APRESENTAÇÃO: SOLUÇÃO INJETÁVEL;AM;300,0000;1,9700;591,0000;0,0000;30/10/2026
ERN-HOSPITAL REG.TARCÍSIO DE VASCONCELOS MAIA;927052;534;Material;927052-9/2026;Materiais de Consumo - Medicamentos e Materiais Médicos;Catálogo do Compras.gov.br;Material;6505;DROGAS E MEDICAMENTOS;17993;CILOSTAZOL;276377;CONCENTRAÇÃO: 50;COMPR;1800,0000;1,8700;3366,0000;0,0000;30/10/2026
ERN-HOSPITAL REG.TARCÍSIO DE VASCONCELOS MAIA;927052;535;Material;927052-9/2026;Materiais de Consumo - Medicamentos e Materiais Médicos;Catálogo do Compras.gov.br;Material;6510;MATERIAIS CIRÚRGICOS PARA CURATIVOS;373;COMPRESSA GAZE;481352;ADICIONAL: 5 DOBRAS, DIMENSÕES: CERCA DE 7,5 X 7,5, GRAMATURA: 9 FIOS/, MATERIAL: 100% ALGODÃO;PCT;3000,0000;7,7900;23370,0000;0,0000;30/10/2026
ERN-HOSPITAL REG.TARCÍSIO DE VASCONCELOS MAIA;927052;536;Material;927052-9/2026;Materiais de Consumo - Medicamentos e Materiais Médicos;Catálogo do Compras.gov.br;Material;6515;INSTRUMENTOS, EQUIPAMENTOS E SUPRIMENTOS MÉDICOS  E  CIRÚRGICOS;18087;FRASCO - TIPO ALMOTOLIA;280476;CAPACIDADE: 250, COR: TRANSPARENTE, GRADUAÇÃO: GRADUADO EM ML, MATERIAL: EM POLIETILENO (PLÁSTICO), TIPO BICO: BICO RETO, LONGO, ESTREITO, COM PROTETOR, TIPO TAMPA: TAMPA EM ROSCA;UN;240,0000;2,9200;700,8000;0,0000;30/10/2026
ERN-HOSPITAL REG.TARCÍSIO DE VASCONCELOS MAIA;927052;537;Material;927052-9/2026;Materiais de Consumo - Medicamentos e Materiais Médicos;Catálogo do Compras.gov.br;Material;6510;MATERIAIS CIRÚRGICOS PARA CURATIVOS;19965;CURATIVO CUTÂNEO;483374;APRESENTAÇÃO: EMBALAGEM INDIVIDUAL, COMPONENTE 1: C/ ALMOFADA FIBRA SINTÉTICA, COMPONENTE 2: BASE ADESIVA, DIMENSÃO: CERCA DE  7,5 X 10, ESTERILIDADE: ESTÉRIL;UN;720,0000;0,9200;662,4000;0,0000;30/10/2026
ERN-HOSPITAL REG.TARCÍSIO DE VASCONCELOS MAIA;927052;539;Material;927052-9/2026;Materiais de Consumo - Medicamentos e Materiais Médicos;Catálogo do Compras.gov.br;Material;6515;INSTRUMENTOS, EQUIPAMENTOS E SUPRIMENTOS MÉDICOS  E  CIRÚRGICOS;30040;FIO DE SUTURA AGULHADO;486985;APRESENTAÇÃO: EMBALAGEM INDIVIDUAL, COMPRIMENTO AGULHA: CERCA DE 30, COMPRIMENTO FIO: CERCA DE 70, DIÂMETRO FIO: Nº 1, ESTERILIDADE: ESTÉRIL, MATERIAL FIO: CATGUT SIMPLES, MODELO AGULHA: CILÍNDRICA, MODELO FIO: MULTIFILAMENTAR, TIPO AGULHA: AGULHA 3/8 CÍRCULO;UN;72,0000;3,8400;276,4800;0,0000;30/10/2026
ERN-HOSPITAL REG.TARCÍSIO DE VASCONCELOS MAIA;927052;540;Material;927052-9/2026;Materiais de Consumo - Medicamentos e Materiais Médicos;Catálogo do Compras.gov.br;Material;6515;INSTRUMENTOS, EQUIPAMENTOS E SUPRIMENTOS MÉDICOS  E  CIRÚRGICOS;8203;DRENO CIRÚRGICO;438511;CALIBRE: 14, COMPONENTE II: RADIOPACO, COMPRIMENTO: CERCA DE 40, EMBALAGEM: EMBALAGEM INDIVIDUAL, MATERIAL: SILICONE, MODELO: KEHR EM "T", TIPO USO: ESTÉRIL, DESCARTÁVEL;UN;6,0000;10,8300;64,9800;0,0000;30/10/2026
ERN-HOSPITAL REG.TARCÍSIO DE VASCONCELOS MAIA;927052;541;Material;927052-9/2026;Materiais de Consumo - Medicamentos e Materiais Médicos;Catálogo do Compras.gov.br;Material;6515;INSTRUMENTOS, EQUIPAMENTOS E SUPRIMENTOS MÉDICOS  E  CIRÚRGICOS;2224;TUBO ENDOTRAQUEAL;451376;CALIBRE: 3,5, COMPONENTE 1: BALÃO ALTO VOLUME E BAIXA PRESSÃO, COMPONENTE 2: RADIOPACO, GRADUADO, ESTERILIDADE: ESTÉRIL, USO ÚNICO, MATERIAL: PVC SILICONIZADO ARAMADO, MODELO: CURVA MAGILL, TIPO CONECTOR: CONECTOR PADRÃO, TIPO PONTA: C/ PONTA DISTAL ATRAUMÁTICA;UN;80,0000;7,6800;614,4000;0,0000;30/10/2026
ERN-HOSPITAL REG.TARCÍSIO DE VASCONCELOS MAIA;927052;542;Material;927052-9/2026;Materiais de Consumo - Medicamentos e Materiais Médicos;Catálogo do Compras.gov.br;Material;6515;INSTRUMENTOS, EQUIPAMENTOS E SUPRIMENTOS MÉDICOS  E  CIRÚRGICOS;2245;MÁSCARA GASOTERAPIA;623739;APLICAÇÃO: P/ MÉDIA CONCENTRAÇÃO, COMPONENTE ADICIONAL: C/ VÁLVULA DE EXALAÇÃO, MATERIAL: PLÁSTICO, TAMANHO: ADULTO, TIPO CONECTOR: CONECTOR PADRÃO, TIPO EXTENSÃO: EXTENSOR CERCA DE 2,0 M, TIPO FIXAÇÃO: C/ CLIPE NASAL E FIXADOR CEFÁLICO AJUSTÁVEL;UN;72,0000;11,8200;851,0400;0,0000;30/10/2026
ERN-HOSPITAL REG.TARCÍSIO DE VASCONCELOS MAIA;927052;543;Material;927052-9/2026;Materiais de Consumo - Medicamentos e Materiais Médicos;Catálogo do Compras.gov.br;Material;6515;INSTRUMENTOS, EQUIPAMENTOS E SUPRIMENTOS MÉDICOS  E  CIRÚRGICOS;19920;FILTRO TERAPIA RESPIRATÓRIA;479614;APLICAÇÃO: P/ CIRCUITO RESPIRATÓRIO, COMPONENTE: CONEXÕES PADRÃO, COMPONENTE ADICIONAL: C/ TRAQUÉIA CORRUGADA, ESTERILIDADE: ESTÉRIL, MODELO: HMEF, TAMANHO: ADULTO, TIPO: TROCA CALOR E UMIDADE C/ BARREIRA MICROBIOLÓGICA, TIPO MEMBRANA: HIDRÓFOBICO E HIGROSCÓPICO;UN;1020,0000;4,5500;4641,0000;0,0000;30/10/2026
ERN-HOSPITAL REG.TARCÍSIO DE VASCONCELOS MAIA;927052;544;Material;927052-9/2026;Materiais de Consumo - Medicamentos e Materiais Médicos;Catálogo do Compras.gov.br;Material;6505;DROGAS E MEDICAMENTOS;12450;SUXAMETÔNIO CLORETO;268442;DOSAGEM: 100, INDICAÇÃO: INJETÁVEL;FR-AM;420,0000;11,0000;4620,0000;0,0000;30/10/2026
ERN-HOSPITAL REG.TARCÍSIO DE VASCONCELOS MAIA;927052;545;Material;927052-9/2026;Materiais de Consumo - Medicamentos e Materiais Médicos;Catálogo do Compras.gov.br;Material;6510;MATERIAIS CIRÚRGICOS PARA CURATIVOS;30022;CURATIVO / COBERTURA;619868;APLICAÇÃO: P/ FERIDA, ASPECTO FÍSICO: PLACA MULTICAMADA C/ BORDA, COMPONENTE 1: C/ PELÍCULA E ESPUMA PU, COMPONENTE 2: C/ HIDROCOLÓIDE, COMPONENTE 4: C/ PRATA, COMPOSIÇÃO: À BASE DE HIDROFIBRA (CMC), DIMENSÃO: CERCA DE 10 X 10, ESTERILIDADE: ESTÉRIL;UN;300,0000;4,7900;1437,0000;0,0000;30/10/2026
ERN-HOSPITAL REG.TARCÍSIO DE VASCONCELOS MAIA;927052;546;Material;927052-9/2026;Materiais de Consumo - Medicamentos e Materiais Médicos;Catálogo do Compras.gov.br;Material;6515;INSTRUMENTOS, EQUIPAMENTOS E SUPRIMENTOS MÉDICOS  E  CIRÚRGICOS;30040;FIO DE SUTURA AGULHADO;487132;APRESENTAÇÃO: EMBALAGEM INDIVIDUAL, COMPRIMENTO AGULHA: CERCA DE 40, COMPRIMENTO FIO: CERCA DE 70, DIÂMETRO FIO: 2-0, ESTERILIDADE: ESTÉRIL, MATERIAL FIO: POLIGLACTINA VIOLETA, MODELO AGULHA: CILÍNDRICA, MODELO FIO: MULTIFILAMENTAR, TIPO AGULHA: AGULHA 1/2 CÍRCULO;UN;1584,0000;9,5200;15079,6800;0,0000;30/10/2026
ERN-HOSPITAL REG.TARCÍSIO DE VASCONCELOS MAIA;927052;547;Material;927052-9/2026;Materiais de Consumo - Medicamentos e Materiais Médicos;Catálogo do Compras.gov.br;Material;6505;DROGAS E MEDICAMENTOS;363;ACICLOVIR;268374;DOSAGEM: 250, USO: INJETÁVEL;FR-AM;900,0000;8,3600;7524,0000;0,0000;30/10/2026
ERN-HOSPITAL REG.TARCÍSIO DE VASCONCELOS MAIA;927052;548;Material;927052-9/2026;Materiais de Consumo - Medicamentos e Materiais Médicos;Catálogo do Compras.gov.br;Material;6515;INSTRUMENTOS, EQUIPAMENTOS E SUPRIMENTOS MÉDICOS  E  CIRÚRGICOS;30260;CATETER NASAL PARA OXIGÊNIO;621740;APLICAÇÃO: P/ OXIGENOTERAPIA, COMPRIMENTO: CERCA DE 2,5 M, CONECTOR: COMPATÍVEL C/ FONTE O2, ESTERILIDADE: NÃO ESTÉRIL, USO ÚNICO, MATERIAL: TUBO E PRONGA DE SILICONE, MODELO: TIPO ÓCULOS, TAMANHO: ADULTO;UN;1800,0000;14,9200;26856,0000;0,0000;30/10/2026
ERN-HOSPITAL REG.TARCÍSIO DE VASCONCELOS MAIA;927052;549;Material;927052-9/2026;Materiais de Consumo - Medicamentos e Materiais Médicos;Catálogo do Compras.gov.br;Material;6515;INSTRUMENTOS, EQUIPAMENTOS E SUPRIMENTOS MÉDICOS  E  CIRÚRGICOS;19697;TUBO HOSPITALAR;459110;DIÂMETRO INTERNO: CERCA DE 6,0 MM, ESTERILIDADE: AUTOCLAVÁVEL, MATERIAL: SILICONE TRANSPARENTE, REFERÊNCIA: Nº 204;RO;120,0000;106,4600;12775,2000;0,0000;30/10/2026
ERN-HOSPITAL REG.TARCÍSIO DE VASCONCELOS MAIA;927052;550;Material;927052-9/2026;Materiais de Consumo - Medicamentos e Materiais Médicos;Catálogo do Compras.gov.br;Material;6510;MATERIAIS CIRÚRGICOS PARA CURATIVOS;30022;CURATIVO / COBERTURA;484909;APLICAÇÃO: P/ FERIDA, ASPECTO FÍSICO: PLACA, COMPONENTE 1: C/ PELÍCULA E ESPUMA PU, COMPONENTE 2: C/ ALGINATO, COMPOSIÇÃO: À BASE DE HIDROFIBRA (CMC), DIMENSÃO: CERCA DE 15 X 15, ESTERILIDADE: ESTÉRIL;UN;180,0000;37,7400;6793,2000;0,0000;30/10/2026
ERN-HOSPITAL REG.TARCÍSIO DE VASCONCELOS MAIA;927052;551;Material;927052-9/2026;Materiais de Consumo - Medicamentos e Materiais Médicos;Catálogo do Compras.gov.br;Material;6515;INSTRUMENTOS, EQUIPAMENTOS E SUPRIMENTOS MÉDICOS  E  CIRÚRGICOS;2639;SONDA TRATO URINÁRIO;436078;CALIBRE: 20, COMPONENTES: C/ ORIFÍCIOS LATERAIS, CONECTOR: CONECTORES PADRÃO, EMBALAGEM: EMBALAGEM INDIVIDUAL, ESTERILIDADE: ESTÉRIL, DESCARTÁVEL, MATERIAL: SILICONE, MODELO: FOLEY, TIPO PONTA: PONTA DISTAL CILÍNDRICA FECHADA, VIAS: 2 VIAS, VOLUME: C/ BALÃO CERCA 30;UN;600,0000;2,6100;1566,0000;0,0000;30/10/2026
ERN-HOSPITAL REG.TARCÍSIO DE VASCONCELOS MAIA;927052;552;Material;927052-9/2026;Materiais de Consumo - Medicamentos e Materiais Médicos;Catálogo do Compras.gov.br;Material;6505;DROGAS E MEDICAMENTOS;11969;SECNIDAZOL;268299;CONCENTRAÇÃO: 1.000;COMPR;60,0000;1,1900;71,4000;0,0000;30/10/2026
ERN-HOSPITAL REG.TARCÍSIO DE VASCONCELOS MAIA;927052;553;Material;927052-9/2026;Materiais de Consumo - Medicamentos e Materiais Médicos;Catálogo do Compras.gov.br;Material;6505;DROGAS E MEDICAMENTOS;9699;METILPREDNISOLONA;271600;PRINCÍPIO ATIVO: SAL SUCCINATO, DOSAGEM: 125, APRESENTAÇÃO: PÓ LIOFILIZADO + DILUENTE, INJETÁVEL;FR-AM;300,0000;7,5800;2274,0000;0,0000;30/10/2026
ERN-HOSPITAL REG.TARCÍSIO DE VASCONCELOS MAIA;927052;554;Material;927052-9/2026;Materiais de Consumo - Medicamentos e Materiais Médicos;Catálogo do Compras.gov.br;Material;6515;INSTRUMENTOS, EQUIPAMENTOS E SUPRIMENTOS MÉDICOS  E  CIRÚRGICOS;8203;DRENO CIRÚRGICO;438522;DIMENSÕES: CERCA DE 12 MM X 30, EMBALAGEM: EMBALAGEM INDIVIDUAL, MATERIAL: BORRACHA, MODELO: DE PENROSE, TIPO USO: ESTÉRIL, DESCARTÁVEL;UN;30,0000;1,9800;59,4000;0,0000;30/10/2026
ERN-HOSPITAL REG.TARCÍSIO DE VASCONCELOS MAIA;927052;611;Material;927052-9/2026;Materiais de Consumo - Medicamentos e Materiais Médicos;Catálogo do Compras.gov.br;Material;6505;DROGAS E MEDICAMENTOS;4720;CEFALEXINA;267625;DOSAGEM: 500;CAPS;1800,0000;0,4600;828,0000;0,0000;30/10/2026
ERN-HOSPITAL REG.TARCÍSIO DE VASCONCELOS MAIA;927052;555;Material;927052-9/2026;Materiais de Consumo - Medicamentos e Materiais Médicos;Catálogo do Compras.gov.br;Material;6515;INSTRUMENTOS, EQUIPAMENTOS E SUPRIMENTOS MÉDICOS  E  CIRÚRGICOS;8203;DRENO CIRÚRGICO;440501;COMPONENTE II: RADIOPACO, DIMENSÕES: CERCA DE 20 MM X 30, EMBALAGEM: EMBALAGEM INDIVIDUAL, MATERIAL: BORRACHA, MODELO: DE PENROSE, TIPO USO: ESTÉRIL, DESCARTÁVEL;UN;42,0000;2,1200;89,0400;0,0000;30/10/2026
ERN-HOSPITAL REG.TARCÍSIO DE VASCONCELOS MAIA;927052;556;Material;927052-9/2026;Materiais de Consumo - Medicamentos e Materiais Médicos;Catálogo do Compras.gov.br;Material;6505;DROGAS E MEDICAMENTOS;6200;DIGOXINA;304873;DOSAGEM: 0,25, FORMA FARMACÊUTICA: SOLUÇÃO INJETÁVEL;COMPR;600,0000;0,1800;108,0000;0,0000;30/10/2026
ERN-HOSPITAL REG.TARCÍSIO DE VASCONCELOS MAIA;927052;557;Material;927052-9/2026;Materiais de Consumo - Medicamentos e Materiais Médicos;Catálogo do Compras.gov.br;Material;6505;DROGAS E MEDICAMENTOS;4720;CEFALEXINA;331555;DOSAGEM: 50, FORMA FARMACÊUTICA: PÓ P/ SUSPENSÃO ORAL;FR;60,0000;6,3100;378,6000;0,0000;30/10/2026
ERN-HOSPITAL REG.TARCÍSIO DE VASCONCELOS MAIA;927052;558;Material;927052-9/2026;Materiais de Consumo - Medicamentos e Materiais Médicos;Catálogo do Compras.gov.br;Material;6510;MATERIAIS CIRÚRGICOS PARA CURATIVOS;373;COMPRESSA GAZE;615986;ADICIONAL: 5 DOBRAS, DIMENSÕES: CERCA DE 7,5 X 7,5, EMBALAGEM: EMBALAGEM INDIVIDUAL, ESTERILIDADE*: ESTÉRIL, USO ÚNICO, GRAMATURA: 13 FIOS/, MATERIAL: 100% ALGODÃO;PCT;120000,0000;1,3700;164400,0000;0,0000;30/10/2026
ERN-HOSPITAL REG.TARCÍSIO DE VASCONCELOS MAIA;927052;559;Material;927052-9/2026;Materiais de Consumo - Medicamentos e Materiais Médicos;Catálogo do Compras.gov.br;Material;6515;INSTRUMENTOS, EQUIPAMENTOS E SUPRIMENTOS MÉDICOS  E  CIRÚRGICOS;3701;CATETER PERIFÉRICO;437168;APLICAÇÃO: VENOSO, COMPONENTE ADICIONAL: C/ ASA DE FIXAÇÃO, TUBO EXTENSOR, CONECTOR: CONECTOR PADRÃO C/ TAMPA, DIAMETRO: 19, MATERIAL AGULHA: AGULHA AÇO INOX, MODELO: TIPO ESCALPE, TIPO USO: ESTÉRIL, DESCARTÁVEL, EMBALAGEM INDIVIDUAL;UN;300,0000;0,4400;132,0000;0,0000;30/10/2026
ERN-HOSPITAL REG.TARCÍSIO DE VASCONCELOS MAIA;927052;560;Material;927052-9/2026;Materiais de Consumo - Medicamentos e Materiais Médicos;Catálogo do Compras.gov.br;Material;6515;INSTRUMENTOS, EQUIPAMENTOS E SUPRIMENTOS MÉDICOS  E  CIRÚRGICOS;30132;EQUIPO DE NUTRIÇÃO ENTERAL;610248;COMPATIBILIDADE: C/ EQUIPAMENTO, COMPRIMENTO TOTAL DO TUBO: ACIMA DE 181 CM, CONECTOR DIETA: PONTA EM CRUZ, CONECTOR PACIENTE: ESCALONADO, CÂMARA GOTEJAMENTO: MACROGOTAS, FLEXÍVEL, ESTERILIDADE: ESTÉRIL, USO ÚNICO, MATERIAL: PVC SEM DEHP, C/ COR, REGULADOR DE FLUXO MANUAL: PINÇA ROLETE, TIPO: P/ BOMBA INFUSÃO, COM SEGMENTO DE SILICONE, 1 VIA, TIPO EMBALAGEM: INDIVIDUAL;UN;3600,0000;20,0000;72000,0000;0,0000;30/10/2026
ERN-HOSPITAL REG.TARCÍSIO DE VASCONCELOS MAIA;927052;561;Material;927052-9/2026;Materiais de Consumo - Medicamentos e Materiais Médicos;Catálogo do Compras.gov.br;Material;6515;INSTRUMENTOS, EQUIPAMENTOS E SUPRIMENTOS MÉDICOS  E  CIRÚRGICOS;2639;SONDA TRATO URINÁRIO;435995;CALIBRE: 14, COMPONENTES: C/ ORIFÍCIOS LATERAIS, CONECTOR: CONECTORES PADRÃO, EMBALAGEM: EMBALAGEM INDIVIDUAL, ESTERILIDADE: ESTÉRIL, DESCARTÁVEL, MATERIAL: SILICONE, MODELO: FOLEY, TIPO PONTA: PONTA DISTAL CILÍNDRICA FECHADA, VIAS: 2 VIAS, VOLUME: C/ BALÃO CERCA 5;UN;2700,0000;0,6000;1620,0000;0,0000;30/10/2026
ERN-HOSPITAL REG.TARCÍSIO DE VASCONCELOS MAIA;927052;562;Material;927052-9/2026;Materiais de Consumo - Medicamentos e Materiais Médicos;Catálogo do Compras.gov.br;Material;6505;DROGAS E MEDICAMENTOS;12343;POLIMIXINA B;436885;CONCENTRAÇÃO: 500.000, FORMA FARMACÊUTICA: PÓ LIÓFILO P/ INJETÁVEL;FR-AM;6000,0000;11,1500;66900,0000;0,0000;30/10/2026
ERN-HOSPITAL REG.TARCÍSIO DE VASCONCELOS MAIA;927052;563;Material;927052-9/2026;Materiais de Consumo - Medicamentos e Materiais Médicos;Catálogo do Compras.gov.br;Material;6505;DROGAS E MEDICAMENTOS;2239;ALBUMINA HUMANA;268376;CONCENTRAÇÃO: 20%, USO: INJETÁVEL;BOL;1200,0000;146,2000;175440,0000;0,0000;30/10/2026
ERN-HOSPITAL REG.TARCÍSIO DE VASCONCELOS MAIA;927052;564;Material;927052-9/2026;Materiais de Consumo - Medicamentos e Materiais Médicos;Catálogo do Compras.gov.br;Material;6505;DROGAS E MEDICAMENTOS;9604;MEROPENEM;288297;DOSAGEM: 500 MG, APRESENTAÇÃO: DILUENTE CLORETO DE SÓDIO 0,9%, SISTEMA FECHADO, INDICAÇÃO: INJETÁVEL;BOL;10800,0000;11,8600;128088,0000;0,0000;30/10/2026
ERN-HOSPITAL REG.TARCÍSIO DE VASCONCELOS MAIA;927052;565;Material;927052-9/2026;Materiais de Consumo - Medicamentos e Materiais Médicos;Catálogo do Compras.gov.br;Material;6505;DROGAS E MEDICAMENTOS;8211;HIDRALAZINA;268115;DOSAGEM: 20, INDICAÇÃO: SOLUÇÃO INJETÁVEL;AM;300,0000;5,4600;1638,0000;0,0000;30/10/2026
ERN-HOSPITAL REG.TARCÍSIO DE VASCONCELOS MAIA;927052;566;Material;927052-9/2026;Materiais de Consumo - Medicamentos e Materiais Médicos;Catálogo do Compras.gov.br;Material;6515;INSTRUMENTOS, EQUIPAMENTOS E SUPRIMENTOS MÉDICOS  E  CIRÚRGICOS;3701;CATETER PERIFÉRICO;625223;APLICAÇÃO: VENOSO, COMPONENTE 1: CÂMARA REFLUXO C/ FILTRO, COMPONENTE 2: C/ SISTEMA SEGURANÇA SEGUNDO NR/32, COMPRIMENTO: CERCA 45, CONECTOR: CONECTOR PADRÃO, DIAMETRO: 14, MATERIAL AGULHA: AGULHA AÇO INOX, MATERIAL CATETER: POLÍMERO RADIOPACO, TIPO USO: ESTÉRIL, DESCARTÁVEL, EMBALAGEM INDIVIDUAL;UN;1200,0000;1,9100;2292,0000;0,0000;30/10/2026
ERN-HOSPITAL REG.TARCÍSIO DE VASCONCELOS MAIA;927052;567;Material;927052-9/2026;Materiais de Consumo - Medicamentos e Materiais Médicos;Catálogo do Compras.gov.br;Material;6505;DROGAS E MEDICAMENTOS;1249;BICARBONATO DE SÓDIO;394088;CARACTERÍSTICA ADICIONAL: EM SISTEMA FECHADO, CONCENTRAÇÃO: 8,40%, FORMA FARMACÊUTICA: SOLUÇÃO INJETÁVEL;BOL;420,0000;17,0000;7140,0000;0,0000;30/10/2026
ERN-HOSPITAL REG.TARCÍSIO DE VASCONCELOS MAIA;927052;568;Material;927052-9/2026;Materiais de Consumo - Medicamentos e Materiais Médicos;Catálogo do Compras.gov.br;Material;6505;DROGAS E MEDICAMENTOS;4731;CEFTRIAXONA SÓDICA;442701;CONCENTRAÇÃO: 1, FORMA FARMACEUTICA: PÓ P/ SOLUÇÃO INJETÁVEL;FR-AM;24000,0000;3,1800;76320,0000;0,0000;30/10/2026
ERN-HOSPITAL REG.TARCÍSIO DE VASCONCELOS MAIA;927052;569;Material;927052-9/2026;Materiais de Consumo - Medicamentos e Materiais Médicos;Catálogo do Compras.gov.br;Material;6515;INSTRUMENTOS, EQUIPAMENTOS E SUPRIMENTOS MÉDICOS  E  CIRÚRGICOS;14736;CATETER ASPIRAÇÃO TRAQUEAL;279761;CARACTERÍSTICAS ADICIONAIS: PONTA ATRAUMÁTICA, ORIFÍCIOS DISTAIS LATERALIZADOS, ESPESSURA: Nº 14, MATERIAL: PVC ATÓXICO FLEXÍVEL, TIPO EMBALAGEM: ESTÉRIL, EMBALAGEM INDIVIDUAL, TIPO USO: DESCARTÁVEL;UN;12000,0000;0,6700;8040,0000;0,0000;30/10/2026
ERN-HOSPITAL REG.TARCÍSIO DE VASCONCELOS MAIA;927052;570;Material;927052-9/2026;Materiais de Consumo - Medicamentos e Materiais Médicos;Catálogo do Compras.gov.br;Material;6505;DROGAS E MEDICAMENTOS;12632;TENOXICAM;268532;DOSAGEM: 20, INDICAÇÃO: INJETÁVEL;COMPR;1200,0000;0,5700;684,0000;0,0000;30/10/2026
ERN-HOSPITAL REG.TARCÍSIO DE VASCONCELOS MAIA;927052;571;Material;927052-9/2026;Materiais de Consumo - Medicamentos e Materiais Médicos;Catálogo do Compras.gov.br;Material;6505;DROGAS E MEDICAMENTOS;8428;INSULINA;271157;TIPO: NPH, ORIGEM: HUMANA, DOSAGEM: 100U/ML, APLICAÇÃO: INJETÁVEL;FR;180,0000;18,2400;3283,2000;0,0000;30/10/2026
ERN-HOSPITAL REG.TARCÍSIO DE VASCONCELOS MAIA;927052;572;Material;927052-9/2026;Materiais de Consumo - Medicamentos e Materiais Médicos;Catálogo do Compras.gov.br;Material;6515;INSTRUMENTOS, EQUIPAMENTOS E SUPRIMENTOS MÉDICOS  E  CIRÚRGICOS;2245;MÁSCARA GASOTERAPIA;623740;APLICAÇÃO: P/ MÉDIA CONCENTRAÇÃO, COMPONENTE ADICIONAL: C/ VÁLVULA DE EXALAÇÃO, MATERIAL: PLÁSTICO, TAMANHO: INFANTIL, TIPO CONECTOR: CONECTOR PADRÃO, TIPO EXTENSÃO: EXTENSOR CERCA DE 2,0 M, TIPO FIXAÇÃO: C/ CLIPE NASAL E FIXADOR CEFÁLICO AJUSTÁVEL;UN;18,0000;5,3300;95,9400;0,0000;30/10/2026
ERN-HOSPITAL REG.TARCÍSIO DE VASCONCELOS MAIA;927052;573;Material;927052-9/2026;Materiais de Consumo - Medicamentos e Materiais Médicos;Catálogo do Compras.gov.br;Material;6510;MATERIAIS CIRÚRGICOS PARA CURATIVOS;18085;ALGODÃO USO MÉDICO;453146;APRESENTAÇÃO: EM MANTAS, CARACTERÍSTICAS ADICIONAIS: ENROLADO EM PAPEL APROPRIADO, MATERIAL: EM FIBRA DE POLIÉSTER, TAMANHO: 10, TIPO: ORTOPÉDICO, TIPO EMBALAGEM: EMBALAGEM INDIVIDUAL;RO;2160,0000;0,7000;1512,0000;0,0000;30/10/2026
ERN-HOSPITAL REG.TARCÍSIO DE VASCONCELOS MAIA;927052;574;Material;927052-9/2026;Materiais de Consumo - Medicamentos e Materiais Médicos;Catálogo do Compras.gov.br;Material;6505;DROGAS E MEDICAMENTOS;8249;HIDROXIZINA CLORIDRATO;394263;CONCENTRAÇÃO: 2, FORMA FARMACEUTICA: SOLUÇÃO ORAL;FR;120,0000;11,1400;1336,8000;0,0000;30/10/2026
ERN-HOSPITAL REG.TARCÍSIO DE VASCONCELOS MAIA;927052;575;Material;927052-9/2026;Materiais de Consumo - Medicamentos e Materiais Médicos;Catálogo do Compras.gov.br;Material;6515;INSTRUMENTOS, EQUIPAMENTOS E SUPRIMENTOS MÉDICOS  E  CIRÚRGICOS;30260;CATETER NASAL PARA OXIGÊNIO;621741;APLICAÇÃO: P/ OXIGENOTERAPIA, COMPRIMENTO: CERCA DE 2,5 M, CONECTOR: COMPATÍVEL C/ FONTE O2, ESTERILIDADE: NÃO ESTÉRIL, USO ÚNICO, MATERIAL: TUBO E PRONGA DE SILICONE, MODELO: TIPO ÓCULOS, TAMANHO: INFANTIL;UN;120,0000;1,0800;129,6000;0,0000;30/10/2026
ERN-HOSPITAL REG.TARCÍSIO DE VASCONCELOS MAIA;927052;576;Material;927052-9/2026;Materiais de Consumo - Medicamentos e Materiais Médicos;Catálogo do Compras.gov.br;Material;6505;DROGAS E MEDICAMENTOS;17677;CLOZAPINA;272431;DOSAGEM: 100;COMPR;60,0000;6,0500;363,0000;0,0000;30/10/2026
ERN-HOSPITAL REG.TARCÍSIO DE VASCONCELOS MAIA;927052;577;Material;927052-9/2026;Materiais de Consumo - Medicamentos e Materiais Médicos;Catálogo do Compras.gov.br;Material;6505;DROGAS E MEDICAMENTOS;8605;LACTULOSE;383750;CONCENTRAÇÃO: 667, FORMA FARMACEUTICA: XAROPE;FR;720,0000;6,1000;4392,0000;0,0000;30/10/2026
ERN-HOSPITAL REG.TARCÍSIO DE VASCONCELOS MAIA;927052;578;Material;927052-9/2026;Materiais de Consumo - Medicamentos e Materiais Médicos;Catálogo do Compras.gov.br;Material;6505;DROGAS E MEDICAMENTOS;1869;ÁCIDO AMINOCAPRÓICO;309045;DOSAGEM: 200, FORMA FARMACÊUTICA: SOLUÇÃO INJETÁVEL;FR;600,0000;21,7300;13038,0000;0,0000;30/10/2026
ERN-HOSPITAL REG.TARCÍSIO DE VASCONCELOS MAIA;927052;579;Material;927052-9/2026;Materiais de Consumo - Medicamentos e Materiais Médicos;Catálogo do Compras.gov.br;Material;6505;DROGAS E MEDICAMENTOS;5040;CIPROFLOXACINO CLORIDRATO;267632;DOSAGEM: 500;COMPR;1800,0000;0,1900;342,0000;0,0000;30/10/2026
ERN-HOSPITAL REG.TARCÍSIO DE VASCONCELOS MAIA;927052;580;Material;927052-9/2026;Materiais de Consumo - Medicamentos e Materiais Médicos;Catálogo do Compras.gov.br;Material;6505;DROGAS E MEDICAMENTOS;11759;RISPERIDONA;268149;DOSAGEM: 2;COMPR;180,0000;0,8900;160,2000;0,0000;30/10/2026
ERN-HOSPITAL REG.TARCÍSIO DE VASCONCELOS MAIA;927052;581;Material;927052-9/2026;Materiais de Consumo - Medicamentos e Materiais Médicos;Catálogo do Compras.gov.br;Material;6505;DROGAS E MEDICAMENTOS;6143;DEXAMETASONA;268243;DOSAGEM: 0,1, APRESENTAÇÃO: ELIXIR;FR;300,0000;2,5700;771,0000;0,0000;30/10/2026
ERN-HOSPITAL REG.TARCÍSIO DE VASCONCELOS MAIA;927052;582;Material;927052-9/2026;Materiais de Consumo - Medicamentos e Materiais Médicos;Catálogo do Compras.gov.br;Material;6505;DROGAS E MEDICAMENTOS;2436;AMOXICILINA;271111;CONCENTRAÇÃO: 50MG/ML, APRESENTAÇÃO: PÓ PARA SUSPENSÃO ORAL;FR;90,0000;14,3400;1290,6000;0,0000;30/10/2026
ERN-HOSPITAL REG.TARCÍSIO DE VASCONCELOS MAIA;927052;583;Material;927052-9/2026;Materiais de Consumo - Medicamentos e Materiais Médicos;Catálogo do Compras.gov.br;Material;6505;DROGAS E MEDICAMENTOS;5254;TRAMADOL CLORIDRATO;292382;DOSAGEM: 50, FORMA FARMACÊUTICA: SOLUÇÃO INJETÁVEL;AM;9600,0000;2,0900;20064,0000;0,0000;30/10/2026
ERN-HOSPITAL REG.TARCÍSIO DE VASCONCELOS MAIA;927052;584;Material;927052-9/2026;Materiais de Consumo - Medicamentos e Materiais Médicos;Catálogo do Compras.gov.br;Material;6515;INSTRUMENTOS, EQUIPAMENTOS E SUPRIMENTOS MÉDICOS  E  CIRÚRGICOS;30040;FIO DE SUTURA AGULHADO;487135;APRESENTAÇÃO: EMBALAGEM INDIVIDUAL, COMPONENTE FIO: C/ BACTERIOSTÁTICO / BACTERICIDA, COMPRIMENTO AGULHA: CERCA DE 40, COMPRIMENTO FIO: CERCA DE 70, DIÂMETRO FIO: 2-0, ESTERILIDADE: ESTÉRIL, MATERIAL FIO: POLIGLACTINA VIOLETA, MODELO AGULHA: CILÍNDRICA, MODELO FIO: MULTIFILAMENTAR, TIPO AGULHA: AGULHA 1/2 CÍRCULO;UN;288,0000;12,4600;3588,4800;0,0000;30/10/2026
ERN-HOSPITAL REG.TARCÍSIO DE VASCONCELOS MAIA;927052;585;Material;927052-9/2026;Materiais de Consumo - Medicamentos e Materiais Médicos;Catálogo do Compras.gov.br;Material;6515;INSTRUMENTOS, EQUIPAMENTOS E SUPRIMENTOS MÉDICOS  E  CIRÚRGICOS;2639;SONDA TRATO URINÁRIO;435978;CALIBRE: 6, COMPONENTES: C/ ORIFÍCIOS LATERAIS, COMPRIMENTO: CERCA 20, CONECTOR: CONECTOR PADRÃO C/ TAMPA, EMBALAGEM: EMBALAGEM INDIVIDUAL, ESTERILIDADE: ESTÉRIL, DESCARTÁVEL, MATERIAL: SILICONE, MODELO: URETRAL, TIPO PONTA: PONTA DISTAL CILÍNDRICA FECHADA;UN;60,0000;0,4700;28,2000;0,0000;30/10/2026
ERN-HOSPITAL REG.TARCÍSIO DE VASCONCELOS MAIA;927052;586;Material;927052-9/2026;Materiais de Consumo - Medicamentos e Materiais Médicos;Catálogo do Compras.gov.br;Material;6515;INSTRUMENTOS, EQUIPAMENTOS E SUPRIMENTOS MÉDICOS  E  CIRÚRGICOS;30040;FIO DE SUTURA AGULHADO;487428;APRESENTAÇÃO: EMBALAGEM INDIVIDUAL, COMPRIMENTO AGULHA: CERCA DE 24, COMPRIMENTO FIO: CERCA DE 45, DIÂMETRO FIO: 4-0, ESTERILIDADE: ESTÉRIL, MATERIAL FIO: NYLON / POLIAMIDA PRETO, MODELO AGULHA: CORTANTE REVERSA / INVERTIDA, MODELO FIO: MONOFILAMENTAR, TIPO AGULHA: AGULHA 3/8 CÍRCULO;UN;1056,0000;2,1400;2259,8400;0,0000;30/10/2026
ERN-HOSPITAL REG.TARCÍSIO DE VASCONCELOS MAIA;927052;587;Material;927052-9/2026;Materiais de Consumo - Medicamentos e Materiais Médicos;Catálogo do Compras.gov.br;Material;6505;DROGAS E MEDICAMENTOS;5092;ANIDULAFUNGINA;379002;CONCENTRAÇÃO: 100, FORMA FARMACÊUTICA: PÓ LIÓFILO P/ INJETÁVEL;FR-AM;24,0000;750,0000;18000,0000;0,0000;30/10/2026
ERN-HOSPITAL REG.TARCÍSIO DE VASCONCELOS MAIA;927052;588;Material;927052-9/2026;Materiais de Consumo - Medicamentos e Materiais Médicos;Catálogo do Compras.gov.br;Material;6505;DROGAS E MEDICAMENTOS;8807;LEVOFLOXACINO;305270;DOSAGEM: 500;COMPR;720,0000;0,9300;669,6000;0,0000;30/10/2026
ERN-HOSPITAL REG.TARCÍSIO DE VASCONCELOS MAIA;927052;589;Material;927052-9/2026;Materiais de Consumo - Medicamentos e Materiais Médicos;Catálogo do Compras.gov.br;Material;6505;DROGAS E MEDICAMENTOS;11154;PREDNISONA;267743;DOSAGEM: 20 MG;COMPR;1500,0000;0,2000;300,0000;0,0000;30/10/2026
ERN-HOSPITAL REG.TARCÍSIO DE VASCONCELOS MAIA;927052;590;Material;927052-9/2026;Materiais de Consumo - Medicamentos e Materiais Médicos;Catálogo do Compras.gov.br;Material;6515;INSTRUMENTOS, EQUIPAMENTOS E SUPRIMENTOS MÉDICOS  E  CIRÚRGICOS;15045;DISPOSITIVO EXTERNO P/ INCONTINÊNCIA URINÁRIA;485174;COMPONENTE: C/ EXTENSOR PVC, DIÂMETRO: CERCA DE 50, EMBALAGEM: EMBALAGEM INDIVIDUAL, ESTERILIDADE: ESTÉRIL, USO ÚNICO, MATERIAL: LÁTEX NATURAL, MODELO: MASCULINO, TIPO: PRESERVATIVO C/ ABERTURA P/ DRENAGEM;UN;2400,0000;2,2900;5496,0000;0,0000;30/10/2026
ERN-HOSPITAL REG.TARCÍSIO DE VASCONCELOS MAIA;927052;591;Material;927052-9/2026;Materiais de Consumo - Medicamentos e Materiais Médicos;Catálogo do Compras.gov.br;Material;6515;INSTRUMENTOS, EQUIPAMENTOS E SUPRIMENTOS MÉDICOS  E  CIRÚRGICOS;19897;SISTEMA P/ ESTOMIA;477437;APLICAÇÃO: INTESTINAL, COMPONENTES: C/ FILTRO GASES, ESTRUTURA: PLANA, MODELO: FECHADA, TIPO: BOLSA C/ BASE ADESIVA 1 PEÇA, TIPO BASE: ADESIVO MICROPOROSO E RESINA MISTA - KARAYA, TIPO BOLSA: ANTIODOR TRANSPARENTE, TIPO RECORTE BASE ADESIVA: PRÉ-CORTADA ATÉ 70 MM, TIPO USO: ADULTO;CJ;420,0000;9,2900;3901,8000;0,0000;30/10/2026
ERN-HOSPITAL REG.TARCÍSIO DE VASCONCELOS MAIA;927052;612;Material;927052-9/2026;Materiais de Consumo - Medicamentos e Materiais Médicos;Catálogo do Compras.gov.br;Material;6505;DROGAS E MEDICAMENTOS;11917;SALBUTAMOL;294887;DOSAGEM: 100MCG/DOSE, FORMA FARMACÊUTICA: AEROSOL ORAL;FR;60,0000;15,3900;923,4000;0,0000;30/10/2026
ERN-HOSPITAL REG.TARCÍSIO DE VASCONCELOS MAIA;927052;592;Material;927052-9/2026;Materiais de Consumo - Medicamentos e Materiais Médicos;Catálogo do Compras.gov.br;Material;6505;DROGAS E MEDICAMENTOS;18501;NUTRIÇÃO PARENTERAL;295270;COMPONENTES: PODENDO OU NÃO TER ADIÇÃO DE: ÍONS CA,NA,K,CL,P,MG, COMPOSIÇÃO: SOL. AMINOÁCIDOS S/ GLUTAMINA, S/EMULSÃO LIPÍDICA, CONCENTRAÇÃO: COMPONENTES EM CONCENTRAÇÕES E VOLUMES VARIADOS, FORMA FARMACÊUTICA: PREPARAÇÃO INJETÁVEL ESPECIALMENTE MANIPULADA, OUTROS COMPONENTES: OLIGOELEMENTOS, VITAMINAS, HEPARINA E INSULINA;ML;20000,0000;0,4900;9800,0000;0,0000;30/10/2026
ERN-HOSPITAL REG.TARCÍSIO DE VASCONCELOS MAIA;927052;593;Material;927052-9/2026;Materiais de Consumo - Medicamentos e Materiais Médicos;Catálogo do Compras.gov.br;Material;6505;DROGAS E MEDICAMENTOS;2036;ÁCIDO VALPRÓICO;267504;DOSAGEM: 250;COMPR;450,0000;0,4500;202,5000;0,0000;30/10/2026
ERN-HOSPITAL REG.TARCÍSIO DE VASCONCELOS MAIA;927052;594;Material;927052-9/2026;Materiais de Consumo - Medicamentos e Materiais Médicos;Catálogo do Compras.gov.br;Material;6505;DROGAS E MEDICAMENTOS;18664;CARMELOSE SÓDICA;305428;CONCENTRAÇÃO: 5, FORMA FARMACÊUTICA: SOLUÇÃO OFTÁLMICA;FR;72,0000;10,8100;778,3200;0,0000;30/10/2026
ERN-HOSPITAL REG.TARCÍSIO DE VASCONCELOS MAIA;927052;595;Material;927052-9/2026;Materiais de Consumo - Medicamentos e Materiais Médicos;Catálogo do Compras.gov.br;Material;6505;DROGAS E MEDICAMENTOS;8254;ESCOPOLAMINA BUTILBROMETO;267282;DOSAGEM: 20, INDICAÇÃO: SOLUÇÃO INJETÁVEL;AM;900,0000;1,0000;900,0000;0,0000;30/10/2026
ERN-HOSPITAL REG.TARCÍSIO DE VASCONCELOS MAIA;927052;596;Material;927052-9/2026;Materiais de Consumo - Medicamentos e Materiais Médicos;Catálogo do Compras.gov.br;Material;6505;DROGAS E MEDICAMENTOS;10094;NISTATINA;267378;DOSAGEM: 100.000 UI/ML, APRESENTAÇÃO: SUSPENSÃO ORAL;FR;60,0000;4,1100;246,6000;0,0000;30/10/2026
ERN-HOSPITAL REG.TARCÍSIO DE VASCONCELOS MAIA;927052;597;Material;927052-9/2026;Materiais de Consumo - Medicamentos e Materiais Médicos;Catálogo do Compras.gov.br;Material;6515;INSTRUMENTOS, EQUIPAMENTOS E SUPRIMENTOS MÉDICOS  E  CIRÚRGICOS;2224;TUBO ENDOTRAQUEAL;451402;ADICIONAL: C/ GUIA, CALIBRE: 7,0, COMPONENTE 1: BALÃO ALTO VOLUME E BAIXA PRESSÃO, COMPONENTE 2: RADIOPACO, GRADUADO, ESTERILIDADE: ESTÉRIL, USO ÚNICO, MATERIAL: SILICONE, MODELO: CURVA MAGILL, TIPO CONECTOR: CONECTOR PADRÃO, TIPO PONTA: C/ PONTA DISTAL ATRAUMÁTICA E ORIFÍCIO MURPHY;UN;120,0000;5,1400;616,8000;0,0000;30/10/2026
ERN-HOSPITAL REG.TARCÍSIO DE VASCONCELOS MAIA;927052;598;Material;927052-9/2026;Materiais de Consumo - Medicamentos e Materiais Médicos;Catálogo do Compras.gov.br;Material;6515;INSTRUMENTOS, EQUIPAMENTOS E SUPRIMENTOS MÉDICOS  E  CIRÚRGICOS;2224;TUBO ENDOTRAQUEAL;451401;ADICIONAL: C/ GUIA, CALIBRE: 8,5, COMPONENTE 1: BALÃO ALTO VOLUME E BAIXA PRESSÃO, COMPONENTE 2: RADIOPACO, GRADUADO, ESTERILIDADE: ESTÉRIL, USO ÚNICO, MATERIAL: SILICONE, MODELO: CURVA MAGILL, TIPO CONECTOR: CONECTOR PADRÃO, TIPO PONTA: C/ PONTA DISTAL ATRAUMÁTICA E ORIFÍCIO MURPHY;UN;120,0000;4,7100;565,2000;0,0000;30/10/2026
ERN-HOSPITAL REG.TARCÍSIO DE VASCONCELOS MAIA;927052;599;Material;927052-9/2026;Materiais de Consumo - Medicamentos e Materiais Médicos;Catálogo do Compras.gov.br;Material;6505;DROGAS E MEDICAMENTOS;349;AMPICILINA;442727;CONCENTRAÇÃO: 500, FORMA FARMACEUTICA: PÓ P/ SOLUÇÃO INJETÁVEL;FR-AM;300,0000;4,2300;1269,0000;0,0000;30/10/2026
ERN-HOSPITAL REG.TARCÍSIO DE VASCONCELOS MAIA;927052;600;Material;927052-9/2026;Materiais de Consumo - Medicamentos e Materiais Médicos;Catálogo do Compras.gov.br;Material;6515;INSTRUMENTOS, EQUIPAMENTOS E SUPRIMENTOS MÉDICOS  E  CIRÚRGICOS;8203;DRENO CIRÚRGICO;440500;COMPONENTE II: RADIOPACO, DIMENSÕES: CERCA DE 25 MM X 30, EMBALAGEM: EMBALAGEM INDIVIDUAL, MATERIAL: SILICONE, MODELO: DE PENROSE, TIPO USO: ESTÉRIL, DESCARTÁVEL;UN;60,0000;2,4600;147,6000;0,0000;30/10/2026
ERN-HOSPITAL REG.TARCÍSIO DE VASCONCELOS MAIA;927052;601;Material;927052-9/2026;Materiais de Consumo - Medicamentos e Materiais Médicos;Catálogo do Compras.gov.br;Material;6515;INSTRUMENTOS, EQUIPAMENTOS E SUPRIMENTOS MÉDICOS  E  CIRÚRGICOS;19953;SUPERFÍCIE DE SUPORTE - COXIM USO EM SAÚDE;620707;APLICAÇÃO: P/ POSICIONAMENTO / FIXAÇÃO / PROTEÇÃO, CARACTERÍSTICA: C/ ESTRUTURA RÍGIDA, DIMENSÕES 2: CERCA DE 90 X 40, FORMATO: ROLO, MATERIAL: ESPUMA POLIURETANO E MADEIRA, REVESTIMENTO: REVESTIMENTO IMPERMEÁVEL, TIPO USO: REUTILIZÁVEL;UN;400,0000;35,0000;14000,0000;0,0000;30/10/2026
ERN-HOSPITAL REG.TARCÍSIO DE VASCONCELOS MAIA;927052;602;Material;927052-9/2026;Materiais de Consumo - Medicamentos e Materiais Médicos;Catálogo do Compras.gov.br;Material;6515;INSTRUMENTOS, EQUIPAMENTOS E SUPRIMENTOS MÉDICOS  E  CIRÚRGICOS;18087;FRASCO - TIPO ALMOTOLIA;279887;CAPACIDADE: 250, COR: ÂMBAR, MATERIAL: EM POLIETILENO (PLÁSTICO), TIPO BICO: BICO RETO, LONGO, ESTREITO, COM PROTETOR, TIPO TAMPA: TAMPA EM ROSCA;UN;120,0000;2,5500;306,0000;0,0000;30/10/2026
ERN-HOSPITAL REG.TARCÍSIO DE VASCONCELOS MAIA;927052;603;Material;927052-9/2026;Materiais de Consumo - Medicamentos e Materiais Médicos;Catálogo do Compras.gov.br;Material;6505;DROGAS E MEDICAMENTOS;5206;METFORMINA CLORIDRATO;388796;CONCENTRAÇÃO: 500, FORMA FARMACÊUTICA: AÇÃO PROLONGADA;COMPR;600,0000;0,1500;90,0000;0,0000;30/10/2026
ERN-HOSPITAL REG.TARCÍSIO DE VASCONCELOS MAIA;927052;604;Material;927052-9/2026;Materiais de Consumo - Medicamentos e Materiais Médicos;Catálogo do Compras.gov.br;Material;6515;INSTRUMENTOS, EQUIPAMENTOS E SUPRIMENTOS MÉDICOS  E  CIRÚRGICOS;2224;TUBO ENDOTRAQUEAL;451412;APLICAÇÃO*: P/ MICROCIRURGIA LARINGE, CALIBRE: 6,0, COMPONENTE 1: BALÃO ALTO VOLUME E BAIXA PRESSÃO, COMPONENTE 2: RADIOPACO, GRADUADO, ESTERILIDADE: ESTÉRIL, USO ÚNICO, MATERIAL: PVC, MODELO: CURVA MAGILL, TIPO CONECTOR: CONECTOR PADRÃO, TIPO PONTA: C/ PONTA DISTAL ATRAUMÁTICA;UN;30,0000;4,6200;138,6000;0,0000;30/10/2026
ERN-HOSPITAL REG.TARCÍSIO DE VASCONCELOS MAIA;927052;605;Material;927052-9/2026;Materiais de Consumo - Medicamentos e Materiais Médicos;Catálogo do Compras.gov.br;Material;6505;DROGAS E MEDICAMENTOS;12335;SULFATO DE MAGNÉSIO;268076;CONCENTRAÇÃO: 10%, USO: SOLUÇÃO INJETÁVEL;AM;600,0000;0,9600;576,0000;0,0000;30/10/2026
ERN-HOSPITAL REG.TARCÍSIO DE VASCONCELOS MAIA;927052;606;Material;927052-9/2026;Materiais de Consumo - Medicamentos e Materiais Médicos;Catálogo do Compras.gov.br;Material;6515;INSTRUMENTOS, EQUIPAMENTOS E SUPRIMENTOS MÉDICOS  E  CIRÚRGICOS;30075;AGULHA ESCLEROTERAPIA VIA ENDOSCÓPICA;603002;COMPATIBILIDADE: P/ CANAL CERCA DE 2,0 MM X 200 CM, DIMENSÃO AGULHA: CERCA DE 23 G X 5 MM, ESTERILIDADE: ESTÉRIL, USO ÚNICO, MATERIAL AGULHA: AÇO INOXIDÁVEL, MATERIAL CATETER: CATETER EM PTFE, PEÇA DE MÃO: MANOPLA, C/ INJETOR ÚNICO;UN;80,0000;125,0000;10000,0000;0,0000;30/10/2026
ERN-HOSPITAL REG.TARCÍSIO DE VASCONCELOS MAIA;927052;607;Material;927052-9/2026;Materiais de Consumo - Medicamentos e Materiais Médicos;Catálogo do Compras.gov.br;Material;6505;DROGAS E MEDICAMENTOS;5116;CLORETO DE POTÁSSIO;267162;DOSAGEM: 19,1%, APRESENTAÇÃO: SOLUÇÃO INJETÁVEL;AM;3600,0000;0,4800;1728,0000;0,0000;30/10/2026
ERN-HOSPITAL REG.TARCÍSIO DE VASCONCELOS MAIA;927052;608;Material;927052-9/2026;Materiais de Consumo - Medicamentos e Materiais Médicos;Catálogo do Compras.gov.br;Material;6510;MATERIAIS CIRÚRGICOS PARA CURATIVOS;383;MALHA P/ FIXAÇÃO CURATIVO;446392;ADICIONAL: HIPOALERGÊNICA, APRESENTAÇÃO: ROLO, LARGURA*: CERCA DE 100, MATERIAL*: TECIDO MISTO, TIPO: TUBULAR, TIPO USO: DESCARTÁVEL;RO;12,0000;87,6200;1051,4400;0,0000;30/10/2026
ERN-HOSPITAL REG.TARCÍSIO DE VASCONCELOS MAIA;927052;609;Material;927052-9/2026;Materiais de Consumo - Medicamentos e Materiais Médicos;Catálogo do Compras.gov.br;Material;6505;DROGAS E MEDICAMENTOS;11265;PROPATILNITRATO;273135;DOSAGEM: 10;COMPR;2400,0000;0,5400;1296,0000;0,0000;30/10/2026
ERN-HOSPITAL REG.TARCÍSIO DE VASCONCELOS MAIA;927052;613;Material;927052-9/2026;Materiais de Consumo - Medicamentos e Materiais Médicos;Catálogo do Compras.gov.br;Material;6505;DROGAS E MEDICAMENTOS;365;BENZILPENICILINA;270612;APRESENTAÇÃO: BENZATINA, DOSAGEM: 1.200.000UI, USO: INJETÁVEL;FR-AM;300,0000;6,1200;1836,0000;0,0000;30/10/2026
ERN-HOSPITAL REG.TARCÍSIO DE VASCONCELOS MAIA;927052;614;Material;927052-9/2026;Materiais de Consumo - Medicamentos e Materiais Médicos;Catálogo do Compras.gov.br;Material;6515;INSTRUMENTOS, EQUIPAMENTOS E SUPRIMENTOS MÉDICOS  E  CIRÚRGICOS;9745;MATERIAL GASOTERAPIA;485486;ESTERILIDADE*: USO ÚNICO, MATERIAL: POLÍMERO, MODELO: TIPO VENTURI, SAÍDA: P/ OXIGÊNIO E AR COMPRIMIDO, TIPO: FRASCO P/ MACRONEBULIZAÇÃO, VOLUME: CERCA DE 500;UN;90,0000;9,1400;822,6000;0,0000;30/10/2026
ERN-HOSPITAL REG.TARCÍSIO DE VASCONCELOS MAIA;927052;615;Material;927052-9/2026;Materiais de Consumo - Medicamentos e Materiais Médicos;Catálogo do Compras.gov.br;Material;6515;INSTRUMENTOS, EQUIPAMENTOS E SUPRIMENTOS MÉDICOS  E  CIRÚRGICOS;30273;COLETOR DE RESÍDUOS DE SERVIÇO DE SAÚDE;623120;CAPACIDADE: CERCA DE 7, FECHAMENTO: C/ VEDAÇÃO, MATERIAL: CAIXA DE PLÁSTICO RÍGIDA, TIPO DE RESÍDUO: GRUPO E - RESÍDUO PERFUROCORTANTE TÓXICO, TIPO RISCO: RISCO QUÍMICO, USO: USO ÚNICO;UN;600,0000;4,3900;2634,0000;0,0000;30/10/2026
ERN-HOSPITAL REG.TARCÍSIO DE VASCONCELOS MAIA;927052;616;Material;927052-9/2026;Materiais de Consumo - Medicamentos e Materiais Médicos;Catálogo do Compras.gov.br;Material;6505;DROGAS E MEDICAMENTOS;13325;VASOPRESSINA;332917;CONCENTRAÇÃO: 20, FORMA FARMACÊUTICA: SOLUÇÃO INJETÁVEL;AM;200,0000;26,0000;5200,0000;0,0000;30/10/2026
ERN-HOSPITAL REG.TARCÍSIO DE VASCONCELOS MAIA;927052;617;Material;927052-9/2026;Materiais de Consumo - Medicamentos e Materiais Médicos;Catálogo do Compras.gov.br;Material;6505;DROGAS E MEDICAMENTOS;9703;METOPROLOL;345259;CONCENTRAÇÃO: 1, FORMA FARMACEUTICA: SOLUÇÃO INJETÁVEL;AM;90,0000;19,6900;1772,1000;0,0000;30/10/2026
ERN-HOSPITAL REG.TARCÍSIO DE VASCONCELOS MAIA;927052;618;Material;927052-9/2026;Materiais de Consumo - Medicamentos e Materiais Médicos;Catálogo do Compras.gov.br;Material;6515;INSTRUMENTOS, EQUIPAMENTOS E SUPRIMENTOS MÉDICOS  E  CIRÚRGICOS;8694;LANCETA;338605;CARACTERÍSTICAS ADICIONAIS: ESTÉRIL, EMBALAGEM INDIVIDUAL, MATERIAL LÂMINA: AÇO INOXIDÁVEL,PONTA AFIADA,TRIFACETADA, TIPO: COM SISTEMA RETRÁTIL, USO: DESCARTÁVEL;UN;165600,0000;0,2500;41400,0000;0,0000;30/10/2026
ERN-HOSPITAL REG.TARCÍSIO DE VASCONCELOS MAIA;927052;619;Material;927052-9/2026;Materiais de Consumo - Medicamentos e Materiais Médicos;Catálogo do Compras.gov.br;Material;6515;INSTRUMENTOS, EQUIPAMENTOS E SUPRIMENTOS MÉDICOS  E  CIRÚRGICOS;18351;EMBALAGEM P/ ESTERILIZAÇÃO;452027;APRESENTAÇÃO: FOLHA, GRAMATURA / ESPESSURA: CERCA DE 60, MATERIAL: POLIPROPILENO - SMS, TAMANHO: CERCA DE 60 X 60, TIPO USO: USO ÚNICO;UN;28800,0000;1,1900;34272,0000;0,0000;30/10/2026
ERN-HOSPITAL REG.TARCÍSIO DE VASCONCELOS MAIA;927052;620;Material;927052-9/2026;Materiais de Consumo - Medicamentos e Materiais Médicos;Catálogo do Compras.gov.br;Material;6515;INSTRUMENTOS, EQUIPAMENTOS E SUPRIMENTOS MÉDICOS  E  CIRÚRGICOS;14736;CATETER ASPIRAÇÃO TRAQUEAL;289966;ACESSÓRIOS: COM VÁLVULA INTERMITENTE, CARACTERÍSTICAS ADICIONAIS: PONTA ATRAUMÁTICA, ORIFÍCIOS DISTAIS LATERALIZADOS, ESPESSURA: Nº 6, MATERIAL: PVC ATÓXICO FLEXÍVEL, TIPO EMBALAGEM: ESTÉRIL, EMBALAGEM INDIVIDUAL, TIPO LUBRIFICAÇÃO: SILICONIZADA, TIPO USO: DESCARTÁVEL;UN;120,0000;0,8400;100,8000;0,0000;30/10/2026
ERN-HOSPITAL REG.TARCÍSIO DE VASCONCELOS MAIA;927052;621;Material;927052-9/2026;Materiais de Consumo - Medicamentos e Materiais Médicos;Catálogo do Compras.gov.br;Material;6515;INSTRUMENTOS, EQUIPAMENTOS E SUPRIMENTOS MÉDICOS  E  CIRÚRGICOS;30040;FIO DE SUTURA AGULHADO;486998;APRESENTAÇÃO: EMBALAGEM INDIVIDUAL, COMPRIMENTO AGULHA: CERCA DE 22, COMPRIMENTO FIO: CERCA DE 70, DIÂMETRO FIO: 3-0, ESTERILIDADE: ESTÉRIL, MATERIAL FIO: CATGUT CROMADO, MODELO AGULHA: CILÍNDRICA, MODELO FIO: MULTIFILAMENTAR, TIPO AGULHA: AGULHA 1/2 CÍRCULO;UN;72,0000;9,5200;685,4400;0,0000;30/10/2026
ERN-HOSPITAL REG.TARCÍSIO DE VASCONCELOS MAIA;927052;622;Material;927052-9/2026;Materiais de Consumo - Medicamentos e Materiais Médicos;Catálogo do Compras.gov.br;Material;6505;DROGAS E MEDICAMENTOS;2411;ANLODIPINO BESILATO;268896;DOSAGEM: 10;COMPR;3000,0000;0,0600;180,0000;0,0000;30/10/2026
ERN-HOSPITAL REG.TARCÍSIO DE VASCONCELOS MAIA;927052;623;Material;927052-9/2026;Materiais de Consumo - Medicamentos e Materiais Médicos;Catálogo do Compras.gov.br;Material;6505;DROGAS E MEDICAMENTOS;6168;DIAZEPAM;267197;DOSAGEM: 10;COMPR;1800,0000;0,0700;126,0000;0,0000;30/10/2026
ERN-HOSPITAL REG.TARCÍSIO DE VASCONCELOS MAIA;927052;624;Material;927052-9/2026;Materiais de Consumo - Medicamentos e Materiais Médicos;Catálogo do Compras.gov.br;Material;6505;DROGAS E MEDICAMENTOS;2277;ALFENTANILA CLORIDRATO;268378;CONCENTRAÇÃO: 0,544, INDICAÇÃO: SOLUÇÃO INJETÁVEL;AM;120,0000;19,0000;2280,0000;0,0000;30/10/2026
ERN-HOSPITAL REG.TARCÍSIO DE VASCONCELOS MAIA;927052;625;Material;927052-9/2026;Materiais de Consumo - Medicamentos e Materiais Médicos;Catálogo do Compras.gov.br;Material;6515;INSTRUMENTOS, EQUIPAMENTOS E SUPRIMENTOS MÉDICOS  E  CIRÚRGICOS;8720;LÁPIS DERMOGRÁFICO;277162;COR: PRETO;UN;50,0000;21,1400;1057,0000;0,0000;30/10/2026
ERN-HOSPITAL REG.TARCÍSIO DE VASCONCELOS MAIA;927052;626;Material;927052-9/2026;Materiais de Consumo - Medicamentos e Materiais Médicos;Catálogo do Compras.gov.br;Material;6505;DROGAS E MEDICAMENTOS;6577;ENOXAPARINA;448982;CARACTERÍSTICAS ADICIONAIS 1: SERINGA PREENCHIDA, CONCENTRAÇÃO: 100, FORMA FARMACEUTICA: SOLUÇÃO INJETÁVEL;SER;1200,0000;12,3200;14784,0000;0,0000;30/10/2026
ERN-HOSPITAL REG.TARCÍSIO DE VASCONCELOS MAIA;927052;627;Material;927052-9/2026;Materiais de Consumo - Medicamentos e Materiais Médicos;Catálogo do Compras.gov.br;Material;6505;DROGAS E MEDICAMENTOS;2259;ÁLCOOL ETÍLICO;269941;TEOR ALCOÓLICO: 70%_(70°GL), TIPO: HIDRATADO, APRESENTAÇÃO: LÍQUIDO;FR;4800,0000;5,7500;27600,0000;0,0000;30/10/2026
ERN-HOSPITAL REG.TARCÍSIO DE VASCONCELOS MAIA;927052;628;Material;927052-9/2026;Materiais de Consumo - Medicamentos e Materiais Médicos;Catálogo do Compras.gov.br;Material;6505;DROGAS E MEDICAMENTOS;8275;IBUPROFENO;294643;DOSAGEM: 50, FORMA FARMACÊUTICA: SUSPENSÃO ORAL;FR;240,0000;2,5800;619,2000;0,0000;30/10/2026
ERN-HOSPITAL REG.TARCÍSIO DE VASCONCELOS MAIA;927052;629;Material;927052-9/2026;Materiais de Consumo - Medicamentos e Materiais Médicos;Catálogo do Compras.gov.br;Material;6515;INSTRUMENTOS, EQUIPAMENTOS E SUPRIMENTOS MÉDICOS  E  CIRÚRGICOS;30040;FIO DE SUTURA AGULHADO;487520;APRESENTAÇÃO: EMBALAGEM INDIVIDUAL, COMPRIMENTO AGULHA: CERCA DE 26, COMPRIMENTO FIO: CERCA DE 70, DIÂMETRO FIO: 3-0, ESTERILIDADE: ESTÉRIL, MATERIAL FIO: POLIPROPILENO AZUL, MODELO AGULHA: CILÍNDRICA, MODELO FIO: MONOFILAMENTAR, TIPO AGULHA: AGULHA 1/2 CÍRCULO;UN;288,0000;2,8400;817,9200;0,0000;30/10/2026
ERN-HOSPITAL REG.TARCÍSIO DE VASCONCELOS MAIA;927052;630;Material;927052-9/2026;Materiais de Consumo - Medicamentos e Materiais Médicos;Catálogo do Compras.gov.br;Material;6515;INSTRUMENTOS, EQUIPAMENTOS E SUPRIMENTOS MÉDICOS  E  CIRÚRGICOS;17428;SERINGA;439632;ADICIONAL: GRADUADA, NUMERADA, APRESENTAÇÃO: EMBALAGEM INDIVIDUAL, CAPACIDADE: 60, ESTERILIDADE: ESTÉRIL, DESCARTÁVEL, MATERIAL: POLIPROPILENO, TIPO BICO: BICO LATERAL LUER SLIP, TIPO VEDAÇÃO: ÊMBOLO DE BORRACHA;UN;3000,0000;2,7500;8250,0000;0,0000;30/10/2026
ERN-HOSPITAL REG.TARCÍSIO DE VASCONCELOS MAIA;927052;631;Material;927052-9/2026;Materiais de Consumo - Medicamentos e Materiais Médicos;Catálogo do Compras.gov.br;Material;6505;DROGAS E MEDICAMENTOS;13470;VITAMINAS DO COMPLEXO B;272091;COMPOSIÇÃO BÁSICA: VITAMINAS: B1,B2,B6,B12 E PP, USO: SOLUÇÃO INJETÁVEL;AM;2400,0000;0,9500;2280,0000;0,0000;30/10/2026
ERN-HOSPITAL REG.TARCÍSIO DE VASCONCELOS MAIA;927052;632;Material;927052-9/2026;Materiais de Consumo - Medicamentos e Materiais Médicos;Catálogo do Compras.gov.br;Material;6505;DROGAS E MEDICAMENTOS;9712;METRONIDAZOL;268498;DOSAGEM: 5MG/ML, APRESENTAÇÃO: SOLUÇÃO INJETÁVEL;BOL;7800,0000;4,5000;35100,0000;0,0000;30/10/2026
ERN-HOSPITAL REG.TARCÍSIO DE VASCONCELOS MAIA;927052;633;Material;927052-9/2026;Materiais de Consumo - Medicamentos e Materiais Médicos;Catálogo do Compras.gov.br;Material;6505;DROGAS E MEDICAMENTOS;1872;ÁCIDO ASCÓRBICO;271687;DOSAGEM: 100, TIPO USO: INJETÁVEL;AM;9600,0000;0,9200;8832,0000;0,0000;30/10/2026
ERN-HOSPITAL REG.TARCÍSIO DE VASCONCELOS MAIA;927052;634;Material;927052-9/2026;Materiais de Consumo - Medicamentos e Materiais Médicos;Catálogo do Compras.gov.br;Material;6515;INSTRUMENTOS, EQUIPAMENTOS E SUPRIMENTOS MÉDICOS  E  CIRÚRGICOS;30040;FIO DE SUTURA AGULHADO;487622;APRESENTAÇÃO: EMBALAGEM INDIVIDUAL, COMPRIMENTO AGULHA: CERCA DE 30, COMPRIMENTO FIO: CERCA DE 70, DIÂMETRO FIO: 2-0, ESTERILIDADE: ESTÉRIL, MATERIAL FIO: POLIÉSTER C/ ALGODÃO AZUL, MODELO AGULHA: CILÍNDRICA, MODELO FIO: MULTIFILAMENTAR, TIPO AGULHA: AGULHA 3/8 CÍRCULO;UN;432,0000;1,9100;825,1200;0,0000;30/10/2026
ERN-HOSPITAL REG.TARCÍSIO DE VASCONCELOS MAIA;927052;635;Material;927052-9/2026;Materiais de Consumo - Medicamentos e Materiais Médicos;Catálogo do Compras.gov.br;Material;6515;INSTRUMENTOS, EQUIPAMENTOS E SUPRIMENTOS MÉDICOS  E  CIRÚRGICOS;30040;FIO DE SUTURA AGULHADO;487246;APRESENTAÇÃO: EMBALAGEM INDIVIDUAL, COMPRIMENTO AGULHA: CERCA DE 24, COMPRIMENTO FIO: CERCA DE 70, DIÂMETRO FIO: 3-0, ESTERILIDADE: ESTÉRIL, MATERIAL FIO: POLIGLECAPRONE INCOLOR, MODELO AGULHA: CILÍNDRICA, MODELO FIO: MONOFILAMENTAR, TIPO AGULHA: AGULHA 1/2 CÍRCULO;UN;72,0000;10,1200;728,6400;0,0000;30/10/2026
ERN-HOSPITAL REG.TARCÍSIO DE VASCONCELOS MAIA;927052;636;Material;927052-9/2026;Materiais de Consumo - Medicamentos e Materiais Médicos;Catálogo do Compras.gov.br;Material;6505;DROGAS E MEDICAMENTOS;12314;SULFADIAZINA;272088;PRINCÍPIO ATIVO: DE PRATA ASSOCIADA COM NITRATO DE CÉRIO, DOSAGEM: 1% + 0,4%, INDICAÇÃO: CREME;BIS;420,0000;16,0700;6749,4000;0,0000;30/10/2026
ERN-HOSPITAL REG.TARCÍSIO DE VASCONCELOS MAIA;927052;637;Material;927052-9/2026;Materiais de Consumo - Medicamentos e Materiais Médicos;Catálogo do Compras.gov.br;Material;6505;DROGAS E MEDICAMENTOS;6223;ISOSSORBIDA;273400;PRINCÍPIO ATIVO: SAL MONONITRATO, DOSAGEM: 20;COMPR;1800,0000;0,1500;270,0000;0,0000;30/10/2026
ERN-HOSPITAL REG.TARCÍSIO DE VASCONCELOS MAIA;927052;638;Material;927052-9/2026;Materiais de Consumo - Medicamentos e Materiais Médicos;Catálogo do Compras.gov.br;Material;6510;MATERIAIS CIRÚRGICOS PARA CURATIVOS;3104;ATADURA;474789;DIMENSÕES: CERCA DE 15, EMBALAGEM: EMBALAGEM INDIVIDUAL, GRAMATURA 1: CERCA DE 15 FIOS/, MATERIAL 1: TECIDO MISTO, TIPO 1: CREPOM;RO;24000,0000;0,6900;16560,0000;0,0000;30/10/2026
ERN-HOSPITAL REG.TARCÍSIO DE VASCONCELOS MAIA;927052;639;Material;927052-9/2026;Materiais de Consumo - Medicamentos e Materiais Médicos;Catálogo do Compras.gov.br;Material;6505;DROGAS E MEDICAMENTOS;1872;ÁCIDO ASCÓRBICO;271691;DOSAGEM: 500;COMPR;1800,0000;0,1500;270,0000;0,0000;30/10/2026
ERN-HOSPITAL REG.TARCÍSIO DE VASCONCELOS MAIA;927052;640;Material;927052-9/2026;Materiais de Consumo - Medicamentos e Materiais Médicos;Catálogo do Compras.gov.br;Material;6515;INSTRUMENTOS, EQUIPAMENTOS E SUPRIMENTOS MÉDICOS  E  CIRÚRGICOS;30040;FIO DE SUTURA AGULHADO;486965;APRESENTAÇÃO: EMBALAGEM INDIVIDUAL, COMPRIMENTO AGULHA: CERCA DE 40, COMPRIMENTO FIO: CERCA DE 70, DIÂMETRO FIO: 2-0, ESTERILIDADE: ESTÉRIL, MATERIAL FIO: CATGUT SIMPLES, MODELO AGULHA: CILÍNDRICA, MODELO FIO: MULTIFILAMENTAR, TIPO AGULHA: AGULHA 1/2 CÍRCULO;UN;72,0000;3,8400;276,4800;0,0000;30/10/2026
ERN-HOSPITAL REG.TARCÍSIO DE VASCONCELOS MAIA;927052;641;Material;927052-9/2026;Materiais de Consumo - Medicamentos e Materiais Médicos;Catálogo do Compras.gov.br;Material;6505;DROGAS E MEDICAMENTOS;5118;CLORETO DE SÓDIO;452796;CARACTERISTICA ADICIONAL: SISTEMA FECHADO, CARACTERÍSTICAS ADICIONAIS 1: BOLSA/FRASCO ISENTO DE PVC, CONCENTRAÇAO: 0,9 %, FORMA FARMACEUTICA: SOLUÇÃO INJETÁVEL;BOL;36000,0000;4,1800;150480,0000;0,0000;30/10/2026
ERN-HOSPITAL REG.TARCÍSIO DE VASCONCELOS MAIA;927052;642;Material;927052-9/2026;Materiais de Consumo - Medicamentos e Materiais Médicos;Catálogo do Compras.gov.br;Material;6515;INSTRUMENTOS, EQUIPAMENTOS E SUPRIMENTOS MÉDICOS  E  CIRÚRGICOS;14736;CATETER ASPIRAÇÃO TRAQUEAL;279764;CARACTERÍSTICAS ADICIONAIS: PONTA ATRAUMÁTICA, ORIFÍCIOS DISTAIS LATERALIZADOS, ESPESSURA: Nº 12, MATERIAL: PVC ATÓXICO FLEXÍVEL, TIPO EMBALAGEM: ESTÉRIL, EMBALAGEM INDIVIDUAL, TIPO USO: DESCARTÁVEL;UN;7200,0000;0,6200;4464,0000;0,0000;30/10/2026
ERN-HOSPITAL REG.TARCÍSIO DE VASCONCELOS MAIA;927052;643;Material;927052-9/2026;Materiais de Consumo - Medicamentos e Materiais Médicos;Catálogo do Compras.gov.br;Material;6515;INSTRUMENTOS, EQUIPAMENTOS E SUPRIMENTOS MÉDICOS  E  CIRÚRGICOS;19947;FIXADOR P/ DISPOSITIVO MÉDICO;481530;APLICAÇÃO: P/ CÂNULA TRAQUEOSTOMIA, CARACTERÍSTICA: ACOLCHOADA, COMPONENTE: C/ VELCRO AJUSTÁVEL, EMBALAGEM: EMBALAGEM INDIVIDUAL, MATERIAL: TIRA TECIDO SINTÉTICO E ALGODÃO, TAMANHO: ADULTO, TIPO USO: USO ÚNICO;UN;1300,0000;20,6800;26884,0000;0,0000;30/10/2026
ERN-HOSPITAL REG.TARCÍSIO DE VASCONCELOS MAIA;927052;644;Material;927052-9/2026;Materiais de Consumo - Medicamentos e Materiais Médicos;Catálogo do Compras.gov.br;Material;6505;DROGAS E MEDICAMENTOS;2365;ALTEPLASE;436418;CONCENTRAÇÃO: 50, FORMA FARMACÊUTICA: PÓ LIÓFILO P/ INJETÁVEL + DILUENTE;FR-AM;24,0000;2599,5500;62389,2000;0,0000;30/10/2026
ERN-HOSPITAL REG.TARCÍSIO DE VASCONCELOS MAIA;927052;645;Material;927052-9/2026;Materiais de Consumo - Medicamentos e Materiais Médicos;Catálogo do Compras.gov.br;Material;6505;DROGAS E MEDICAMENTOS;5118;CLORETO DE SÓDIO;452796;CARACTERISTICA ADICIONAL: SISTEMA FECHADO, CARACTERÍSTICAS ADICIONAIS 1: BOLSA/FRASCO ISENTO DE PVC, CONCENTRAÇAO: 0,9 %, FORMA FARMACEUTICA: SOLUÇÃO INJETÁVEL;BOL;54000,0000;2,7700;149580,0000;0,0000;30/10/2026
ERN-HOSPITAL REG.TARCÍSIO DE VASCONCELOS MAIA;927052;646;Material;927052-9/2026;Materiais de Consumo - Medicamentos e Materiais Médicos;Catálogo do Compras.gov.br;Material;6515;INSTRUMENTOS, EQUIPAMENTOS E SUPRIMENTOS MÉDICOS  E  CIRÚRGICOS;4302;EXTENSOR INFUSÃO VASCULAR;457526;CALIBRE: CERCA 12, COMPONENTE ADICIONAL: C/ CLAMP, COMPRIMENTO: CERCA 15, MATERIAL: POLÍMERO, PRESSÃO MÁXIMA: ATÉ CERCA DE 100, TIPO CONEXÃO: LUER LOCK / SLIP / VALVULADO, TIPO USO: ESTÉRIL, USO ÚNICO, VIAS: 2 VIAS;UN;15000,0000;0,7000;10500,0000;0,0000;30/10/2026
ERN-HOSPITAL REG.TARCÍSIO DE VASCONCELOS MAIA;927052;647;Material;927052-9/2026;Materiais de Consumo - Medicamentos e Materiais Médicos;Catálogo do Compras.gov.br;Material;6505;DROGAS E MEDICAMENTOS;8007;GLICOSE;357880;CARACTERISTICA ADICIONAL: SISTEMA FECHADO, EMBALAGEM PRIMÁRIA ISENTA DE PVC, CONCENTRAÇAO: 5%, FORMA FARMACEUTICA: SOLUÇÃO INJETÁVEL;BOL;3000,0000;6,1300;18390,0000;0,0000;30/10/2026
ERN-HOSPITAL REG.TARCÍSIO DE VASCONCELOS MAIA;927052;648;Material;927052-9/2026;Materiais de Consumo - Medicamentos e Materiais Médicos;Catálogo do Compras.gov.br;Material;6515;INSTRUMENTOS, EQUIPAMENTOS E SUPRIMENTOS MÉDICOS  E  CIRÚRGICOS;19920;FILTRO TERAPIA RESPIRATÓRIA;479628;APLICAÇÃO: P/ TRAQUEOSTOMIA, ESTERILIDADE: USO ÚNICO, MODELO: ELETROSTÁTICO E HME, TAMANHO: ADULTO, TIPO: TROCA CALOR E UMIDADE C/ BARREIRA MICROBIOLÓGICA;UN;1600,0000;20,9500;33520,0000;0,0000;30/10/2026
ERN-HOSPITAL REG.TARCÍSIO DE VASCONCELOS MAIA;927052;649;Material;927052-9/2026;Materiais de Consumo - Medicamentos e Materiais Médicos;Catálogo do Compras.gov.br;Material;6505;DROGAS E MEDICAMENTOS;3924;FENOTEROL BROMIDRATO;396471;CONCENTRAÇÃO: 5, FORMA FARMACEUTICA: SOLUÇÃO ORAL;FR;360,0000;2,8500;1026,0000;0,0000;30/10/2026
ERN-HOSPITAL REG.TARCÍSIO DE VASCONCELOS MAIA;927052;650;Material;927052-9/2026;Materiais de Consumo - Medicamentos e Materiais Médicos;Catálogo do Compras.gov.br;Material;6505;DROGAS E MEDICAMENTOS;11870;SABONETE LÍQUIDO;472873;ACIDEZ: PH NEUTRO, APLICAÇÃO: ASSEPSIA DAS MÃOS, AROMA: LAVANDA, ASPECTO FÍSICO: LÍQUIDO PERFUMADO, COMPOSIÇÃO: GLICERINA;BOM;500,0000;36,8000;18400,0000;0,0000;30/10/2026
ERN-HOSPITAL REG.TARCÍSIO DE VASCONCELOS MAIA;927052;651;Material;927052-9/2026;Materiais de Consumo - Medicamentos e Materiais Médicos;Catálogo do Compras.gov.br;Material;6505;DROGAS E MEDICAMENTOS;2259;ÁLCOOL ETÍLICO;380018;COMPOSIÇÃO BÁSICA: COM EMOLIENTE, FORMA FARMACÊUTICA: GEL, TEOR ALCOÓLICO: 70% V/V;BOL;4392,0000;16,8900;74180,8800;0,0000;30/10/2026
ERN-HOSPITAL REG.TARCÍSIO DE VASCONCELOS MAIA;927052;652;Material;927052-9/2026;Materiais de Consumo - Medicamentos e Materiais Médicos;Catálogo do Compras.gov.br;Material;6515;INSTRUMENTOS, EQUIPAMENTOS E SUPRIMENTOS MÉDICOS  E  CIRÚRGICOS;30044;FIO DE SUTURA S/ AGULHA;600140;APRESENTAÇÃO: EMBALAGEM INDIVIDUAL, COMPRIMENTO: 15 X CERCA DE 45, DIÂMETRO: 2-0, ESTERILIDADE: ESTÉRIL, MATERIAL: POLIÉSTER C/ ALGODÃO AZUL, MODELO: MULTIFILAMENTAR;UN;288,0000;1,6000;460,8000;0,0000;30/10/2026
ERN-HOSPITAL REG.TARCÍSIO DE VASCONCELOS MAIA;927052;653;Material;927052-9/2026;Materiais de Consumo - Medicamentos e Materiais Médicos;Catálogo do Compras.gov.br;Material;6515;INSTRUMENTOS, EQUIPAMENTOS E SUPRIMENTOS MÉDICOS  E  CIRÚRGICOS;17428;SERINGA;439706;ADICIONAL: GRADUADA, NUMERADA, APRESENTAÇÃO: EMBALAGEM INDIVIDUAL, CAPACIDADE: 10, COMPONENTE ADICIONAL: C/ SISTEMA SEGURANÇA SEGUNDO NR/32, ESTERILIDADE: ESTÉRIL, DESCARTÁVEL, MATERIAL: POLIPROPILENO, TIPO AGULHA: C/ AGULHA 23 G X 1", TIPO BICO: BICO CENTRAL LUER LOCK OU SLIP, TIPO VEDAÇÃO: ÊMBOLO DE BORRACHA;UN;132000,0000;0,5000;66000,0000;0,0000;30/10/2026
ERN-HOSPITAL REG.TARCÍSIO DE VASCONCELOS MAIA;927052;654;Material;927052-9/2026;Materiais de Consumo - Medicamentos e Materiais Médicos;Catálogo do Compras.gov.br;Material;6505;DROGAS E MEDICAMENTOS;8254;ESCOPOLAMINA BUTILBROMETO;270622;APRESENTAÇÃO: ASSOCIADA COM DIPIRONA SÓDICA, DOSAGEM: 6,67MG + 333MG/ML, INDICAÇÃO: SOLUÇÃO ORAL;FR;300,0000;6,3500;1905,0000;0,0000;30/10/2026
ERN-HOSPITAL REG.TARCÍSIO DE VASCONCELOS MAIA;927052;655;Material;927052-9/2026;Materiais de Consumo - Medicamentos e Materiais Médicos;Catálogo do Compras.gov.br;Material;6515;INSTRUMENTOS, EQUIPAMENTOS E SUPRIMENTOS MÉDICOS  E  CIRÚRGICOS;2182;EQUIPO DE INFUSÃO DE CONTRASTE;455797;APLICAÇÃO: P/ CONTRASTE RADIOLÓGICO, CARACTERÍSTICAS ADICIONAIS: BAIXA PRESSÃO, COMPATIBILIDADE: COMPATÍVEL C/ BOMBA INJETORA, COMPRIMENTO: CERCA DE 180, ESTERILIDADE: ESTÉRIL, USO ÚNICO, MATERIAL: PVC, NÚMERO VIAS: ESPIRALADO, VIA ÚNICA, TIPO CONECTOR: CONECTORES LUER LOCK;UN;400,0000;45,8300;18332,0000;0,0000;30/10/2026
ERN-HOSPITAL REG.TARCÍSIO DE VASCONCELOS MAIA;927052;656;Material;927052-9/2026;Materiais de Consumo - Medicamentos e Materiais Médicos;Catálogo do Compras.gov.br;Material;6505;DROGAS E MEDICAMENTOS;7653;FLUMAZENIL;268510;DOSAGEM: 0,1, INDICAÇÃO: SOLUÇÃO INJETÁVEL;AM;120,0000;8,8900;1066,8000;0,0000;30/10/2026
ERN-HOSPITAL REG.TARCÍSIO DE VASCONCELOS MAIA;927052;657;Material;927052-9/2026;Materiais de Consumo - Medicamentos e Materiais Médicos;Catálogo do Compras.gov.br;Material;6510;MATERIAIS CIRÚRGICOS PARA CURATIVOS;17139;FITA HOSPITALAR;437884;CARACTERÍSTICAS ADICIONAIS: HIPOALERGÊNICO, COMPONENTES: ADESIVO ACRÍLICO, COR: TRANSPARENTE, DIMENSÕES: CERCA DE 100, MATERIAL: DORSO EM NÃO TECIDO, TIPO: MICROPOROSA;UN;1200,0000;7,2400;8688,0000;0,0000;30/10/2026
ERN-HOSPITAL REG.TARCÍSIO DE VASCONCELOS MAIA;927052;658;Material;927052-9/2026;Materiais de Consumo - Medicamentos e Materiais Médicos;Catálogo do Compras.gov.br;Material;6505;DROGAS E MEDICAMENTOS;9604;MEROPENEM;288298;DOSAGEM: 1 G, APRESENTAÇÃO: DILUENTE CLORETO DE SÓDIO 0,9%, SISTEMA FECHADO, INDICAÇÃO: INJETÁVEL;BOL;12000,0000;17,8500;214200,0000;0,0000;30/10/2026
ERN-HOSPITAL REG.TARCÍSIO DE VASCONCELOS MAIA;927052;659;Material;927052-9/2026;Materiais de Consumo - Medicamentos e Materiais Médicos;Catálogo do Compras.gov.br;Material;6505;DROGAS E MEDICAMENTOS;6577;ENOXAPARINA;448982;CARACTERÍSTICAS ADICIONAIS 1: SERINGA PREENCHIDA, CONCENTRAÇÃO: 100, FORMA FARMACEUTICA: SOLUÇÃO INJETÁVEL;SER;2400,0000;19,6400;47136,0000;0,0000;30/10/2026
ERN-HOSPITAL REG.TARCÍSIO DE VASCONCELOS MAIA;927052;660;Material;927052-9/2026;Materiais de Consumo - Medicamentos e Materiais Médicos;Catálogo do Compras.gov.br;Material;6505;DROGAS E MEDICAMENTOS;349;AMPICILINA;442689;COMPOSIÇÃO: ASSOCIADA AO SULBACTAM, CONCENTRAÇÃO: 2 G + 1, FORMA FARMACEUTICA: PÓ P/ SOLUÇÃO INJETÁVEL;FR-AM;1800,0000;11,9000;21420,0000;0,0000;30/10/2026
ERN-HOSPITAL REG.TARCÍSIO DE VASCONCELOS MAIA;927052;661;Material;927052-9/2026;Materiais de Consumo - Medicamentos e Materiais Médicos;Catálogo do Compras.gov.br;Material;6505;DROGAS E MEDICAMENTOS;2420;AMIODARONA;267510;DOSAGEM: 200 MG;COMPR;1200,0000;0,3400;408,0000;0,0000;30/10/2026
ERN-HOSPITAL REG.TARCÍSIO DE VASCONCELOS MAIA;927052;662;Material;927052-9/2026;Materiais de Consumo - Medicamentos e Materiais Médicos;Catálogo do Compras.gov.br;Material;6505;DROGAS E MEDICAMENTOS;5200;LEVOMEPROMAZINA;268130;DOSAGEM: 40, APRESENTAÇÃO: SOLUÇÃO ORAL;FR;6,0000;10,9400;65,6400;0,0000;30/10/2026
ERN-HOSPITAL REG.TARCÍSIO DE VASCONCELOS MAIA;927052;663;Material;927052-9/2026;Materiais de Consumo - Medicamentos e Materiais Médicos;Catálogo do Compras.gov.br;Material;6515;INSTRUMENTOS, EQUIPAMENTOS E SUPRIMENTOS MÉDICOS  E  CIRÚRGICOS;10565;PEÇA / COMPONENTE EQUIPAMENTO HOSPITALAR;370160;APLICAÇÃO: ELETROCARDIOGRAMA, COMPONENTES: FAIXA DE BORRACHA PARA MEMBROS, USO: JOGO COM 4 UNIDADES;UN;80,0000;130,0000;10400,0000;0,0000;30/10/2026
ERN-HOSPITAL REG.TARCÍSIO DE VASCONCELOS MAIA;927052;664;Material;927052-9/2026;Materiais de Consumo - Medicamentos e Materiais Médicos;Catálogo do Compras.gov.br;Material;6505;DROGAS E MEDICAMENTOS;6102;DESLANÓSIDO;276283;DOSAGEM: 0,2 MG/ML, APRESENTAÇÃO: SOLUÇÃO INJETÁVEL;AM;180,0000;2,0600;370,8000;0,0000;30/10/2026
ERN-HOSPITAL REG.TARCÍSIO DE VASCONCELOS MAIA;927052;665;Material;927052-9/2026;Materiais de Consumo - Medicamentos e Materiais Médicos;Catálogo do Compras.gov.br;Material;6505;DROGAS E MEDICAMENTOS;15382;SOLUÇÃO PARA HEMODIÁLISE;618602;ADICIONAL: ÁCIDA, COMPONENTES: SÓDIO, POTÁSSIO, CÁLCIO, MAGNÉSIO, COMPONENTES ADICIONAIS: CLORETO, ACETATO, BICARBONATO, CONCENTRAÇÃO: 138 MEQ/L + 2 MEQ/L + 3,5 MEQ/L + 1, CONCENTRAÇÃO 1: 109,5 MEQ/L + 3  MEQ/L +  32, FORMA FARMACÊUTICA: SOLUÇÃO ESTÉRIL APIROGÊNICA;GL;1000,0000;18,8600;18860,0000;0,0000;30/10/2026
ERN-HOSPITAL REG.TARCÍSIO DE VASCONCELOS MAIA;927052;666;Material;927052-9/2026;Materiais de Consumo - Medicamentos e Materiais Médicos;Catálogo do Compras.gov.br;Material;6515;INSTRUMENTOS, EQUIPAMENTOS E SUPRIMENTOS MÉDICOS  E  CIRÚRGICOS;8203;DRENO CIRÚRGICO;438571;CALIBRE: 38, COMPONENTE II: RADIOPACO, COMPRIMENTO: CERCA DE 50, CONECTOR UNIVERSAL: C/ CONECTOR, EMBALAGEM: EMBALAGEM INDIVIDUAL, MATERIAL: PVC, MODELO: TORÁCICO, TIPO USO: ESTÉRIL, DESCARTÁVEL;UN;90,0000;27,1000;2439,0000;0,0000;30/10/2026
ERN-HOSPITAL REG.TARCÍSIO DE VASCONCELOS MAIA;927052;667;Material;927052-9/2026;Materiais de Consumo - Medicamentos e Materiais Médicos;Catálogo do Compras.gov.br;Material;6515;INSTRUMENTOS, EQUIPAMENTOS E SUPRIMENTOS MÉDICOS  E  CIRÚRGICOS;18229;SONDA TRATO DIGESTIVO;440104;ADICIONAIS: CONJUNTO COMPLETO P/ VIA ENDOSCÓPICA PERCUTÂNEA, APLICAÇÃO: P/ GASTROSTOMIA, CALIBRE: CERCA DE 24, COMPONENTES: SISTEMA PARA FIXAÇÃO, CONECTOR: CONECTOR PADRÃO EM Y, CLAMP E TAMPA, EMBALAGEM: EMBALAGEM INDIVIDUAL, ESTERILIDADE: ESTÉRIL, DESCARTÁVEL, MATERIAL: SILICONE, OUTROS COMPONENTES: DISTAL - INTRA GÁSTRICA E PERIOSTOMAL;UN;40,0000;695,8800;27835,2000;0,0000;30/10/2026
ERN-HOSPITAL REG.TARCÍSIO DE VASCONCELOS MAIA;927052;668;Material;927052-9/2026;Materiais de Consumo - Medicamentos e Materiais Médicos;Catálogo do Compras.gov.br;Material;6515;INSTRUMENTOS, EQUIPAMENTOS E SUPRIMENTOS MÉDICOS  E  CIRÚRGICOS;30040;FIO DE SUTURA AGULHADO;487529;APRESENTAÇÃO: EMBALAGEM INDIVIDUAL, COMPRIMENTO AGULHA: CERCA DE 26, COMPRIMENTO FIO: CERCA DE 70, DIÂMETRO FIO: 2-0, ESTERILIDADE: ESTÉRIL, MATERIAL FIO: POLIPROPILENO AZUL, MODELO AGULHA: CILÍNDRICA, MODELO FIO: MONOFILAMENTAR, TIPO AGULHA: AGULHA 1/2 CÍRCULO;UN;144,0000;3,8100;548,6400;0,0000;30/10/2026
ERN-HOSPITAL REG.TARCÍSIO DE VASCONCELOS MAIA;927052;669;Material;927052-9/2026;Materiais de Consumo - Medicamentos e Materiais Médicos;Catálogo do Compras.gov.br;Material;6515;INSTRUMENTOS, EQUIPAMENTOS E SUPRIMENTOS MÉDICOS  E  CIRÚRGICOS;30132;EQUIPO DE NUTRIÇÃO ENTERAL;609819;ADICIONAL: C/ CLAMP, COMPRIMENTO TOTAL DO TUBO: ATÉ 180 CM, CONECTOR DIETA: PONTA PERFURANTE C/ RESPIRO, CONECTOR PACIENTE: COMPATÍVEL, CONECTOR VIA ADICIONAL: PONTA EM CRUZ, CÂMARA GOTEJAMENTO: MACROGOTAS, FLEXÍVEL, ESTERILIDADE: ESTÉRIL, USO ÚNICO, MATERIAL: PVC SEM DEHP, C/ COR, REGULADOR DE FLUXO MANUAL: PINÇA ROLETE, TIPO: GRAVITACIONAL, 2 VIAS, TIPO EMBALAGEM: INDIVIDUAL;UN;3600,0000;1,0500;3780,0000;0,0000;30/10/2026
ERN-HOSPITAL REG.TARCÍSIO DE VASCONCELOS MAIA;927052;670;Material;927052-9/2026;Materiais de Consumo - Medicamentos e Materiais Médicos;Catálogo do Compras.gov.br;Material;6505;DROGAS E MEDICAMENTOS;11759;RISPERIDONA;272839;DOSAGEM: 1;COMPR;180,0000;0,8900;160,2000;0,0000;30/10/2026
ERN-HOSPITAL REG.TARCÍSIO DE VASCONCELOS MAIA;927052;671;Material;927052-9/2026;Materiais de Consumo - Medicamentos e Materiais Médicos;Catálogo do Compras.gov.br;Material;6505;DROGAS E MEDICAMENTOS;8164;HALOPERIDOL;292195;CONCENTRAÇÃO: 2, TIPO USO: SOLUÇÃO ORAL-GOTAS;FR;60,0000;3,3000;198,0000;0,0000;30/10/2026
ERN-HOSPITAL REG.TARCÍSIO DE VASCONCELOS MAIA;927052;672;Material;927052-9/2026;Materiais de Consumo - Medicamentos e Materiais Médicos;Catálogo do Compras.gov.br;Material;6510;MATERIAIS CIRÚRGICOS PARA CURATIVOS;18085;ALGODÃO USO MÉDICO;407961;APRESENTAÇÃO: EM ROLETE, ESTERILIDADE: NÃO ESTÉRIL, MATERIAL: ALVEJADO, PURIFICADO, ISENTO DE IMPUREZAS, TIPO: HIDRÓFILO;EMB;900,0000;7,4400;6696,0000;0,0000;30/10/2026
ERN-HOSPITAL REG.TARCÍSIO DE VASCONCELOS MAIA;927052;673;Material;927052-9/2026;Materiais de Consumo - Medicamentos e Materiais Médicos;Catálogo do Compras.gov.br;Material;6505;DROGAS E MEDICAMENTOS;16344;ÓXIDO DE ZINCO;279493;PRINCÍPIO ATIVO: ASSOCIADO COM VITAMINA A + VITAMINA D, DOSAGEM: 150MG + 5.000UI + 900UI /G, APRESENTAÇÃO: POMADA;BIS;420,0000;4,7500;1995,0000;0,0000;30/10/2026
ERN-HOSPITAL REG.TARCÍSIO DE VASCONCELOS MAIA;927052;674;Material;927052-9/2026;Materiais de Consumo - Medicamentos e Materiais Médicos;Catálogo do Compras.gov.br;Material;6505;DROGAS E MEDICAMENTOS;365;BENZILPENICILINA;270614;COMPOSIÇÃO: ASSOCIADA À PENICILINA PROCAINADA, APRESENTAÇÃO: POTÁSSICA, DOSAGEM: 100.000UI + 300.000UI, USO: INJETÁVEL;FR-AM;60,0000;4,8800;292,8000;0,0000;30/10/2026
ERN-HOSPITAL REG.TARCÍSIO DE VASCONCELOS MAIA;927052;675;Material;927052-9/2026;Materiais de Consumo - Medicamentos e Materiais Médicos;Catálogo do Compras.gov.br;Material;6515;INSTRUMENTOS, EQUIPAMENTOS E SUPRIMENTOS MÉDICOS  E  CIRÚRGICOS;2224;TUBO ENDOTRAQUEAL;451425;CALIBRE: 4,5, COMPONENTE 2: RADIOPACO, GRADUADO, ESTERILIDADE: ESTÉRIL, USO ÚNICO, MATERIAL: SILICONE, MODELO: CURVA MAGILL, TIPO CONECTOR: CONECTOR PADRÃO, TIPO PONTA: C/ PONTA DISTAL ATRAUMÁTICA;UN;6,0000;4,1000;24,6000;0,0000;30/10/2026
ERN-HOSPITAL REG.TARCÍSIO DE VASCONCELOS MAIA;927052;676;Material;927052-9/2026;Materiais de Consumo - Medicamentos e Materiais Médicos;Catálogo do Compras.gov.br;Material;6505;DROGAS E MEDICAMENTOS;12795;TOBRAMICINA;271582;DOSAGEM: 0,3%, APRESENTAÇÃO: POMADA OFTÁLMICA;BIS;12,0000;8,1000;97,2000;0,0000;30/10/2026
ERN-HOSPITAL REG.TARCÍSIO DE VASCONCELOS MAIA;927052;677;Material;927052-9/2026;Materiais de Consumo - Medicamentos e Materiais Médicos;Catálogo do Compras.gov.br;Material;6505;DROGAS E MEDICAMENTOS;14671;GLICEROL;269622;DOSAGEM: 12%, APRESENTAÇÃO: CLISTER;FR;360,0000;8,5800;3088,8000;0,0000;30/10/2026
ERN-HOSPITAL REG.TARCÍSIO DE VASCONCELOS MAIA;927052;678;Material;927052-9/2026;Materiais de Consumo - Medicamentos e Materiais Médicos;Catálogo do Compras.gov.br;Material;6515;INSTRUMENTOS, EQUIPAMENTOS E SUPRIMENTOS MÉDICOS  E  CIRÚRGICOS;30040;FIO DE SUTURA AGULHADO;487564;APRESENTAÇÃO: EMBALAGEM INDIVIDUAL, COMPRIMENTO AGULHA: CERCA DE 30, COMPRIMENTO FIO: CERCA DE 70, DIÂMETRO FIO: 3-0, ESTERILIDADE: ESTÉRIL, MATERIAL FIO: SEDA PRETO, MODELO AGULHA: CILÍNDRICA, MODELO FIO: MULTIFILAMENTAR, TIPO AGULHA: AGULHA 3/8 CÍRCULO;UN;72,0000;2,0600;148,3200;0,0000;30/10/2026
ERN-HOSPITAL REG.TARCÍSIO DE VASCONCELOS MAIA;927052;679;Material;927052-9/2026;Materiais de Consumo - Medicamentos e Materiais Médicos;Catálogo do Compras.gov.br;Material;6515;INSTRUMENTOS, EQUIPAMENTOS E SUPRIMENTOS MÉDICOS  E  CIRÚRGICOS;30135;EQUIPO P/ BOMBA DE INFUSÃO;610292;ADICIONAL: C/ CAPA PROTETORA P/ FRASCO, COMPATIBILIDADE: C/ EQUIPAMENTO, COMPRIMENTO TOTAL DO TUBO: ACIMA DE 181 CM, CONECTOR PACIENTE: LUER, CONECTOR SOLUÇÃO: PONTA PERFURANTE, CÂMARA GOTEJAMENTO: MACROGOTAS, FLEXÍVEL, C/ RESPIRO E FILTRO, ESTERILIDADE: ESTÉRIL, USO ÚNICO, MATERIAL: PVC ÂMBAR P/ SOLUÇÃO FOTOSSENSÍVEL, MATERIAL ADICIONAL: COM SEGMENTO DE SILICONE, REGULADOR DE FLUXO MANUAL: PINÇA ROLETE, TIPO EMBALAGEM: INDIVIDUAL, TIPO INJETOR LATERAL: C/ 1 INJETOR, AUTOCICATRIZANTE;UN;3600,0000;24,0000;86400,0000;0,0000;30/10/2026
ERN-HOSPITAL REG.TARCÍSIO DE VASCONCELOS MAIA;927052;680;Material;927052-9/2026;Materiais de Consumo - Medicamentos e Materiais Médicos;Catálogo do Compras.gov.br;Material;6505;DROGAS E MEDICAMENTOS;9907;MORFINA;304872;APRESENTAÇÃO: SULFATO, CONCENTRAÇÃO: 0,2MG/ML, FORMA FARMACÊUTICA: SOLUÇÃO INJETÁVEL;AM;900,0000;5,2100;4689,0000;0,0000;30/10/2026
ERN-HOSPITAL REG.TARCÍSIO DE VASCONCELOS MAIA;927052;681;Material;927052-9/2026;Materiais de Consumo - Medicamentos e Materiais Médicos;Catálogo do Compras.gov.br;Material;6505;DROGAS E MEDICAMENTOS;13666;DANTROLENO SÓDICO;272475;CONCENTRAÇÃO: 20, APRESENTAÇÃO: INJETÁVEL, CARACTERÍSTICA ADICIONAL: KIT C/ 12FRS PÓ LIOFILIZADO + 12FRS C/ DILUENTE;FR-AM;15,0000;216,2600;3243,9000;0,0000;30/10/2026
ERN-HOSPITAL REG.TARCÍSIO DE VASCONCELOS MAIA;927052;682;Material;927052-9/2026;Materiais de Consumo - Medicamentos e Materiais Médicos;Catálogo do Compras.gov.br;Material;6505;DROGAS E MEDICAMENTOS;2259;ÁLCOOL ETÍLICO;277541;TEOR ALCOÓLICO: 70% ( 70°GL), TIPO: HIDRATADO, APRESENTAÇÃO: GLICERINADO, LÍQUIDO;GL;1100,0000;28,4500;31295,0000;0,0000;30/10/2026
ERN-HOSPITAL REG.TARCÍSIO DE VASCONCELOS MAIA;927052;683;Material;927052-9/2026;Materiais de Consumo - Medicamentos e Materiais Médicos;Catálogo do Compras.gov.br;Material;6505;DROGAS E MEDICAMENTOS;5077;CLINDAMICINA;268436;DOSAGEM: 300;CAPS;1800,0000;1,2300;2214,0000;0,0000;30/10/2026
ERN-HOSPITAL REG.TARCÍSIO DE VASCONCELOS MAIA;927052;684;Material;927052-9/2026;Materiais de Consumo - Medicamentos e Materiais Médicos;Catálogo do Compras.gov.br;Material;6505;DROGAS E MEDICAMENTOS;8482;IPRATRÓPIO BROMETO;268331;DOSAGEM: 0,25, USO: SOLUÇÃO PARA INALAÇÃO;FR;360,0000;1,0200;367,2000;0,0000;30/10/2026
ERN-HOSPITAL REG.TARCÍSIO DE VASCONCELOS MAIA;927052;685;Material;927052-9/2026;Materiais de Consumo - Medicamentos e Materiais Médicos;Catálogo do Compras.gov.br;Material;6505;DROGAS E MEDICAMENTOS;14158;ESCINA;270889;COMPOSIÇÃO: SALICILATO DE DIETILAMINA, APRESENTAÇÃO: AMORFA, ASSOCIADA COM ESCINA POLISSULFONADA SÓDICA, CONCENTRAÇÃO: 10MG + 10MG + 50MG/G, APLICAÇÃO: GEL TÓPICO;BIS;180,0000;15,7900;2842,2000;0,0000;30/10/2026
ERN-HOSPITAL REG.TARCÍSIO DE VASCONCELOS MAIA;927052;686;Material;927052-9/2026;Materiais de Consumo - Medicamentos e Materiais Médicos;Catálogo do Compras.gov.br;Material;6505;DROGAS E MEDICAMENTOS;18501;NUTRIÇÃO PARENTERAL;295267;COMPONENTES: PODENDO OU NÃO TER ADIÇÃO DE: ÍONS CA,NA,K,CL,P,MG, COMPOSIÇÃO: SOL. AMINOÁCIDOS C/ GLUTAMINA, C/EMULSÃO LIPÍDICA, CONCENTRAÇÃO: COMPONENTES EM CONCENTRAÇÕES E VOLUMES VARIADOS, FORMA FARMACÊUTICA: PREPARAÇÃO INJETÁVEL ESPECIALMENTE MANIPULADA, OUTROS COMPONENTES: OLIGOELEMENTOS, VITAMINAS, HEPARINA E INSULINA;ML;20000,0000;0,4500;9000,0000;0,0000;30/10/2026
ERN-HOSPITAL REG.TARCÍSIO DE VASCONCELOS MAIA;927052;687;Material;927052-9/2026;Materiais de Consumo - Medicamentos e Materiais Médicos;Catálogo do Compras.gov.br;Material;6505;DROGAS E MEDICAMENTOS;9762;MIDAZOLAM;268481;DOSAGEM: 5, APLICAÇÃO: INJETÁVEL;AM;9600,0000;3,7100;35616,0000;0,0000;30/10/2026
ERN-HOSPITAL REG.TARCÍSIO DE VASCONCELOS MAIA;927052;688;Material;927052-9/2026;Materiais de Consumo - Medicamentos e Materiais Médicos;Catálogo do Compras.gov.br;Material;6515;INSTRUMENTOS, EQUIPAMENTOS E SUPRIMENTOS MÉDICOS  E  CIRÚRGICOS;3701;CATETER PERIFÉRICO;437186;APLICAÇÃO: VENOSO, COMPONENTE 1: CÂMARA REFLUXO C/ FILTRO, COMPRIMENTO: CERCA 20, CONECTOR: CONECTOR PADRÃO, DIAMETRO: 24, MATERIAL AGULHA: AGULHA AÇO INOX, MATERIAL CATETER: POLÍMERO RADIOPACO, TIPO USO: ESTÉRIL, DESCARTÁVEL, EMBALAGEM INDIVIDUAL;UN;1800,0000;1,8700;3366,0000;0,0000;30/10/2026
ERN-HOSPITAL REG.TARCÍSIO DE VASCONCELOS MAIA;927052;689;Material;927052-9/2026;Materiais de Consumo - Medicamentos e Materiais Médicos;Catálogo do Compras.gov.br;Material;6505;DROGAS E MEDICAMENTOS;4505;CAPTOPRIL;267613;CONCENTRAÇÃO: 25;COMPR;12000,0000;0,0400;480,0000;0,0000;30/10/2026
ERN-HOSPITAL REG.TARCÍSIO DE VASCONCELOS MAIA;927052;690;Material;927052-9/2026;Materiais de Consumo - Medicamentos e Materiais Médicos;Catálogo do Compras.gov.br;Material;6505;DROGAS E MEDICAMENTOS;4677;CARVEDILOL;267565;DOSAGEM: 6,25;COMPR;3000,0000;0,0900;270,0000;0,0000;30/10/2026
ERN-HOSPITAL REG.TARCÍSIO DE VASCONCELOS MAIA;927052;691;Material;927052-9/2026;Materiais de Consumo - Medicamentos e Materiais Médicos;Catálogo do Compras.gov.br;Material;6505;DROGAS E MEDICAMENTOS;1820;ACETAZOLAMIDA;278283;DOSAGEM: 250;COMPR;420,0000;1,0000;420,0000;0,0000;30/10/2026
ERN-HOSPITAL REG.TARCÍSIO DE VASCONCELOS MAIA;927052;692;Material;927052-9/2026;Materiais de Consumo - Medicamentos e Materiais Médicos;Catálogo do Compras.gov.br;Material;6505;DROGAS E MEDICAMENTOS;10217;ONDANSETRONA CLORIDRATO;268504;DOSAGEM: 2, INDICAÇÃO: INJETÁVEL;AM;7200,0000;1,9700;14184,0000;0,0000;30/10/2026
ERN-HOSPITAL REG.TARCÍSIO DE VASCONCELOS MAIA;927052;693;Material;927052-9/2026;Materiais de Consumo - Medicamentos e Materiais Médicos;Catálogo do Compras.gov.br;Material;6505;DROGAS E MEDICAMENTOS;18672;NOREPINEFRINA;442584;CONCENTRAÇÃO: 2, FORMA FARMACÊUTICA: SOLUÇÃO INJETÁVEL;AM;12000,0000;2,3500;28200,0000;0,0000;30/10/2026
ERN-HOSPITAL REG.TARCÍSIO DE VASCONCELOS MAIA;927052;694;Material;927052-9/2026;Materiais de Consumo - Medicamentos e Materiais Médicos;Catálogo do Compras.gov.br;Material;6515;INSTRUMENTOS, EQUIPAMENTOS E SUPRIMENTOS MÉDICOS  E  CIRÚRGICOS;3192;BACIA - USO HOSPITALAR;469451;CAPACIDADE: CERCA DE 2500, DIÂMETRO: CERCA DE 30, ESTERILIDADE: ESTERILIZÁVEL, MATERIAL: AÇO INOXIDÁVEL;UN;60,0000;27,4600;1647,6000;0,0000;30/10/2026
ERN-HOSPITAL REG.TARCÍSIO DE VASCONCELOS MAIA;927052;695;Material;927052-9/2026;Materiais de Consumo - Medicamentos e Materiais Médicos;Catálogo do Compras.gov.br;Material;6505;DROGAS E MEDICAMENTOS;4724;CEFEPIMA CLORIDRATO;339848;CARACTERÍSTICAS ADICIONAIS: SISTEMA FECHADO, DILUENTE NACL 0,9%, CONCENTRAÇÃO: 2, FORMA FARMACEUTICA: PÓ LIÓFILO P/ INJETÁVEL;FR-AM;600,0000;25,3000;15180,0000;0,0000;30/10/2026
ERN-HOSPITAL REG.TARCÍSIO DE VASCONCELOS MAIA;927052;696;Material;927052-9/2026;Materiais de Consumo - Medicamentos e Materiais Médicos;Catálogo do Compras.gov.br;Material;6515;INSTRUMENTOS, EQUIPAMENTOS E SUPRIMENTOS MÉDICOS  E  CIRÚRGICOS;2639;SONDA TRATO URINÁRIO;436003;CALIBRE: 18, COMPONENTES: C/ ORIFÍCIOS LATERAIS, CONECTOR: CONECTORES PADRÃO, EMBALAGEM: EMBALAGEM INDIVIDUAL, ESTERILIDADE: ESTÉRIL, DESCARTÁVEL, MATERIAL: BORRACHA, MODELO: FOLEY, TIPO PONTA: PONTA DISTAL CILÍNDRICA FECHADA, VIAS: 2 VIAS, VOLUME: C/ BALÃO CERCA 30;UN;600,0000;2,8500;1710,0000;0,0000;30/10/2026
ERN-HOSPITAL REG.TARCÍSIO DE VASCONCELOS MAIA;927052;697;Material;927052-9/2026;Materiais de Consumo - Medicamentos e Materiais Médicos;Catálogo do Compras.gov.br;Material;6505;DROGAS E MEDICAMENTOS;17906;TROPICAMIDA;274561;DOSAGEM: 1%, APRESENTAÇÃO: SOLUÇÃO OFTÁLMICA;FR;6,0000;16,7900;100,7400;0,0000;30/10/2026
ERN-HOSPITAL REG.TARCÍSIO DE VASCONCELOS MAIA;927052;698;Material;927052-9/2026;Materiais de Consumo - Medicamentos e Materiais Médicos;Catálogo do Compras.gov.br;Material;6505;DROGAS E MEDICAMENTOS;12715;TIAMINA;272343;DOSAGEM: 100, TIPO MEDICAMENTO: SOLUÇÃO INJETÁVEL;AM;300,0000;11,9100;3573,0000;0,0000;30/10/2026
ERN-HOSPITAL REG.TARCÍSIO DE VASCONCELOS MAIA;927052;699;Material;927052-9/2026;Materiais de Consumo - Medicamentos e Materiais Médicos;Catálogo do Compras.gov.br;Material;6515;INSTRUMENTOS, EQUIPAMENTOS E SUPRIMENTOS MÉDICOS  E  CIRÚRGICOS;6460;ELETRODO USO MÉDICO;620705;ACESSÓRIO: C/ CABO COMPATÍVEL C/ EQUIPAMENTO, APLICAÇÃO 1: P/ SISTEMA DE MAPEAMENTO CARDÍACO ELETROANATÔMICO, APRESENTAÇÃO: CONJUNTO CERCA DE 6 ELETRODOS, ESTERILIDADE: USO ÚNICO, MODELO: DE SUPERFÍCIE, REFERÊNCIA EXTERNA, TIPO: ADESIVO;UN;42000,0000;0,3000;12600,0000;0,0000;30/10/2026
ERN-HOSPITAL REG.TARCÍSIO DE VASCONCELOS MAIA;927052;700;Material;927052-9/2026;Materiais de Consumo - Medicamentos e Materiais Médicos;Catálogo do Compras.gov.br;Material;6515;INSTRUMENTOS, EQUIPAMENTOS E SUPRIMENTOS MÉDICOS  E  CIRÚRGICOS;18351;EMBALAGEM P/ ESTERILIZAÇÃO;452016;APRESENTAÇÃO: FOLHA, GRAMATURA / ESPESSURA: CERCA DE 60, MATERIAL: POLIPROPILENO - SMS, TAMANHO: CERCA DE 70 X 70, TIPO USO: USO ÚNICO;UN;14400,0000;3,3100;47664,0000;0,0000;30/10/2026
ERN-HOSPITAL REG.TARCÍSIO DE VASCONCELOS MAIA;927052;701;Material;927052-9/2026;Materiais de Consumo - Medicamentos e Materiais Médicos;Catálogo do Compras.gov.br;Material;6515;INSTRUMENTOS, EQUIPAMENTOS E SUPRIMENTOS MÉDICOS  E  CIRÚRGICOS;30040;FIO DE SUTURA AGULHADO;487669;APRESENTAÇÃO: EMBALAGEM INDIVIDUAL, COMPRIMENTO AGULHA: CERCA DE 50, COMPRIMENTO FIO: 4 X CERCA DE 45, DIÂMETRO FIO: Nº 4, ESTERILIDADE: ESTÉRIL, MATERIAL FIO: AÇO INOXIDÁVEL, MODELO AGULHA: CORTANTE, MODELO FIO: MONOFILAMENTAR, TIPO AGULHA: AGULHA 1/2 CÍRCULO;UN;18,0000;26,2400;472,3200;0,0000;30/10/2026
ERN-HOSPITAL REG.TARCÍSIO DE VASCONCELOS MAIA;927052;702;Material;927052-9/2026;Materiais de Consumo - Medicamentos e Materiais Médicos;Catálogo do Compras.gov.br;Material;6505;DROGAS E MEDICAMENTOS;4722;CEFALOTINA SÓDICA;460699;CONCENTRAÇÃO: 1, FORMA FARMACEUTICA: PÓ LIÓFILO P/ INJETÁVEL;FR-AM;18000,0000;6,2000;111600,0000;0,0000;30/10/2026
ERN-HOSPITAL REG.TARCÍSIO DE VASCONCELOS MAIA;927052;703;Material;927052-9/2026;Materiais de Consumo - Medicamentos e Materiais Médicos;Catálogo do Compras.gov.br;Material;6515;INSTRUMENTOS, EQUIPAMENTOS E SUPRIMENTOS MÉDICOS  E  CIRÚRGICOS;8127;GUIA P/ INTUBAÇÃO TRAQUEAL;452988;ESTERILIDADE*: ESTÉRIL, DESCARTÁVEL, MATERIAL HASTE: POLÍMERO, MODELO: TIPO BOUGIE, TAMANHO*: ADULTO;UN;30,0000;37,7400;1132,2000;0,0000;30/10/2026
ERN-HOSPITAL REG.TARCÍSIO DE VASCONCELOS MAIA;927052;704;Material;927052-9/2026;Materiais de Consumo - Medicamentos e Materiais Médicos;Catálogo do Compras.gov.br;Material;6505;DROGAS E MEDICAMENTOS;8164;HALOPERIDOL;292196;CONCENTRAÇÃO: 5, TIPO USO: SOLUÇÃO INJETÁVEL;AM;1500,0000;1,8300;2745,0000;0,0000;30/10/2026
ERN-HOSPITAL REG.TARCÍSIO DE VASCONCELOS MAIA;927052;705;Material;927052-9/2026;Materiais de Consumo - Medicamentos e Materiais Médicos;Catálogo do Compras.gov.br;Material;6505;DROGAS E MEDICAMENTOS;14597;PETROLATO;233632;ASPECTO FÍSICO: LÍQUIDO, TIPO: LAXATIVO, USO: ORAL;FR;360,0000;3,8500;1386,0000;0,0000;30/10/2026
ERN-HOSPITAL REG.TARCÍSIO DE VASCONCELOS MAIA;927052;706;Material;927052-9/2026;Materiais de Consumo - Medicamentos e Materiais Médicos;Catálogo do Compras.gov.br;Material;6505;DROGAS E MEDICAMENTOS;13243;VALPROATO DE SÓDIO;328532;CONCENTRAÇÃO: 50, FORMA FARMACÊUTICA: XAROPE;FR;108,0000;4,8700;525,9600;0,0000;30/10/2026
ERN-HOSPITAL REG.TARCÍSIO DE VASCONCELOS MAIA;927052;707;Material;927052-9/2026;Materiais de Consumo - Medicamentos e Materiais Médicos;Catálogo do Compras.gov.br;Material;6505;DROGAS E MEDICAMENTOS;12639;TERBUTALINA SULFATO;269818;DOSAGEM: 0,5, APRESENTAÇÃO: INJETÁVEL;AM;300,0000;1,1200;336,0000;0,0000;30/10/2026
ERN-HOSPITAL REG.TARCÍSIO DE VASCONCELOS MAIA;927052;708;Material;927052-9/2026;Materiais de Consumo - Medicamentos e Materiais Médicos;Catálogo do Compras.gov.br;Material;6510;MATERIAIS CIRÚRGICOS PARA CURATIVOS;17139;FITA HOSPITALAR;463655;DIMENSÕES: CERCA DE 3,5 MM X 80, ESTERILIDADE: ESTÉRIL, MATERIAL: ALGODÃO, TIPO: CARDÍACA, TIPO USO: USO ÚNICO;UN;60,0000;2,5400;152,4000;0,0000;30/10/2026
ERN-HOSPITAL REG.TARCÍSIO DE VASCONCELOS MAIA;927052;709;Material;927052-9/2026;Materiais de Consumo - Medicamentos e Materiais Médicos;Catálogo do Compras.gov.br;Material;6505;DROGAS E MEDICAMENTOS;10023;MUPIROCINA;273455;CONCENTRAÇÃO: 20, USO: CREME;BIS;180,0000;27,1600;4888,8000;0,0000;30/10/2026
ERN-HOSPITAL REG.TARCÍSIO DE VASCONCELOS MAIA;927052;710;Material;927052-9/2026;Materiais de Consumo - Medicamentos e Materiais Médicos;Catálogo do Compras.gov.br;Material;6510;MATERIAIS CIRÚRGICOS PARA CURATIVOS;17139;FITA HOSPITALAR;437863;COMPONENTES: ADESIVO À BASE DE ZINCO, COR: COM COR, DIMENSÕES: CERCA DE 100, MATERIAL: DORSO EM ALGODÃO, TIPO: ESPARADRAPO, IMPERMEÁVEL;UN;3600,0000;8,3200;29952,0000;0,0000;30/10/2026
ERN-HOSPITAL REG.TARCÍSIO DE VASCONCELOS MAIA;927052;711;Material;927052-9/2026;Materiais de Consumo - Medicamentos e Materiais Médicos;Catálogo do Compras.gov.br;Material;6505;DROGAS E MEDICAMENTOS;5238;PROXIMETACAÍNA CLORIDRATO;269571;DOSAGEM: 0,5%, INDICAÇÃO: COLÍRIO;FR;30,0000;10,2300;306,9000;0,0000;30/10/2026
ERN-HOSPITAL REG.TARCÍSIO DE VASCONCELOS MAIA;927052;712;Material;927052-9/2026;Materiais de Consumo - Medicamentos e Materiais Médicos;Catálogo do Compras.gov.br;Material;6505;DROGAS E MEDICAMENTOS;17807;LIDOCAÍNA CLORIDRATO;269845;DOSAGEM: 10%, APRESENTAÇÃO: SPRAY;FR;30,0000;48,7800;1463,4000;0,0000;30/10/2026
ERN-HOSPITAL REG.TARCÍSIO DE VASCONCELOS MAIA;927052;713;Material;927052-9/2026;Materiais de Consumo - Medicamentos e Materiais Médicos;Catálogo do Compras.gov.br;Material;6505;DROGAS E MEDICAMENTOS;4803;CETOCONAZOL;308736;DOSAGEM: 20, FORMA FARMACÊUTICA: CREME TÓPICO;BIS;60,0000;3,2900;197,4000;0,0000;30/10/2026
ERN-HOSPITAL REG.TARCÍSIO DE VASCONCELOS MAIA;927052;714;Material;927052-9/2026;Materiais de Consumo - Medicamentos e Materiais Médicos;Catálogo do Compras.gov.br;Material;6505;DROGAS E MEDICAMENTOS;6143;DEXAMETASONA;267643;DOSAGEM: 0,1%, APRESENTAÇÃO: CREME;BIS;360,0000;1,5000;540,0000;0,0000;30/10/2026
ERN-HOSPITAL REG.TARCÍSIO DE VASCONCELOS MAIA;927052;715;Material;927052-9/2026;Materiais de Consumo - Medicamentos e Materiais Médicos;Catálogo do Compras.gov.br;Material;6505;DROGAS E MEDICAMENTOS;5254;TRAMADOL CLORIDRATO;268534;DOSAGEM: 50;CAPS;900,0000;0,4800;432,0000;0,0000;30/10/2026
ERN-HOSPITAL REG.TARCÍSIO DE VASCONCELOS MAIA;927052;716;Material;927052-9/2026;Materiais de Consumo - Medicamentos e Materiais Médicos;Catálogo do Compras.gov.br;Material;6505;DROGAS E MEDICAMENTOS;18501;NUTRIÇÃO PARENTERAL;295269;COMPONENTES: PODENDO OU NÃO TER ADIÇÃO DE: ÍONS CA,NA,K,CL,P,MG, COMPOSIÇÃO: SOL. AMINOÁCIDOS S/ GLUTAMINA, C/EMULSÃO LIPÍDICA, CONCENTRAÇÃO: COMPONENTES EM CONCENTRAÇÕES E VOLUMES VARIADOS, FORMA FARMACÊUTICA: PREPARAÇÃO INJETÁVEL ESPECIALMENTE MANIPULADA, OUTROS COMPONENTES: OLIGOELEMENTOS, VITAMINAS, HEPARINA E INSULINA;BOL;390,0000;390,0000;152100,0000;0,0000;30/10/2026
ERN-HOSPITAL REG.TARCÍSIO DE VASCONCELOS MAIA;927052;717;Material;927052-9/2026;Materiais de Consumo - Medicamentos e Materiais Médicos;Catálogo do Compras.gov.br;Material;6515;INSTRUMENTOS, EQUIPAMENTOS E SUPRIMENTOS MÉDICOS  E  CIRÚRGICOS;6380;LIGADURA ELÁSTICA;458243;APLICAÇÃO: P/ VARIZES ESÔFAGO / HEMORROIDAS, COMPONENTE: MONTADA EM CILINDRO C/ CERCA DE 6 UNIDADES, COMPONENTE ADICIONAL: C/ CONJUNTO APLICADOR COMPLETO, DIMENSÕES: CERCA DE 4,0 X 1,5 X 2,0, MATERIAL: LÁTEX NATURAL, TIPO USO*: USO ÚNICO;UN;80,0000;692,5500;55404,0000;0,0000;30/10/2026
ERN-HOSPITAL REG.TARCÍSIO DE VASCONCELOS MAIA;927052;718;Material;927052-9/2026;Materiais de Consumo - Medicamentos e Materiais Médicos;Catálogo do Compras.gov.br;Material;6505;DROGAS E MEDICAMENTOS;8922;LOSARTANA POTÁSSICA;268856;DOSAGEM: 50;COMPR;8400,0000;0,1300;1092,0000;0,0000;30/10/2026
ERN-HOSPITAL REG.TARCÍSIO DE VASCONCELOS MAIA;927052;719;Material;927052-9/2026;Materiais de Consumo - Medicamentos e Materiais Médicos;Catálogo do Compras.gov.br;Material;6515;INSTRUMENTOS, EQUIPAMENTOS E SUPRIMENTOS MÉDICOS  E  CIRÚRGICOS;2639;SONDA TRATO URINÁRIO;435981;CALIBRE: 12, COMPONENTES: C/ ORIFÍCIOS LATERAIS, COMPRIMENTO: CERCA 20, CONECTOR: CONECTOR PADRÃO C/ TAMPA, EMBALAGEM: EMBALAGEM INDIVIDUAL, ESTERILIDADE: ESTÉRIL, DESCARTÁVEL, MATERIAL: SILICONE, MODELO: URETRAL, TIPO PONTA: PONTA DISTAL CILÍNDRICA FECHADA;UN;2100,0000;0,6000;1260,0000;0,0000;30/10/2026
ERN-HOSPITAL REG.TARCÍSIO DE VASCONCELOS MAIA;927052;720;Material;927052-9/2026;Materiais de Consumo - Medicamentos e Materiais Médicos;Catálogo do Compras.gov.br;Material;6515;INSTRUMENTOS, EQUIPAMENTOS E SUPRIMENTOS MÉDICOS  E  CIRÚRGICOS;30040;FIO DE SUTURA AGULHADO;487411;APRESENTAÇÃO: EMBALAGEM INDIVIDUAL, COMPRIMENTO AGULHA: CERCA DE 16, COMPRIMENTO FIO: CERCA DE 45, DIÂMETRO FIO: 5-0, ESTERILIDADE: ESTÉRIL, MATERIAL FIO: NYLON / POLIAMIDA PRETO, MODELO AGULHA: CORTANTE REVERSA / INVERTIDA, MODELO FIO: MONOFILAMENTAR, TIPO AGULHA: AGULHA 1/2 CÍRCULO;UN;144,0000;1,9600;282,2400;0,0000;30/10/2026
ERN-HOSPITAL REG.TARCÍSIO DE VASCONCELOS MAIA;927052;721;Material;927052-9/2026;Materiais de Consumo - Medicamentos e Materiais Médicos;Catálogo do Compras.gov.br;Material;6515;INSTRUMENTOS, EQUIPAMENTOS E SUPRIMENTOS MÉDICOS  E  CIRÚRGICOS;2639;SONDA TRATO URINÁRIO;435980;CALIBRE: 10, COMPONENTES: C/ ORIFÍCIOS LATERAIS, COMPRIMENTO: CERCA 20, CONECTOR: CONECTOR PADRÃO C/ TAMPA, EMBALAGEM: EMBALAGEM INDIVIDUAL, ESTERILIDADE: ESTÉRIL, DESCARTÁVEL, MATERIAL: SILICONE, MODELO: URETRAL, TIPO PONTA: PONTA DISTAL CILÍNDRICA FECHADA;UN;240,0000;0,5600;134,4000;0,0000;30/10/2026
ERN-HOSPITAL REG.TARCÍSIO DE VASCONCELOS MAIA;927052;722;Material;927052-9/2026;Materiais de Consumo - Medicamentos e Materiais Médicos;Catálogo do Compras.gov.br;Material;6515;INSTRUMENTOS, EQUIPAMENTOS E SUPRIMENTOS MÉDICOS  E  CIRÚRGICOS;30040;FIO DE SUTURA AGULHADO;487020;APRESENTAÇÃO: EMBALAGEM INDIVIDUAL, COMPRIMENTO AGULHA: CERCA DE 40, COMPRIMENTO FIO: CERCA DE 70, DIÂMETRO FIO: 0 / 1-0, ESTERILIDADE: ESTÉRIL, MATERIAL FIO: CATGUT CROMADO, MODELO AGULHA: CILÍNDRICA, MODELO FIO: MULTIFILAMENTAR, TIPO AGULHA: AGULHA 1/2 CÍRCULO;UN;144,0000;3,4900;502,5600;0,0000;30/10/2026
ERN-HOSPITAL REG.TARCÍSIO DE VASCONCELOS MAIA;927052;723;Material;927052-9/2026;Materiais de Consumo - Medicamentos e Materiais Médicos;Catálogo do Compras.gov.br;Material;6505;DROGAS E MEDICAMENTOS;30073;ESCETAMINA;602763;CONCENTRAÇÃO: 50, FORMA FARMACÊUTICA: SOLUÇÃO INJETÁVEL;FR;150,0000;79,9800;11997,0000;0,0000;30/10/2026
ERN-HOSPITAL REG.TARCÍSIO DE VASCONCELOS MAIA;927052;724;Material;927052-9/2026;Materiais de Consumo - Medicamentos e Materiais Médicos;Catálogo do Compras.gov.br;Material;6505;DROGAS E MEDICAMENTOS;7364;FENTANILA;271950;APRESENTAÇÃO: SAL CITRATO, DOSAGEM: 0,05, INDICAÇÃO: SOLUÇÃO INJETÁVEL;AM;18000,0000;2,5600;46080,0000;0,0000;30/10/2026
ERN-HOSPITAL REG.TARCÍSIO DE VASCONCELOS MAIA;927052;725;Material;927052-9/2026;Materiais de Consumo - Medicamentos e Materiais Médicos;Catálogo do Compras.gov.br;Material;6505;DROGAS E MEDICAMENTOS;10422;PARACETAMOL;270907;APRESENTAÇÃO: ASSOCIADO COM CODEÍNA, DOSAGEM: 500MG + 30MG;COMPR;300,0000;0,3300;99,0000;0,0000;30/10/2026
ERN-HOSPITAL REG.TARCÍSIO DE VASCONCELOS MAIA;927052;726;Material;927052-9/2026;Materiais de Consumo - Medicamentos e Materiais Médicos;Catálogo do Compras.gov.br;Material;6505;DROGAS E MEDICAMENTOS;11912;SAIS PARA REIDRATAÇÃO ORAL;446105;COMPOSIÇÃO: SÓDIO, POTÁSSIO, CLORETO, CITRATO E GLICOSE, CONCENTRAÇÃO: 90 MEQ/L + 20 MEQ/L + 80 MEQ/L + 30 MEQ/L + 111, FORMA FARMACÊUTICA: PÓ P/ SOLUÇÃO ORAL;ENV;300,0000;1,1000;330,0000;0,0000;30/10/2026
ERN-HOSPITAL REG.TARCÍSIO DE VASCONCELOS MAIA;927052;727;Material;927052-9/2026;Materiais de Consumo - Medicamentos e Materiais Médicos;Catálogo do Compras.gov.br;Material;6515;INSTRUMENTOS, EQUIPAMENTOS E SUPRIMENTOS MÉDICOS  E  CIRÚRGICOS;19699;ASPIRADOR PARA REDE DE GASES;459177;ADICIONAIS: TAMPA DE ROSCA E SISTEMA ANTITRANSBORDAMENTO, APLICAÇÃO: AR COMPRIMIDO TIPO VENTURI, CONEXÕES: COM CONECTORES, TIPO FRASCO: FRASCO DE POLÍMERO GRADUADO, TIPO USO: ESTERILIZÁVEL, VOLUME: CERCA DE 400 ML;UN;110,0000;12,3300;1356,3000;0,0000;30/10/2026
ERN-HOSPITAL REG.TARCÍSIO DE VASCONCELOS MAIA;927052;728;Material;927052-9/2026;Materiais de Consumo - Medicamentos e Materiais Médicos;Catálogo do Compras.gov.br;Material;6510;MATERIAIS CIRÚRGICOS PARA CURATIVOS;3104;ATADURA;460133;DIMENSÕES: 10, EMBALAGEM: EMBALAGEM INDIVIDUAL, ESTERILIDADE: ESTÉRIL, USO ÚNICO, MATERIAL 1: 100% ALGODÃO, TIPO 1: CREPOM;RO;24000,0000;0,5400;12960,0000;0,0000;30/10/2026
ERN-HOSPITAL REG.TARCÍSIO DE VASCONCELOS MAIA;927052;729;Material;927052-9/2026;Materiais de Consumo - Medicamentos e Materiais Médicos;Catálogo do Compras.gov.br;Material;6505;DROGAS E MEDICAMENTOS;5275;CLORPROMAZINA;267635;DOSAGEM: 25 MG;COMPR;300,0000;0,2600;78,0000;0,0000;30/10/2026
ERN-HOSPITAL REG.TARCÍSIO DE VASCONCELOS MAIA;927052;730;Material;927052-9/2026;Materiais de Consumo - Medicamentos e Materiais Médicos;Catálogo do Compras.gov.br;Material;6515;INSTRUMENTOS, EQUIPAMENTOS E SUPRIMENTOS MÉDICOS  E  CIRÚRGICOS;2224;TUBO ENDOTRAQUEAL;451434;ADICIONAL: C/ LÚMEN ADICIONAL P/ MONITORIZAÇÃO, CALIBRE: 3,0, COMPONENTE 2: RADIOPACO, GRADUADO, ESTERILIDADE: ESTÉRIL, USO ÚNICO, MATERIAL: PVC, MODELO: CURVA MAGILL, TIPO CONECTOR: CONECTOR PADRÃO, TIPO PONTA: C/ PONTA DISTAL ATRAUMÁTICA E ORIFÍCIO MURPHY;UN;6,0000;4,3800;26,2800;0,0000;30/10/2026
ERN-HOSPITAL REG.TARCÍSIO DE VASCONCELOS MAIA;927052;731;Material;927052-9/2026;Materiais de Consumo - Medicamentos e Materiais Médicos;Catálogo do Compras.gov.br;Material;6505;DROGAS E MEDICAMENTOS;7890;GABAPENTINA;268107;DOSAGEM: 300;COMPR;180,0000;0,5600;100,8000;0,0000;30/10/2026
ERN-HOSPITAL REG.TARCÍSIO DE VASCONCELOS MAIA;927052;732;Material;927052-9/2026;Materiais de Consumo - Medicamentos e Materiais Médicos;Catálogo do Compras.gov.br;Material;6505;DROGAS E MEDICAMENTOS;8287;IMIPENEM;342258;COMPOSIÇÃO: ASSOCIADO À CILASTATINA SÓDICA, CONCENTRAÇÃO: 500, FORMA FARMACEUTICA: PÓ LIÓFILO P/ INJETÁVEL;FR-AM;300,0000;16,0800;4824,0000;0,0000;30/10/2026
ERN-HOSPITAL REG.TARCÍSIO DE VASCONCELOS MAIA;927052;733;Material;927052-9/2026;Materiais de Consumo - Medicamentos e Materiais Médicos;Catálogo do Compras.gov.br;Material;6515;INSTRUMENTOS, EQUIPAMENTOS E SUPRIMENTOS MÉDICOS  E  CIRÚRGICOS;30040;FIO DE SUTURA AGULHADO;487180;APRESENTAÇÃO: EMBALAGEM INDIVIDUAL, COMPONENTE FIO: C/ BACTERIOSTÁTICO / BACTERICIDA, COMPRIMENTO AGULHA: CERCA DE 40, COMPRIMENTO FIO: CERCA DE 90, DIÂMETRO FIO: Nº 1, ESTERILIDADE: ESTÉRIL, MATERIAL FIO: POLIGLACTINA VIOLETA, MODELO AGULHA: CILÍNDRICA, MODELO FIO: MULTIFILAMENTAR, TIPO AGULHA: AGULHA 1/2 CÍRCULO;UN;864,0000;10,7100;9253,4400;0,0000;30/10/2026
ERN-HOSPITAL REG.TARCÍSIO DE VASCONCELOS MAIA;927052;734;Material;927052-9/2026;Materiais de Consumo - Medicamentos e Materiais Médicos;Catálogo do Compras.gov.br;Material;6515;INSTRUMENTOS, EQUIPAMENTOS E SUPRIMENTOS MÉDICOS  E  CIRÚRGICOS;2639;SONDA TRATO URINÁRIO;438576;CALIBRE: 24, COMPONENTES: C/ ORIFÍCIOS LATERAIS, CONECTOR: CONECTORES PADRÃO, EMBALAGEM: EMBALAGEM INDIVIDUAL, ESTERILIDADE: ESTÉRIL, DESCARTÁVEL, MATERIAL: SILICONE, MODELO: FOLEY, TIPO PONTA: PONTA DISTAL CILÍNDRICA FECHADA, VIAS: 3 VIAS, VOLUME: C/ BALÃO CERCA 30;UN;12,0000;4,0500;48,6000;0,0000;30/10/2026
ERN-HOSPITAL REG.TARCÍSIO DE VASCONCELOS MAIA;927052;735;Material;927052-9/2026;Materiais de Consumo - Medicamentos e Materiais Médicos;Catálogo do Compras.gov.br;Material;6505;DROGAS E MEDICAMENTOS;7351;FENITOÍNA SÓDICA;267657;DOSAGEM: 100;COMPR;1500,0000;0,1200;180,0000;0,0000;30/10/2026
ERN-HOSPITAL REG.TARCÍSIO DE VASCONCELOS MAIA;927052;736;Material;927052-9/2026;Materiais de Consumo - Medicamentos e Materiais Médicos;Catálogo do Compras.gov.br;Material;6505;DROGAS E MEDICAMENTOS;4724;CEFEPIMA CLORIDRATO;392249;CARACTERÍSTICAS ADICIONAIS: SISTEMA FECHADO, DILUENTE NACL 0,9%, CONCENTRAÇÃO: 1, FORMA FARMACEUTICA: PÓ LIÓFILO P/ INJETÁVEL;FR-AM;2400,0000;21,3200;51168,0000;0,0000;30/10/2026
ERN-HOSPITAL REG.TARCÍSIO DE VASCONCELOS MAIA;927052;737;Material;927052-9/2026;Materiais de Consumo - Medicamentos e Materiais Médicos;Catálogo do Compras.gov.br;Material;6515;INSTRUMENTOS, EQUIPAMENTOS E SUPRIMENTOS MÉDICOS  E  CIRÚRGICOS;2639;SONDA TRATO URINÁRIO;435979;CALIBRE: 8, COMPONENTES: C/ ORIFÍCIOS LATERAIS, COMPRIMENTO: CERCA 20, CONECTOR: CONECTOR PADRÃO C/ TAMPA, EMBALAGEM: EMBALAGEM INDIVIDUAL, ESTERILIDADE: ESTÉRIL, DESCARTÁVEL, MATERIAL: SILICONE, MODELO: URETRAL, TIPO PONTA: PONTA DISTAL CILÍNDRICA FECHADA;UN;120,0000;0,6000;72,0000;0,0000;30/10/2026
ERN-HOSPITAL REG.TARCÍSIO DE VASCONCELOS MAIA;927052;738;Material;927052-9/2026;Materiais de Consumo - Medicamentos e Materiais Médicos;Catálogo do Compras.gov.br;Material;6515;INSTRUMENTOS, EQUIPAMENTOS E SUPRIMENTOS MÉDICOS  E  CIRÚRGICOS;13831;SWAB;480902;APRESENTAÇÃO*: EMBALAGEM INDIVIDUAL, ESTERILIDADE: ESTÉRIL, MATERIAL: HASTE PLÁSTICA, TIPO DE USO: DESCARTÁVEL, TIPO PONTA: PONTA EM ALGODÃO HIDRÓFILO E RAYON;UN;3000,0000;0,2500;750,0000;0,0000;30/10/2026
ERN-HOSPITAL REG.TARCÍSIO DE VASCONCELOS MAIA;927052;739;Material;927052-9/2026;Materiais de Consumo - Medicamentos e Materiais Médicos;Catálogo do Compras.gov.br;Material;6505;DROGAS E MEDICAMENTOS;2517;ANFOTERICINA B;332887;DOSAGEM: 50, CARACTERÍSTICAS ADICIONAIS: COLOIDAL, FORMA FARMACÊUTICA: PÓ LIÓFILO P/ INJETÁVEL;FR;60,0000;103,2900;6197,4000;0,0000;30/10/2026
ERN-HOSPITAL REG.TARCÍSIO DE VASCONCELOS MAIA;927052;740;Material;927052-9/2026;Materiais de Consumo - Medicamentos e Materiais Médicos;Catálogo do Compras.gov.br;Material;6505;DROGAS E MEDICAMENTOS;11750;RINGER;352192;CARACTERÍSTICA ADICIONAL: SISTEMA FECHADO, COMPOSIÇÃO: SIMPLES, FORMA FARMACÊUTICA: SOLUÇÃO INJETÁVEL;BOL;15000,0000;7,4100;111150,0000;0,0000;30/10/2026
ERN-HOSPITAL REG.TARCÍSIO DE VASCONCELOS MAIA;927052;741;Material;927052-9/2026;Materiais de Consumo - Medicamentos e Materiais Médicos;Catálogo do Compras.gov.br;Material;6515;INSTRUMENTOS, EQUIPAMENTOS E SUPRIMENTOS MÉDICOS  E  CIRÚRGICOS;7145;APARELHO ULTRASSONOGRAFIA;476988;APLICAÇÃO: DIAGNÓSTICO, ELASTOGRAFIA HEPÁTICA TRANSITÓRIA, MATERIAL GABINETE: PORTÁTIL, LED/LCD, SENSÍVEL TOQUE, OUTROS COMPONENTES: COM DOIS TRANSDUTORES;UN;1,0000;40000,0000;40000,0000;0,0000;30/10/2026
ERN-HOSPITAL REG.TARCÍSIO DE VASCONCELOS MAIA;927052;742;Material;927052-9/2026;Materiais de Consumo - Medicamentos e Materiais Médicos;Catálogo do Compras.gov.br;Material;6505;DROGAS E MEDICAMENTOS;5174;ETILEFRINA CLORIDRATO;272198;COMPOSIÇÃO: 10MG/ML, APRESENTAÇÃO: INJETÁVEL;AM;900,0000;2,1700;1953,0000;0,0000;30/10/2026
ERN-HOSPITAL REG.TARCÍSIO DE VASCONCELOS MAIA;927052;743;Material;927052-9/2026;Materiais de Consumo - Medicamentos e Materiais Médicos;Catálogo do Compras.gov.br;Material;6505;DROGAS E MEDICAMENTOS;350;ALBENDAZOL;459822;CONCENTRAÇÃO: 400, FORMA FARMACEUTICA: COMPRIMIDO MASTIGÁVEL;COMPR;180,0000;0,5800;104,4000;0,0000;30/10/2026
ERN-HOSPITAL REG.TARCÍSIO DE VASCONCELOS MAIA;927052;744;Material;927052-9/2026;Materiais de Consumo - Medicamentos e Materiais Médicos;Catálogo do Compras.gov.br;Material;6515;INSTRUMENTOS, EQUIPAMENTOS E SUPRIMENTOS MÉDICOS  E  CIRÚRGICOS;30233;RESERVATÓRIO P/ COLETA DE AMOSTRA BIOLÓGICA;619159;APLICAÇÃO: ASPIRAÇÃO P/ ANÁLISE CLÍNICA, COMPONENTE: C/ ALÇA, ESTERILIDADE: ESTÉRIL, USO ÚNICO, FECHAMENTO: TAMPA PLÁSTICA C/ 2 VIAS E EXTENSÃO, MATERIAL: POLÍMERO RÍGIDO TRANSPARENTE, GRADUADO, MODELO: FRASCO, VOLUME: CERCA DE 100 ML;UN;800,0000;24,1900;19352,0000;0,0000;30/10/2026
ERN-HOSPITAL REG.TARCÍSIO DE VASCONCELOS MAIA;927052;745;Material;927052-9/2026;Materiais de Consumo - Medicamentos e Materiais Médicos;Catálogo do Compras.gov.br;Material;6515;INSTRUMENTOS, EQUIPAMENTOS E SUPRIMENTOS MÉDICOS  E  CIRÚRGICOS;8203;DRENO CIRÚRGICO;438489;CALIBRE: 24, COMPONENTE II: RADIOPACO, COMPRIMENTO: CERCA DE 50, CONECTOR UNIVERSAL: C/ CONECTOR, EMBALAGEM: EMBALAGEM INDIVIDUAL, MATERIAL: SILICONE, MODELO: TORÁCICO, TIPO USO: ESTÉRIL, DESCARTÁVEL;UN;18,0000;26,7800;482,0400;0,0000;30/10/2026
ERN-HOSPITAL REG.TARCÍSIO DE VASCONCELOS MAIA;927052;746;Material;927052-9/2026;Materiais de Consumo - Medicamentos e Materiais Médicos;Catálogo do Compras.gov.br;Material;6515;INSTRUMENTOS, EQUIPAMENTOS E SUPRIMENTOS MÉDICOS  E  CIRÚRGICOS;17428;SERINGA;439696;ADICIONAL: GRADUADA, NUMERADA, APRESENTAÇÃO: EMBALAGEM INDIVIDUAL, CAPACIDADE: 5, COMPONENTE ADICIONAL: C/ SISTEMA SEGURANÇA SEGUNDO NR/32, ESTERILIDADE: ESTÉRIL, DESCARTÁVEL, MATERIAL: POLIPROPILENO, TIPO AGULHA: C/ AGULHA 25 G X 1", TIPO BICO: BICO CENTRAL LUER LOCK OU SLIP, TIPO VEDAÇÃO: ÊMBOLO DE BORRACHA;UN;48000,0000;0,3100;14880,0000;0,0000;30/10/2026
ERN-HOSPITAL REG.TARCÍSIO DE VASCONCELOS MAIA;927052;747;Material;927052-9/2026;Materiais de Consumo - Medicamentos e Materiais Médicos;Catálogo do Compras.gov.br;Material;6515;INSTRUMENTOS, EQUIPAMENTOS E SUPRIMENTOS MÉDICOS  E  CIRÚRGICOS;17428;SERINGA;439679;ADICIONAL: GRADUADA, NUMERADA, APRESENTAÇÃO: EMBALAGEM INDIVIDUAL, CAPACIDADE: 3, COMPONENTE ADICIONAL: C/ SISTEMA SEGURANÇA SEGUNDO NR/32, ESTERILIDADE: ESTÉRIL, DESCARTÁVEL, MATERIAL: POLIPROPILENO, TIPO AGULHA: C/ AGULHA 25 G X 1", TIPO BICO: BICO CENTRAL LUER LOCK OU SLIP, TIPO VEDAÇÃO: ÊMBOLO DE BORRACHA;UN;18000,0000;0,2500;4500,0000;0,0000;30/10/2026
ERN-HOSPITAL REG.TARCÍSIO DE VASCONCELOS MAIA;927052;748;Material;927052-9/2026;Materiais de Consumo - Medicamentos e Materiais Médicos;Catálogo do Compras.gov.br;Material;6505;DROGAS E MEDICAMENTOS;6226;DIOSMINA;273818;COMPOSIÇÃO: ASSOCIADA À HESPERIDINA, CONCENTRAÇÃO: 450MG + 50MG;COMPR;600,0000;0,4700;282,0000;0,0000;30/10/2026
ERN-HOSPITAL REG.TARCÍSIO DE VASCONCELOS MAIA;927052;749;Material;927052-9/2026;Materiais de Consumo - Medicamentos e Materiais Médicos;Catálogo do Compras.gov.br;Material;6515;INSTRUMENTOS, EQUIPAMENTOS E SUPRIMENTOS MÉDICOS  E  CIRÚRGICOS;30040;FIO DE SUTURA AGULHADO;487626;APRESENTAÇÃO: EMBALAGEM INDIVIDUAL, COMPRIMENTO AGULHA: CERCA DE 35, COMPRIMENTO FIO: CERCA DE 45, DIÂMETRO FIO: 0 / 1-0, ESTERILIDADE: ESTÉRIL, MATERIAL FIO: POLIÉSTER C/ ALGODÃO AZUL, MODELO AGULHA: CORTANTE REVERSA / INVERTIDA, MODELO FIO: MULTIFILAMENTAR, TIPO AGULHA: AGULHA 1/2 CÍRCULO;UN;576,0000;1,5800;910,0800;0,0000;30/10/2026
ERN-HOSPITAL REG.TARCÍSIO DE VASCONCELOS MAIA;927052;750;Material;927052-9/2026;Materiais de Consumo - Medicamentos e Materiais Médicos;Catálogo do Compras.gov.br;Material;6515;INSTRUMENTOS, EQUIPAMENTOS E SUPRIMENTOS MÉDICOS  E  CIRÚRGICOS;30044;FIO DE SUTURA S/ AGULHA;600165;APRESENTAÇÃO: EMBALAGEM INDIVIDUAL, COMPRIMENTO: 3 X CERCA DE 60, DIÂMETRO: Nº 1, ESTERILIDADE: ESTÉRIL, MATERIAL: AÇO INOXIDÁVEL, MODELO: MONOFILAMENTAR;UN;30,0000;8,2300;246,9000;0,0000;30/10/2026
ERN-HOSPITAL REG.TARCÍSIO DE VASCONCELOS MAIA;927052;751;Material;927052-9/2026;Materiais de Consumo - Medicamentos e Materiais Médicos;Catálogo do Compras.gov.br;Material;6505;DROGAS E MEDICAMENTOS;5218;NALOXONA CLORIDRATO;272326;DOSAGEM: 0,4, APRESENTAÇÃO: SOLUÇÃO INJETÁVEL;AM;150,0000;6,3200;948,0000;0,0000;30/10/2026
ERN-HOSPITAL REG.TARCÍSIO DE VASCONCELOS MAIA;927052;752;Material;927052-9/2026;Materiais de Consumo - Medicamentos e Materiais Médicos;Catálogo do Compras.gov.br;Material;6505;DROGAS E MEDICAMENTOS;6171;DICLOFENACO;271000;APRESENTAÇÃO: SAL SÓDICO, DOSAGEM: 50 MG;COMPR;2400,0000;0,0600;144,0000;0,0000;30/10/2026
ERN-HOSPITAL REG.TARCÍSIO DE VASCONCELOS MAIA;927052;753;Material;927052-9/2026;Materiais de Consumo - Medicamentos e Materiais Médicos;Catálogo do Compras.gov.br;Material;6515;INSTRUMENTOS, EQUIPAMENTOS E SUPRIMENTOS MÉDICOS  E  CIRÚRGICOS;18351;EMBALAGEM P/ ESTERILIZAÇÃO;442386;APRESENTAÇÃO: ROLO, COMPONENTES: C/ INDICADOR QUÍMICO, COMPONENTES ADICIONAIS: TERMOSSELANTE, COMPOSIÇÃO: C/ FILME POLÍMERO MULTILAMINADO, GRAMATURA / ESPESSURA: CERCA DE 60, MATERIAL: PAPEL GRAU CIRÚRGICO, TAMANHO: CERCA DE 30, TIPO USO: USO ÚNICO;RO;60,0000;167,2600;10035,6000;0,0000;30/10/2026
ERN-HOSPITAL REG.TARCÍSIO DE VASCONCELOS MAIA;927052;754;Material;927052-9/2026;Materiais de Consumo - Medicamentos e Materiais Médicos;Catálogo do Compras.gov.br;Material;6515;INSTRUMENTOS, EQUIPAMENTOS E SUPRIMENTOS MÉDICOS  E  CIRÚRGICOS;2224;TUBO ENDOTRAQUEAL;451436;ADICIONAL: C/ LÚMEN ADICIONAL P/ MONITORIZAÇÃO, CALIBRE: 3,5, COMPONENTE 2: RADIOPACO, GRADUADO, ESTERILIDADE: ESTÉRIL, USO ÚNICO, MATERIAL: PVC, MODELO: CURVA MAGILL, TIPO CONECTOR: CONECTOR PADRÃO, TIPO PONTA: C/ PONTA DISTAL ATRAUMÁTICA E ORIFÍCIO MURPHY;UN;6,0000;4,2700;25,6200;0,0000;30/10/2026
ERN-HOSPITAL REG.TARCÍSIO DE VASCONCELOS MAIA;927052;755;Material;927052-9/2026;Materiais de Consumo - Medicamentos e Materiais Médicos;Catálogo do Compras.gov.br;Material;6515;INSTRUMENTOS, EQUIPAMENTOS E SUPRIMENTOS MÉDICOS  E  CIRÚRGICOS;30040;FIO DE SUTURA AGULHADO;487459;APRESENTAÇÃO: EMBALAGEM INDIVIDUAL, COMPRIMENTO AGULHA: CERCA DE 24, COMPRIMENTO FIO: CERCA DE 45, DIÂMETRO FIO: 0 / 1-0, ESTERILIDADE: ESTÉRIL, MATERIAL FIO: NYLON / POLIAMIDA PRETO, MODELO AGULHA: CORTANTE REVERSA / INVERTIDA, MODELO FIO: MONOFILAMENTAR, TIPO AGULHA: AGULHA 3/8 CÍRCULO;UN;720,0000;2,9200;2102,4000;0,0000;30/10/2026
ERN-HOSPITAL REG.TARCÍSIO DE VASCONCELOS MAIA;927052;756;Material;927052-9/2026;Materiais de Consumo - Medicamentos e Materiais Médicos;Catálogo do Compras.gov.br;Material;6515;INSTRUMENTOS, EQUIPAMENTOS E SUPRIMENTOS MÉDICOS  E  CIRÚRGICOS;8203;DRENO CIRÚRGICO;438494;CALIBRE: 28, COMPONENTE II: RADIOPACO, COMPRIMENTO: CERCA DE 50, CONECTOR UNIVERSAL: C/ CONECTOR, EMBALAGEM: EMBALAGEM INDIVIDUAL, MATERIAL: SILICONE, MODELO: TORÁCICO, TIPO USO: ESTÉRIL, DESCARTÁVEL;UN;42,0000;27,4100;1151,2200;0,0000;30/10/2026
ERN-HOSPITAL REG.TARCÍSIO DE VASCONCELOS MAIA;927052;757;Material;927052-9/2026;Materiais de Consumo - Medicamentos e Materiais Médicos;Catálogo do Compras.gov.br;Material;6515;INSTRUMENTOS, EQUIPAMENTOS E SUPRIMENTOS MÉDICOS  E  CIRÚRGICOS;8203;DRENO CIRÚRGICO;438515;CALIBRE: 16, COMPONENTE II: RADIOPACO, COMPRIMENTO: CERCA DE 40, EMBALAGEM: EMBALAGEM INDIVIDUAL, MATERIAL: SILICONE, MODELO: KEHR EM "T", TIPO USO: ESTÉRIL, DESCARTÁVEL;UN;6,0000;10,0600;60,3600;0,0000;30/10/2026
ERN-HOSPITAL REG.TARCÍSIO DE VASCONCELOS MAIA;927052;830;Material;927052-9/2026;Materiais de Consumo - Medicamentos e Materiais Médicos;Catálogo do Compras.gov.br;Material;6515;INSTRUMENTOS, EQUIPAMENTOS E SUPRIMENTOS MÉDICOS  E  CIRÚRGICOS;2205;TELA CIRÚRGICA;435030;APLICAÇÃO: NÃO ABSORVÍVEL, DIMENSÕES: CERCA DE 30 X 30, ESTERILIDADE: ESTÉRIL, MATERIAL: MONOFILAMENTO DE POLIPROPILENO, MODELO: IMPLANTÁVEL, TIPO USO: USO ÚNICO;UN;12,0000;71,3400;856,0800;0,0000;30/10/2026
ERN-HOSPITAL REG.TARCÍSIO DE VASCONCELOS MAIA;927052;758;Material;927052-9/2026;Materiais de Consumo - Medicamentos e Materiais Médicos;Catálogo do Compras.gov.br;Material;6510;MATERIAIS CIRÚRGICOS PARA CURATIVOS;30022;CURATIVO / COBERTURA;485050;APLICAÇÃO: P/ FERIDA, ASPECTO FÍSICO: PLACA MULTICAMADA C/ BORDA, COMPONENTE 1: C/ PELÍCULA PU / POLIETILENO, COMPONENTE 3: C/ SILICONE, COMPONENTE 4: C/ PRATA E CARVÃO ATIVADO, COMPOSIÇÃO: À BASE DE ESPUMA PU / HIDROPOLÍMERO / HIDROCELULAR, DIMENSÃO: CERCA DE 10 X 10, ESTERILIDADE: ESTÉRIL;UN;360,0000;24,2200;8719,2000;0,0000;30/10/2026
ERN-HOSPITAL REG.TARCÍSIO DE VASCONCELOS MAIA;927052;759;Material;927052-9/2026;Materiais de Consumo - Medicamentos e Materiais Médicos;Catálogo do Compras.gov.br;Material;6515;INSTRUMENTOS, EQUIPAMENTOS E SUPRIMENTOS MÉDICOS  E  CIRÚRGICOS;2205;TELA CIRÚRGICA;435028;APLICAÇÃO: NÃO ABSORVÍVEL, DIMENSÕES: CERCA DE 15 X 15, ESTERILIDADE: ESTÉRIL, MATERIAL: MONOFILAMENTO DE POLIPROPILENO, MODELO: IMPLANTÁVEL, TIPO USO: USO ÚNICO;UN;12,0000;19,4700;233,6400;0,0000;30/10/2026
ERN-HOSPITAL REG.TARCÍSIO DE VASCONCELOS MAIA;927052;760;Material;927052-9/2026;Materiais de Consumo - Medicamentos e Materiais Médicos;Catálogo do Compras.gov.br;Material;6515;INSTRUMENTOS, EQUIPAMENTOS E SUPRIMENTOS MÉDICOS  E  CIRÚRGICOS;30040;FIO DE SUTURA AGULHADO;487534;APRESENTAÇÃO: EMBALAGEM INDIVIDUAL, COMPRIMENTO AGULHA: CERCA DE 40, COMPRIMENTO FIO: CERCA DE 70, DIÂMETRO FIO: 0 / 1-0, ESTERILIDADE: ESTÉRIL, MATERIAL FIO: POLIPROPILENO AZUL, MODELO AGULHA: CILÍNDRICA, MODELO FIO: MONOFILAMENTAR, TIPO AGULHA: AGULHA 1/2 CÍRCULO;UN;144,0000;2,2300;321,1200;0,0000;30/10/2026
ERN-HOSPITAL REG.TARCÍSIO DE VASCONCELOS MAIA;927052;761;Material;927052-9/2026;Materiais de Consumo - Medicamentos e Materiais Médicos;Catálogo do Compras.gov.br;Material;6515;INSTRUMENTOS, EQUIPAMENTOS E SUPRIMENTOS MÉDICOS  E  CIRÚRGICOS;30128;EQUIPO DE INFUSÃO VENOSA GRAVITACIONAL;609557;ADICIONAL: C/ CAPA PROTETORA P/ FRASCO, COMPRIMENTO TUBO: ATÉ 180 CM, CONECTOR PACIENTE: LUER, CÂMARA GOTEJAMENTO: MACROGOTAS, FLEXÍVEL, C/ RESPIRO, ESTERILIDADE: ESTÉRIL, USO ÚNICO, MATERIAL: PVC ÂMBAR P/ SOLUÇÃO FOTOSSENSÍVEL, REGULADOR DE FLUXO MANUAL: PINÇA ROLETE, TIPO EMBALAGEM: INDIVIDUAL, TIPO INJETOR LATERAL: C/ 1 INJETOR, AUTOCICATRIZANTE;UN;120,0000;3,6900;442,8000;0,0000;30/10/2026
ERN-HOSPITAL REG.TARCÍSIO DE VASCONCELOS MAIA;927052;762;Material;927052-9/2026;Materiais de Consumo - Medicamentos e Materiais Médicos;Catálogo do Compras.gov.br;Material;6505;DROGAS E MEDICAMENTOS;8254;ESCOPOLAMINA BUTILBROMETO;267281;DOSAGEM: 10, INDICAÇÃO: SOLUÇÃO ORAL;FR;30,0000;6,4600;193,8000;0,0000;30/10/2026
ERN-HOSPITAL REG.TARCÍSIO DE VASCONCELOS MAIA;927052;763;Material;927052-9/2026;Materiais de Consumo - Medicamentos e Materiais Médicos;Catálogo do Compras.gov.br;Material;6505;DROGAS E MEDICAMENTOS;2259;ÁLCOOL ETÍLICO;380018;COMPOSIÇÃO BÁSICA: COM EMOLIENTE, FORMA FARMACÊUTICA: GEL, TEOR ALCOÓLICO: 70% V/V;FR;1000,0000;4,6000;4600,0000;0,0000;30/10/2026
ERN-HOSPITAL REG.TARCÍSIO DE VASCONCELOS MAIA;927052;764;Material;927052-9/2026;Materiais de Consumo - Medicamentos e Materiais Médicos;Catálogo do Compras.gov.br;Material;6505;DROGAS E MEDICAMENTOS;4723;CEFAZOLINA SÓDICA;442693;CONCENTRAÇÃO: 1, FORMA FARMACEUTICA: PÓ P/ SOLUÇÃO INJETÁVEL;FR-AM;2400,0000;3,6000;8640,0000;0,0000;30/10/2026
ERN-HOSPITAL REG.TARCÍSIO DE VASCONCELOS MAIA;927052;765;Material;927052-9/2026;Materiais de Consumo - Medicamentos e Materiais Médicos;Catálogo do Compras.gov.br;Material;6505;DROGAS E MEDICAMENTOS;2420;AMIODARONA;271710;DOSAGEM: 50MG/ML, INDICAÇÃO: INJETÁVEL;AM;1800,0000;13,0300;23454,0000;0,0000;30/10/2026
ERN-HOSPITAL REG.TARCÍSIO DE VASCONCELOS MAIA;927052;766;Material;927052-9/2026;Materiais de Consumo - Medicamentos e Materiais Médicos;Catálogo do Compras.gov.br;Material;6515;INSTRUMENTOS, EQUIPAMENTOS E SUPRIMENTOS MÉDICOS  E  CIRÚRGICOS;7043;HEMOSTÁTICO ABSORVÍVEL;431262;APRESENTAÇÃO: ESPONJA, DIMENSÕES: CERCA DE 5 X 7,5, ESTERILIDADE*: DESCARTÁVEL E ESTÉRIL, PRINCÍPIO ATIVO: COLÁGENO MICROFIBRILAR;UN;180,0000;60,6400;10915,2000;0,0000;30/10/2026
ERN-HOSPITAL REG.TARCÍSIO DE VASCONCELOS MAIA;927052;767;Material;927052-9/2026;Materiais de Consumo - Medicamentos e Materiais Médicos;Catálogo do Compras.gov.br;Material;6505;DROGAS E MEDICAMENTOS;9907;MORFINA;304871;APRESENTAÇÃO: SULFATO, CONCENTRAÇÃO: 10MG/ML, FORMA FARMACÊUTICA: SOLUÇÃO INJETÁVEL;AM;2700,0000;26,0400;70308,0000;0,0000;30/10/2026
ERN-HOSPITAL REG.TARCÍSIO DE VASCONCELOS MAIA;927052;768;Material;927052-9/2026;Materiais de Consumo - Medicamentos e Materiais Médicos;Catálogo do Compras.gov.br;Material;6505;DROGAS E MEDICAMENTOS;1795;IVERMECTINA;376767;CONCENTRAÇÃO: 6;COMPR;240,0000;0,4800;115,2000;0,0000;30/10/2026
ERN-HOSPITAL REG.TARCÍSIO DE VASCONCELOS MAIA;927052;769;Material;927052-9/2026;Materiais de Consumo - Medicamentos e Materiais Médicos;Catálogo do Compras.gov.br;Material;6505;DROGAS E MEDICAMENTOS;18501;NUTRIÇÃO PARENTERAL;295267;COMPONENTES: PODENDO OU NÃO TER ADIÇÃO DE: ÍONS CA,NA,K,CL,P,MG, COMPOSIÇÃO: SOL. AMINOÁCIDOS C/ GLUTAMINA, C/EMULSÃO LIPÍDICA, CONCENTRAÇÃO: COMPONENTES EM CONCENTRAÇÕES E VOLUMES VARIADOS, FORMA FARMACÊUTICA: PREPARAÇÃO INJETÁVEL ESPECIALMENTE MANIPULADA, OUTROS COMPONENTES: OLIGOELEMENTOS, VITAMINAS, HEPARINA E INSULINA;ML;20000,0000;0,4500;9000,0000;0,0000;30/10/2026
ERN-HOSPITAL REG.TARCÍSIO DE VASCONCELOS MAIA;927052;770;Material;927052-9/2026;Materiais de Consumo - Medicamentos e Materiais Médicos;Catálogo do Compras.gov.br;Material;6510;MATERIAIS CIRÚRGICOS PARA CURATIVOS;3104;ATADURA;621860;DIMENSÕES: CERCA DE 20, EMBALAGEM: EMBALAGEM INDIVIDUAL, GRAMATURA 1: CERCA DE 13 FIOS/, MATERIAL 1: TECIDO MISTO, TIPO 1: CREPOM;RO;24000,0000;0,9800;23520,0000;0,0000;30/10/2026
ERN-HOSPITAL REG.TARCÍSIO DE VASCONCELOS MAIA;927052;771;Material;927052-9/2026;Materiais de Consumo - Medicamentos e Materiais Médicos;Catálogo do Compras.gov.br;Material;6515;INSTRUMENTOS, EQUIPAMENTOS E SUPRIMENTOS MÉDICOS  E  CIRÚRGICOS;2898;CATETER P/ HEMODINÂMICA;459979;APLICAÇÃO: EMBOLECTOMIA, COMPONENTE 1: BALÃO DE LÁTEX NATURAL, DIMENSÕES: CERCA DE 3 FR X 80, ESTERILIDADE: ESTÉRIL, USO ÚNICO, MATERIAL: POLÍMERO, MODELO: TIPO FOGARTY;UN;12,0000;104,6300;1255,5600;0,0000;30/10/2026
ERN-HOSPITAL REG.TARCÍSIO DE VASCONCELOS MAIA;927052;772;Material;927052-9/2026;Materiais de Consumo - Medicamentos e Materiais Médicos;Catálogo do Compras.gov.br;Material;6515;INSTRUMENTOS, EQUIPAMENTOS E SUPRIMENTOS MÉDICOS  E  CIRÚRGICOS;30040;FIO DE SUTURA AGULHADO;487010;APRESENTAÇÃO: EMBALAGEM INDIVIDUAL, COMPRIMENTO AGULHA: CERCA DE 26, COMPRIMENTO FIO: CERCA DE 70, DIÂMETRO FIO: 2-0, ESTERILIDADE: ESTÉRIL, MATERIAL FIO: CATGUT CROMADO, MODELO AGULHA: CILÍNDRICA ROBUSTA, MODELO FIO: MULTIFILAMENTAR, TIPO AGULHA: AGULHA 1/2 CÍRCULO;UN;72,0000;4,0400;290,8800;0,0000;30/10/2026
ERN-HOSPITAL REG.TARCÍSIO DE VASCONCELOS MAIA;927052;773;Material;927052-9/2026;Materiais de Consumo - Medicamentos e Materiais Médicos;Catálogo do Compras.gov.br;Material;6505;DROGAS E MEDICAMENTOS;7644;FLUCONAZOL;271116;DOSAGEM: 2, USO: INJETÁVEL;BOL;1200,0000;11,2900;13548,0000;0,0000;30/10/2026
ERN-HOSPITAL REG.TARCÍSIO DE VASCONCELOS MAIA;927052;774;Material;927052-9/2026;Materiais de Consumo - Medicamentos e Materiais Médicos;Catálogo do Compras.gov.br;Material;6515;INSTRUMENTOS, EQUIPAMENTOS E SUPRIMENTOS MÉDICOS  E  CIRÚRGICOS;3701;CATETER PERIFÉRICO;625222;APLICAÇÃO: VENOSO, COMPONENTE 1: CÂMARA REFLUXO C/ FILTRO, COMPONENTE 2: C/ SISTEMA SEGURANÇA SEGUNDO NR/32, COMPRIMENTO: CERCA 30, CONECTOR: CONECTOR PADRÃO, DIAMETRO: 18, MATERIAL AGULHA: AGULHA AÇO INOX, MATERIAL CATETER: POLÍMERO RADIOPACO, TIPO USO: ESTÉRIL, DESCARTÁVEL, EMBALAGEM INDIVIDUAL;UN;4200,0000;1,5800;6636,0000;0,0000;30/10/2026
ERN-HOSPITAL REG.TARCÍSIO DE VASCONCELOS MAIA;927052;775;Material;927052-9/2026;Materiais de Consumo - Medicamentos e Materiais Médicos;Catálogo do Compras.gov.br;Material;6515;INSTRUMENTOS, EQUIPAMENTOS E SUPRIMENTOS MÉDICOS  E  CIRÚRGICOS;30040;FIO DE SUTURA AGULHADO;487629;APRESENTAÇÃO: EMBALAGEM INDIVIDUAL, COMPRIMENTO AGULHA: CERCA DE 30, COMPRIMENTO FIO: CERCA DE 70, DIÂMETRO FIO: 0 / 1-0, ESTERILIDADE: ESTÉRIL, MATERIAL FIO: POLIÉSTER C/ ALGODÃO AZUL, MODELO AGULHA: CILÍNDRICA, MODELO FIO: MULTIFILAMENTAR, TIPO AGULHA: AGULHA 3/8 CÍRCULO;UN;576,0000;3,1400;1808,6400;0,0000;30/10/2026
ERN-HOSPITAL REG.TARCÍSIO DE VASCONCELOS MAIA;927052;776;Material;927052-9/2026;Materiais de Consumo - Medicamentos e Materiais Médicos;Catálogo do Compras.gov.br;Material;6505;DROGAS E MEDICAMENTOS;6223;ISOSSORBIDA;273395;PRINCÍPIO ATIVO: SAL DINITRATO, DOSAGEM: 5, TIPO MEDICAMENTO: SUBLINGUAL;COMPR;600,0000;3,3700;2022,0000;0,0000;30/10/2026
ERN-HOSPITAL REG.TARCÍSIO DE VASCONCELOS MAIA;927052;777;Material;927052-9/2026;Materiais de Consumo - Medicamentos e Materiais Médicos;Catálogo do Compras.gov.br;Material;6505;DROGAS E MEDICAMENTOS;7364;FENTANILA;271950;APRESENTAÇÃO: SAL CITRATO, DOSAGEM: 0,05, INDICAÇÃO: SOLUÇÃO INJETÁVEL;AM;6000,0000;1,6800;10080,0000;0,0000;30/10/2026
ERN-HOSPITAL REG.TARCÍSIO DE VASCONCELOS MAIA;927052;778;Material;927052-9/2026;Materiais de Consumo - Medicamentos e Materiais Médicos;Catálogo do Compras.gov.br;Material;6505;DROGAS E MEDICAMENTOS;12335;SULFATO DE MAGNÉSIO;268075;CONCENTRAÇÃO: 50%, USO: SOLUÇÃO INJETÁVEL;AM;600,0000;6,3000;3780,0000;0,0000;30/10/2026
ERN-HOSPITAL REG.TARCÍSIO DE VASCONCELOS MAIA;927052;779;Material;927052-9/2026;Materiais de Consumo - Medicamentos e Materiais Médicos;Catálogo do Compras.gov.br;Material;6505;DROGAS E MEDICAMENTOS;6577;ENOXAPARINA;448982;CARACTERÍSTICAS ADICIONAIS 1: SERINGA PREENCHIDA, CONCENTRAÇÃO: 100, FORMA FARMACEUTICA: SOLUÇÃO INJETÁVEL;SER;9000,0000;15,4700;139230,0000;0,0000;30/10/2026
ERN-HOSPITAL REG.TARCÍSIO DE VASCONCELOS MAIA;927052;780;Material;927052-9/2026;Materiais de Consumo - Medicamentos e Materiais Médicos;Catálogo do Compras.gov.br;Material;6515;INSTRUMENTOS, EQUIPAMENTOS E SUPRIMENTOS MÉDICOS  E  CIRÚRGICOS;8203;DRENO CIRÚRGICO;438491;CALIBRE: 36, COMPONENTE II: RADIOPACO, COMPRIMENTO: CERCA DE 50, CONECTOR UNIVERSAL: C/ CONECTOR, EMBALAGEM: EMBALAGEM INDIVIDUAL, MATERIAL: SILICONE, MODELO: TORÁCICO, TIPO USO: ESTÉRIL, DESCARTÁVEL;UN;60,0000;27,4800;1648,8000;0,0000;30/10/2026
ERN-HOSPITAL REG.TARCÍSIO DE VASCONCELOS MAIA;927052;781;Material;927052-9/2026;Materiais de Consumo - Medicamentos e Materiais Médicos;Catálogo do Compras.gov.br;Material;6505;DROGAS E MEDICAMENTOS;354;ÁCIDO FÓLICO;267503;DOSAGEM: 5;COMPR;1200,0000;0,0400;48,0000;0,0000;30/10/2026
ERN-HOSPITAL REG.TARCÍSIO DE VASCONCELOS MAIA;927052;782;Material;927052-9/2026;Materiais de Consumo - Medicamentos e Materiais Médicos;Catálogo do Compras.gov.br;Material;6505;DROGAS E MEDICAMENTOS;11870;SABONETE LÍQUIDO;604234;ACIDEZ: 5,5 A 6,0, APLICAÇÃO: ASSEPSIA DAS MÃOS, ASPECTO FÍSICO: LÍQUIDO VISCOSO, CARACTERÍSTICAS ADICIONAIS: PRONTO USO;BOM;500,0000;11,9700;5985,0000;0,0000;30/10/2026
ERN-HOSPITAL REG.TARCÍSIO DE VASCONCELOS MAIA;927052;783;Material;927052-9/2026;Materiais de Consumo - Medicamentos e Materiais Médicos;Catálogo do Compras.gov.br;Material;6505;DROGAS E MEDICAMENTOS;5331;COLAGENASE;268958;CONCENTRAÇÃO: 0,6UI/G, USO: POMADA;BIS;1200,0000;10,8300;12996,0000;0,0000;30/10/2026
ERN-HOSPITAL REG.TARCÍSIO DE VASCONCELOS MAIA;927052;784;Material;927052-9/2026;Materiais de Consumo - Medicamentos e Materiais Médicos;Catálogo do Compras.gov.br;Material;6505;DROGAS E MEDICAMENTOS;9038;ENALAPRIL MALEATO;267651;DOSAGEM: 10;COMPR;4200,0000;0,0400;168,0000;0,0000;30/10/2026
ERN-HOSPITAL REG.TARCÍSIO DE VASCONCELOS MAIA;927052;785;Material;927052-9/2026;Materiais de Consumo - Medicamentos e Materiais Médicos;Catálogo do Compras.gov.br;Material;6505;DROGAS E MEDICAMENTOS;8220;HIDROCLOROTIAZIDA;267674;DOSAGEM: 25;COMPR;3000,0000;0,0400;120,0000;0,0000;30/10/2026
ERN-HOSPITAL REG.TARCÍSIO DE VASCONCELOS MAIA;927052;786;Material;927052-9/2026;Materiais de Consumo - Medicamentos e Materiais Médicos;Catálogo do Compras.gov.br;Material;6505;DROGAS E MEDICAMENTOS;6382;DOPAMINA;268960;DOSAGEM: 5 MG/ML, APRESENTAÇÃO: SOLUÇÃO INJETÁVEL;AM;300,0000;3,1500;945,0000;0,0000;30/10/2026
ERN-HOSPITAL REG.TARCÍSIO DE VASCONCELOS MAIA;927052;787;Material;927052-9/2026;Materiais de Consumo - Medicamentos e Materiais Médicos;Catálogo do Compras.gov.br;Material;6515;INSTRUMENTOS, EQUIPAMENTOS E SUPRIMENTOS MÉDICOS  E  CIRÚRGICOS;8127;GUIA P/ INTUBAÇÃO TRAQUEAL;452989;ESTERILIDADE*: ESTÉRIL, DESCARTÁVEL, MATERIAL HASTE: POLÍMERO, MODELO: TIPO BOUGIE, TAMANHO*: INFANTIL;UN;12,0000;14,9200;179,0400;0,0000;30/10/2026
ERN-HOSPITAL REG.TARCÍSIO DE VASCONCELOS MAIA;927052;788;Material;927052-9/2026;Materiais de Consumo - Medicamentos e Materiais Médicos;Catálogo do Compras.gov.br;Material;6510;MATERIAIS CIRÚRGICOS PARA CURATIVOS;3104;ATADURA;444614;CARACTERÍSTICAS ADICIONAIS 1: SECAGEM ULTRA RÁPIDA, DIMENSÕES: 20, MATERIAL 1: 100% ALGODÃO, TIPO 1: GESSADA;RO;3000,0000;18,8600;56580,0000;0,0000;30/10/2026
ERN-HOSPITAL REG.TARCÍSIO DE VASCONCELOS MAIA;927052;789;Material;927052-9/2026;Materiais de Consumo - Medicamentos e Materiais Médicos;Catálogo do Compras.gov.br;Material;6505;DROGAS E MEDICAMENTOS;18664;CARMELOSE SÓDICA;305428;CONCENTRAÇÃO: 5, FORMA FARMACÊUTICA: SOLUÇÃO OFTÁLMICA;FR;60,0000;13,4000;804,0000;0,0000;30/10/2026
ERN-HOSPITAL REG.TARCÍSIO DE VASCONCELOS MAIA;927052;790;Material;927052-9/2026;Materiais de Consumo - Medicamentos e Materiais Médicos;Catálogo do Compras.gov.br;Material;6515;INSTRUMENTOS, EQUIPAMENTOS E SUPRIMENTOS MÉDICOS  E  CIRÚRGICOS;2232;FILTRO CAPILAR DIALISADOR;454371;ESTERILIDADE: ESTÉRIL, MATERIAL: MEMBRANA BIOCOMPATÍVEL, PERMEABILIDADE: ALTO FLUXO CAPILAR, SUPERFÍCIE CORPORAL: SUPERFÍCIE DE 1,6 A 2,0;UN;1000,0000;55,0000;55000,0000;0,0000;30/10/2026
ERN-HOSPITAL REG.TARCÍSIO DE VASCONCELOS MAIA;927052;791;Material;927052-9/2026;Materiais de Consumo - Medicamentos e Materiais Médicos;Catálogo do Compras.gov.br;Material;6515;INSTRUMENTOS, EQUIPAMENTOS E SUPRIMENTOS MÉDICOS  E  CIRÚRGICOS;2224;TUBO ENDOTRAQUEAL;451373;CALIBRE: 7,5, COMPONENTE 1: BALÃO ALTO VOLUME E BAIXA PRESSÃO, COMPONENTE 2: RADIOPACO, GRADUADO, ESTERILIDADE: ESTÉRIL, USO ÚNICO, MATERIAL: PVC SILICONIZADO ARAMADO, MODELO: CURVA MAGILL, TIPO CONECTOR: CONECTOR PADRÃO, TIPO PONTA: C/ PONTA DISTAL ATRAUMÁTICA;UN;60,0000;25,3500;1521,0000;0,0000;30/10/2026
ERN-HOSPITAL REG.TARCÍSIO DE VASCONCELOS MAIA;927052;792;Material;927052-9/2026;Materiais de Consumo - Medicamentos e Materiais Médicos;Catálogo do Compras.gov.br;Material;6515;INSTRUMENTOS, EQUIPAMENTOS E SUPRIMENTOS MÉDICOS  E  CIRÚRGICOS;30040;FIO DE SUTURA AGULHADO;487091;APRESENTAÇÃO: EMBALAGEM INDIVIDUAL, COMPRIMENTO AGULHA: CERCA DE 8, COMPRIMENTO FIO: CERCA DE 45, DIÂMETRO FIO: 6-0, ESTERILIDADE: ESTÉRIL, MATERIAL FIO: POLIGLACTINA VIOLETA, MODELO AGULHA: ESPATULADA, MODELO FIO: MULTIFILAMENTAR, TIPO AGULHA: 2 AGULHAS 1/4 CÍRCULO NAS EXTREMIDADES;UN;360,0000;49,8700;17953,2000;0,0000;30/10/2026
ERN-HOSPITAL REG.TARCÍSIO DE VASCONCELOS MAIA;927052;793;Material;927052-9/2026;Materiais de Consumo - Medicamentos e Materiais Médicos;Catálogo do Compras.gov.br;Material;6515;INSTRUMENTOS, EQUIPAMENTOS E SUPRIMENTOS MÉDICOS  E  CIRÚRGICOS;13092;TUBO PARA COLETA DE AMOSTRA BIOLÓGICA;458641;CARACTERÍSTICA ADICIONAL: À VÁCUO, COMPONENTES: COM CITRATO DE SÓDIO 3,2%, ESTERILIDADE: ESTÉRIL, DESCARTÁVEL, MATERIAL: PLÁSTICO, USO: COLETA DE SANGUE, VOLUME: 5;UN;20000,0000;0,8900;17800,0000;0,0000;30/10/2026
ERN-HOSPITAL REG.TARCÍSIO DE VASCONCELOS MAIA;927052;794;Material;927052-9/2026;Materiais de Consumo - Medicamentos e Materiais Médicos;Catálogo do Compras.gov.br;Material;6505;DROGAS E MEDICAMENTOS;14707;GENTAMICINA;268256;DOSAGEM: 40, APLICAÇÃO: SOLUÇÃO INJETÁVEL;AM;900,0000;1,2800;1152,0000;0,0000;30/10/2026
ERN-HOSPITAL REG.TARCÍSIO DE VASCONCELOS MAIA;927052;795;Material;927052-9/2026;Materiais de Consumo - Medicamentos e Materiais Médicos;Catálogo do Compras.gov.br;Material;6515;INSTRUMENTOS, EQUIPAMENTOS E SUPRIMENTOS MÉDICOS  E  CIRÚRGICOS;7510;CATETER CENTRAL;437299;APLICAÇÃO: VENOSO, COMPONENTE: KIT INTRODUTOR COMPLETO, COMPRIMENTO: CERCA 30, CONECTOR: CONECTORES PADRÃO, CLAMP EM TODAS VIAS E TAMPAS, DIÂMETRO: CERCA 7 FR, LÚMEN: 16, MATÉRIA PRIMA: POLIURETANO RADIOPACO, TIPO FIXAÇÃO: FIXAÇÃO SUBCUTÂNEA, TIPO USO: ESTÉRIL, DESCARTÁVEL, EMBALAGEM INDIVIDUAL, VIAS: DUPLO LÚMEN;UN;780,0000;38,3900;29944,2000;0,0000;30/10/2026
ERN-HOSPITAL REG.TARCÍSIO DE VASCONCELOS MAIA;927052;796;Material;927052-9/2026;Materiais de Consumo - Medicamentos e Materiais Médicos;Catálogo do Compras.gov.br;Material;6515;INSTRUMENTOS, EQUIPAMENTOS E SUPRIMENTOS MÉDICOS  E  CIRÚRGICOS;30040;FIO DE SUTURA AGULHADO;487509;APRESENTAÇÃO: EMBALAGEM INDIVIDUAL, COMPRIMENTO AGULHA: CERCA DE 26, COMPRIMENTO FIO: CERCA DE 70, DIÂMETRO FIO: 4-0, ESTERILIDADE: ESTÉRIL, MATERIAL FIO: POLIPROPILENO AZUL, MODELO AGULHA: CILÍNDRICA, MODELO FIO: MONOFILAMENTAR, TIPO AGULHA: AGULHA 1/2 CÍRCULO;UN;144,0000;5,7900;833,7600;0,0000;30/10/2026
ERN-HOSPITAL REG.TARCÍSIO DE VASCONCELOS MAIA;927052;797;Material;927052-9/2026;Materiais de Consumo - Medicamentos e Materiais Médicos;Catálogo do Compras.gov.br;Material;6505;DROGAS E MEDICAMENTOS;13483;VARFARINA SÓDICA;279269;DOSAGEM: 5;COMPR;180,0000;0,1100;19,8000;0,0000;30/10/2026
ERN-HOSPITAL REG.TARCÍSIO DE VASCONCELOS MAIA;927052;798;Material;927052-9/2026;Materiais de Consumo - Medicamentos e Materiais Médicos;Catálogo do Compras.gov.br;Material;6505;DROGAS E MEDICAMENTOS;3106;ATENOLOL;267516;DOSAGEM: 25;COMPR;3000,0000;0,0700;210,0000;0,0000;30/10/2026
ERN-HOSPITAL REG.TARCÍSIO DE VASCONCELOS MAIA;927052;799;Material;927052-9/2026;Materiais de Consumo - Medicamentos e Materiais Médicos;Catálogo do Compras.gov.br;Material;6515;INSTRUMENTOS, EQUIPAMENTOS E SUPRIMENTOS MÉDICOS  E  CIRÚRGICOS;30040;FIO DE SUTURA AGULHADO;487509;APRESENTAÇÃO: EMBALAGEM INDIVIDUAL, COMPRIMENTO AGULHA: CERCA DE 26, COMPRIMENTO FIO: CERCA DE 70, DIÂMETRO FIO: 4-0, ESTERILIDADE: ESTÉRIL, MATERIAL FIO: POLIPROPILENO AZUL, MODELO AGULHA: CILÍNDRICA, MODELO FIO: MONOFILAMENTAR, TIPO AGULHA: AGULHA 1/2 CÍRCULO;UN;144,0000;2,1200;305,2800;0,0000;30/10/2026
ERN-HOSPITAL REG.TARCÍSIO DE VASCONCELOS MAIA;927052;800;Material;927052-9/2026;Materiais de Consumo - Medicamentos e Materiais Médicos;Catálogo do Compras.gov.br;Material;6515;INSTRUMENTOS, EQUIPAMENTOS E SUPRIMENTOS MÉDICOS  E  CIRÚRGICOS;11700;REANIMADOR MANUAL;456406;CAPACIDADE BALÃO: CERCA 1,5, COMPONENTE 1: MÁSCARA PLÁSTICO RÍGIDO C/ COXIM SILICONE, COMPONENTE 2: RESERVATÓRIO DE O2 EM PLÁSTICO C/ VÁLVULA, COMPONENTES 3: ENTRADA DE O2 E EXTENSOR PVC, MATERIAL BALÃO: SILICONE, TAMANHOS: ADULTO, TIPO VÁLVULA: VÁLVULA UNIDIRECIONAL POP OFF CERCA 60 CMH2O, PEEP;UN;60,0000;170,6700;10240,2000;0,0000;30/10/2026
ERN-HOSPITAL REG.TARCÍSIO DE VASCONCELOS MAIA;927052;801;Material;927052-9/2026;Materiais de Consumo - Medicamentos e Materiais Médicos;Catálogo do Compras.gov.br;Material;6505;DROGAS E MEDICAMENTOS;11262;PROMETAZINA CLORIDRATO;267768;DOSAGEM: 25;COMPR;180,0000;0,1600;28,8000;0,0000;30/10/2026
ERN-HOSPITAL REG.TARCÍSIO DE VASCONCELOS MAIA;927052;802;Material;927052-9/2026;Materiais de Consumo - Medicamentos e Materiais Médicos;Catálogo do Compras.gov.br;Material;6505;DROGAS E MEDICAMENTOS;9697;METILDOPA;267689;DOSAGEM: 250 MG;COMPR;1200,0000;0,4500;540,0000;0,0000;30/10/2026
ERN-HOSPITAL REG.TARCÍSIO DE VASCONCELOS MAIA;927052;803;Material;927052-9/2026;Materiais de Consumo - Medicamentos e Materiais Médicos;Catálogo do Compras.gov.br;Material;6515;INSTRUMENTOS, EQUIPAMENTOS E SUPRIMENTOS MÉDICOS  E  CIRÚRGICOS;30040;FIO DE SUTURA AGULHADO;487416;APRESENTAÇÃO: EMBALAGEM INDIVIDUAL, COMPRIMENTO AGULHA: CERCA DE 20, COMPRIMENTO FIO: CERCA DE 45, DIÂMETRO FIO: 5-0, ESTERILIDADE: ESTÉRIL, MATERIAL FIO: NYLON / POLIAMIDA PRETO, MODELO AGULHA: CORTANTE REVERSA / INVERTIDA, MODELO FIO: MONOFILAMENTAR, TIPO AGULHA: AGULHA 3/8 CÍRCULO;UN;144,0000;3,1000;446,4000;0,0000;30/10/2026
ERN-HOSPITAL REG.TARCÍSIO DE VASCONCELOS MAIA;927052;804;Material;927052-9/2026;Materiais de Consumo - Medicamentos e Materiais Médicos;Catálogo do Compras.gov.br;Material;6505;DROGAS E MEDICAMENTOS;8200;HEPARINA SÓDICA;272796;DOSAGEM: 5.000UI/ML, INDICAÇÃO: INJETÁVEL;AM;2400,0000;6,7300;16152,0000;0,0000;30/10/2026
ERN-HOSPITAL REG.TARCÍSIO DE VASCONCELOS MAIA;927052;805;Material;927052-9/2026;Materiais de Consumo - Medicamentos e Materiais Médicos;Catálogo do Compras.gov.br;Material;6505;DROGAS E MEDICAMENTOS;5116;CLORETO DE POTÁSSIO;267164;DOSAGEM: 6%, APRESENTAÇÃO: SOLUÇÃO ORAL;FR;120,0000;2,6400;316,8000;0,0000;30/10/2026
ERN-HOSPITAL REG.TARCÍSIO DE VASCONCELOS MAIA;927052;806;Material;927052-9/2026;Materiais de Consumo - Medicamentos e Materiais Médicos;Catálogo do Compras.gov.br;Material;6505;DROGAS E MEDICAMENTOS;8857;LINEZOLIDA;273413;DOSAGEM: 2, TIPO MEDICAMENTO: SOLUÇÃO INJETÁVEL;BOL;1320,0000;15,2400;20116,8000;0,0000;30/10/2026
ERN-HOSPITAL REG.TARCÍSIO DE VASCONCELOS MAIA;927052;807;Material;927052-9/2026;Materiais de Consumo - Medicamentos e Materiais Médicos;Catálogo do Compras.gov.br;Material;6515;INSTRUMENTOS, EQUIPAMENTOS E SUPRIMENTOS MÉDICOS  E  CIRÚRGICOS;13092;TUBO PARA COLETA DE AMOSTRA BIOLÓGICA;469645;CARACTERÍSTICA ADICIONAL: À VÁCUO, COMPONENTES: COM EDTA-K2 E GEL SEPARADOR, ESTERILIDADE: ESTÉRIL, DESCARTÁVEL, MATERIAL: PLÁSTICO, USO: COLETA DE SANGUE, VOLUME: 3,5;UN;45000,0000;0,8800;39600,0000;0,0000;30/10/2026
ERN-HOSPITAL REG.TARCÍSIO DE VASCONCELOS MAIA;927052;808;Material;927052-9/2026;Materiais de Consumo - Medicamentos e Materiais Médicos;Catálogo do Compras.gov.br;Material;6515;INSTRUMENTOS, EQUIPAMENTOS E SUPRIMENTOS MÉDICOS  E  CIRÚRGICOS;19920;FILTRO TERAPIA RESPIRATÓRIA;479621;APLICAÇÃO: P/ CIRCUITO RESPIRATÓRIO, COMPONENTE: CONEXÕES PADRÃO C/ VIA P/ CAPNOGRAFIA, ESTERILIDADE: ESTÉRIL, MODELO: HMEF, TAMANHO: ADULTO, TIPO: TROCA CALOR E UMIDADE C/ BARREIRA MICROBIOLÓGICA, TIPO MEMBRANA: HIDRÓFOBICO E HIGROSCÓPICO;UN;1200,0000;15,2400;18288,0000;0,0000;30/10/2026
ERN-HOSPITAL REG.TARCÍSIO DE VASCONCELOS MAIA;927052;809;Material;927052-9/2026;Materiais de Consumo - Medicamentos e Materiais Médicos;Catálogo do Compras.gov.br;Material;6515;INSTRUMENTOS, EQUIPAMENTOS E SUPRIMENTOS MÉDICOS  E  CIRÚRGICOS;2639;SONDA TRATO URINÁRIO;436007;CALIBRE: 16, COMPONENTES: C/ ORIFÍCIOS LATERAIS, CONECTOR: CONECTORES PADRÃO, EMBALAGEM: EMBALAGEM INDIVIDUAL, ESTERILIDADE: ESTÉRIL, DESCARTÁVEL, MATERIAL: BORRACHA, MODELO: FOLEY, TIPO PONTA: PONTA DISTAL CILÍNDRICA FECHADA, VIAS: 2 VIAS, VOLUME: C/ BALÃO CERCA 30;UN;600,0000;2,6900;1614,0000;0,0000;30/10/2026
ERN-HOSPITAL REG.TARCÍSIO DE VASCONCELOS MAIA;927052;810;Material;927052-9/2026;Materiais de Consumo - Medicamentos e Materiais Médicos;Catálogo do Compras.gov.br;Material;6505;DROGAS E MEDICAMENTOS;12357;SULFATO FERROSO;292345;DOSAGEM FERRO: 25MG/ML DE FERRO II, FORMA FARMACÊUTICA: SOLUÇÃO ORAL-GOTAS;FR;18,0000;1,2300;22,1400;0,0000;30/10/2026
ERN-HOSPITAL REG.TARCÍSIO DE VASCONCELOS MAIA;927052;811;Material;927052-9/2026;Materiais de Consumo - Medicamentos e Materiais Médicos;Catálogo do Compras.gov.br;Material;6505;DROGAS E MEDICAMENTOS;2436;AMOXICILINA;271100;CONCENTRAÇÃO: 1G + 200MG, PRINCÍPIO ATIVO: ASSOCIADA COM CLAVULANATO DE POTÁSSIO, APRESENTAÇÃO: INJETÁVEL;FR-AM;84,0000;42,1300;3538,9200;0,0000;30/10/2026
ERN-HOSPITAL REG.TARCÍSIO DE VASCONCELOS MAIA;927052;812;Material;927052-9/2026;Materiais de Consumo - Medicamentos e Materiais Médicos;Catálogo do Compras.gov.br;Material;6505;DROGAS E MEDICAMENTOS;3929;BROMOPRIDA;269958;DOSAGEM: 5, APRESENTAÇÃO: INJETÁVEL;AM;7800,0000;1,7300;13494,0000;0,0000;30/10/2026
ERN-HOSPITAL REG.TARCÍSIO DE VASCONCELOS MAIA;927052;813;Material;927052-9/2026;Materiais de Consumo - Medicamentos e Materiais Médicos;Catálogo do Compras.gov.br;Material;6515;INSTRUMENTOS, EQUIPAMENTOS E SUPRIMENTOS MÉDICOS  E  CIRÚRGICOS;30040;FIO DE SUTURA AGULHADO;487654;APRESENTAÇÃO: EMBALAGEM INDIVIDUAL, COMPONENTE FIO: C/ REVESTIMENTO DESLIZANTE, COMPRIMENTO AGULHA: CERCA DE 50, COMPRIMENTO FIO: 4 X CERCA DE 70, DIÂMETRO FIO: Nº 5, ESTERILIDADE: ESTÉRIL, MATERIAL FIO: POLIÉSTER VERDE, MODELO AGULHA: CORTANTE, MODELO FIO: MULTIFILAMENTAR, TIPO AGULHA: AGULHA 1/2 CÍRCULO;UN;720,0000;14,1100;10159,2000;0,0000;30/10/2026
ERN-HOSPITAL REG.TARCÍSIO DE VASCONCELOS MAIA;927052;814;Material;927052-9/2026;Materiais de Consumo - Medicamentos e Materiais Médicos;Catálogo do Compras.gov.br;Material;6515;INSTRUMENTOS, EQUIPAMENTOS E SUPRIMENTOS MÉDICOS  E  CIRÚRGICOS;12820;TORNEIRA;627147;ACABAMENTO SUPERFICIAL: CROMADO, APLICAÇÃO: COZINHA, CARACTERISTICAS ADICIONAIS: BICA MÓVEL GIRATÓRIA, DIÂMETRO: 1/4, MATERIAL CORPO: METAL, TIPO: BICA ALTA;UN;30,0000;30,0000;900,0000;0,0000;30/10/2026
ERN-HOSPITAL REG.TARCÍSIO DE VASCONCELOS MAIA;927052;815;Material;927052-9/2026;Materiais de Consumo - Medicamentos e Materiais Médicos;Catálogo do Compras.gov.br;Material;6505;DROGAS E MEDICAMENTOS;2436;AMOXICILINA;271089;CONCENTRAÇÃO: 500MG;CAPS;1800,0000;0,2000;360,0000;0,0000;30/10/2026
ERN-HOSPITAL REG.TARCÍSIO DE VASCONCELOS MAIA;927052;816;Material;927052-9/2026;Materiais de Consumo - Medicamentos e Materiais Médicos;Catálogo do Compras.gov.br;Material;6515;INSTRUMENTOS, EQUIPAMENTOS E SUPRIMENTOS MÉDICOS  E  CIRÚRGICOS;18351;EMBALAGEM P/ ESTERILIZAÇÃO;442487;APLICAÇÃO 1: P/ ESTERILIZAÇÃO DE FORMALDEÍDO, APRESENTAÇÃO: ROLO, COMPONENTES: C/ INDICADOR QUÍMICO, COMPONENTES ADICIONAIS: TERMOSSELANTE, COMPOSIÇÃO: C/ FILME POLÍMERO MULTILAMINADO, GRAMATURA / ESPESSURA: CERCA DE 60, MATERIAL: PAPEL GRAU CIRÚRGICO, TAMANHO: CERCA DE 40, TIPO USO: USO ÚNICO;RO;24,0000;210,9200;5062,0800;0,0000;30/10/2026
ERN-HOSPITAL REG.TARCÍSIO DE VASCONCELOS MAIA;927052;817;Material;927052-9/2026;Materiais de Consumo - Medicamentos e Materiais Médicos;Catálogo do Compras.gov.br;Material;6510;MATERIAIS CIRÚRGICOS PARA CURATIVOS;30022;CURATIVO / COBERTURA;484902;APLICAÇÃO: P/ FERIDA, ASPECTO FÍSICO: PLACA, COMPONENTE 1: C/ PELÍCULA E ESPUMA PU, COMPONENTE 3: C/ SILICONE, COMPONENTE 4: C/ PRATA, COMPOSIÇÃO: À BASE DE HIDROFIBRA (CMC), DIMENSÃO: CERCA DE 15 X 15, ESTERILIDADE: ESTÉRIL;UN;300,0000;37,7400;11322,0000;0,0000;30/10/2026
ERN-HOSPITAL REG.TARCÍSIO DE VASCONCELOS MAIA;927052;818;Material;927052-9/2026;Materiais de Consumo - Medicamentos e Materiais Médicos;Catálogo do Compras.gov.br;Material;6515;INSTRUMENTOS, EQUIPAMENTOS E SUPRIMENTOS MÉDICOS  E  CIRÚRGICOS;15284;LÂMINA BISTURI;361078;CARACTERÍSTICAS ADICIONAIS: EMBALADA INDIVIDUALMENTE, ESTERILIDADE: ESTÉRIL, MATERIAL: AÇO INOXIDÁVEL, TAMANHO: Nº 23, TIPO: DESCARTÁVEL;UN;10800,0000;0,4100;4428,0000;0,0000;30/10/2026
ERN-HOSPITAL REG.TARCÍSIO DE VASCONCELOS MAIA;927052;819;Material;927052-9/2026;Materiais de Consumo - Medicamentos e Materiais Médicos;Catálogo do Compras.gov.br;Material;6505;DROGAS E MEDICAMENTOS;17708;DIPIRONA SÓDICA;268252;APRESENTAÇÃO: SOLUÇÃO INJETÁVEL, DOSAGEM: 500;AM;72000,0000;1,1600;83520,0000;0,0000;30/10/2026
ERN-HOSPITAL REG.TARCÍSIO DE VASCONCELOS MAIA;927052;820;Material;927052-9/2026;Materiais de Consumo - Medicamentos e Materiais Médicos;Catálogo do Compras.gov.br;Material;6515;INSTRUMENTOS, EQUIPAMENTOS E SUPRIMENTOS MÉDICOS  E  CIRÚRGICOS;30040;FIO DE SUTURA AGULHADO;487659;APRESENTAÇÃO: EMBALAGEM INDIVIDUAL, COMPRIMENTO AGULHA: CERCA DE 45, COMPRIMENTO FIO: 4 X CERCA DE 50, DIÂMETRO FIO: 2-0, ESTERILIDADE: ESTÉRIL, MATERIAL FIO: AÇO INOXIDÁVEL, MODELO AGULHA: CORTANTE REVERSA / INVERTIDA, MODELO FIO: MONOFILAMENTAR, TIPO AGULHA: AGULHA 3/8 CÍRCULO;UN;60,0000;5,8000;348,0000;0,0000;30/10/2026
ERN-HOSPITAL REG.TARCÍSIO DE VASCONCELOS MAIA;927052;821;Material;927052-9/2026;Materiais de Consumo - Medicamentos e Materiais Médicos;Catálogo do Compras.gov.br;Material;6515;INSTRUMENTOS, EQUIPAMENTOS E SUPRIMENTOS MÉDICOS  E  CIRÚRGICOS;19949;ESCOVA LIMPEZA - CME;481847;APLICAÇÃO: P/ CANULADO, COMPRIMENTO TOTAL: CERCA DE 15, DIÂMETRO PONTA: CERCA DE 10, HASTE: HASTE LIGA METÁLICA, MATERIAL CERDAS: CERDAS DE NYLON, PONTA ATIVA: EM UMA DAS EXTREMIDADES, TIPO USO: REPROCESSÁVEL;UN;16,0000;51,7500;828,0000;0,0000;30/10/2026
ERN-HOSPITAL REG.TARCÍSIO DE VASCONCELOS MAIA;927052;822;Material;927052-9/2026;Materiais de Consumo - Medicamentos e Materiais Médicos;Catálogo do Compras.gov.br;Material;6505;DROGAS E MEDICAMENTOS;8921;LORAZEPAM;273473;CONCENTRAÇÃO: 2;COMPR;180,0000;0,2400;43,2000;0,0000;30/10/2026
ERN-HOSPITAL REG.TARCÍSIO DE VASCONCELOS MAIA;927052;823;Material;927052-9/2026;Materiais de Consumo - Medicamentos e Materiais Médicos;Catálogo do Compras.gov.br;Material;6505;DROGAS E MEDICAMENTOS;9907;MORFINA;304870;APRESENTAÇÃO: SULFATO, CONCENTRAÇÃO: 1MG/ML, FORMA FARMACÊUTICA: SOLUÇÃO INJETÁVEL;AM;60,0000;6,0500;363,0000;0,0000;30/10/2026
ERN-HOSPITAL REG.TARCÍSIO DE VASCONCELOS MAIA;927052;824;Material;927052-9/2026;Materiais de Consumo - Medicamentos e Materiais Médicos;Catálogo do Compras.gov.br;Material;6515;INSTRUMENTOS, EQUIPAMENTOS E SUPRIMENTOS MÉDICOS  E  CIRÚRGICOS;30040;FIO DE SUTURA AGULHADO;487133;APRESENTAÇÃO: EMBALAGEM INDIVIDUAL, COMPONENTE FIO: C/ BACTERIOSTÁTICO / BACTERICIDA, COMPRIMENTO AGULHA: CERCA DE 26, COMPRIMENTO FIO: CERCA DE 70, DIÂMETRO FIO: 2-0, ESTERILIDADE: ESTÉRIL, MATERIAL FIO: POLIGLACTINA VIOLETA, MODELO AGULHA: CILÍNDRICA, MODELO FIO: MULTIFILAMENTAR, TIPO AGULHA: AGULHA 1/2 CÍRCULO;UN;648,0000;12,4600;8074,0800;0,0000;30/10/2026
ERN-HOSPITAL REG.TARCÍSIO DE VASCONCELOS MAIA;927052;825;Material;927052-9/2026;Materiais de Consumo - Medicamentos e Materiais Médicos;Catálogo do Compras.gov.br;Material;6515;INSTRUMENTOS, EQUIPAMENTOS E SUPRIMENTOS MÉDICOS  E  CIRÚRGICOS;19955;ACESSÓRIO P/ CME;615898;ADICIONAL 1: FENESTRADO E VAZADO, APLICAÇÃO: P/ LIMPEZA EXTERNA DE ENDOSCÓPIO, DIMENSÕES: CERCA DE 5 X 10, MATERIAL: POLÍMERO, TIPO 2: ESPONJA, TIPO USO: REUTILIZÁVEL;UN;160,0000;8,1000;1296,0000;0,0000;30/10/2026
ERN-HOSPITAL REG.TARCÍSIO DE VASCONCELOS MAIA;927052;826;Material;927052-9/2026;Materiais de Consumo - Medicamentos e Materiais Médicos;Catálogo do Compras.gov.br;Material;6505;DROGAS E MEDICAMENTOS;353;ÁCIDO ACETILSALICÍLICO;267502;DOSAGEM: 100;COMPR;9000,0000;0,0600;540,0000;0,0000;30/10/2026
ERN-HOSPITAL REG.TARCÍSIO DE VASCONCELOS MAIA;927052;827;Material;927052-9/2026;Materiais de Consumo - Medicamentos e Materiais Médicos;Catálogo do Compras.gov.br;Material;6505;DROGAS E MEDICAMENTOS;9699;METILPREDNISOLONA;271599;PRINCÍPIO ATIVO: SAL SUCCINATO, DOSAGEM: 500, APRESENTAÇÃO: PÓ LIOFILIZADO + DILUENTE, INJETÁVEL;FR-AM;150,0000;12,9600;1944,0000;0,0000;30/10/2026
ERN-HOSPITAL REG.TARCÍSIO DE VASCONCELOS MAIA;927052;828;Material;927052-9/2026;Materiais de Consumo - Medicamentos e Materiais Médicos;Catálogo do Compras.gov.br;Material;6505;DROGAS E MEDICAMENTOS;16511;METARAMINOL;442581;CONCENTRAÇAO: 10, FORMA FARMACEUTICA: SOLUÇÃO INJETÁVEL;AM;750,0000;17,4300;13072,5000;0,0000;30/10/2026
ERN-HOSPITAL REG.TARCÍSIO DE VASCONCELOS MAIA;927052;829;Material;927052-9/2026;Materiais de Consumo - Medicamentos e Materiais Médicos;Catálogo do Compras.gov.br;Material;6510;MATERIAIS CIRÚRGICOS PARA CURATIVOS;18085;ALGODÃO USO MÉDICO;448248;APRESENTAÇÃO: EM MANTAS, CARACTERÍSTICAS ADICIONAIS: ENROLADO EM PAPEL APROPRIADO, MATERIAL: EM FIBRA DE ALGODÃO CRÚ, TAMANHO: 20, TIPO: ORTOPÉDICO, TIPO EMBALAGEM: EMBALAGEM INDIVIDUAL;RO;2400,0000;1,3300;3192,0000;0,0000;30/10/2026
ERN-HOSPITAL REG.TARCÍSIO DE VASCONCELOS MAIA;927052;831;Material;927052-9/2026;Materiais de Consumo - Medicamentos e Materiais Médicos;Catálogo do Compras.gov.br;Material;6505;DROGAS E MEDICAMENTOS;7878;FUROSEMIDA;267663;DOSAGEM: 40;COMPR;3000,0000;0,0600;180,0000;0,0000;30/10/2026
ERN-HOSPITAL REG.TARCÍSIO DE VASCONCELOS MAIA;927052;832;Material;927052-9/2026;Materiais de Consumo - Medicamentos e Materiais Médicos;Catálogo do Compras.gov.br;Material;6515;INSTRUMENTOS, EQUIPAMENTOS E SUPRIMENTOS MÉDICOS  E  CIRÚRGICOS;2224;TUBO ENDOTRAQUEAL;451429;CALIBRE: 4,0, COMPONENTE 2: RADIOPACO, GRADUADO, ESTERILIDADE: ESTÉRIL, USO ÚNICO, MATERIAL: SILICONE, MODELO: CURVA MAGILL, TIPO CONECTOR: CONECTOR PADRÃO, TIPO PONTA: C/ PONTA DISTAL ATRAUMÁTICA;UN;6,0000;4,2400;25,4400;0,0000;30/10/2026
ERN-HOSPITAL REG.TARCÍSIO DE VASCONCELOS MAIA;927052;833;Material;927052-9/2026;Materiais de Consumo - Medicamentos e Materiais Médicos;Catálogo do Compras.gov.br;Material;6515;INSTRUMENTOS, EQUIPAMENTOS E SUPRIMENTOS MÉDICOS  E  CIRÚRGICOS;9413;TUBO SUPRAGLÓTICO;451114;COMPONENTE 1: C/ LINHA DE REFERÊNCIA, COMPONENTE ADICIONAL: C/ MANOPLA ELEVAÇÃO DE EPIGLOTE, CONECTOR: C/ CONECTOR PADRÃO, ESTERILIDADE*: REUTILIZÁVEL, FORMATO: EM "L", MATERIAL*: SILICONE, TAMANHO*: Nº 4, TIPO: MÁSCARA LARÍNGEA;UN;6,0000;89,4800;536,8800;0,0000;30/10/2026
ERN-HOSPITAL REG.TARCÍSIO DE VASCONCELOS MAIA;927052;834;Material;927052-9/2026;Materiais de Consumo - Medicamentos e Materiais Médicos;Catálogo do Compras.gov.br;Material;6515;INSTRUMENTOS, EQUIPAMENTOS E SUPRIMENTOS MÉDICOS  E  CIRÚRGICOS;18229;SONDA TRATO DIGESTIVO;435903;APLICAÇÃO: ORO OU NASOGÁSTRICA, CALIBRE: Nº 6, COMPONENTES: PONTA DISTAL FECHADA, C/ ORIFÍCIOS LATERAIS, COMPRIMENTO: CERCA 50, CONECTOR: CONECTOR PADRÃO C/ TAMPA, EMBALAGEM: EMBALAGEM INDIVIDUAL, ESTERILIDADE: ESTÉRIL, DESCARTÁVEL, MATERIAL: PVC, MODELO: LEVINE, TAMANHO: CURTA;UN;6,0000;0,5300;3,1800;0,0000;30/10/2026
ERN-HOSPITAL REG.TARCÍSIO DE VASCONCELOS MAIA;927052;835;Material;927052-9/2026;Materiais de Consumo - Medicamentos e Materiais Médicos;Catálogo do Compras.gov.br;Material;6505;DROGAS E MEDICAMENTOS;5804;CONTRASTE RADIOLÓGICO;316334;COMPOSIÇÃO: À BASE DE IOHEXOL, CONCENTRAÇÃO: 300MG DE IODO/ML, FORMA FARMACÊUTICA: SOLUÇÃO INJETÁVEL, TIPO: NÃO IÔNICO;FR;1500,0000;110,5200;165780,0000;0,0000;30/10/2026
ERN-HOSPITAL REG.TARCÍSIO DE VASCONCELOS MAIA;927052;836;Material;927052-9/2026;Materiais de Consumo - Medicamentos e Materiais Médicos;Catálogo do Compras.gov.br;Material;6510;MATERIAIS CIRÚRGICOS PARA CURATIVOS;30022;CURATIVO / COBERTURA;484996;APLICAÇÃO: P/ FERIDA, ASPECTO FÍSICO: PLACA C/ BORDA, COMPONENTE 1: C/ PELÍCULA PU / POLIETILENO, COMPONENTE 2: C/ HIDROCOLÓIDE, COMPONENTE 4: C/ PRATA, COMPOSIÇÃO: À BASE DE ESPUMA PU / HIDROPOLÍMERO / HIDROCELULAR, DIMENSÃO: CERCA DE 15 X 15, ESTERILIDADE: ESTÉRIL;UN;300,0000;14,2300;4269,0000;0,0000;30/10/2026
ERN-HOSPITAL REG.TARCÍSIO DE VASCONCELOS MAIA;927052;837;Material;927052-9/2026;Materiais de Consumo - Medicamentos e Materiais Médicos;Catálogo do Compras.gov.br;Material;6515;INSTRUMENTOS, EQUIPAMENTOS E SUPRIMENTOS MÉDICOS  E  CIRÚRGICOS;2171;AGULHA HIPODÉRMICA;397511;CARACTERÍSTICA ADICIONAL: COM SISTEMA SEGURANÇA SEGUNDO NR/32, DIMENSÃO: 25 G X 5/8", MATERIAL: AÇO INOXIDÁVEL SILICONIZADO, TIPO CONEXÃO: CONECTOR LUER LOCK EM PLÁSTICO, TIPO FIXAÇÃO: PROTETOR PLÁSTICO, TIPO PONTA: BISEL CURTO TRIFACETADO, TIPO USO: ESTÉRIL, DESCARTÁVEL, EMBALAGEM INDIVIDUAL;UN;18000,0000;0,2500;4500,0000;0,0000;30/10/2026
ERN-HOSPITAL REG.TARCÍSIO DE VASCONCELOS MAIA;927052;838;Material;927052-9/2026;Materiais de Consumo - Medicamentos e Materiais Médicos;Catálogo do Compras.gov.br;Material;6515;INSTRUMENTOS, EQUIPAMENTOS E SUPRIMENTOS MÉDICOS  E  CIRÚRGICOS;30318;DISPOSITIVO P/ ANESTESIA REGIONAL;626585;COMPONENTE: C/ MANDRIL, COMPRIMENTO AGULHA: CERCA DE 3 1/2" - 90 MM, DIÂMETRO AGULHA: 25 G, ESTERILIDADE: ESTÉRIL, USO ÚNICO, MATERIAL AGULHA: AÇO INOXIDÁVEL, MODELO AGULHA: AGULHA PONTA QUINCKE, TIPO ANESTESIA: RAQUIDIANA, TIPO CONECTOR: LUER TRANSPARENTE;UN;1200,0000;4,3600;5232,0000;0,0000;30/10/2026
ERN-HOSPITAL REG.TARCÍSIO DE VASCONCELOS MAIA;927052;839;Material;927052-9/2026;Materiais de Consumo - Medicamentos e Materiais Médicos;Catálogo do Compras.gov.br;Material;6505;DROGAS E MEDICAMENTOS;10112;NITROGLICERINA;268970;DOSAGEM: 5, APLICAÇÃO: INJETÁVEL;AM;150,0000;37,5100;5626,5000;0,0000;30/10/2026
ERN-HOSPITAL REG.TARCÍSIO DE VASCONCELOS MAIA;927052;840;Material;927052-9/2026;Materiais de Consumo - Medicamentos e Materiais Médicos;Catálogo do Compras.gov.br;Material;6515;INSTRUMENTOS, EQUIPAMENTOS E SUPRIMENTOS MÉDICOS  E  CIRÚRGICOS;8203;DRENO CIRÚRGICO;440887;CALIBRE: 15, COMPONENTE: INTRODUTOR EM AÇO INOXIDÁVEL, COMPONENTE ADICIONAL: C/ RESERVATÓRIO GRADUADO - PRESSÃO NEGATIVA, COMPONENTE I: C/ VÁLVULA ANTIRREFLUXO E EXTENSOR C/ CLAMP, COMPONENTE II: RADIOPACO, CONECTOR UNIVERSAL: C/ CONECTOR DUPLO, MATERIAL: SILICONE, MODELO: TUBULAR, TIPO USO: ESTÉRIL, DESCARTÁVEL, VOLUME: CERCA DE 500;UN;12,0000;22,4100;268,9200;0,0000;30/10/2026
ERN-HOSPITAL REG.TARCÍSIO DE VASCONCELOS MAIA;927052;841;Material;927052-9/2026;Materiais de Consumo - Medicamentos e Materiais Médicos;Catálogo do Compras.gov.br;Material;6505;DROGAS E MEDICAMENTOS;12632;TENOXICAM;268533;DOSAGEM: 40, INDICAÇÃO: INJETÁVEL;FR-AM;9000,0000;12,1400;109260,0000;0,0000;30/10/2026
ERN-HOSPITAL REG.TARCÍSIO DE VASCONCELOS MAIA;927052;842;Material;927052-9/2026;Materiais de Consumo - Medicamentos e Materiais Médicos;Catálogo do Compras.gov.br;Material;6505;DROGAS E MEDICAMENTOS;363;ACICLOVIR;268370;DOSAGEM: 200;COMPR;720,0000;0,2000;144,0000;0,0000;30/10/2026
ERN-HOSPITAL REG.TARCÍSIO DE VASCONCELOS MAIA;927052;843;Material;927052-9/2026;Materiais de Consumo - Medicamentos e Materiais Médicos;Catálogo do Compras.gov.br;Material;6505;DROGAS E MEDICAMENTOS;13297;VANCOMICINA CLORIDRATO;268540;DOSAGEM: 500, APRESENTAÇÃO: INJETÁVEL;FR-AM;11400,0000;4,3800;49932,0000;0,0000;30/10/2026
ERN-HOSPITAL REG.TARCÍSIO DE VASCONCELOS MAIA;927052;844;Material;927052-9/2026;Materiais de Consumo - Medicamentos e Materiais Médicos;Catálogo do Compras.gov.br;Material;6505;DROGAS E MEDICAMENTOS;17807;LIDOCAÍNA CLORIDRATO;269843;DOSAGEM: 2%, APRESENTAÇÃO: INJETÁVEL;AM;6000,0000;1,1100;6660,0000;0,0000;30/10/2026
ERN-HOSPITAL REG.TARCÍSIO DE VASCONCELOS MAIA;927052;845;Material;927052-9/2026;Materiais de Consumo - Medicamentos e Materiais Médicos;Catálogo do Compras.gov.br;Material;6505;DROGAS E MEDICAMENTOS;12320;AMICACINA SULFATO;268383;DOSAGEM: 50, INDICAÇÃO: SOLUÇÃO INJETÁVEL;AM;1200,0000;3,6800;4416,0000;0,0000;30/10/2026
ERN-HOSPITAL REG.TARCÍSIO DE VASCONCELOS MAIA;927052;846;Material;927052-9/2026;Materiais de Consumo - Medicamentos e Materiais Médicos;Catálogo do Compras.gov.br;Material;6515;INSTRUMENTOS, EQUIPAMENTOS E SUPRIMENTOS MÉDICOS  E  CIRÚRGICOS;30318;DISPOSITIVO P/ ANESTESIA REGIONAL;626618;COMPONENTE: C/ MANDRIL E GUIA INTRODUTOR, COMPRIMENTO AGULHA: CERCA DE 3 1/2" - 90 MM, DIÂMETRO AGULHA: 26 G, ESTERILIDADE: ESTÉRIL, USO ÚNICO, MATERIAL AGULHA: AÇO INOXIDÁVEL, MODELO AGULHA: AGULHA PONTA QUINCKE, TIPO ANESTESIA: RAQUIDIANA, TIPO CONECTOR: LUER TRANSPARENTE;UN;300,0000;3,6800;1104,0000;0,0000;30/10/2026
ERN-HOSPITAL REG.TARCÍSIO DE VASCONCELOS MAIA;927052;847;Material;927052-9/2026;Materiais de Consumo - Medicamentos e Materiais Médicos;Catálogo do Compras.gov.br;Material;6505;DROGAS E MEDICAMENTOS;12320;AMICACINA SULFATO;268381;DOSAGEM: 250, INDICAÇÃO: SOLUÇÃO INJETÁVEL;AM;3000,0000;4,3900;13170,0000;0,0000;30/10/2026
ERN-HOSPITAL REG.TARCÍSIO DE VASCONCELOS MAIA;927052;848;Material;927052-9/2026;Materiais de Consumo - Medicamentos e Materiais Médicos;Catálogo do Compras.gov.br;Material;6505;DROGAS E MEDICAMENTOS;9682;METADONA;268092;DOSAGEM: 5;COMPR;60,0000;1,9200;115,2000;0,0000;30/10/2026
ERN-HOSPITAL REG.TARCÍSIO DE VASCONCELOS MAIA;927052;867;Material;927052-9/2026;Materiais de Consumo - Medicamentos e Materiais Médicos;Catálogo do Compras.gov.br;Material;6505;DROGAS E MEDICAMENTOS;10073;NEOMICINA;273167;COMPOSIÇÃO: ASSOCIADA COM BACITRACINA, CONCENTRAÇÃO: 5MG + 250UI/G, TIPO MEDICAMENTO: POMADA;BIS;600,0000;2,0800;1248,0000;0,0000;30/10/2026
ERN-HOSPITAL REG.TARCÍSIO DE VASCONCELOS MAIA;927052;849;Material;927052-9/2026;Materiais de Consumo - Medicamentos e Materiais Médicos;Catálogo do Compras.gov.br;Material;6515;INSTRUMENTOS, EQUIPAMENTOS E SUPRIMENTOS MÉDICOS  E  CIRÚRGICOS;11700;REANIMADOR MANUAL;456407;CAPACIDADE BALÃO: CERCA 500, COMPONENTE 1: MÁSCARA PLÁSTICO RÍGIDO C/ COXIM SILICONE, COMPONENTE 2: RESERVATÓRIO DE O2 EM PLÁSTICO C/ VÁLVULA, COMPONENTES 3: ENTRADA DE O2 E EXTENSOR PVC, MATERIAL BALÃO: SILICONE, TAMANHOS: INFANTIL, TIPO VÁLVULA: VÁLVULA UNIDIRECIONAL POP OFF CERCA 40 CMH2O, PEEP;UN;12,0000;127,5900;1531,0800;0,0000;30/10/2026
ERN-HOSPITAL REG.TARCÍSIO DE VASCONCELOS MAIA;927052;850;Material;927052-9/2026;Materiais de Consumo - Medicamentos e Materiais Médicos;Catálogo do Compras.gov.br;Material;6515;INSTRUMENTOS, EQUIPAMENTOS E SUPRIMENTOS MÉDICOS  E  CIRÚRGICOS;30040;FIO DE SUTURA AGULHADO;487489;APRESENTAÇÃO: EMBALAGEM INDIVIDUAL, COMPRIMENTO AGULHA: CERCA DE 14, COMPRIMENTO FIO: CERCA DE 70, DIÂMETRO FIO: 6-0, ESTERILIDADE: ESTÉRIL, MATERIAL FIO: POLIPROPILENO AZUL, MODELO AGULHA: CORTANTE, MODELO FIO: MONOFILAMENTAR, TIPO AGULHA: 2 AGULHAS 3/8 CÍRCULO NAS EXTREMIDADES;UN;240,0000;14,4800;3475,2000;0,0000;30/10/2026
ERN-HOSPITAL REG.TARCÍSIO DE VASCONCELOS MAIA;927052;851;Material;927052-9/2026;Materiais de Consumo - Medicamentos e Materiais Médicos;Catálogo do Compras.gov.br;Material;6505;DROGAS E MEDICAMENTOS;7232;ETOMIDATO;270116;DOSAGEM: 2, APRESENTAÇÃO: SOLUÇÃO INJETÁVEL;AM;450,0000;12,5700;5656,5000;0,0000;30/10/2026
ERN-HOSPITAL REG.TARCÍSIO DE VASCONCELOS MAIA;927052;852;Material;927052-9/2026;Materiais de Consumo - Medicamentos e Materiais Médicos;Catálogo do Compras.gov.br;Material;6515;INSTRUMENTOS, EQUIPAMENTOS E SUPRIMENTOS MÉDICOS  E  CIRÚRGICOS;2639;SONDA TRATO URINÁRIO;436002;CALIBRE: 14, COMPONENTES: C/ ORIFÍCIOS LATERAIS, CONECTOR: CONECTORES PADRÃO, EMBALAGEM: EMBALAGEM INDIVIDUAL, ESTERILIDADE: ESTÉRIL, DESCARTÁVEL, MATERIAL: BORRACHA, MODELO: FOLEY, TIPO PONTA: PONTA DISTAL CILÍNDRICA FECHADA, VIAS: 2 VIAS, VOLUME: C/ BALÃO CERCA 30;UN;240,0000;2,8400;681,6000;0,0000;30/10/2026
ERN-HOSPITAL REG.TARCÍSIO DE VASCONCELOS MAIA;927052;853;Material;927052-9/2026;Materiais de Consumo - Medicamentos e Materiais Médicos;Catálogo do Compras.gov.br;Material;6515;INSTRUMENTOS, EQUIPAMENTOS E SUPRIMENTOS MÉDICOS  E  CIRÚRGICOS;4169;BOLSA COLETORA DE HEMODERIVADOS;422498;APLICAÇÃO: PARA BIOPROCESSAMENTO, CAPACIDADE: 1000, COMPOSIÇÃO: 3 VIAS, C/ CONECTORES, ESTERILIDADE: ESTÉRIL,ATÓXICA,APIROGÊNICA, MATERIAL: EVA, OUTROS COMPONENTES: FILTRO, SENSORES;UN;1245,0000;90,8500;113108,2500;0,0000;30/10/2026
ERN-HOSPITAL REG.TARCÍSIO DE VASCONCELOS MAIA;927052;854;Material;927052-9/2026;Materiais de Consumo - Medicamentos e Materiais Médicos;Catálogo do Compras.gov.br;Material;6515;INSTRUMENTOS, EQUIPAMENTOS E SUPRIMENTOS MÉDICOS  E  CIRÚRGICOS;19898;ADJUVANTE P/ ESTOMIA;615582;APLICAÇÃO: INTESTINAL / URINÁRIA, APRESENTAÇÃO: FRASCO C/ APLICADOR, ASPECTO FÍSICO: LÍQUIDO, ESTERILIDADE: USO ÚNICO, MATERIAL: SOLUÇÃO POLIMÉRICA, S/ ÁLCOOL, TIPO: PROTETOR DE PELE PERIESTOMIA, TIPO USO: P/ FORMAR PELÍCULA;UN;30,0000;38,8400;1165,2000;0,0000;30/10/2026
ERN-HOSPITAL REG.TARCÍSIO DE VASCONCELOS MAIA;927052;855;Material;927052-9/2026;Materiais de Consumo - Medicamentos e Materiais Médicos;Catálogo do Compras.gov.br;Material;6515;INSTRUMENTOS, EQUIPAMENTOS E SUPRIMENTOS MÉDICOS  E  CIRÚRGICOS;18229;SONDA TRATO DIGESTIVO;435902;ADICIONAIS: RADIOPACA, APLICAÇÃO: NASOENTERAL, CALIBRE: Nº 12, COMPONENTES: PONTA DISTAL FECHADA, C/ ORIFÍCIOS LATERAIS, COMPRIMENTO: CERCA 120, CONECTOR: CONECTOR EM Y C/ TAMPA, EMBALAGEM: EMBALAGEM INDIVIDUAL, ESTERILIDADE: ESTÉRIL, DESCARTÁVEL, GRADUAÇÃO: GRADUADA, MATERIAL: POLIURETANO, OUTROS COMPONENTES: C/ FIO GUIA, PESO METÁLICO;UN;420,0000;8,1900;3439,8000;0,0000;30/10/2026
ERN-HOSPITAL REG.TARCÍSIO DE VASCONCELOS MAIA;927052;856;Material;927052-9/2026;Materiais de Consumo - Medicamentos e Materiais Médicos;Catálogo do Compras.gov.br;Material;6505;DROGAS E MEDICAMENTOS;8164;HALOPERIDOL;267669;DOSAGEM: 5;COMPR;900,0000;0,1100;99,0000;0,0000;30/10/2026
ERN-HOSPITAL REG.TARCÍSIO DE VASCONCELOS MAIA;927052;857;Material;927052-9/2026;Materiais de Consumo - Medicamentos e Materiais Médicos;Catálogo do Compras.gov.br;Material;6505;DROGAS E MEDICAMENTOS;8200;HEPARINA SÓDICA;272796;DOSAGEM: 5.000UI/ML, INDICAÇÃO: INJETÁVEL;AM;420,0000;15,1200;6350,4000;0,0000;30/10/2026
ERN-HOSPITAL REG.TARCÍSIO DE VASCONCELOS MAIA;927052;858;Material;927052-9/2026;Materiais de Consumo - Medicamentos e Materiais Médicos;Catálogo do Compras.gov.br;Material;6515;INSTRUMENTOS, EQUIPAMENTOS E SUPRIMENTOS MÉDICOS  E  CIRÚRGICOS;8203;DRENO CIRÚRGICO;438516;CALIBRE: 10, COMPONENTE II: RADIOPACO, COMPRIMENTO: CERCA DE 40, EMBALAGEM: EMBALAGEM INDIVIDUAL, MATERIAL: SILICONE, MODELO: KEHR EM "T", TIPO USO: ESTÉRIL, DESCARTÁVEL;UN;6,0000;11,5000;69,0000;0,0000;30/10/2026
ERN-HOSPITAL REG.TARCÍSIO DE VASCONCELOS MAIA;927052;859;Material;927052-9/2026;Materiais de Consumo - Medicamentos e Materiais Médicos;Catálogo do Compras.gov.br;Material;6505;DROGAS E MEDICAMENTOS;3570;BISACODIL;269603;DOSAGEM: 5;COMPR;240,0000;0,1200;28,8000;0,0000;30/10/2026
ERN-HOSPITAL REG.TARCÍSIO DE VASCONCELOS MAIA;927052;860;Material;927052-9/2026;Materiais de Consumo - Medicamentos e Materiais Médicos;Catálogo do Compras.gov.br;Material;6505;DROGAS E MEDICAMENTOS;13470;VITAMINAS DO COMPLEXO B;466524;COMPOSIÇÃO BÁSICA: B1, B2, B3, B5, B6, B12, FORMA FARMACÊUTICA: SOLUÇÃO ORAL;FR;6,0000;4,3100;25,8600;0,0000;30/10/2026
ERN-HOSPITAL REG.TARCÍSIO DE VASCONCELOS MAIA;927052;861;Material;927052-9/2026;Materiais de Consumo - Medicamentos e Materiais Médicos;Catálogo do Compras.gov.br;Material;6510;MATERIAIS CIRÚRGICOS PARA CURATIVOS;30274;COMPRESSA CAMPO OPERATÓRIO;623079;DIMENSÃO: CERCA DE 45 X 50, ESTERILIDADE: ESTÉRIL, USO ÚNICO, FIXAÇÃO: C/ DISPOSITIVO DE FIXAÇÃO, MATERIAL: TECIDO MISTO, RADIOPACIDADE: C/ ELEMENTO RADIOPACO, TIPO: SEM PRÉ-ENCOLHIMENTO;EMB;1800,0000;43,8300;78894,0000;0,0000;30/10/2026
ERN-HOSPITAL REG.TARCÍSIO DE VASCONCELOS MAIA;927052;862;Material;927052-9/2026;Materiais de Consumo - Medicamentos e Materiais Médicos;Catálogo do Compras.gov.br;Material;6515;INSTRUMENTOS, EQUIPAMENTOS E SUPRIMENTOS MÉDICOS  E  CIRÚRGICOS;30044;FIO DE SUTURA S/ AGULHA;600139;APRESENTAÇÃO: EMBALAGEM INDIVIDUAL, COMPRIMENTO: 15 X CERCA DE 45, DIÂMETRO: 3-0, ESTERILIDADE: ESTÉRIL, MATERIAL: POLIÉSTER C/ ALGODÃO AZUL, MODELO: MULTIFILAMENTAR;UN;72,0000;1,4100;101,5200;0,0000;30/10/2026
ERN-HOSPITAL REG.TARCÍSIO DE VASCONCELOS MAIA;927052;863;Material;927052-9/2026;Materiais de Consumo - Medicamentos e Materiais Médicos;Catálogo do Compras.gov.br;Material;6515;INSTRUMENTOS, EQUIPAMENTOS E SUPRIMENTOS MÉDICOS  E  CIRÚRGICOS;30040;FIO DE SUTURA AGULHADO;487429;APRESENTAÇÃO: EMBALAGEM INDIVIDUAL, COMPRIMENTO AGULHA: CERCA DE 30, COMPRIMENTO FIO: CERCA DE 45, DIÂMETRO FIO: 4-0, ESTERILIDADE: ESTÉRIL, MATERIAL FIO: NYLON / POLIAMIDA PRETO, MODELO AGULHA: CORTANTE REVERSA / INVERTIDA, MODELO FIO: MONOFILAMENTAR, TIPO AGULHA: AGULHA 3/8 CÍRCULO;UN;720,0000;2,0000;1440,0000;0,0000;30/10/2026
ERN-HOSPITAL REG.TARCÍSIO DE VASCONCELOS MAIA;927052;864;Material;927052-9/2026;Materiais de Consumo - Medicamentos e Materiais Médicos;Catálogo do Compras.gov.br;Material;6505;DROGAS E MEDICAMENTOS;3106;ATENOLOL;267517;DOSAGEM: 50;COMPR;1500,0000;0,0700;105,0000;0,0000;30/10/2026
ERN-HOSPITAL REG.TARCÍSIO DE VASCONCELOS MAIA;927052;865;Material;927052-9/2026;Materiais de Consumo - Medicamentos e Materiais Médicos;Catálogo do Compras.gov.br;Material;6505;DROGAS E MEDICAMENTOS;2100;ADENOSINA;278281;DOSAGEM: 3, INDICAÇÃO: SOLUÇÃO INJETÁVEL;AM;120,0000;9,6400;1156,8000;0,0000;30/10/2026
ERN-HOSPITAL REG.TARCÍSIO DE VASCONCELOS MAIA;927052;866;Material;927052-9/2026;Materiais de Consumo - Medicamentos e Materiais Médicos;Catálogo do Compras.gov.br;Material;6505;DROGAS E MEDICAMENTOS;10422;PARACETAMOL;267779;DOSAGEM COMPRIMIDO: 750;COMPR;2100,0000;0,1500;315,0000;0,0000;30/10/2026
ERN-HOSPITAL REG.TARCÍSIO DE VASCONCELOS MAIA;927052;868;Material;927052-9/2026;Materiais de Consumo - Medicamentos e Materiais Médicos;Catálogo do Compras.gov.br;Material;6515;INSTRUMENTOS, EQUIPAMENTOS E SUPRIMENTOS MÉDICOS  E  CIRÚRGICOS;30040;FIO DE SUTURA AGULHADO;486943;APRESENTAÇÃO: EMBALAGEM INDIVIDUAL, COMPRIMENTO AGULHA: CERCA DE 20, COMPRIMENTO FIO: CERCA DE 70, DIÂMETRO FIO: 4-0, ESTERILIDADE: ESTÉRIL, MATERIAL FIO: CATGUT SIMPLES, MODELO AGULHA: CILÍNDRICA, MODELO FIO: MULTIFILAMENTAR, TIPO AGULHA: AGULHA 1/2 CÍRCULO;UN;72,0000;3,7000;266,4000;0,0000;30/10/2026
ERN-HOSPITAL REG.TARCÍSIO DE VASCONCELOS MAIA;927052;869;Material;927052-9/2026;Materiais de Consumo - Medicamentos e Materiais Médicos;Catálogo do Compras.gov.br;Material;6510;MATERIAIS CIRÚRGICOS PARA CURATIVOS;30276;COMPRESSA NEUROCIRÚRGICA;623061;COMPONENTE: C/ CORDÃO IDENTIFICADOR, DIMENSÃO: CERCA DE 25 X 75, ESTERILIDADE: ESTÉRIL, USO ÚNICO, MATERIAL: TECIDO SINTÉTICO C/ ELEMENTO RADIOPACO;EMB;60,0000;3,1400;188,4000;0,0000;30/10/2026
ERN-HOSPITAL REG.TARCÍSIO DE VASCONCELOS MAIA;927052;870;Material;927052-9/2026;Materiais de Consumo - Medicamentos e Materiais Médicos;Catálogo do Compras.gov.br;Material;6505;DROGAS E MEDICAMENTOS;17807;LIDOCAÍNA CLORIDRATO;269852;COMPOSIÇÃO: ASSOCIADA COM EPINEFRINA, DOSAGEM: 2% + 1:200.000, APRESENTAÇÃO: INJETÁVEL;FR;300,0000;10,1900;3057,0000;0,0000;30/10/2026
ERN-HOSPITAL REG.TARCÍSIO DE VASCONCELOS MAIA;927052;871;Material;927052-9/2026;Materiais de Consumo - Medicamentos e Materiais Médicos;Catálogo do Compras.gov.br;Material;6510;MATERIAIS CIRÚRGICOS PARA CURATIVOS;19965;CURATIVO CUTÂNEO;483378;APRESENTAÇÃO: EMBALAGEM INDIVIDUAL, COMPONENTE 1: C/ ALMOFADA FIBRA SINTÉTICA, COMPONENTE 2: BASE ADESIVA, DIMENSÃO: CERCA DE  10 X 15, ESTERILIDADE: ESTÉRIL;UN;25000,0000;0,4000;10000,0000;0,0000;30/10/2026
ERN-HOSPITAL REG.TARCÍSIO DE VASCONCELOS MAIA;927052;872;Material;927052-9/2026;Materiais de Consumo - Medicamentos e Materiais Médicos;Catálogo do Compras.gov.br;Material;6505;DROGAS E MEDICAMENTOS;11750;RINGER;303292;CARACTERÍSTICA ADICIONAL: SISTEMA FECHADO, COMPOSIÇÃO: ASSOCIADO COM LACTATO DE SÓDIO, FORMA FARMACÊUTICA: SOLUÇÃO INJETÁVEL;BOL;18000,0000;6,3100;113580,0000;0,0000;30/10/2026
ERN-HOSPITAL REG.TARCÍSIO DE VASCONCELOS MAIA;927052;873;Material;927052-9/2026;Materiais de Consumo - Medicamentos e Materiais Médicos;Catálogo do Compras.gov.br;Material;6505;DROGAS E MEDICAMENTOS;8019;GLICONATO DE CÁLCIO;270019;DOSAGEM: 10%, APRESENTAÇÃO: SOLUÇÃO INJETÁVEL;AM;3600,0000;1,8600;6696,0000;0,0000;30/10/2026
ERN-HOSPITAL REG.TARCÍSIO DE VASCONCELOS MAIA;927052;874;Material;927052-9/2026;Materiais de Consumo - Medicamentos e Materiais Médicos;Catálogo do Compras.gov.br;Material;6515;INSTRUMENTOS, EQUIPAMENTOS E SUPRIMENTOS MÉDICOS  E  CIRÚRGICOS;2171;AGULHA HIPODÉRMICA;397517;CARACTERÍSTICA ADICIONAL: COM SISTEMA SEGURANÇA SEGUNDO NR/32, DIMENSÃO: 18 G X 1", MATERIAL: AÇO INOXIDÁVEL SILICONIZADO, TIPO CONEXÃO: CONECTOR LUER LOCK EM PLÁSTICO, TIPO FIXAÇÃO: PROTETOR PLÁSTICO, TIPO PONTA: BISEL CURTO TRIFACETADO, TIPO USO: ESTÉRIL, DESCARTÁVEL, EMBALAGEM INDIVIDUAL;UN;36000,0000;0,1800;6480,0000;0,0000;30/10/2026
ERN-HOSPITAL REG.TARCÍSIO DE VASCONCELOS MAIA;927052;875;Material;927052-9/2026;Materiais de Consumo - Medicamentos e Materiais Médicos;Catálogo do Compras.gov.br;Material;6505;DROGAS E MEDICAMENTOS;3167;AZITROMICINA;267140;DOSAGEM: 500;COMPR;2400,0000;0,8200;1968,0000;0,0000;30/10/2026
ERN-HOSPITAL REG.TARCÍSIO DE VASCONCELOS MAIA;927052;876;Material;927052-9/2026;Materiais de Consumo - Medicamentos e Materiais Médicos;Catálogo do Compras.gov.br;Material;6510;MATERIAIS CIRÚRGICOS PARA CURATIVOS;30022;CURATIVO / COBERTURA;484908;APLICAÇÃO: P/ FERIDA, ASPECTO FÍSICO: PLACA, COMPONENTE 1: C/ PELÍCULA E ESPUMA PU, COMPONENTE 2: C/ ALGINATO, COMPOSIÇÃO: À BASE DE HIDROFIBRA (CMC), DIMENSÃO: CERCA DE 10 X 10, ESTERILIDADE: ESTÉRIL;UN;180,0000;20,8000;3744,0000;0,0000;30/10/2026
ERN-HOSPITAL REG.TARCÍSIO DE VASCONCELOS MAIA;927052;877;Material;927052-9/2026;Materiais de Consumo - Medicamentos e Materiais Médicos;Catálogo do Compras.gov.br;Material;6515;INSTRUMENTOS, EQUIPAMENTOS E SUPRIMENTOS MÉDICOS  E  CIRÚRGICOS;30040;FIO DE SUTURA AGULHADO;487427;APRESENTAÇÃO: EMBALAGEM INDIVIDUAL, COMPRIMENTO AGULHA: CERCA DE 20, COMPRIMENTO FIO: CERCA DE 45, DIÂMETRO FIO: 4-0, ESTERILIDADE: ESTÉRIL, MATERIAL FIO: NYLON / POLIAMIDA PRETO, MODELO AGULHA: CORTANTE REVERSA / INVERTIDA, MODELO FIO: MONOFILAMENTAR, TIPO AGULHA: AGULHA 3/8 CÍRCULO;UN;432,0000;1,8400;794,8800;0,0000;30/10/2026
ERN-HOSPITAL REG.TARCÍSIO DE VASCONCELOS MAIA;927052;878;Material;927052-9/2026;Materiais de Consumo - Medicamentos e Materiais Médicos;Catálogo do Compras.gov.br;Material;6515;INSTRUMENTOS, EQUIPAMENTOS E SUPRIMENTOS MÉDICOS  E  CIRÚRGICOS;12820;TORNEIRA;627148;ACABAMENTO SUPERFICIAL: CROMADO, APLICAÇÃO: MESA, CARACTERISTICAS ADICIONAIS: BICA MÓVEL GIRATÓRIA, DIÂMETRO: 1/2, MATERIAL CORPO: METAL, TIPO: BICA ALTA;UN;50,0000;30,0000;1500,0000;0,0000;30/10/2026
ERN-HOSPITAL REG.TARCÍSIO DE VASCONCELOS MAIA;927052;879;Material;927052-9/2026;Materiais de Consumo - Medicamentos e Materiais Médicos;Catálogo do Compras.gov.br;Material;6505;DROGAS E MEDICAMENTOS;360;OXACILINA;268513;COMPOSIÇÃO: INJETÁVEL, DOSAGEM: 500;FR-AM;12000,0000;3,5500;42600,0000;0,0000;30/10/2026
ERN-HOSPITAL REG.TARCÍSIO DE VASCONCELOS MAIA;927052;880;Material;927052-9/2026;Materiais de Consumo - Medicamentos e Materiais Médicos;Catálogo do Compras.gov.br;Material;6515;INSTRUMENTOS, EQUIPAMENTOS E SUPRIMENTOS MÉDICOS  E  CIRÚRGICOS;2224;TUBO ENDOTRAQUEAL;451396;ADICIONAL: C/ GUIA, CALIBRE: 8,0, COMPONENTE 1: BALÃO ALTO VOLUME E BAIXA PRESSÃO, COMPONENTE 2: RADIOPACO, GRADUADO, ESTERILIDADE: ESTÉRIL, USO ÚNICO, MATERIAL: PVC, MODELO: CURVA MAGILL, TIPO CONECTOR: CONECTOR PADRÃO, TIPO PONTA: C/ PONTA DISTAL ATRAUMÁTICA E ORIFÍCIO MURPHY;UN;300,0000;4,9200;1476,0000;0,0000;30/10/2026
ERN-HOSPITAL REG.TARCÍSIO DE VASCONCELOS MAIA;927052;881;Material;927052-9/2026;Materiais de Consumo - Medicamentos e Materiais Médicos;Catálogo do Compras.gov.br;Material;6505;DROGAS E MEDICAMENTOS;5235;PROPRANOLOL CLORIDRATO;267772;DOSAGEM: 40;COMPR;1200,0000;0,0400;48,0000;0,0000;30/10/2026
ERN-HOSPITAL REG.TARCÍSIO DE VASCONCELOS MAIA;927052;882;Material;927052-9/2026;Materiais de Consumo - Medicamentos e Materiais Médicos;Catálogo do Compras.gov.br;Material;6505;DROGAS E MEDICAMENTOS;10962;POLIESTIRENOSSULFONATO;448769;COMPOSIÇÃO: DE CÁLCIO, CONCENTRAÇÃO: 900, FORMA FARMACEUTICA: PÓ P/ SUSPENSÃO ORAL;ENV;120,0000;22,9800;2757,6000;0,0000;30/10/2026
ERN-HOSPITAL REG.TARCÍSIO DE VASCONCELOS MAIA;927052;883;Material;927052-9/2026;Materiais de Consumo - Medicamentos e Materiais Médicos;Catálogo do Compras.gov.br;Material;6505;DROGAS E MEDICAMENTOS;3929;BROMOPRIDA;269959;DOSAGEM: 8, APRESENTAÇÃO: GOTAS;FR;12,0000;3,9400;47,2800;0,0000;30/10/2026
ERN-HOSPITAL REG.TARCÍSIO DE VASCONCELOS MAIA;927052;884;Material;927052-9/2026;Materiais de Consumo - Medicamentos e Materiais Médicos;Catálogo do Compras.gov.br;Material;6505;DROGAS E MEDICAMENTOS;1249;BICARBONATO DE SÓDIO;394088;CARACTERÍSTICA ADICIONAL: EM SISTEMA FECHADO, CONCENTRAÇÃO: 8,40%, FORMA FARMACÊUTICA: SOLUÇÃO INJETÁVEL;AM;3600,0000;1,7400;6264,0000;0,0000;30/10/2026
ERN-HOSPITAL REG.TARCÍSIO DE VASCONCELOS MAIA;927052;885;Material;927052-9/2026;Materiais de Consumo - Medicamentos e Materiais Médicos;Catálogo do Compras.gov.br;Material;6505;DROGAS E MEDICAMENTOS;12096;SINVASTATINA;267747;DOSAGEM: 20 MG;COMPR;9600,0000;0,0900;864,0000;0,0000;30/10/2026
ERN-HOSPITAL REG.TARCÍSIO DE VASCONCELOS MAIA;927052;886;Material;927052-9/2026;Materiais de Consumo - Medicamentos e Materiais Médicos;Catálogo do Compras.gov.br;Material;6505;DROGAS E MEDICAMENTOS;8254;ESCOPOLAMINA BUTILBROMETO;270621;APRESENTAÇÃO: ASSOCIADA COM DIPIRONA SÓDICA, DOSAGEM: 4MG + 500MG/ML, INDICAÇÃO: SOLUÇÃO INJETÁVEL;AM;3600,0000;2,0700;7452,0000;0,0000;30/10/2026
ERN-HOSPITAL REG.TARCÍSIO DE VASCONCELOS MAIA;927052;887;Material;927052-9/2026;Materiais de Consumo - Medicamentos e Materiais Médicos;Catálogo do Compras.gov.br;Material;6510;MATERIAIS CIRÚRGICOS PARA CURATIVOS;18085;ALGODÃO USO MÉDICO;448249;APRESENTAÇÃO: EM MANTAS, CARACTERÍSTICAS ADICIONAIS: ENROLADO EM PAPEL APROPRIADO, MATERIAL: EM FIBRA DE ALGODÃO CRÚ, TAMANHO: 15, TIPO: ORTOPÉDICO, TIPO EMBALAGEM: EMBALAGEM INDIVIDUAL;RO;3000,0000;1,0000;3000,0000;0,0000;30/10/2026
ERN-HOSPITAL REG.TARCÍSIO DE VASCONCELOS MAIA;927052;888;Material;927052-9/2026;Materiais de Consumo - Medicamentos e Materiais Médicos;Catálogo do Compras.gov.br;Material;6515;INSTRUMENTOS, EQUIPAMENTOS E SUPRIMENTOS MÉDICOS  E  CIRÚRGICOS;30044;FIO DE SUTURA S/ AGULHA;600108;APRESENTAÇÃO: EMBALAGEM INDIVIDUAL, COMPRIMENTO: CERCA DE 150, DIÂMETRO: 2-0, ESTERILIDADE: ESTÉRIL, MATERIAL: CATGUT SIMPLES, MODELO: MULTIFILAMENTAR;UN;72,0000;4,9300;354,9600;0,0000;30/10/2026
ERN-HOSPITAL REG.TARCÍSIO DE VASCONCELOS MAIA;927052;889;Material;927052-9/2026;Materiais de Consumo - Medicamentos e Materiais Médicos;Catálogo do Compras.gov.br;Material;6505;DROGAS E MEDICAMENTOS;6168;DIAZEPAM;267195;DOSAGEM: 5;COMPR;1800,0000;0,0700;126,0000;0,0000;30/10/2026
ERN-HOSPITAL REG.TARCÍSIO DE VASCONCELOS MAIA;927052;890;Material;927052-9/2026;Materiais de Consumo - Medicamentos e Materiais Médicos;Catálogo do Compras.gov.br;Material;6505;DROGAS E MEDICAMENTOS;5144;BUPIVACAÍNA CLORIDRATO;269574;PUREZA: 0,5%, APRESENTAÇÃO: SOLUÇÃO INJETÁVEL;AM;120,0000;5,1000;612,0000;0,0000;30/10/2026
ERN-HOSPITAL REG.TARCÍSIO DE VASCONCELOS MAIA;927052;891;Material;927052-9/2026;Materiais de Consumo - Medicamentos e Materiais Médicos;Catálogo do Compras.gov.br;Material;6505;DROGAS E MEDICAMENTOS;17412;MANITOL;299675;DOSAGEM: 20%, FORMA FARMACÊUTICA: SOLUÇÃO INJETÁVEL, CARACTERÍSTICAS ADICIONAIS: SISTEMA FECHADO;BOL;300,0000;8,5800;2574,0000;0,0000;30/10/2026
ERN-HOSPITAL REG.TARCÍSIO DE VASCONCELOS MAIA;927052;892;Material;927052-9/2026;Materiais de Consumo - Medicamentos e Materiais Médicos;Catálogo do Compras.gov.br;Material;6515;INSTRUMENTOS, EQUIPAMENTOS E SUPRIMENTOS MÉDICOS  E  CIRÚRGICOS;2639;SONDA TRATO URINÁRIO;436004;CALIBRE: 22, COMPONENTES: C/ ORIFÍCIOS LATERAIS, CONECTOR: CONECTORES PADRÃO, EMBALAGEM: EMBALAGEM INDIVIDUAL, ESTERILIDADE: ESTÉRIL, DESCARTÁVEL, MATERIAL: BORRACHA, MODELO: FOLEY, TIPO PONTA: PONTA DISTAL CILÍNDRICA FECHADA, VIAS: 2 VIAS, VOLUME: C/ BALÃO CERCA 30;UN;120,0000;2,3000;276,0000;0,0000;30/10/2026
ERN-HOSPITAL REG.TARCÍSIO DE VASCONCELOS MAIA;927052;893;Material;927052-9/2026;Materiais de Consumo - Medicamentos e Materiais Médicos;Catálogo do Compras.gov.br;Material;6505;DROGAS E MEDICAMENTOS;10144;OCTREOTIDA;305725;DOSAGEM: 0,1, FORMA FARMACÊUTICA: SOLUÇÃO INJETÁVEL;AM;360,0000;50,7200;18259,2000;0,0000;30/10/2026
ERN-HOSPITAL REG.TARCÍSIO DE VASCONCELOS MAIA;927052;894;Material;927052-9/2026;Materiais de Consumo - Medicamentos e Materiais Médicos;Catálogo do Compras.gov.br;Material;6505;DROGAS E MEDICAMENTOS;4730;CEFTAZIDIMA;442694;CONCENTRAÇÃO: 1, FORMA FARMACEUTICA: PÓ P/ SOLUÇÃO INJETÁVEL;FR-AM;600,0000;11,9800;7188,0000;0,0000;30/10/2026
ERN-HOSPITAL REG.TARCÍSIO DE VASCONCELOS MAIA;927052;895;Material;927052-9/2026;Materiais de Consumo - Medicamentos e Materiais Médicos;Catálogo do Compras.gov.br;Material;6505;DROGAS E MEDICAMENTOS;7024;ESPIRONOLACTONA;267653;DOSAGEM: 25;COMPR;3600,0000;0,2500;900,0000;0,0000;30/10/2026
ERN-HOSPITAL REG.TARCÍSIO DE VASCONCELOS MAIA;927052;896;Material;927052-9/2026;Materiais de Consumo - Medicamentos e Materiais Médicos;Catálogo do Compras.gov.br;Material;6505;DROGAS E MEDICAMENTOS;17689;QUETIAPINA;272832;DOSAGEM: 100;COMPR;180,0000;1,3300;239,4000;0,0000;30/10/2026
ERN-HOSPITAL REG.TARCÍSIO DE VASCONCELOS MAIA;927052;897;Material;927052-9/2026;Materiais de Consumo - Medicamentos e Materiais Médicos;Catálogo do Compras.gov.br;Material;6505;DROGAS E MEDICAMENTOS;13470;VITAMINAS DO COMPLEXO B;437109;COMPOSIÇÃO BÁSICA: B1, B2, B3, B5, B6, B12;DRAG;2400,0000;0,0600;144,0000;0,0000;30/10/2026
ERN-HOSPITAL REG.TARCÍSIO DE VASCONCELOS MAIA;927052;898;Material;927052-9/2026;Materiais de Consumo - Medicamentos e Materiais Médicos;Catálogo do Compras.gov.br;Material;6505;DROGAS E MEDICAMENTOS;12357;SULFATO FERROSO;292344;DOSAGEM FERRO: 40MG DE FERRO II;COMPR;1200,0000;0,0500;60,0000;0,0000;30/10/2026
ERN-HOSPITAL REG.TARCÍSIO DE VASCONCELOS MAIA;927052;899;Material;927052-9/2026;Materiais de Consumo - Medicamentos e Materiais Médicos;Catálogo do Compras.gov.br;Material;6515;INSTRUMENTOS, EQUIPAMENTOS E SUPRIMENTOS MÉDICOS  E  CIRÚRGICOS;30040;FIO DE SUTURA AGULHADO;487241;APRESENTAÇÃO: EMBALAGEM INDIVIDUAL, COMPONENTE FIO: C/ BACTERIOSTÁTICO / BACTERICIDA, COMPRIMENTO AGULHA: CERCA DE 20, COMPRIMENTO FIO: CERCA DE 70, DIÂMETRO FIO: 4-0, ESTERILIDADE: ESTÉRIL, MATERIAL FIO: POLIGLECAPRONE INCOLOR, MODELO AGULHA: CORTANTE REVERSA / INVERTIDA, MODELO FIO: MONOFILAMENTAR, TIPO AGULHA: AGULHA 3/8 CÍRCULO;UN;72,0000;11,4900;827,2800;0,0000;30/10/2026
ERN-HOSPITAL REG.TARCÍSIO DE VASCONCELOS MAIA;927052;900;Material;927052-9/2026;Materiais de Consumo - Medicamentos e Materiais Médicos;Catálogo do Compras.gov.br;Material;6515;INSTRUMENTOS, EQUIPAMENTOS E SUPRIMENTOS MÉDICOS  E  CIRÚRGICOS;2224;TUBO ENDOTRAQUEAL;451408;APLICAÇÃO*: P/ MICROCIRURGIA LARINGE, CALIBRE: 4,5, COMPONENTE 1: BALÃO ALTO VOLUME E BAIXA PRESSÃO, COMPONENTE 2: RADIOPACO, GRADUADO, ESTERILIDADE: ESTÉRIL, USO ÚNICO, MATERIAL: PVC, MODELO: CURVA MAGILL, TIPO CONECTOR: CONECTOR PADRÃO, TIPO PONTA: C/ PONTA DISTAL ATRAUMÁTICA;UN;80,0000;7,7200;617,6000;0,0000;30/10/2026
ERN-HOSPITAL REG.TARCÍSIO DE VASCONCELOS MAIA;927052;901;Material;927052-9/2026;Materiais de Consumo - Medicamentos e Materiais Médicos;Catálogo do Compras.gov.br;Material;6505;DROGAS E MEDICAMENTOS;11153;PREDNISOLONA;448595;COMPOSIÇÃO: FOSFATO SÓDICO, CONCENTRAÇÃO: 3, FORMA FARMACEUTICA: SOLUÇÃO ORAL;FR;120,0000;12,9500;1554,0000;0,0000;30/10/2026
ERN-HOSPITAL REG.TARCÍSIO DE VASCONCELOS MAIA;927052;902;Material;927052-9/2026;Materiais de Consumo - Medicamentos e Materiais Médicos;Catálogo do Compras.gov.br;Material;6505;DROGAS E MEDICAMENTOS;12315;SULFAMETOXAZOL;308885;COMPOSIÇÃO: ASSOCIADO À TRIMETOPRIMA, CONCENTRAÇÃO: 80MG + 16MG/ML, FORMA FARMACÊUTICA: SOLUÇÃO INJETÁVEL;AM;120,0000;3,7500;450,0000;0,0000;30/10/2026
ERN-HOSPITAL REG.TARCÍSIO DE VASCONCELOS MAIA;927052;903;Material;927052-9/2026;Materiais de Consumo - Medicamentos e Materiais Médicos;Catálogo do Compras.gov.br;Material;6505;DROGAS E MEDICAMENTOS;15382;SOLUÇÃO PARA HEMODIÁLISE;613067;COMPONENTES: BICARBONATO DE SÓDIO, CONCENTRAÇÃO 1: 8,4%, FORMA FARMACÊUTICA: SOLUÇÃO ESTÉRIL APIROGÊNICA;GL;1100,0000;15,1300;16643,0000;0,0000;30/10/2026
ERN-HOSPITAL REG.TARCÍSIO DE VASCONCELOS MAIA;927052;904;Material;927052-9/2026;Materiais de Consumo - Medicamentos e Materiais Médicos;Catálogo do Compras.gov.br;Material;6515;INSTRUMENTOS, EQUIPAMENTOS E SUPRIMENTOS MÉDICOS  E  CIRÚRGICOS;4773;CERA PARA OSSO;273052;COMPOSIÇÃO: CERA DE ABELHAS E PALMITATO ISOPROPÍLICO, TIPO USO: HEMOSTÁTICO, ESTÉRIL, DESCARTÁVEL;ENV;24,0000;9,1000;218,4000;0,0000;30/10/2026
ERN-HOSPITAL REG.TARCÍSIO DE VASCONCELOS MAIA;927052;905;Material;927052-9/2026;Materiais de Consumo - Medicamentos e Materiais Médicos;Catálogo do Compras.gov.br;Material;6515;INSTRUMENTOS, EQUIPAMENTOS E SUPRIMENTOS MÉDICOS  E  CIRÚRGICOS;2171;AGULHA HIPODÉRMICA;443115;DIMENSÃO: 20 G X 1", MATERIAL: AÇO INOXIDÁVEL SILICONIZADO, TIPO CONEXÃO: CONECTOR LUER LOCK OU SLIP EM PLÁSTICO, TIPO FIXAÇÃO: PROTETOR PLÁSTICO, TIPO PONTA: BISEL CURTO TRIFACETADO, TIPO USO: ESTÉRIL, DESCARTÁVEL, EMBALAGEM INDIVIDUAL;UN;36000,0000;0,2100;7560,0000;0,0000;30/10/2026
ERN-HOSPITAL REG.TARCÍSIO DE VASCONCELOS MAIA;927052;938;Material;927052-9/2026;Materiais de Consumo - Medicamentos e Materiais Médicos;Catálogo do Compras.gov.br;Material;6505;DROGAS E MEDICAMENTOS;9702;METOCLOPRAMIDA CLORIDRATO;267311;DOSAGEM: 4 MG/ML, APRESENTAÇÃO: SOLUÇÃO ORAL;FR;150,0000;1,6600;249,0000;0,0000;30/10/2026
ERN-HOSPITAL REG.TARCÍSIO DE VASCONCELOS MAIA;927052;906;Material;927052-9/2026;Materiais de Consumo - Medicamentos e Materiais Médicos;Catálogo do Compras.gov.br;Material;6515;INSTRUMENTOS, EQUIPAMENTOS E SUPRIMENTOS MÉDICOS  E  CIRÚRGICOS;2898;CATETER P/ HEMODINÂMICA;459978;APLICAÇÃO: EMBOLECTOMIA, COMPONENTE 1: BALÃO DE LÁTEX NATURAL, DIMENSÕES: CERCA DE 4 FR X 80, ESTERILIDADE: ESTÉRIL, USO ÚNICO, MATERIAL: POLÍMERO, MODELO: TIPO FOGARTY;UN;12,0000;110,3500;1324,2000;0,0000;30/10/2026
ERN-HOSPITAL REG.TARCÍSIO DE VASCONCELOS MAIA;927052;907;Material;927052-9/2026;Materiais de Consumo - Medicamentos e Materiais Médicos;Catálogo do Compras.gov.br;Material;6505;DROGAS E MEDICAMENTOS;12315;SULFAMETOXAZOL;308882;COMPOSIÇÃO: ASSOCIADO À TRIMETOPRIMA, CONCENTRAÇÃO: 400MG + 80MG;COMPR;600,0000;0,1900;114,0000;0,0000;30/10/2026
ERN-HOSPITAL REG.TARCÍSIO DE VASCONCELOS MAIA;927052;908;Material;927052-9/2026;Materiais de Consumo - Medicamentos e Materiais Médicos;Catálogo do Compras.gov.br;Material;6515;INSTRUMENTOS, EQUIPAMENTOS E SUPRIMENTOS MÉDICOS  E  CIRÚRGICOS;8203;DRENO CIRÚRGICO;440639;CALIBRE: 10, COMPONENTE: INTRODUTOR EM AÇO INOXIDÁVEL, COMPONENTE ADICIONAL: C/ RESERVATÓRIO GRADUADO - PRESSÃO NEGATIVA, COMPONENTE I: C/ VÁLVULA ANTIRREFLUXO E EXTENSOR C/ CLAMP, COMPONENTE II: RADIOPACO, CONECTOR UNIVERSAL: C/ CONECTOR, MATERIAL: PVC, MODELO: TUBULAR, TIPO USO: ESTÉRIL, DESCARTÁVEL, VOLUME: CERCA DE 500;UN;30,0000;22,7000;681,0000;0,0000;30/10/2026
ERN-HOSPITAL REG.TARCÍSIO DE VASCONCELOS MAIA;927052;909;Material;927052-9/2026;Materiais de Consumo - Medicamentos e Materiais Médicos;Catálogo do Compras.gov.br;Material;6515;INSTRUMENTOS, EQUIPAMENTOS E SUPRIMENTOS MÉDICOS  E  CIRÚRGICOS;30040;FIO DE SUTURA AGULHADO;486977;APRESENTAÇÃO: EMBALAGEM INDIVIDUAL, COMPRIMENTO AGULHA: CERCA DE 40, COMPRIMENTO FIO: CERCA DE 70, DIÂMETRO FIO: 0 / 1-0, ESTERILIDADE: ESTÉRIL, MATERIAL FIO: CATGUT SIMPLES, MODELO AGULHA: CILÍNDRICA, MODELO FIO: MULTIFILAMENTAR, TIPO AGULHA: AGULHA 1/2 CÍRCULO;UN;72,0000;3,5700;257,0400;0,0000;30/10/2026
ERN-HOSPITAL REG.TARCÍSIO DE VASCONCELOS MAIA;927052;910;Material;927052-9/2026;Materiais de Consumo - Medicamentos e Materiais Médicos;Catálogo do Compras.gov.br;Material;6515;INSTRUMENTOS, EQUIPAMENTOS E SUPRIMENTOS MÉDICOS  E  CIRÚRGICOS;18229;SONDA TRATO DIGESTIVO;435909;APLICAÇÃO: ORO OU NASOGÁSTRICA, CALIBRE: Nº 16, COMPONENTES: PONTA DISTAL FECHADA, C/ ORIFÍCIOS LATERAIS, COMPRIMENTO: CERCA 120, CONECTOR: CONECTOR PADRÃO C/ TAMPA, EMBALAGEM: EMBALAGEM INDIVIDUAL, ESTERILIDADE: ESTÉRIL, DESCARTÁVEL, MATERIAL: PVC, MODELO: LEVINE, TAMANHO: LONGA;UN;600,0000;0,8800;528,0000;0,0000;30/10/2026
ERN-HOSPITAL REG.TARCÍSIO DE VASCONCELOS MAIA;927052;911;Material;927052-9/2026;Materiais de Consumo - Medicamentos e Materiais Médicos;Catálogo do Compras.gov.br;Material;6515;INSTRUMENTOS, EQUIPAMENTOS E SUPRIMENTOS MÉDICOS  E  CIRÚRGICOS;9539;SISTEMA FECHADO ASPIRAÇÃO TRAQUEAL;454402;APLICAÇÃO: P/ TRAQUEOSTOMIA, CONECTOR: CONECTORES PADRÃO, EMBALAGEM: EMBALAGEM INDIVIDUAL, ESTERILIDADE: ESTÉRIL, USO ÚNICO, TAMANHO: 14 FR, TIPO SONDA: SONDA GRADUADA E PROTEGIDA, VIAS: VIA IRRIGAÇÃO ANTIRREFLUXO, VÁLVULA SUCÇÃO: VÁLVULA SUCÇÃO C/ TAMPA E TRAVA DE SEGURANÇA;UN;60,0000;25,3700;1522,2000;0,0000;30/10/2026
ERN-HOSPITAL REG.TARCÍSIO DE VASCONCELOS MAIA;927052;912;Material;927052-9/2026;Materiais de Consumo - Medicamentos e Materiais Médicos;Catálogo do Compras.gov.br;Material;6515;INSTRUMENTOS, EQUIPAMENTOS E SUPRIMENTOS MÉDICOS  E  CIRÚRGICOS;14563;CATETER P/ TERAPIA RENAL;437118;CARACTERÍSTICAS ADICIONAIS I: CONECTORES C/ TAMPA, COMPONENTE I: KIT C/ FIO GUIA, DILATADOR E AGULHA, COMPONENTE III: CLAMPS C/ CORES DISTINTAS, COMPRIMENTO: CERCA DE 20, DIÂMETRO: CERCA DE 12, DURABILIDADE: TEMPORÁRIO, ESTERILIDADE: ESTÉRIL, USO ÚNICO, MATÉRIA PRIMA: POLIURETANO RADIOPACO, MODELO: DUPLO LÚMEN, TIPO USO: HEMODIÁLISE;UN;100,0000;109,0000;10900,0000;0,0000;30/10/2026
ERN-HOSPITAL REG.TARCÍSIO DE VASCONCELOS MAIA;927052;913;Material;927052-9/2026;Materiais de Consumo - Medicamentos e Materiais Médicos;Catálogo do Compras.gov.br;Material;6505;DROGAS E MEDICAMENTOS;5116;CLORETO DE POTÁSSIO;267163;DOSAGEM: 20%, APRESENTAÇÃO: SOLUÇÃO INJETÁVEL;AM;3600,0000;0,4100;1476,0000;0,0000;30/10/2026
ERN-HOSPITAL REG.TARCÍSIO DE VASCONCELOS MAIA;927052;914;Material;927052-9/2026;Materiais de Consumo - Medicamentos e Materiais Médicos;Catálogo do Compras.gov.br;Material;6515;INSTRUMENTOS, EQUIPAMENTOS E SUPRIMENTOS MÉDICOS  E  CIRÚRGICOS;18351;EMBALAGEM P/ ESTERILIZAÇÃO;442385;APRESENTAÇÃO: ROLO, COMPONENTES: C/ INDICADOR QUÍMICO, COMPONENTES ADICIONAIS: TERMOSSELANTE, COMPOSIÇÃO: C/ FILME POLÍMERO MULTILAMINADO, GRAMATURA / ESPESSURA: CERCA DE 60, MATERIAL: PAPEL GRAU CIRÚRGICO, TAMANHO: CERCA DE 10, TIPO USO: USO ÚNICO;RO;100,0000;71,3400;7134,0000;0,0000;30/10/2026
ERN-HOSPITAL REG.TARCÍSIO DE VASCONCELOS MAIA;927052;915;Material;927052-9/2026;Materiais de Consumo - Medicamentos e Materiais Médicos;Catálogo do Compras.gov.br;Material;6510;MATERIAIS CIRÚRGICOS PARA CURATIVOS;19965;CURATIVO CUTÂNEO;483373;COMPONENTE 1: C/ ALMOFADA FIBRA SINTÉTICA, COMPONENTE 2: BASE ADESIVA, DIMENSÃO: CERCA DE  5,0 X 10, ESTERILIDADE: USO ÚNICO;UN;300,0000;1,5600;468,0000;0,0000;30/10/2026
ERN-HOSPITAL REG.TARCÍSIO DE VASCONCELOS MAIA;927052;916;Material;927052-9/2026;Materiais de Consumo - Medicamentos e Materiais Médicos;Catálogo do Compras.gov.br;Material;6515;INSTRUMENTOS, EQUIPAMENTOS E SUPRIMENTOS MÉDICOS  E  CIRÚRGICOS;30135;EQUIPO P/ BOMBA DE INFUSÃO;610278;COMPATIBILIDADE: C/ EQUIPAMENTO, COMPRIMENTO TOTAL DO TUBO: ACIMA DE 181 CM, CONECTOR PACIENTE: LUER, CONECTOR SOLUÇÃO: PONTA PERFURANTE, CÂMARA GOTEJAMENTO: MACROGOTAS, FLEXÍVEL, C/ RESPIRO, ESTERILIDADE: ESTÉRIL, USO ÚNICO, MATERIAL: PVC TRANSPARENTE, SEM DEHP, MATERIAL ADICIONAL: COM SEGMENTO DE SILICONE, REGULADOR DE FLUXO MANUAL: PINÇA ROLETE, TIPO EMBALAGEM: INDIVIDUAL, TIPO INJETOR LATERAL: C/ 1 INJETOR, AUTOCICATRIZANTE;UN;3600,0000;20,0000;72000,0000;0,0000;30/10/2026
ERN-HOSPITAL REG.TARCÍSIO DE VASCONCELOS MAIA;927052;917;Material;927052-9/2026;Materiais de Consumo - Medicamentos e Materiais Médicos;Catálogo do Compras.gov.br;Material;6515;INSTRUMENTOS, EQUIPAMENTOS E SUPRIMENTOS MÉDICOS  E  CIRÚRGICOS;9745;MATERIAL GASOTERAPIA;485485;ESTERILIDADE*: USO ÚNICO, MATERIAL: POLÍMERO, MODELO: TIPO VENTURI, SAÍDA: P/ OXIGÊNIO E AR COMPRIMIDO, TIPO: FRASCO P/ MACRONEBULIZAÇÃO, VOLUME: CERCA DE 250;UN;30,0000;12,5200;375,6000;0,0000;30/10/2026
ERN-HOSPITAL REG.TARCÍSIO DE VASCONCELOS MAIA;927052;918;Material;927052-9/2026;Materiais de Consumo - Medicamentos e Materiais Médicos;Catálogo do Compras.gov.br;Material;6515;INSTRUMENTOS, EQUIPAMENTOS E SUPRIMENTOS MÉDICOS  E  CIRÚRGICOS;30040;FIO DE SUTURA AGULHADO;487217;APRESENTAÇÃO: EMBALAGEM INDIVIDUAL, COMPRIMENTO AGULHA: CERCA DE 35, COMPRIMENTO FIO: CERCA DE 90, DIÂMETRO FIO: 0 / 1-0, ESTERILIDADE: ESTÉRIL, MATERIAL FIO: POLIDIOXANONA VIOLETA, MODELO AGULHA: CILÍNDRICA, MODELO FIO: MONOFILAMENTAR, TIPO AGULHA: AGULHA 1/2 CÍRCULO;UN;720,0000;14,5500;10476,0000;0,0000;30/10/2026
ERN-HOSPITAL REG.TARCÍSIO DE VASCONCELOS MAIA;927052;919;Material;927052-9/2026;Materiais de Consumo - Medicamentos e Materiais Médicos;Catálogo do Compras.gov.br;Material;6515;INSTRUMENTOS, EQUIPAMENTOS E SUPRIMENTOS MÉDICOS  E  CIRÚRGICOS;8494;ISOLADOR PRESSÃO;318871;APLICAÇÃO: USO EM MÁQUINA HEMODIÁLISE, ESTERILIDADE: ESTÉRIL, MATERIAL: PVC - CLORETO DE POLIVINILA, TIPO CONECTOR: CONECTOR LUER LOCK;UN;1000,0000;0,9900;990,0000;0,0000;30/10/2026
ERN-HOSPITAL REG.TARCÍSIO DE VASCONCELOS MAIA;927052;989;Material;927052-9/2026;Materiais de Consumo - Medicamentos e Materiais Médicos;Catálogo do Compras.gov.br;Material;6505;DROGAS E MEDICAMENTOS;365;BENZILPENICILINA;270616;APRESENTAÇÃO: POTÁSSICA, DOSAGEM: 5.000.000UI, USO: INJETÁVEL;FR-AM;60,0000;7,5500;453,0000;0,0000;30/10/2026
ERN-HOSPITAL REG.TARCÍSIO DE VASCONCELOS MAIA;927052;920;Material;927052-9/2026;Materiais de Consumo - Medicamentos e Materiais Médicos;Catálogo do Compras.gov.br;Material;6515;INSTRUMENTOS, EQUIPAMENTOS E SUPRIMENTOS MÉDICOS  E  CIRÚRGICOS;8203;DRENO CIRÚRGICO;438495;CALIBRE: 34, COMPONENTE II: RADIOPACO, COMPRIMENTO: CERCA DE 50, CONECTOR UNIVERSAL: C/ CONECTOR, EMBALAGEM: EMBALAGEM INDIVIDUAL, MATERIAL: SILICONE, MODELO: TORÁCICO, TIPO USO: ESTÉRIL, DESCARTÁVEL;UN;30,0000;29,2100;876,3000;0,0000;30/10/2026
ERN-HOSPITAL REG.TARCÍSIO DE VASCONCELOS MAIA;927052;921;Material;927052-9/2026;Materiais de Consumo - Medicamentos e Materiais Médicos;Catálogo do Compras.gov.br;Material;6515;INSTRUMENTOS, EQUIPAMENTOS E SUPRIMENTOS MÉDICOS  E  CIRÚRGICOS;18229;SONDA TRATO DIGESTIVO;435907;APLICAÇÃO: ORO OU NASOGÁSTRICA, CALIBRE: Nº 12, COMPONENTES: PONTA DISTAL FECHADA, C/ ORIFÍCIOS LATERAIS, COMPRIMENTO: CERCA 120, CONECTOR: CONECTOR PADRÃO C/ TAMPA, EMBALAGEM: EMBALAGEM INDIVIDUAL, ESTERILIDADE: ESTÉRIL, DESCARTÁVEL, MATERIAL: PVC, MODELO: LEVINE, TAMANHO: LONGA;UN;180,0000;0,8100;145,8000;0,0000;30/10/2026
ERN-HOSPITAL REG.TARCÍSIO DE VASCONCELOS MAIA;927052;922;Material;927052-9/2026;Materiais de Consumo - Medicamentos e Materiais Médicos;Catálogo do Compras.gov.br;Material;6505;DROGAS E MEDICAMENTOS;17708;DIPIRONA SÓDICA;267205;APRESENTAÇÃO: SOLUÇÃO ORAL (GOTAS), DOSAGEM: 500;FR;3000,0000;2,1100;6330,0000;0,0000;30/10/2026
ERN-HOSPITAL REG.TARCÍSIO DE VASCONCELOS MAIA;927052;923;Material;927052-9/2026;Materiais de Consumo - Medicamentos e Materiais Médicos;Catálogo do Compras.gov.br;Material;6505;DROGAS E MEDICAMENTOS;14231;CISATRACÚRIO BESILATO;340178;CONCENTRAÇÃO: 2, FORMA FARMACEUTICA: SOLUÇÃO INJETÁVEL;AM;1200,0000;11,0700;13284,0000;0,0000;30/10/2026
ERN-HOSPITAL REG.TARCÍSIO DE VASCONCELOS MAIA;927052;924;Material;927052-9/2026;Materiais de Consumo - Medicamentos e Materiais Médicos;Catálogo do Compras.gov.br;Material;6505;DROGAS E MEDICAMENTOS;8007;GLICOSE;357880;CARACTERISTICA ADICIONAL: SISTEMA FECHADO, EMBALAGEM PRIMÁRIA ISENTA DE PVC, CONCENTRAÇAO: 5%, FORMA FARMACEUTICA: SOLUÇÃO INJETÁVEL;BOL;6000,0000;5,6000;33600,0000;0,0000;30/10/2026
ERN-HOSPITAL REG.TARCÍSIO DE VASCONCELOS MAIA;927052;925;Material;927052-9/2026;Materiais de Consumo - Medicamentos e Materiais Médicos;Catálogo do Compras.gov.br;Material;6505;DROGAS E MEDICAMENTOS;10216;OMEPRAZOL;267712;CONCENTRAÇÃO: 20;CAPS;9000,0000;0,1400;1260,0000;0,0000;30/10/2026
ERN-HOSPITAL REG.TARCÍSIO DE VASCONCELOS MAIA;927052;926;Material;927052-9/2026;Materiais de Consumo - Medicamentos e Materiais Médicos;Catálogo do Compras.gov.br;Material;6515;INSTRUMENTOS, EQUIPAMENTOS E SUPRIMENTOS MÉDICOS  E  CIRÚRGICOS;18351;EMBALAGEM P/ ESTERILIZAÇÃO;452012;APRESENTAÇÃO: FOLHA, GRAMATURA / ESPESSURA: CERCA DE 50, MATERIAL: POLIPROPILENO - SMS, TAMANHO: CERCA DE 90 X 90, TIPO USO: USO ÚNICO;UN;8800,0000;3,1000;27280,0000;0,0000;30/10/2026
ERN-HOSPITAL REG.TARCÍSIO DE VASCONCELOS MAIA;927052;927;Material;927052-9/2026;Materiais de Consumo - Medicamentos e Materiais Médicos;Catálogo do Compras.gov.br;Material;6505;DROGAS E MEDICAMENTOS;2032;ÁCIDO TRANEXÂMICO;327566;DOSAGEM: 50, FORMA FARMACÊUTICA: SOLUÇÃO INJETÁVEL;AM;7800,0000;4,5100;35178,0000;0,0000;30/10/2026
ERN-HOSPITAL REG.TARCÍSIO DE VASCONCELOS MAIA;927052;928;Material;927052-9/2026;Materiais de Consumo - Medicamentos e Materiais Médicos;Catálogo do Compras.gov.br;Material;6505;DROGAS E MEDICAMENTOS;350;ALBENDAZOL;267507;DOSAGEM: 40, USO: SUSPENSÃO ORAL;FR;60,0000;1,3700;82,2000;0,0000;30/10/2026
ERN-HOSPITAL REG.TARCÍSIO DE VASCONCELOS MAIA;927052;929;Material;927052-9/2026;Materiais de Consumo - Medicamentos e Materiais Médicos;Catálogo do Compras.gov.br;Material;6515;INSTRUMENTOS, EQUIPAMENTOS E SUPRIMENTOS MÉDICOS  E  CIRÚRGICOS;3701;CATETER PERIFÉRICO;437170;APLICAÇÃO: VENOSO, COMPONENTE ADICIONAL: C/ ASA DE FIXAÇÃO, TUBO EXTENSOR, CONECTOR: CONECTOR PADRÃO C/ TAMPA, DIAMETRO: 21, MATERIAL AGULHA: AGULHA AÇO INOX, MODELO: TIPO ESCALPE, TIPO USO: ESTÉRIL, DESCARTÁVEL, EMBALAGEM INDIVIDUAL;UN;6000,0000;0,3200;1920,0000;0,0000;30/10/2026
ERN-HOSPITAL REG.TARCÍSIO DE VASCONCELOS MAIA;927052;930;Material;927052-9/2026;Materiais de Consumo - Medicamentos e Materiais Médicos;Catálogo do Compras.gov.br;Material;6505;DROGAS E MEDICAMENTOS;12795;TOBRAMICINA;271581;DOSAGEM: 0,3%, APRESENTAÇÃO: SOLUÇÃO OFTÁLMICA;FR;12,0000;10,5700;126,8400;0,0000;30/10/2026
ERN-HOSPITAL REG.TARCÍSIO DE VASCONCELOS MAIA;927052;931;Material;927052-9/2026;Materiais de Consumo - Medicamentos e Materiais Médicos;Catálogo do Compras.gov.br;Material;6505;DROGAS E MEDICAMENTOS;12587;TEICOPLANINA;268528;DOSAGEM: 400, INDICAÇÃO: INJETÁVEL;FR-AM;180,0000;39,1000;7038,0000;0,0000;30/10/2026
ERN-HOSPITAL REG.TARCÍSIO DE VASCONCELOS MAIA;927052;932;Material;927052-9/2026;Materiais de Consumo - Medicamentos e Materiais Médicos;Catálogo do Compras.gov.br;Material;6505;DROGAS E MEDICAMENTOS;17995;TROMETAMOL;306465;COMPOSIÇÃO: SAL CETOROLACO, CONCENTRAÇÃO: 30 MG/ML, FORMA FARMACÊUTICA: SOLUÇÃO INJETÁVEL;AM;300,0000;7,6800;2304,0000;0,0000;30/10/2026
ERN-HOSPITAL REG.TARCÍSIO DE VASCONCELOS MAIA;927052;933;Material;927052-9/2026;Materiais de Consumo - Medicamentos e Materiais Médicos;Catálogo do Compras.gov.br;Material;6515;INSTRUMENTOS, EQUIPAMENTOS E SUPRIMENTOS MÉDICOS  E  CIRÚRGICOS;30040;FIO DE SUTURA AGULHADO;486994;APRESENTAÇÃO: EMBALAGEM INDIVIDUAL, COMPRIMENTO AGULHA: CERCA DE 22, COMPRIMENTO FIO: CERCA DE 70, DIÂMETRO FIO: 4-0, ESTERILIDADE: ESTÉRIL, MATERIAL FIO: CATGUT CROMADO, MODELO AGULHA: CILÍNDRICA, MODELO FIO: MULTIFILAMENTAR, TIPO AGULHA: AGULHA 1/2 CÍRCULO;UN;72,0000;3,2500;234,0000;0,0000;30/10/2026
ERN-HOSPITAL REG.TARCÍSIO DE VASCONCELOS MAIA;927052;934;Material;927052-9/2026;Materiais de Consumo - Medicamentos e Materiais Médicos;Catálogo do Compras.gov.br;Material;6515;INSTRUMENTOS, EQUIPAMENTOS E SUPRIMENTOS MÉDICOS  E  CIRÚRGICOS;30040;FIO DE SUTURA AGULHADO;487087;APRESENTAÇÃO: EMBALAGEM INDIVIDUAL, COMPRIMENTO AGULHA: CERCA DE 6, COMPRIMENTO FIO: CERCA DE 70, DIÂMETRO FIO: 8-0, ESTERILIDADE: ESTÉRIL, MATERIAL FIO: POLIGLACTINA VIOLETA, MODELO AGULHA: ESPATULADA, MODELO FIO: MULTIFILAMENTAR, TIPO AGULHA: 2 AGULHAS 3/8 CÍRCULO NAS EXTREMIDADES;UN;360,0000;53,7800;19360,8000;0,0000;30/10/2026
ERN-HOSPITAL REG.TARCÍSIO DE VASCONCELOS MAIA;927052;935;Material;927052-9/2026;Materiais de Consumo - Medicamentos e Materiais Médicos;Catálogo do Compras.gov.br;Material;6515;INSTRUMENTOS, EQUIPAMENTOS E SUPRIMENTOS MÉDICOS  E  CIRÚRGICOS;2182;EQUIPO DE INFUSÃO DE CONTRASTE;455794;APLICAÇÃO: P/ CONTRASTE RADIOLÓGICO, CARACTERÍSTICAS ADICIONAIS: BAIXA PRESSÃO,C/ VÁLVULA ANTI REFLUXO, COMPATIBILIDADE: COMPATÍVEL C/ BOMBA INJETORA, COMPRIMENTO: CERCA DE 230, ESTERILIDADE: ESTÉRIL, USO ÚNICO, MATERIAL: PVC, NÚMERO VIAS: DUAS VIAS, TIPO CONECTOR: CONECTORES LUER LOCK;UN;1400,0000;5,7900;8106,0000;0,0000;30/10/2026
ERN-HOSPITAL REG.TARCÍSIO DE VASCONCELOS MAIA;927052;936;Material;927052-9/2026;Materiais de Consumo - Medicamentos e Materiais Médicos;Catálogo do Compras.gov.br;Material;6505;DROGAS E MEDICAMENTOS;6614;EPINEFRINA;435523;CARACTERÍSTICA ADICIONAL: COM CANETA APLICADORA, CONCENTRAÇÃO: 1, FORMA FARMACEUTICA: SOLUÇÃO INJETÁVEL;AM;4200,0000;1,0800;4536,0000;0,0000;30/10/2026
ERN-HOSPITAL REG.TARCÍSIO DE VASCONCELOS MAIA;927052;937;Material;927052-9/2026;Materiais de Consumo - Medicamentos e Materiais Médicos;Catálogo do Compras.gov.br;Material;6515;INSTRUMENTOS, EQUIPAMENTOS E SUPRIMENTOS MÉDICOS  E  CIRÚRGICOS;9539;SISTEMA FECHADO ASPIRAÇÃO TRAQUEAL;454405;APLICAÇÃO: P/ TRAQUEOSTOMIA, CONECTOR: CONECTORES PADRÃO, EMBALAGEM: EMBALAGEM INDIVIDUAL, ESTERILIDADE: ESTÉRIL, USO ÚNICO, TAMANHO: 12 FR, TIPO SONDA: SONDA GRADUADA E PROTEGIDA, VIAS: VIA IRRIGAÇÃO ANTIRREFLUXO, VÁLVULA SUCÇÃO: VÁLVULA SUCÇÃO C/ TAMPA E TRAVA DE SEGURANÇA;UN;60,0000;32,1000;1926,0000;0,0000;30/10/2026
ERN-HOSPITAL REG.TARCÍSIO DE VASCONCELOS MAIA;927052;939;Material;927052-9/2026;Materiais de Consumo - Medicamentos e Materiais Médicos;Catálogo do Compras.gov.br;Material;6515;INSTRUMENTOS, EQUIPAMENTOS E SUPRIMENTOS MÉDICOS  E  CIRÚRGICOS;2224;TUBO ENDOTRAQUEAL;451411;APLICAÇÃO*: P/ MICROCIRURGIA LARINGE, CALIBRE: 5,5, COMPONENTE 1: BALÃO ALTO VOLUME E BAIXA PRESSÃO, COMPONENTE 2: RADIOPACO, GRADUADO, ESTERILIDADE: ESTÉRIL, USO ÚNICO, MATERIAL: PVC, MODELO: CURVA MAGILL, TIPO CONECTOR: CONECTOR PADRÃO, TIPO PONTA: C/ PONTA DISTAL ATRAUMÁTICA;UN;18,0000;4,4100;79,3800;0,0000;30/10/2026
ERN-HOSPITAL REG.TARCÍSIO DE VASCONCELOS MAIA;927052;940;Material;927052-9/2026;Materiais de Consumo - Medicamentos e Materiais Médicos;Catálogo do Compras.gov.br;Material;6515;INSTRUMENTOS, EQUIPAMENTOS E SUPRIMENTOS MÉDICOS  E  CIRÚRGICOS;30040;FIO DE SUTURA AGULHADO;487386;APRESENTAÇÃO: EMBALAGEM INDIVIDUAL, COMPRIMENTO AGULHA: CERCA DE 30, COMPRIMENTO FIO: CERCA DE 45, DIÂMETRO FIO: 3-0, ESTERILIDADE: ESTÉRIL, MATERIAL FIO: NYLON / POLIAMIDA INCOLOR, MODELO AGULHA: CORTANTE REVERSA / INVERTIDA, MODELO FIO: MONOFILAMENTAR, TIPO AGULHA: AGULHA 3/8 CÍRCULO;UN;2160,0000;1,5800;3412,8000;0,0000;30/10/2026
ERN-HOSPITAL REG.TARCÍSIO DE VASCONCELOS MAIA;927052;941;Material;927052-9/2026;Materiais de Consumo - Medicamentos e Materiais Médicos;Catálogo do Compras.gov.br;Material;6515;INSTRUMENTOS, EQUIPAMENTOS E SUPRIMENTOS MÉDICOS  E  CIRÚRGICOS;30044;FIO DE SUTURA S/ AGULHA;600144;APRESENTAÇÃO: EMBALAGEM INDIVIDUAL, COMPRIMENTO: 15 X CERCA DE 45, DIÂMETRO: 2-0, ESTERILIDADE: ESTÉRIL, MATERIAL: POLIÉSTER C/ ALGODÃO PRETO, MODELO: MULTIFILAMENTAR;UN;720,0000;2,1700;1562,4000;0,0000;30/10/2026
ERN-HOSPITAL REG.TARCÍSIO DE VASCONCELOS MAIA;927052;942;Material;927052-9/2026;Materiais de Consumo - Medicamentos e Materiais Médicos;Catálogo do Compras.gov.br;Material;6505;DROGAS E MEDICAMENTOS;5144;BUPIVACAÍNA CLORIDRATO;269572;PUREZA: 0,5%, APLICAÇÃO: ISOBÁRICA, APRESENTAÇÃO: SOLUÇÃO INJETÁVEL;AM;360,0000;10,2700;3697,2000;0,0000;30/10/2026
ERN-HOSPITAL REG.TARCÍSIO DE VASCONCELOS MAIA;927052;943;Material;927052-9/2026;Materiais de Consumo - Medicamentos e Materiais Médicos;Catálogo do Compras.gov.br;Material;6505;DROGAS E MEDICAMENTOS;8807;LEVOFLOXACINO;332985;DOSAGEM: 5, FORMA FARMACÊUTICA: SOLUÇÃO INJETÁVEL;BOL;600,0000;11,6600;6996,0000;0,0000;30/10/2026
ERN-HOSPITAL REG.TARCÍSIO DE VASCONCELOS MAIA;927052;944;Material;927052-9/2026;Materiais de Consumo - Medicamentos e Materiais Médicos;Catálogo do Compras.gov.br;Material;6515;INSTRUMENTOS, EQUIPAMENTOS E SUPRIMENTOS MÉDICOS  E  CIRÚRGICOS;7955;GEL PARA EXAME MÉDICO;438929;CARACTERÍSTICAS ADICIONAIS: PH NEUTRO, COMPOSIÇÃO: A BASE DE ÁGUA;FR;60,0000;5,9500;357,0000;0,0000;30/10/2026
ERN-HOSPITAL REG.TARCÍSIO DE VASCONCELOS MAIA;927052;945;Material;927052-9/2026;Materiais de Consumo - Medicamentos e Materiais Médicos;Catálogo do Compras.gov.br;Material;6515;INSTRUMENTOS, EQUIPAMENTOS E SUPRIMENTOS MÉDICOS  E  CIRÚRGICOS;2224;TUBO ENDOTRAQUEAL;451370;CALIBRE: 3,0, COMPONENTE 1: BALÃO ALTO VOLUME E BAIXA PRESSÃO, COMPONENTE 2: RADIOPACO, GRADUADO, ESTERILIDADE: ESTÉRIL, USO ÚNICO, MATERIAL: PVC SILICONIZADO ARAMADO, MODELO: CURVA MAGILL, TIPO CONECTOR: CONECTOR PADRÃO, TIPO PONTA: C/ PONTA DISTAL ATRAUMÁTICA;UN;100,0000;7,7000;770,0000;0,0000;30/10/2026
ERN-HOSPITAL REG.TARCÍSIO DE VASCONCELOS MAIA;927052;946;Material;927052-9/2026;Materiais de Consumo - Medicamentos e Materiais Médicos;Catálogo do Compras.gov.br;Material;6505;DROGAS E MEDICAMENTOS;7351;FENITOÍNA SÓDICA;267107;DOSAGEM: 50, APRESENTAÇÃO: SOLUÇÃO INJETÁVEL;AM;9000,0000;2,2600;20340,0000;0,0000;30/10/2026
ERN-HOSPITAL REG.TARCÍSIO DE VASCONCELOS MAIA;927052;947;Material;927052-9/2026;Materiais de Consumo - Medicamentos e Materiais Médicos;Catálogo do Compras.gov.br;Material;6515;INSTRUMENTOS, EQUIPAMENTOS E SUPRIMENTOS MÉDICOS  E  CIRÚRGICOS;18351;EMBALAGEM P/ ESTERILIZAÇÃO;446031;APRESENTAÇÃO: ROLO, COMPONENTES: C/ INDICADOR QUÍMICO, COMPONENTES ADICIONAIS: TERMOSSELANTE, COMPOSIÇÃO: C/ FILME POLÍMERO MULTILAMINADO, GRAMATURA / ESPESSURA: CERCA DE 60, MATERIAL: PAPEL GRAU CIRÚRGICO, TAMANHO: CERCA DE 25, TIPO USO: USO ÚNICO;RO;180,0000;81,9000;14742,0000;0,0000;30/10/2026
ERN-HOSPITAL REG.TARCÍSIO DE VASCONCELOS MAIA;927052;948;Material;927052-9/2026;Materiais de Consumo - Medicamentos e Materiais Médicos;Catálogo do Compras.gov.br;Material;6505;DROGAS E MEDICAMENTOS;9702;METOCLOPRAMIDA CLORIDRATO;267310;DOSAGEM: 5 MG/ML, APRESENTAÇÃO: SOLUÇÃO INJETÁVEL;AM;3000,0000;0,4800;1440,0000;0,0000;30/10/2026
ERN-HOSPITAL REG.TARCÍSIO DE VASCONCELOS MAIA;927052;949;Material;927052-9/2026;Materiais de Consumo - Medicamentos e Materiais Médicos;Catálogo do Compras.gov.br;Material;6515;INSTRUMENTOS, EQUIPAMENTOS E SUPRIMENTOS MÉDICOS  E  CIRÚRGICOS;30040;FIO DE SUTURA AGULHADO;487026;APRESENTAÇÃO: EMBALAGEM INDIVIDUAL, COMPRIMENTO AGULHA: CERCA DE 40, COMPRIMENTO FIO: CERCA DE 70, DIÂMETRO FIO: Nº 1, ESTERILIDADE: ESTÉRIL, MATERIAL FIO: CATGUT CROMADO, MODELO AGULHA: CILÍNDRICA, MODELO FIO: MULTIFILAMENTAR, TIPO AGULHA: AGULHA 1/2 CÍRCULO;UN;72,0000;4,1500;298,8000;0,0000;30/10/2026
ERN-HOSPITAL REG.TARCÍSIO DE VASCONCELOS MAIA;927052;950;Material;927052-9/2026;Materiais de Consumo - Medicamentos e Materiais Médicos;Catálogo do Compras.gov.br;Material;6505;DROGAS E MEDICAMENTOS;8428;INSULINA;271154;TIPO: REGULAR, ORIGEM: HUMANA, DOSAGEM: 100U/ML, APLICAÇÃO: INJETÁVEL;FR;300,0000;16,5400;4962,0000;0,0000;30/10/2026
ERN-HOSPITAL REG.TARCÍSIO DE VASCONCELOS MAIA;927052;951;Material;927052-9/2026;Materiais de Consumo - Medicamentos e Materiais Médicos;Catálogo do Compras.gov.br;Material;6505;DROGAS E MEDICAMENTOS;5087;CLONAZEPAM;270120;DOSAGEM: 2,5, APRESENTAÇÃO: SOLUÇÃO ORAL- GOTAS;FR;6,0000;2,6500;15,9000;0,0000;30/10/2026
ERN-HOSPITAL REG.TARCÍSIO DE VASCONCELOS MAIA;927052;952;Material;927052-9/2026;Materiais de Consumo - Medicamentos e Materiais Médicos;Catálogo do Compras.gov.br;Material;6515;INSTRUMENTOS, EQUIPAMENTOS E SUPRIMENTOS MÉDICOS  E  CIRÚRGICOS;30128;EQUIPO DE INFUSÃO VENOSA GRAVITACIONAL;609472;COMPRIMENTO TUBO: ATÉ 180 CM, CONECTOR PACIENTE: LUER, CÂMARA GOTEJAMENTO: MACROGOTAS, FLEXÍVEL, C/ FILTRO, ESTERILIDADE: ESTÉRIL, USO ÚNICO, MATERIAL: PVC TRANSPARENTE, SEM DEHP, REGULADOR DE FLUXO MANUAL: PINÇA ROLETE, TIPO EMBALAGEM: INDIVIDUAL, TIPO INJETOR LATERAL: C/ 1 INJETOR, AUTOCICATRIZANTE;UN;21000,0000;1,0100;21210,0000;0,0000;30/10/2026
ERN-HOSPITAL REG.TARCÍSIO DE VASCONCELOS MAIA;927052;953;Material;927052-9/2026;Materiais de Consumo - Medicamentos e Materiais Médicos;Catálogo do Compras.gov.br;Material;6515;INSTRUMENTOS, EQUIPAMENTOS E SUPRIMENTOS MÉDICOS  E  CIRÚRGICOS;6653;LINHA SANGUE;406722;APLICAÇÃO: P/ MÁQUINA DE PROPORÇÃO, COMPONENTE: INJETOR LATERAL AUTOCICATRIZANTE, DIÂMETRO: CERCA DE 8, ESTERILIDADE: ESTÉRIL, DESCARTÁVEL, MATERIAL: TUBO FLEXÍVEL EM PVC, OUTROS COMPONENTES: EXTENSÃO P/ BOMBA HEPARINA, TIPO: ARTERIAL, TIPO CONECTOR: CONECTOR DIALISADOR ROSQUEADO, TIPO PINÇA: PINÇA CLAMP CORTA-FLUXO;UN;1000,0000;9,1000;9100,0000;0,0000;30/10/2026
ERN-HOSPITAL REG.TARCÍSIO DE VASCONCELOS MAIA;927052;954;Material;927052-9/2026;Materiais de Consumo - Medicamentos e Materiais Médicos;Catálogo do Compras.gov.br;Material;6505;DROGAS E MEDICAMENTOS;3169;AZTREONAM;442690;CONCENTRAÇÃO: 1, FORMA FARMACEUTICA: PÓ P/ SOLUÇÃO INJETÁVEL;FR-AM;540,0000;801,6800;432907,2000;0,0000;30/10/2026
ERN-HOSPITAL REG.TARCÍSIO DE VASCONCELOS MAIA;927052;990;Material;927052-9/2026;Materiais de Consumo - Medicamentos e Materiais Médicos;Catálogo do Compras.gov.br;Material;6515;INSTRUMENTOS, EQUIPAMENTOS E SUPRIMENTOS MÉDICOS  E  CIRÚRGICOS;2639;SONDA TRATO URINÁRIO;439069;CALIBRE: 4, COMPONENTES: C/ ORIFÍCIOS LATERAIS, COMPRIMENTO: CERCA 40, CONECTOR: CONECTOR PADRÃO C/ TAMPA, EMBALAGEM: EMBALAGEM INDIVIDUAL, ESTERILIDADE: ESTÉRIL, DESCARTÁVEL, MATERIAL: SILICONE, MODELO: URETRAL, TIPO PONTA: PONTA DISTAL CILÍNDRICA FECHADA;UN;60,0000;0,4900;29,4000;0,0000;30/10/2026
ERN-HOSPITAL REG.TARCÍSIO DE VASCONCELOS MAIA;927052;955;Material;927052-9/2026;Materiais de Consumo - Medicamentos e Materiais Médicos;Catálogo do Compras.gov.br;Material;6515;INSTRUMENTOS, EQUIPAMENTOS E SUPRIMENTOS MÉDICOS  E  CIRÚRGICOS;30040;FIO DE SUTURA AGULHADO;487118;APRESENTAÇÃO: EMBALAGEM INDIVIDUAL, COMPONENTE FIO: C/ BACTERIOSTÁTICO / BACTERICIDA, COMPRIMENTO AGULHA: CERCA DE 26, COMPRIMENTO FIO: CERCA DE 70, DIÂMETRO FIO: 3-0, ESTERILIDADE: ESTÉRIL, MATERIAL FIO: POLIGLACTINA VIOLETA, MODELO AGULHA: CILÍNDRICA, MODELO FIO: MULTIFILAMENTAR, TIPO AGULHA: AGULHA 1/2 CÍRCULO;UN;432,0000;5,6500;2440,8000;0,0000;30/10/2026
ERN-HOSPITAL REG.TARCÍSIO DE VASCONCELOS MAIA;927052;956;Material;927052-9/2026;Materiais de Consumo - Medicamentos e Materiais Médicos;Catálogo do Compras.gov.br;Material;6505;DROGAS E MEDICAMENTOS;7355;FENOBARBITAL SÓDICO;300725;DOSAGEM: 100, FORMA FARMACÊUTICA: SOLUÇÃO INJETÁVEL;AM;900,0000;2,2300;2007,0000;0,0000;30/10/2026
ERN-HOSPITAL REG.TARCÍSIO DE VASCONCELOS MAIA;927052;957;Material;927052-9/2026;Materiais de Consumo - Medicamentos e Materiais Médicos;Catálogo do Compras.gov.br;Material;6505;DROGAS E MEDICAMENTOS;10676;PERMETRINA;363597;CONCENTRAÇÃO: 50, FORMA FARMACEUTICA: LOÇÃO;FR;30,0000;7,6300;228,9000;0,0000;30/10/2026
ERN-HOSPITAL REG.TARCÍSIO DE VASCONCELOS MAIA;927052;958;Material;927052-9/2026;Materiais de Consumo - Medicamentos e Materiais Médicos;Catálogo do Compras.gov.br;Material;6515;INSTRUMENTOS, EQUIPAMENTOS E SUPRIMENTOS MÉDICOS  E  CIRÚRGICOS;18229;SONDA TRATO DIGESTIVO;435908;APLICAÇÃO: ORO OU NASOGÁSTRICA, CALIBRE: Nº 14, COMPONENTES: PONTA DISTAL FECHADA, C/ ORIFÍCIOS LATERAIS, COMPRIMENTO: CERCA 120, CONECTOR: CONECTOR PADRÃO C/ TAMPA, EMBALAGEM: EMBALAGEM INDIVIDUAL, ESTERILIDADE: ESTÉRIL, DESCARTÁVEL, MATERIAL: PVC, MODELO: LEVINE, TAMANHO: LONGA;UN;300,0000;1,0000;300,0000;0,0000;30/10/2026
ERN-HOSPITAL REG.TARCÍSIO DE VASCONCELOS MAIA;927052;959;Material;927052-9/2026;Materiais de Consumo - Medicamentos e Materiais Médicos;Catálogo do Compras.gov.br;Material;6515;INSTRUMENTOS, EQUIPAMENTOS E SUPRIMENTOS MÉDICOS  E  CIRÚRGICOS;19949;ESCOVA LIMPEZA - CME;481977;APLICAÇÃO: P/ CANULADO, COMPRIMENTO TOTAL: CERCA DE 25, DIÂMETRO PONTA: CERCA DE 2, HASTE: HASTE LIGA METÁLICA, MATERIAL CERDAS: CERDAS DE NYLON, PONTA ATIVA: EM UMA DAS EXTREMIDADES, TIPO USO: REPROCESSÁVEL;UN;16,0000;78,7000;1259,2000;0,0000;30/10/2026
ERN-HOSPITAL REG.TARCÍSIO DE VASCONCELOS MAIA;927052;960;Material;927052-9/2026;Materiais de Consumo - Medicamentos e Materiais Médicos;Catálogo do Compras.gov.br;Material;6510;MATERIAIS CIRÚRGICOS PARA CURATIVOS;3104;ATADURA;444609;CARACTERÍSTICAS ADICIONAIS 1: SECAGEM ULTRA RÁPIDA, DIMENSÕES: 10, MATERIAL 1: 100% ALGODÃO, TIPO 1: GESSADA;RO;3600,0000;18,9200;68112,0000;0,0000;30/10/2026
ERN-HOSPITAL REG.TARCÍSIO DE VASCONCELOS MAIA;927052;961;Material;927052-9/2026;Materiais de Consumo - Medicamentos e Materiais Médicos;Catálogo do Compras.gov.br;Material;6515;INSTRUMENTOS, EQUIPAMENTOS E SUPRIMENTOS MÉDICOS  E  CIRÚRGICOS;3701;CATETER PERIFÉRICO;437185;APLICAÇÃO: VENOSO, COMPONENTE 1: CÂMARA REFLUXO C/ FILTRO, COMPRIMENTO: CERCA 25, CONECTOR: CONECTOR PADRÃO, DIAMETRO: 22, MATERIAL AGULHA: AGULHA AÇO INOX, MATERIAL CATETER: POLÍMERO RADIOPACO, TIPO USO: ESTÉRIL, DESCARTÁVEL, EMBALAGEM INDIVIDUAL;UN;7200,0000;1,7800;12816,0000;0,0000;30/10/2026
ERN-HOSPITAL REG.TARCÍSIO DE VASCONCELOS MAIA;927052;962;Material;927052-9/2026;Materiais de Consumo - Medicamentos e Materiais Médicos;Catálogo do Compras.gov.br;Material;6515;INSTRUMENTOS, EQUIPAMENTOS E SUPRIMENTOS MÉDICOS  E  CIRÚRGICOS;30040;FIO DE SUTURA AGULHADO;487611;APRESENTAÇÃO: EMBALAGEM INDIVIDUAL, COMPRIMENTO AGULHA: CERCA DE 30, COMPRIMENTO FIO: CERCA DE 70, DIÂMETRO FIO: 3-0, ESTERILIDADE: ESTÉRIL, MATERIAL FIO: POLIÉSTER C/ ALGODÃO AZUL, MODELO AGULHA: CILÍNDRICA, MODELO FIO: MULTIFILAMENTAR, TIPO AGULHA: AGULHA 3/8 CÍRCULO;UN;144,0000;1,9000;273,6000;0,0000;30/10/2026
ERN-HOSPITAL REG.TARCÍSIO DE VASCONCELOS MAIA;927052;963;Material;927052-9/2026;Materiais de Consumo - Medicamentos e Materiais Médicos;Catálogo do Compras.gov.br;Material;6505;DROGAS E MEDICAMENTOS;17677;CLOZAPINA;272429;DOSAGEM: 25;COMPR;60,0000;1,5000;90,0000;0,0000;30/10/2026
ERN-HOSPITAL REG.TARCÍSIO DE VASCONCELOS MAIA;927052;964;Material;927052-9/2026;Materiais de Consumo - Medicamentos e Materiais Médicos;Catálogo do Compras.gov.br;Material;6505;DROGAS E MEDICAMENTOS;12329;EFEDRINA;287687;APRESENTAÇÃO: SULFATO, DOSAGEM: 50, APLICAÇÃO: SOLUÇÃO INJETÁVEL;AM;240,0000;3,0000;720,0000;0,0000;30/10/2026
ERN-HOSPITAL REG.TARCÍSIO DE VASCONCELOS MAIA;927052;965;Material;927052-9/2026;Materiais de Consumo - Medicamentos e Materiais Médicos;Catálogo do Compras.gov.br;Material;6505;DROGAS E MEDICAMENTOS;17767;FITOMENADIONA;292399;DOSAGEM: 10, APRESENTAÇÃO: SOLUÇÃO INJETÁVEL;AM;300,0000;2,4300;729,0000;0,0000;30/10/2026
ERN-HOSPITAL REG.TARCÍSIO DE VASCONCELOS MAIA;927052;966;Material;927052-9/2026;Materiais de Consumo - Medicamentos e Materiais Médicos;Catálogo do Compras.gov.br;Material;6508;COSMÉTICOS E ARTIGOS DE TOUCADOR DE NATUREZA MEDICINAL;18179;ÁCIDOS GRAXOS ESSENCIAIS;281657;COMPONENTES: LINOLÊICO, LECITINA DE SOJA, COMPOSIÇÃO: COMPOSTO DOS ÁCIDOS CAPRÍLICO, CÁPRICO, LÁURICO, APRESENTAÇÃO: ASSOCIADOS COM VITAMINAS "A" E "E", TIPO: LOÇÃO OLEOSA;FR;1500,0000;7,7400;11610,0000;0,0000;30/10/2026
ERN-HOSPITAL REG.TARCÍSIO DE VASCONCELOS MAIA;927052;967;Material;927052-9/2026;Materiais de Consumo - Medicamentos e Materiais Médicos;Catálogo do Compras.gov.br;Material;6505;DROGAS E MEDICAMENTOS;8007;GLICOSE;604858;CARACTERISTICA ADICIONAL: SISTEMA FECHADO, BOLSA/FRASCO ISENTO DE PVC, CONCENTRAÇAO: 50%, FORMA FARMACEUTICA: SOLUÇÃO INJETÁVEL;AM;15600,0000;0,4600;7176,0000;0,0000;30/10/2026
ERN-HOSPITAL REG.TARCÍSIO DE VASCONCELOS MAIA;927052;968;Material;927052-9/2026;Materiais de Consumo - Medicamentos e Materiais Médicos;Catálogo do Compras.gov.br;Material;6505;DROGAS E MEDICAMENTOS;4509;CARBAMAZEPINA;267618;DOSAGEM: 200;COMPR;1200,0000;0,1800;216,0000;0,0000;30/10/2026
ERN-HOSPITAL REG.TARCÍSIO DE VASCONCELOS MAIA;927052;969;Material;927052-9/2026;Materiais de Consumo - Medicamentos e Materiais Médicos;Catálogo do Compras.gov.br;Material;6515;INSTRUMENTOS, EQUIPAMENTOS E SUPRIMENTOS MÉDICOS  E  CIRÚRGICOS;2224;TUBO ENDOTRAQUEAL;451410;APLICAÇÃO*: P/ MICROCIRURGIA LARINGE, CALIBRE: 4,0, COMPONENTE 1: BALÃO ALTO VOLUME E BAIXA PRESSÃO, COMPONENTE 2: RADIOPACO, GRADUADO, ESTERILIDADE: ESTÉRIL, USO ÚNICO, MATERIAL: PVC, MODELO: CURVA MAGILL, TIPO CONECTOR: CONECTOR PADRÃO, TIPO PONTA: C/ PONTA DISTAL ATRAUMÁTICA;UN;80,0000;7,5900;607,2000;0,0000;30/10/2026
ERN-HOSPITAL REG.TARCÍSIO DE VASCONCELOS MAIA;927052;970;Material;927052-9/2026;Materiais de Consumo - Medicamentos e Materiais Médicos;Catálogo do Compras.gov.br;Material;6515;INSTRUMENTOS, EQUIPAMENTOS E SUPRIMENTOS MÉDICOS  E  CIRÚRGICOS;8203;DRENO CIRÚRGICO;464739;CALIBRE: 14, COMPONENTE: INTRODUTOR EM AÇO INOXIDÁVEL, COMPONENTE ADICIONAL: C/ RESERVATÓRIO GRADUADO - PRESSÃO NEGATIVA, COMPONENTE I: C/ VÁLVULA ANTIRREFLUXO E EXTENSOR C/ CLAMP, COMPONENTE II: RADIOPACO, CONECTOR UNIVERSAL: C/ CONECTOR DUPLO, EMBALAGEM: EMBALAGEM INDIVIDUAL, MATERIAL: SILICONE, MODELO: TUBULAR, TIPO USO: ESTÉRIL, DESCARTÁVEL, VOLUME: CERCA DE 600;UN;12,0000;22,1300;265,5600;0,0000;30/10/2026
ERN-HOSPITAL REG.TARCÍSIO DE VASCONCELOS MAIA;927052;971;Material;927052-9/2026;Materiais de Consumo - Medicamentos e Materiais Médicos;Catálogo do Compras.gov.br;Material;6505;DROGAS E MEDICAMENTOS;5090;CLOPIDOGREL;272045;DOSAGEM: 75;COMPR;4800,0000;0,2700;1296,0000;0,0000;30/10/2026
ERN-HOSPITAL REG.TARCÍSIO DE VASCONCELOS MAIA;927052;1025;Material;927052-9/2026;Materiais de Consumo - Medicamentos e Materiais Médicos;Catálogo do Compras.gov.br;Material;6550;SUBSTÂNCIAS PARA DIAGNÓSTICO "IN VITRO",  REAGENTES,  CONJUNTOS E JOGOS PARA TESTE;18913;MEIO DE CULTURA;326284;APRESENTAÇÃO: PÓ, TIPO: ÁGAR MACCONKEY;FR;5,0000;810,0000;4050,0000;0,0000;30/10/2026
ERN-HOSPITAL REG.TARCÍSIO DE VASCONCELOS MAIA;927052;972;Material;927052-9/2026;Materiais de Consumo - Medicamentos e Materiais Médicos;Catálogo do Compras.gov.br;Material;6515;INSTRUMENTOS, EQUIPAMENTOS E SUPRIMENTOS MÉDICOS  E  CIRÚRGICOS;30040;FIO DE SUTURA AGULHADO;487107;APRESENTAÇÃO: EMBALAGEM INDIVIDUAL, COMPONENTE FIO: C/ BACTERIOSTÁTICO / BACTERICIDA, COMPRIMENTO AGULHA: CERCA DE 22, COMPRIMENTO FIO: CERCA DE 70, DIÂMETRO FIO: 4-0, ESTERILIDADE: ESTÉRIL, MATERIAL FIO: POLIGLACTINA VIOLETA, MODELO AGULHA: CILÍNDRICA, MODELO FIO: MULTIFILAMENTAR, TIPO AGULHA: AGULHA 1/2 CÍRCULO;UN;216,0000;5,6500;1220,4000;0,0000;30/10/2026
ERN-HOSPITAL REG.TARCÍSIO DE VASCONCELOS MAIA;927052;973;Material;927052-9/2026;Materiais de Consumo - Medicamentos e Materiais Médicos;Catálogo do Compras.gov.br;Material;6505;DROGAS E MEDICAMENTOS;10094;NISTATINA;266788;DOSAGEM: 25.000 UI/G, APRESENTAÇÃO: CREME VAGINAL;BIS;60,0000;4,7500;285,0000;0,0000;30/10/2026
ERN-HOSPITAL REG.TARCÍSIO DE VASCONCELOS MAIA;927052;974;Material;927052-9/2026;Materiais de Consumo - Medicamentos e Materiais Médicos;Catálogo do Compras.gov.br;Material;6515;INSTRUMENTOS, EQUIPAMENTOS E SUPRIMENTOS MÉDICOS  E  CIRÚRGICOS;2224;TUBO ENDOTRAQUEAL;451415;CALIBRE: 5,0, COMPONENTE 1: BALÃO ALTO VOLUME E BAIXA PRESSÃO, COMPONENTE 2: RADIOPACO, GRADUADO, ESTERILIDADE: ESTÉRIL, USO ÚNICO, MATERIAL: SILICONE, MODELO: CURVA MAGILL, TIPO CONECTOR: CONECTOR PADRÃO, TIPO PONTA: C/ PONTA DISTAL ATRAUMÁTICA;UN;12,0000;4,5500;54,6000;0,0000;30/10/2026
ERN-HOSPITAL REG.TARCÍSIO DE VASCONCELOS MAIA;927052;975;Material;927052-9/2026;Materiais de Consumo - Medicamentos e Materiais Médicos;Catálogo do Compras.gov.br;Material;6515;INSTRUMENTOS, EQUIPAMENTOS E SUPRIMENTOS MÉDICOS  E  CIRÚRGICOS;14736;CATETER ASPIRAÇÃO TRAQUEAL;279763;CARACTERÍSTICAS ADICIONAIS: PONTA ATRAUMÁTICA, ORIFÍCIOS DISTAIS LATERALIZADOS, ESPESSURA: Nº 8, MATERIAL: PVC ATÓXICO FLEXÍVEL, TIPO EMBALAGEM: ESTÉRIL, EMBALAGEM INDIVIDUAL, TIPO USO: DESCARTÁVEL;UN;120,0000;0,6300;75,6000;0,0000;30/10/2026
ERN-HOSPITAL REG.TARCÍSIO DE VASCONCELOS MAIA;927052;976;Material;927052-9/2026;Materiais de Consumo - Medicamentos e Materiais Médicos;Catálogo do Compras.gov.br;Material;6515;INSTRUMENTOS, EQUIPAMENTOS E SUPRIMENTOS MÉDICOS  E  CIRÚRGICOS;15284;LÂMINA BISTURI;366903;CARACTERÍSTICAS ADICIONAIS: EMBALADA INDIVIDUALMENTE, ESTERILIDADE: ESTÉRIL, MATERIAL: AÇO INOXIDÁVEL, TAMANHO: Nº 15, TIPO: DESCARTÁVEL;UN;3000,0000;0,3300;990,0000;0,0000;30/10/2026
ERN-HOSPITAL REG.TARCÍSIO DE VASCONCELOS MAIA;927052;977;Material;927052-9/2026;Materiais de Consumo - Medicamentos e Materiais Médicos;Catálogo do Compras.gov.br;Material;6505;DROGAS E MEDICAMENTOS;5275;CLORPROMAZINA;340207;CONCENTRAÇÃO: 40, FORMA FARMACEUTICA: SOLUÇÃO ORAL - GOTAS;FR;12,0000;6,5500;78,6000;0,0000;30/10/2026
ERN-HOSPITAL REG.TARCÍSIO DE VASCONCELOS MAIA;927052;978;Material;927052-9/2026;Materiais de Consumo - Medicamentos e Materiais Médicos;Catálogo do Compras.gov.br;Material;6505;DROGAS E MEDICAMENTOS;30073;ESCETAMINA;602763;CONCENTRAÇÃO: 50, FORMA FARMACÊUTICA: SOLUÇÃO INJETÁVEL;AM;600,0000;23,6400;14184,0000;0,0000;30/10/2026
ERN-HOSPITAL REG.TARCÍSIO DE VASCONCELOS MAIA;927052;979;Material;927052-9/2026;Materiais de Consumo - Medicamentos e Materiais Médicos;Catálogo do Compras.gov.br;Material;6505;DROGAS E MEDICAMENTOS;5077;CLINDAMICINA;292419;DOSAGEM: 150, APRESENTAÇÃO: SOLUÇÃO INJETÁVEL;AM;6000,0000;3,1300;18780,0000;0,0000;30/10/2026
ERN-HOSPITAL REG.TARCÍSIO DE VASCONCELOS MAIA;927052;980;Material;927052-9/2026;Materiais de Consumo - Medicamentos e Materiais Médicos;Catálogo do Compras.gov.br;Material;6515;INSTRUMENTOS, EQUIPAMENTOS E SUPRIMENTOS MÉDICOS  E  CIRÚRGICOS;19949;ESCOVA LIMPEZA - CME;481857;APLICAÇÃO: P/ CANULADO, COMPRIMENTO TOTAL: CERCA DE 25, DIÂMETRO PONTA: CERCA DE 4, HASTE: HASTE LIGA METÁLICA, MATERIAL CERDAS: CERDAS DE NYLON, PONTA ATIVA: EM UMA DAS EXTREMIDADES, TIPO USO: REPROCESSÁVEL;UN;16,0000;88,5500;1416,8000;0,0000;30/10/2026
ERN-HOSPITAL REG.TARCÍSIO DE VASCONCELOS MAIA;927052;981;Material;927052-9/2026;Materiais de Consumo - Medicamentos e Materiais Médicos;Catálogo do Compras.gov.br;Material;6515;INSTRUMENTOS, EQUIPAMENTOS E SUPRIMENTOS MÉDICOS  E  CIRÚRGICOS;3701;CATETER PERIFÉRICO;437171;APLICAÇÃO: VENOSO, COMPONENTE ADICIONAL: C/ ASA DE FIXAÇÃO, TUBO EXTENSOR, CONECTOR: CONECTOR PADRÃO C/ TAMPA, DIAMETRO: 23, MATERIAL AGULHA: AGULHA AÇO INOX, MODELO: TIPO ESCALPE, TIPO USO: ESTÉRIL, DESCARTÁVEL, EMBALAGEM INDIVIDUAL;UN;6000,0000;0,3200;1920,0000;0,0000;30/10/2026
ERN-HOSPITAL REG.TARCÍSIO DE VASCONCELOS MAIA;927052;982;Material;927052-9/2026;Materiais de Consumo - Medicamentos e Materiais Médicos;Catálogo do Compras.gov.br;Material;6505;DROGAS E MEDICAMENTOS;5130;AMBROXOL;446263;COMPOSIÇÃO: SAL CLORIDRATO, CONCENTRAÇÃO: 6, FORMA FARMACÊUTICA: XAROPE;FR;360,0000;3,1800;1144,8000;0,0000;30/10/2026
ERN-HOSPITAL REG.TARCÍSIO DE VASCONCELOS MAIA;927052;983;Material;927052-9/2026;Materiais de Consumo - Medicamentos e Materiais Médicos;Catálogo do Compras.gov.br;Material;6515;INSTRUMENTOS, EQUIPAMENTOS E SUPRIMENTOS MÉDICOS  E  CIRÚRGICOS;30129;EQUIPO DE TRANSFUSÃO DE HEMOCOMPONENTES;609779;COMPRIMENTO TUBO: ATÉ 180 CM, CONECTOR PACIENTE: LUER, CÂMARA GOTEJAMENTO: MACROGOTAS, CÂMARA DUPLA, C/ FILTRO, ESTERILIDADE: ESTÉRIL, USO ÚNICO, MATERIAL: PVC TRANSPARENTE, REGULADOR DE FLUXO MANUAL: PINÇA ROLETE, TIPO: GRAVITACIONAL, 2 VIAS, C/ DERIVAÇÃO EM Y, TIPO EMBALAGEM: INDIVIDUAL;UN;1800,0000;3,4100;6138,0000;0,0000;30/10/2026
ERN-HOSPITAL REG.TARCÍSIO DE VASCONCELOS MAIA;927052;984;Material;927052-9/2026;Materiais de Consumo - Medicamentos e Materiais Médicos;Catálogo do Compras.gov.br;Material;6515;INSTRUMENTOS, EQUIPAMENTOS E SUPRIMENTOS MÉDICOS  E  CIRÚRGICOS;4169;BOLSA COLETORA DE HEMODERIVADOS;422499;APLICAÇÃO: PARA BIOPROCESSAMENTO, CAPACIDADE: 2000, COMPOSIÇÃO: 3 VIAS, C/ CONECTORES, ESTERILIDADE: ESTÉRIL,ATÓXICA,APIROGÊNICA, MATERIAL: EVA, OUTROS COMPONENTES: FILTRO, SENSORES;UN;196,0000;91,5800;17949,6800;0,0000;30/10/2026
ERN-HOSPITAL REG.TARCÍSIO DE VASCONCELOS MAIA;927052;985;Material;927052-9/2026;Materiais de Consumo - Medicamentos e Materiais Médicos;Catálogo do Compras.gov.br;Material;6505;DROGAS E MEDICAMENTOS;11262;PROMETAZINA CLORIDRATO;267769;DOSAGEM: 25, APRESENTAÇÃO: SOLUÇÃO INJETÁVEL;AM;1800,0000;3,3300;5994,0000;0,0000;30/10/2026
ERN-HOSPITAL REG.TARCÍSIO DE VASCONCELOS MAIA;927052;986;Material;927052-9/2026;Materiais de Consumo - Medicamentos e Materiais Médicos;Catálogo do Compras.gov.br;Material;6505;DROGAS E MEDICAMENTOS;1824;ACETILCISTEÍNA;434110;CONCENTRAÇAO: 600, FORMA FARMACEUTICA: GRANULADO PARA SOLUÇÃO ORAL;ENV;3000,0000;1,0500;3150,0000;0,0000;30/10/2026
ERN-HOSPITAL REG.TARCÍSIO DE VASCONCELOS MAIA;927052;987;Material;927052-9/2026;Materiais de Consumo - Medicamentos e Materiais Médicos;Catálogo do Compras.gov.br;Material;6515;INSTRUMENTOS, EQUIPAMENTOS E SUPRIMENTOS MÉDICOS  E  CIRÚRGICOS;30128;EQUIPO DE INFUSÃO VENOSA GRAVITACIONAL;609714;CARACTERÍSTICAS BURETA: GRADUADA, C/ ALÇA, RESPIRO, INJETOR E FILTRO, COMPRIMENTO TUBO: ATÉ 180 CM, CONECTOR PACIENTE: LUER, CÂMARA GOTEJAMENTO: MICROGOTAS, FLEXÍVEL, C/ FILTRO, ESTERILIDADE: ESTÉRIL, USO ÚNICO, MATERIAL: PVC TRANSPARENTE, SEM DEHP, REGULADOR DE FLUXO MANUAL: PINÇA ROLETE, TIPO EMBALAGEM: INDIVIDUAL, TIPO INJETOR LATERAL: C/ 1 INJETOR, USO S/ AGULHA, VOLUME BURETA: BURETA CERCA DE 150;UN;120,0000;1,5400;184,8000;0,0000;30/10/2026
ERN-HOSPITAL REG.TARCÍSIO DE VASCONCELOS MAIA;927052;988;Material;927052-9/2026;Materiais de Consumo - Medicamentos e Materiais Médicos;Catálogo do Compras.gov.br;Material;6505;DROGAS E MEDICAMENTOS;5118;CLORETO DE SÓDIO;452796;CARACTERISTICA ADICIONAL: SISTEMA FECHADO, CARACTERÍSTICAS ADICIONAIS 1: BOLSA/FRASCO ISENTO DE PVC, CONCENTRAÇAO: 0,9 %, FORMA FARMACEUTICA: SOLUÇÃO INJETÁVEL;BOL;120000,0000;5,3800;645600,0000;0,0000;30/10/2026
ERN-HOSPITAL REG.TARCÍSIO DE VASCONCELOS MAIA;927052;991;Material;927052-9/2026;Materiais de Consumo - Medicamentos e Materiais Médicos;Catálogo do Compras.gov.br;Material;6550;SUBSTÂNCIAS PARA DIAGNÓSTICO "IN VITRO",  REAGENTES,  CONJUNTOS E JOGOS PARA TESTE;5778;REAGENTE PARA DIAGNÓSTICO CLÍNICO 1;412589;APRESENTAÇÃO: TESTE, MÉTODO: IMUNOCROMATOGRAFIA, TIPO: CONJUNTO COMPLETO, TIPO DE ANÁLISE: QUALITATIVO ANTI DENGUE VÍRUS E ANTÍGENO NS1;TESTE;2000,0000;13,0000;26000,0000;0,0000;30/10/2026
ERN-HOSPITAL REG.TARCÍSIO DE VASCONCELOS MAIA;927052;992;Material;927052-9/2026;Materiais de Consumo - Medicamentos e Materiais Médicos;Catálogo do Compras.gov.br;Material;6550;SUBSTÂNCIAS PARA DIAGNÓSTICO "IN VITRO",  REAGENTES,  CONJUNTOS E JOGOS PARA TESTE;18984;REAGENTE PARA DIAGNÓSTICO CLÍNICO 5;384548;APRESENTAÇÃO: TESTE, CARACTERÍSTICAS ADICIONAIS: MICROPLACA COM POÇOS, COMPOSIÇÃO BÁSICA: ANTICORPOS MONOCLONAIS ANTI-A, ANTI-B, ANTI-AB, OUTROS COMPONENTES: ANTI-D, ANTI-D, A1 E B, CONTROLE, TIPO: CONJUNTO COMPLETO, TIPO DE ANÁLISE: FENOTIPAGEM SANGÜÍNEA ABO/RH COM PROVA REVERSA;UN;2000,0000;220,0000;440000,0000;0,0000;30/10/2026
ERN-HOSPITAL REG.TARCÍSIO DE VASCONCELOS MAIA;927052;993;Material;927052-9/2026;Materiais de Consumo - Medicamentos e Materiais Médicos;Catálogo do Compras.gov.br;Material;6550;SUBSTÂNCIAS PARA DIAGNÓSTICO "IN VITRO",  REAGENTES,  CONJUNTOS E JOGOS PARA TESTE;7172;REAGENTE PARA DIAGNÓSTICO CLÍNICO 2;448558;APRESENTAÇÃO: TESTE, MÉTODO: IMUNOCROMATOGRAFIA, TIPO: CONJUNTO COMPLETO, TIPO DE ANÁLISE: QUALITATIVO DE ANTI CHIKUNGUNYA VÍRUS IGG/IGM;TESTE;1000,0000;25,0000;25000,0000;0,0000;30/10/2026
ERN-HOSPITAL REG.TARCÍSIO DE VASCONCELOS MAIA;927052;994;Material;927052-9/2026;Materiais de Consumo - Medicamentos e Materiais Médicos;Catálogo do Compras.gov.br;Material;6550;SUBSTÂNCIAS PARA DIAGNÓSTICO "IN VITRO",  REAGENTES,  CONJUNTOS E JOGOS PARA TESTE;18913;MEIO DE CULTURA;354668;APRESENTAÇÃO: LÍQUIDO, TIPO: CALDO TIOGLICOLATO;UN;100,0000;64,0000;6400,0000;0,0000;30/10/2026
ERN-HOSPITAL REG.TARCÍSIO DE VASCONCELOS MAIA;927052;995;Material;927052-9/2026;Materiais de Consumo - Medicamentos e Materiais Médicos;Catálogo do Compras.gov.br;Material;6550;SUBSTÂNCIAS PARA DIAGNÓSTICO "IN VITRO",  REAGENTES,  CONJUNTOS E JOGOS PARA TESTE;2162;ÁGUA DESTILADA;352317;ASPECTO FÍSICO: ESTÉRIL E APIROGÊNICA, TIPO EMBALAGEM: EM SISTEMA FECHADO;BOL;9000,0000;5,4100;48690,0000;0,0000;30/10/2026
ERN-HOSPITAL REG.TARCÍSIO DE VASCONCELOS MAIA;927052;996;Material;927052-9/2026;Materiais de Consumo - Medicamentos e Materiais Médicos;Catálogo do Compras.gov.br;Material;6545;JOGOS E CONJUNTOS MÉDICOS;5728;CÂNULA DE TRAQUEOSTOMIA;438090;COMPONENTES*: BALÃO DE ALTO VOLUME E BAIXA PRESSÃO, DIÂMETRO: CERCA DE 8,0, EMBALAGEM: EMBALAGEM INDIVIDUAL, ESTERELIDADE: ESTÉRIL, MATERIAL*: PVC, MODELO: C/ LÚMEN ADICIONAL P/ ASPIRAÇÃO SUBGLÓTICA, OUTROS COMPONENTES*: C/ SISTEMA DE CONTROLE DE PRESSÃO, TIPO: RADIOPACO;CJ;120,0000;17,0700;2048,4000;0,0000;30/10/2026
ERN-HOSPITAL REG.TARCÍSIO DE VASCONCELOS MAIA;927052;997;Material;927052-9/2026;Materiais de Consumo - Medicamentos e Materiais Médicos;Catálogo do Compras.gov.br;Material;6550;SUBSTÂNCIAS PARA DIAGNÓSTICO "IN VITRO",  REAGENTES,  CONJUNTOS E JOGOS PARA TESTE;2162;ÁGUA DESTILADA;352317;ASPECTO FÍSICO: ESTÉRIL E APIROGÊNICA, TIPO EMBALAGEM: EM SISTEMA FECHADO;BOL;300,0000;7,6300;2289,0000;0,0000;30/10/2026
ERN-HOSPITAL REG.TARCÍSIO DE VASCONCELOS MAIA;927052;998;Material;927052-9/2026;Materiais de Consumo - Medicamentos e Materiais Médicos;Catálogo do Compras.gov.br;Material;6550;SUBSTÂNCIAS PARA DIAGNÓSTICO "IN VITRO",  REAGENTES,  CONJUNTOS E JOGOS PARA TESTE;;;;;-;0,0000;0,0000;1545,2000;0,0000;30/10/2026
ERN-HOSPITAL REG.TARCÍSIO DE VASCONCELOS MAIA;927052;999;Material;927052-9/2026;Materiais de Consumo - Medicamentos e Materiais Médicos;Catálogo do Compras.gov.br;Material;6545;JOGOS E CONJUNTOS MÉDICOS;5728;CÂNULA DE TRAQUEOSTOMIA;438090;COMPONENTES*: BALÃO DE ALTO VOLUME E BAIXA PRESSÃO, DIÂMETRO: CERCA DE 8,0, EMBALAGEM: EMBALAGEM INDIVIDUAL, ESTERELIDADE: ESTÉRIL, MATERIAL*: PVC, MODELO: C/ LÚMEN ADICIONAL P/ ASPIRAÇÃO SUBGLÓTICA, OUTROS COMPONENTES*: C/ SISTEMA DE CONTROLE DE PRESSÃO, TIPO: RADIOPACO;CJ;180,0000;405,3500;72963,0000;0,0000;30/10/2026
ERN-HOSPITAL REG.TARCÍSIO DE VASCONCELOS MAIA;927052;1000;Material;927052-9/2026;Materiais de Consumo - Medicamentos e Materiais Médicos;Catálogo do Compras.gov.br;Material;6550;SUBSTÂNCIAS PARA DIAGNÓSTICO "IN VITRO",  REAGENTES,  CONJUNTOS E JOGOS PARA TESTE;18913;MEIO DE CULTURA;326292;APRESENTAÇÃO: PÓ, TIPO: ÁGAR CLED;FR;6,0000;800,0000;4800,0000;0,0000;30/10/2026
ERN-HOSPITAL REG.TARCÍSIO DE VASCONCELOS MAIA;927052;1001;Material;927052-9/2026;Materiais de Consumo - Medicamentos e Materiais Médicos;Catálogo do Compras.gov.br;Material;6550;SUBSTÂNCIAS PARA DIAGNÓSTICO "IN VITRO",  REAGENTES,  CONJUNTOS E JOGOS PARA TESTE;18913;MEIO DE CULTURA;327599;ADITIVOS: COM SANGUE DE CARNEIRO, APRESENTAÇÃO: SÓLIDO, CARACTERÍSTICA ADICIONAL: PLACA 90MM, TIPO: ÁGAR MUELLER HINTON;UN;500,0000;60,0000;30000,0000;0,0000;30/10/2026
ERN-HOSPITAL REG.TARCÍSIO DE VASCONCELOS MAIA;927052;1002;Material;927052-9/2026;Materiais de Consumo - Medicamentos e Materiais Médicos;Catálogo do Compras.gov.br;Material;6550;SUBSTÂNCIAS PARA DIAGNÓSTICO "IN VITRO",  REAGENTES,  CONJUNTOS E JOGOS PARA TESTE;19027;REAGENTE PARA DIAGNÓSTICO CLÍNICO 6;350549;APRESENTAÇÃO: TESTE, CARACTERÍSTICAS ADICIONAIS: CARTÃO COM MICROTUBOS, COMPOSIÇÃO BÁSICA: ANTICORPOS POLICLONAIS ANTI-A, ANTI-B, ANTI-D, OUTROS COMPONENTES: CONTROLE, TIPO: CONJUNTO COMPLETO, TIPO DE ANÁLISE: FENOTIPAGEM SANGÜÍNEA ABO/RH PARA CLASSIFICAÇÃO;FR;50,0000;64,0000;3200,0000;0,0000;30/10/2026
ERN-HOSPITAL REG.TARCÍSIO DE VASCONCELOS MAIA;927052;1003;Material;927052-9/2026;Materiais de Consumo - Medicamentos e Materiais Médicos;Catálogo do Compras.gov.br;Material;6550;SUBSTÂNCIAS PARA DIAGNÓSTICO "IN VITRO",  REAGENTES,  CONJUNTOS E JOGOS PARA TESTE;11521;REAGENTE PARA DIAGNÓSTICO CLÍNICO 4;401201;APRESENTAÇÃO: TESTE, MÉTODO: IMUNOCROMATOGRAFIA, TIPO: CONJUNTO COMPLETO, TIPO DE ANÁLISE: QUALITATIVO ANTI LEPTOSPIRA INTERROGANS;UN;100,0000;90,0000;9000,0000;0,0000;30/10/2026
ERN-HOSPITAL REG.TARCÍSIO DE VASCONCELOS MAIA;927052;1004;Material;927052-9/2026;Materiais de Consumo - Medicamentos e Materiais Médicos;Catálogo do Compras.gov.br;Material;6550;SUBSTÂNCIAS PARA DIAGNÓSTICO "IN VITRO",  REAGENTES,  CONJUNTOS E JOGOS PARA TESTE;18913;MEIO DE CULTURA;369809;APRESENTAÇÃO: LÍQUIDO, CARACTERÍSTICA ADICIONAL: TUBO 13X100MM, TIPO: CALDO BHI;FR;8,0000;890,0000;7120,0000;0,0000;30/10/2026
ERN-HOSPITAL REG.TARCÍSIO DE VASCONCELOS MAIA;927052;1005;Material;927052-9/2026;Materiais de Consumo - Medicamentos e Materiais Médicos;Catálogo do Compras.gov.br;Material;6550;SUBSTÂNCIAS PARA DIAGNÓSTICO "IN VITRO",  REAGENTES,  CONJUNTOS E JOGOS PARA TESTE;18984;REAGENTE PARA DIAGNÓSTICO CLÍNICO 5;396034;APRESENTAÇÃO: TESTE, CARACTERÍSTICAS ADICIONAIS: PRONTO PARA USO, MÉTODO: FLOCULAÇÃO, TIPO: SUSPENSÃO DE ANTÍGENOS PARA TRIAGEM DE VDRL;FR;20,0000;60,0000;1200,0000;0,0000;30/10/2026
ERN-HOSPITAL REG.TARCÍSIO DE VASCONCELOS MAIA;927052;1006;Material;927052-9/2026;Materiais de Consumo - Medicamentos e Materiais Médicos;Catálogo do Compras.gov.br;Material;6550;SUBSTÂNCIAS PARA DIAGNÓSTICO "IN VITRO",  REAGENTES,  CONJUNTOS E JOGOS PARA TESTE;18996;INDICADOR QUÍMICO;339652;APRESENTAÇÃO: TIRA DE PAPEL, CARACTERÍSTICAS ADICIONAIS: PARA ESTERILIZAÇÃO A VAPOR, CLASSE: CLASSE VI, TIPO: SIMULADOR, TIPO USO: INTERNO;UN;12,0000;2590,7500;31089,0000;0,0000;30/10/2026
ERN-HOSPITAL REG.TARCÍSIO DE VASCONCELOS MAIA;927052;1007;Material;927052-9/2026;Materiais de Consumo - Medicamentos e Materiais Médicos;Catálogo do Compras.gov.br;Material;6550;SUBSTÂNCIAS PARA DIAGNÓSTICO "IN VITRO",  REAGENTES,  CONJUNTOS E JOGOS PARA TESTE;18996;INDICADOR QUÍMICO;332346;APRESENTAÇÃO: TIRA DE PAPEL, CARACTERÍSTICAS ADICIONAIS: PARA ESTERILIZAÇÃO A VAPOR, CLASSE: CLASSE V, TIPO: INTEGRADOR, TIPO USO: INTERNO;UN;21600,0000;1,3400;28944,0000;0,0000;30/10/2026
ERN-HOSPITAL REG.TARCÍSIO DE VASCONCELOS MAIA;927052;1008;Material;927052-9/2026;Materiais de Consumo - Medicamentos e Materiais Médicos;Catálogo do Compras.gov.br;Material;6550;SUBSTÂNCIAS PARA DIAGNÓSTICO "IN VITRO",  REAGENTES,  CONJUNTOS E JOGOS PARA TESTE;18984;REAGENTE PARA DIAGNÓSTICO CLÍNICO 5;381391;APRESENTAÇÃO: TIRA, CARACTERÍSTICAS ADICIONAIS: CAPILAR, VENOSO, ARTERIAL OU NEONATAL, TIPO DE ANÁLISE: QUANTITATIVO DE GLICOSE;UN;60000,0000;0,2700;16200,0000;0,0000;30/10/2026
ERN-HOSPITAL REG.TARCÍSIO DE VASCONCELOS MAIA;927052;1009;Material;927052-9/2026;Materiais de Consumo - Medicamentos e Materiais Médicos;Catálogo do Compras.gov.br;Material;6550;SUBSTÂNCIAS PARA DIAGNÓSTICO "IN VITRO",  REAGENTES,  CONJUNTOS E JOGOS PARA TESTE;18996;INDICADOR QUÍMICO;332344;APRESENTAÇÃO: FOLHA PARA TESTE, CARACTERÍSTICAS ADICIONAIS: PARA ESTERILIZAÇÃO A VAPOR, CLASSE: CLASSE II, TIPO: BOWIE DICK, TIPO USO: INTERNO;UN;800,0000;17,2000;13760,0000;0,0000;30/10/2026
ERN-HOSPITAL REG.TARCÍSIO DE VASCONCELOS MAIA;927052;1010;Material;927052-9/2026;Materiais de Consumo - Medicamentos e Materiais Médicos;Catálogo do Compras.gov.br;Material;6550;SUBSTÂNCIAS PARA DIAGNÓSTICO "IN VITRO",  REAGENTES,  CONJUNTOS E JOGOS PARA TESTE;19027;REAGENTE PARA DIAGNÓSTICO CLÍNICO 6;459897;APRESENTAÇÃO: TESTE, COMPOSIÇÃO BÁSICA: DETECÇÃO ADENOVÍRUS, PARAINFLUENZA 1,2 E 3, RSV, MÉTODO: IMUNOCROMATOGRAFIA, OUTROS COMPONENTES: INFLUENZA A E B, TIPO: CONJUNTO COMPLETO, TIPO DE ANÁLISE: PAINEL DE VÍRUS RESPIRATÓRIO;UN;500,0000;250,0000;125000,0000;0,0000;30/10/2026
ERN-HOSPITAL REG.TARCÍSIO DE VASCONCELOS MAIA;927052;1011;Material;927052-9/2026;Materiais de Consumo - Medicamentos e Materiais Médicos;Catálogo do Compras.gov.br;Material;6550;SUBSTÂNCIAS PARA DIAGNÓSTICO "IN VITRO",  REAGENTES,  CONJUNTOS E JOGOS PARA TESTE;18913;MEIO DE CULTURA;326882;APRESENTAÇÃO: PÓ, TIPO: CALDO BHI;FR;5,0000;798,0000;3990,0000;0,0000;30/10/2026
ERN-HOSPITAL REG.TARCÍSIO DE VASCONCELOS MAIA;927052;1012;Material;927052-9/2026;Materiais de Consumo - Medicamentos e Materiais Médicos;Catálogo do Compras.gov.br;Material;6550;SUBSTÂNCIAS PARA DIAGNÓSTICO "IN VITRO",  REAGENTES,  CONJUNTOS E JOGOS PARA TESTE;18913;MEIO DE CULTURA;354668;APRESENTAÇÃO: LÍQUIDO, TIPO: CALDO TIOGLICOLATO;UN;150,0000;61,0000;9150,0000;0,0000;30/10/2026
ERN-HOSPITAL REG.TARCÍSIO DE VASCONCELOS MAIA;927052;1013;Material;927052-9/2026;Materiais de Consumo - Medicamentos e Materiais Médicos;Catálogo do Compras.gov.br;Material;6545;JOGOS E CONJUNTOS MÉDICOS;5728;CÂNULA DE TRAQUEOSTOMIA;438091;COMPONENTES*: BALÃO DE ALTO VOLUME E BAIXA PRESSÃO, DIÂMETRO: CERCA DE 9,0, EMBALAGEM: EMBALAGEM INDIVIDUAL, ESTERELIDADE: ESTÉRIL, MATERIAL*: PVC, MODELO: C/ LÚMEN ADICIONAL P/ ASPIRAÇÃO SUBGLÓTICA, OUTROS COMPONENTES*: C/ SISTEMA DE CONTROLE DE PRESSÃO, TIPO: RADIOPACO;CJ;12,0000;19,6100;235,3200;0,0000;30/10/2026
ERN-HOSPITAL REG.TARCÍSIO DE VASCONCELOS MAIA;927052;1014;Material;927052-9/2026;Materiais de Consumo - Medicamentos e Materiais Médicos;Catálogo do Compras.gov.br;Material;6545;JOGOS E CONJUNTOS MÉDICOS;5728;CÂNULA DE TRAQUEOSTOMIA;615900;ACESSÓRIOS: C/ FITA P/ FIXAÇÃO, ACESSÓRIOS 02: CONECTOR UNIVERSAL, CARACTERÍSTICAS ADICIONAIS*: C/ ASA DE FIXAÇÃO LATERAL FLEXÍVEL, COMPONENTES*: BALÃO DE ALTO VOLUME E BAIXA PRESSÃO, DIÂMETRO: CERCA DE 6,0, EMBALAGEM: EMBALAGEM INDIVIDUAL, ESTERELIDADE: ESTÉRIL, DESCARTÁVEL, MATERIAL*: PVC, TIPO: RADIOPACO;CJ;30,0000;16,7700;503,1000;0,0000;30/10/2026
ERN-HOSPITAL REG.TARCÍSIO DE VASCONCELOS MAIA;927052;1015;Material;927052-9/2026;Materiais de Consumo - Medicamentos e Materiais Médicos;Catálogo do Compras.gov.br;Material;6550;SUBSTÂNCIAS PARA DIAGNÓSTICO "IN VITRO",  REAGENTES,  CONJUNTOS E JOGOS PARA TESTE;18996;INDICADOR QUÍMICO;332343;APRESENTAÇÃO: FITA ADESIVA, CARACTERÍSTICAS ADICIONAIS: PARA ESTERILIZAÇÃO A VAPOR, CLASSE: CLASSE I, TIPO USO: EXTERNO;UN;1600,0000;18,7000;29920,0000;0,0000;30/10/2026
ERN-HOSPITAL REG.TARCÍSIO DE VASCONCELOS MAIA;927052;1016;Material;927052-9/2026;Materiais de Consumo - Medicamentos e Materiais Médicos;Catálogo do Compras.gov.br;Material;6550;SUBSTÂNCIAS PARA DIAGNÓSTICO "IN VITRO",  REAGENTES,  CONJUNTOS E JOGOS PARA TESTE;18997;INDICADOR BIOLÓGICO;332503;APLICAÇÃO: PARA ESTERILIZAÇÃO A VAPOR, APRESENTAÇÃO: AUTOCONTIDO, AMPOLA COM MEIO DE CULTURA, CARACTERÍSTICAS ADICIONAIS: RESPOSTA EM 3 HORAS, ESPÉCIE: BACILLUS STEAROTHERMOPHILLUS, TIPO: SEGUNDA GERAÇÃO;UN;1700,0000;39,9900;67983,0000;0,0000;30/10/2026
ERN-HOSPITAL REG.TARCÍSIO DE VASCONCELOS MAIA;927052;1017;Material;927052-9/2026;Materiais de Consumo - Medicamentos e Materiais Médicos;Catálogo do Compras.gov.br;Material;6550;SUBSTÂNCIAS PARA DIAGNÓSTICO "IN VITRO",  REAGENTES,  CONJUNTOS E JOGOS PARA TESTE;2162;ÁGUA DESTILADA;352317;ASPECTO FÍSICO: ESTÉRIL E APIROGÊNICA, TIPO EMBALAGEM: EM SISTEMA FECHADO;BOL;7200,0000;5,8600;42192,0000;0,0000;30/10/2026
ERN-HOSPITAL REG.TARCÍSIO DE VASCONCELOS MAIA;927052;1018;Material;927052-9/2026;Materiais de Consumo - Medicamentos e Materiais Médicos;Catálogo do Compras.gov.br;Material;6550;SUBSTÂNCIAS PARA DIAGNÓSTICO "IN VITRO",  REAGENTES,  CONJUNTOS E JOGOS PARA TESTE;5778;REAGENTE PARA DIAGNÓSTICO CLÍNICO 1;435823;APRESENTAÇÃO: TESTE, MÉTODO: IMUNOCROMATOGRAFIA, TIPO: CONJUNTO COMPLETO, TIPO DE ANÁLISE: QUALITATIVO ANTI ZIKA VÍRUS IGG E IGM;UN;1000,0000;19,0000;19000,0000;0,0000;30/10/2026
ERN-HOSPITAL REG.TARCÍSIO DE VASCONCELOS MAIA;927052;1019;Material;927052-9/2026;Materiais de Consumo - Medicamentos e Materiais Médicos;Catálogo do Compras.gov.br;Material;6550;SUBSTÂNCIAS PARA DIAGNÓSTICO "IN VITRO",  REAGENTES,  CONJUNTOS E JOGOS PARA TESTE;11521;REAGENTE PARA DIAGNÓSTICO CLÍNICO 4;377739;APRESENTAÇÃO: TESTE, MÉTODO: AGLUTINAÇÃO EM PLACA, TIPO: CONJUNTO COMPLETO, TIPO DE ANÁLISE: QUALITATIVO DE ANTÍGENOS A, B, O E H (WIDAL);FR;20,0000;50,0000;1000,0000;0,0000;30/10/2026
ERN-HOSPITAL REG.TARCÍSIO DE VASCONCELOS MAIA;927052;1020;Material;927052-9/2026;Materiais de Consumo - Medicamentos e Materiais Médicos;Catálogo do Compras.gov.br;Material;6550;SUBSTÂNCIAS PARA DIAGNÓSTICO "IN VITRO",  REAGENTES,  CONJUNTOS E JOGOS PARA TESTE;11521;REAGENTE PARA DIAGNÓSTICO CLÍNICO 4;479540;APRESENTAÇÃO 1: TESTE, MÉTODO 1: IMUNOCROMATOGRAFIA, TIPO: CONJUNTO COMPLETO, TIPO DE ANÁLISE 1: QUALITATIVO DE ANTI HCV;UN;5000,0000;10,8000;54000,0000;0,0000;30/10/2026
ERN-HOSPITAL REG.TARCÍSIO DE VASCONCELOS MAIA;927052;1021;Material;927052-9/2026;Materiais de Consumo - Medicamentos e Materiais Médicos;Catálogo do Compras.gov.br;Material;6550;SUBSTÂNCIAS PARA DIAGNÓSTICO "IN VITRO",  REAGENTES,  CONJUNTOS E JOGOS PARA TESTE;19042;MEIO DE CULTURA.;381173;ASPECTO FÍSICO: SÓLIDO, CARACTERÍSTICA ADICIONAL: PLACA 90MM, TIPO: ÁGAR CLED / MACCONKEY;UN;3000,0000;3,7000;11100,0000;0,0000;30/10/2026
ERN-HOSPITAL REG.TARCÍSIO DE VASCONCELOS MAIA;927052;1022;Material;927052-9/2026;Materiais de Consumo - Medicamentos e Materiais Médicos;Catálogo do Compras.gov.br;Material;6550;SUBSTÂNCIAS PARA DIAGNÓSTICO "IN VITRO",  REAGENTES,  CONJUNTOS E JOGOS PARA TESTE;13893;CORANTE;383109;COMPONENTES: METANOL, EOSINA, AZUL DE METILENO, TIPO*: CONJUNTO COLORAÇÃO PARA CÉLULAS SANGUÍNEAS;FR;120,0000;64,0300;7683,6000;0,0000;30/10/2026
ERN-HOSPITAL REG.TARCÍSIO DE VASCONCELOS MAIA;927052;1023;Material;927052-9/2026;Materiais de Consumo - Medicamentos e Materiais Médicos;Catálogo do Compras.gov.br;Material;6550;SUBSTÂNCIAS PARA DIAGNÓSTICO "IN VITRO",  REAGENTES,  CONJUNTOS E JOGOS PARA TESTE;18913;MEIO DE CULTURA;394540;ADITIVOS: COM SPS, CO2 E VÁCUO, APLICAÇÃO: PARA HEMOCULTURA ADULTO, APRESENTAÇÃO: LÍQUIDO, TIPO: CALDO TIOGLICOLATO;UN;100,0000;61,0000;6100,0000;0,0000;30/10/2026
ERN-HOSPITAL REG.TARCÍSIO DE VASCONCELOS MAIA;927052;1024;Material;927052-9/2026;Materiais de Consumo - Medicamentos e Materiais Médicos;Catálogo do Compras.gov.br;Material;6550;SUBSTÂNCIAS PARA DIAGNÓSTICO "IN VITRO",  REAGENTES,  CONJUNTOS E JOGOS PARA TESTE;13893;CORANTE;620016;ASPECTO FÍSICO*: LÍQUIDO, TIPO*: FUCSINA FENICADA (GRAM);FR;20,0000;63,7300;1274,6000;0,0000;30/10/2026
ERN-HOSPITAL REG.TARCÍSIO DE VASCONCELOS MAIA;927052;1026;Material;927052-9/2026;Materiais de Consumo - Medicamentos e Materiais Médicos;Catálogo do Compras.gov.br;Material;6550;SUBSTÂNCIAS PARA DIAGNÓSTICO "IN VITRO",  REAGENTES,  CONJUNTOS E JOGOS PARA TESTE;18913;MEIO DE CULTURA;358302;APRESENTAÇÃO: LÍQUIDO, CARACTERÍSTICA ADICIONAL: TUBO PADRÃO 16X150MM, TIPO: CALDO BHI;UN;5000,0000;3,2000;16000,0000;0,0000;30/10/2026
ERN-HOSPITAL REG.TARCÍSIO DE VASCONCELOS MAIA;927052;1027;Material;927052-9/2026;Materiais de Consumo - Medicamentos e Materiais Médicos;Catálogo do Compras.gov.br;Material;6550;SUBSTÂNCIAS PARA DIAGNÓSTICO "IN VITRO",  REAGENTES,  CONJUNTOS E JOGOS PARA TESTE;18996;INDICADOR QUÍMICO;376428;APRESENTAÇÃO: PACOTE PRONTO PARA TESTE, USO ÚNICO, CARACTERÍSTICAS ADICIONAIS: PARA ESTERILIZAÇÃO A VAPOR, CLASSE: CLASSE V, COMPONENTES ADICIONAIS: INDICADOR QUÍMICO EXTERNO PARA CONTROLE EXPOSIÇÃO, TIPO: INTEGRADOR;UN;2400,0000;8,7600;21024,0000;0,0000;30/10/2026
ERN-HOSPITAL REG.TARCÍSIO DE VASCONCELOS MAIA;927052;1028;Material;927052-9/2026;Materiais de Consumo - Medicamentos e Materiais Médicos;Catálogo do Compras.gov.br;Material;6550;SUBSTÂNCIAS PARA DIAGNÓSTICO "IN VITRO",  REAGENTES,  CONJUNTOS E JOGOS PARA TESTE;18984;REAGENTE PARA DIAGNÓSTICO CLÍNICO 5;434561;CARACTERÍSTICAS ADICIONAIS: 11 PARÂMETROS, COMPOSIÇÃO BÁSICA: UROANÁLISE, TIPO: CONJUNTO COMPLETO PARA AUTOMAÇÃO;UN;5000,0000;16,0000;80000,0000;0,0000;30/10/2026
ERN-HOSPITAL REG.TARCÍSIO DE VASCONCELOS MAIA;927052;1029;Material;927052-9/2026;Materiais de Consumo - Medicamentos e Materiais Médicos;Catálogo do Compras.gov.br;Material;6545;JOGOS E CONJUNTOS MÉDICOS;5728;CÂNULA DE TRAQUEOSTOMIA;428731;ACESSÓRIOS 02: CONECTOR UNIVERSAL, CARACTERÍSTICAS ADICIONAIS*: SUPERFÍCIE LISA PONTA ARREDONDADA, DIÂMETRO: CERCA DE 7,5, EMBALAGEM: EMBALAGEM INDIVIDUAL, ESTERELIDADE: ESTÉRIL, DESCARTÁVEL, MATERIAL*: POLÍMERO, TIPO: RADIOPACO;CJ;190,0000;401,9500;76370,5000;0,0000;30/10/2026
ERN-HOSPITAL REG.TARCÍSIO DE VASCONCELOS MAIA;927052;1030;Material;927052-9/2026;Materiais de Consumo - Medicamentos e Materiais Médicos;Catálogo do Compras.gov.br;Material;6550;SUBSTÂNCIAS PARA DIAGNÓSTICO "IN VITRO",  REAGENTES,  CONJUNTOS E JOGOS PARA TESTE;10183;ÓLEO DE IMERSÃO;357684;ASPECTO FÍSICO: LÍQUIDO LÍMPIDO, TRANSPARENTE, DENSIDADE: 1,515, USO: PARA MICROSCOPIA;FR;20,0000;51,9500;1039,0000;0,0000;30/10/2026
ERN-HOSPITAL REG.TARCÍSIO DE VASCONCELOS MAIA;927052;1031;Material;927052-9/2026;Materiais de Consumo - Medicamentos e Materiais Médicos;Catálogo do Compras.gov.br;Material;6550;SUBSTÂNCIAS PARA DIAGNÓSTICO "IN VITRO",  REAGENTES,  CONJUNTOS E JOGOS PARA TESTE;18913;MEIO DE CULTURA;326883;APRESENTAÇÃO: PÓ, TIPO: CALDO MUELLER HINTON;FR;7,0000;720,0000;5040,0000;0,0000;30/10/2026
ERN-HOSPITAL REG.TARCÍSIO DE VASCONCELOS MAIA;927052;1032;Material;927052-9/2026;Materiais de Consumo - Medicamentos e Materiais Médicos;Catálogo do Compras.gov.br;Material;6550;SUBSTÂNCIAS PARA DIAGNÓSTICO "IN VITRO",  REAGENTES,  CONJUNTOS E JOGOS PARA TESTE;11426;REAGENTE PARA DIAGNÓSTICO CLÍNICO 3;623300;APRESENTAÇÃO 1: TESTE, MÉTODO 1: IMUNOCROMATOGRAFIA, TIPO 1: CONJUNTO COMPLETO, TIPO DE ANÁLISE 1: QUALITATIVO ANTI DENGUE VÍRUS IGG/IGM,ANTÍGENO NS1;UN;1000,0000;33,0000;33000,0000;0,0000;30/10/2026
ERN-HOSPITAL REG.TARCÍSIO DE VASCONCELOS MAIA;927052;1033;Material;927052-9/2026;Materiais de Consumo - Medicamentos e Materiais Médicos;Catálogo do Compras.gov.br;Material;6550;SUBSTÂNCIAS PARA DIAGNÓSTICO "IN VITRO",  REAGENTES,  CONJUNTOS E JOGOS PARA TESTE;18984;REAGENTE PARA DIAGNÓSTICO CLÍNICO 5;442196;APRESENTAÇÃO: TESTE, MÉTODO: COAGULOMETRIA, TIPO: CONJUNTO COMPLETO, TIPO DE ANÁLISE: TEMPO DE ATIVIDADE DE PROTROMBINA;UN;10000,0000;28,0000;280000,0000;0,0000;30/10/2026
ERN-HOSPITAL REG.TARCÍSIO DE VASCONCELOS MAIA;927052;1034;Material;927052-9/2026;Materiais de Consumo - Medicamentos e Materiais Médicos;Catálogo do Compras.gov.br;Material;6550;SUBSTÂNCIAS PARA DIAGNÓSTICO "IN VITRO",  REAGENTES,  CONJUNTOS E JOGOS PARA TESTE;2162;ÁGUA DESTILADA;352317;ASPECTO FÍSICO: ESTÉRIL E APIROGÊNICA, TIPO EMBALAGEM: EM SISTEMA FECHADO;AM;102000,0000;0,2100;21420,0000;0,0000;30/10/2026
ERN-HOSPITAL REG.TARCÍSIO DE VASCONCELOS MAIA;927052;1035;Material;927052-9/2026;Materiais de Consumo - Medicamentos e Materiais Médicos;Catálogo do Compras.gov.br;Material;6550;SUBSTÂNCIAS PARA DIAGNÓSTICO "IN VITRO",  REAGENTES,  CONJUNTOS E JOGOS PARA TESTE;11426;REAGENTE PARA DIAGNÓSTICO CLÍNICO 3;367794;CARACTERÍSTICA ADICIONAL: PARA ANALISADOR SANGÜÍNEO PORTÁTIL, COMPOSIÇÃO BÁSICA: TROPONINA I, TIPO: CARTUCHO DESCARTÁVEL;UN;5000,0000;51,0000;255000,0000;0,0000;30/10/2026
ERN-HOSPITAL REG.TARCÍSIO DE VASCONCELOS MAIA;927052;1036;Material;927052-9/2026;Materiais de Consumo - Medicamentos e Materiais Médicos;Catálogo do Compras.gov.br;Material;6550;SUBSTÂNCIAS PARA DIAGNÓSTICO "IN VITRO",  REAGENTES,  CONJUNTOS E JOGOS PARA TESTE;11521;REAGENTE PARA DIAGNÓSTICO CLÍNICO 4;372732;APRESENTAÇÃO: TESTE, COMPOSIÇÃO BÁSICA: COM SWAB, MÉTODO: IMUNOCROMATOGRAFIA, TIPO: CONJUNTO COMPLETO, TIPO DE ANÁLISE: QUALITATIVO ANTÍGENOS A E B VÍRUS INFLUENZA HUMANO;UN;1000,0000;110,0000;110000,0000;0,0000;30/10/2026
ERN-HOSPITAL REG.TARCÍSIO DE VASCONCELOS MAIA;927052;1037;Material;927052-9/2026;Materiais de Consumo - Medicamentos e Materiais Médicos;Catálogo do Compras.gov.br;Material;6550;SUBSTÂNCIAS PARA DIAGNÓSTICO "IN VITRO",  REAGENTES,  CONJUNTOS E JOGOS PARA TESTE;19042;MEIO DE CULTURA.;381173;ASPECTO FÍSICO: SÓLIDO, CARACTERÍSTICA ADICIONAL: PLACA 90MM, TIPO: ÁGAR CLED / MACCONKEY;UN;2000,0000;3,0000;6000,0000;0,0000;30/10/2026
ERN-HOSPITAL REG.TARCÍSIO DE VASCONCELOS MAIA;927052;1038;Material;927052-9/2026;Materiais de Consumo - Medicamentos e Materiais Médicos;Catálogo do Compras.gov.br;Material;6545;JOGOS E CONJUNTOS MÉDICOS;5728;CÂNULA DE TRAQUEOSTOMIA;438092;COMPONENTES*: BALÃO DE ALTO VOLUME E BAIXA PRESSÃO, DIÂMETRO: CERCA DE 7,0, EMBALAGEM: EMBALAGEM INDIVIDUAL, ESTERELIDADE: ESTÉRIL, MATERIAL*: PVC, MODELO: C/ LÚMEN ADICIONAL P/ ASPIRAÇÃO SUBGLÓTICA, OUTROS COMPONENTES*: C/ SISTEMA DE CONTROLE DE PRESSÃO, TIPO: RADIOPACO;CJ;180,0000;392,4800;70646,4000;0,0000;30/10/2026
ERN-HOSPITAL REG.TARCÍSIO DE VASCONCELOS MAIA;927052;1039;Material;927052-9/2026;Materiais de Consumo - Medicamentos e Materiais Médicos;Catálogo do Compras.gov.br;Material;6550;SUBSTÂNCIAS PARA DIAGNÓSTICO "IN VITRO",  REAGENTES,  CONJUNTOS E JOGOS PARA TESTE;18913;MEIO DE CULTURA;369807;ADITIVOS: COM SUPLEMENTO NUTRICIONAL, APRESENTAÇÃO: SÓLIDO, CARACTERÍSTICA ADICIONAL: PLACA 90MM, TIPO: ÁGAR CLED;UN;2000,0000;3,0000;6000,0000;0,0000;30/10/2026
ERN-HOSPITAL REG.TARCÍSIO DE VASCONCELOS MAIA;927052;1040;Material;927052-9/2026;Materiais de Consumo - Medicamentos e Materiais Médicos;Catálogo do Compras.gov.br;Material;6550;SUBSTÂNCIAS PARA DIAGNÓSTICO "IN VITRO",  REAGENTES,  CONJUNTOS E JOGOS PARA TESTE;18984;REAGENTE PARA DIAGNÓSTICO CLÍNICO 5;442195;APRESENTAÇÃO: TESTE, MÉTODO: COAGULOMETRIA, TIPO: CONJUNTO COMPLETO, TIPO DE ANÁLISE: TEMPO DE TROMBOPLASTINA PARCIAL ATIVADA;UN;10000,0000;26,0000;260000,0000;0,0000;30/10/2026
ERN-HOSPITAL REG.TARCÍSIO DE VASCONCELOS MAIA;927052;1041;Material;927052-9/2026;Materiais de Consumo - Medicamentos e Materiais Médicos;Catálogo do Compras.gov.br;Material;6545;JOGOS E CONJUNTOS MÉDICOS;5728;CÂNULA DE TRAQUEOSTOMIA;615302;ACESSÓRIOS: KIT C/ 2 CÂNULAS INTERNAS, ACESSÓRIOS 01: TAMPA E VÁLVULA DE FONAÇÃO, ACESSÓRIOS 02: CONECTOR P/ O2, FITA DE FIXAÇÃO C/ VELCRO, CARACTERÍSTICAS ADICIONAIS*: C/ ASA DE FIXAÇÃO LATERAL FLEXÍVEL, DIÂMETRO: CERCA DE 7,0, ESTERELIDADE: ESTÉRIL, DESCARTÁVEL, MATERIAL*: PVC, TIPO: S/ BALÃO;CJ;180,0000;392,4800;70646,4000;0,0000;30/10/2026
ERN-HOSPITAL REG.TARCÍSIO DE VASCONCELOS MAIA;927052;1061;Material;927052-9/2026;Materiais de Consumo - Medicamentos e Materiais Médicos;Catálogo do Compras.gov.br;Material;6640;EQUIPAMENTOS E ARTIGOS DE LABORATÓRIO;8874;PIPETA;423975;CAPACIDADE: 3, MATERIAL: PLÁSTICO, TIPO: PASTEUR, TIPO USO: DESCARTÁVEL;UN;5000,0000;0,2300;1150,0000;0,0000;30/10/2026
ERN-HOSPITAL REG.TARCÍSIO DE VASCONCELOS MAIA;927052;1042;Material;927052-9/2026;Materiais de Consumo - Medicamentos e Materiais Médicos;Catálogo do Compras.gov.br;Material;6550;SUBSTÂNCIAS PARA DIAGNÓSTICO "IN VITRO",  REAGENTES,  CONJUNTOS E JOGOS PARA TESTE;18996;INDICADOR QUÍMICO;339652;APRESENTAÇÃO: TIRA DE PAPEL, CARACTERÍSTICAS ADICIONAIS: PARA ESTERILIZAÇÃO A VAPOR, CLASSE: CLASSE VI, TIPO: SIMULADOR, TIPO USO: INTERNO;UN;1200,0000;1,8500;2220,0000;0,0000;30/10/2026
ERN-HOSPITAL REG.TARCÍSIO DE VASCONCELOS MAIA;927052;1043;Material;927052-9/2026;Materiais de Consumo - Medicamentos e Materiais Médicos;Catálogo do Compras.gov.br;Material;6550;SUBSTÂNCIAS PARA DIAGNÓSTICO "IN VITRO",  REAGENTES,  CONJUNTOS E JOGOS PARA TESTE;18984;REAGENTE PARA DIAGNÓSTICO CLÍNICO 5;619446;APRESENTAÇÃO 1: TESTE, MÉTODO 1: IMUNOCROMATOGRAFIA, TIPO 1: CONJUNTO COMPLETO, TIPO DE ANÁLISE 1: QUALITATIVO DE DÍMERO D;TESTE;3000,0000;30,0000;90000,0000;0,0000;30/10/2026
ERN-HOSPITAL REG.TARCÍSIO DE VASCONCELOS MAIA;927052;1044;Material;927052-9/2026;Materiais de Consumo - Medicamentos e Materiais Médicos;Catálogo do Compras.gov.br;Material;6550;SUBSTÂNCIAS PARA DIAGNÓSTICO "IN VITRO",  REAGENTES,  CONJUNTOS E JOGOS PARA TESTE;19042;MEIO DE CULTURA.;364596;ADITIVOS: COM SANGUE DE CARNEIRO 5%, ASPECTO FÍSICO: SÓLIDO, CARACTERÍSTICA ADICIONAL: PLACA 90MM, TIPO: ÁGAR TRIPTICASEÍNA DE SOJA;UN;3000,0000;6,0000;18000,0000;0,0000;30/10/2026
ERN-HOSPITAL REG.TARCÍSIO DE VASCONCELOS MAIA;927052;1045;Material;927052-9/2026;Materiais de Consumo - Medicamentos e Materiais Médicos;Catálogo do Compras.gov.br;Material;6545;JOGOS E CONJUNTOS MÉDICOS;5728;CÂNULA DE TRAQUEOSTOMIA;438092;COMPONENTES*: BALÃO DE ALTO VOLUME E BAIXA PRESSÃO, DIÂMETRO: CERCA DE 7,0, EMBALAGEM: EMBALAGEM INDIVIDUAL, ESTERELIDADE: ESTÉRIL, MATERIAL*: PVC, MODELO: C/ LÚMEN ADICIONAL P/ ASPIRAÇÃO SUBGLÓTICA, OUTROS COMPONENTES*: C/ SISTEMA DE CONTROLE DE PRESSÃO, TIPO: RADIOPACO;CJ;60,0000;14,7900;887,4000;0,0000;30/10/2026
ERN-HOSPITAL REG.TARCÍSIO DE VASCONCELOS MAIA;927052;1046;Material;927052-9/2026;Materiais de Consumo - Medicamentos e Materiais Médicos;Catálogo do Compras.gov.br;Material;6550;SUBSTÂNCIAS PARA DIAGNÓSTICO "IN VITRO",  REAGENTES,  CONJUNTOS E JOGOS PARA TESTE;18984;REAGENTE PARA DIAGNÓSTICO CLÍNICO 5;480826;APRESENTAÇÃO 1: TESTE, MÉTODO 1: FLUORIMETRIA TEMPO-RESOLVIDO, TIPO 1: CONJUNTO COMPLETO PARA AUTOMAÇÃO, TIPO DE ANÁLISE 1: QUANTITATIVO DE TROPONINA T;UN;8000,0000;58,0000;464000,0000;0,0000;30/10/2026
ERN-HOSPITAL REG.TARCÍSIO DE VASCONCELOS MAIA;927052;1047;Material;927052-9/2026;Materiais de Consumo - Medicamentos e Materiais Médicos;Catálogo do Compras.gov.br;Material;6550;SUBSTÂNCIAS PARA DIAGNÓSTICO "IN VITRO",  REAGENTES,  CONJUNTOS E JOGOS PARA TESTE;11521;REAGENTE PARA DIAGNÓSTICO CLÍNICO 4;403393;APRESENTAÇÃO: TESTE, CARACTERÍSTICAS ADICIONAIS: CANINA, MÉTODO: IMUNOCROMATOGRAFIA, TIPO: CONJUNTO COMPLETO, TIPO DE ANÁLISE: QUALITATIVO ANTI LEISHMANIA CHAGASI;UN;500,0000;79,0000;39500,0000;0,0000;30/10/2026
ERN-HOSPITAL REG.TARCÍSIO DE VASCONCELOS MAIA;927052;1048;Material;927052-9/2026;Materiais de Consumo - Medicamentos e Materiais Médicos;Catálogo do Compras.gov.br;Material;6550;SUBSTÂNCIAS PARA DIAGNÓSTICO "IN VITRO",  REAGENTES,  CONJUNTOS E JOGOS PARA TESTE;18913;MEIO DE CULTURA;371855;APRESENTAÇÃO: PÓ, TIPO: ÁGAR CHOCOLATE;FR;6,0000;989,0000;5934,0000;0,0000;30/10/2026
ERN-HOSPITAL REG.TARCÍSIO DE VASCONCELOS MAIA;927052;1049;Material;927052-9/2026;Materiais de Consumo - Medicamentos e Materiais Médicos;Catálogo do Compras.gov.br;Material;6810;PRODUTOS QUÍMICOS;6250;ANTIBIOGRAMA;455490;CARACTERÍSTICAS ADICIONAIS: SOLUÇÃO REVELADORA E MICROPLACA, DOSAGEM: 0,125 A 64, PRINCÍPIO ATIVO: POLIMIXINA B;DISCO;300,0000;1,7000;510,0000;0,0000;30/10/2026
ERN-HOSPITAL REG.TARCÍSIO DE VASCONCELOS MAIA;927052;1050;Material;927052-9/2026;Materiais de Consumo - Medicamentos e Materiais Médicos;Catálogo do Compras.gov.br;Material;6810;PRODUTOS QUÍMICOS;6250;ANTIBIOGRAMA;464920;DOSAGEM 1: 10, PRINCIPIO ATIVO: CEFTAZIDIMA;DISCO;250,0000;1,2000;300,0000;0,0000;30/10/2026
ERN-HOSPITAL REG.TARCÍSIO DE VASCONCELOS MAIA;927052;1051;Material;927052-9/2026;Materiais de Consumo - Medicamentos e Materiais Médicos;Catálogo do Compras.gov.br;Material;6810;PRODUTOS QUÍMICOS;2265;ÁLCOOL METÍLICO;456616;ASPECTO FÍSICO: LÍQUIDO, CARACTERÍSTICA ADICIONAL: PADRÃO ANALÍTICO DE REFERÊNCIA, FÓRMULA QUÍMICA: CH3OH, GRAU DE PUREZA: PUREZA MÍNIMA DE 99,9%, NÚMERO DE REFERÊNCIA QUÍMICA: CAS 67-56-1, PESO MOLECULAR: 32,04;L;20,0000;18,0000;360,0000;0,0000;30/10/2026
ERN-HOSPITAL REG.TARCÍSIO DE VASCONCELOS MAIA;927052;1052;Material;927052-9/2026;Materiais de Consumo - Medicamentos e Materiais Médicos;Catálogo do Compras.gov.br;Material;6810;PRODUTOS QUÍMICOS;6250;ANTIBIOGRAMA;617278;DOSAGEM 1: 30 + 10, PRINCIPIO ATIVO: CEFTOLOZANE / TAZOBACTAM;DISCO;250,0000;1,8000;450,0000;0,0000;30/10/2026
ERN-HOSPITAL REG.TARCÍSIO DE VASCONCELOS MAIA;927052;1053;Material;927052-9/2026;Materiais de Consumo - Medicamentos e Materiais Médicos;Catálogo do Compras.gov.br;Material;6810;PRODUTOS QUÍMICOS;7739;FORMALDEÍDO (FORMOL);443871;ASPECTO FÍSICO: LÍQUIDO INCOLOR, LÍMPIDO, CARACTERISTICA ADICIONAL: EM SOLUÇÃO AQUOSA TAMPONADA, CONCENTRAÇÃO: À 10%;L;72,0000;7,4200;534,2400;0,0000;30/10/2026
ERN-HOSPITAL REG.TARCÍSIO DE VASCONCELOS MAIA;927052;1054;Material;927052-9/2026;Materiais de Consumo - Medicamentos e Materiais Médicos;Catálogo do Compras.gov.br;Material;6810;PRODUTOS QUÍMICOS;2259;ÁLCOOL ETÍLICO;618744;ADICIONAL: ESPECIALMENTE MANIPULADO, FORMA FARMACÊUTICA: SOLUÇÃO INJETÁVEL, TEOR ALCOÓLICO: ABSOLUTO, MÍNIMO DE 99,5%;FR;20,0000;51,0000;1020,0000;0,0000;30/10/2026
ERN-HOSPITAL REG.TARCÍSIO DE VASCONCELOS MAIA;927052;1055;Material;927052-9/2026;Materiais de Consumo - Medicamentos e Materiais Médicos;Catálogo do Compras.gov.br;Material;6640;EQUIPAMENTOS E ARTIGOS DE LABORATÓRIO;2242;ALÇA BACTERIOLÓGICA;408819;CALIBRAGEM: CALIBRADA, COMPONENTES: COM HASTE FLEXÍVEL, ESTERILIDADE: ESTÉRIL, DESCARTÁVEL, MATERIAL*: PLÁSTICO, VOLUME: 10 MCL;UN;10000,0000;0,2300;2300,0000;0,0000;30/10/2026
ERN-HOSPITAL REG.TARCÍSIO DE VASCONCELOS MAIA;927052;1056;Material;927052-9/2026;Materiais de Consumo - Medicamentos e Materiais Médicos;Catálogo do Compras.gov.br;Material;6810;PRODUTOS QUÍMICOS;6250;ANTIBIOGRAMA;396256;DOSAGEM: 30, PRINCÍPIO ATIVO: AZTREONAM;DISCO;250,0000;1,4000;350,0000;0,0000;30/10/2026
ERN-HOSPITAL REG.TARCÍSIO DE VASCONCELOS MAIA;927052;1057;Material;927052-9/2026;Materiais de Consumo - Medicamentos e Materiais Médicos;Catálogo do Compras.gov.br;Material;6640;EQUIPAMENTOS E ARTIGOS DE LABORATÓRIO;11016;PONTEIRA LABORATÓRIO;621866;ACESSÓRIOS: COM FILTRO HIDRÓFOBO BIFÁSICO, CAPACIDADE: ATÉ 1000 MCL, ESTERILIDADE*: ESTÉRIL, APIROGÊNICO, LIVRE DE DNASE E RNASE, MATERIAL: POLIPROPILENO, TIPO USO*: DESCARTÁVEL;UN;50000,0000;0,0300;1500,0000;0,0000;30/10/2026
ERN-HOSPITAL REG.TARCÍSIO DE VASCONCELOS MAIA;927052;1058;Material;927052-9/2026;Materiais de Consumo - Medicamentos e Materiais Médicos;Catálogo do Compras.gov.br;Material;6625;INSTRUMENTO DE TESTE E DE MEDIÇÃO DE PROPRIEDADES ELÉTRICAS E ELETRÔNICAS;10012;MULTÍMETRO;616913;CARACTERÍSTICAS ADICIONAIS: DISPLAY LCD 3 1/2 DÍGITOS, TESTE DIODO, CORRENTE DC: 10, DIMENSÕES: 183 X 91 X 49,50, RESISTÊNCIA: 400, TENSÃO AC: 1.000, TIPO: DIGITAL E PORTÁTIL;UN;2,0000;80,0000;160,0000;0,0000;30/10/2026
ERN-HOSPITAL REG.TARCÍSIO DE VASCONCELOS MAIA;927052;1059;Material;927052-9/2026;Materiais de Consumo - Medicamentos e Materiais Médicos;Catálogo do Compras.gov.br;Material;6810;PRODUTOS QUÍMICOS;17357;CLOREXIDINA DIGLUCONATO;341174;CONCENTRAÇÃO: 0,12%, FORMA FARMACÊUTICA: COLUTÓRIO;FR;360,0000;5,5500;1998,0000;0,0000;30/10/2026
ERN-HOSPITAL REG.TARCÍSIO DE VASCONCELOS MAIA;927052;1060;Material;927052-9/2026;Materiais de Consumo - Medicamentos e Materiais Médicos;Catálogo do Compras.gov.br;Material;6810;PRODUTOS QUÍMICOS;17357;CLOREXIDINA DIGLUCONATO;444051;CONCENTRAÇÃO: 2%, FORMA FARMACÊUTICA: SOLUÇÃO ALCOÓLICA;L;300,0000;15,4100;4623,0000;0,0000;30/10/2026
ERN-HOSPITAL REG.TARCÍSIO DE VASCONCELOS MAIA;927052;1062;Material;927052-9/2026;Materiais de Consumo - Medicamentos e Materiais Médicos;Catálogo do Compras.gov.br;Material;6810;PRODUTOS QUÍMICOS;17462;TALCO - USO FARMACÊUTICO;426015;ASPECTO FÍSICO: PÓ BRANCO, LEVE, FINO, UNTOSO AO TATO,BAIXA DUREZA, CARACTERÍSTICA ADICIONAL: PRODUTO USP E ESTÉRIL, FÓRMULA QUÍMICA: 3MGO·4SIO2·H2O (SILICATO DE MAGNÉSIO), GRAU DE PUREZA: PUREZA DE 100%, NÚMERO DE REFERÊNCIA QUÍMICA: CAS 14807-96-6;G;440,0000;21,0000;9240,0000;0,0000;30/10/2026
ERN-HOSPITAL REG.TARCÍSIO DE VASCONCELOS MAIA;927052;1063;Material;927052-9/2026;Materiais de Consumo - Medicamentos e Materiais Médicos;Catálogo do Compras.gov.br;Material;6810;PRODUTOS QUÍMICOS;6250;ANTIBIOGRAMA;396257;DOSAGEM: 30, PRINCÍPIO ATIVO: CEFOXITINA;DISCO;250,0000;1,3600;340,0000;0,0000;30/10/2026
ERN-HOSPITAL REG.TARCÍSIO DE VASCONCELOS MAIA;927052;1064;Material;927052-9/2026;Materiais de Consumo - Medicamentos e Materiais Médicos;Catálogo do Compras.gov.br;Material;6810;PRODUTOS QUÍMICOS;6250;ANTIBIOGRAMA;396258;DOSAGEM: 30, PRINCÍPIO ATIVO: CEFEPIME;DISCO;250,0000;1,3000;325,0000;0,0000;30/10/2026
ERN-HOSPITAL REG.TARCÍSIO DE VASCONCELOS MAIA;927052;1065;Material;927052-9/2026;Materiais de Consumo - Medicamentos e Materiais Médicos;Catálogo do Compras.gov.br;Material;6640;EQUIPAMENTOS E ARTIGOS DE LABORATÓRIO;9501;MATERIAL LABORATÓRIO;437828;DIMENSÕES: CERCA DE 120, MATERIAL: VIDRO, TIPO: TUBO;UN;20000,0000;1,0000;20000,0000;0,0000;30/10/2026
ERN-HOSPITAL REG.TARCÍSIO DE VASCONCELOS MAIA;927052;1066;Material;927052-9/2026;Materiais de Consumo - Medicamentos e Materiais Médicos;Catálogo do Compras.gov.br;Material;6810;PRODUTOS QUÍMICOS;6250;ANTIBIOGRAMA;604188;DOSAGEM 1: 10 MCG + 4, PRINCIPIO ATIVO: CEFTAZIDIMA / AVIBACTAM;DISCO;250,0000;1,8500;462,5000;0,0000;30/10/2026
ERN-HOSPITAL REG.TARCÍSIO DE VASCONCELOS MAIA;927052;1067;Material;927052-9/2026;Materiais de Consumo - Medicamentos e Materiais Médicos;Catálogo do Compras.gov.br;Material;6810;PRODUTOS QUÍMICOS;6250;ANTIBIOGRAMA;407615;CARACTERÍSTICAS ADICIONAIS: TIRA COM GRADIENTE DE CONCENTRAÇÃO, DOSAGEM: 0,002 A 32, PRINCÍPIO ATIVO: CEFEPIME;DISCO;250,0000;1,3000;325,0000;0,0000;30/10/2026
ERN-HOSPITAL REG.TARCÍSIO DE VASCONCELOS MAIA;927052;1068;Material;927052-9/2026;Materiais de Consumo - Medicamentos e Materiais Médicos;Catálogo do Compras.gov.br;Material;6810;PRODUTOS QUÍMICOS;13894;COLA;435043;CARACTERÍSTICAS ADICIONAIS: ATÓXICA, COMPOSIÇÃO: PLÁSTICO RECICLADO, COR: BRANCA, TIPO: BASTÃO;CX;100,0000;24,3900;2439,0000;0,0000;30/10/2026
ERN-HOSPITAL REG.TARCÍSIO DE VASCONCELOS MAIA;927052;1069;Material;927052-9/2026;Materiais de Consumo - Medicamentos e Materiais Médicos;Catálogo do Compras.gov.br;Material;6640;EQUIPAMENTOS E ARTIGOS DE LABORATÓRIO;13114;TUBO LABORATÓRIO;617490;CAPACIDADE: 10, MATERIAL: VIDRO, TIPO: CENTRÍFUGA, TIPO FUNDO: FUNDO CÔNICO;UN;5000,0000;0,3600;1800,0000;0,0000;30/10/2026
ERN-HOSPITAL REG.TARCÍSIO DE VASCONCELOS MAIA;927052;1070;Material;927052-9/2026;Materiais de Consumo - Medicamentos e Materiais Médicos;Catálogo do Compras.gov.br;Material;6810;PRODUTOS QUÍMICOS;19152;ANTIBIOGRAMA.;424705;CARACTERÍSTICAS ADICIONAIS: CONJUNTO COMPLETO, PRINCÍPIO ATIVO: GRAM POSITIVO;DISCO;250,0000;1,6300;407,5000;0,0000;30/10/2026
ERN-HOSPITAL REG.TARCÍSIO DE VASCONCELOS MAIA;927052;1071;Material;927052-9/2026;Materiais de Consumo - Medicamentos e Materiais Médicos;Catálogo do Compras.gov.br;Material;6810;PRODUTOS QUÍMICOS;6250;ANTIBIOGRAMA;619245;CARACTERÍSTICAS ADICIONAIS 1: TIRA COM GRADIENTE DE CONCENTRAÇÃO, DOSAGEM 1: 0,016 A 256, PRINCIPIO ATIVO: AZTREONAM / AVIBACTAM;DISCO;250,0000;1,8000;450,0000;0,0000;30/10/2026
ERN-HOSPITAL REG.TARCÍSIO DE VASCONCELOS MAIA;927052;1072;Material;927052-9/2026;Materiais de Consumo - Medicamentos e Materiais Médicos;Catálogo do Compras.gov.br;Material;6810;PRODUTOS QUÍMICOS;6250;ANTIBIOGRAMA;396260;DOSAGEM: 30, PRINCÍPIO ATIVO: CEFTRIAXONA;DISCO;250,0000;1,4000;350,0000;0,0000;30/10/2026
ERN-HOSPITAL REG.TARCÍSIO DE VASCONCELOS MAIA;927052;1073;Material;927052-9/2026;Materiais de Consumo - Medicamentos e Materiais Médicos;Catálogo do Compras.gov.br;Material;6810;PRODUTOS QUÍMICOS;6250;ANTIBIOGRAMA;462914;DOSAGEM: 1, PRINCÍPIO ATIVO: BENZILPENICILINA;DISCO;250,0000;1,1000;275,0000;0,0000;30/10/2026
ERN-HOSPITAL REG.TARCÍSIO DE VASCONCELOS MAIA;927052;1074;Material;927052-9/2026;Materiais de Consumo - Medicamentos e Materiais Médicos;Catálogo do Compras.gov.br;Material;6810;PRODUTOS QUÍMICOS;790;HIPOCLORITO DE SÓDIO;437161;ASPECTO FÍSICO: SOLUÇÃO AQUOSA, CONCENTRAÇÃO: TEOR 1% DE CLORO ATIVO;L;1020,0000;2,4700;2519,4000;0,0000;30/10/2026
ERN-HOSPITAL REG.TARCÍSIO DE VASCONCELOS MAIA;927052;1075;Material;927052-9/2026;Materiais de Consumo - Medicamentos e Materiais Médicos;Catálogo do Compras.gov.br;Material;6810;PRODUTOS QUÍMICOS;6250;ANTIBIOGRAMA;340913;DOSAGEM: 15, PRINCÍPIO ATIVO: ERITROMICINA;DISCO;250,0000;1,1000;275,0000;0,0000;30/10/2026
ERN-HOSPITAL REG.TARCÍSIO DE VASCONCELOS MAIA;927052;1076;Material;927052-9/2026;Materiais de Consumo - Medicamentos e Materiais Médicos;Catálogo do Compras.gov.br;Material;6625;INSTRUMENTO DE TESTE E DE MEDIÇÃO DE PROPRIEDADES ELÉTRICAS E ELETRÔNICAS;4897;CHAVE DE TESTE ELÉTRICO;471779;APLICAÇÃO: IDENTIFICAÇÃO DE FASE EM CONDUTORES, COMPRIMENTO: 150, MATERIAL CABO: PLÁSTICO, MATERIAL HASTE: PLÁSTICO, TIPO PONTA: METAL;UN;10,0000;3,0000;30,0000;0,0000;30/10/2026
ERN-HOSPITAL REG.TARCÍSIO DE VASCONCELOS MAIA;927052;1077;Material;927052-9/2026;Materiais de Consumo - Medicamentos e Materiais Médicos;Catálogo do Compras.gov.br;Material;6810;PRODUTOS QUÍMICOS;6250;ANTIBIOGRAMA;339699;DOSAGEM: 10, PRINCÍPIO ATIVO: NORFLOXACINO;DISCO;250,0000;1,0000;250,0000;0,0000;30/10/2026
ERN-HOSPITAL REG.TARCÍSIO DE VASCONCELOS MAIA;927052;1078;Material;927052-9/2026;Materiais de Consumo - Medicamentos e Materiais Médicos;Catálogo do Compras.gov.br;Material;6810;PRODUTOS QUÍMICOS;2259;ÁLCOOL ETÍLICO;433277;CARACTERÍSTICAS ADICIONAIS: FORMULAÇÃO ESPECIALMENTE MANIPULADA, TEOR ALCOÓLICO: 80% V/V;L;20,0000;39,6300;792,6000;0,0000;30/10/2026
ERN-HOSPITAL REG.TARCÍSIO DE VASCONCELOS MAIA;927052;1079;Material;927052-9/2026;Materiais de Consumo - Medicamentos e Materiais Médicos;Catálogo do Compras.gov.br;Material;6640;EQUIPAMENTOS E ARTIGOS DE LABORATÓRIO;2690;PAPEL DE FILTRO;471775;DIÂMETRO: CERCA DE 110, TIPO: QUALITATIVO;UN;1000,0000;0,0200;20,0000;0,0000;30/10/2026
ERN-HOSPITAL REG.TARCÍSIO DE VASCONCELOS MAIA;927052;1080;Material;927052-9/2026;Materiais de Consumo - Medicamentos e Materiais Médicos;Catálogo do Compras.gov.br;Material;6640;EQUIPAMENTOS E ARTIGOS DE LABORATÓRIO;3217;BALANCA DE LABORATORIO;604667;APLICAÇÃO: MEDIDAS DE PESO DE GRÃOS EM GERAL, CAPACIDADE: 250, CARACTERÍSTICAS ADICIONAIS: CONTRA-PESO E REGULADOR DE FLUXO, COMPONENTES: TUBO DE MEDIDA, SUPORTE, ÊMBOLO, COLUNA BALANCIM, MODELO: PORTÁTIL, TIPO: BALANÇA DE PESO HECTOLÍTRICO;UN;1,0000;400,0000;400,0000;0,0000;30/10/2026
ERN-HOSPITAL REG.TARCÍSIO DE VASCONCELOS MAIA;927052;1081;Material;927052-9/2026;Materiais de Consumo - Medicamentos e Materiais Médicos;Catálogo do Compras.gov.br;Material;6640;EQUIPAMENTOS E ARTIGOS DE LABORATÓRIO;11016;PONTEIRA LABORATÓRIO;621869;ACESSÓRIOS: COM FILTRO HIDRÓFOBO BIFÁSICO, CAPACIDADE: ATÉ 200 MCL, ESTERILIDADE*: ESTÉRIL, APIROGÊNICO, LIVRE DE DNASE E RNASE, MATERIAL: POLIPROPILENO, TIPO USO*: DESCARTÁVEL;UN;50000,0000;0,0250;1250,0000;0,0000;30/10/2026
ERN-HOSPITAL REG.TARCÍSIO DE VASCONCELOS MAIA;927052;1082;Material;927052-9/2026;Materiais de Consumo - Medicamentos e Materiais Médicos;Catálogo do Compras.gov.br;Material;6640;EQUIPAMENTOS E ARTIGOS DE LABORATÓRIO;2176;AGULHA COLETA SANGUE À VÁCUO;411901;DIMENSÃO: 25 G X 1 1/2", MATERIAL: AÇO INOXIDÁVEL SILICONIZADO, TIPO CONEXÃO: CONECTOR LUER LOCK EM PLÁSTICO, TIPO FIXAÇÃO: PROTETOR PLÁSTICO, TIPO PONTA: BISEL CURTO TRIFACETADO, USO: ESTÉRIL, DESCARTÁVEL, EMBALAGEM INDIVIDUAL;CX;500,0000;70,0000;35000,0000;0,0000;30/10/2026
ERN-HOSPITAL REG.TARCÍSIO DE VASCONCELOS MAIA;927052;1083;Material;927052-9/2026;Materiais de Consumo - Medicamentos e Materiais Médicos;Catálogo do Compras.gov.br;Material;6810;PRODUTOS QUÍMICOS;6250;ANTIBIOGRAMA;464922;DOSAGEM: 100, PRINCÍPIO ATIVO: NITROFURANTOÍNA;DISCO;250,0000;1,0000;250,0000;0,0000;30/10/2026
ERN-HOSPITAL REG.TARCÍSIO DE VASCONCELOS MAIA;927052;1084;Material;927052-9/2026;Materiais de Consumo - Medicamentos e Materiais Médicos;Catálogo do Compras.gov.br;Material;6810;PRODUTOS QUÍMICOS;6250;ANTIBIOGRAMA;432909;CARACTERÍSTICAS ADICIONAIS: TIRA COM GRADIENTE DE CONCENTRAÇÃO, DOSAGEM: 0,016 A 256, PRINCÍPIO ATIVO: AMICACINA;DISCO;250,0000;1,2000;300,0000;0,0000;30/10/2026
ERN-HOSPITAL REG.TARCÍSIO DE VASCONCELOS MAIA;927052;1085;Material;927052-9/2026;Materiais de Consumo - Medicamentos e Materiais Médicos;Catálogo do Compras.gov.br;Material;6810;PRODUTOS QUÍMICOS;17357;CLOREXIDINA DIGLUCONATO;269880;DOSAGEM: 2%, APLICAÇÃO: SOLUÇÃO TÓPICA;FR;180,0000;17,9500;3231,0000;0,0000;30/10/2026
ERN-HOSPITAL REG.TARCÍSIO DE VASCONCELOS MAIA;927052;1086;Material;927052-9/2026;Materiais de Consumo - Medicamentos e Materiais Médicos;Catálogo do Compras.gov.br;Material;6810;PRODUTOS QUÍMICOS;19152;ANTIBIOGRAMA.;442235;CARACTERÍSTICAS ADICIONAIS: CONJUNTO COMPLETO, PRINCÍPIO ATIVO: CARBAPENEMASES;DISCO;250,0000;1,6000;400,0000;0,0000;30/10/2026
ERN-HOSPITAL REG.TARCÍSIO DE VASCONCELOS MAIA;927052;1087;Material;927052-9/2026;Materiais de Consumo - Medicamentos e Materiais Médicos;Catálogo do Compras.gov.br;Material;6810;PRODUTOS QUÍMICOS;6250;ANTIBIOGRAMA;339708;DOSAGEM: 30 + 10, PRINCÍPIO ATIVO: AMPICILINA + SULBACTAM;DISCO;250,0000;1,6000;400,0000;0,0000;30/10/2026
ERN-HOSPITAL REG.TARCÍSIO DE VASCONCELOS MAIA;927052;1088;Material;927052-9/2026;Materiais de Consumo - Medicamentos e Materiais Médicos;Catálogo do Compras.gov.br;Material;6810;PRODUTOS QUÍMICOS;19152;ANTIBIOGRAMA.;371854;DOSAGEM: 5, PRINCÍPIO ATIVO: TRIMETOPRIMA;DISCO;250,0000;0,9100;227,5000;0,0000;30/10/2026
ERN-HOSPITAL REG.TARCÍSIO DE VASCONCELOS MAIA;927052;1089;Material;927052-9/2026;Materiais de Consumo - Medicamentos e Materiais Médicos;Catálogo do Compras.gov.br;Material;6810;PRODUTOS QUÍMICOS;6250;ANTIBIOGRAMA;396245;CARACTERÍSTICAS ADICIONAIS: TIRA COM GRADIENTE DE CONCENTRAÇÃO, DOSAGEM: 0,016 A 256, PRINCÍPIO ATIVO: AMPICILINA + SULBACTAM;DISCO;250,0000;1,8000;450,0000;0,0000;30/10/2026
ERN-HOSPITAL REG.TARCÍSIO DE VASCONCELOS MAIA;927052;1090;Material;927052-9/2026;Materiais de Consumo - Medicamentos e Materiais Médicos;Catálogo do Compras.gov.br;Material;6810;PRODUTOS QUÍMICOS;6250;ANTIBIOGRAMA;617279;CARACTERÍSTICAS ADICIONAIS: TIRA COM GRADIENTE DE CONCENTRAÇÃO, DOSAGEM: 0,002 A 32, PRINCÍPIO ATIVO: LEVOFLOXACINO;DISCO;250,0000;1,0000;250,0000;0,0000;30/10/2026
ERN-HOSPITAL REG.TARCÍSIO DE VASCONCELOS MAIA;927052;1091;Material;927052-9/2026;Materiais de Consumo - Medicamentos e Materiais Médicos;Catálogo do Compras.gov.br;Material;6810;PRODUTOS QUÍMICOS;6250;ANTIBIOGRAMA;464939;DOSAGEM: 30, PRINCÍPIO ATIVO: GENTAMICINA;DISCO;250,0000;39,0000;9750,0000;0,0000;30/10/2026
ERN-HOSPITAL REG.TARCÍSIO DE VASCONCELOS MAIA;927052;1092;Material;927052-9/2026;Materiais de Consumo - Medicamentos e Materiais Médicos;Catálogo do Compras.gov.br;Material;6810;PRODUTOS QUÍMICOS;6250;ANTIBIOGRAMA;426596;CARACTERÍSTICAS ADICIONAIS: TIRA COM GRADIENTE DE CONCENTRAÇÃO, DOSAGEM: 0,002 A 32, PRINCÍPIO ATIVO: FOSFOMICINA;DISCO;250,0000;1,4000;350,0000;0,0000;30/10/2026
ERN-HOSPITAL REG.TARCÍSIO DE VASCONCELOS MAIA;927052;1093;Material;927052-9/2026;Materiais de Consumo - Medicamentos e Materiais Médicos;Catálogo do Compras.gov.br;Material;6810;PRODUTOS QUÍMICOS;6250;ANTIBIOGRAMA;603606;DOSAGEM 1: 2 MCG + 1, PRINCÍPIO ATIVO: AMOXICILINA E ÁCIDO CLAVULÂNICO;DISCO;250,0000;1,3200;330,0000;0,0000;30/10/2026
ERN-HOSPITAL REG.TARCÍSIO DE VASCONCELOS MAIA;927052;1094;Material;927052-9/2026;Materiais de Consumo - Medicamentos e Materiais Médicos;Catálogo do Compras.gov.br;Material;6810;PRODUTOS QUÍMICOS;6250;ANTIBIOGRAMA;396261;DOSAGEM: 10, PRINCÍPIO ATIVO: AMPICILINA;DISCO;250,0000;1,4000;350,0000;0,0000;30/10/2026
ERN-HOSPITAL REG.TARCÍSIO DE VASCONCELOS MAIA;927052;1095;Material;927052-9/2026;Materiais de Consumo - Medicamentos e Materiais Médicos;Catálogo do Compras.gov.br;Material;6640;EQUIPAMENTOS E ARTIGOS DE LABORATÓRIO;8637;LAMÍNULA;625517;DIMENSÕES: CERCA DE 15, FORMATO: REDONDA, MATERIAL: VIDRO SILICONIZADO;UN;10000,0000;0,1800;1800,0000;0,0000;30/10/2026
ERN-HOSPITAL REG.TARCÍSIO DE VASCONCELOS MAIA;927052;1096;Material;927052-9/2026;Materiais de Consumo - Medicamentos e Materiais Médicos;Catálogo do Compras.gov.br;Material;6810;PRODUTOS QUÍMICOS;17357;CLOREXIDINA DIGLUCONATO;269876;DOSAGEM: 2%, APLICAÇÃO: DEGERMANTE;FR;576,0000;16,9500;9763,2000;0,0000;30/10/2026
ERN-HOSPITAL REG.TARCÍSIO DE VASCONCELOS MAIA;927052;1097;Material;927052-9/2026;Materiais de Consumo - Medicamentos e Materiais Médicos;Catálogo do Compras.gov.br;Material;6810;PRODUTOS QUÍMICOS;6250;ANTIBIOGRAMA;464921;DOSAGEM: 30 MCG + 6, PRINCÍPIO ATIVO: PIPERACILINA / TAZOBACTAM;DISCO;250,0000;1,7000;425,0000;0,0000;30/10/2026
ERN-HOSPITAL REG.TARCÍSIO DE VASCONCELOS MAIA;927052;1098;Material;927052-9/2026;Materiais de Consumo - Medicamentos e Materiais Médicos;Catálogo do Compras.gov.br;Material;6810;PRODUTOS QUÍMICOS;6250;ANTIBIOGRAMA;340895;DOSAGEM: 10, PRINCÍPIO ATIVO: IMIPENEM;DISCO;250,0000;1,5000;375,0000;0,0000;30/10/2026
ERN-HOSPITAL REG.TARCÍSIO DE VASCONCELOS MAIA;927052;1099;Material;927052-9/2026;Materiais de Consumo - Medicamentos e Materiais Médicos;Catálogo do Compras.gov.br;Material;6810;PRODUTOS QUÍMICOS;6250;ANTIBIOGRAMA;464923;DOSAGEM: 2, PRINCÍPIO ATIVO: AMPICILINA;DISCO;250,0000;1,0000;250,0000;0,0000;30/10/2026
ERN-HOSPITAL REG.TARCÍSIO DE VASCONCELOS MAIA;927052;1100;Material;927052-9/2026;Materiais de Consumo - Medicamentos e Materiais Médicos;Catálogo do Compras.gov.br;Material;6810;PRODUTOS QUÍMICOS;6250;ANTIBIOGRAMA;340890;DOSAGEM: 2, PRINCÍPIO ATIVO: CLINDAMICINA;DISCO;250,0000;1,3000;325,0000;0,0000;30/10/2026
ERN-HOSPITAL REG.TARCÍSIO DE VASCONCELOS MAIA;927052;1101;Material;927052-9/2026;Materiais de Consumo - Medicamentos e Materiais Médicos;Catálogo do Compras.gov.br;Material;6810;PRODUTOS QUÍMICOS;6250;ANTIBIOGRAMA;617277;CARACTERÍSTICAS ADICIONAIS: TIRA COM GRADIENTE DE CONCENTRAÇÃO, DOSAGEM: 0,125 A 32, PRINCÍPIO ATIVO: VANCOMICINA;DISCO;250,0000;1,2000;300,0000;0,0000;30/10/2026
ERN-HOSPITAL REG.TARCÍSIO DE VASCONCELOS MAIA;927052;1102;Material;927052-9/2026;Materiais de Consumo - Medicamentos e Materiais Médicos;Catálogo do Compras.gov.br;Material;6640;EQUIPAMENTOS E ARTIGOS DE LABORATÓRIO;16365;CONTADOR DE CÉLULAS;419222;AJUSTE: AJUSTE MECÂNICO, COM VISOR ANALÓGICO, CAPACIDADE: ATÉ 10 TIPOS CELULARES, MEMÓRIA: ATÉ 100 CONTAGENS, TIPO: P/ CÉLULAS SANGUÍNEAS;UN;1,0000;750,0000;750,0000;0,0000;30/10/2026
ERN-HOSPITAL REG.TARCÍSIO DE VASCONCELOS MAIA;927052;1103;Material;927052-9/2026;Materiais de Consumo - Medicamentos e Materiais Médicos;Catálogo do Compras.gov.br;Material;6640;EQUIPAMENTOS E ARTIGOS DE LABORATÓRIO;9501;MATERIAL LABORATÓRIO;437827;DIMENSÕES: CERCA DE 80, MATERIAL: VIDRO, TIPO: TUBO;UN;20000,0000;0,9100;18200,0000;0,0000;30/10/2026
ERN-HOSPITAL REG.TARCÍSIO DE VASCONCELOS MAIA;927052;1104;Material;927052-9/2026;Materiais de Consumo - Medicamentos e Materiais Médicos;Catálogo do Compras.gov.br;Material;6640;EQUIPAMENTOS E ARTIGOS DE LABORATÓRIO;13426;LÂMINA LABORATÓRIO;485227;DIMENSÕES: CERCA DE 50 X 30, MATERIAL: VIDRO, TIPO BORDA: BORDA LISA, TIPO*: LAPIDADA;UN;10000,0000;0,1700;1700,0000;0,0000;30/10/2026
ERN-HOSPITAL REG.TARCÍSIO DE VASCONCELOS MAIA;927052;1105;Material;927052-9/2026;Materiais de Consumo - Medicamentos e Materiais Médicos;Catálogo do Compras.gov.br;Material;6640;EQUIPAMENTOS E ARTIGOS DE LABORATÓRIO;8874;PIPETA;410494;CAPACIDADE: 5, EMBALAGEM: EMBALAGEM INDIVIDUAL, ESCALA: ESCALA 0,1 EM 0,1 ML, ESTERILIDADE: ESTÉRIL, GRADUAÇÃO: GRADUADA, MATERIAL: VIDRO, TIPO: SOROLÓGICA, TIPO USO: DESCARTÁVEL;UN;10,0000;300,0000;3000,0000;0,0000;30/10/2026
ERN-HOSPITAL REG.TARCÍSIO DE VASCONCELOS MAIA;927052;1106;Material;927052-9/2026;Materiais de Consumo - Medicamentos e Materiais Médicos;Catálogo do Compras.gov.br;Material;6810;PRODUTOS QUÍMICOS;13894;COLA;622132;APLICAÇÃO: PAPEL, APRESENTAÇÃO: 90, CARACTERÍSTICAS ADICIONAIS: VALIDADE MÍNIMA 12 MESES C/SELO DO INMETRO, COMPOSIÇÃO: BASE ÁGUA, COR: BRANCA, TIPO: LÍQUIDO;BIS;100,0000;19,8500;1985,0000;0,0000;30/10/2026
ERN-HOSPITAL REG.TARCÍSIO DE VASCONCELOS MAIA;927052;1107;Material;927052-9/2026;Materiais de Consumo - Medicamentos e Materiais Médicos;Catálogo do Compras.gov.br;Material;6850;ESPECIALIDADES QUÍMICAS DIVERSAS;4186;CAL SODADA;301510;APLICAÇÃO: FILTRAGEM DE CO2 SISTEMA VENTILAÇÃO FECHADO, ASPECTO FÍSICO: GRANULADO, CARACTERÍSTICAS ADICIONAIS: GRAU DE DUREZA COM RUPTURA DE GRÃO ACIMA DE 700 G, COMPOSIÇÃO: HO2, COR: BRANCA, USO: ANESTESIA;BD;12,0000;163,1900;1958,2800;0,0000;30/10/2026
ERN-HOSPITAL REG.TARCÍSIO DE VASCONCELOS MAIA;927052;1108;Material;927052-9/2026;Materiais de Consumo - Medicamentos e Materiais Médicos;Catálogo do Compras.gov.br;Material;6850;ESPECIALIDADES QUÍMICAS DIVERSAS;12234;LUBRIFICANTE MINERAL;243284;APLICAÇÃO: INSTRUMENTAL E MATERIAL CIRÚRGICO, CARACTERÍSTICAS ADICIONAIS: NÃO IÔNICO, NEUTRO, NÃO OLEOSO, NÃO PEGAJOSO, SEM, COMPOSIÇÃO: LEITES MINERAIS NEUTROS E POLÍMERO HIDROCARBONETOS;EMB;14,0000;106,8200;1495,4800;0,0000;30/10/2026
ERN-HOSPITAL REG.TARCÍSIO DE VASCONCELOS MAIA;927052;1109;Material;927052-8/2026;Materiais de Consumo - Manutenção;Catálogo do Compras.gov.br;Material;3455;FERRAMENTAS DE CORTAR PARA MÁQUINAS FERRAMENTA;9243;LÂMINA SERRA;313532;APLICAÇÃO: SERRAR METAIS, COMPRIMENTO: 12, LARGURA: 1/2, MATERIAL: AÇO RÁPIDO;UN;100,0000;10,8000;1080,0000;0,0000;30/10/2026
ERN-HOSPITAL REG.TARCÍSIO DE VASCONCELOS MAIA;927052;1110;Material;927052-8/2026;Materiais de Consumo - Manutenção;Catálogo do Compras.gov.br;Material;4510;DISPOSITIVOS E ACESSÓRIOS PARA INSTALAÇÕES HIDRÁULICAS;14630;CAIXA DESCARGA;441813;CAPACIDADE: 9, CARACTERÍSTICAS ADICIONAIS: PEÇAS E ACESSÓRIOS DE FIXAÇÃO, COR: BRANCA, MATERIAL: PLÁSTICO;UN;50,0000;56,0000;2800,0000;0,0000;30/10/2026
ERN-HOSPITAL REG.TARCÍSIO DE VASCONCELOS MAIA;927052;1111;Material;927052-8/2026;Materiais de Consumo - Manutenção;Catálogo do Compras.gov.br;Material;4510;DISPOSITIVOS E ACESSÓRIOS PARA INSTALAÇÕES HIDRÁULICAS;13322;VASO SANITÁRIO;264236;CARACTERÍSTICAS ADICIONAIS: ACOPLADO COM DESCARGA, COR: BRANCA, MATERIAL: LOUÇA, TIPO: CONVENCIONAL;UN;15,0000;400,0000;6000,0000;0,0000;30/10/2026
ERN-HOSPITAL REG.TARCÍSIO DE VASCONCELOS MAIA;927052;1112;Material;927052-8/2026;Materiais de Consumo - Manutenção;Catálogo do Compras.gov.br;Material;4510;DISPOSITIVOS E ACESSÓRIOS PARA INSTALAÇÕES HIDRÁULICAS;13322;VASO SANITÁRIO;274654;COR: BRANCA, MATERIAL: LOUÇA, TIPO: CONVENCIONAL;UN;15,0000;350,0000;5250,0000;0,0000;30/10/2026
ERN-HOSPITAL REG.TARCÍSIO DE VASCONCELOS MAIA;927052;1113;Material;927052-8/2026;Materiais de Consumo - Manutenção;Catálogo do Compras.gov.br;Material;4510;DISPOSITIVOS E ACESSÓRIOS PARA INSTALAÇÕES HIDRÁULICAS;12056;SIFÃO;616677;APLICAÇÃO: PIA, BITOLA: 1"  , 1 1/4" E 1 1/2'' ., COR: BRANCA, MATERIAL: PVC, TIPO CORPO: SANFONADO UNIVERSAL DUPLO;UN;100,0000;5,2000;520,0000;0,0000;30/10/2026
ERN-HOSPITAL REG.TARCÍSIO DE VASCONCELOS MAIA;927052;1114;Material;927052-8/2026;Materiais de Consumo - Manutenção;Catálogo do Compras.gov.br;Material;4510;DISPOSITIVOS E ACESSÓRIOS PARA INSTALAÇÕES HIDRÁULICAS;17358;ASSENTO VASO SANITÁRIO;353463;CARACTERÍSTICAS ADICIONAIS: ABERTURA FRONTAL, TIPO ESPECIAL, COR: BRANCA, MATERIAL: POLIPROPILENO;UN;60,0000;56,0000;3360,0000;0,0000;30/10/2026
ERN-HOSPITAL REG.TARCÍSIO DE VASCONCELOS MAIA;927052;1115;Material;927052-8/2026;Materiais de Consumo - Manutenção;Catálogo do Compras.gov.br;Material;5120;FERRAMENTAS MANUAIS SEM CORTE, NÃO ACIONADAS  POR  FORÇA  MOTRIZ;702;ALICATE UNIVERSAL;614570;COMPRIMENTO: 203, MATERIAL: AÇO CARBONO FORJADO E TEMPERADO, MATERIAL CABO: PLÁSTICO, TIPO CABO: ISOLADO 1.OOO VOLTS, TIPO CORTE: RETO;UN;2,0000;34,9000;69,8000;0,0000;30/10/2026
ERN-HOSPITAL REG.TARCÍSIO DE VASCONCELOS MAIA;927052;1116;Material;927052-8/2026;Materiais de Consumo - Manutenção;Catálogo do Compras.gov.br;Material;5110;FERRAMENTAS MANUAIS DE CORTE, NÃO ACIONADAS POR FORÇA MOTRIZ;12036;SERRA COPO;615187;CARACTERÍSTICAS ADICIONAIS: KIT, DIÂMETRO: 19 A 35, MATERIAL: AÇO RÁPIDO BIMETAL;CJ;3,0000;500,0000;1500,0000;0,0000;30/10/2026
ERN-HOSPITAL REG.TARCÍSIO DE VASCONCELOS MAIA;927052;1117;Material;927052-8/2026;Materiais de Consumo - Manutenção;Catálogo do Compras.gov.br;Material;5120;FERRAMENTAS MANUAIS SEM CORTE, NÃO ACIONADAS  POR  FORÇA  MOTRIZ;15387;ESCOVA;448500;APLICAÇÃO: LIMPEZA GERAL, MATERIAL: AÇO CARBONO, MATERIAL CABO: PLÁSTICO, QUANTIDADE FIOS AÇO: 4 FILEIRAS;UN;150,0000;8,1800;1227,0000;0,0000;30/10/2026
ERN-HOSPITAL REG.TARCÍSIO DE VASCONCELOS MAIA;927052;1118;Material;927052-8/2026;Materiais de Consumo - Manutenção;Catálogo do Compras.gov.br;Material;5110;FERRAMENTAS MANUAIS DE CORTE, NÃO ACIONADAS POR FORÇA MOTRIZ;2308;ALICATE DE CORTE;461700;COMPRIMENTO: 130, MATERIAL: AÇO CROMO VANÁDIO, TIPO CORTE: RENTE;UN;2,0000;66,0000;132,0000;0,0000;30/10/2026
ERN-HOSPITAL REG.TARCÍSIO DE VASCONCELOS MAIA;927052;1119;Material;927052-8/2026;Materiais de Consumo - Manutenção;Catálogo do Compras.gov.br;Material;5120;FERRAMENTAS MANUAIS SEM CORTE, NÃO ACIONADAS  POR  FORÇA  MOTRIZ;15387;ESCOVA;284815;APLICAÇÃO: LIMPEZA GERAL, MATERIAL: AÇO, MATERIAL CABO: PLÁSTICO, QUANTIDADE FIOS AÇO: 30 FILEIRAS HORIZONTAIS X 3 FILEIRAS VERTICAIS;UN;300,0000;11,8000;3540,0000;0,0000;30/10/2026
ERN-HOSPITAL REG.TARCÍSIO DE VASCONCELOS MAIA;927052;1120;Material;927052-8/2026;Materiais de Consumo - Manutenção;Catálogo do Compras.gov.br;Material;5120;FERRAMENTAS MANUAIS SEM CORTE, NÃO ACIONADAS  POR  FORÇA  MOTRIZ;15387;ESCOVA;319960;APLICAÇÃO: LIMPEZA GERAL, CARACTERÍSTICAS ADICIONAIS: ALTURA FILEIRAS 30MM, LARGURA: 40, MATERIAL: AÇO INOXIDÁVEL, MATERIAL CABO: MADEIRA, QUANTIDADE FIOS AÇO: 64 FILEIRAS HORIZONTAIS X 4 FILEIRAS VERTICAIS, COMPRIMENTO CABO: 145, COMPRIMENTO TOTAL: 300;UN;16,0000;79,5000;1272,0000;0,0000;30/10/2026
ERN-HOSPITAL REG.TARCÍSIO DE VASCONCELOS MAIA;927052;1121;Material;927052-8/2026;Materiais de Consumo - Manutenção;Catálogo do Compras.gov.br;Material;4730;ACESSÓRIOS E FERRAGENS ESPECIAIS PARA  MANGUEIRAS, CANOS  E TUBOS;13546;CONEXÃO HIDRÁULICA;613074;APLICAÇÃO: INSTALAÇÃO HIDRÁULICA, DIÂMETRO EXTERNO: 40, MATERIAL: PVC - CLORETO DE POLIVINILA, TIPO FIXAÇÃO: SOLDÁVEL, TIPO I: TÊ;UN;50,0000;14,9000;745,0000;0,0000;30/10/2026
ERN-HOSPITAL REG.TARCÍSIO DE VASCONCELOS MAIA;927052;1122;Material;927052-8/2026;Materiais de Consumo - Manutenção;Catálogo do Compras.gov.br;Material;5130;FERRAMENTAS MANUAIS ACIONADAS POR FORÇA MOTRIZ;7868;FURADEIRA;483723;CARACTERÍSTICAS ADICIONAIS: MARTELETE, POTÊNCIA: 500, TAMANHO MANDRIL: 24, TIPO: IMPACTO;UN;1,0000;190,0000;190,0000;0,0000;30/10/2026
ERN-HOSPITAL REG.TARCÍSIO DE VASCONCELOS MAIA;927052;1123;Material;927052-8/2026;Materiais de Consumo - Manutenção;Catálogo do Compras.gov.br;Material;5120;FERRAMENTAS MANUAIS SEM CORTE, NÃO ACIONADAS  POR  FORÇA  MOTRIZ;2313;ALICATE PARA CLIMPAR;624152;COMPRIMENTO: 110, MATERIAL: AÇO CROMO VANÁDIO, MATERIAL CABO: PLÁSTICO, TIPO CORTE: CRIMPAR, ISOLAR E CORTAR, USO: CRIMPAGEM DE TERMINAIS COM E SEM ISOLAMENTO E DE;UN;2,0000;130,0000;260,0000;0,0000;30/10/2026
ERN-HOSPITAL REG.TARCÍSIO DE VASCONCELOS MAIA;927052;1124;Material;927052-8/2026;Materiais de Consumo - Manutenção;Catálogo do Compras.gov.br;Material;5120;FERRAMENTAS MANUAIS SEM CORTE, NÃO ACIONADAS  POR  FORÇA  MOTRIZ;2313;ALICATE PARA CLIMPAR;234766;CARACTERÍSTICAS ADICIONAIS: COM SISTEMA DE COMPRESSÃO, MATERIAL: METAL, TIPO CABO: ISOLADO, APLICAÇÃO: CONECTORES RJ11 E RJ45;UN;2,0000;38,0000;76,0000;0,0000;30/10/2026
ERN-HOSPITAL REG.TARCÍSIO DE VASCONCELOS MAIA;927052;1125;Material;927052-8/2026;Materiais de Consumo - Manutenção;Catálogo do Compras.gov.br;Material;5110;FERRAMENTAS MANUAIS DE CORTE, NÃO ACIONADAS POR FORÇA MOTRIZ;693;ALICATE DESCASCAR FIO;624209;APLICAÇÃO: DESCASCADOR DE CABO DROP, FIBRA FLAT, E CABLE STRI, CARACTERÍSTICAS ADICIONAIS: LÂMINA AJUSTÁVEL, CORTE TRANSVERSAL OU CORTE LONGI, COMPRIMENTO: 125, MATERIAL: METAL;UN;2,0000;72,0000;144,0000;0,0000;30/10/2026
ERN-HOSPITAL REG.TARCÍSIO DE VASCONCELOS MAIA;927052;1126;Material;927052-8/2026;Materiais de Consumo - Manutenção;Catálogo do Compras.gov.br;Material;5110;FERRAMENTAS MANUAIS DE CORTE, NÃO ACIONADAS POR FORÇA MOTRIZ;690;ALICATE BICO MEIA CANA;354551;CARACTERÍSTICAS ADICIONAIS: LONGO, FOSTATIZADO, COMPRIMENTO: 6, MATERIAL: AÇO CROMO VANÁDIO, TIPO: RETO, TIPO CABO: ISOLADO;UN;2,0000;35,0000;70,0000;0,0000;30/10/2026
ERN-HOSPITAL REG.TARCÍSIO DE VASCONCELOS MAIA;927052;1127;Material;927052-8/2026;Materiais de Consumo - Manutenção;Catálogo do Compras.gov.br;Material;5120;FERRAMENTAS MANUAIS SEM CORTE, NÃO ACIONADAS  POR  FORÇA  MOTRIZ;2313;ALICATE PARA CLIMPAR;283974;CARACTERÍSTICAS ADICIONAIS: COM SISTEMA DE APERTO (CATRACA), DISPOSITIVO P/DE-, MATERIAL: METAL, TIPO CABO: ISOLADO, APLICAÇÃO: CONECTOR RJ45;UN;2,0000;57,9000;115,8000;0,0000;30/10/2026
ERN-HOSPITAL REG.TARCÍSIO DE VASCONCELOS MAIA;927052;1128;Material;927052-8/2026;Materiais de Consumo - Manutenção;Catálogo do Compras.gov.br;Material;5340;FERRAGENS DIVERSAS;554;CADEADO;628070;ALTURA: 80, CARACTERÍSTICAS ADICIONAIS: COM CHAVE TIPO TETRA, LARGURA: 50, MATERIAL: LATÃO MACIÇO, MATERIAL HASTE: AÇO;UN;15,0000;27,0000;405,0000;0,0000;30/10/2026
ERN-HOSPITAL REG.TARCÍSIO DE VASCONCELOS MAIA;927052;1129;Material;927052-8/2026;Materiais de Consumo - Manutenção;Catálogo do Compras.gov.br;Material;5340;FERRAGENS DIVERSAS;566;FECHADURA;404281;ACABAMENTO SUPERFICIAL: CROMADO BRILHANTE, ALTURA: 18, COMPONENTES: CHAVE BIPARTIDA, PUXADOR EJETÁVEL, COMPRIMENTO: 8, ESPESSURA: 2, MATERIAL CAIXA: LATÃO, MATERIAL LINGUETA: AÇO, MATERIAL TESTA: AÇO, TIPO: BICO DE PAPAGAIO;CJ;100,0000;65,0000;6500,0000;0,0000;30/10/2026
ERN-HOSPITAL REG.TARCÍSIO DE VASCONCELOS MAIA;927052;1130;Material;927052-8/2026;Materiais de Consumo - Manutenção;Catálogo do Compras.gov.br;Material;5365;ANÉIS, BUCHAS E ESPAÇADORES;634;BUCHA PARAFUSO;364944;MATERIAL: PVC, TAMANHO: S-10;CX;5,0000;110,0000;550,0000;0,0000;30/10/2026
ERN-HOSPITAL REG.TARCÍSIO DE VASCONCELOS MAIA;927052;1131;Material;927052-8/2026;Materiais de Consumo - Manutenção;Catálogo do Compras.gov.br;Material;5340;FERRAGENS DIVERSAS;554;CADEADO;622726;ALTURA: 57, CARACTERÍSTICAS ADICIONAIS: MESMO SEGREDO E ACOMPANHA 2 CHAVES., COR: DOURADO/PRATA, LARGURA: 30, MATERIAL: LATÃO MACIÇO, MATERIAL HASTE: AÇO TEMPERADO;UN;15,0000;23,0000;345,0000;0,0000;30/10/2026
ERN-HOSPITAL REG.TARCÍSIO DE VASCONCELOS MAIA;927052;1132;Material;927052-8/2026;Materiais de Consumo - Manutenção;Catálogo do Compras.gov.br;Material;5325;DISPOSITIVOS PARA FIXAÇÃO;578;ABRAÇADEIRA;470234;COR: CINZA, DIÂMETRO AMARRAÇÃO: 3/4, MATERIAL: PVC - CLORETO DE POLIVINILA;UN;200,0000;2,0000;400,0000;0,0000;30/10/2026
ERN-HOSPITAL REG.TARCÍSIO DE VASCONCELOS MAIA;927052;1133;Material;927052-8/2026;Materiais de Consumo - Manutenção;Catálogo do Compras.gov.br;Material;5340;FERRAGENS DIVERSAS;554;CADEADO;476081;ALTURA: 50, CARACTERÍSTICAS ADICIONAIS: CORPO, PINOS E CONTRAPINOS EM LATÃO, LARGURA: 25, MATERIAL: LATÃO MACIÇO, MATERIAL HASTE: AÇO;UN;15,0000;22,0000;330,0000;0,0000;30/10/2026
ERN-HOSPITAL REG.TARCÍSIO DE VASCONCELOS MAIA;927052;1134;Material;927052-8/2026;Materiais de Consumo - Manutenção;Catálogo do Compras.gov.br;Material;5365;ANÉIS, BUCHAS E ESPAÇADORES;634;BUCHA PARAFUSO;359440;MATERIAL: PLÁSTICO, TAMANHO: S-8;CX;5,0000;50,0000;250,0000;0,0000;30/10/2026
ERN-HOSPITAL REG.TARCÍSIO DE VASCONCELOS MAIA;927052;1135;Material;927052-8/2026;Materiais de Consumo - Manutenção;Catálogo do Compras.gov.br;Material;5365;ANÉIS, BUCHAS E ESPAÇADORES;634;BUCHA PARAFUSO;380265;MATERIAL: PLÁSTICO, TAMANHO: S-12;UN;500,0000;0,9500;475,0000;0,0000;30/10/2026
ERN-HOSPITAL REG.TARCÍSIO DE VASCONCELOS MAIA;927052;1136;Material;927052-8/2026;Materiais de Consumo - Manutenção;Catálogo do Compras.gov.br;Material;5305;PARAFUSOS SEM PORCA;14522;PARAFUSO;454325;CARACTERÍSTICAS ADICIONAIS: FENDA RETA, COMPRIMENTO: 40, DIÂMETRO: 4,20, MATERIAL: AÇO ZINCADO, TIPO: CABEÇA CHATA, TIPO ROSCA: SOBERBA;UN;400,0000;0,3000;120,0000;0,0000;30/10/2026
ERN-HOSPITAL REG.TARCÍSIO DE VASCONCELOS MAIA;927052;1137;Material;927052-8/2026;Materiais de Consumo - Manutenção;Catálogo do Compras.gov.br;Material;5365;ANÉIS, BUCHAS E ESPAÇADORES;634;BUCHA PARAFUSO;318018;MATERIAL: PLÁSTICO, TAMANHO: S-6;CX;5,0000;50,0000;250,0000;0,0000;30/10/2026
ERN-HOSPITAL REG.TARCÍSIO DE VASCONCELOS MAIA;927052;1138;Material;927052-8/2026;Materiais de Consumo - Manutenção;Catálogo do Compras.gov.br;Material;5140;CAIXAS PARA FERRAMENTAS E FERRAGENS;601;MALETA FERRAMENTAS;483290;ACABAMENTO SUPERFICIAL: PINTURA EM EPÓXI PÓ, ALTURA: 250, COMPRIMENTO: 500, LARGURA: 200, MATERIAL: CHAPA AÇO, QUANTIDADE GAVETAS: 7, TIPO CAIXA: SANFONA;UN;2,0000;300,0000;600,0000;0,0000;30/10/2026
ERN-HOSPITAL REG.TARCÍSIO DE VASCONCELOS MAIA;927052;1139;Material;927052-8/2026;Materiais de Consumo - Manutenção;Catálogo do Compras.gov.br;Material;5305;PARAFUSOS SEM PORCA;14522;PARAFUSO;265363;CARACTERÍSTICAS ADICIONAIS: COM FENDA AUTO ATARRACHANTE ROSCA TOTAL, COMPRIMENTO: 32, DIÂMETRO: 3,9, MATERIAL: AÇO ZINCADO, TIPO: CABEÇA PANELA;UN;400,0000;0,3000;120,0000;0,0000;30/10/2026
ERN-HOSPITAL REG.TARCÍSIO DE VASCONCELOS MAIA;927052;1140;Material;927052-8/2026;Materiais de Consumo - Manutenção;Catálogo do Compras.gov.br;Material;5365;ANÉIS, BUCHAS E ESPAÇADORES;634;BUCHA PARAFUSO;390147;CARACTERÍSTICAS ADICIONAIS: COM PARAFUSO, MATERIAL: NÁILON, TAMANHO: MÉDIO, TIPO: KT;CX;2,0000;70,0000;140,0000;0,0000;30/10/2026
ERN-HOSPITAL REG.TARCÍSIO DE VASCONCELOS MAIA;927052;1141;Material;927052-8/2026;Materiais de Consumo - Manutenção;Catálogo do Compras.gov.br;Material;5305;PARAFUSOS SEM PORCA;14522;PARAFUSO;454321;CARACTERÍSTICAS ADICIONAIS: FENDA RETA, COMPRIMENTO: 30, DIÂMETRO: 3,50, MATERIAL: AÇO ZINCADO, TIPO: CABEÇA CHATA, TIPO ROSCA: SOBERBA;UN;400,0000;0,3000;120,0000;0,0000;30/10/2026
ERN-HOSPITAL REG.TARCÍSIO DE VASCONCELOS MAIA;927052;1142;Material;927052-8/2026;Materiais de Consumo - Manutenção;Catálogo do Compras.gov.br;Material;5330;GAXETAS E OUTROS MATERIAIS PARA VEDAÇÃO;7612;FITA VEDA ROSCA;615103;COMPRIMENTO: 50, LARGURA: 18, MATERIAL: PTFE;RO;100,0000;16,0000;1600,0000;0,0000;30/10/2026
ERN-HOSPITAL REG.TARCÍSIO DE VASCONCELOS MAIA;927052;1143;Material;927052-8/2026;Materiais de Consumo - Manutenção;Catálogo do Compras.gov.br;Material;5920;FUSÍVEIS INTERRUPTORES, ISOLANTES E PROTETORES;472;INTERRUPTOR;455568;ACABAMENTO: SEM PLACA E PARAFUSO, APLICAÇÃO: TAMPA CONDULETE, CORRENTE NOMINAL: 10, FORMATO: RETANGULAR, MATERIAL: PVC RÍGIDO, POSIÇÃO RELATIVA: EMBUTIR, QUANTIDADE SEÇÕES: 2, TENSÃO NOMINAL: 110/220, TIPO: MODULADO, TIPO ACIONAMENTO: TECLA SIMPLES HORIZONTAL;UN;30,0000;17,0000;510,0000;0,0000;30/10/2026
ERN-HOSPITAL REG.TARCÍSIO DE VASCONCELOS MAIA;927052;1144;Material;927052-8/2026;Materiais de Consumo - Manutenção;Catálogo do Compras.gov.br;Material;5925;DISJUNTORES;4;DISJUNTOR BAIXA TENSÃO;452697;APLICAÇÃO: INSTALAÇÕES ELÉTRICAS, CORRENTE NOMINAL: 16, CURVA DE DISPARO: B, FUNCIONAMENTO: TERMOMAGNÉTICO, NÚMERO DE FASES: MONOFÁSICO, PADRÃO: DIN, TIPO: EASY9;UN;50,0000;43,0000;2150,0000;0,0000;30/10/2026
ERN-HOSPITAL REG.TARCÍSIO DE VASCONCELOS MAIA;927052;1180;Material;927052-8/2026;Materiais de Consumo - Manutenção;Catálogo do Compras.gov.br;Material;6110;EQUIPAMENTOS DE CONTROLE ELÉTRICO;14302;FONTE ALIMENTAÇÃO ININTERRUPTA;424615;CAPACIDADE NOMINAL: 2, FREQUÊNCIA: 60, NÚMERO DE FASES: BIFÁSICO, POTÊNCIA SAÍDA: 1,4, TENSÃO ENTRADA: 220, TIPO ONDA: SENOIDAL PURA, VARIAÇÃO FREQUÊNCIA ENTRADA: +/- 5%;UN;3,0000;3200,0000;9600,0000;0,0000;30/10/2026
ERN-HOSPITAL REG.TARCÍSIO DE VASCONCELOS MAIA;927052;1145;Material;927052-8/2026;Materiais de Consumo - Manutenção;Catálogo do Compras.gov.br;Material;5915;FILTROS E REDES;208;CABO REDE COMPUTADOR;467549;APLICAÇÃO: CONEXÃO DE REDE, BITOLA CONDUTOR: 24, CARACTERÍSTICAS ADICIONAIS: CABO UTP BLINDADO COM MARCAÇÃO SEQÜENCIAL MÉTRICA, CATEGORIA: 6E, COMPRIMENTO: 305, COR: AZUL, MATERIAL CONDUTOR: COBRE NÚ, MATERIAL ISOLAMENTO CONDUTOR: PVC NÃO PROPAGANTE À CHAMA, MATERIAL REVESTIMENTO: POLIETILENO ESPECIAL, PADRÃO CABEAMENTO: COM BLINDAGEM HELICOIDAL EM FITA METALIZADA, TIPO CABO: 6 E, TIPO CONDUTOR: TRANÇADO 4 PARES;CX;20,0000;1000,0000;20000,0000;0,0000;30/10/2026
ERN-HOSPITAL REG.TARCÍSIO DE VASCONCELOS MAIA;927052;1146;Material;927052-8/2026;Materiais de Consumo - Manutenção;Catálogo do Compras.gov.br;Material;5630;TUBOS E CONDUTOS, NÃO METÁLICOS, PARA CONSTRUÇÃO;11403;RALO;358980;APLICAÇÃO: BANHEIRO, CARACTERÍSTICA ADICIONAIS: GRELHA ANTI-BARATA EM METAL CROMADO, COR: BRANCO, TIPO: SECO, 10X10 CM, SAÍDA 40 MM;UN;60,0000;23,0000;1380,0000;0,0000;30/10/2026
ERN-HOSPITAL REG.TARCÍSIO DE VASCONCELOS MAIA;927052;1147;Material;927052-8/2026;Materiais de Consumo - Manutenção;Catálogo do Compras.gov.br;Material;5925;DISJUNTORES;4;DISJUNTOR BAIXA TENSÃO;452698;APLICAÇÃO: INSTALAÇÕES ELÉTRICAS, CORRENTE NOMINAL: 32, CURVA DE DISPARO: B, FUNCIONAMENTO: TERMOMAGNÉTICO, NÚMERO DE FASES: MONOFÁSICO, PADRÃO: DIN, TIPO: EASY9;UN;20,0000;18,0000;360,0000;0,0000;30/10/2026
ERN-HOSPITAL REG.TARCÍSIO DE VASCONCELOS MAIA;927052;1148;Material;927052-8/2026;Materiais de Consumo - Manutenção;Catálogo do Compras.gov.br;Material;5925;DISJUNTORES;4;DISJUNTOR BAIXA TENSÃO;358770;APLICAÇÃO: ENGENHARIA, CORRENTE NOMINAL: 25, NÚMERO DE FASES: MONOFÁSICO, TENSÃO NOMINAL: 220;UN;20,0000;18,0000;360,0000;0,0000;30/10/2026
ERN-HOSPITAL REG.TARCÍSIO DE VASCONCELOS MAIA;927052;1149;Material;927052-8/2026;Materiais de Consumo - Manutenção;Catálogo do Compras.gov.br;Material;5915;FILTROS E REDES;208;CABO REDE COMPUTADOR;465452;APLICAÇÃO: REDE ESTRUTURADA, CARACTERÍSTICAS ADICIONAIS: CABO MONTADO, CONECTORES RJ-45 COM GARRAS DUPLAS, CATEGORIA: 6, COMPRIMENTO: 2,5, CONECTOR: RJ-45, COR: AZUL, MATERIAL REVESTIMENTO: TERMOPLÁSTICO INJETADO, TIPO CABO: PATCH CORD, TIPO CONDUTOR: PAR TRANÇADO;UN;300,0000;26,0000;7800,0000;0,0000;30/10/2026
ERN-HOSPITAL REG.TARCÍSIO DE VASCONCELOS MAIA;927052;1150;Material;927052-8/2026;Materiais de Consumo - Manutenção;Catálogo do Compras.gov.br;Material;5915;FILTROS E REDES;208;CABO REDE COMPUTADOR;437666;CARACTERÍSTICAS ADICIONAIS: CONECTORIZADO, CATEGORIA: 6, COMPRIMENTO: 1,5, CONECTOR: RJ-45, COR: AZUL, MATERIAL CONDUTOR: COBRE ELETROLÍTICO, MATERIAL REVESTIMENTO: PVC - CLORETO DE POLIVINILA ANTI-CHAMA, PADRÃO CABEAMENTO: GIGALAN, TIPO CABO: PATCH CORD, TIPO CONDUTOR: TRANÇADO FLEXÍVEL;UN;300,0000;18,0000;5400,0000;0,0000;30/10/2026
ERN-HOSPITAL REG.TARCÍSIO DE VASCONCELOS MAIA;927052;1151;Material;927052-8/2026;Materiais de Consumo - Manutenção;Catálogo do Compras.gov.br;Material;5925;DISJUNTORES;4;DISJUNTOR BAIXA TENSÃO;452693;APLICAÇÃO: INSTALAÇÕES ELÉTRICAS, CORRENTE NOMINAL: 20, CURVA DE DISPARO: B, FUNCIONAMENTO: TERMOMAGNÉTICO, NÚMERO DE FASES: MONOFÁSICO, PADRÃO: DIN;UN;20,0000;10,0000;200,0000;0,0000;30/10/2026
ERN-HOSPITAL REG.TARCÍSIO DE VASCONCELOS MAIA;927052;1152;Material;927052-8/2026;Materiais de Consumo - Manutenção;Catálogo do Compras.gov.br;Material;5999;COMPONENTES ELÉTRICOS E ELETRÔNICOS DIVERSOS;14302;FONTE ALIMENTAÇÃO ININTERRUPTA;483856;AUTONOMIA BATERIA: 10 MINUTOS, BATERIA: SELADAS, REGULADAS P/ VÁLVULAS (VRLA), CAPACIDADE NOMINAL: 3 KVA, FREQUÊNCIA: 60, NÚMERO DE FASES: MONOFÁSICO, TENSÃO ENTRADA: 220, TENSÃO SAÍDA: 127/220, TIPO: NO-BREAK, TIPO ALARME: SONORO,ÁUDIO-VISUAL E LED INDICADOR PAINEL FRONTAL, TIPO ESTABILIZADOR INTERNO: DUPLA CONVERSÃO,TRAFO ISOLADOR, PROTEÇÃO ELETRÔNIC, TIPO ONDA: SENOIDAL;UN;3,0000;5300,0000;15900,0000;0,0000;30/10/2026
ERN-HOSPITAL REG.TARCÍSIO DE VASCONCELOS MAIA;927052;1153;Material;927052-8/2026;Materiais de Consumo - Manutenção;Catálogo do Compras.gov.br;Material;5935;CONECTORES ELÉTRICOS;484;TOMADA;618467;APLICAÇÃO: INSTALAÇÃO ELÉTRICA, COR CORPO: BRANCA, CORRENTE NOMINAL: 20, FORMATO CONTATO: 2P + T, MODELO: DUPLA, TENSÃO NOMINAL: 250;UN;50,0000;28,5000;1425,0000;0,0000;30/10/2026
ERN-HOSPITAL REG.TARCÍSIO DE VASCONCELOS MAIA;927052;1154;Material;927052-8/2026;Materiais de Consumo - Manutenção;Catálogo do Compras.gov.br;Material;5975;FERRAGENS E SUPRIMENTOS DE ELETRICIDADE;15710;PASSA FIO;445154;APLICAÇÃO: PASSAGEM CABO/FIO, CARACTERÍSTICAS ADICIONAIS: PONTA GUIA EM PVC E PONTA DE TRAÇÃO SOLDADA, COMPRIMENTO: 50, MATERIAL: PVC COM ALMA DE AÇO, TIPO: PROFISSIONAL;UN;5,0000;70,0000;350,0000;0,0000;30/10/2026
ERN-HOSPITAL REG.TARCÍSIO DE VASCONCELOS MAIA;927052;1155;Material;927052-8/2026;Materiais de Consumo - Manutenção;Catálogo do Compras.gov.br;Material;5935;CONECTORES ELÉTRICOS;484;TOMADA;440981;COR CORPO: BRANCA, CORRENTE NOMINAL: 20, NORMAS TÉCNICAS: NBR 14136, TENSÃO NOMINAL: 127/220, FORMATO CORPO: RETANGULAR, POSIÇÃO RELATIVA: EMBUTIR, NÚMERO PÓLOS: 2 P + T;UN;30,0000;20,0000;600,0000;0,0000;30/10/2026
ERN-HOSPITAL REG.TARCÍSIO DE VASCONCELOS MAIA;927052;1156;Material;927052-8/2026;Materiais de Consumo - Manutenção;Catálogo do Compras.gov.br;Material;5930;CHAVES ELÉTRICAS;472;INTERRUPTOR;482551;ACABAMENTO: COM PLACA E PARAFUSO, APLICAÇÃO: TAMPA CONDULETE, CORRENTE NOMINAL: 10, FORMATO: RETANGULAR, MATERIAL: PVC RÍGIDO, POSIÇÃO RELATIVA: EMBUTIR, QUANTIDADE SEÇÕES: 1, TENSÃO NOMINAL: 110/220, TIPO: MODULADO, TIPO ACIONAMENTO: TECLA SIMPLES HORIZONTAL;UN;30,0000;15,0000;450,0000;0,0000;30/10/2026
ERN-HOSPITAL REG.TARCÍSIO DE VASCONCELOS MAIA;927052;1157;Material;927052-8/2026;Materiais de Consumo - Manutenção;Catálogo do Compras.gov.br;Material;5935;CONECTORES ELÉTRICOS;484;TOMADA;464825;CARACTERÍSTICAS ADICIONAIS: COM ESPELHO 4" X 2", COR CORPO: BRANCA, CORRENTE NOMINAL: 10, FORMATO CONTATO: 2P + T, MODELO: SIMPLES, TENSÃO NOMINAL: 250, TIPO: FÊMEA, TIPO FIXAÇÃO: ENCAIXE;UN;50,0000;24,7800;1239,0000;0,0000;30/10/2026
ERN-HOSPITAL REG.TARCÍSIO DE VASCONCELOS MAIA;927052;1158;Material;927052-8/2026;Materiais de Consumo - Manutenção;Catálogo do Compras.gov.br;Material;5975;FERRAGENS E SUPRIMENTOS DE ELETRICIDADE;5545;CONDULETE;454233;ALTURA: 5,20, BITOLA: 3/4, COR: CINZA, LARGURA: 11,80, MATERIAL: PVC, PROFUNDIDADE: 6,30, TIPO: 5 ENTRADAS;UN;50,0000;8,0000;400,0000;0,0000;30/10/2026
ERN-HOSPITAL REG.TARCÍSIO DE VASCONCELOS MAIA;927052;1159;Material;927052-8/2026;Materiais de Consumo - Manutenção;Catálogo do Compras.gov.br;Material;5935;CONECTORES ELÉTRICOS;480;PLUGUE;428747;COR CORPO: CINZA, CORRENTE NOMINAL: 10, NORMAS TÉCNICAS: NBR 14136, NÚMERO PÓLOS: 2 P + T, TENSÃO NOMINAL: 250, TIPO: MACHO, TIPO SAÍDA: LATERAL 90°;UN;100,0000;4,0000;400,0000;0,0000;30/10/2026
ERN-HOSPITAL REG.TARCÍSIO DE VASCONCELOS MAIA;927052;1160;Material;927052-8/2026;Materiais de Consumo - Manutenção;Catálogo do Compras.gov.br;Material;5930;CHAVES ELÉTRICAS;4904;CHAVE ELÉTRICA TIPO BÓIA;484473;APLICAÇÃO: POÇO/RESERVATÓRIO/CAIXA D'ÁGUA, CARACTERÍSTICAS ADICIONAIS: ALIMENTAÇÃO CABO 3 X 1, CORRENTE NOMINAL: 25, MATERIAL BÓIA: POLIPROPILENO, TENSÃO NOMINAL: 125/250;UN;10,0000;38,8900;388,9000;0,0000;30/10/2026
ERN-HOSPITAL REG.TARCÍSIO DE VASCONCELOS MAIA;927052;1161;Material;927052-8/2026;Materiais de Consumo - Manutenção;Catálogo do Compras.gov.br;Material;5935;CONECTORES ELÉTRICOS;484;TOMADA;614339;CORRENTE NOMINAL: 20, FORMATO CONTATO: 2P + T, MODELO: SIMPLES, TENSÃO NOMINAL: 250, TIPO FIXAÇÃO: EMBUTIR;UN;50,0000;28,5500;1427,5000;0,0000;30/10/2026
ERN-HOSPITAL REG.TARCÍSIO DE VASCONCELOS MAIA;927052;1162;Material;927052-8/2026;Materiais de Consumo - Manutenção;Catálogo do Compras.gov.br;Material;5975;FERRAGENS E SUPRIMENTOS DE ELETRICIDADE;5543;CONDUITE FLEXIVEL / ELETRODUTO METALICO FLEXIVEL;334034;DIÂMETRO NOMINAL: 3/4, MATERIAL: PVC, TIPO: FLEXÍVEL;M;100,0000;1,0000;100,0000;0,0000;30/10/2026
ERN-HOSPITAL REG.TARCÍSIO DE VASCONCELOS MAIA;927052;1163;Material;927052-8/2026;Materiais de Consumo - Manutenção;Catálogo do Compras.gov.br;Material;5930;CHAVES ELÉTRICAS;472;INTERRUPTOR;455569;ACABAMENTO: SEM PLACA E PARAFUSO, APLICAÇÃO: TAMPA CONDULETE, CORRENTE NOMINAL: 10, FORMATO: RETANGULAR, MATERIAL: PVC RÍGIDO, POSIÇÃO RELATIVA: EMBUTIR, QUANTIDADE SEÇÕES: 1, TENSÃO NOMINAL: 110/220, TIPO: PARALELO_(THREE-WAY), TIPO ACIONAMENTO: TECLA SIMPLES HORIZONTAL;UN;30,0000;15,0000;450,0000;0,0000;30/10/2026
ERN-HOSPITAL REG.TARCÍSIO DE VASCONCELOS MAIA;927052;1164;Material;927052-8/2026;Materiais de Consumo - Manutenção;Catálogo do Compras.gov.br;Material;5935;CONECTORES ELÉTRICOS;480;PLUGUE;463209;COR CORPO: PRETA, CORRENTE NOMINAL: 10, MATERIAL: PLÁSTICO POLIAMIDA ANTI-CHAMA, NÚMERO PÓLOS: 2 P, TENSÃO NOMINAL: 250, TIPO: FÊMEA;UN;100,0000;4,0000;400,0000;0,0000;30/10/2026
ERN-HOSPITAL REG.TARCÍSIO DE VASCONCELOS MAIA;927052;1165;Material;927052-8/2026;Materiais de Consumo - Manutenção;Catálogo do Compras.gov.br;Material;5975;FERRAGENS E SUPRIMENTOS DE ELETRICIDADE;15621;TAMPA CONDULETE;453675;CARACTERÍSTICAS ADICIONAIS: COM SUPORTE PARA UMA RJ-45, COR: CINZA, MATERIAL: TERMOPLÁSTICO, TAMANHO: 4 X 2;UN;50,0000;10,0000;500,0000;0,0000;30/10/2026
ERN-HOSPITAL REG.TARCÍSIO DE VASCONCELOS MAIA;927052;1166;Material;927052-8/2026;Materiais de Consumo - Manutenção;Catálogo do Compras.gov.br;Material;5975;FERRAGENS E SUPRIMENTOS DE ELETRICIDADE;14260;CANALETA;616759;APLICAÇÃO: INSTALAÇÃO ELÉTRICA, CARACTERÍSTICAS ADICIONAIS: COM ADESIVO PARA FIXAÇÃO, DIMENSÕES: 40 X 20 X 2000, MATERIAL: PVC - CLORETO DE POLIVINILA, TIPO: BARRA;UN;50,0000;341,0000;17050,0000;0,0000;30/10/2026
ERN-HOSPITAL REG.TARCÍSIO DE VASCONCELOS MAIA;927052;1167;Material;927052-8/2026;Materiais de Consumo - Manutenção;Catálogo do Compras.gov.br;Material;6145;FIOS E CABOS ELÉTRICOS;4009;CABO ELÉTRICO FLEXÍVEL;472312;BITOLA: 6, CARACTERÍSTICAS ADICIONAIS: EXTRA FLEXÍVEL, COR DA COBERTURA: BRANCA, MATERIAL DO CONDUTOR: COBRE, TENSÃO ISOLAMENTO: 750, TIPO: UNIPOLAR;M;400,0000;4,6000;1840,0000;0,0000;30/10/2026
ERN-HOSPITAL REG.TARCÍSIO DE VASCONCELOS MAIA;927052;1168;Material;927052-8/2026;Materiais de Consumo - Manutenção;Catálogo do Compras.gov.br;Material;6145;FIOS E CABOS ELÉTRICOS;4009;CABO ELÉTRICO FLEXÍVEL;471952;APLICAÇÃO: INSTALAÇÃO ELÉTRICA, COR DA COBERTURA: BRANCA, MATERIAL COBERTURA: PVC ANTI-CHAMA, MATERIAL DO CONDUTOR: COBRE, SEÇÃO NOMINAL: 2,5, TENSÃO ISOLAMENTO: 750, TIPO: ANTI-CHAMA;M;500,0000;1,0400;520,0000;0,0000;30/10/2026
ERN-HOSPITAL REG.TARCÍSIO DE VASCONCELOS MAIA;927052;1169;Material;927052-8/2026;Materiais de Consumo - Manutenção;Catálogo do Compras.gov.br;Material;6250;LUSTRES, SUPORTES PARA LÂMPADAS E ELEMENTOS DE PARTIDA;833;SOQUETE LÂMPADA;399594;APLICAÇÃO: ILUMINAÇÃO AMBIENTES INTERNOS, CARACTERÍSTICAS ADICIONAIS: TERMOFIXO NA COR BRANCA COM RABICHO, MATERIAL: TERMOPLÁSTICO, POTÊNCIA MÁXIMA: 40, TIPO BULBO: T10, TIPO LÂMPADA: FLUORESCENTE;UN;100,0000;13,0000;1300,0000;0,0000;30/10/2026
ERN-HOSPITAL REG.TARCÍSIO DE VASCONCELOS MAIA;927052;1170;Material;927052-8/2026;Materiais de Consumo - Manutenção;Catálogo do Compras.gov.br;Material;6145;FIOS E CABOS ELÉTRICOS;4049;CABO PÁRA-RAIOS;422282;FORMAÇÃO DO CABO: 7 X 1,70, MATERIAL CONDUTOR: COBRE NU, SEÇÃO NOMINAL: 16;M;30,0000;19,0000;570,0000;0,0000;30/10/2026
ERN-HOSPITAL REG.TARCÍSIO DE VASCONCELOS MAIA;927052;1171;Material;927052-8/2026;Materiais de Consumo - Manutenção;Catálogo do Compras.gov.br;Material;6145;FIOS E CABOS ELÉTRICOS;4009;CABO ELÉTRICO FLEXÍVEL;471953;APLICAÇÃO: INSTALAÇÃO ELÉTRICA, COR DA COBERTURA: VERMELHA, MATERIAL COBERTURA: PVC ANTI-CHAMA, MATERIAL DO CONDUTOR: COBRE, SEÇÃO NOMINAL: 2,5, TENSÃO ISOLAMENTO: 750, TIPO: ANTI-CHAMA;M;500,0000;1,0400;520,0000;0,0000;30/10/2026
ERN-HOSPITAL REG.TARCÍSIO DE VASCONCELOS MAIA;927052;1172;Material;927052-8/2026;Materiais de Consumo - Manutenção;Catálogo do Compras.gov.br;Material;6240;LÂMPADAS ELÉTRICAS;15806;REFLETOR;472306;APLICAÇÃO: ILUMINAÇÃO CÊNICA, FLUXO LUMINOSO: 20.000, FORMATO: RETANGULAR, POTÊNCIA LÂMPADA: 300, QUANTIDADE LÂMPADAS: 1, TENSÃO ALIMENTAÇÃO: BIVOLT, TIPO LÂMPADA: LED;UN;6,0000;245,0000;1470,0000;0,0000;30/10/2026
ERN-HOSPITAL REG.TARCÍSIO DE VASCONCELOS MAIA;927052;1173;Material;927052-8/2026;Materiais de Consumo - Manutenção;Catálogo do Compras.gov.br;Material;6145;FIOS E CABOS ELÉTRICOS;4009;CABO ELÉTRICO FLEXÍVEL;459997;FORMAÇÃO CONDUTOR: 2 X 1,5, MATERIAL COBERTURA: COMPOSTO TERMOPLÁSTICO ANTICHAMA, MATERIAL DO CONDUTOR: COBRE, TENSÃO ISOLAMENTO: 450/750, TIPO: PARALELO;M;300,0000;2,5000;750,0000;0,0000;30/10/2026
ERN-HOSPITAL REG.TARCÍSIO DE VASCONCELOS MAIA;927052;1174;Material;927052-8/2026;Materiais de Consumo - Manutenção;Catálogo do Compras.gov.br;Material;6145;FIOS E CABOS ELÉTRICOS;4009;CABO ELÉTRICO FLEXÍVEL;604285;APLICAÇÃO: MICROCOMPUTADOR, CARACTERÍSTICAS ADICIONAIS: CONECTOR TRIPOLAR MACHO E CONECTOR FÊMEA IEC C14, COMPRIMENTO: 1,50, MATERIAL DO CONDUTOR: COBRE, QUANTIDADE CONDUTORES: 3, TIPO: TRIPOLAR;UN;200,0000;30,0000;6000,0000;0,0000;30/10/2026
ERN-HOSPITAL REG.TARCÍSIO DE VASCONCELOS MAIA;927052;1175;Material;927052-8/2026;Materiais de Consumo - Manutenção;Catálogo do Compras.gov.br;Material;6145;FIOS E CABOS ELÉTRICOS;4009;CABO ELÉTRICO FLEXÍVEL;483323;APLICAÇÃO: MANUTENÇÃO ELÉTRICA, CARACTERÍSTICAS ADICIONAIS: CERTIFICAÇÃO INMETRO, CLASSE ENCORDOAMENTO: 4, COR DA COBERTURA: PRETA, MATERIAL DO CONDUTOR: COBRE, MATERIAL ISOLAMENTO: COMPOSTO TERMOPLÁSTICO (LSHF), NÃO HALOGENADO, NORMAS TÉCNICAS: NBR13248, SEÇÃO NOMINAL: 4, TENSÃO ISOLAMENTO: 750;M;500,0000;3,1000;1550,0000;0,0000;30/10/2026
ERN-HOSPITAL REG.TARCÍSIO DE VASCONCELOS MAIA;927052;1176;Material;927052-8/2026;Materiais de Consumo - Manutenção;Catálogo do Compras.gov.br;Material;6145;FIOS E CABOS ELÉTRICOS;4009;CABO ELÉTRICO FLEXÍVEL;471954;APLICAÇÃO: INSTALAÇÃO ELÉTRICA, COR DA COBERTURA: PRETA, MATERIAL COBERTURA: PVC ANTI-CHAMA, MATERIAL DO CONDUTOR: COBRE, SEÇÃO NOMINAL: 2,5, TENSÃO ISOLAMENTO: 750, TIPO: ANTI-CHAMA;M;500,0000;1,0400;520,0000;0,0000;30/10/2026
ERN-HOSPITAL REG.TARCÍSIO DE VASCONCELOS MAIA;927052;1177;Material;927052-8/2026;Materiais de Consumo - Manutenção;Catálogo do Compras.gov.br;Material;6145;FIOS E CABOS ELÉTRICOS;4009;CABO ELÉTRICO FLEXÍVEL;483322;APLICAÇÃO: MANUTENÇÃO ELÉTRICA, CARACTERÍSTICAS ADICIONAIS: CERTIFICAÇÃO INMETRO, CLASSE ENCORDOAMENTO: 4, COR DA COBERTURA: BRANCA, MATERIAL DO CONDUTOR: COBRE, MATERIAL ISOLAMENTO: COMPOSTO TERMOPLÁSTICO (LSHF), NÃO HALOGENADO, NORMAS TÉCNICAS: NBR13248, SEÇÃO NOMINAL: 4, TENSÃO ISOLAMENTO: 750;M;500,0000;3,1000;1550,0000;0,0000;30/10/2026
ERN-HOSPITAL REG.TARCÍSIO DE VASCONCELOS MAIA;927052;1178;Material;927052-8/2026;Materiais de Consumo - Manutenção;Catálogo do Compras.gov.br;Material;6210;APARELHOS DE ILUMINAÇÃO ELÉTRICA DE USO INTERNO E EXTERNO;8659;CALHA LÂMPADA FLUORESCENTE;265260;CARACTERÍSTICAS ADICIONAIS: COM PARAFUSO FIXAÇÃO, COR: BRANCA, MATERIAL: METAL, QUANTIDADE LÂMPADAS: 1, TIPO: SIMPLES, POTÊNCIA LÂMPADA: 20;UN;50,0000;43,0000;2150,0000;0,0000;30/10/2026
ERN-HOSPITAL REG.TARCÍSIO DE VASCONCELOS MAIA;927052;1179;Material;927052-8/2026;Materiais de Consumo - Manutenção;Catálogo do Compras.gov.br;Material;6145;FIOS E CABOS ELÉTRICOS;4009;CABO ELÉTRICO FLEXÍVEL;483324;APLICAÇÃO: MANUTENÇÃO ELÉTRICA, CARACTERÍSTICAS ADICIONAIS: CERTIFICAÇÃO INMETRO, CLASSE ENCORDOAMENTO: 4, COR DA COBERTURA: VERDE, MATERIAL DO CONDUTOR: COBRE, MATERIAL ISOLAMENTO: COMPOSTO TERMOPLÁSTICO (LSHF), NÃO HALOGENADO, NORMAS TÉCNICAS: NBR13248, SEÇÃO NOMINAL: 4, TENSÃO ISOLAMENTO: 750;M;500,0000;3,1000;1550,0000;0,0000;30/10/2026
ERN-HOSPITAL REG.TARCÍSIO DE VASCONCELOS MAIA;927052;1181;Material;927052-8/2026;Materiais de Consumo - Manutenção;Catálogo do Compras.gov.br;Material;6210;APARELHOS DE ILUMINAÇÃO ELÉTRICA DE USO INTERNO E EXTERNO;8659;CALHA LÂMPADA FLUORESCENTE;265262;CARACTERÍSTICAS ADICIONAIS: COM PARAFUSO FIXAÇÃO, COR: BRANCA, MATERIAL: METAL, QUANTIDADE LÂMPADAS: 1, TIPO: SIMPLES, POTÊNCIA LÂMPADA: 40;UN;50,0000;53,0000;2650,0000;0,0000;30/10/2026
ERN-HOSPITAL REG.TARCÍSIO DE VASCONCELOS MAIA;927052;1182;Material;927052-8/2026;Materiais de Consumo - Manutenção;Catálogo do Compras.gov.br;Material;6240;LÂMPADAS ELÉTRICAS;19095;LÂMPADA LED;627744;APLICAÇÃO: ILUMINAÇÃO, FLUXO LUMINOSO: 1.400, FORMATO: PÊRA, POTÊNCIA NOMINAL: 15, TEMPERATURA DE COR: 6.000 A 7.000, TENSÃO NOMINAL: BIVOLT, TIPO: LEITOSA, TIPO BASE: E-27, VIDA MÉDIA: 20.000;UN;150,0000;10,0000;1500,0000;0,0000;30/10/2026
ERN-HOSPITAL REG.TARCÍSIO DE VASCONCELOS MAIA;927052;1183;Material;927052-8/2026;Materiais de Consumo - Manutenção;Catálogo do Compras.gov.br;Material;6135;BATERIAS NAO RECARREGÁVEIS;10708;PILHA;432380;MODELO: AAA, SISTEMA ELETROQUÍMICO: LITHIUM, TAMANHO: PALITO, TENSÃO NOMINAL: 1,5;EMB;600,0000;22,5000;13500,0000;0,0000;30/10/2026
ERN-HOSPITAL REG.TARCÍSIO DE VASCONCELOS MAIA;927052;1184;Material;927052-8/2026;Materiais de Consumo - Manutenção;Catálogo do Compras.gov.br;Material;6145;FIOS E CABOS ELÉTRICOS;4009;CABO ELÉTRICO FLEXÍVEL;483319;APLICAÇÃO: MANUTENÇÃO ELÉTRICA, CARACTERÍSTICAS ADICIONAIS: CERTIFICAÇÃO INMETRO, CLASSE ENCORDOAMENTO: 4, COR DA COBERTURA: VERDE, MATERIAL DO CONDUTOR: COBRE, MATERIAL ISOLAMENTO: COMPOSTO TERMOPLÁSTICO (LSHF), NÃO HALOGENADO, NORMAS TÉCNICAS: NBR13248, SEÇÃO NOMINAL: 2,5, TENSÃO ISOLAMENTO: 750;M;500,0000;1,0400;520,0000;0,0000;30/10/2026
ERN-HOSPITAL REG.TARCÍSIO DE VASCONCELOS MAIA;927052;1185;Material;927052-8/2026;Materiais de Consumo - Manutenção;Catálogo do Compras.gov.br;Material;6140;BATERIAS RECARREGÁVEIS;3479;BATERIA NÃO RECARREGÁVEL;345018;MODELO: CR-2032, SISTEMA ELETROQUÍMICO: LITHIUM, TENSÃO NOMINAL: 3;EMB;1000,0000;85,0000;85000,0000;0,0000;30/10/2026
ERN-HOSPITAL REG.TARCÍSIO DE VASCONCELOS MAIA;927052;1186;Material;927052-8/2026;Materiais de Consumo - Manutenção;Catálogo do Compras.gov.br;Material;6145;FIOS E CABOS ELÉTRICOS;4009;CABO ELÉTRICO FLEXÍVEL;419892;COR DA COBERTURA: VERMELHA, MATERIAL DO CONDUTOR: COBRE ELETROLÍTICO, MATERIAL ISOLAMENTO: ISOLAÇÃO EXTRUDADA DE PVC ANTI CHAMA, NORMAS TÉCNICAS: NBR-6148, NBR-6245, NBR-6812 E NBR-6880, SEÇÃO NOMINAL: 4, TEMPERATURA OPERAÇÃO: 70, TENSÃO ISOLAMENTO: 750, TÊMPERA CONDUTOR: MOLE;M;500,0000;3,1000;1550,0000;0,0000;30/10/2026
ERN-HOSPITAL REG.TARCÍSIO DE VASCONCELOS MAIA;927052;1187;Material;927052-8/2026;Materiais de Consumo - Manutenção;Catálogo do Compras.gov.br;Material;6145;FIOS E CABOS ELÉTRICOS;4009;CABO ELÉTRICO FLEXÍVEL;393875;BITOLA: 6, COR DA COBERTURA: VERDE, MATERIAL DO CONDUTOR: COBRE, TENSÃO ISOLAMENTO: 750;M;400,0000;4,6000;1840,0000;0,0000;30/10/2026
ERN-HOSPITAL REG.TARCÍSIO DE VASCONCELOS MAIA;927052;1188;Material;927052-8/2026;Materiais de Consumo - Manutenção;Catálogo do Compras.gov.br;Material;6240;LÂMPADAS ELÉTRICAS;19095;LÂMPADA LED;603065;APLICAÇÃO: ILUMINAÇÃO, EFICIÊNCIA LUMINOSA: 95, FLUXO LUMINOSO: 3800, FORMATO: TUBULAR, MODELO: LED, POTÊNCIA NOMINAL: 40, TIPO BASE: G13;UN;400,0000;27,0000;10800,0000;0,0000;30/10/2026
ERN-HOSPITAL REG.TARCÍSIO DE VASCONCELOS MAIA;927052;1189;Material;927052-8/2026;Materiais de Consumo - Manutenção;Catálogo do Compras.gov.br;Material;6135;BATERIAS NAO RECARREGÁVEIS;10708;PILHA;435129;CARACTERÍSTICAS ADICIONAIS: NÃO CONTÉM MERCÚRIO E CÁDMIO, MODELO: C, SISTEMA ELETROQUÍMICO: ALCALINA, TAMANHO: MÉDIA, TENSÃO NOMINAL: 1,5;EMB;100,0000;56,3000;5630,0000;0,0000;30/10/2026
ERN-HOSPITAL REG.TARCÍSIO DE VASCONCELOS MAIA;927052;1190;Material;927052-8/2026;Materiais de Consumo - Manutenção;Catálogo do Compras.gov.br;Material;6135;BATERIAS NAO RECARREGÁVEIS;10708;PILHA;419859;CARACTERÍSTICAS ADICIONAIS: NÃO RECARREGÁVEL, MODELO: AA, SISTEMA ELETROQUÍMICO: ALCALINA, TAMANHO: PEQUENA, TENSÃO NOMINAL: 1,5;EMB;300,0000;24,3000;7290,0000;0,0000;30/10/2026
ERN-HOSPITAL REG.TARCÍSIO DE VASCONCELOS MAIA;927052;1191;Material;927052-8/2026;Materiais de Consumo - Manutenção;Catálogo do Compras.gov.br;Material;6145;FIOS E CABOS ELÉTRICOS;4009;CABO ELÉTRICO FLEXÍVEL;394253;BITOLA: 6, COR DA COBERTURA: PRETA, MATERIAL DO CONDUTOR: COBRE, TENSÃO ISOLAMENTO: 750;M;400,0000;4,6000;1840,0000;0,0000;30/10/2026
ERN-HOSPITAL REG.TARCÍSIO DE VASCONCELOS MAIA;927052;1192;Material;927052-7/2026;Gêneros Alimentícios;Catálogo do Compras.gov.br;Material;8905;CARNES, AVES E PEIXES;4548;CARNE BOVINA IN NATURA;447441;APRESENTAÇÃO: PEÇA INTEIRA, ESTADO DE CONSERVAÇÃO: CONGELADO(A), TIPO CORTE: LAGARTO;KG;2400,0000;25,7700;61848,0000;0,0000;30/10/2026
ERN-HOSPITAL REG.TARCÍSIO DE VASCONCELOS MAIA;927052;1193;Material;927052-7/2026;Gêneros Alimentícios;Catálogo do Compras.gov.br;Material;8905;CARNES, AVES E PEIXES;3267;CARNE SALGADA;447736;APRESENTAÇÃO: PEDAÇO, ESTADO DE CONSERVAÇÃO: SECO(A), ORIGEM: BOVINA, TIPO CORTE: COXÃO MOLE - CARNE DE SOL;KG;6000,0000;31,9400;191640,0000;0,0000;30/10/2026
ERN-HOSPITAL REG.TARCÍSIO DE VASCONCELOS MAIA;927052;1194;Material;927052-7/2026;Gêneros Alimentícios;Catálogo do Compras.gov.br;Material;8905;CARNES, AVES E PEIXES;4548;CARNE BOVINA IN NATURA;447450;APRESENTAÇÃO: FATIADA EM BIFE, ESTADO DE CONSERVAÇÃO: RESFRIADO(A), TIPO CORTE: PATINHO;KG;6000,0000;30,2200;181320,0000;0,0000;30/10/2026
ERN-HOSPITAL REG.TARCÍSIO DE VASCONCELOS MAIA;927052;1195;Material;927052-7/2026;Gêneros Alimentícios;Catálogo do Compras.gov.br;Material;8905;CARNES, AVES E PEIXES;9382;PEIXE IN NATURA;448953;APRESENTAÇÃO: SEM PELE, ESTADO DE CONSERVAÇÃO: CONGELADO(A), TIPO CORTE: FILÉ, VARIEDADE: TILÁPIA;KG;3000,0000;27,6400;82920,0000;0,0000;30/10/2026
ERN-HOSPITAL REG.TARCÍSIO DE VASCONCELOS MAIA;927052;1196;Material;927052-7/2026;Gêneros Alimentícios;Catálogo do Compras.gov.br;Material;8905;CARNES, AVES E PEIXES;2156;FRIOS;447773;APRESENTAÇÃO: FATIADO, ESTADO DE CONSERVAÇÃO: RESFRIADO(A), TIPO PREPARAÇÃO: COZIDO, VARIEDADE: PRESUNTO DE PERU;KG;720,0000;19,1400;13780,8000;0,0000;30/10/2026
ERN-HOSPITAL REG.TARCÍSIO DE VASCONCELOS MAIA;927052;1197;Material;927052-7/2026;Gêneros Alimentícios;Catálogo do Compras.gov.br;Material;8905;CARNES, AVES E PEIXES;4550;CARNE DE AVE IN NATURA;447866;APRESENTAÇÃO: INTEIRO, ESTADO DE CONSERVAÇÃO: CONGELADO(A), PROCESSAMENTO: COM PELE, COM OSSO, TIPO ANIMAL: FRANGO, TIPO CORTE: SOBRECOXA;KG;10200,0000;8,3000;84660,0000;0,0000;30/10/2026
ERN-HOSPITAL REG.TARCÍSIO DE VASCONCELOS MAIA;927052;1198;Material;927052-7/2026;Gêneros Alimentícios;Catálogo do Compras.gov.br;Material;8905;CARNES, AVES E PEIXES;3267;CARNE SALGADA;447736;APRESENTAÇÃO: PEDAÇO, ESTADO DE CONSERVAÇÃO: SECO(A), ORIGEM: BOVINA, TIPO CORTE: COXÃO MOLE - CARNE DE SOL;KG;3600,0000;23,9600;86256,0000;0,0000;30/10/2026
ERN-HOSPITAL REG.TARCÍSIO DE VASCONCELOS MAIA;927052;1199;Material;927052-7/2026;Gêneros Alimentícios;Catálogo do Compras.gov.br;Material;8905;CARNES, AVES E PEIXES;4550;CARNE DE AVE IN NATURA;447594;APRESENTAÇÃO: INTEIRO, ESTADO DE CONSERVAÇÃO: CONGELADO(A), PROCESSAMENTO: SEM PELE, SEM OSSO, TIPO ANIMAL: FRANGO, TIPO CORTE: PEITO;KG;16800,0000;16,2300;272664,0000;0,0000;30/10/2026
ERN-HOSPITAL REG.TARCÍSIO DE VASCONCELOS MAIA;927052;1200;Material;927052-7/2026;Gêneros Alimentícios;Catálogo do Compras.gov.br;Material;8905;CARNES, AVES E PEIXES;4548;CARNE BOVINA IN NATURA;447451;APRESENTAÇÃO: CORTADA EM TIRAS, ESTADO DE CONSERVAÇÃO: RESFRIADO(A), TIPO CORTE: PATINHO;KG;10800,0000;32,2900;348732,0000;0,0000;30/10/2026
ERN-HOSPITAL REG.TARCÍSIO DE VASCONCELOS MAIA;927052;1201;Material;927052-7/2026;Gêneros Alimentícios;Catálogo do Compras.gov.br;Material;8905;CARNES, AVES E PEIXES;4548;CARNE BOVINA IN NATURA;447414;APRESENTAÇÃO: PEDAÇO, ESTADO DE CONSERVAÇÃO: CONGELADO(A), TIPO CORTE: COSTELA;KG;1200,0000;19,2000;23040,0000;0,0000;30/10/2026
ERN-HOSPITAL REG.TARCÍSIO DE VASCONCELOS MAIA;927052;1202;Material;927052-7/2026;Gêneros Alimentícios;Catálogo do Compras.gov.br;Material;8905;CARNES, AVES E PEIXES;3267;CARNE SALGADA;447744;APRESENTAÇÃO: CORTADA, ESTADO DE CONSERVAÇÃO: RESFRIADO(A), ORIGEM: SUÍNA, TIPO CORTE: LOMBO;KG;2400,0000;35,9900;86376,0000;0,0000;30/10/2026
ERN-HOSPITAL REG.TARCÍSIO DE VASCONCELOS MAIA;927052;1203;Material;927052-7/2026;Gêneros Alimentícios;Catálogo do Compras.gov.br;Material;8905;CARNES, AVES E PEIXES;3267;CARNE SALGADA;451065;APRESENTAÇÃO: CORTADA EM CUBOS, ESTADO DE CONSERVAÇÃO: RESFRIADO(A), ORIGEM: BOVINA, TIPO CORTE: COXÃO MOLE;KG;4800,0000;23,8700;114576,0000;0,0000;30/10/2026
ERN-HOSPITAL REG.TARCÍSIO DE VASCONCELOS MAIA;927052;1204;Material;927052-7/2026;Gêneros Alimentícios;Catálogo do Compras.gov.br;Material;8905;CARNES, AVES E PEIXES;4550;CARNE DE AVE IN NATURA;447874;APRESENTAÇÃO: INTEIRO, ESTADO DE CONSERVAÇÃO: CONGELADO(A), PROCESSAMENTO: TEMPERADA, TIPO ANIMAL: FRANGO ESPECIAL, TIPO CORTE: COM MIÚDOS;KG;250,0000;39,9900;9997,5000;0,0000;30/10/2026
ERN-HOSPITAL REG.TARCÍSIO DE VASCONCELOS MAIA;927052;1205;Material;927052-7/2026;Gêneros Alimentícios;Catálogo do Compras.gov.br;Material;8905;CARNES, AVES E PEIXES;9382;PEIXE IN NATURA;448947;APRESENTAÇÃO: SEM PELE, ESTADO DE CONSERVAÇÃO: CONGELADO(A), TIPO CORTE: FILÉ, VARIEDADE: DOURADO;KG;1200,0000;58,0000;69600,0000;0,0000;30/10/2026
ERN-HOSPITAL REG.TARCÍSIO DE VASCONCELOS MAIA;927052;1206;Material;927052-7/2026;Gêneros Alimentícios;Catálogo do Compras.gov.br;Material;8905;CARNES, AVES E PEIXES;3267;CARNE SALGADA;480424;APRESENTAÇÃO: EM MANTAS, ESTADO DE CONSERVAÇÃO: SECO(A), ORIGEM: BOVINA, TIPO CORTE: TRASEIRO (JERKED BEEF);KG;360,0000;23,1400;8330,4000;0,0000;30/10/2026
ERN-HOSPITAL REG.TARCÍSIO DE VASCONCELOS MAIA;927052;1207;Material;927052-7/2026;Gêneros Alimentícios;Catálogo do Compras.gov.br;Material;8905;CARNES, AVES E PEIXES;4548;CARNE BOVINA IN NATURA;447447;APRESENTAÇÃO: MOIDA, ESTADO DE CONSERVAÇÃO: RESFRIADO(A), TIPO CORTE: PATINHO;KG;7200,0000;32,0000;230400,0000;0,0000;30/10/2026
ERN-HOSPITAL REG.TARCÍSIO DE VASCONCELOS MAIA;927052;1208;Material;927052-7/2026;Gêneros Alimentícios;Catálogo do Compras.gov.br;Material;8905;CARNES, AVES E PEIXES;9382;PEIXE IN NATURA;448897;APRESENTAÇÃO: SEM PELE, ESTADO DE CONSERVAÇÃO: CONGELADO(A), TIPO CORTE: FILÉ, VARIEDADE: MERLUZA;KG;2400,0000;22,0200;52848,0000;0,0000;30/10/2026
ERN-HOSPITAL REG.TARCÍSIO DE VASCONCELOS MAIA;927052;1209;Material;927052-7/2026;Gêneros Alimentícios;Catálogo do Compras.gov.br;Material;8905;CARNES, AVES E PEIXES;4550;CARNE DE AVE IN NATURA;447596;APRESENTAÇÃO: INTEIRO, ESTADO DE CONSERVAÇÃO: CONGELADO(A), PROCESSAMENTO: COM PELE, COM OSSO, TIPO ANIMAL: FRANGO, TIPO CORTE: PEITO;KG;1200,0000;14,6900;17628,0000;0,0000;30/10/2026
ERN-HOSPITAL REG.TARCÍSIO DE VASCONCELOS MAIA;927052;1210;Material;927052-7/2026;Gêneros Alimentícios;Catálogo do Compras.gov.br;Material;8905;CARNES, AVES E PEIXES;6065;PEIXE EM CONSERVA;448999;APRESENTAÇÃO: RALADO, MEIO DE COBERTURA: COM ÓLEO COMESTÍVEL, VARIEDADE: ATUM;EMB;2000,0000;10,9100;21820,0000;0,0000;30/10/2026
ERN-HOSPITAL REG.TARCÍSIO DE VASCONCELOS MAIA;927052;1211;Material;927052-7/2026;Gêneros Alimentícios;Catálogo do Compras.gov.br;Material;8920;PRODUTOS DE PANIFICAÇÃO E CEREAIS;19690;ARROZ BENEFICIADO;458908;CLASSE: LONGO FINO, QUALIDADE: TIPO 1, SUBGRUPO: POLIDO, TIPO: PARBOILIZADO;EMB;9840,0000;8,2600;81278,4000;0,0000;30/10/2026
ERN-HOSPITAL REG.TARCÍSIO DE VASCONCELOS MAIA;927052;1212;Material;927052-7/2026;Gêneros Alimentícios;Catálogo do Compras.gov.br;Material;8920;PRODUTOS DE PANIFICAÇÃO E CEREAIS;19691;MACARRÃO;459000;APRESENTAÇÃO: ARGOLINHA, BASE DA MASSA: DE FARINHA DE TRIGO, TEOR DE UMIDADE: MASSA SECA;EMB;3300,0000;5,7700;19041,0000;0,0000;30/10/2026
ERN-HOSPITAL REG.TARCÍSIO DE VASCONCELOS MAIA;927052;1213;Material;927052-7/2026;Gêneros Alimentícios;Catálogo do Compras.gov.br;Material;8920;PRODUTOS DE PANIFICAÇÃO E CEREAIS;19712;FERMENTO;459586;APRESENTAÇÃO: PÓ, TIPO: QUÍMICO;EMB;420,0000;7,7800;3267,6000;0,0000;30/10/2026
ERN-HOSPITAL REG.TARCÍSIO DE VASCONCELOS MAIA;927052;1214;Material;927052-7/2026;Gêneros Alimentícios;Catálogo do Compras.gov.br;Material;8920;PRODUTOS DE PANIFICAÇÃO E CEREAIS;19721;PÃO;460385;BASE: DE FARINHA DE TRIGO REFINADA, TIPO: SEMI-DOCE, TIPO ADICIONAL: BISNAGA, CARECA/SEDA;KG;2280,0000;13,6900;31213,2000;0,0000;30/10/2026
ERN-HOSPITAL REG.TARCÍSIO DE VASCONCELOS MAIA;927052;1215;Material;927052-7/2026;Gêneros Alimentícios;Catálogo do Compras.gov.br;Material;8950;CONDIMENTOS E PRODUTOS CORRELATOS;19774;CONDIMENTO;463938;ADICIONAL: CABEÇA, APRESENTAÇÃO: NATURAL, TIPO: ALHO;KG;1200,0000;21,0700;25284,0000;0,0000;30/10/2026
ERN-HOSPITAL REG.TARCÍSIO DE VASCONCELOS MAIA;927052;1216;Material;927052-7/2026;Gêneros Alimentícios;Catálogo do Compras.gov.br;Material;8910;OVOS E LATICÍNIOS;8755;LEITE EM PÓ;446019;ORIGEM: DE VACA, SOLUBILIDADE: INSTANTÂNEO, TEOR GORDURA: INTEGRAL;EMB;4092,0000;16,6400;68090,8800;0,0000;30/10/2026
ERN-HOSPITAL REG.TARCÍSIO DE VASCONCELOS MAIA;927052;1217;Material;927052-7/2026;Gêneros Alimentícios;Catálogo do Compras.gov.br;Material;8915;FRUTAS, VERDURAS E LEGUMES;19789;FRUTA;464903;ADICIONAL: SEM SEMENTE, APRESENTAÇÃO: NATURAL, TIPO 1: UVA CRIMSON;KG;360,0000;9,1700;3301,2000;0,0000;30/10/2026
ERN-HOSPITAL REG.TARCÍSIO DE VASCONCELOS MAIA;927052;1218;Material;927052-7/2026;Gêneros Alimentícios;Catálogo do Compras.gov.br;Material;8920;PRODUTOS DE PANIFICAÇÃO E CEREAIS;19712;FERMENTO;481031;APRESENTAÇÃO: PÓ, COMPOSIÇÃO: SACCHAROMYCES CEREVISIAE, TIPO: BIOLÓGICO SECO;EMB;100,0000;1,9500;195,0000;0,0000;30/10/2026
ERN-HOSPITAL REG.TARCÍSIO DE VASCONCELOS MAIA;927052;1219;Material;927052-7/2026;Gêneros Alimentícios;Catálogo do Compras.gov.br;Material;8950;CONDIMENTOS E PRODUTOS CORRELATOS;19774;CONDIMENTO;463917;APRESENTAÇÃO: PÓ, TIPO: PÁPRICA;EMB;8520,0000;2,5700;21896,4000;0,0000;30/10/2026
ERN-HOSPITAL REG.TARCÍSIO DE VASCONCELOS MAIA;927052;1220;Material;927052-7/2026;Gêneros Alimentícios;Catálogo do Compras.gov.br;Material;8915;FRUTAS, VERDURAS E LEGUMES;19772;LEGUME IN NATURA;463812;APRESENTAÇÃO: ORGÂNICO, TIPO: PIMENTÃO VERDE;KG;1080,0000;3,3000;3564,0000;0,0000;30/10/2026
ERN-HOSPITAL REG.TARCÍSIO DE VASCONCELOS MAIA;927052;1221;Material;927052-7/2026;Gêneros Alimentícios;Catálogo do Compras.gov.br;Material;8955;CAFÉ, CHÁ E CHOCOLATE;19766;CAFÉ;463575;APRESENTAÇÃO: TORRADO MOÍDO, EMPACOTAMENTO: VÁCUO, INTENSIDADE: INTENSA OU EXTRA FORTE, TIPO: TRADICIONAL;PCT;18420,0000;18,5200;341138,4000;0,0000;30/10/2026
ERN-HOSPITAL REG.TARCÍSIO DE VASCONCELOS MAIA;927052;1222;Material;927052-7/2026;Gêneros Alimentícios;Catálogo do Compras.gov.br;Material;8910;OVOS E LATICÍNIOS;836;COALHADA;278946;CARACTERÍSTICAS ADICIONAIS: LIGHT, SEMI-DESNATADO, CULTURA LÁCTEA, ASPARTAME C, INGREDIENTES: LEITE PASTEURIZADO, PESO: 120, TIPO EMBALAGEM: COPO PLÁSTICO;COPO;7200,0000;2,3800;17136,0000;0,0000;30/10/2026
ERN-HOSPITAL REG.TARCÍSIO DE VASCONCELOS MAIA;927052;1223;Material;927052-7/2026;Gêneros Alimentícios;Catálogo do Compras.gov.br;Material;8945;ÓLEOS E GORDURAS COMESTÍVEIS;19769;GORDURA VEGETAL - MARGARINA;463700;COMPOSIÇÃO BÁSICA: MÍNIMO DE 80% DE GORDURA, SABOR: SEM SAL, SUBTIPO: CREMOSA, TIPO: MARGARINA;EMB;3960,0000;31,5100;124779,6000;0,0000;30/10/2026
ERN-HOSPITAL REG.TARCÍSIO DE VASCONCELOS MAIA;927052;1224;Material;927052-7/2026;Gêneros Alimentícios;Catálogo do Compras.gov.br;Material;8950;CONDIMENTOS E PRODUTOS CORRELATOS;19774;CONDIMENTO;463878;APRESENTAÇÃO: NATURAL, TIPO: CEBOLINHA;KG;480,0000;6,8000;3264,0000;0,0000;30/10/2026
ERN-HOSPITAL REG.TARCÍSIO DE VASCONCELOS MAIA;927052;1225;Material;927052-7/2026;Gêneros Alimentícios;Catálogo do Compras.gov.br;Material;8910;OVOS E LATICÍNIOS;18653;BEBIDA LÁCTEA;469775;SABOR: LEITE FERMENTADO;EMB;576,0000;1,6900;973,4400;0,0000;30/10/2026
ERN-HOSPITAL REG.TARCÍSIO DE VASCONCELOS MAIA;927052;1226;Material;927052-7/2026;Gêneros Alimentícios;Catálogo do Compras.gov.br;Material;8910;OVOS E LATICÍNIOS;8755;LEITE EM PÓ;446021;ORIGEM: DE VACA, SOLUBILIDADE: INSTANTÂNEO, TEOR GORDURA: DESNATADO;EMB;4092,0000;21,5800;88305,3600;0,0000;30/10/2026
ERN-HOSPITAL REG.TARCÍSIO DE VASCONCELOS MAIA;927052;1227;Material;927052-7/2026;Gêneros Alimentícios;Catálogo do Compras.gov.br;Material;8915;FRUTAS, VERDURAS E LEGUMES;19772;LEGUME IN NATURA;463767;TIPO: BETERRABA;KG;1080,0000;3,5000;3780,0000;0,0000;30/10/2026
ERN-HOSPITAL REG.TARCÍSIO DE VASCONCELOS MAIA;927052;1228;Material;927052-7/2026;Gêneros Alimentícios;Catálogo do Compras.gov.br;Material;8920;PRODUTOS DE PANIFICAÇÃO E CEREAIS;19721;PÃO;460403;APRESENTAÇÃO: FATIADO, BASE: DE FARINHA DE TRIGO INTEGRAL, TIPO: DE FORMA, TIPO EMBALAGEM: EMBALAGEM INDIVIDUAL;KG;360,0000;13,0500;4698,0000;0,0000;30/10/2026
ERN-HOSPITAL REG.TARCÍSIO DE VASCONCELOS MAIA;927052;1229;Material;927052-7/2026;Gêneros Alimentícios;Catálogo do Compras.gov.br;Material;8910;OVOS E LATICÍNIOS;18653;BEBIDA LÁCTEA;339482;APRESENTAÇÃO: SACO POLIETILENO, CARACTERÍSTICA ADICIONAIS: COM POLPA DE FRUTAS, SABOR: MORANGO;L;4200,0000;4,0400;16968,0000;0,0000;30/10/2026
ERN-HOSPITAL REG.TARCÍSIO DE VASCONCELOS MAIA;927052;1230;Material;927052-7/2026;Gêneros Alimentícios;Catálogo do Compras.gov.br;Material;8950;CONDIMENTOS E PRODUTOS CORRELATOS;19774;CONDIMENTO;479694;APRESENTAÇÃO: FOLHA, TIPO: COENTRO;KG;480,0000;5,7000;2736,0000;0,0000;30/10/2026
ERN-HOSPITAL REG.TARCÍSIO DE VASCONCELOS MAIA;927052;1231;Material;927052-7/2026;Gêneros Alimentícios;Catálogo do Compras.gov.br;Material;8915;FRUTAS, VERDURAS E LEGUMES;19790;POLPA DE FRUTA;464465;APRESENTAÇÃO: CONGELADA, TIPO: UVA;KG;4800,0000;8,4000;40320,0000;0,0000;30/10/2026
ERN-HOSPITAL REG.TARCÍSIO DE VASCONCELOS MAIA;927052;1232;Material;927052-7/2026;Gêneros Alimentícios;Catálogo do Compras.gov.br;Material;8915;FRUTAS, VERDURAS E LEGUMES;19772;LEGUME IN NATURA;463810;APRESENTAÇÃO: ORGÂNICO, TIPO: PEPINO;KG;480,0000;3,5000;1680,0000;0,0000;30/10/2026
ERN-HOSPITAL REG.TARCÍSIO DE VASCONCELOS MAIA;927052;1233;Material;927052-7/2026;Gêneros Alimentícios;Catálogo do Compras.gov.br;Material;8910;OVOS E LATICÍNIOS;11534;QUEIJO;446654;APRESENTAÇÃO: PEÇA, ORIGEM: DE VACA, TIPO: FRESCO, VARIEDADE: RICOTA;EMB;360,0000;10,9000;3924,0000;0,0000;30/10/2026
ERN-HOSPITAL REG.TARCÍSIO DE VASCONCELOS MAIA;927052;1234;Material;927052-7/2026;Gêneros Alimentícios;Catálogo do Compras.gov.br;Material;8950;CONDIMENTOS E PRODUTOS CORRELATOS;19774;CONDIMENTO;463898;APRESENTAÇÃO: NATURAL, TIPO: HORTELÃ;KG;60,0000;5,5000;330,0000;0,0000;30/10/2026
ERN-HOSPITAL REG.TARCÍSIO DE VASCONCELOS MAIA;927052;1235;Material;927052-7/2026;Gêneros Alimentícios;Catálogo do Compras.gov.br;Material;8915;FRUTAS, VERDURAS E LEGUMES;19772;LEGUME IN NATURA;463784;APRESENTAÇÃO: ORGÂNICO, TIPO: CEBOLA BRANCA;KG;9600,0000;3,9000;37440,0000;0,0000;30/10/2026
ERN-HOSPITAL REG.TARCÍSIO DE VASCONCELOS MAIA;927052;1236;Material;927052-7/2026;Gêneros Alimentícios;Catálogo do Compras.gov.br;Material;8920;PRODUTOS DE PANIFICAÇÃO E CEREAIS;883;BISCOITO;605938;SABOR: MAIZENA, TIPO: SEM RECHEIO;PCT;4092,0000;8,6400;35354,8800;0,0000;30/10/2026
ERN-HOSPITAL REG.TARCÍSIO DE VASCONCELOS MAIA;927052;1237;Material;927052-7/2026;Gêneros Alimentícios;Catálogo do Compras.gov.br;Material;8910;OVOS E LATICÍNIOS;11534;QUEIJO;446636;APRESENTAÇÃO: FATIADO, ORIGEM: DE VACA, VARIEDADE: MUÇARELA;KG;3600,0000;33,1600;119376,0000;0,0000;30/10/2026
ERN-HOSPITAL REG.TARCÍSIO DE VASCONCELOS MAIA;927052;1238;Material;927052-7/2026;Gêneros Alimentícios;Catálogo do Compras.gov.br;Material;8920;PRODUTOS DE PANIFICAÇÃO E CEREAIS;19721;PÃO;460380;BASE: DE FARINHA DE TRIGO REFINADA, TIPO: TIPO FRANÇÊS/BRANCO/DE SAL;KG;2400,0000;10,1900;24456,0000;0,0000;30/10/2026
ERN-HOSPITAL REG.TARCÍSIO DE VASCONCELOS MAIA;927052;1239;Material;927052-7/2026;Gêneros Alimentícios;Catálogo do Compras.gov.br;Material;8920;PRODUTOS DE PANIFICAÇÃO E CEREAIS;19722;AVEIA BENEFICIADA;608909;APRESENTAÇÃO: FARELO, CLASSE: BRANCA, PRESENÇA DE GLÚTEN: NÃO CONTÉM GLÚTEN;EMB;500,0000;5,6700;2835,0000;0,0000;30/10/2026
ERN-HOSPITAL REG.TARCÍSIO DE VASCONCELOS MAIA;927052;1240;Material;927052-7/2026;Gêneros Alimentícios;Catálogo do Compras.gov.br;Material;8920;PRODUTOS DE PANIFICAÇÃO E CEREAIS;19776;CEREAL MATINAL/LANCHES;463974;INGREDIENTES ADICIONAIS: FORTIFICADO COM VITAMINAS E MINERAIS, INGREDIENTES PRINCIPAIS: TRIGO E LEITE, TIPO: FARINHA LÁCTEA;EMB;2460,0000;24,4200;60073,2000;0,0000;30/10/2026
ERN-HOSPITAL REG.TARCÍSIO DE VASCONCELOS MAIA;927052;1241;Material;927052-7/2026;Gêneros Alimentícios;Catálogo do Compras.gov.br;Material;8915;FRUTAS, VERDURAS E LEGUMES;19789;FRUTA;464426;APRESENTAÇÃO: NATURAL, TIPO: PERA D'ÁGUA;KG;480,0000;9,1600;4396,8000;0,0000;30/10/2026
ERN-HOSPITAL REG.TARCÍSIO DE VASCONCELOS MAIA;927052;1242;Material;927052-7/2026;Gêneros Alimentícios;Catálogo do Compras.gov.br;Material;8940;ALIMENTOS ESPECIAIS DIETÉTICOS E PREPARADOS ALIMENTÍCIOS;15354;LEITE SOJA;296946;ASPECTO FÍSICO: PÓ;LT;1236,0000;34,7300;42926,2800;0,0000;30/10/2026
ERN-HOSPITAL REG.TARCÍSIO DE VASCONCELOS MAIA;927052;1243;Material;927052-7/2026;Gêneros Alimentícios;Catálogo do Compras.gov.br;Material;8915;FRUTAS, VERDURAS E LEGUMES;19790;POLPA DE FRUTA;464485;APRESENTAÇÃO: CONGELADA, TIPO: CAJÁ;KG;4800,0000;20,0000;96000,0000;0,0000;30/10/2026
ERN-HOSPITAL REG.TARCÍSIO DE VASCONCELOS MAIA;927052;1244;Material;927052-7/2026;Gêneros Alimentícios;Catálogo do Compras.gov.br;Material;8915;FRUTAS, VERDURAS E LEGUMES;19714;LEGUME EM CONSERVA;462823;TIPO: ERVILHA;EMB;4092,0000;4,6000;18823,2000;0,0000;30/10/2026
ERN-HOSPITAL REG.TARCÍSIO DE VASCONCELOS MAIA;927052;1245;Material;927052-7/2026;Gêneros Alimentícios;Catálogo do Compras.gov.br;Material;8915;FRUTAS, VERDURAS E LEGUMES;19789;FRUTA;464415;APRESENTAÇÃO: NATURAL, TIPO: MARACUJÁ AZEDO / MARACUJÁ AMARELO;KG;1440,0000;6,2000;8928,0000;0,0000;30/10/2026
ERN-HOSPITAL REG.TARCÍSIO DE VASCONCELOS MAIA;927052;1246;Material;927052-7/2026;Gêneros Alimentícios;Catálogo do Compras.gov.br;Material;8955;CAFÉ, CHÁ E CHOCOLATE;4805;CHÁ ALIMENTAÇÃO;245189;TIPO: ERVA DOCE, USO: ALIMENTÍCIO;CX;816,0000;4,3200;3525,1200;0,0000;30/10/2026
ERN-HOSPITAL REG.TARCÍSIO DE VASCONCELOS MAIA;927052;1247;Material;927052-7/2026;Gêneros Alimentícios;Catálogo do Compras.gov.br;Material;8910;OVOS E LATICÍNIOS;17295;CREME DE LEITE;446534;PROCESSAMENTO: UHT, TEOR GORDURA: 21 A 40% DE GORDURA;EMB;4092,0000;4,1900;17145,4800;0,0000;30/10/2026
ERN-HOSPITAL REG.TARCÍSIO DE VASCONCELOS MAIA;927052;1248;Material;927052-7/2026;Gêneros Alimentícios;Catálogo do Compras.gov.br;Material;8915;FRUTAS, VERDURAS E LEGUMES;19789;FRUTA;464375;APRESENTAÇÃO: NATURAL, TIPO: ABACAXI HAVAÍ / ABACAXI CAYENNE;KG;1200,0000;3,2000;3840,0000;0,0000;30/10/2026
ERN-HOSPITAL REG.TARCÍSIO DE VASCONCELOS MAIA;927052;1249;Material;927052-7/2026;Gêneros Alimentícios;Catálogo do Compras.gov.br;Material;8915;FRUTAS, VERDURAS E LEGUMES;19789;FRUTA;464421;APRESENTAÇÃO: NATURAL, TIPO: MELÃO CANTALOUPE;KG;3000,0000;2,9000;8700,0000;0,0000;30/10/2026
ERN-HOSPITAL REG.TARCÍSIO DE VASCONCELOS MAIA;927052;1250;Material;927052-7/2026;Gêneros Alimentícios;Catálogo do Compras.gov.br;Material;8920;PRODUTOS DE PANIFICAÇÃO E CEREAIS;19692;FARINHA DE MANDIOCA;458920;ACIDEZ: BAIXA ACIDEZ, ASPECTO FÍSICO: TIPO 1, CLASSE: FINA, GRUPO: SECA, SUBGRUPO: BRANCA TORRADA;EMB;2460,0000;7,8900;19409,4000;0,0000;30/10/2026
ERN-HOSPITAL REG.TARCÍSIO DE VASCONCELOS MAIA;927052;1251;Material;927052-7/2026;Gêneros Alimentícios;Catálogo do Compras.gov.br;Material;8920;PRODUTOS DE PANIFICAÇÃO E CEREAIS;19694;FARINHA DE MILHO;459072;CARACTERÍSTICA ADICIONAL: TRANSGÊNICO, GRÃO: AMARELO, TIPO: CANJIQUINHA/XERÉM;EMB;336,0000;5,3700;1804,3200;0,0000;30/10/2026
ERN-HOSPITAL REG.TARCÍSIO DE VASCONCELOS MAIA;927052;1252;Material;927052-7/2026;Gêneros Alimentícios;Catálogo do Compras.gov.br;Material;8915;FRUTAS, VERDURAS E LEGUMES;19789;FRUTA;464379;APRESENTAÇÃO: NATURAL, TIPO: BANANA PACOVAN;KG;1800,0000;3,9000;7020,0000;0,0000;30/10/2026
ERN-HOSPITAL REG.TARCÍSIO DE VASCONCELOS MAIA;927052;1253;Material;927052-7/2026;Gêneros Alimentícios;Catálogo do Compras.gov.br;Material;8920;PRODUTOS DE PANIFICAÇÃO E CEREAIS;19793;LEGUMINOSA PROCESSADA;464579;APRESENTAÇÃO: À VÁCUO, PREPARO: COZIDA, TIPO: FEIJÃO PRETO;KG;6600,0000;10,7900;71214,0000;0,0000;30/10/2026
ERN-HOSPITAL REG.TARCÍSIO DE VASCONCELOS MAIA;927052;1254;Material;927052-7/2026;Gêneros Alimentícios;Catálogo do Compras.gov.br;Material;8915;FRUTAS, VERDURAS E LEGUMES;19773;VERDURA IN NATURA;615267;ADICIONAL: CORTADA, HIGIENIZADA, APRESENTAÇÃO: NATURAL, TIPO: SALSINHA;KG;480,0000;5,7000;2736,0000;0,0000;30/10/2026
ERN-HOSPITAL REG.TARCÍSIO DE VASCONCELOS MAIA;927052;1255;Material;927052-7/2026;Gêneros Alimentícios;Catálogo do Compras.gov.br;Material;8915;FRUTAS, VERDURAS E LEGUMES;19789;FRUTA;464376;APRESENTAÇÃO: NATURAL, TIPO: BANANA MAÇÃ;KG;180,0000;3,8000;684,0000;0,0000;30/10/2026
ERN-HOSPITAL REG.TARCÍSIO DE VASCONCELOS MAIA;927052;1256;Material;927052-7/2026;Gêneros Alimentícios;Catálogo do Compras.gov.br;Material;8915;FRUTAS, VERDURAS E LEGUMES;19789;FRUTA;466549;APRESENTAÇÃO: NATURAL, TIPO 1: AMEIXA;KG;480,0000;14,1000;6768,0000;0,0000;30/10/2026
ERN-HOSPITAL REG.TARCÍSIO DE VASCONCELOS MAIA;927052;1257;Material;927052-7/2026;Gêneros Alimentícios;Catálogo do Compras.gov.br;Material;8920;PRODUTOS DE PANIFICAÇÃO E CEREAIS;883;BISCOITO;456468;CARACTERÍSTICAS ADICIONAIS: SEM LACTOSE, INGREDIENTES: SEM GORDURA TRANS, SABOR: SALGADO, TIPO: CREAM CRACKER;PCT;2000,0000;6,4800;12960,0000;0,0000;30/10/2026
ERN-HOSPITAL REG.TARCÍSIO DE VASCONCELOS MAIA;927052;1258;Material;927052-7/2026;Gêneros Alimentícios;Catálogo do Compras.gov.br;Material;8915;FRUTAS, VERDURAS E LEGUMES;944;ÁGUA COCO;307147;CARACTERÍSTICAS ADICIONAIS: EMBALAGEM TIPO LONGA VIDA, PRAZO VALIDADE: 3 (ABERTO), MATERIAL: ÁGUA CÔCO VERDE;L;240,0000;16,9900;4077,6000;0,0000;30/10/2026
ERN-HOSPITAL REG.TARCÍSIO DE VASCONCELOS MAIA;927052;1259;Material;927052-7/2026;Gêneros Alimentícios;Catálogo do Compras.gov.br;Material;8915;FRUTAS, VERDURAS E LEGUMES;19789;FRUTA;467418;ADICIONAL: ORGÂNICA, APRESENTAÇÃO: NATURAL, TIPO: MAMÃO FORMOSA;KG;3000,0000;2,7000;8100,0000;0,0000;30/10/2026
ERN-HOSPITAL REG.TARCÍSIO DE VASCONCELOS MAIA;927052;1260;Material;927052-7/2026;Gêneros Alimentícios;Catálogo do Compras.gov.br;Material;8920;PRODUTOS DE PANIFICAÇÃO E CEREAIS;19722;AVEIA BENEFICIADA;460501;APRESENTAÇÃO: EM FLOCOS FINOS, CLASSE: BRANCA, PRESENÇA DE GLÚTEN: CONTÉM GLÚTEN;EMB;1644,0000;5,6700;9321,4800;0,0000;30/10/2026
ERN-HOSPITAL REG.TARCÍSIO DE VASCONCELOS MAIA;927052;1261;Material;927052-7/2026;Gêneros Alimentícios;Catálogo do Compras.gov.br;Material;8915;FRUTAS, VERDURAS E LEGUMES;19773;VERDURA IN NATURA;463832;TIPO: ALFACE CRESPA;KG;1200,0000;6,5000;7800,0000;0,0000;30/10/2026
ERN-HOSPITAL REG.TARCÍSIO DE VASCONCELOS MAIA;927052;1262;Material;927052-7/2026;Gêneros Alimentícios;Catálogo do Compras.gov.br;Material;8920;PRODUTOS DE PANIFICAÇÃO E CEREAIS;19696;AMIDO;459077;BASE: DE MILHO;EMB;210,0000;2,7000;567,0000;0,0000;30/10/2026
ERN-HOSPITAL REG.TARCÍSIO DE VASCONCELOS MAIA;927052;1263;Material;927052-7/2026;Gêneros Alimentícios;Catálogo do Compras.gov.br;Material;8915;FRUTAS, VERDURAS E LEGUMES;13388;VERDURA IN NATURA*;481109;CARACTERÍSTICAS ADICIONAIS: 1ª QUALIDADE/FOLHA VERDE VIVO/SEM FUNGOS., ESPÉCIE: COMUM/MANTEIGA, TIPO: COUVE;KG;360,0000;6,3000;2268,0000;0,0000;30/10/2026
ERN-HOSPITAL REG.TARCÍSIO DE VASCONCELOS MAIA;927052;1264;Material;927052-7/2026;Gêneros Alimentícios;Catálogo do Compras.gov.br;Material;8915;FRUTAS, VERDURAS E LEGUMES;19772;LEGUME IN NATURA;463805;TIPO: TOMATE ITALIANO;KG;5520,0000;3,5000;19320,0000;0,0000;30/10/2026
ERN-HOSPITAL REG.TARCÍSIO DE VASCONCELOS MAIA;927052;1265;Material;927052-7/2026;Gêneros Alimentícios;Catálogo do Compras.gov.br;Material;8920;PRODUTOS DE PANIFICAÇÃO E CEREAIS;10004;MUCILAGEM;448196;APLICAÇÃO: ALIMENTAÇÃO HUMANA, BASE: FARINHA DE TRIGO, AVEIA E CEVADA, CARACTERÍSTICAS ADICIONAIS: ENRIQUECIDO COM VITAMINAS E MINERAIS COM GLÚTEN;LT;1236,0000;15,8800;19627,6800;0,0000;30/10/2026
ERN-HOSPITAL REG.TARCÍSIO DE VASCONCELOS MAIA;927052;1266;Material;927052-7/2026;Gêneros Alimentícios;Catálogo do Compras.gov.br;Material;8920;PRODUTOS DE PANIFICAÇÃO E CEREAIS;10004;MUCILAGEM;448196;APLICAÇÃO: ALIMENTAÇÃO HUMANA, BASE: FARINHA DE TRIGO, AVEIA E CEVADA, CARACTERÍSTICAS ADICIONAIS: ENRIQUECIDO COM VITAMINAS E MINERAIS COM GLÚTEN;LT;2460,0000;18,5600;45657,6000;0,0000;30/10/2026
ERN-HOSPITAL REG.TARCÍSIO DE VASCONCELOS MAIA;927052;1267;Material;927052-7/2026;Gêneros Alimentícios;Catálogo do Compras.gov.br;Material;8915;FRUTAS, VERDURAS E LEGUMES;19790;POLPA DE FRUTA;464514;APRESENTAÇÃO: CONGELADA, TIPO: GOIABA VERMELHA;KG;4800,0000;5,9300;28464,0000;0,0000;30/10/2026
ERN-HOSPITAL REG.TARCÍSIO DE VASCONCELOS MAIA;927052;1268;Material;927052-7/2026;Gêneros Alimentícios;Catálogo do Compras.gov.br;Material;8950;CONDIMENTOS E PRODUTOS CORRELATOS;852;SAL;448219;ADITIVOS: IODATO DE POTÁSSIO, APLICAÇÃO: ALIMENTÍCIA, CARACTERÍSTICAS ADICIONAIS: 50% CLORETO DE POTÁSSIO, 50% CLORETO DE SÓDIO, TIPO: REFINADO;KG;1260,0000;2,3400;2948,4000;0,0000;30/10/2026
ERN-HOSPITAL REG.TARCÍSIO DE VASCONCELOS MAIA;927052;1269;Material;927052-7/2026;Gêneros Alimentícios;Catálogo do Compras.gov.br;Material;8915;FRUTAS, VERDURAS E LEGUMES;19789;FRUTA;464455;APRESENTAÇÃO: NATURAL, TIPO: UVA VERDE;KG;360,0000;9,7000;3492,0000;0,0000;30/10/2026
ERN-HOSPITAL REG.TARCÍSIO DE VASCONCELOS MAIA;927052;1270;Material;927052-7/2026;Gêneros Alimentícios;Catálogo do Compras.gov.br;Material;8925;AÇÚCAR, CONFEITOS, CASTANHAS, NOZES E SIMILARES;9791;MISTURA ALIMENTÍCIA;417951;APLICAÇÃO: PANIFICAÇÃO E CONFEITOS, INGREDIENTES: AMIDO DE MILHO, AÇÚCAR E AROMATIZANTE, SABOR: NATURAL;EMB;618,0000;3,3000;2039,4000;0,0000;30/10/2026
ERN-HOSPITAL REG.TARCÍSIO DE VASCONCELOS MAIA;927052;1271;Material;927052-7/2026;Gêneros Alimentícios;Catálogo do Compras.gov.br;Material;8915;FRUTAS, VERDURAS E LEGUMES;19789;FRUTA;625864;ADICIONAL: COM SEMENTE, APRESENTAÇÃO: NATURAL, TIPO 1: UVA SANTA ISABEL. (PRETA);KG;360,0000;11,9000;4284,0000;0,0000;30/10/2026
ERN-HOSPITAL REG.TARCÍSIO DE VASCONCELOS MAIA;927052;1272;Material;927052-7/2026;Gêneros Alimentícios;Catálogo do Compras.gov.br;Material;8915;FRUTAS, VERDURAS E LEGUMES;19789;FRUTA;464401;APRESENTAÇÃO: NATURAL, TIPO: MAÇÃ FUJI;KG;840,0000;10,2100;8576,4000;0,0000;30/10/2026
ERN-HOSPITAL REG.TARCÍSIO DE VASCONCELOS MAIA;927052;1273;Material;927052-7/2026;Gêneros Alimentícios;Catálogo do Compras.gov.br;Material;8920;PRODUTOS DE PANIFICAÇÃO E CEREAIS;19694;FARINHA DE MILHO;479080;APRESENTAÇÃO: PRÉ-COZIDA, CARACTERÍSTICA ADICIONAL: NÃO TRANSGÊNICO, GRÃO: AMARELO, TIPO: FLOCADA;EMB;14520,0000;3,2800;47625,6000;0,0000;30/10/2026
ERN-HOSPITAL REG.TARCÍSIO DE VASCONCELOS MAIA;927052;1274;Material;927052-7/2026;Gêneros Alimentícios;Catálogo do Compras.gov.br;Material;8940;ALIMENTOS ESPECIAIS DIETÉTICOS E PREPARADOS ALIMENTÍCIOS;10213;ÓLEO VEGETAL;416665;MATÉRIA PRIMA: SOJA, TIPO: DEGOMADO;EMB;6144,0000;9,4200;57876,4800;0,0000;30/10/2026
ERN-HOSPITAL REG.TARCÍSIO DE VASCONCELOS MAIA;927052;1275;Material;927052-7/2026;Gêneros Alimentícios;Catálogo do Compras.gov.br;Material;8920;PRODUTOS DE PANIFICAÇÃO E CEREAIS;19690;ARROZ BENEFICIADO;472895;CARACTERÍSTICA ADICIONAL: ORGÂNICO, CLASSE: LONGO FINO, QUALIDADE: TIPO 1, SUBGRUPO: POLIDO, TIPO: AGULHINHA/BRANCO;EMB;5340,0000;6,6000;35244,0000;0,0000;30/10/2026
ERN-HOSPITAL REG.TARCÍSIO DE VASCONCELOS MAIA;927052;1276;Material;927052-7/2026;Gêneros Alimentícios;Catálogo do Compras.gov.br;Material;8920;PRODUTOS DE PANIFICAÇÃO E CEREAIS;19691;MACARRÃO;458953;APRESENTAÇÃO: ESPAGUETE, BASE DA MASSA: DE FARINHA DE TRIGO, INGREDIENTES ADICIONAIS: COM OVOS, TEOR DE UMIDADE: MASSA SECA;EMB;12276,0000;5,0700;62239,3200;0,0000;30/10/2026
ERN-HOSPITAL REG.TARCÍSIO DE VASCONCELOS MAIA;927052;1277;Material;927052-7/2026;Gêneros Alimentícios;Catálogo do Compras.gov.br;Material;8920;PRODUTOS DE PANIFICAÇÃO E CEREAIS;883;BISCOITO;460235;CARACTERÍSTICAS ADICIONAIS: INTEGRAL E SEM RECHEIO, SABOR: SALGADO, TIPO: CREAM CRACKER;PCT;4092,0000;7,1200;29135,0400;0,0000;30/10/2026
ERN-HOSPITAL REG.TARCÍSIO DE VASCONCELOS MAIA;927052;1278;Material;927052-7/2026;Gêneros Alimentícios;Catálogo do Compras.gov.br;Material;8920;PRODUTOS DE PANIFICAÇÃO E CEREAIS;19691;MACARRÃO;458998;APRESENTAÇÃO: LASANHA, BASE DA MASSA: DE FARINHA DE TRIGO, INGREDIENTES ADICIONAIS: COM OVOS, TEOR DE UMIDADE: MASSA SECA;EMB;4500,0000;9,5500;42975,0000;0,0000;30/10/2026
ERN-HOSPITAL REG.TARCÍSIO DE VASCONCELOS MAIA;927052;1279;Material;927052-7/2026;Gêneros Alimentícios;Catálogo do Compras.gov.br;Material;8945;ÓLEOS E GORDURAS COMESTÍVEIS;19768;AZEITE;463696;ESPÉCIE VEGETAL: DE OLIVA, TEOR DA ACIDEZ: EXTRAVIRGEM - MENOR QUE 0,8%, TIPO: PURO;EMB;828,0000;48,5500;40199,4000;0,0000;30/10/2026
ERN-HOSPITAL REG.TARCÍSIO DE VASCONCELOS MAIA;927052;1280;Material;927052-7/2026;Gêneros Alimentícios;Catálogo do Compras.gov.br;Material;8950;CONDIMENTOS E PRODUTOS CORRELATOS;19716;MASSA DE TOMATE;459670;APRESENTAÇÃO: CREME, COMPOSIÇÃO: TRADICIONAL, TIPO: EXTRATO CONCENTRADO;EMB;4092,0000;6,9000;28234,8000;0,0000;30/10/2026
ERN-HOSPITAL REG.TARCÍSIO DE VASCONCELOS MAIA;927052;1281;Material;927052-7/2026;Gêneros Alimentícios;Catálogo do Compras.gov.br;Material;8915;FRUTAS, VERDURAS E LEGUMES;19794;LEGUME PROCESSADO;611978;APRESENTAÇÃO: CONGELADO, FORMATO: PICADO, PREPARO: IN NATURA, TIPO: MANDIOCA;KG;5280,0000;3,0000;15840,0000;0,0000;30/10/2026
ERN-HOSPITAL REG.TARCÍSIO DE VASCONCELOS MAIA;927052;1282;Material;927052-7/2026;Gêneros Alimentícios;Catálogo do Compras.gov.br;Material;8915;FRUTAS, VERDURAS E LEGUMES;19773;VERDURA IN NATURA;463818;TIPO: ACELGA;KG;1200,0000;7,0800;8496,0000;0,0000;30/10/2026
ERN-HOSPITAL REG.TARCÍSIO DE VASCONCELOS MAIA;927052;1283;Material;927052-7/2026;Gêneros Alimentícios;Catálogo do Compras.gov.br;Material;8915;FRUTAS, VERDURAS E LEGUMES;19789;FRUTA;615264;ADICIONAL: DESCASCADA, APRESENTAÇÃO: NATURAL, TIPO: LARANJA PERA;KG;480,0000;3,4000;1632,0000;0,0000;30/10/2026
ERN-HOSPITAL REG.TARCÍSIO DE VASCONCELOS MAIA;927052;1284;Material;927052-7/2026;Gêneros Alimentícios;Catálogo do Compras.gov.br;Material;8920;PRODUTOS DE PANIFICAÇÃO E CEREAIS;19691;MACARRÃO;458952;APRESENTAÇÃO: ESPAGUETE, BASE DA MASSA: DE FARINHA DE TRIGO, TEOR DE UMIDADE: MASSA SECA, TIPO: INTEGRAL;EMB;6960,0000;9,5100;66189,6000;0,0000;30/10/2026
ERN-HOSPITAL REG.TARCÍSIO DE VASCONCELOS MAIA;927052;1285;Material;927052-7/2026;Gêneros Alimentícios;Catálogo do Compras.gov.br;Material;8915;FRUTAS, VERDURAS E LEGUMES;19772;LEGUME IN NATURA;463797;TIPO: MILHO VERDE;UN;1200,0000;0,8000;960,0000;0,0000;30/10/2026
ERN-HOSPITAL REG.TARCÍSIO DE VASCONCELOS MAIA;927052;1286;Material;927052-7/2026;Gêneros Alimentícios;Catálogo do Compras.gov.br;Material;8915;FRUTAS, VERDURAS E LEGUMES;19772;LEGUME IN NATURA;624501;APRESENTAÇÃO: NATURAL, TIPO 1: VAGEM FRANCESA;KG;600,0000;9,9900;5994,0000;0,0000;30/10/2026
ERN-HOSPITAL REG.TARCÍSIO DE VASCONCELOS MAIA;927052;1287;Material;927052-7/2026;Gêneros Alimentícios;Catálogo do Compras.gov.br;Material;8955;CAFÉ, CHÁ E CHOCOLATE;4805;CHÁ ALIMENTAÇÃO;242772;TIPO: ERVA CIDREIRA, USO: ALIMENTÍCIO;CX;816,0000;4,9600;4047,3600;0,0000;30/10/2026
ERN-HOSPITAL REG.TARCÍSIO DE VASCONCELOS MAIA;927052;1288;Material;927052-7/2026;Gêneros Alimentícios;Catálogo do Compras.gov.br;Material;8915;FRUTAS, VERDURAS E LEGUMES;19789;FRUTA;464457;ADICIONAL: DESCASCADA, APRESENTAÇÃO: NATURAL, TIPO: COCO VERDE;UN;1200,0000;2,5000;3000,0000;0,0000;30/10/2026
ERN-HOSPITAL REG.TARCÍSIO DE VASCONCELOS MAIA;927052;1289;Material;927052-7/2026;Gêneros Alimentícios;Catálogo do Compras.gov.br;Material;8910;OVOS E LATICÍNIOS;8753;LEITE FLUIDO;446005;ORIGEM: DE VACA, PROCESSAMENTO: PASTEURIZADO, TEOR GORDURA: INTEGRAL, TIPO: C;SC;24000,0000;4,4500;106800,0000;0,0000;30/10/2026
ERN-HOSPITAL REG.TARCÍSIO DE VASCONCELOS MAIA;927052;1290;Material;927052-7/2026;Gêneros Alimentícios;Catálogo do Compras.gov.br;Material;8920;PRODUTOS DE PANIFICAÇÃO E CEREAIS;4560;PROTEÍNA TEXTURIZADA SOJA;624010;APRESENTAÇÃO: FLOCOS, COMPOSIÇÃO BÁSICA: PROTEÍNA DE SOJA 50% E CARBOIDRATO 30%, SABOR: CARNE BOVINA;KG;420,0000;6,5000;2730,0000;0,0000;30/10/2026
ERN-HOSPITAL REG.TARCÍSIO DE VASCONCELOS MAIA;927052;1291;Material;927052-7/2026;Gêneros Alimentícios;Catálogo do Compras.gov.br;Material;8915;FRUTAS, VERDURAS E LEGUMES;13388;VERDURA IN NATURA*;481121;APLICAÇÃO: CULINÁRIA EM GERAL, CARACTERÍSTICAS ADICIONAIS: 1ª QUALIDADE/FOLHA VERDE VIVO/SEM FUNGOS., ESPÉCIE: COMUM, TIPO: REPOLHO VERDE;KG;1200,0000;3,7000;4440,0000;0,0000;30/10/2026
ERN-HOSPITAL REG.TARCÍSIO DE VASCONCELOS MAIA;927052;1292;Material;927052-7/2026;Gêneros Alimentícios;Catálogo do Compras.gov.br;Material;8925;AÇÚCAR, CONFEITOS, CASTANHAS, NOZES E SIMILARES;19777;AÇÚCAR;463996;COLORAÇÃO: BRANCA, TIPO: REFINADO;EMB;10200,0000;6,0600;61812,0000;0,0000;30/10/2026
ERN-HOSPITAL REG.TARCÍSIO DE VASCONCELOS MAIA;927052;1293;Material;927052-7/2026;Gêneros Alimentícios;Catálogo do Compras.gov.br;Material;8915;FRUTAS, VERDURAS E LEGUMES;19772;LEGUME IN NATURA;463754;TIPO: BATATA INGLESA;KG;9600,0000;3,9300;37728,0000;0,0000;30/10/2026
ERN-HOSPITAL REG.TARCÍSIO DE VASCONCELOS MAIA;927052;1294;Material;927052-7/2026;Gêneros Alimentícios;Catálogo do Compras.gov.br;Material;8915;FRUTAS, VERDURAS E LEGUMES;19714;LEGUME EM CONSERVA;462824;TIPO: MILHO VERDE;EMB;6180,0000;4,7300;29231,4000;0,0000;30/10/2026
ERN-HOSPITAL REG.TARCÍSIO DE VASCONCELOS MAIA;927052;1295;Material;927052-7/2026;Gêneros Alimentícios;Catálogo do Compras.gov.br;Material;8915;FRUTAS, VERDURAS E LEGUMES;19772;LEGUME IN NATURA;463746;TIPO: ABÓBORA MORANGA;KG;1200,0000;2,4000;2880,0000;0,0000;30/10/2026
ERN-HOSPITAL REG.TARCÍSIO DE VASCONCELOS MAIA;927052;1296;Material;927052-7/2026;Gêneros Alimentícios;Catálogo do Compras.gov.br;Material;8915;FRUTAS, VERDURAS E LEGUMES;19772;LEGUME IN NATURA;463770;TIPO: CENOURA;KG;9600,0000;3,8900;37344,0000;0,0000;30/10/2026
ERN-HOSPITAL REG.TARCÍSIO DE VASCONCELOS MAIA;927052;1297;Material;927052-7/2026;Gêneros Alimentícios;Catálogo do Compras.gov.br;Material;8910;OVOS E LATICÍNIOS;19586;OVO;446618;CLASSE: A, GRUPO: BRANCO, ORIGEM: GALINHA, TIPO: GRANDE;UN;72000,0000;0,5700;41040,0000;0,0000;30/10/2026
ERN-HOSPITAL REG.TARCÍSIO DE VASCONCELOS MAIA;927052;1298;Material;927052-7/2026;Gêneros Alimentícios;Catálogo do Compras.gov.br;Material;8920;PRODUTOS DE PANIFICAÇÃO E CEREAIS;883;BISCOITO;456469;CARACTERÍSTICAS ADICIONAIS: SEM LACTOSE, INGREDIENTES: SEM GORDURA TRANS, SABOR: MAIZENA, TIPO: BOLACHA;PCT;2000,0000;8,6600;17320,0000;0,0000;30/10/2026
ERN-HOSPITAL REG.TARCÍSIO DE VASCONCELOS MAIA;927052;1299;Material;927052-7/2026;Gêneros Alimentícios;Catálogo do Compras.gov.br;Material;8915;FRUTAS, VERDURAS E LEGUMES;19789;FRUTA;464392;APRESENTAÇÃO: NATURAL, TIPO: GOIABA VERMELHA;KG;120,0000;4,3000;516,0000;0,0000;30/10/2026
ERN-HOSPITAL REG.TARCÍSIO DE VASCONCELOS MAIA;927052;1300;Material;927052-7/2026;Gêneros Alimentícios;Catálogo do Compras.gov.br;Material;8920;PRODUTOS DE PANIFICAÇÃO E CEREAIS;19793;LEGUMINOSA PROCESSADA;464585;ADICIONAL: COM TEMPERO, APRESENTAÇÃO: À VÁCUO, PREPARO: COZIDA, TIPO: FEIJÃO CARIOCA;KG;5400,0000;8,9400;48276,0000;0,0000;30/10/2026
ERN-HOSPITAL REG.TARCÍSIO DE VASCONCELOS MAIA;927052;1301;Material;927052-7/2026;Gêneros Alimentícios;Catálogo do Compras.gov.br;Material;8920;PRODUTOS DE PANIFICAÇÃO E CEREAIS;19720;FARINHA DE TRIGO;465332;GRUPO: INDUSTRIAL, INGREDIENTE ADICIONAL: SEM FERMENTO, TIPO: TIPO 1, ESPECIAL;EMB;5700,0000;6,3700;36309,0000;0,0000;30/10/2026
ERN-HOSPITAL REG.TARCÍSIO DE VASCONCELOS MAIA;927052;1302;Material;927052-7/2026;Gêneros Alimentícios;Catálogo do Compras.gov.br;Material;8920;PRODUTOS DE PANIFICAÇÃO E CEREAIS;19690;ARROZ BENEFICIADO;458910;CLASSE: LONGO FINO, QUALIDADE: TIPO 1, SUBGRUPO: INTEGRAL, TIPO: PARBOILIZADO;EMB;420,0000;12,4500;5229,0000;0,0000;30/10/2026
ERN-HOSPITAL REG.TARCÍSIO DE VASCONCELOS MAIA;927052;1303;Material;927052-7/2026;Gêneros Alimentícios;Catálogo do Compras.gov.br;Material;8920;PRODUTOS DE PANIFICAÇÃO E CEREAIS;10004;MUCILAGEM;465684;APLICAÇÃO: ALIMENTAÇÃO HUMANA, BASE: MUCILAGEM DE ARROZ PRÉ-COZIDO, CARACTERÍSTICAS ADICIONAIS: ENRIQUECIDO COM VITAMINAS E MINERAIS COM GLÚTEN, S;LT;1236,0000;14,9600;18490,5600;0,0000;30/10/2026
ERN-HOSPITAL REG.TARCÍSIO DE VASCONCELOS MAIA;927052;1304;Material;927052-7/2026;Gêneros Alimentícios;Catálogo do Compras.gov.br;Material;8920;PRODUTOS DE PANIFICAÇÃO E CEREAIS;19720;FARINHA DE TRIGO;460265;GRUPO: DOMÉSTICO, INGREDIENTE ADICIONAL: COM FERMENTO, FORTIFICADA COM FERRO E ÁCIDO FÓLICO, TIPO: TIPO 1, ESPECIAL;EMB;5700,0000;7,2600;41382,0000;0,0000;30/10/2026
ERN-HOSPITAL REG.TARCÍSIO DE VASCONCELOS MAIA;927052;1305;Material;927052-7/2026;Gêneros Alimentícios;Catálogo do Compras.gov.br;Material;8915;FRUTAS, VERDURAS E LEGUMES;19772;LEGUME IN NATURA;463778;TIPO: CHUCHU VERDE;KG;1080,0000;3,4000;3672,0000;0,0000;30/10/2026
ERN-HOSPITAL REG.TARCÍSIO DE VASCONCELOS MAIA;927052;1306;Material;927052-7/2026;Gêneros Alimentícios;Catálogo do Compras.gov.br;Material;8915;FRUTAS, VERDURAS E LEGUMES;19696;AMIDO;465693;BASE: DE MANDIOCA, CARACTERÍSTICAS ADICIONAIS: MASSA HIDRATADA PARA TAPIOCA, SEM SABOR, GRUPO: TAPIOCA, SUBGRUPO: GOMA;KG;1080,0000;5,1000;5508,0000;0,0000;30/10/2026
ERN-HOSPITAL REG.TARCÍSIO DE VASCONCELOS MAIA;927052;1307;Material;927052-7/2026;Gêneros Alimentícios;Catálogo do Compras.gov.br;Material;8915;FRUTAS, VERDURAS E LEGUMES;19772;LEGUME IN NATURA;617162;APRESENTAÇÃO: NATURAL, TIPO 1: BATATA DOCE CASCA ROSADA;KG;5280,0000;2,2000;11616,0000;0,0000;30/10/2026
ERN-HOSPITAL REG.TARCÍSIO DE VASCONCELOS MAIA;927052;1308;Material;927052-7/2026;Gêneros Alimentícios;Catálogo do Compras.gov.br;Material;8915;FRUTAS, VERDURAS E LEGUMES;5293;CÔCO RALADO;421669;APRESENTAÇÃO: TRITURADO, CARACTERÍSTICAS ADICIONAIS: SEM AÇUCAR, INGREDIENTES: AMÊNDOA DE CÔCO;PCT;360,0000;2,1700;781,2000;0,0000;30/10/2026
ERN-HOSPITAL REG.TARCÍSIO DE VASCONCELOS MAIA;927052;1309;Material;927052-7/2026;Gêneros Alimentícios;Catálogo do Compras.gov.br;Material;8915;FRUTAS, VERDURAS E LEGUMES;19789;FRUTA;467419;ADICIONAL: ORGÂNICA, APRESENTAÇÃO: NATURAL, TIPO: MELANCIA VERMELHA;KG;3600,0000;2,2000;7920,0000;0,0000;30/10/2026
ERN-HOSPITAL REG.TARCÍSIO DE VASCONCELOS MAIA;927052;1310;Material;927052-7/2026;Gêneros Alimentícios;Catálogo do Compras.gov.br;Material;8915;FRUTAS, VERDURAS E LEGUMES;19789;FRUTA;481037;ADICIONAL: ORGÂNICA, APRESENTAÇÃO: NATURAL, TIPO: TANGERINA PONCAN;KG;480,0000;6,8000;3264,0000;0,0000;30/10/2026
ERN-HOSPITAL REG.TARCÍSIO DE VASCONCELOS MAIA;927052;1311;Material;927052-7/2026;Gêneros Alimentícios;Catálogo do Compras.gov.br;Material;8920;PRODUTOS DE PANIFICAÇÃO E CEREAIS;3679;BOLO ALIMENTÍCIO;452507;PESO: 400, SABOR: GOTAS DE CHOCOLATE, TIPO: PANETONE;PCT;700,0000;1,9900;1393,0000;0,0000;30/10/2026
ERN-HOSPITAL REG.TARCÍSIO DE VASCONCELOS MAIA;927052;1312;Material;927052-7/2026;Gêneros Alimentícios;Catálogo do Compras.gov.br;Material;8920;PRODUTOS DE PANIFICAÇÃO E CEREAIS;10004;MUCILAGEM;256588;APLICAÇÃO: ALIMENTAÇÃO HUMANA, BASE: MUCILAGEM DE MILHO PRÉ-COZIDO, CARACTERÍSTICAS ADICIONAIS: ENRIQUECIDO COM VITAMINAS E MINERAIS COM GLÚTEN;PCT;2460,0000;8,1400;20024,4000;0,0000;30/10/2026
ERN-HOSPITAL REG.TARCÍSIO DE VASCONCELOS MAIA;927052;1313;Material;927052-7/2026;Gêneros Alimentícios;Catálogo do Compras.gov.br;Material;8920;PRODUTOS DE PANIFICAÇÃO E CEREAIS;19721;PÃO;460394;BASE: DE FARINHA DE TRIGO REFINADA, INGREDIENTES ADICIONAIS: DE COCO, TIPO: DOCE, TIPO ADICIONAL: BISNAGA;KG;120,0000;14,9900;1798,8000;0,0000;30/10/2026
ERN-HOSPITAL REG.TARCÍSIO DE VASCONCELOS MAIA;927052;1314;Material;927052-7/2026;Gêneros Alimentícios;Catálogo do Compras.gov.br;Material;8910;OVOS E LATICÍNIOS;11534;QUEIJO;447072;APRESENTAÇÃO: PEÇA, ORIGEM: DE VACA, TIPO: FRESCO, VARIEDADE: COALHO;KG;1200,0000;40,0000;48000,0000;0,0000;30/10/2026
ERN-HOSPITAL REG.TARCÍSIO DE VASCONCELOS MAIA;927052;1315;Material;927052-7/2026;Gêneros Alimentícios;Catálogo do Compras.gov.br;Material;8920;PRODUTOS DE PANIFICAÇÃO E CEREAIS;883;BISCOITO;622355;INGREDIENTES: FARINHA DE TRIGO ENRIQUECIDA COM FERRO E ACIDO, SABOR: SALGADO, TIPO: CREAM CRACKER;PCT;4092,0000;5,4400;22260,4800;0,0000;30/10/2026
ERN-HOSPITAL REG.TARCÍSIO DE VASCONCELOS MAIA;927052;1316;Material;927052-7/2026;Gêneros Alimentícios;Catálogo do Compras.gov.br;Material;8940;ALIMENTOS ESPECIAIS DIETÉTICOS E PREPARADOS ALIMENTÍCIOS;926;ADOÇANTE;625668;ASPECTO FÍSICO: LÍQUIDO TRANSPARENTE, CARACTERÍSTICAS ADICIONAIS: BICO DOSADOR, INGREDIENTES: SUCRALOSE, PRAZO VALIDADE: 2, TIPO: DIETÉTICO;FR;1236,0000;5,9300;7329,4800;0,0000;30/10/2026
ERN-HOSPITAL REG.TARCÍSIO DE VASCONCELOS MAIA;927052;1317;Material;927052-7/2026;Gêneros Alimentícios;Catálogo do Compras.gov.br;Material;8910;OVOS E LATICÍNIOS;8753;LEITE FLUIDO;445997;ORIGEM: DE VACA, PROCESSAMENTO: UHT, TEOR GORDURA: DESNATADO, TIPO: A;SC;8400,0000;4,4000;36960,0000;0,0000;30/10/2026
ERN-HOSPITAL REG.TARCÍSIO DE VASCONCELOS MAIA;927052;1318;Material;927052-7/2026;Gêneros Alimentícios;Catálogo do Compras.gov.br;Material;8915;FRUTAS, VERDURAS E LEGUMES;13388;VERDURA IN NATURA*;481117;APLICAÇÃO: CULINÁRIA EM GERAL, CARACTERÍSTICAS ADICIONAIS: CLASSIFICAÇÃO: A, ESPÉCIE: COMUM, TIPO: REPOLHO ROXO;KG;1200,0000;3,7000;4440,0000;0,0000;30/10/2026
ERN-HOSPITAL REG.TARCÍSIO DE VASCONCELOS MAIA;927052;1319;Material;927052-7/2026;Gêneros Alimentícios;Catálogo do Compras.gov.br;Material;8915;FRUTAS, VERDURAS E LEGUMES;19790;POLPA DE FRUTA;464511;APRESENTAÇÃO: CONGELADA, TIPO: CAJU;KG;4800,0000;5,6400;27072,0000;0,0000;30/10/2026
ERN-HOSPITAL REG.TARCÍSIO DE VASCONCELOS MAIA;927052;1320;Material;927052-7/2026;Gêneros Alimentícios;Catálogo do Compras.gov.br;Material;8915;FRUTAS, VERDURAS E LEGUMES;19789;FRUTA;464398;APRESENTAÇÃO: NATURAL, TIPO: LIMÃO TAITI;KG;240,0000;3,6400;873,6000;0,0000;30/10/2026
ERN-HOSPITAL REG.TARCÍSIO DE VASCONCELOS MAIA;927052;1321;Material;927052-7/2026;Gêneros Alimentícios;Catálogo do Compras.gov.br;Material;8955;CAFÉ, CHÁ E CHOCOLATE;4805;CHÁ ALIMENTAÇÃO;305800;APRESENTAÇÃO: SACHÊ, TIPO: CHÁ DE BOLDO, USO: ALIMENTÍCIO;CX;1236,0000;4,8300;5969,8800;0,0000;30/10/2026
ERN-HOSPITAL REG.TARCÍSIO DE VASCONCELOS MAIA;927052;1322;Material;927052-7/2026;Gêneros Alimentícios;Catálogo do Compras.gov.br;Material;8955;CAFÉ, CHÁ E CHOCOLATE;19765;ACHOCOLATADO;463556;APRESENTAÇÃO: PÓ, CARACTERÍSTICA ADICIONAL: ENRIQUECIDO COM VITAMINAS, SABOR: TRADICIONAL;EMB;840,0000;10,6400;8937,6000;0,0000;30/10/2026
ERN-HOSPITAL REG.TARCÍSIO DE VASCONCELOS MAIA;927052;1323;Material;927052-7/2026;Gêneros Alimentícios;Catálogo do Compras.gov.br;Material;8955;CAFÉ, CHÁ E CHOCOLATE;4805;CHÁ ALIMENTAÇÃO;242774;TIPO: CHÁ DE HORTELÃ, USO: ALIMENTÍCIO;CX;816,0000;4,5400;3704,6400;0,0000;30/10/2026
ERN-HOSPITAL REG.TARCÍSIO DE VASCONCELOS MAIA;927052;1324;Material;927052-7/2026;Gêneros Alimentícios;Catálogo do Compras.gov.br;Material;8955;CAFÉ, CHÁ E CHOCOLATE;4805;CHÁ ALIMENTAÇÃO;242775;TIPO: CHA DE CAMOMILA, USO: ALIMENTÍCIO;CX;1236,0000;4,8600;6006,9600;0,0000;30/10/2026
ERN-HOSPITAL REG.TARCÍSIO DE VASCONCELOS MAIA;927052;1325;Material;927052-7/2026;Gêneros Alimentícios;Catálogo do Compras.gov.br;Material;8915;FRUTAS, VERDURAS E LEGUMES;19790;POLPA DE FRUTA;464474;APRESENTAÇÃO: CONGELADA, TIPO: MARACUJÁ;KG;2400,0000;20,0000;48000,0000;0,0000;30/10/2026
ERN-HOSPITAL REG.TARCÍSIO DE VASCONCELOS MAIA;927052;1326;Material;927052-7/2026;Gêneros Alimentícios;Catálogo do Compras.gov.br;Material;8915;FRUTAS, VERDURAS E LEGUMES;19790;POLPA DE FRUTA;464484;APRESENTAÇÃO: CONGELADA, TIPO: ACEROLA;KG;4800,0000;6,0000;28800,0000;0,0000;30/10/2026
ERN-HOSPITAL REG.TARCÍSIO DE VASCONCELOS MAIA;927052;1327;Material;927052-7/2026;Gêneros Alimentícios;Catálogo do Compras.gov.br;Material;9160;CERAS, ÓLEOS E GORDURAS DIVERSOS;681;CERA;456534;APLICAÇÃO: TRATAMENTO DE PISOS, CARACTERÍSTICAS ADICIONAIS: AUTOBRILHO, RESISTENTE E ANTIESTÁTICO, COR: BRANCA, TIPO: LÍQUIDA;BOM;30,0000;101,7000;3051,0000;0,0000;30/10/2026
ERN-HOSPITAL REG.TARCÍSIO DE VASCONCELOS MAIA;927052;1328;Soluções de TIC;927052-6/2026;TIC;Catálogo do Compras.gov.br;Serviço;852;SERVIÇOS DE INVESTIGAÇÃO E SEGURANÇA;;;21660;MONITORAMENTO DE IMAGENS DE CAMERAS E CIRCUITO FECHADO TV;-;12,0000;10000,0000;120000,0000;0,0000;30/10/2026
ERN-HOSPITAL REG.TARCÍSIO DE VASCONCELOS MAIA;927052;1329;Soluções de TIC;927052-6/2026;TIC;Catálogo do Compras.gov.br;Serviço;731;SERVIÇOS DE LEASING OU ALUGUEL VEÍCULOS A MOTOR, FERROVIÁRIOEMBARCAÇÕES, AERONAVES, DE EQUIPAMENTO DE TRANSPORTE, S/OPER;;;22233;LOCAÇÃO DE ENERGIA ININTERRUPTA (NOBREAK);-;12,0000;4850,0000;58200,0000;0,0000;30/10/2026
ERN-HOSPITAL REG.TARCÍSIO DE VASCONCELOS MAIA;927052;1330;Soluções de TIC;927052-6/2026;TIC;Catálogo do Compras.gov.br;Material;7010;COMPUTADORES;8435;NOTEBOOK;483825;ALIMENTAÇÃO: BIVOLT AUTOMÁTICA, ARMAZENAMENTO HDD: SEM DISCO HDD, ARMAZENAMENTO SSD: SUPERIOR A 500, BATERIA: SUPERIOR A 4 CÉLULAS, GARANTIA ON SITE: 12, INTERATIVIDADE DA TELA: SEM INTERATIVIDADE, MEMÓRIA RAM: SUPERIOR A 8, NÚCLEOS POR PROCESSADOR: 4 A 8, SISTEMA OPERACIONAL: SEM SISTEMA OPERACIONAL, TELA: SUPERIOR A 14;UN;4,0000;3100,0000;12400,0000;0,0000;30/10/2026
ERN-HOSPITAL REG.TARCÍSIO DE VASCONCELOS MAIA;927052;1331;Soluções de TIC;927052-6/2026;TIC;Catálogo do Compras.gov.br;Material;7030;EQUIPAMENTOS DE ARMAZENAMENTO DE DADOS;10293;SERVIDOR;457229;ARMAZENAMENTO SAS: SEM DISCOS SAS, ARMAZENAMENTO SATA: SEM DISCOS SATA, ARMAZENAMENTO SSD: SEM DISCOS SSD, FONTE ALIMENTAÇÃO: SEM REDUNDÂNCIA, GARANTIA ON SITE: 12, INTERFACE REDE LAN: 2, INTERFACE REDE SAN: SEM SAN, MEMÓRIA RAM: 2, NÚCLEOS POR PROCESSADOR: 2, PROCESSADORES FÍSICOS: 1, SISTEMA OPERACIONAL: PROPRIETÁRIO, TIPO: NAS - NETWORK ATTACHED STORAGE;UN;1,0000;14300,0000;14300,0000;0,0000;30/10/2026
ERN-HOSPITAL REG.TARCÍSIO DE VASCONCELOS MAIA;927052;1332;Soluções de TIC;927052-6/2026;TIC;Catálogo do Compras.gov.br;Material;7090;SUPRIMENTOS DE INFORMÁTICA - TIC;240;MOUSE PAD;380700;ACABAMENTO SUPERFICIAL: TECIDO, COMPRIMENTO: 21, COR: PRETA, ESPESSURA: 5, LARGURA: 15, MATERIAL: BORRACHA ANTIDERRAPANTE;UN;300,0000;11,0000;3300,0000;0,0000;30/10/2026
ERN-HOSPITAL REG.TARCÍSIO DE VASCONCELOS MAIA;927052;1333;Soluções de TIC;927052-6/2026;TIC;Catálogo do Compras.gov.br;Material;7030;EQUIPAMENTOS DE ARMAZENAMENTO DE DADOS;244;UNIDADE DISCO;624395;APLICAÇÃO: SERVIDOR DE REDE, CAPACIDADE: 16, CARACTERÍSTICAS ADICIONAIS: SATA III, MEMÓRIA CACHE: 256, TAMANHO: 3,5, TIPO: RÍGIDO, VELOCIDADE: 7.200;UN;10,0000;2800,0000;28000,0000;0,0000;30/10/2026
ERN-HOSPITAL REG.TARCÍSIO DE VASCONCELOS MAIA;927052;1334;Soluções de TIC;927052-6/2026;TIC;Catálogo do Compras.gov.br;Material;7050;EQUIPAMENTOS DE REDE DE TIC - LOCAL E REMOTA;16158;PATCH PANEL;471408;APLICAÇÃO: REDE DE INFORMÁTICA, CATEGORIA: 6, PADRÃO: 19, PORTAS: 24, TIPO IDC: ESPECIFICO P/ CONDUTORES 22 A 24 AWG, TIPO PORTAS: RJ-45 FÊMEA NA PARTE FRONTAL E IDC NA PARTE TRASEI;UN;40,0000;99,0000;3960,0000;0,0000;30/10/2026
ERN-HOSPITAL REG.TARCÍSIO DE VASCONCELOS MAIA;927052;1335;Soluções de TIC;927052-6/2026;TIC;Catálogo do Compras.gov.br;Material;7010;COMPUTADORES;8435;NOTEBOOK;472321;ALIMENTAÇÃO: BIVOLT AUTOMÁTICA, ARMAZENAMENTO HDD: SEM DISCO HDD, ARMAZENAMENTO SSD: SUPERIOR A 500, BATERIA: ATÉ 4 CÉLULAS, GARANTIA ON SITE: 12, INTERATIVIDADE DA TELA: SEM INTERATIVIDADE, MEMÓRIA RAM: 4 A 8, NÚCLEOS POR PROCESSADOR: 4 A 8, SISTEMA OPERACIONAL: PROPRIETÁRIO, TELA: SUPERIOR A 14;UN;35,0000;2300,0000;80500,0000;0,0000;30/10/2026
ERN-HOSPITAL REG.TARCÍSIO DE VASCONCELOS MAIA;927052;1336;Soluções de TIC;927052-6/2026;TIC;Catálogo do Compras.gov.br;Material;7080;PEÇAS, ACESSÓRIOS E FERRAMENTAS PARA REDES DE TIC;208;CABO REDE COMPUTADOR;624438;APLICAÇÃO: REDE DE INFORMÁTICA, CARACTERÍSTICAS ADICIONAIS: DUPLEX OM4 LC-UPC/LC-UPC, COMPRIMENTO: 20, PADRÃO CABEAMENTO: OM4, REFERÊNCIA FABRICANTE: FURUKAWA - 35201020, TIPO CABO: PATCH CORD;UN;100,0000;167,0000;16700,0000;0,0000;30/10/2026
ERN-HOSPITAL REG.TARCÍSIO DE VASCONCELOS MAIA;927052;1337;Soluções de TIC;927052-6/2026;TIC;Catálogo do Compras.gov.br;Material;7060;PEÇAS E ACESSÓRIOS PARA COMPUTADORES;17762;CONJUNTO ATUALIZAÇÃO MICROCOMPUTADOR;329340;APLICAÇÃO: MICROCOMPUTADOR, CARACTERÍSTICAS ADICIONAIS: NA COR PRETA,, COMPONENTES: TECLADO E MOUSE MULTIMÍDIA SEM FIO ABNT2(PORTUGUÊS;UN;100,0000;145,0000;14500,0000;0,0000;30/10/2026
ERN-HOSPITAL REG.TARCÍSIO DE VASCONCELOS MAIA;927052;1338;Soluções de TIC;927052-6/2026;TIC;Catálogo do Compras.gov.br;Material;7050;EQUIPAMENTOS DE REDE DE TIC - LOCAL E REMOTA;18514;TRANSCEIVER;618352;APLICAÇÃO: REDES DE DADOS, CARACTERÍSTICAS ADICIONAIS: TRANSCEIVER SFP, CONEXAO 10 GBA, DISTÂNCIA: ATÉ 10, TIPO: CONVERSOR DE MÍDIA;UN;30,0000;220,0000;6600,0000;0,0000;30/10/2026
ERN-HOSPITAL REG.TARCÍSIO DE VASCONCELOS MAIA;927052;1339;Soluções de TIC;927052-6/2026;TIC;Catálogo do Compras.gov.br;Material;7050;EQUIPAMENTOS DE REDE DE TIC - LOCAL E REMOTA;18514;TRANSCEIVER;486318;APLICAÇÃO: REDES DE DADOS, CARACTERÍSTICAS ADICIONAIS: PADRAO IEEE, CONECTORES SC/UPC, FIBRA OPTICA MULTI, TIPO: CONVERSOR DE MÍDIA;UN;40,0000;130,0000;5200,0000;0,0000;30/10/2026
ERN-HOSPITAL REG.TARCÍSIO DE VASCONCELOS MAIA;927052;1340;Soluções de TIC;927052-6/2026;TIC;Catálogo do Compras.gov.br;Material;7050;EQUIPAMENTOS DE REDE DE TIC - LOCAL E REMOTA;208;CABO REDE COMPUTADOR;465402;APLICAÇÃO: REDE ESTRUTURADA, CATEGORIA: 6, COMPRIMENTO: 305, COR: VERMELHA, MATERIAL CONDUTOR: COBRE NÚ, MATERIAL ISOLAMENTO CONDUTOR: POLIETILENO DE ALTA DENSIDADE, MATERIAL REVESTIMENTO: PVC - CLORETO DE POLIVINILA ANTI-CHAMA, NORMAS TÉCNICAS: ANSI/TIA 568 C.2 - ISO/IEC -11801, PADRÃO CABEAMENTO: GIGALAN, TIPO CABO: UTP, TIPO CONDUTOR: PAR TRANÇADO;CX;2,0000;880,0000;1760,0000;0,0000;30/10/2026
ERN-HOSPITAL REG.TARCÍSIO DE VASCONCELOS MAIA;927052;1341;Soluções de TIC;927052-6/2026;TIC;Catálogo do Compras.gov.br;Material;7060;PEÇAS E ACESSÓRIOS PARA COMPUTADORES;2085;ADAPTADOR;604286;APLICAÇÃO: EQUIPAMENTOS ELETRÔNICOS, CARACTERÍSTICAS ADICIONAIS: PADRÃO RJ45, COMPATIBILIDADE: FONTE DE ALIMENTAÇÃO 9V~48V, CONEXÃO: MACHO X FEMEA, MODELO: POE (POWER OVER ETHERNET), TIPO: CABO ADAPTADOR INJETOR + SEPARADOR;UN;100,0000;40,0000;4000,0000;0,0000;30/10/2026
ERN-HOSPITAL REG.TARCÍSIO DE VASCONCELOS MAIA;927052;1342;Soluções de TIC;927052-6/2026;TIC;Catálogo do Compras.gov.br;Material;7080;PEÇAS, ACESSÓRIOS E FERRAMENTAS PARA REDES DE TIC;208;CABO REDE COMPUTADOR;393611;APLICAÇÃO: CONEXÃO DE REDE, BITOLA CONDUTOR: 24, CARACTERÍSTICAS ADICIONAIS: CABO MONTADO(PATCH CORD)COM CONECTORES RJ-45 EM AM, CATEGORIA: 5E, COMPRIMENTO: 5, COR: AZUL, MATERIAL CONDUTOR: COBRE, MATERIAL REVESTIMENTO: PVC - CLORETO DE POLIVINILA ANTI-CHAMA, TIPO CABO: UTP 4 PARES PADRÃO TIA 568A;UN;100,0000;48,0000;4800,0000;0,0000;30/10/2026
ERN-HOSPITAL REG.TARCÍSIO DE VASCONCELOS MAIA;927052;1343;Soluções de TIC;927052-6/2026;TIC;Catálogo do Compras.gov.br;Material;7080;PEÇAS, ACESSÓRIOS E FERRAMENTAS PARA REDES DE TIC;15560;CONECTOR;375963;APLICAÇÃO: CABO DE REDE, CATEGORIA: 6, TIPO: MACHO, PADRÃO: RJ45;PCT;30,0000;380,0000;11400,0000;0,0000;30/10/2026
ERN-HOSPITAL REG.TARCÍSIO DE VASCONCELOS MAIA;927052;1344;Soluções de TIC;927052-6/2026;TIC;Catálogo do Compras.gov.br;Material;7080;PEÇAS, ACESSÓRIOS E FERRAMENTAS PARA REDES DE TIC;15560;CONECTOR;469535;APLICAÇÃO: CABO DE REDE, CATEGORIA: 6, TIPO: RJ 45 FÊMEA;PCT;4,0000;560,0000;2240,0000;0,0000;30/10/2026
